Combo,Mins,Avg_Poss,NetRtg,ORtg,DRtg,PF_100,PA_100,FGM_100,FGA_100,FG3M_100,FG3A_100,FTM_100,FTA_100,ORB_100,DRB_100,AST_100,STL_100,BLK_100,TOV_100,Foul_100,REB_100,Team
5241314,33.0,60.0,14.38,103.08407266582171,88.7063655030801,103.08,91.25,37.18,84.5,16.9,35.49,11.83,21.97,13.52,30.42,21.97,20.28,8.45,18.59,28.73,43.94,Abilene Christian Wildcats
5177575,27.5,50.1,7.39,103.6058913153885,96.21993127147766,103.61,99.54,38.6,83.29,14.22,34.54,12.19,22.35,14.22,26.41,22.35,22.35,8.13,20.31,32.5,40.63,Abilene Christian Wildcats
Ma'Shy Hill,271.8,467.2,1.21,96.83184402924452,95.6209012058388,96.83,97.91,36.18,77.99,8.45,25.13,16.03,24.91,12.78,30.33,9.31,17.11,6.72,22.96,30.54,43.11,Abilene Christian Wildcats
Joseph Venzant,649.4,1099.9,0.83,99.88481916609076,99.0578734858681,99.88,101.73,34.74,80.63,7.74,25.16,22.67,32.25,16.22,31.51,10.32,14.65,4.52,20.27,32.71,47.73,Abilene Christian Wildcats
Bradyn Hubbard,722.4,1254.1,0.74,101.91385663906169,101.1713735558408,101.91,99.93,34.47,80.04,7.53,24.88,25.44,35.34,16.48,30.67,10.62,13.87,3.57,19.65,31.07,47.15,Abilene Christian Wildcats
Tylan Lewis,99.1,173.6,-3.73,98.28009828009827,102.00759631036354,98.28,115.48,35.01,84.77,7.37,28.26,20.88,29.48,19.66,29.48,7.37,17.81,3.69,20.88,39.93,49.14,Abilene Christian Wildcats
Rich Smith,760.5,1308.1,-3.84,100.26375211096563,104.10009624639076,100.26,102.62,34.15,80.15,8.42,25.58,23.53,33.32,16.93,29.98,12.07,12.52,3.79,20.95,30.66,46.91,Abilene Christian Wildcats
Cade Hornecker,416.7,734.8,-4.09,100.99176332156665,105.08556278621354,100.99,102.61,34.16,77.86,8.88,26.22,23.8,31.6,15.06,30.12,14.12,10.89,4.03,22.19,28.37,45.18,Abilene Christian Wildcats
Yaniel Rivera,568.3,985.0,-6.43,100.14429283851858,106.57844509479577,100.14,106.02,34.23,78.68,8.91,26.23,22.78,32.1,14.38,31.09,11.04,13.67,3.75,20.45,30.38,45.47,Abilene Christian Wildcats
Cbo Newton,588.1,1021.1,-7.52,101.15236875800258,108.67659947414548,101.15,109.92,34.67,76.92,7.09,23.24,24.72,34.28,13.99,28.66,12.31,12.71,2.95,20.78,32.01,42.65,Abilene Christian Wildcats
Zy Wright,466.0,824.9,-7.62,99.9514209375759,107.5717699730768,99.95,107.97,34.61,77.85,8.99,27.08,21.74,32.06,15.06,30.12,11.17,12.63,3.89,21.98,30.24,45.18,Abilene Christian Wildcats
Joseph Scott,270.5,446.4,-9.12,102.80215114633455,111.91755775943264,102.8,114.35,34.87,83.1,7.47,24.91,25.59,35.1,19.7,30.12,8.15,12.91,2.94,19.93,35.1,49.82,Abilene Christian Wildcats
Isaac Dye,144.1,262.0,-9.19,99.86293322890151,109.05368940169349,99.86,114.74,36.03,84.98,10.18,31.33,17.62,25.85,19.19,28.59,6.66,14.88,7.05,21.93,28.2,47.78,Abilene Christian Wildcats
Christian Alston,280.8,485.6,-17.75,88.10932082398531,105.85972027244839,88.11,103.81,30.8,82.19,6.12,24.68,20.4,30.19,19.58,31.61,7.14,12.03,5.1,23.05,31.21,51.19,Abilene Christian Wildcats
Ethan Greenberg,807.1,1362.6,-24.4,93.42764515178308,117.82979734298192,93.43,118.77,33.75,79.21,11.27,34.7,14.66,22.99,10.9,33.6,11.94,8.84,3.39,20.78,25.2,44.5,Air Force Falcons
Caleb Walker,486.8,823.1,-25.45,95.73361082206036,121.18288969945436,95.73,123.03,32.81,70.64,8.45,24.97,21.67,35.01,10.53,32.2,7.35,8.32,3.55,23.26,26.08,42.73,Air Force Falcons
Kam Sanders,890.4,1502.5,-27.43,91.19611818272459,118.62514786491394,91.2,118.32,32.44,76.71,9.77,32.24,16.55,25.39,10.17,32.5,10.97,8.11,3.72,21.4,24.99,42.67,Air Force Falcons
Lucas Hobin,858.7,1449.2,-27.5,92.83517091210727,120.33545143014585,92.84,120.76,32.49,76.38,10.16,32.63,17.7,25.85,10.51,32.97,11.27,7.47,3.66,21.84,28.2,43.48,Air Force Falcons
Kolby Gilles,363.4,594.8,-27.79,92.29349330872174,120.07915456191319,92.29,119.65,32.89,74.67,10.91,33.56,15.61,24.0,12.08,31.72,12.25,8.05,4.2,26.01,30.21,43.8,Air Force Falcons
A.J. Patterson,383.1,640.4,-29.08,88.4159461679903,117.50038959015114,88.42,117.99,30.67,73.71,8.45,28.48,18.62,28.01,11.11,31.61,12.21,9.39,3.44,24.1,30.2,42.72,Air Force Falcons
Wesley Celichowski,622.0,1037.1,-29.29,85.37350910232266,114.6653187955809,85.37,115.02,31.0,77.94,9.66,34.67,13.71,21.44,9.85,34.28,11.49,8.6,3.38,21.73,25.4,44.13,Air Force Falcons
Eli Robinson,824.2,1387.7,-31.23,87.26487264872648,118.49768305656225,87.26,118.3,31.1,75.46,8.78,30.31,16.27,24.84,9.94,33.77,9.72,8.14,3.38,22.68,25.92,43.71,Air Force Falcons
Kyle Marshall,65.1,115.7,-31.48,79.47019867549669,110.94643235231845,79.47,115.67,30.02,77.7,7.95,26.49,11.48,26.49,20.31,37.97,0.0,10.6,5.3,30.02,39.74,58.28,Air Force Falcons
Justin Hinds,301.2,487.2,-33.89,86.0659977242164,119.95926680244399,86.07,121.86,30.21,72.83,7.45,28.34,18.21,30.21,11.17,33.1,11.38,7.45,5.17,24.0,27.72,44.27,Air Force Falcons
Riley Dering,161.8,269.2,-41.86,92.31341894658478,134.173461823573,92.31,134.75,34.62,80.77,12.28,34.99,10.79,20.1,13.77,31.64,21.22,6.33,3.35,23.45,32.38,45.41,Air Force Falcons
Josh Gatete,41.6,73.6,-43.31,84.07994486560992,127.38853503184713,84.08,130.94,30.32,67.54,9.65,31.7,13.78,24.81,15.16,28.95,5.51,4.14,9.65,35.84,30.32,44.11,Air Force Falcons
Brendan Martin,40.6,66.1,-69.07,79.40833008952902,148.47482543182653,79.41,157.26,29.58,71.62,9.34,28.03,10.9,17.13,10.9,21.8,20.24,6.23,3.11,31.14,29.58,32.7,Air Force Falcons
Eric Mahaffey,730.0,1308.8,26.93,127.47598320262314,100.54611535021787,127.48,101.32,45.94,87.82,15.34,38.66,20.25,26.77,16.57,36.97,16.18,11.51,4.3,16.03,21.94,53.54,Akron Zips
Evan Mahaffey,983.4,1746.8,22.74,124.23922050461469,101.5010107092168,124.24,101.15,46.35,90.52,15.89,40.12,15.66,20.92,14.97,36.23,16.0,11.14,4.0,14.52,21.03,51.2,Akron Zips
Chabi Barre,89.1,166.0,22.71,129.5774647887324,106.86801219689268,129.58,115.18,46.95,88.89,15.65,38.18,20.03,31.3,19.41,41.94,9.39,7.51,6.89,15.65,26.29,61.35,Akron Zips
Sharron Young,616.6,1107.8,20.87,121.75237412650061,100.88008550701566,121.75,99.35,44.79,90.49,14.24,41.21,17.92,24.37,16.22,37.0,16.39,9.94,4.93,14.16,25.0,53.22,Akron Zips
Tavari Johnson,1098.1,1950.9,19.99,123.98557833182578,103.99721574137331,123.99,102.79,45.91,89.64,14.98,38.68,17.17,22.78,15.59,35.67,16.87,10.55,3.57,15.14,21.3,51.26,Akron Zips
Amani Lyles,911.8,1621.4,19.75,123.58933691209664,103.83697906110167,123.59,101.57,45.26,89.31,15.01,39.9,18.06,23.67,15.25,35.62,18.0,10.25,3.97,14.7,20.44,50.87,Akron Zips
Marvin Musiime-Kamali,279.7,478.2,19.47,121.25724618411955,101.78901912399753,121.26,105.3,43.82,93.39,18.29,47.01,15.32,20.64,18.51,37.65,13.83,11.49,4.68,15.32,28.08,56.16,Akron Zips
Shammah Scott,914.2,1610.7,18.13,123.57399654490841,105.44891640866874,123.57,106.02,44.39,88.28,15.94,40.09,18.86,25.34,15.31,36.36,16.12,10.27,4.67,15.0,22.41,51.67,Akron Zips
Zach Halligan,349.1,629.9,17.32,117.60808348517475,100.28576871785103,117.61,108.99,43.07,89.78,13.91,40.91,17.56,21.87,15.57,39.92,22.69,10.93,3.48,15.41,22.69,55.49,Akron Zips
Bowen Hardman,631.6,1109.6,10.93,116.05449975748489,105.12737826507579,116.05,100.62,42.15,92.16,15.79,45.06,15.96,21.34,16.31,36.95,16.05,7.85,5.03,14.02,19.75,53.26,Akron Zips
Ognjen Stankovic,77.7,137.6,10.84,126.61547106199664,115.77832686198374,126.62,122.87,44.95,88.41,13.49,37.46,23.23,30.72,18.73,36.71,8.99,8.24,5.24,15.73,16.48,55.44,Akron Zips
Tajden Davis,87.1,135.5,11.14,106.21387283236994,95.07640067911714,106.21,91.04,32.51,70.09,6.5,24.57,34.68,46.24,15.9,41.91,11.56,5.78,4.34,23.84,23.12,57.81,Alabama A&M Bulldogs
Samuel Onu,105.5,172.2,9.07,107.93371462091217,98.8647794223308,107.93,100.89,34.02,71.56,8.21,20.53,31.68,47.51,7.04,36.37,14.08,10.56,4.69,12.91,31.68,43.41,Alabama A&M Bulldogs
Bilal Abdur-Rahman,359.8,618.6,8.58,111.17776444711058,102.59342454564018,111.18,100.46,36.15,78.7,10.56,27.67,28.31,40.79,13.12,36.15,16.64,9.92,4.16,15.04,28.95,49.27,Alabama A&M Bulldogs
Peyton Daniels Sr.,89.5,154.1,8.15,103.65362948656045,95.5028618152085,103.65,94.0,34.12,76.61,12.23,36.7,23.18,30.26,10.94,39.92,0.0,7.08,3.22,19.96,36.7,50.86,Alabama A&M Bulldogs
Jalen Carruth,108.0,185.7,5.2,107.09000403605545,101.88679245283019,107.09,101.71,34.44,75.34,12.38,31.21,25.83,36.06,9.15,35.52,18.3,9.69,3.77,16.68,29.06,44.67,Alabama A&M Bulldogs
PJ Eason,823.1,1384.6,3.65,108.16642094286021,104.52064482202115,108.17,103.64,35.96,79.18,9.42,26.32,26.83,36.1,14.31,35.96,13.45,9.57,4.53,17.98,25.24,50.27,Alabama A&M Bulldogs
James Graham III,657.7,1102.8,0.51,108.80187340974081,108.28825127256958,108.8,106.82,37.2,82.23,9.73,26.93,24.68,33.24,14.95,35.58,14.23,8.74,4.23,16.93,25.76,50.53,Alabama A&M Bulldogs
Gabe Kincy,398.0,702.2,-0.92,104.3453195935721,105.26315789473684,104.35,107.8,32.43,74.94,8.94,26.95,30.55,41.22,12.54,38.63,10.67,9.51,3.89,18.02,29.55,51.17,Alabama A&M Bulldogs
Koron Davis,955.2,1613.2,-2.26,106.33403831606898,108.5941875661211,106.33,107.75,34.7,79.66,9.26,26.37,27.66,37.24,14.39,34.89,13.15,8.89,3.95,17.04,26.24,49.28,Alabama A&M Bulldogs
Kintavious Dozier,1059.5,1792.2,-2.6,106.00273231661417,108.59854829704076,106.0,108.46,35.13,80.97,9.37,27.55,26.38,34.91,14.11,34.46,12.99,9.37,4.13,16.56,25.76,48.57,Alabama A&M Bulldogs
Lou Hutchinson,521.6,869.5,-3.1,103.61737725725494,106.71710224667584,103.62,107.43,34.15,81.0,10.27,29.31,25.04,33.92,12.69,37.5,13.15,8.31,4.62,15.58,27.81,50.19,Alabama A&M Bulldogs
Angok Anyang,174.4,290.8,-4.3,104.45309122351925,108.75512995896032,104.45,109.99,34.93,87.85,10.38,32.51,24.21,32.86,17.64,35.28,8.3,8.99,1.38,14.18,31.82,52.92,Alabama A&M Bulldogs
Sami Pissis,876.3,1476.2,-4.62,102.99790214522568,107.62240607622407,103.0,107.4,34.45,80.8,9.88,27.68,24.23,33.29,13.81,35.73,11.91,8.53,3.86,17.19,27.07,49.54,Alabama A&M Bulldogs
James Flippin,247.0,420.4,-15.64,94.6262383668568,110.26683159568829,94.63,112.4,30.98,81.42,9.85,31.22,22.82,30.02,13.93,36.99,10.33,7.69,5.28,18.25,26.42,50.92,Alabama A&M Bulldogs
Davion Hannah,90.3,164.3,31.07,120.39504624549302,89.32268559597752,120.4,94.69,40.13,81.52,18.81,47.66,21.32,25.71,11.91,43.27,1.88,18.18,11.29,18.18,27.59,55.18,Alabama Crimson Tide
Noah Williamson,200.4,362.8,24.36,128.0698050805714,103.7137069547603,128.07,108.09,39.41,86.97,20.55,52.07,28.71,36.31,16.61,40.25,12.95,10.98,5.91,12.38,32.37,56.86,Alabama Crimson Tide
Aiden Sherrell,714.6,1292.6,17.4,125.91022924292044,108.50696130021944,125.91,107.65,43.31,92.31,17.72,48.24,21.58,28.51,18.57,39.38,17.72,8.17,7.32,12.71,21.5,57.95,Alabama Crimson Tide
London Jemison,416.5,781.4,16.79,120.98638582070382,104.19257133747809,120.99,104.93,39.43,87.34,18.11,48.55,24.02,32.88,17.85,39.82,17.6,9.89,6.42,14.9,25.3,57.67,Alabama Crimson Tide
Amari Allen,792.4,1464.7,14.32,124.54599710120216,110.22653500529607,124.55,110.02,41.88,88.33,17.39,46.52,23.4,31.03,15.89,38.2,15.55,8.32,6.68,12.82,23.26,54.09,Alabama Crimson Tide
Houston Mallette,702.8,1290.4,14.05,122.77127835011544,108.72509189398336,122.77,109.04,41.05,90.64,17.46,49.12,23.2,30.81,17.46,37.87,14.98,9.08,6.67,12.18,26.23,55.33,Alabama Crimson Tide
Latrell Wrightsell,669.8,1227.6,13.66,123.17426405636928,109.51823284739328,123.17,111.42,41.5,91.54,18.98,51.44,21.2,28.02,18.0,38.46,18.9,9.78,5.92,13.15,24.82,56.46,Alabama Crimson Tide
Aden Holloway,710.5,1313.6,12.49,126.05137102553464,113.55909413956704,126.05,111.49,41.64,88.64,17.88,46.54,24.89,31.23,16.29,36.51,15.92,7.92,4.9,12.82,24.89,52.8,Alabama Crimson Tide
Labaron Philon Jr.,882.2,1625.7,11.18,121.9862094497663,110.80960922289167,121.99,111.5,41.22,88.79,16.23,45.78,23.32,31.65,16.66,36.28,15.43,9.56,6.6,12.83,24.74,52.94,Alabama Crimson Tide
Jalil Bethea,161.0,312.2,4.22,117.09677419354838,112.87758346581876,117.1,114.52,36.13,88.71,16.77,53.55,28.06,38.71,22.9,34.52,16.45,9.68,5.81,15.81,34.84,57.42,Alabama Crimson Tide
Taylor Bol Bowen,500.6,921.2,3.82,116.51124520021942,112.69572690892487,116.51,115.09,38.73,89.19,14.37,45.75,24.68,32.91,18.43,37.41,12.62,8.01,7.46,13.6,26.99,55.84,Alabama Crimson Tide
Keitenn Bristow,99.1,191.6,-3.95,103.39342523860023,107.34463276836159,103.39,110.82,33.93,85.37,13.79,45.6,21.74,29.69,16.44,36.06,10.6,9.54,5.83,16.97,32.87,52.5,Alabama Crimson Tide
Charles Bediako,107.4,195.9,-9.79,116.58962506420134,126.37990102778835,116.59,127.89,40.58,82.69,16.95,43.66,18.49,26.71,11.81,32.87,22.6,9.24,5.65,16.44,23.63,44.68,Alabama Crimson Tide
Tyler Mack,305.4,545.1,0.62,97.25995855399493,96.64306919387988,97.26,97.44,34.08,84.18,10.5,36.47,18.6,26.71,16.95,37.03,16.39,9.95,4.79,20.08,26.71,53.98,Alabama State Hornets
Tyler Byrd,664.6,1166.7,-0.99,103.68841888057779,104.67401520977529,103.69,105.32,35.85,85.29,9.89,30.95,22.1,30.61,17.97,34.22,11.69,12.29,6.1,18.14,27.34,52.19,Alabama State Hornets
Mario Andrews,260.3,453.2,-2.24,100.3775260937153,102.61470152935372,100.38,103.93,35.31,89.72,12.66,39.09,17.1,23.98,20.87,34.2,9.33,12.44,3.33,19.76,29.54,55.07,Alabama State Hornets
Jerquarius Stanback,730.0,1291.5,-2.53,103.7301003214936,106.26112529989939,103.73,106.36,36.72,84.83,10.38,31.3,19.91,28.35,17.74,32.77,11.54,11.85,6.51,19.44,27.5,50.51,Alabama State Hornets
Micah Simpson,973.8,1710.2,-4.98,103.72429940733153,108.70644586582551,103.72,108.93,36.41,85.58,10.95,32.37,19.96,28.39,17.15,32.49,12.18,11.36,5.15,18.09,27.16,49.64,Alabama State Hornets
JaSteven Walker,233.0,421.0,-7.38,95.221091471761,102.60055683904983,95.22,103.08,33.8,83.79,10.47,33.33,17.14,23.09,15.24,33.09,18.09,10.71,6.19,20.47,27.14,48.33,Alabama State Hornets
Damarien Yates,485.0,863.6,-7.98,99.397678005063,107.37636452662807,99.4,108.48,33.87,85.31,11.06,34.1,20.6,29.45,17.57,33.29,11.64,11.64,4.66,18.27,27.0,50.86,Alabama State Hornets
Tyler Mason,248.9,435.3,-8.9,102.25113708330933,111.14930674916923,102.25,111.69,36.16,86.59,11.51,32.93,18.42,30.17,16.58,34.31,11.51,11.05,5.07,15.66,26.25,50.89,Alabama State Hornets
Cameron Palesse,830.2,1461.6,-9.38,100.6172521105208,109.99744746022293,100.62,111.14,35.14,84.39,10.52,31.36,19.81,28.82,16.51,32.67,10.59,10.94,5.36,18.43,29.09,49.18,Alabama State Hornets
R'Chaun King,335.1,597.3,-10.04,101.36157337367626,111.39831568414908,101.36,112.29,35.97,82.2,9.41,29.42,20.0,27.57,13.95,30.93,7.9,9.92,6.05,18.66,27.23,44.88,Alabama State Hornets
Asjon Anderson,685.8,1245.0,-10.55,99.8994570681681,110.45380712695771,99.9,110.76,34.27,85.1,11.42,34.75,19.95,28.15,17.78,31.05,8.93,10.94,6.03,19.3,26.14,48.83,Alabama State Hornets
Trey Miller,41.5,84.1,-39.22,76.36363636363637,115.58669001751312,76.36,120.0,26.67,73.94,8.48,29.09,14.55,24.24,9.7,30.3,0.0,15.76,1.21,24.24,18.18,40.0,Alabama State Hornets
Jameel Morris,802.3,1385.9,-11.42,97.8402667053196,109.26135445288507,97.84,110.23,34.93,81.97,8.99,27.61,18.99,26.67,13.84,31.09,13.55,12.1,5.44,19.21,24.71,44.93,Alcorn State Braves
Omari Hamilton,632.2,1069.0,-14.55,94.08683859805,108.63412009637653,94.09,108.58,32.08,80.81,7.76,26.28,22.17,30.96,14.22,33.76,12.25,10.76,4.86,18.71,22.54,47.98,Alcorn State Braves
Tycen McDaniels,807.7,1382.9,-14.65,95.03757214941737,109.68276259407294,95.04,110.57,33.47,79.36,8.49,26.86,19.6,28.02,13.29,30.93,12.34,12.05,5.59,20.62,25.77,44.22,Alcorn State Braves
Shane Lancaster,867.0,1494.0,-15.07,97.1736204576043,112.2428599960056,97.17,113.46,34.59,81.49,9.22,27.86,18.78,26.92,13.8,31.02,13.53,11.17,5.11,19.52,25.24,44.82,Alcorn State Braves
Nick Woodard,842.8,1452.0,-16.09,96.41061210334662,112.50170975242784,96.41,114.1,34.68,81.01,9.5,28.51,17.55,25.66,12.55,31.63,13.18,10.89,4.79,19.35,25.66,44.18,Alcorn State Braves
Davian Williams,764.9,1317.9,-16.3,97.84392291547415,114.1434525942551,97.84,115.47,34.8,81.66,9.23,27.32,19.0,26.71,13.74,31.22,13.28,10.68,5.34,19.39,26.03,44.96,Alcorn State Braves
Bryson Calamese,308.8,540.4,-20.13,93.36359005233177,113.49353049907577,93.36,113.74,32.42,80.21,8.89,24.08,19.64,27.23,12.6,28.9,12.78,12.97,4.08,19.45,28.34,41.5,Alcorn State Braves
Travis Roberts,434.6,751.0,-34.01,90.83915850028428,124.8467578940393,90.84,126.02,32.51,82.01,10.17,29.03,15.65,21.54,13.38,27.96,9.5,8.83,3.08,21.14,25.95,41.34,Alcorn State Braves
Mike Jones,140.1,258.0,-35.16,87.14341539663931,122.30769230769232,87.14,124.27,34.0,82.84,8.99,23.84,10.16,17.19,16.8,25.79,3.13,11.72,3.91,25.79,27.35,42.59,Alcorn State Braves
Jeremy Ellis,113.5,200.1,-36.15,88.57001484413657,124.71598081292603,88.57,122.22,31.17,82.14,10.89,27.21,15.34,17.81,13.85,28.2,7.92,8.91,5.94,23.26,27.71,42.05,Alcorn State Braves
William Henderson,85.8,155.8,-41.08,83.31987728080091,124.4019138755981,83.32,125.95,32.94,83.32,7.75,20.67,9.69,17.44,12.27,29.07,1.94,9.69,5.81,20.67,21.96,41.34,Alcorn State Braves
Luke Brown,87.7,150.7,47.27,128.96759104577347,81.69988469774336,128.97,82.86,44.1,90.21,12.03,35.42,28.73,36.08,20.05,43.43,14.03,13.36,4.01,12.7,18.71,63.48,American University Eagles
Kade Sebastian,657.6,1102.2,11.78,114.27785923753666,102.50190899699052,114.28,104.56,40.41,88.43,14.11,40.87,19.34,24.93,15.03,32.72,13.1,13.47,1.65,14.75,26.39,47.75,American University Eagles
Julen Iturbe,798.1,1338.4,7.88,114.22230442019605,106.33962264150942,114.22,104.24,40.39,87.89,15.17,43.57,18.27,24.41,13.98,32.11,14.5,11.1,2.07,14.5,28.04,46.09,American University Eagles
Greg Jones,928.7,1560.8,3.35,109.85388025542949,106.50678892611532,109.85,106.33,38.03,86.42,13.25,39.82,20.55,26.7,14.85,32.46,12.61,11.72,2.18,15.75,27.59,47.31,American University Eagles
Geoff Sprouse,818.5,1370.2,3.08,111.76545200862522,108.6880637871801,111.77,107.2,40.15,87.99,14.64,41.75,16.82,22.69,14.13,32.54,13.92,10.58,2.17,15.37,27.54,46.67,American University Eagles
Madden Collins,657.3,1128.2,2.12,107.77092043267635,105.65334161986992,107.77,105.29,38.58,88.39,11.95,39.64,18.67,25.93,15.48,31.06,11.68,13.01,2.48,14.78,29.2,46.54,American University Eagles
Wyatt Nausadis,691.5,1157.1,1.28,108.39946099715524,107.12414876898899,108.4,104.98,39.01,87.35,13.09,40.38,17.28,22.84,13.0,32.0,11.12,10.44,2.22,14.8,27.72,45.0,American University Eagles
Dean Hogans,144.9,246.1,1.08,110.04453240969816,108.96566120446718,110.04,103.32,38.4,86.69,13.06,39.98,20.19,29.69,17.02,26.52,5.54,13.46,2.38,16.23,30.48,43.54,American University Eagles
Matt Mayock,855.0,1428.9,0.97,108.18749235099743,107.22227085704282,108.19,107.07,38.53,86.16,13.5,40.56,17.62,23.99,13.08,33.01,13.29,10.49,2.31,15.53,27.55,46.09,American University Eagles
Chris Eagan,337.7,560.3,-8.44,98.63654772082975,107.07964601769913,98.64,108.9,36.72,87.3,9.9,32.76,15.3,21.06,13.86,30.78,9.0,12.24,1.62,16.56,28.62,44.64,American University Eagles
Carson McDonald,55.2,108.2,-9.51,84.39601205657314,93.90103567318758,84.4,94.6,30.61,76.05,6.49,35.24,16.69,25.04,10.2,36.17,0.0,14.84,3.71,22.26,25.04,46.37,American University Eagles
Jacari Brim,114.8,200.7,28.01,121.75470008952551,93.74620522161506,121.75,98.73,41.44,88.5,11.77,41.95,27.11,41.44,23.02,48.09,9.21,6.14,7.16,14.84,23.02,71.11,App State Mountaineers
Eren Banks,720.7,1182.7,11.5,111.45983543981677,99.96207172657928,111.46,100.6,38.68,86.61,11.54,39.36,22.56,34.27,17.13,41.48,9.16,7.89,4.67,14.25,26.89,58.61,App State Mountaineers
Jalen Tot,733.0,1182.5,10.79,113.64501798180665,102.85014049988379,113.65,102.98,38.76,89.02,13.54,44.0,22.59,34.69,19.97,40.28,12.86,7.62,5.84,14.47,25.13,60.25,App State Mountaineers
Michael Marcus Jr.,732.8,1177.1,10.35,111.60506371988652,101.25503398606463,111.61,100.6,38.27,88.23,13.04,41.07,22.02,34.04,19.22,40.9,11.77,7.2,5.76,14.82,23.46,60.12,App State Mountaineers
Alonzo Dodd,956.4,1552.5,9.8,111.40250671729441,101.6003996970039,111.4,101.43,38.55,87.27,11.97,39.19,22.33,35.2,18.79,42.22,11.65,7.59,5.99,14.8,23.17,61.01,App State Mountaineers
Luke Wilson,878.8,1411.3,9.76,111.45818543234418,101.69371662953928,111.46,102.09,38.41,87.18,11.86,38.97,22.79,35.21,19.74,42.67,11.71,6.89,6.6,15.83,22.5,62.41,App State Mountaineers
Kasen Jennings,1004.5,1618.3,7.59,109.96117015516467,102.37107199605077,109.96,102.66,37.81,87.07,11.51,38.43,22.83,35.83,19.18,41.58,11.14,7.3,6.06,15.1,24.44,60.76,App State Mountaineers
Andrin Njock,233.0,379.1,5.91,107.39309802894374,101.48777895855474,107.39,100.06,38.77,91.42,11.53,45.05,18.34,28.55,21.74,40.86,3.67,8.12,6.29,16.76,25.41,62.6,App State Mountaineers
Chad Moodie,394.5,624.8,2.5,102.97927461139895,100.4746835443038,102.98,102.82,38.05,88.08,10.2,36.76,16.68,28.5,16.52,40.64,7.29,9.07,6.48,14.9,26.07,57.16,App State Mountaineers
Jason Clarke Jr.,296.0,482.3,-14.3,103.1506919266711,117.45513866231647,103.15,113.98,36.97,83.13,9.6,33.7,19.61,32.07,14.71,33.7,6.33,6.74,4.09,16.34,25.94,48.41,App State Mountaineers
Allen Mukeba,495.4,880.6,2.78,109.497143182012,106.71959172100935,109.5,107.0,37.52,83.8,10.92,32.52,23.54,31.95,15.46,34.45,13.3,11.14,7.5,16.49,25.81,49.91,Arizona State Sun Devils
Massamba Diop,899.3,1569.3,0.67,107.64619603341626,106.97570759973256,107.65,107.14,37.11,83.6,10.39,32.01,23.02,30.36,15.43,33.35,13.58,10.08,6.95,17.41,23.15,48.78,Arizona State Sun Devils
Anthony Johnson,762.4,1385.6,-0.21,110.0619278892159,110.27171267331373,110.06,110.42,35.97,79.73,9.97,27.88,28.17,37.05,14.73,32.93,14.08,10.26,6.64,17.4,27.01,47.66,Arizona State Sun Devils
Maurice Odum,1027.3,1816.1,-0.47,109.00741107398699,109.48029933435318,109.01,109.23,37.29,83.93,10.67,31.95,23.76,31.4,15.45,32.5,13.53,9.79,6.54,16.61,25.02,47.95,Arizona State Sun Devils
Bryce Ford,542.2,949.1,-0.6,108.1763653583079,108.77535410017671,108.18,108.49,37.57,83.66,12.52,34.73,20.52,28.2,13.36,32.52,10.52,9.47,7.58,16.31,23.99,45.88,Arizona State Sun Devils
Andrija Grbovic,611.4,1068.4,-1.27,107.51729799460537,108.78954126298588,107.52,109.3,37.81,85.09,10.88,34.24,21.02,28.61,15.1,32.65,13.89,10.41,6.19,16.42,25.14,47.75,Arizona State Sun Devils
Noah Meeusen,750.4,1324.8,-2.24,107.42124528230319,109.66106468876163,107.42,110.76,35.88,80.72,9.79,30.95,25.87,34.37,14.94,32.92,15.32,10.7,6.3,17.9,24.5,47.86,Arizona State Sun Devils
Marcus Adams Jr.,158.8,289.0,-5.61,107.70985001315674,113.32024916801775,107.71,116.48,36.49,81.4,9.12,31.58,25.61,34.73,14.03,37.19,7.02,8.77,6.67,16.14,27.37,51.22,Arizona State Sun Devils
Trevor Best,93.3,177.8,-8.71,103.81325213861099,112.52219035914244,103.81,119.47,36.54,79.45,12.76,33.64,17.98,24.94,10.44,33.06,5.22,11.6,3.48,19.14,24.94,43.5,Arizona State Sun Devils
Santiago Trouet,730.4,1278.3,-8.8,104.08395896387721,112.88219380704929,104.08,113.99,36.71,83.41,9.59,29.79,21.07,28.14,14.78,32.7,12.19,9.98,6.52,18.0,23.66,47.48,Arizona State Sun Devils
Motiejus Krivas,869.2,1511.9,30.01,119.74463299262348,89.73532377787697,119.74,89.78,42.01,85.67,7.87,22.43,27.85,38.24,18.85,44.19,16.47,10.19,6.88,15.02,19.71,63.04,Arizona Wildcats
Dwayne Aristode,384.0,686.2,29.56,120.48192771084337,90.92551769000036,120.48,92.42,42.32,84.63,9.26,27.33,26.59,37.61,20.72,42.61,16.46,11.61,6.61,18.22,22.63,63.33,Arizona Wildcats
Koa Peat,868.7,1577.6,28.87,120.53409180690527,91.66468017481128,120.53,91.14,42.92,83.62,7.52,20.61,27.18,36.34,16.37,43.11,16.94,10.11,6.19,15.49,20.92,59.48,Arizona Wildcats
Brayden Burries,999.3,1768.7,27.69,121.575221489028,93.88343749116308,121.58,93.82,43.46,85.06,7.74,21.76,26.9,36.68,17.01,42.96,17.41,9.61,6.5,14.53,21.2,59.97,Arizona Wildcats
Jaden Bradley,1055.6,1871.6,25.59,119.36548664287909,93.77586713305386,119.37,93.87,41.75,84.67,7.86,21.81,28.01,38.01,17.75,42.23,17.05,10.53,6.15,15.02,21.6,59.98,Arizona Wildcats
Ivan Kharchenkov,946.0,1677.8,24.26,119.70134514386605,95.4401792471028,119.7,96.24,42.49,84.51,7.36,20.77,27.35,37.53,17.12,42.25,16.76,9.94,6.22,14.78,22.26,59.37,Arizona Wildcats
Anthony Dell'Orso,735.7,1292.3,21.13,119.45638014504306,98.32909832909833,119.46,99.31,41.84,85.24,7.93,23.88,27.84,39.43,20.45,40.05,15.17,10.97,4.98,16.49,23.95,60.5,Arizona Wildcats
Tobe Awaka,716.8,1252.3,20.44,120.62600321027288,100.18869798391101,120.63,101.2,42.38,86.2,8.03,23.76,27.85,38.52,20.06,39.17,17.9,11.16,5.38,15.57,25.2,59.23,Arizona Wildcats
Sidi Gueye,38.1,66.5,7.91,117.55607115235884,109.64912280701753,117.56,116.01,47.95,83.53,10.83,27.84,10.83,21.66,9.28,40.22,17.01,4.64,4.64,15.47,27.84,49.5,Arizona Wildcats
Evan Nelson,38.6,66.7,2.4,128.73563218390805,126.33125229526256,128.74,131.8,42.91,79.69,7.66,26.05,35.25,45.98,15.33,29.12,12.26,9.2,3.07,13.79,26.05,44.45,Arizona Wildcats
Isaiah Sealy,82.6,157.6,26.69,122.03176600094355,95.34474484082547,122.03,93.73,42.77,88.69,8.18,30.82,28.31,38.37,15.73,32.08,10.69,13.21,6.29,8.81,23.9,47.81,Arkansas Razorbacks
Malique Ewin,718.7,1311.2,18.07,126.89307021569527,108.82129277566538,126.89,109.45,45.43,89.57,11.32,27.69,24.71,32.43,16.52,33.43,18.43,10.4,7.5,11.55,22.56,49.95,Arkansas Razorbacks
Meleek Thomas,1056.5,1918.9,17.51,124.89600665557403,107.38535464326753,124.9,106.91,45.13,88.45,11.02,28.49,23.61,30.78,15.08,34.01,16.79,10.19,6.97,12.01,22.41,49.09,Arkansas Razorbacks
Trevon Brazile,1093.8,1958.2,15.67,124.23438138015517,108.56792520308589,124.23,108.46,45.02,88.45,11.13,28.23,23.07,30.22,14.6,34.4,17.41,9.95,7.55,11.79,21.69,49.0,Arkansas Razorbacks
Karter Knox,474.4,856.3,14.7,123.60665304931426,108.90713096316205,123.61,108.78,44.59,90.34,12.96,33.5,21.48,29.18,16.46,33.73,14.59,9.8,6.65,12.26,20.89,50.19,Arkansas Razorbacks
Billy Richmond III,969.4,1770.8,14.23,121.37322549629546,107.13882936731703,121.37,107.46,43.61,87.04,10.35,26.36,23.81,31.45,14.59,34.5,17.19,10.12,7.07,12.61,22.62,49.09,Arkansas Razorbacks
D.J. Wagner,779.7,1427.0,13.99,123.64662317051666,109.65484831079317,123.65,111.09,43.59,87.32,13.12,31.74,23.35,31.74,14.39,34.0,16.01,10.86,6.56,11.99,22.85,48.39,Arkansas Razorbacks
Nick Pringle,630.5,1115.1,13.81,118.51257356875334,104.70307074897418,118.51,103.53,43.61,87.3,11.5,30.14,19.8,27.11,13.2,35.4,14.62,10.17,6.6,13.02,21.22,48.6,Arkansas Razorbacks
Darius Acuff Jr.,1204.1,2195.2,12.96,122.55074971821527,109.58592014581079,122.55,109.53,44.22,88.12,11.16,29.01,22.95,30.38,14.8,33.84,16.71,9.79,7.24,12.25,22.22,48.64,Arkansas Razorbacks
Aly Tounkara,571.7,997.4,12.43,111.79345782679533,99.36331277886399,111.79,99.36,38.5,85.42,14.44,39.4,20.35,28.58,20.35,38.7,17.45,11.13,4.91,21.36,23.76,59.05,Arkansas State Red Wolves
Fredy-Salam Sylla,161.3,285.6,10.66,116.07761607761606,105.4214203590696,116.08,103.26,44.7,91.13,13.51,38.81,13.17,19.4,19.4,39.5,12.13,6.93,3.47,19.06,22.87,58.9,Arkansas State Red Wolves
Christian Harmon,867.5,1562.7,10.42,114.66505733252865,104.24355730333457,114.67,102.72,38.62,85.44,12.96,38.88,24.46,32.65,20.71,37.48,15.82,9.53,3.94,19.76,24.78,58.19,Arkansas State Red Wolves
Jalen Hampton,771.6,1384.4,10.41,115.55089267948556,105.13980782058448,115.55,105.49,38.93,84.37,13.31,37.84,24.38,33.07,19.83,36.9,17.08,9.7,3.76,19.75,24.6,56.73,Arkansas State Red Wolves
Chandler Jackson,851.9,1538.4,9.88,113.87487305144035,103.9990825537771,113.87,102.33,38.56,84.79,12.64,37.14,24.12,32.69,18.7,37.46,15.35,9.93,3.42,18.38,24.89,56.16,Arkansas State Red Wolves
Matt Hayman,695.0,1247.6,7.25,113.59139870900698,106.33979704611676,113.59,105.76,39.25,87.85,12.71,39.49,22.38,30.46,21.9,36.29,15.27,9.91,3.76,19.58,25.9,58.19,Arkansas State Red Wolves
Joey Chammaa,341.6,636.3,4.05,108.41385811925524,104.36559393296396,108.41,104.33,32.52,79.19,12.57,38.34,30.8,41.17,18.23,35.2,16.18,13.04,3.46,19.48,23.41,53.43,Arkansas State Red Wolves
TJ Caldwell,629.0,1136.4,4.02,109.54327662754406,105.52741686853115,109.54,105.32,36.05,81.85,12.57,37.72,24.88,33.58,17.14,37.45,12.48,10.29,3.16,19.34,26.99,54.59,Arkansas State Red Wolves
Chudi Dioramma,363.9,653.4,3.74,111.07286288009179,107.33014354066985,111.07,107.25,40.24,90.42,12.39,39.17,18.21,23.71,20.35,36.87,12.24,10.56,2.6,18.67,27.54,57.22,Arkansas State Red Wolves
Jaxon Ellingsworth,694.3,1265.5,3.74,112.6815861798194,108.94199037811619,112.68,107.58,37.93,85.12,12.25,39.03,24.58,32.98,19.32,36.98,12.72,9.58,2.91,18.53,25.91,56.3,Arkansas State Red Wolves
Royal Blue Smith,327.8,588.8,1.26,106.95459955789832,105.6917465433879,106.95,105.93,38.09,84.17,11.73,38.09,19.04,26.53,18.19,32.82,11.05,12.07,2.55,21.42,27.38,51.01,Arkansas State Red Wolves
Anthony Sellars,90.0,179.7,31.92,117.61472932124211,85.69415081042987,117.61,83.54,42.32,84.64,13.74,32.43,19.24,23.08,15.39,40.12,21.43,10.99,4.4,19.79,21.98,55.51,Arkansas-Pine Bluff Golden Lions
Dennis Asoro,138.0,247.0,1.09,109.46594506279996,108.37932764676368,109.47,110.28,40.44,87.0,11.03,33.08,17.56,27.37,18.79,32.68,18.38,12.25,3.68,18.79,32.27,51.47,Arkansas-Pine Bluff Golden Lions
Ramel Lloyd Jr.,375.6,659.0,-2.88,104.76520133841008,107.64681663360408,104.77,110.61,35.38,79.84,9.85,27.23,24.15,33.69,14.31,34.31,15.38,9.08,5.08,18.46,30.0,48.62,Arkansas-Pine Bluff Golden Lions
Jai'chaunn Hayes,143.5,292.7,-3.17,113.54838709677419,116.7189753159725,113.55,118.37,40.95,84.3,11.01,31.31,20.65,25.81,15.48,33.03,7.91,12.04,3.44,18.92,27.18,48.51,Arkansas-Pine Bluff Golden Lions
Alex Mirhosseini,918.6,1636.8,-3.66,105.68656349791206,109.3467458858211,105.69,110.48,36.78,82.84,11.05,32.24,21.06,28.49,14.68,31.87,13.76,10.26,4.3,18.3,27.08,46.55,Arkansas-Pine Bluff Golden Lions
Quion Williams,1092.0,1965.3,-4.97,104.7514824523452,109.72213390983659,104.75,109.79,36.55,81.34,10.08,29.88,21.58,29.22,13.79,33.14,12.93,9.72,3.97,18.58,27.18,46.93,Arkansas-Pine Bluff Golden Lions
Jaquan Scott,831.0,1479.1,-5.04,107.57880164103256,112.62267343485617,107.58,112.37,37.55,81.65,10.6,29.11,21.88,28.97,13.84,31.47,13.91,9.79,3.44,18.44,26.54,45.31,Arkansas-Pine Bluff Golden Lions
Ahmad Johnson,307.4,565.1,-5.72,109.93018188286567,115.65374290366589,109.93,116.87,39.49,84.49,12.81,35.58,18.14,23.66,13.7,34.15,11.38,6.94,3.38,17.97,30.06,47.85,Arkansas-Pine Bluff Golden Lions
Trevon Payton,1024.8,1835.6,-8.34,105.60822666866167,113.94441868710285,105.61,113.66,36.56,81.94,10.5,30.85,21.98,29.54,14.2,31.83,12.57,9.63,3.86,18.23,27.31,46.03,Arkansas-Pine Bluff Golden Lions
Milhan Charles,856.5,1524.6,-8.91,103.66773833737943,112.57724523415347,103.67,112.66,35.5,79.0,9.58,28.28,23.1,31.23,12.66,31.56,12.07,9.97,3.81,18.83,26.7,44.22,Arkansas-Pine Bluff Golden Lions
Kyle Brown,143.1,275.2,-30.73,82.79146441981867,113.52374087755652,82.79,115.4,29.31,82.43,8.06,35.17,16.12,22.35,15.75,31.87,3.66,8.43,4.76,22.71,27.84,47.62,Arkansas-Pine Bluff Golden Lions
Alex Engro,136.0,232.0,1.59,102.2874406560207,100.69930069930071,102.29,100.99,34.96,97.97,16.4,56.54,15.97,22.44,27.19,34.53,10.79,12.95,2.16,18.56,32.8,61.72,Army Black Knights
Tate Laczkowski,676.7,1125.6,-4.05,104.34393193013882,108.393919365499,104.34,110.17,38.78,92.34,15.58,47.83,11.2,16.12,16.48,37.98,15.32,8.87,2.42,16.48,24.09,54.46,Army Black Knights
Jackson Mayo,65.0,107.3,-4.3,102.25702441271305,106.55351249410656,102.26,104.1,36.85,112.39,17.5,73.7,11.05,16.58,35.01,32.24,9.21,8.29,3.68,14.74,34.09,67.25,Army Black Knights
Joshua Eli,388.5,644.3,-4.9,105.45009668889853,110.34798534798533,105.45,114.13,33.78,86.66,15.31,46.09,22.57,31.73,19.42,32.99,13.1,9.95,2.37,17.68,26.84,52.41,Army Black Knights
Kevin McCarthy,712.0,1215.6,-5.02,109.85607202593594,114.8780138066657,109.86,115.8,39.98,89.87,16.93,48.73,12.97,19.25,15.45,34.61,15.28,7.76,2.15,16.44,26.51,50.06,Army Black Knights
Jaxson Bell,727.6,1230.6,-5.17,106.47744551444501,111.64495114006515,106.48,111.18,35.6,86.12,15.0,45.17,20.27,27.17,16.87,34.06,15.73,8.76,2.68,17.84,26.52,50.93,Army Black Knights
Jorn Everson,589.5,987.9,-6.52,105.13954476176197,111.65795139956938,105.14,108.84,39.18,92.65,16.19,47.67,10.59,15.69,17.69,36.08,13.49,7.2,1.8,17.59,27.28,53.77,Army Black Knights
Jacen Holloway,845.6,1419.7,-7.64,106.61101482084115,114.24964494240177,106.61,115.24,37.0,87.86,14.64,46.55,17.97,23.91,15.92,34.74,12.52,7.64,2.26,16.7,27.45,50.66,Army Black Knights
Ryan Curry,1029.3,1735.8,-7.79,105.47410002450874,113.26129807346446,105.47,113.49,37.08,88.52,15.74,47.46,15.57,21.74,16.26,35.35,14.94,7.55,2.36,17.42,26.7,51.61,Army Black Knights
Jackson Furman,734.6,1248.8,-8.74,105.63337821814017,114.37686939182453,105.63,115.28,36.42,87.87,15.6,46.06,17.2,24.36,16.88,33.76,13.91,8.2,2.33,17.44,27.98,50.64,Army Black Knights
Dillon Watt,78.7,135.9,-14.56,97.95617749953968,112.52068394925539,97.96,112.69,33.14,85.44,13.99,46.4,17.68,21.36,13.99,30.2,6.63,6.63,2.95,18.41,39.77,44.19,Army Black Knights
Dayon Polk,80.6,140.0,-17.09,88.74220755408875,105.83115752828547,88.74,111.48,33.0,88.01,10.27,47.67,12.47,19.07,17.6,35.2,0.0,16.13,2.2,20.54,28.6,52.8,Army Black Knights
Dylan Benner,79.4,144.0,-20.5,91.9224832790259,112.41875988055507,91.92,109.76,32.93,78.89,13.03,48.71,13.03,19.89,13.03,33.61,13.03,7.55,4.12,24.7,30.18,46.64,Army Black Knights
Emeka Opurum,50.9,89.9,26.86,120.39381153305204,93.53507565337001,120.39,95.64,45.01,95.64,9.0,36.01,21.38,28.13,24.75,34.88,0.0,18.0,9.0,15.75,28.13,59.63,Auburn Tigers
Filip Jovic,562.8,967.1,11.24,120.11325557835677,108.87013788845441,120.11,109.93,40.11,84.99,12.99,36.47,26.91,37.72,17.35,34.29,11.85,11.85,5.51,14.44,24.63,51.64,Auburn Tigers
Abdul Bashir,57.8,103.7,9.11,115.44011544011543,106.33156114064765,115.44,105.82,40.4,89.47,8.66,31.75,25.97,40.4,23.09,33.67,0.0,10.58,5.77,14.43,22.13,56.76,Auburn Tigers
Kaden Magwood,149.8,259.9,8.72,118.60353897656624,109.88585799961308,118.6,108.66,40.55,84.55,13.39,40.94,24.1,32.52,17.98,34.82,9.18,9.18,5.74,17.98,22.19,52.8,Auburn Tigers
Elyjah Freeman,912.2,1581.9,7.8,118.59290095014141,110.79670502420926,118.59,111.98,39.53,85.86,10.99,34.64,28.54,36.99,18.69,34.83,12.2,10.49,6.04,15.25,24.53,53.52,Auburn Tigers
Keyshawn Hall,1072.8,1835.0,5.98,120.66135879664166,114.67670201847417,120.66,113.66,39.93,86.21,12.32,35.37,28.48,37.6,18.88,34.07,13.18,9.6,5.53,14.81,24.85,52.95,Auburn Tigers
Tahaad Pettiford,1088.9,1874.6,5.02,118.01382311192474,112.98950275502406,118.01,111.81,39.96,88.09,10.83,34.12,27.27,36.03,19.26,33.59,12.15,9.82,5.62,14.06,23.45,52.85,Auburn Tigers
Kevin Overton,1058.7,1824.5,4.49,117.94717063938339,113.46119621613482,117.95,113.67,39.83,86.51,11.3,34.29,26.99,35.44,17.55,33.35,12.78,10.15,6.09,14.21,24.8,50.9,Auburn Tigers
Sebastian Williams-Adams,912.2,1549.6,3.3,116.29984569154553,113.0019549402301,116.3,114.55,38.46,85.83,10.14,33.01,29.24,39.96,19.56,34.57,11.57,10.85,5.91,14.75,25.34,54.13,Auburn Tigers
KeShawn Murphy,683.3,1164.6,-0.36,117.24315509398335,117.59905508429078,117.24,117.5,39.05,88.23,10.04,32.7,29.1,37.42,19.83,32.44,12.53,9.44,5.84,13.82,25.32,52.27,Auburn Tigers
Blake Muschalek,112.8,193.6,-0.85,110.8719052744887,111.71797418073486,110.87,121.1,33.37,79.66,9.15,33.91,34.98,47.36,17.22,25.3,8.61,22.07,7.0,15.07,34.98,42.52,Auburn Tigers
Simon Walker,35.5,61.2,-1.81,129.6928327645051,131.50684931506848,129.69,143.34,42.66,97.27,22.18,56.31,22.18,27.3,27.3,32.42,8.53,5.12,3.41,17.06,32.42,59.72,Auburn Tigers
Travis Torain,154.0,257.6,24.91,116.2073425529798,91.2965242920731,116.21,95.91,40.99,80.79,8.36,23.88,25.87,35.42,11.94,37.41,16.71,15.52,5.17,14.33,29.05,49.35,Austin Peay Governors
Quan Lax,121.2,212.5,19.85,114.68666827969997,94.83449776657885,114.69,100.17,42.1,82.26,14.52,32.91,15.97,26.13,10.65,32.42,0.0,17.9,2.42,15.97,30.49,43.07,Austin Peay Governors
Ja'Corey Robinson,476.6,835.6,17.5,118.65936578614837,101.16036893781613,118.66,102.29,41.76,85.44,9.75,27.44,25.39,33.94,16.73,35.74,16.97,14.08,4.69,15.16,25.03,52.47,Austin Peay Governors
Matt Enright,318.5,581.0,15.53,112.63700558852834,97.11061719952129,112.64,98.43,38.99,86.99,12.65,39.34,22.01,30.67,15.42,32.4,12.82,16.29,3.29,13.86,25.47,47.82,Austin Peay Governors
Creighton Morisch,264.1,453.6,14.43,112.9815840018077,98.55290763354671,112.98,103.49,38.64,86.77,12.88,36.61,22.82,31.18,17.17,37.06,12.65,15.37,2.94,15.59,28.47,54.23,Austin Peay Governors
Anton Brookshire,688.9,1205.3,12.96,114.76924972786462,101.80782202484447,114.77,99.82,40.17,85.85,11.83,33.11,22.59,30.48,14.62,34.18,16.76,13.56,3.29,14.29,23.0,48.8,Austin Peay Governors
Rashaud Marshall,786.2,1397.3,12.48,116.96735547442667,104.48354348061709,116.97,102.51,41.9,86.56,11.91,31.9,21.27,29.35,14.6,33.03,17.01,13.33,3.33,14.11,22.9,47.63,Austin Peay Governors
Tyler Wagner,146.1,285.9,12.36,112.16912728225736,99.80738924881807,112.17,99.59,38.09,83.86,12.23,34.24,23.76,32.5,16.07,34.94,12.58,15.03,3.14,16.77,27.61,51.01,Austin Peay Governors
Tate McCubbin,815.0,1446.8,11.99,113.38235547366065,101.3939940356474,113.38,100.71,39.68,86.24,12.95,35.13,21.08,29.69,14.74,35.89,14.95,13.36,2.96,14.4,22.87,50.63,Austin Peay Governors
Zyree Collins,795.5,1412.6,10.84,114.51971370071574,103.6803666046112,114.52,101.36,40.88,87.64,12.74,34.51,20.02,27.79,15.82,33.04,16.59,13.16,3.15,14.98,22.12,48.86,Austin Peay Governors
Collin Parker,851.8,1503.8,9.69,115.82707875848055,106.1385604156475,115.83,103.11,40.71,86.07,12.19,33.17,22.22,30.02,14.88,34.15,16.13,12.06,2.75,14.55,21.43,49.03,Austin Peay Governors
Hansel Enmanuel,64.0,114.4,-2.68,91.26169290440338,93.94002935625917,91.26,102.21,30.12,80.31,6.39,29.2,24.64,33.77,16.43,29.2,0.91,15.51,6.39,20.08,46.54,45.63,Austin Peay Governors
Dominique Diomande,146.9,271.5,21.26,118.73156342182891,97.47126436781609,118.73,97.71,38.35,80.38,8.85,29.87,33.19,41.3,17.7,32.82,9.22,14.75,4.42,17.7,25.81,50.52,BYU Cougars
Tyler Mrus,206.6,373.3,19.87,123.95805324011833,104.08326661329063,123.96,104.87,41.41,87.66,14.79,37.11,26.35,33.34,18.82,37.11,14.25,11.56,6.45,15.33,22.32,55.93,BYU Cougars
Khadim Mboup,467.2,805.6,17.95,120.64734569626935,102.69449009333044,120.65,102.88,42.74,88.96,11.18,30.94,23.98,33.17,19.51,39.51,12.67,9.44,5.72,14.79,23.36,59.02,BYU Cougars
Richie Saunders,678.6,1197.2,17.29,122.14753962326779,104.86041035990581,122.15,103.48,42.57,88.62,12.28,35.43,24.73,32.86,18.42,36.76,12.53,10.95,6.72,14.19,21.33,55.18,BYU Cougars
AJ Dybantsa,1099.1,1923.5,11.46,118.13367350883297,106.66946363719796,118.13,104.84,41.75,88.03,11.18,33.91,23.45,31.6,17.78,36.44,13.3,9.74,6.13,14.74,21.44,54.22,BYU Cougars
Dawson Baker,93.7,161.5,10.93,114.39057959932713,103.46449286722057,114.39,100.93,41.6,87.48,13.46,36.09,17.74,25.08,12.85,45.27,0.0,5.51,4.28,13.46,22.02,58.12,BYU Cougars
Robert Wright III,1098.7,1918.2,10.48,117.69439433073319,107.20969493921031,117.69,106.32,41.74,88.26,11.94,34.47,22.27,29.75,17.34,36.7,13.71,9.71,6.33,14.95,21.03,54.04,BYU Cougars
Abdullah Ahmed,232.0,398.3,9.03,116.59192825112108,107.56089844985763,116.59,105.88,39.61,82.21,12.21,31.89,25.16,35.87,17.69,40.36,17.19,6.48,8.97,18.44,23.17,58.05,BYU Cougars
Keba Keita,684.2,1179.2,7.46,115.00265816055291,107.53915414368143,115.0,108.2,41.77,91.7,11.23,35.9,20.24,26.79,18.54,36.49,12.42,10.72,6.12,14.12,20.41,55.03,BYU Cougars
Kennard Davis Jr.,878.1,1521.9,6.47,115.812189380068,109.3376029579255,115.81,108.29,40.94,87.5,11.51,34.2,22.43,30.87,17.13,35.57,14.52,9.94,6.54,14.98,21.45,52.7,BYU Cougars
Mihailo Boškovic,330.8,582.1,3.84,116.23553437712731,112.39755431247562,116.24,110.28,41.01,87.13,12.25,34.72,21.95,29.95,17.36,35.74,13.78,8.17,5.96,16.0,24.0,53.1,BYU Cougars
Aleksej Kostic,283.9,488.7,-0.51,110.46192259675405,110.97126075099644,110.46,105.67,40.75,88.89,12.38,37.95,16.58,22.97,16.78,34.56,13.78,9.39,3.0,16.98,22.37,51.34,BYU Cougars
Jai Anthoni Bearden,59.5,97.4,60.32,135.71428571428572,75.39375161373611,135.71,74.49,47.96,84.69,9.18,25.51,30.61,40.82,13.27,40.82,16.33,14.29,4.08,9.18,25.51,54.09,Ball State Cardinals
Kody Clancy,45.5,78.4,51.44,120.72184194150593,69.28104575163398,120.72,65.96,46.05,80.9,7.47,27.38,21.16,32.36,13.69,43.56,17.42,16.18,2.49,17.42,17.42,57.25,Ball State Cardinals
Davion Hill,802.4,1308.8,-1.33,106.34941751078509,107.67842399339489,106.35,106.58,38.16,86.58,11.17,32.69,18.85,27.44,14.75,32.69,13.0,11.93,4.18,15.13,24.86,47.44,Ball State Cardinals
Devon Barnes,604.9,1010.4,-1.77,103.2371810568588,105.00525026251313,103.24,102.85,37.51,86.39,11.36,33.2,16.85,23.7,13.03,31.74,13.61,12.93,4.21,15.38,22.82,44.77,Ball State Cardinals
Preston Copeland,531.0,858.4,-3.28,104.7223754099788,108.00385728061717,104.72,107.28,38.2,86.15,12.31,33.9,16.02,24.03,14.63,34.71,14.16,11.26,4.41,17.07,25.08,49.34,Ball State Cardinals
Armoni Zeigler,950.2,1547.3,-4.18,102.84002126391418,107.02189378838708,102.84,106.38,36.34,85.57,10.76,32.22,19.4,27.26,14.82,34.09,11.73,11.02,3.93,16.3,24.94,48.91,Ball State Cardinals
Mason Jones,931.6,1513.2,-4.45,101.24000920961747,105.6911918474382,101.24,104.73,36.9,87.89,11.12,34.34,16.31,23.29,14.34,32.89,12.1,11.84,3.82,15.39,24.01,47.23,Ball State Cardinals
Juwan Maxey,404.2,669.1,-4.5,97.36851900100496,101.86400630086636,97.37,101.09,33.65,87.24,10.57,37.22,19.5,28.73,18.01,36.18,7.44,9.38,4.02,17.12,25.76,54.19,Ball State Cardinals
Elmore James IV,709.0,1153.7,-6.39,96.91285658460338,103.30507008132896,96.91,103.69,34.56,86.67,9.73,34.74,18.06,25.88,14.5,33.87,12.59,11.98,4.52,15.54,24.32,48.37,Ball State Cardinals
Kayden Fish,406.4,661.2,-8.28,98.37045896247571,106.64830540892052,98.37,104.2,35.73,89.1,10.02,32.44,16.89,24.52,15.55,32.14,11.81,11.06,2.84,14.8,25.86,47.69,Ball State Cardinals
Cam Denson,379.0,631.0,-9.52,94.96402877697841,104.48581978160105,94.96,106.31,32.61,82.49,9.43,34.21,20.3,28.78,14.39,35.01,8.63,11.67,6.08,18.23,22.38,49.4,Ball State Cardinals
Joey Hart,77.1,129.7,-12.61,93.73828271466067,106.34920634920636,93.74,100.49,36.75,88.49,6.75,30.75,13.5,19.5,13.5,33.75,4.5,10.5,5.25,15.75,25.5,47.25,Ball State Cardinals
Cameron Carr,1020.6,1776.2,7.92,117.5050527734112,109.5882676754132,117.51,108.97,41.83,88.31,12.24,34.7,21.61,28.74,18.13,33.97,15.61,9.49,5.89,16.17,23.58,52.1,Baylor Bears
Dan Skillings Jr.,646.8,1140.1,7.44,117.22534813495251,109.78551982115586,117.23,107.75,41.45,88.03,11.12,32.59,23.2,30.33,18.34,34.24,12.95,9.3,5.3,15.9,21.64,52.58,Baylor Bears
Caden Powell,713.0,1231.2,7.08,114.97141930514454,107.89040092756453,114.97,107.51,40.3,87.89,12.08,35.59,22.3,31.3,18.57,35.03,15.97,9.41,5.84,15.81,23.76,53.6,Baylor Bears
Isaac Williams IV,732.7,1242.8,3.48,119.4307431066548,115.94899205252938,119.43,117.09,42.94,88.46,12.37,34.2,21.19,30.08,18.6,31.29,16.66,9.22,5.58,15.85,24.18,49.89,Baylor Bears
Michael Rataj,710.7,1228.3,2.9,116.77581247322357,113.87264457439896,116.78,114.41,41.86,88.3,11.59,33.62,21.46,29.62,19.01,33.29,12.65,9.63,6.28,16.65,23.5,52.3,Baylor Bears
Obi Agbim,1010.6,1753.8,2.19,113.08368535220916,110.89120189090286,113.08,111.14,40.87,87.4,11.25,34.59,20.09,27.86,17.24,33.62,15.01,9.25,5.54,16.61,24.09,50.86,Baylor Bears
Tounde Yessoufou,981.9,1703.6,0.95,113.41170965666491,112.45949926362297,113.41,111.66,40.53,88.73,11.05,34.57,21.29,28.78,18.66,33.05,14.39,9.65,5.21,16.26,22.75,51.71,Baylor Bears
James Nnaji,132.5,221.0,-24.34,93.21359554393543,117.55432946740231,93.21,118.68,32.28,80.94,9.09,32.74,19.55,28.65,18.19,34.1,17.28,8.18,8.18,23.64,27.74,52.29,Baylor Bears
Tommy Clark,36.4,64.2,9.7,102.05635948210205,92.35668789808918,102.06,88.35,39.6,89.87,10.66,38.08,12.19,21.33,16.76,39.6,3.05,13.71,4.57,16.76,16.76,56.36,Bellarmine Knights
Jacob Wassler,268.9,437.6,6.96,121.99916602132603,115.0384193194292,122.0,124.86,42.89,84.35,14.06,34.55,22.16,26.93,11.44,37.41,17.87,12.15,4.77,14.3,26.69,48.85,Bellarmine Knights
Sam Donald,750.3,1221.2,0.56,120.36526322240606,119.8096175939603,120.37,119.3,43.55,81.8,13.32,33.42,19.94,25.25,8.91,33.91,17.81,8.58,2.86,15.12,23.45,42.82,Bellarmine Knights
Kenyon Goodin,949.0,1550.5,0.45,120.66789166733243,120.22195824451207,120.67,118.05,43.59,82.96,13.74,34.83,19.75,25.25,9.33,33.68,17.45,8.37,2.68,14.38,24.03,43.01,Bellarmine Knights
Tyler Doyle,691.7,1131.6,-2.86,122.21102003243764,125.06959445916755,122.21,123.09,44.27,83.72,13.33,33.93,20.34,25.77,9.38,31.74,19.99,8.15,2.98,13.41,24.37,41.12,Bellarmine Knights
Darrius Bolden,261.2,433.5,-3.25,113.92699372239015,117.175878246939,113.93,119.04,40.69,79.52,11.86,33.25,20.69,26.97,7.91,33.25,9.77,11.63,3.26,15.58,29.06,41.16,Bellarmine Knights
Brian Waddell,926.4,1535.9,-3.42,120.24308602255371,123.66292721106183,120.24,123.23,43.16,81.7,12.87,32.76,21.06,27.17,9.49,31.52,16.64,8.38,2.34,14.88,24.63,41.01,Bellarmine Knights
Grant Whitaker,189.0,309.6,-6.13,116.8628096452967,122.98914335525795,116.86,127.73,44.77,80.98,10.86,27.98,16.46,22.71,10.53,30.94,7.57,12.51,2.63,18.76,25.35,41.47,Bellarmine Knights
Michael Wilson Jr.,346.3,575.8,-6.55,112.8231914337947,119.36936936936935,112.82,119.96,41.96,81.31,10.27,31.17,18.63,25.42,9.92,33.08,10.27,10.62,2.09,16.54,23.85,43.0,Bellarmine Knights
Jack Karasinski,836.2,1375.5,-6.73,119.90002337582939,126.63065446661521,119.9,123.93,43.01,82.35,13.45,33.88,20.43,26.4,9.35,31.93,16.83,7.41,2.59,14.46,25.53,41.28,Bellarmine Knights
4823976,55.2,93.9,-6.81,129.2030712205454,136.01070950468542,129.2,134.5,38.13,66.72,13.77,28.59,39.18,45.54,8.47,23.3,11.65,11.65,0.0,20.12,33.89,31.77,Bellarmine Knights
Donovan Hunter,346.1,591.9,-9.34,109.2429802850559,118.58666109136524,109.24,121.02,39.6,80.91,12.8,34.31,17.24,21.51,8.36,34.48,16.73,8.19,2.05,17.24,25.95,42.84,Bellarmine Knights
Myles Watkins,291.2,486.1,-12.31,109.73302501576624,122.04209042392509,109.73,127.39,38.68,77.78,11.56,30.9,20.81,27.75,9.46,31.95,11.77,8.41,3.15,18.5,22.28,41.41,Bellarmine Knights
5106735,54.5,94.7,-12.83,127.59170653907496,140.42441708147763,127.59,142.48,42.53,68.05,10.63,26.58,31.9,40.4,7.44,26.58,12.76,8.51,0.0,20.2,29.77,34.02,Bellarmine Knights
5254207,49.2,87.9,-17.32,121.21212121212122,138.52813852813853,121.21,134.68,38.16,71.83,10.1,30.3,34.79,40.4,6.73,21.32,7.86,12.35,0.0,15.71,24.69,28.05,Bellarmine Knights
5175850,52.6,88.7,-21.92,117.48093758825189,139.40415964024731,117.48,140.07,35.02,65.52,11.3,29.37,36.15,44.06,6.78,24.85,11.3,6.78,0.0,20.33,37.28,31.63,Bellarmine Knights
5312902,32.2,50.2,-28.04,106.06833248342681,134.11078717201167,106.07,140.74,30.6,69.35,10.2,34.68,34.68,38.76,6.12,18.36,10.2,12.24,0.0,18.36,40.8,24.48,Bellarmine Knights
Nic McClain,373.4,676.7,24.53,120.99018602607295,96.46278280964627,120.99,94.77,44.68,83.78,15.38,37.21,16.26,25.19,14.06,39.84,6.15,10.25,4.1,18.31,22.85,53.9,Belmont Bruins
Cooper Haynes,45.4,85.5,24.52,105.7217542840546,81.20035304501324,105.72,80.16,39.5,87.13,15.1,47.63,11.62,19.75,11.62,34.85,13.94,13.94,3.49,15.1,22.07,46.47,Belmont Bruins
4683944,32.7,61.8,22.59,125.88512981904015,103.29029571012079,125.89,97.56,42.49,80.25,15.74,31.47,25.18,28.32,9.44,36.19,25.18,11.01,3.15,15.74,26.75,45.63,Belmont Bruins
Brigham Rogers,558.4,948.3,21.98,118.10561161834588,96.12580712351593,118.11,98.56,43.36,83.83,14.84,37.7,16.55,23.71,13.24,40.15,15.38,9.08,4.16,18.15,26.27,53.39,Belmont Bruins
Jabez Jenkins,754.2,1302.9,18.97,118.50356248422607,99.53154930111707,118.5,101.89,42.63,80.61,14.44,35.8,18.79,27.26,12.97,40.07,14.99,9.4,5.13,19.41,25.01,53.04,Belmont Bruins
Sam Orme,706.5,1262.2,14.91,117.47603331761749,102.56615077383924,117.48,100.9,43.61,83.29,15.32,39.53,14.93,23.26,12.1,37.4,15.17,9.59,4.87,17.76,22.47,49.5,Belmont Bruins
Tyler Lundblade,1047.2,1838.7,14.27,120.63585595478834,106.36917171772957,120.64,103.17,44.41,84.37,16.28,39.05,15.53,22.98,12.8,36.86,18.43,8.2,4.93,17.52,23.62,49.66,Belmont Bruins
Eoin Dillon,469.2,836.9,12.8,120.04350254254726,107.2447926155341,120.04,103.82,41.74,84.42,17.28,41.39,19.28,28.1,14.23,34.68,19.63,8.0,4.7,16.46,25.75,48.91,Belmont Bruins
Isaiah West,510.0,872.5,11.68,112.55152637553019,100.86717136958019,112.55,109.45,38.95,76.59,12.67,34.89,21.98,33.69,11.11,40.62,19.59,10.51,5.5,18.52,29.39,51.73,Belmont Bruins
Jack Smiley,498.3,880.5,9.32,119.76638973430947,110.44714609519886,119.77,102.88,44.53,84.67,17.33,39.81,13.38,20.73,12.39,34.99,21.94,6.47,5.05,17.88,22.81,47.38,Belmont Bruins
Drew Scharnowski,632.1,1106.7,9.18,116.70340157695018,107.52301818998428,116.7,108.8,42.9,81.71,15.27,36.27,15.63,26.45,13.27,38.72,19.36,8.27,5.82,19.0,24.18,51.99,Belmont Bruins
Aidan Noyes,191.1,357.4,5.53,122.81570569508314,117.28096258903258,122.82,119.99,44.71,85.18,18.68,44.15,14.72,24.05,9.62,33.96,25.19,5.09,3.96,13.02,24.62,43.58,Belmont Bruins
Win Miller,226.4,415.8,-10.8,104.28261761087352,115.0830400691486,104.28,109.2,37.03,84.36,11.25,35.39,18.98,26.01,15.23,33.98,11.01,6.8,4.69,18.51,24.14,49.21,Belmont Bruins
Doctor Bradley,173.6,311.8,28.22,113.57671200190886,85.36092474335139,113.58,83.99,40.72,81.44,6.36,21.32,25.77,40.4,16.86,39.13,19.41,10.82,7.64,16.23,22.59,55.99,Bethune-Cookman Wildcats
Seneca Willoughby,617.8,1083.0,6.2,110.53652230122817,104.33979686057249,110.54,104.35,39.15,79.32,8.87,24.19,23.36,33.61,13.85,35.92,16.44,8.68,6.09,18.56,23.82,49.77,Bethune-Cookman Wildcats
Tyler Andrews,479.6,861.3,3.17,103.05808622990773,99.88675629373674,103.06,99.81,37.02,76.83,8.59,25.42,20.43,29.48,12.3,35.28,18.69,9.28,6.96,21.47,25.3,47.58,Bethune-Cookman Wildcats
Ariel Bland,500.1,914.8,2.6,106.84954234991567,104.25388251181633,106.85,106.74,37.72,79.53,8.63,25.77,22.79,32.85,16.48,37.61,13.38,10.4,9.07,21.35,24.78,54.09,Bethune-Cookman Wildcats
Jakobi Heady,907.1,1624.2,2.46,107.19514262378449,104.73071660286273,107.2,104.98,37.97,79.27,8.51,24.29,22.75,32.61,14.18,35.57,15.84,9.74,6.84,19.42,24.6,49.75,Bethune-Cookman Wildcats
Arterio Morris,666.6,1207.5,1.57,109.27152317880795,107.70282305668897,109.27,107.62,38.41,81.04,7.04,22.02,25.41,36.42,16.8,34.93,13.0,10.26,7.12,18.46,25.5,51.73,Bethune-Cookman Wildcats
Daniel Rouzan,632.6,1121.4,-0.31,106.63721700717836,106.94513210604492,106.64,104.96,38.7,81.72,8.3,24.47,20.94,30.48,13.69,34.37,16.26,9.1,5.74,17.49,24.65,48.06,Bethune-Cookman Wildcats
Quentin Heady,639.6,1155.1,-4.25,105.99878461672019,110.24539744890251,106.0,110.86,36.72,76.92,8.85,23.01,23.7,31.6,12.5,34.03,14.67,9.9,6.34,20.57,26.13,46.53,Bethune-Cookman Wildcats
Jordan Johnson,383.9,702.0,-13.33,100.39249576896762,113.72203628677117,100.39,116.24,35.14,77.92,9.07,26.65,21.03,30.1,13.4,35.29,11.52,10.23,8.07,21.17,25.35,48.69,Bethune-Cookman Wildcats
Rickey Mitchell Jr.,169.4,317.0,-27.19,91.84078811472153,119.02897415818323,91.84,120.76,32.73,86.12,9.22,31.14,17.16,23.2,14.94,30.83,6.04,12.39,7.31,17.8,26.38,45.77,Bethune-Cookman Wildcats
David Onanina,48.3,90.1,-41.98,78.81210736721873,120.787274197897,78.81,127.93,30.84,78.81,5.71,19.42,11.42,20.56,15.99,39.98,3.43,8.0,5.71,27.41,23.99,55.97,Bethune-Cookman Wildcats
Dailon Minor,29.7,59.8,-59.86,91.64191769198133,151.50267599835323,91.64,156.13,27.15,57.7,8.49,27.15,28.85,39.03,6.79,22.06,16.97,8.49,3.39,30.55,33.94,28.85,Bethune-Cookman Wildcats
Stephan Snagg,517.6,834.6,-7.52,105.93486922915605,113.45393554570504,105.93,113.48,37.75,79.09,9.71,26.96,20.73,28.88,9.83,38.11,14.62,6.59,3.6,17.02,27.08,47.94,Binghamton Bearcats
Ryan Richardson,543.0,877.5,-7.94,101.14416475972541,109.08678131562517,101.14,109.95,34.55,77.57,7.78,26.77,24.26,32.04,11.33,38.1,9.95,8.12,4.92,18.54,23.46,49.43,Binghamton Bearcats
Jackson Benigni,937.5,1522.6,-9.21,104.65192144581457,113.85876752181963,104.65,112.35,36.01,76.53,8.55,25.45,24.08,32.1,9.4,36.47,11.87,8.09,4.37,17.62,25.64,45.87,Binghamton Bearcats
Zyier Beverly,708.5,1141.5,-9.94,98.86561954624781,108.80225168766631,98.87,107.94,34.47,76.35,6.81,21.47,23.12,31.41,10.3,37.87,11.43,8.81,5.15,19.02,24.35,48.17,Binghamton Bearcats
Jake Blackburn,218.6,367.7,-10.86,107.9044735956946,118.76288659793815,107.9,116.25,38.48,74.0,8.34,25.56,22.6,30.95,4.31,34.44,16.95,7.53,2.42,15.61,28.25,38.75,Binghamton Bearcats
Wes Peterson Jr.,983.2,1605.4,-12.88,100.94304504280929,113.81935867169055,100.94,112.92,35.3,76.68,7.82,23.51,22.52,30.28,8.44,36.79,13.03,7.88,4.16,17.37,25.31,45.23,Binghamton Bearcats
Jeremiah Quigley,1101.6,1793.0,-13.22,101.79367862912692,115.00985637848493,101.79,112.78,35.46,77.66,7.84,23.42,23.03,30.88,10.33,35.68,12.37,7.68,4.14,18.01,24.97,46.01,Binghamton Bearcats
Bryson Wilson,773.6,1255.0,-17.06,98.53978345087911,115.60047134953764,98.54,114.99,33.14,76.69,7.55,24.24,24.71,32.18,11.28,35.52,9.93,7.95,4.77,19.31,25.03,46.8,Binghamton Bearcats
Demetrius Lilley,360.8,592.5,-19.16,94.63194037350307,113.79002423778543,94.63,112.05,31.32,75.87,6.87,25.46,25.12,33.16,14.24,35.68,1.17,7.37,4.02,22.61,23.28,49.92,Binghamton Bearcats
RJ Keene II,652.0,1063.6,12.05,114.08587159431936,102.0317504851418,114.09,103.12,38.19,84.5,12.1,36.48,25.61,32.23,17.49,37.9,12.0,8.22,3.59,17.68,24.1,55.39,Boise State Broncos
Bhan Buom,71.9,120.9,11.66,115.42453809424953,103.76775787523162,115.42,104.63,38.2,74.74,11.63,31.55,27.4,35.71,17.44,34.05,20.76,6.64,1.66,25.74,37.37,51.49,Boise State Broncos
Dominic Parolin,515.7,850.5,7.92,113.59171280585818,105.67571490782406,113.59,108.35,36.55,83.23,13.34,37.74,27.15,34.05,16.91,38.1,13.1,7.86,3.33,17.5,27.98,55.01,Boise State Broncos
Pearson Carmichael,553.2,926.5,7.13,113.82373278017128,106.69587840613445,113.82,103.61,38.93,84.68,12.55,37.13,23.4,29.57,14.57,38.19,12.77,5.85,3.62,15.85,27.45,52.76,Boise State Broncos
Javan Buchanan,821.8,1363.2,6.51,113.6896046852123,107.1782997022825,113.69,106.73,37.04,82.8,11.57,34.92,28.04,35.14,15.81,37.77,10.54,6.52,2.86,16.33,21.3,53.58,Boise State Broncos
Aginaldo Neto,586.1,1003.8,6.45,108.97116056281808,102.5258552108194,108.97,102.88,34.83,76.64,11.97,32.23,27.34,35.53,12.37,36.52,11.88,7.68,2.79,18.86,26.44,48.89,Boise State Broncos
Julian Bowie,38.6,70.1,5.73,106.30758327427357,100.57471264367817,106.31,99.22,39.69,86.46,7.09,22.68,19.84,25.51,19.84,31.18,0.0,12.76,0.0,21.26,22.68,51.02,Boise State Broncos
Andrew Meadow,917.0,1520.3,4.11,113.17905793533562,109.06993986325068,113.18,108.65,37.49,82.26,11.95,34.01,26.26,33.48,15.1,35.71,12.01,6.76,2.82,16.94,22.58,50.81,Boise State Broncos
Drew Fielder,727.4,1209.1,4.0,112.76121994566218,108.75981161695447,112.76,106.14,38.4,83.51,10.54,33.42,25.41,31.62,14.3,36.2,12.17,6.46,3.02,15.77,21.9,50.5,Boise State Broncos
Dylan Andrews,899.5,1493.9,2.07,113.35681025418496,111.28637111118569,113.36,110.69,37.45,84.72,11.48,36.32,26.97,33.58,16.76,36.12,11.15,6.08,3.14,16.09,22.83,52.88,Boise State Broncos
Spencer Ahrens,397.8,668.9,0.78,109.36513243434005,108.58775755752745,109.37,107.28,38.04,82.47,12.93,35.96,20.36,26.9,14.86,33.58,12.78,6.09,2.82,19.61,32.1,48.44,Boise State Broncos
Jayden Hastings,613.4,1005.4,0.89,103.54237075979471,102.64769808338272,103.54,104.04,37.45,87.22,11.62,37.25,17.02,27.54,16.62,39.55,14.02,7.51,6.61,16.32,25.23,56.17,Boston College Eagles
Marko Radunovic,137.5,227.6,-2.87,90.83927591881515,93.70875494940607,90.84,93.47,30.28,87.77,8.34,39.93,21.94,28.52,19.75,44.32,3.51,5.27,9.65,18.43,23.7,64.07,Boston College Eagles
Chase Forte,657.6,1101.3,-4.35,102.13662491126023,106.48544038885639,102.14,108.37,36.09,88.03,10.63,36.82,19.33,28.67,15.76,38.11,12.18,8.06,6.14,14.11,23.82,53.87,Boston College Eagles
Donald Hand Jr.,758.0,1269.8,-5.05,99.40200388103442,104.4554067809882,99.4,105.66,35.48,87.28,10.46,36.35,17.98,26.77,15.52,38.57,9.82,7.21,6.49,15.52,24.4,54.09,Boston College Eagles
Fred Payne,967.5,1611.7,-5.55,100.92457117952868,106.47539843254856,100.92,107.21,36.42,87.91,11.08,36.92,17.0,27.02,15.57,37.73,11.95,7.78,6.04,14.82,25.03,53.3,Boston College Eagles
Luka Toews,566.0,933.2,-5.98,99.66706046611534,105.64302707904514,99.67,106.11,36.41,87.96,11.06,36.95,15.79,25.35,15.36,38.56,13.64,6.34,6.01,15.36,26.85,53.92,Boston College Eagles
Aidan Shaw,710.5,1169.8,-6.23,100.35165966206362,106.57692963026068,100.35,107.3,35.68,87.23,10.72,36.45,18.27,27.79,15.01,37.05,11.24,8.41,6.26,14.58,24.96,52.06,Boston College Eagles
Boden Kapke,758.6,1272.3,-9.8,97.38034272207997,107.18416152112124,97.38,107.7,35.45,88.16,10.64,36.64,15.84,24.42,15.28,38.76,12.13,6.3,5.36,15.52,24.58,54.04,Boston College Eagles
Jason Asemota,124.7,211.0,-10.89,100.69195895967549,111.5819209039548,100.69,113.1,36.75,94.49,10.98,34.84,16.23,27.68,20.52,38.65,8.11,5.73,7.16,12.88,23.86,59.17,Boston College Eagles
Caleb Steger,296.0,482.0,-18.94,91.3213448006255,110.26223415238488,91.32,111.34,30.65,81.94,10.84,38.15,19.18,32.32,15.01,38.15,15.43,6.05,4.8,17.72,25.85,53.16,Boston College Eagles
Ben Defty,938.8,1480.7,7.25,115.12090705374763,107.87589498806682,115.12,105.82,41.81,81.21,13.85,33.25,17.66,24.21,11.3,37.86,16.19,7.36,5.55,18.6,21.87,49.16,Boston University Terriers
Donte Tisinger Jr.,554.4,891.5,6.11,119.00658322267115,112.89245156980627,119.01,114.6,42.38,82.5,15.48,36.73,18.76,25.65,11.3,37.97,16.95,7.8,3.5,16.61,26.11,49.27,Boston University Terriers
Sam Hughes,977.9,1554.3,3.69,115.65521894175474,111.96289377053405,115.66,111.67,40.93,82.95,14.97,37.65,18.83,24.8,12.27,37.07,15.1,7.52,5.46,17.54,25.06,49.34,Boston University Terriers
Azmar Abdullah,971.5,1553.1,3.57,116.00250365115794,112.4350156608221,116.0,111.77,41.15,82.04,13.87,35.56,19.84,27.67,12.71,36.72,15.54,7.0,5.26,17.53,25.16,49.43,Boston University Terriers
Malcolm Chimezie,290.6,465.4,2.07,114.60258780036968,112.53251234141939,114.6,115.25,39.58,83.29,15.44,38.06,20.01,27.4,15.66,37.62,9.13,6.31,5.65,19.35,28.27,53.28,Boston University Terriers
Michael McNair,1180.6,1876.6,0.62,115.01122222664915,114.39262327943338,115.01,113.68,40.9,82.45,14.08,35.33,19.12,25.66,12.06,36.65,15.03,7.01,4.99,17.42,24.44,48.71,Boston University Terriers
Chance Gladden,1057.8,1683.1,0.32,113.40007985921116,113.08369386841713,113.4,112.1,40.11,82.23,13.13,34.37,20.05,26.09,11.83,37.68,14.97,7.04,4.91,17.21,24.08,49.51,Boston University Terriers
Quinn Nielsen,230.4,365.7,-8.96,104.24548129466163,113.2025096782806,104.25,118.82,36.43,87.99,13.17,41.19,18.21,24.1,14.01,38.11,7.85,8.97,3.08,14.57,29.42,52.12,Boston University Terriers
Ben Roy,284.7,447.5,-11.84,107.6002460712488,119.43963833231008,107.6,119.68,39.15,85.01,15.21,39.37,14.09,22.15,13.65,33.78,0.0,7.38,5.15,18.12,27.07,47.43,Boston University Terriers
Ethan Okwuosa,152.6,250.4,-14.49,106.03653693407466,120.53033346725593,106.04,119.14,39.71,84.59,13.11,39.32,13.5,19.06,12.31,28.59,3.57,9.53,5.16,18.67,24.62,40.9,Boston University Terriers
Jason Kimbrough Jr.,63.2,131.4,53.35,124.18942817842407,70.83563918096291,124.19,75.46,40.87,84.1,8.65,28.3,33.8,40.09,18.08,41.66,3.93,19.65,4.72,14.93,27.51,59.74,Bowling Green Falcons
Makhi Leach,201.4,379.6,20.28,117.38268341044282,97.10648907551999,117.38,97.82,38.07,79.05,8.46,25.64,32.78,39.66,12.69,32.78,11.1,14.54,5.02,14.81,22.74,45.47,Bowling Green Falcons
Camden Karel,85.7,161.0,19.16,116.90363349131121,97.73976786805132,116.9,101.11,37.28,82.78,10.11,33.49,32.23,44.23,16.43,38.55,8.21,13.27,5.69,12.64,32.23,54.98,Bowling Green Falcons
Justin Thomas,750.4,1337.3,13.34,110.08016627078385,96.73591622247754,110.08,95.31,39.79,84.03,9.5,27.46,21.01,29.1,13.81,35.48,11.58,14.18,5.12,15.96,23.9,49.29,Bowling Green Falcons
Aiden Goins,194.3,362.6,12.7,104.14791219444636,91.44583276122478,104.15,92.24,37.39,80.33,8.03,25.21,21.33,27.42,12.74,40.99,11.36,14.13,1.94,19.39,21.05,53.73,Bowling Green Falcons
Troy Glover II,710.0,1212.7,12.57,112.7441936740258,100.17414379301766,112.74,99.05,41.33,84.54,9.84,25.99,20.25,29.27,14.76,35.09,13.94,13.53,6.31,16.32,23.04,49.85,Bowling Green Falcons
Javontae Campbell,1032.8,1841.9,12.22,112.24393847807106,100.01920280909664,112.24,97.95,40.08,83.34,9.62,27.56,22.46,30.9,14.08,34.82,12.63,13.76,5.27,16.07,24.34,48.9,Bowling Green Falcons
Josiah Shackelford,689.2,1258.1,11.62,113.06383147538384,101.44321688066088,113.06,101.08,39.27,82.75,10.31,28.96,24.2,33.8,13.96,35.23,11.82,13.65,4.44,15.15,24.44,49.19,Bowling Green Falcons
Javon Ruffin,686.7,1211.4,10.15,111.07497154008783,100.92627520013411,111.07,97.9,39.6,83.1,10.25,29.27,21.63,29.92,14.64,34.88,12.44,12.2,4.55,17.32,25.21,49.52,Bowling Green Falcons
Sam Towns,968.0,1702.4,10.06,109.09037790145639,99.03299623532885,109.09,97.99,38.8,83.32,9.35,27.81,22.15,30.56,14.43,35.29,13.26,13.21,5.14,16.59,24.48,49.72,Bowling Green Falcons
Mayar Wol,595.8,1087.4,8.92,113.94712853236098,105.03119853401684,113.95,103.19,39.74,82.59,10.03,29.08,24.43,32.82,13.4,33.82,11.94,13.22,5.74,15.22,23.7,47.22,Bowling Green Falcons
AJ Smith,838.9,1406.5,10.11,113.7220564321581,103.61045298631493,113.72,104.72,39.1,86.2,13.94,36.81,21.59,29.95,14.65,33.95,14.01,12.29,4.65,14.22,27.45,48.6,Bradley Braves
Corey Thomas,601.9,1000.7,8.01,110.56566724567631,102.55393007686587,110.57,104.12,37.56,85.39,13.49,36.75,21.95,29.91,13.39,35.24,13.29,11.38,4.83,13.8,26.79,48.63,Bradley Braves
Jaquan Johnson,987.8,1650.8,6.86,111.10438729198184,104.24183620872624,111.1,104.02,38.43,86.78,12.1,34.37,22.15,30.26,14.52,35.22,12.65,11.62,4.48,13.37,27.11,49.74,Bradley Braves
Ahmet Jonovic,811.2,1339.0,6.28,112.6093978890433,106.33005383330239,112.61,107.58,38.99,85.49,13.37,34.63,21.26,29.6,13.45,35.08,14.05,10.67,5.63,13.9,25.77,48.53,Bradley Braves
Alex Huibregtse,1022.7,1723.7,4.71,110.45137487750043,105.73638884834331,110.45,104.4,38.1,86.93,13.49,37.12,20.75,28.36,14.18,33.61,12.68,11.18,4.32,13.78,24.73,47.79,Bradley Braves
Montana Wheeler,723.6,1224.4,3.66,110.66447908121411,107.00491929910152,110.66,107.96,38.56,86.55,12.96,35.52,20.59,29.53,14.11,32.9,13.7,10.25,3.86,13.54,29.86,47.01,Bradley Braves
Timoty van der Knaap,736.4,1242.1,1.43,109.00464324094163,107.57027831611757,109.0,109.17,37.15,87.11,12.0,35.04,22.71,30.9,16.79,36.17,12.41,10.71,4.3,15.0,27.98,52.96,Bradley Braves
Demarion Burch,563.2,962.2,1.36,107.36721873215306,106.00780234070221,107.37,105.81,37.38,87.33,12.15,34.99,20.46,28.87,14.33,33.95,9.66,11.11,4.26,13.29,28.87,48.28,Bradley Braves
Dietrich Richardson,110.9,192.6,-7.0,99.26470588235293,106.26283367556468,99.26,108.72,34.66,79.83,6.3,27.31,23.63,33.61,12.61,30.99,10.5,12.61,3.15,16.81,21.53,43.6,Bradley Braves
Matthew Zobrist,43.5,77.0,-8.59,101.3671223741247,109.95260663507109,101.37,116.04,33.34,78.69,13.34,34.68,21.34,28.01,5.34,37.35,16.01,12.0,2.67,13.34,20.01,42.69,Bradley Braves
Kai Yu,226.4,383.5,-9.63,99.49990257842437,109.12659470068695,99.5,108.33,34.81,87.29,11.43,35.33,18.45,26.76,13.51,30.92,13.25,10.39,2.34,13.51,30.14,44.43,Bradley Braves
Drew Kania,38.1,64.6,18.63,98.4759671746776,79.84644913627639,98.48,81.28,31.26,85.97,12.5,37.51,23.45,32.83,17.19,42.2,0.0,10.94,10.94,15.63,17.19,59.39,Brown Bears
Wyatt DeGraaf,116.6,195.6,6.67,98.49663037843442,91.82643794147326,98.5,94.35,35.77,77.76,10.89,30.07,16.07,22.81,12.96,36.81,5.18,13.48,7.78,24.36,19.7,49.77,Brown Bears
Brady Loughlin,216.3,366.6,4.8,103.45062274552508,98.65409578465533,103.45,98.28,38.66,84.39,11.16,32.94,14.97,23.68,14.7,39.2,0.0,10.07,6.81,19.06,25.05,53.9,Brown Bears
Luke Paragon,391.9,668.8,3.85,110.07820569573556,106.23224095472628,110.08,103.44,42.05,87.65,12.39,33.2,13.58,19.48,15.49,32.76,14.76,11.07,5.02,18.59,26.41,48.25,Brown Bears
David Rochester,463.5,803.7,-0.12,97.49483868979755,97.61613115989823,97.49,95.77,35.87,83.32,8.01,28.6,17.75,25.51,13.31,34.88,12.94,12.94,4.31,17.87,27.36,48.19,Brown Bears
N'famara Dabo,607.6,976.5,-0.83,100.65102821122247,101.48420652036027,100.65,103.34,38.44,87.42,9.09,29.97,14.67,21.91,17.98,37.72,11.78,11.57,6.41,20.15,27.38,55.7,Brown Bears
Jeremiah Jenkins,779.3,1308.9,-1.69,101.75812466702183,103.45290362161852,101.76,102.67,37.29,86.99,10.27,32.5,16.9,24.66,17.28,34.25,12.86,11.8,6.01,18.57,26.64,51.53,Brown Bears
Charlie O'Sullivan,205.8,360.3,-3.15,105.04885993485343,108.20021299254525,105.05,103.42,39.09,90.12,14.66,44.52,12.21,17.37,16.83,32.84,12.76,10.04,5.7,18.46,20.9,49.67,Brown Bears
Malcolm Wrisby-Jefferson,563.5,942.6,-3.71,97.11019710485552,100.81908925702547,97.11,102.24,36.96,84.08,9.4,30.34,13.78,21.15,13.78,37.07,11.54,10.79,4.27,19.66,27.14,50.85,Brown Bears
Isaiah Langham,544.3,921.1,-3.91,101.60500915976267,105.5127445168939,101.61,107.07,36.97,86.07,9.62,31.39,18.05,27.01,18.81,34.01,10.61,12.91,6.78,19.91,27.23,52.82,Brown Bears
Landon Lewis,607.8,1032.7,-5.37,98.29377744714549,103.65883444873236,98.29,101.85,37.44,87.25,8.93,30.52,14.49,21.98,16.32,35.61,15.45,10.85,5.38,18.62,25.82,51.93,Brown Bears
Adrian Uchidiuno,659.6,1103.8,-6.93,96.28405153868798,103.21236011055231,96.28,103.17,35.78,86.23,8.88,32.16,15.85,23.46,15.67,35.23,10.69,11.41,5.62,18.3,26.9,50.9,Brown Bears
5313076,45.5,72.8,0.24,109.3047388446904,109.06612133606,109.3,110.69,44.28,87.17,12.45,35.97,8.3,12.45,15.22,34.59,12.45,8.3,6.92,22.14,26.29,49.81,Bryant Bulldogs
Ethane Bourgade,168.9,272.8,-2.85,102.10545928824295,104.95942290351667,102.11,108.44,35.03,88.69,13.79,40.62,18.26,24.59,17.89,38.76,5.96,8.57,8.94,17.51,22.73,56.65,Bryant Bulldogs
Daniel Akoue,126.1,211.6,-3.09,103.81458232737808,106.90732384588686,103.81,111.54,32.35,74.36,9.66,33.32,29.45,36.7,9.17,37.66,11.59,9.66,7.24,17.38,25.59,46.83,Bryant Bulldogs
5313085,60.0,95.8,-5.51,110.50299713317698,116.0177684870656,110.5,115.72,40.66,79.23,11.47,36.49,17.72,23.98,11.47,32.32,9.38,8.34,5.21,20.85,22.93,43.79,Bryant Bulldogs
Gio Sanford,193.9,306.2,-5.78,100.23387905111927,106.0110162049972,100.23,110.93,32.41,84.53,10.02,39.09,25.39,36.08,20.38,40.43,10.36,8.35,7.68,18.71,29.4,60.81,Bryant Bulldogs
4702741,50.3,81.7,-5.85,106.66666666666667,112.51931993817618,106.67,110.3,40.0,80.0,9.7,32.73,16.97,24.24,13.33,36.36,10.91,6.06,7.27,21.82,25.45,49.69,Bryant Bulldogs
Jakai Robinson,400.3,623.6,-11.76,100.63923946893951,112.40188383045526,100.64,117.36,32.62,83.27,11.31,36.88,24.09,32.13,17.37,35.9,11.97,8.2,5.9,18.85,28.03,53.27,Bryant Bulldogs
Ty Tabales,733.3,1200.3,-12.55,98.63194602067557,111.18119507169591,98.63,109.11,34.5,83.94,12.63,40.94,17.0,22.86,14.69,34.91,9.99,9.74,6.19,19.89,23.61,49.6,Bryant Bulldogs
Keegan Harvey,723.6,1153.8,-13.18,98.3218078803938,111.5058520956387,98.32,110.21,33.69,81.6,12.49,38.26,18.44,24.21,14.3,36.45,11.46,8.36,5.6,21.2,24.21,50.75,Bryant Bulldogs
Aaron Davis III,624.3,1013.7,-14.83,97.63987942063082,112.47052984241222,97.64,111.07,34.21,84.5,13.72,42.74,15.49,21.27,14.9,33.72,13.14,9.12,6.47,20.29,23.82,48.62,Bryant Bulldogs
Timofei Rudovskii,859.2,1397.4,-15.59,97.41075695095836,113.00211607675752,97.41,110.58,33.84,83.61,12.53,39.86,17.2,22.44,14.65,34.9,10.05,9.06,5.52,20.39,24.21,49.55,Bryant Bulldogs
Ashley Sims II,856.4,1383.2,-15.68,97.6400064805314,113.31712097564517,97.64,112.4,33.19,82.81,12.67,39.68,18.58,25.13,14.83,34.56,10.66,9.36,5.9,20.09,24.34,49.39,Bryant Bulldogs
Quincy Allen,346.4,583.8,-16.52,90.93628477415496,107.45397588293353,90.94,107.0,31.96,82.22,10.26,38.8,16.75,23.76,14.02,36.75,4.44,11.28,7.18,20.51,25.98,50.77,Bryant Bulldogs
5313075,54.7,90.8,-21.11,101.23796423658872,122.34775420225958,101.24,122.15,36.31,77.03,8.8,34.11,19.81,27.51,12.1,29.71,8.8,7.7,6.6,22.01,25.31,41.81,Bryant Bulldogs
4683741,34.2,57.7,-22.01,100.85470085470085,122.86090390522158,100.85,119.66,34.19,85.47,6.84,34.19,25.64,34.19,15.38,25.64,8.55,8.55,3.42,13.68,30.77,41.02,Bryant Bulldogs
Khalil Williams,237.8,388.3,-23.1,93.01127214170693,116.1099311321362,93.01,116.2,31.18,82.96,11.59,39.68,19.07,24.48,14.17,35.3,10.56,8.5,4.12,19.58,26.28,49.47,Bryant Bulldogs
Lennart Weber,159.9,266.3,-23.31,89.56342514521266,112.87743391966892,89.56,112.42,32.6,87.69,11.24,45.72,13.12,17.24,16.11,32.6,4.87,10.12,5.62,20.24,22.48,48.71,Bryant Bulldogs
Quin Berger,484.0,808.8,-5.6,100.11489612768996,105.71331877057501,100.11,106.7,35.65,85.95,11.43,38.75,17.39,21.99,14.04,34.03,12.79,12.55,2.24,17.64,26.83,48.07,Bucknell Bison
Pat Curtin,673.6,1127.8,-7.65,104.75747714241437,112.40593993474062,104.76,112.11,36.93,84.12,10.98,34.45,19.92,25.59,13.9,34.27,16.47,10.27,2.3,17.62,26.92,48.17,Bucknell Bison
Jayden Williams,1059.6,1756.7,-10.99,100.7445224420336,111.7395029991431,100.74,110.96,35.4,84.07,11.4,36.64,18.55,24.11,13.78,33.58,12.08,10.66,2.67,18.27,25.41,47.36,Bucknell Bison
Brandon McCreesh,213.0,362.7,-11.27,102.3484051875219,113.61941563283847,102.35,117.49,33.37,76.55,11.78,33.65,23.83,32.25,11.78,35.61,0.0,8.69,3.93,19.91,31.41,47.39,Bucknell Bison
Achile Spadone,1141.2,1886.8,-13.24,98.67925276643003,111.91671314370701,98.68,111.42,35.48,84.03,10.89,35.91,16.82,22.26,13.64,33.42,12.8,10.74,2.43,19.04,25.86,47.06,Bucknell Bison
Amon Dörries,1061.7,1759.0,-15.7,98.63184431917968,114.33461703038084,98.63,113.53,35.29,82.6,10.82,35.63,17.22,22.32,12.63,33.09,12.69,9.91,2.44,19.43,25.55,45.72,Bucknell Bison
Grgur Brcic,296.0,475.1,-16.68,90.07186585041256,106.7471258388389,90.07,109.24,33.22,87.3,12.56,38.54,11.07,15.97,18.31,33.64,4.9,12.35,3.41,23.42,27.89,51.95,Bucknell Bison
Josh Fulton,81.4,150.5,-17.63,88.75441250630358,106.38647184370382,88.75,108.93,30.26,80.01,11.43,32.95,16.81,20.84,16.81,32.95,0.0,13.45,1.34,26.9,28.91,49.76,Bucknell Bison
Ruot Bijiek,340.8,575.9,-18.58,91.01152812689607,109.58904109589041,91.01,109.21,31.9,82.17,10.92,36.92,16.3,21.84,12.31,32.24,7.45,11.09,3.81,19.76,28.26,44.55,Bucknell Bison
Aleksander Pachucki,664.6,1090.6,-19.56,98.58864027538726,118.15080255535457,98.59,118.42,34.88,86.38,11.47,36.81,17.35,22.49,15.79,31.39,13.59,9.36,1.93,18.73,27.17,47.18,Bucknell Bison
Patrick O'Brien,181.4,290.9,-21.29,102.71485388206814,124.007173968742,102.71,125.54,36.31,82.31,10.38,33.2,19.71,25.59,10.72,32.51,18.68,8.3,3.46,16.25,24.55,43.23,Bucknell Bison
Jacob Meachem,296.0,505.5,-27.67,96.84062484303581,124.50679526523454,96.84,128.38,34.76,80.37,9.84,33.35,17.48,22.3,10.25,26.52,15.87,11.85,2.01,19.29,30.14,36.77,Bucknell Bison
Kyle Jones,186.5,306.1,8.46,118.2567326480333,109.80022022966807,118.26,118.6,37.04,82.58,11.89,36.36,32.28,43.84,18.69,35.0,12.91,12.91,4.08,15.29,29.56,53.69,Buffalo Bulls
Daniel Freitag,758.3,1299.5,7.83,118.81417432255077,110.98540775824048,118.81,111.71,38.6,80.91,14.13,36.21,27.48,36.13,13.9,32.89,12.51,11.5,3.09,15.83,24.32,46.79,Buffalo Bulls
Mikhail Pocknett,314.4,520.9,7.65,114.02643519431841,106.375023368854,114.03,112.25,36.89,81.67,10.85,32.55,29.39,40.24,16.77,38.27,12.23,9.86,3.75,15.98,26.63,55.04,Buffalo Bulls
Noah Batchelor,976.9,1635.4,3.65,118.10516633450867,114.45121951219512,118.11,115.1,40.47,81.99,14.9,37.28,22.26,30.05,12.26,32.44,15.27,11.47,4.23,16.0,23.36,44.7,Buffalo Bulls
Derrick Talton Jr.,821.7,1363.1,2.63,112.97194064933156,110.34381697287196,112.97,110.62,38.05,82.49,13.88,37.53,22.99,31.14,13.44,33.94,15.65,10.43,4.48,16.16,24.68,47.38,Buffalo Bulls
Ryan Sabol,1149.2,1939.3,2.59,115.13174923642386,112.53788073347373,115.13,113.42,38.67,82.0,14.5,37.58,23.3,31.68,13.15,33.91,15.17,10.35,3.88,16.1,23.66,47.06,Buffalo Bulls
Angelo Brizzi,945.3,1604.6,1.82,116.35842383259842,114.54211198703767,116.36,114.55,39.14,81.89,14.33,36.83,23.75,32.35,12.96,31.22,16.08,12.34,3.99,15.71,23.81,44.18,Buffalo Bulls
Ezra McKenna,507.2,855.9,1.0,112.94773843070041,111.94643486432516,112.95,110.74,39.39,85.18,15.11,42.41,19.06,27.54,13.36,33.81,14.76,9.41,2.91,15.11,21.85,47.17,Buffalo Bulls
Tim Oboh,674.9,1119.1,-0.35,111.51778048890696,111.86957386175361,111.52,114.41,38.32,79.44,13.65,33.44,21.24,30.55,11.75,32.8,15.18,12.02,5.33,17.8,21.69,44.55,Buffalo Bulls
Matas Buteliauskas,33.0,58.2,-22.27,93.30985915492958,115.57788944723617,93.31,121.48,35.21,93.31,14.08,51.06,8.8,14.08,15.85,40.49,17.61,8.8,1.76,15.85,10.56,56.34,Buffalo Bulls
Jalen Jackson,135.2,256.2,25.38,121.69363433775797,96.31449631449631,121.69,94.95,42.24,82.94,11.63,27.9,25.58,38.37,20.15,39.92,0.0,9.3,5.43,18.99,18.99,60.07,Butler Bulldogs
Azavier Robinson,387.4,684.6,13.6,117.9231446171898,104.3212570929725,117.92,105.16,40.92,84.04,10.12,28.45,25.96,36.37,17.31,34.76,12.76,12.03,4.55,15.99,22.44,52.07,Butler Bulldogs
Drayton Jones,576.1,981.6,9.15,113.01100129576463,103.86559771230148,113.01,103.36,38.82,86.79,10.16,29.47,25.2,34.66,18.7,36.59,13.52,10.06,4.88,15.45,20.43,55.29,Butler Bulldogs
Jack McCaffery,68.8,129.3,6.94,113.01233585356147,106.0748542411134,113.01,112.22,39.0,79.59,8.75,25.47,26.26,42.98,21.49,39.79,0.0,7.96,4.78,21.49,22.28,61.28,Butler Bulldogs
Michael Ajayi,997.3,1729.4,4.98,113.62389163272968,108.64469076491187,113.62,108.43,39.05,85.72,9.94,29.46,25.59,36.62,19.0,34.89,13.81,9.65,4.56,15.89,21.26,53.89,Butler Bulldogs
Jamie Kaiser Jr.,802.5,1396.5,4.08,113.39023165746254,109.30993190470232,113.39,109.66,38.51,84.06,10.04,27.9,26.32,36.43,17.07,34.86,14.06,9.61,4.52,15.71,21.37,51.93,Butler Bulldogs
Finley Bizjack,978.7,1704.1,3.67,113.67652427893391,110.00412662854448,113.68,109.0,38.55,84.35,9.93,29.32,26.64,36.51,17.58,35.17,13.32,8.88,4.32,15.89,19.39,52.75,Butler Bulldogs
Jackson Keith,180.7,320.9,2.03,109.61018911617136,107.58100031456435,109.61,105.6,36.74,83.98,10.5,29.64,25.63,32.42,15.13,38.6,16.06,7.41,3.71,15.75,24.08,53.73,Butler Bulldogs
Yame Butler,369.9,633.6,-1.85,109.55011838989739,111.40039447731755,109.55,111.44,37.25,87.13,10.26,32.83,24.78,34.73,18.63,35.52,13.58,8.84,4.42,15.0,26.2,54.15,Butler Bulldogs
Yohan Traore,564.4,992.1,-1.95,112.71881007791158,114.67014760518124,112.72,115.55,38.35,83.78,10.42,30.46,25.6,35.21,16.49,34.5,14.98,8.4,3.64,15.99,23.27,50.99,Butler Bulldogs
Evan Haywood,534.9,938.4,-4.21,107.9694264792346,112.17633780374452,107.97,112.89,37.52,89.37,11.65,36.45,21.27,32.28,19.35,34.42,14.0,9.19,3.85,14.65,24.59,53.77,Butler Bulldogs
Efeosa Oliogu-Elabor,359.2,611.7,-4.31,107.3357148791227,111.64736164736165,107.34,115.31,36.72,85.07,8.47,27.91,25.42,34.23,17.28,37.05,19.77,7.14,3.82,15.95,21.6,54.33,Butler Bulldogs
Jackson Mosley,193.3,373.1,1.61,114.19293735624407,112.5862984599044,114.19,114.73,38.7,83.62,15.97,43.03,20.84,26.52,14.61,33.82,20.29,10.01,3.52,18.4,25.44,48.43,Cal Poly Mustangs
Guzman Vasilic,640.2,1219.1,0.68,108.53626337916609,107.85288270377733,108.54,105.77,35.34,81.56,15.68,44.76,22.18,27.87,13.73,35.42,11.21,8.86,2.11,18.93,24.37,49.15,Cal Poly Mustangs
Troy Plumtree,326.3,628.8,-2.69,108.4483175986444,111.14159187992321,108.45,114.42,36.96,84.08,12.1,38.89,22.43,28.08,15.65,36.31,12.75,9.52,3.23,18.24,26.63,51.96,Cal Poly Mustangs
Peter Bandelj,914.4,1732.2,-2.75,108.35136800768205,111.0981919655834,108.35,109.56,35.72,82.5,14.85,44.26,22.07,27.92,15.25,35.31,12.27,8.31,2.64,19.49,24.31,50.56,Cal Poly Mustangs
Hamad Mousa,922.8,1747.5,-3.61,109.9063718375594,113.5147574938151,109.91,112.3,36.2,82.47,15.31,44.51,22.2,27.43,14.74,34.72,12.64,8.25,2.68,19.24,24.19,49.46,Cal Poly Mustangs
Austin Goode,477.7,881.8,-3.65,109.46069469835467,113.11516925068234,109.46,114.83,37.13,85.01,14.28,44.9,20.91,26.51,15.43,33.82,14.05,9.37,2.63,17.82,28.45,49.25,Cal Poly Mustangs
Jake Davis,608.6,1154.7,-6.71,103.76765069518252,110.47956603488144,103.77,110.88,34.1,81.82,13.71,41.91,21.86,27.5,14.49,35.31,9.28,8.33,2.78,19.61,24.64,49.8,Cal Poly Mustangs
Cayden Ward,899.8,1726.1,-6.83,108.4614383432877,115.29200150860193,108.46,114.94,35.11,79.65,14.69,42.52,23.54,29.56,14.64,34.65,12.15,7.23,2.72,20.94,25.45,49.29,Cal Poly Mustangs
Jason Scott,36.9,71.8,-6.89,96.79715302491103,103.68349249658937,96.8,108.19,28.47,76.87,8.54,35.59,31.32,42.7,17.08,44.13,0.0,9.96,4.27,19.93,22.78,61.21,Cal Poly Mustangs
Ali Assran,350.0,669.5,-8.75,104.73629164799046,113.48788591480943,104.74,113.55,34.81,79.93,13.45,39.29,21.66,28.09,15.84,34.36,7.47,7.77,3.88,22.56,30.78,50.2,Cal Poly Mustangs
Luka Tarlac,160.9,302.1,-9.92,104.53781512605043,114.45341159207629,104.54,117.98,32.27,69.92,14.79,40.34,25.21,33.61,9.75,36.3,7.06,7.06,1.68,23.87,24.2,46.05,Cal Poly Mustangs
Aaron Price Jr.,105.7,196.0,-10.38,95.69878415479148,106.07569721115537,95.7,111.39,32.95,76.87,9.94,35.04,19.87,26.67,13.6,37.65,12.55,9.41,4.18,24.06,24.06,51.25,Cal Poly Mustangs
Jess Esso Essis,121.8,232.4,-12.53,101.04076322636601,113.56601558330665,101.04,115.35,32.96,83.26,14.31,44.67,20.82,24.28,15.18,35.56,18.65,7.81,3.9,20.38,24.28,50.74,Cal Poly Mustangs
Kieran Elliott,304.2,584.9,-19.29,95.09582141790088,114.3835616438356,95.1,114.05,31.58,78.02,12.63,41.15,19.29,25.78,14.34,34.49,7.17,9.05,2.56,24.07,24.76,48.83,Cal Poly Mustangs
Jaden Alexander,378.4,676.4,1.36,107.11665443873808,105.7531185998883,107.12,104.18,35.22,84.23,6.46,22.3,30.23,38.15,18.78,31.4,7.78,12.03,5.43,16.43,27.88,50.18,Cal State Bakersfield Roadrunners
CJ Hardy,607.9,1096.6,-9.69,104.15818288765215,113.8525155065472,104.16,112.12,35.2,81.44,7.33,23.71,26.42,36.02,16.47,31.49,7.6,10.32,7.6,17.92,27.15,47.96,Cal State Bakersfield Roadrunners
Ronald Jessamy,783.0,1417.9,-11.54,101.08959896461865,112.63399285371447,101.09,110.81,35.05,81.57,6.09,21.55,24.91,33.79,16.23,32.18,10.42,10.07,7.07,18.61,27.28,48.41,Cal State Bakersfield Roadrunners
Tom Mark,654.8,1188.3,-12.28,99.86681605817812,112.14874994765273,99.87,113.23,34.5,80.25,6.17,22.32,24.69,33.57,14.38,33.49,9.56,11.33,7.19,18.18,25.54,47.87,Cal State Bakersfield Roadrunners
AJ George,822.5,1459.8,-13.46,99.48723190405615,112.9496031267756,99.49,111.75,35.16,82.93,7.09,22.69,22.08,29.91,16.01,32.5,9.13,9.95,6.34,18.88,27.67,48.51,Cal State Bakersfield Roadrunners
Mike Price,544.9,1008.4,-14.57,96.76455948232952,111.33613237836504,96.76,112.2,33.15,78.85,6.37,22.1,24.09,33.85,14.24,32.25,9.16,9.86,7.27,19.31,31.26,46.49,Cal State Bakersfield Roadrunners
Pierre Geneste Jr.,483.6,821.0,-14.86,96.60710454531524,111.46747352496217,96.61,112.91,34.33,82.51,7.97,25.5,19.98,28.57,18.51,34.33,9.81,10.05,7.6,22.44,26.73,52.84,Cal State Bakersfield Roadrunners
Bentley Waller,206.9,400.9,-16.73,92.4092409240924,109.14085914085913,92.41,108.85,31.88,76.72,5.98,24.16,22.67,30.14,13.95,34.37,13.7,8.97,5.98,22.92,29.39,48.32,Cal State Bakersfield Roadrunners
Dailin Smith,848.0,1541.4,-17.75,97.99511630895772,115.74172630062063,98.0,113.55,33.48,80.65,6.17,22.75,24.87,32.9,15.1,30.46,9.51,10.22,6.1,18.83,27.37,45.56,Cal State Bakersfield Roadrunners
Kadar Waller,618.7,1135.2,-17.91,94.78337754199823,112.69336258913879,94.78,113.53,32.98,79.84,6.45,23.61,22.37,31.83,14.15,31.12,13.44,11.41,5.48,19.19,27.85,45.27,Cal State Bakersfield Roadrunners
Caleb McCarty,48.8,85.4,-21.92,92.66862170087975,114.58637825197312,92.67,114.96,32.84,70.38,3.52,15.25,23.46,35.19,16.42,38.71,0.0,7.04,4.69,29.33,38.71,55.13,Cal State Bakersfield Roadrunners
Dylan Purnell,104.2,212.8,-28.59,88.61214225841216,117.19921559580114,88.61,121.66,31.61,77.12,6.23,23.95,19.16,33.05,14.37,30.18,14.37,9.58,6.23,21.55,27.78,44.55,Cal State Bakersfield Roadrunners
Bryce Cofield,698.3,1345.3,5.3,110.08280565026789,104.77998783342859,110.08,106.49,37.99,81.98,12.06,34.17,22.03,31.62,12.29,33.57,12.89,11.62,4.27,15.29,25.55,45.86,Cal State Fullerton Titans
Jefferson De La Cruz Monegro,930.3,1769.1,4.2,109.4764294015931,105.2765058119056,109.48,105.9,37.02,83.23,12.13,35.6,23.3,32.09,13.27,33.28,13.21,11.34,3.52,14.8,25.46,46.55,Cal State Fullerton Titans
Bailey Nunn,370.1,716.7,3.23,109.6297344131273,106.40055058499655,109.63,109.35,35.79,77.66,14.43,37.34,23.62,31.55,9.62,35.36,17.12,9.76,4.24,16.97,26.17,44.98,Cal State Fullerton Titans
KJ Garris,430.7,837.1,2.63,111.29217212867401,108.66095181791309,111.29,110.93,37.18,81.84,13.52,37.3,23.42,31.63,11.59,34.16,13.16,9.54,3.74,14.73,22.57,45.75,Cal State Fullerton Titans
Landon Seaman,676.5,1297.6,2.6,112.00030854079488,109.40447318782,112.0,109.61,38.57,82.77,12.65,35.87,22.21,31.09,12.73,31.93,14.04,10.72,3.01,15.2,23.53,44.66,Cal State Fullerton Titans
Jaden Henderson,533.1,1025.9,1.64,109.36659329909513,107.72219524040796,109.37,108.49,39.42,84.72,12.52,36.39,18.0,26.41,11.74,34.43,11.74,10.37,3.72,14.48,24.65,46.17,Cal State Fullerton Titans
Joshua Ward,1005.4,1900.8,1.58,108.29934128021333,106.71698508792619,108.3,107.51,37.23,83.48,11.72,35.17,22.12,31.0,13.1,33.58,13.15,10.98,3.64,14.89,25.45,46.68,Cal State Fullerton Titans
Christian Williams,866.9,1631.5,1.06,107.45590470196338,106.39664719018629,107.46,106.78,37.39,85.04,12.16,37.39,20.51,29.29,13.63,31.5,14.06,12.22,3.56,14.68,23.95,45.13,Cal State Fullerton Titans
Kendrick De Luna,574.8,1059.7,-1.26,103.026706231454,104.28829335771728,103.03,105.59,35.89,83.94,11.39,35.7,19.85,28.01,12.63,34.75,12.44,11.77,4.94,15.38,25.45,47.38,Cal State Fullerton Titans
Davis White,343.8,649.4,-6.52,104.68298323376372,111.20083054562232,104.68,111.47,38.08,85.1,11.25,35.61,17.27,23.9,14.49,30.83,11.25,10.64,3.55,18.04,27.75,45.32,Cal State Fullerton Titans
Jai Chisolm,261.5,481.6,6.13,100.62493379938566,94.49139598818857,100.62,98.29,38.13,90.46,9.74,33.47,14.62,25.0,18.85,42.37,16.52,9.53,4.66,16.52,25.42,61.22,Cal State Northridge Matadors
Mahmoud Fofana,927.5,1751.5,5.96,109.60612071408332,103.649593051681,109.61,102.13,40.41,84.84,9.58,26.81,19.21,28.34,15.25,36.33,15.98,9.8,3.97,16.95,23.12,51.58,Cal State Northridge Matadors
James Evans Jr.,471.5,897.2,5.35,108.09911857641777,102.74797613378526,108.1,101.67,41.13,90.91,8.98,29.05,16.85,26.83,19.96,38.03,17.85,9.53,3.77,16.3,22.06,57.99,Cal State Northridge Matadors
Joshua O'Garro,1023.9,1946.4,4.28,109.61001186421217,105.32714269086017,109.61,103.89,40.01,85.42,10.1,28.58,19.49,28.22,16.13,36.84,16.13,9.08,3.98,17.3,22.55,52.97,Cal State Northridge Matadors
Davius Loury,510.4,966.8,3.75,105.90735666914193,102.15432824128476,105.91,100.17,39.02,86.65,10.34,32.88,17.51,25.3,16.39,38.2,13.83,9.73,3.58,17.72,25.4,54.59,Cal State Northridge Matadors
Larry Hughes II,966.2,1826.6,2.73,109.03710139418703,106.3089915548932,109.04,104.58,39.97,85.63,10.15,29.38,18.95,28.07,15.58,35.51,15.58,9.45,4.07,16.62,24.22,51.09,Cal State Northridge Matadors
Josiah Davis,1048.0,1990.0,0.67,108.24581340459807,107.57525971235751,108.25,106.3,39.61,84.92,9.59,28.37,19.43,29.12,15.78,36.32,15.44,8.99,3.7,17.03,23.38,52.1,Cal State Northridge Matadors
Jordan Brinson,563.8,1054.2,-0.72,107.02373010578481,107.74061046717497,107.02,108.74,38.88,87.58,9.34,30.5,19.92,29.35,18.39,38.31,14.87,7.43,3.43,16.87,22.78,56.7,Cal State Northridge Matadors
Grady Lewis,292.5,543.6,-3.92,110.13977841148146,114.06327796134521,110.14,117.81,41.51,86.95,9.54,27.68,17.58,27.86,17.76,36.65,14.96,7.11,3.18,17.58,27.86,54.41,Cal State Northridge Matadors
Aleks Szymczyk,179.4,341.7,-5.59,99.79633401221997,105.38710627023843,99.8,104.16,35.5,90.78,10.47,39.86,18.33,26.77,22.11,40.73,6.11,8.15,2.62,18.62,18.04,62.84,Cal State Northridge Matadors
Miles Daniels,238.6,395.0,21.69,114.41794690493026,92.72761263787623,114.42,95.65,39.34,88.96,9.0,26.48,26.74,36.77,21.86,40.11,10.28,6.17,4.11,15.43,30.34,61.97,California Baptist Lancers
Rene D'Amelio,175.1,294.5,16.02,115.11537464350532,99.09083326382516,115.12,102.67,41.83,85.39,10.03,27.66,21.43,30.77,18.67,39.06,14.86,7.61,4.15,18.67,31.8,57.73,California Baptist Lancers
Jonathan Griman,697.6,1157.8,11.9,108.0546720536405,96.1534289371488,108.05,95.25,39.28,87.6,8.51,26.05,20.97,29.91,19.43,40.83,9.71,6.53,4.9,17.62,26.05,60.26,California Baptist Lancers
Bradey Henige,648.6,1085.6,11.18,107.26091680343977,96.07708189951823,107.26,96.81,38.84,89.69,9.43,27.37,20.16,29.68,21.64,39.67,9.52,7.77,3.42,17.85,28.85,61.31,California Baptist Lancers
Martel Williams,1063.0,1798.9,11.14,107.44572709676521,96.31067961165049,107.45,96.7,37.71,87.51,8.97,26.85,23.06,31.58,20.22,39.44,9.3,8.13,4.68,17.71,27.18,59.66,California Baptist Lancers
Dominique Daniels Jr.,1165.4,1959.3,9.83,108.99057254541273,99.15754323804182,108.99,99.38,38.78,89.62,9.66,28.56,21.77,30.56,21.26,38.58,9.96,7.66,4.29,17.12,27.23,59.84,California Baptist Lancers
Jayden Jackson,809.6,1363.4,8.64,105.29026561695241,96.6515572452113,105.29,97.27,37.23,88.29,10.37,29.65,20.45,29.14,19.79,39.44,11.55,7.8,4.12,17.66,26.71,59.23,California Baptist Lancers
Jordan Muller,655.6,1103.5,7.07,108.26820988357522,101.20308205289956,108.27,102.34,36.55,83.84,8.57,26.88,26.61,37.27,19.69,36.91,8.75,8.84,4.37,18.14,29.35,56.6,California Baptist Lancers
Nate Garcia,75.9,127.0,6.75,110.87084725771574,104.12147505422993,110.87,103.79,35.38,75.49,9.44,29.09,30.67,41.67,17.3,37.74,6.29,9.44,4.72,22.02,21.23,55.04,California Baptist Lancers
Thomas Ndong,557.2,938.9,6.73,105.5222602739726,98.78898693589846,105.52,99.74,37.78,89.26,9.52,29.54,20.44,28.25,20.87,38.31,9.31,7.6,4.92,18.19,25.79,59.18,California Baptist Lancers
Devon Malcolm,431.7,744.4,5.55,104.17021276595744,98.62468931234466,104.17,101.31,36.63,88.24,10.49,29.0,20.43,27.91,20.97,35.95,9.67,11.85,3.68,19.47,26.83,56.92,California Baptist Lancers
Monty Bowser,88.0,154.2,-11.58,87.8032678659845,99.37888198757764,87.8,102.99,29.05,83.84,10.56,33.67,19.15,27.07,21.13,41.59,3.3,9.24,3.96,24.43,30.37,62.72,California Baptist Lancers
Dhiaukuei Manyiel Dut,37.4,70.8,31.02,118.15561959654177,87.13692946058092,118.16,90.78,38.9,77.81,17.29,38.9,23.05,34.58,11.53,47.55,5.76,8.65,12.97,17.29,27.38,59.08,California Golden Bears
Rytis Petraitis,87.8,150.4,17.0,116.34162743779422,99.3421052631579,116.34,101.55,39.68,79.35,12.78,35.64,24.21,34.97,14.79,36.99,0.0,7.4,6.05,18.83,30.26,51.78,California Golden Bears
Semetri Carr,500.7,845.9,11.86,115.53288654290968,103.67577756833177,115.53,104.38,39.5,85.76,13.88,35.94,22.66,28.23,15.06,36.89,13.4,9.13,4.15,15.89,28.94,51.95,California Golden Bears
John Camden,992.9,1731.2,11.32,114.65681978189342,103.33667145614723,114.66,102.3,38.22,83.85,13.79,37.13,24.43,31.09,12.41,36.44,11.78,8.68,4.2,13.79,25.17,48.85,California Golden Bears
Lee Dort,601.4,1029.3,8.59,112.40244521226472,103.80859375,112.4,102.74,37.98,85.34,12.56,35.28,23.87,30.25,13.34,36.44,7.83,8.41,4.35,13.63,24.65,49.78,California Golden Bears
Dai Dai Ames,1033.5,1789.0,5.41,111.22261247700284,105.80883795219549,111.22,105.26,37.46,84.02,13.49,36.96,22.8,29.66,12.66,36.01,10.98,8.42,4.4,14.55,26.26,48.67,California Golden Bears
Nolan Dorsey,326.2,567.6,4.56,109.08279401919214,104.52173913043478,109.08,107.3,35.71,85.7,12.32,35.35,25.35,31.24,14.82,37.13,10.53,9.11,3.39,14.28,26.42,51.95,California Golden Bears
Justin Pippen,941.8,1637.2,4.32,110.41657161107817,106.09266243522522,110.42,105.25,36.62,83.65,13.08,36.38,24.09,30.97,12.71,35.22,12.05,8.7,4.2,14.36,25.67,47.93,California Golden Bears
Milos Ilic,559.2,963.4,4.07,109.00228168429787,104.92961404602359,109.0,104.75,36.61,84.42,13.17,37.75,22.61,28.21,13.28,36.2,15.66,8.71,3.53,15.45,27.9,49.48,California Golden Bears
Chris Bell,899.1,1565.6,3.11,110.50561531535801,107.39078492783571,110.51,105.07,38.04,84.16,13.21,36.27,21.23,27.23,12.07,36.14,12.0,7.83,4.49,14.97,24.96,48.21,California Golden Bears
Sammie Yeanay,40.3,68.2,0.86,106.68670172802403,105.8276725062567,106.69,111.19,39.07,93.16,10.52,39.07,18.03,27.05,21.04,36.06,18.03,12.02,6.01,15.03,34.56,57.1,California Golden Bears
DeJuan Campbell,329.9,557.5,0.83,105.08613244852508,104.25240054869684,105.09,107.09,33.82,82.18,12.54,35.45,24.91,32.54,14.36,36.0,12.54,9.45,2.73,16.73,28.73,50.36,California Golden Bears
Mantas Kocanas,130.9,223.3,-16.29,106.37572451414934,122.66960838389409,106.38,126.38,36.37,79.1,13.18,30.91,20.46,27.73,15.0,34.09,14.09,6.82,3.64,22.73,30.91,49.09,California Golden Bears
Broc Bidwell,36.7,74.9,45.05,141.93548387096774,96.88581314878893,141.94,90.32,55.48,99.35,15.48,45.16,15.48,25.81,30.97,27.1,2.58,9.03,3.87,19.35,21.94,58.07,Campbell Fighting Camels
5106610,39.6,64.0,22.87,135.4367064255483,112.5644074514467,135.44,109.27,47.71,92.34,13.85,29.24,26.16,32.32,15.39,33.86,16.93,10.77,4.62,7.7,26.16,49.25,Campbell Fighting Camels
Dominykas Butka,113.1,215.8,13.55,112.34889784309078,98.79900294584183,112.35,103.34,38.4,79.64,7.58,24.65,27.97,38.87,18.49,33.66,5.21,10.9,1.9,20.38,22.75,52.15,Campbell Fighting Camels
Jeremiah Johnson,948.1,1643.8,1.24,111.30539644256858,110.06245875727024,111.31,108.11,37.87,83.09,9.77,29.54,25.81,34.97,16.52,31.72,13.08,9.41,2.29,16.82,25.57,48.24,Campbell Fighting Camels
Muneer Newton,560.8,949.5,0.87,110.06932455045286,109.20290233335072,110.07,111.13,39.42,87.76,10.52,31.98,20.72,30.92,19.23,36.23,13.28,7.86,3.08,16.79,24.44,55.46,Campbell Fighting Camels
Chris Fields Jr.,451.1,817.2,0.86,107.43247362965673,106.5749892565535,107.43,105.85,36.58,81.21,8.78,26.58,25.49,33.9,16.46,33.05,8.29,10.61,2.32,19.15,23.9,49.51,Campbell Fighting Camels
DJ Smith,1030.4,1818.2,0.86,109.24704042579461,108.38375346279476,109.25,107.88,36.87,84.45,9.88,30.89,25.62,35.17,17.94,34.13,11.91,9.49,2.25,16.79,24.09,52.07,Campbell Fighting Camels
Cam Gregory,998.1,1744.3,0.2,109.33992880323673,109.13793103448275,109.34,108.6,37.4,84.69,9.66,30.88,24.88,33.91,18.07,33.91,12.07,8.86,2.23,17.27,25.45,51.98,Campbell Fighting Camels
Dovydas Butka,939.9,1632.3,-1.6,108.8356477949031,110.43133396870293,108.84,109.63,37.91,84.11,9.22,29.36,23.81,33.57,18.19,33.88,11.6,9.34,2.14,18.13,24.54,52.07,Campbell Fighting Camels
Tasos Cook,685.4,1217.1,-6.18,109.04037927088442,115.21784018170555,109.04,114.03,35.64,81.82,9.97,30.33,27.79,37.93,16.67,29.51,11.28,9.65,1.72,16.84,24.93,46.18,Campbell Fighting Camels
Terren Frank,43.1,76.9,-9.82,113.39198435972631,123.21660181582361,113.39,123.82,33.89,83.41,11.73,33.89,33.89,40.4,19.55,24.76,13.03,7.82,3.91,16.94,29.98,44.31,Campbell Fighting Camels
5175796,39.4,63.8,-12.28,117.8294573643411,130.1071003570012,117.83,127.13,38.76,83.72,12.4,32.56,27.91,31.01,13.95,31.01,17.05,10.85,1.55,15.5,21.71,44.96,Campbell Fighting Camels
Enoch Kalambay,40.4,73.7,-56.53,81.63265306122449,138.16457839485267,81.63,138.78,28.57,82.99,9.52,38.1,14.97,27.21,23.13,23.13,1.36,8.16,4.08,27.21,28.57,46.26,Campbell Fighting Camels
Marcus Niblack,142.4,222.6,5.66,101.26007492337384,95.59804357492219,101.26,97.63,35.87,93.09,11.81,32.69,17.71,23.16,20.89,40.87,16.8,12.26,5.45,16.8,22.7,61.76,Canisius Golden Griffins
5175788,35.7,58.5,-9.01,102.3890784982935,111.3967437874893,102.39,110.92,37.54,92.15,8.53,35.84,18.77,27.3,13.65,42.66,18.77,5.12,5.12,8.53,27.3,56.31,Canisius Golden Griffins
Kahlil Singleton,917.1,1461.4,-9.49,98.64719262540405,108.13770446923552,98.65,108.09,34.48,85.44,12.04,34.41,17.65,23.88,16.21,36.19,12.52,6.98,3.63,19.43,26.61,52.4,Canisius Golden Griffins
Mike Evbagharu,880.8,1408.1,-10.06,99.53785993601137,109.59389962759354,99.54,109.85,35.05,85.25,12.02,34.7,17.42,24.17,16.14,35.76,13.37,7.18,4.48,19.41,27.73,51.9,Canisius Golden Griffins
5177167,37.4,62.4,-10.09,95.84664536741214,105.93900481540932,95.85,105.43,35.14,91.05,7.99,36.74,17.57,25.56,12.78,44.73,17.57,4.79,4.79,9.58,27.16,57.51,Canisius Golden Griffins
Bryan Ndjonga,897.9,1434.0,-11.08,98.17622807630495,109.26109574264488,98.18,109.71,34.1,85.53,11.95,34.8,18.03,24.88,16.07,36.27,13.14,7.27,4.12,18.73,26.34,52.34,Canisius Golden Griffins
Myles Wilmoth,643.8,1023.3,-11.19,96.03000320757975,107.22407703101564,96.03,109.35,33.16,85.96,12.14,34.74,17.57,24.77,17.37,37.21,13.52,6.91,4.15,19.64,25.56,54.58,Canisius Golden Griffins
Max Jusianiec,267.3,423.1,-11.95,97.83565018476156,109.78150860272669,97.84,108.16,35.9,86.1,11.26,34.72,14.78,21.35,15.25,33.32,10.09,8.21,3.28,19.0,31.67,48.57,Canisius Golden Griffins
Javante Edwards,549.0,882.3,-12.45,96.13481494048123,108.58083934351752,96.13,108.12,33.7,84.71,11.08,34.38,17.64,24.09,15.95,35.97,11.76,6.11,4.07,19.79,25.9,51.92,Canisius Golden Griffins
Anthony Benard,198.6,324.1,-19.47,99.52421807971298,118.99313501144164,99.52,121.68,34.32,79.56,14.04,32.76,16.85,24.65,11.86,31.82,13.73,6.86,3.43,20.59,27.14,43.68,Canisius Golden Griffins
Chris Kumu,326.2,524.5,-20.68,90.52904713853252,111.20567375886526,90.53,113.02,32.87,87.26,9.99,32.87,14.8,24.79,19.22,32.87,10.19,8.26,4.42,20.18,28.06,52.09,Canisius Golden Griffins
King Ijeoma,196.9,317.5,-22.32,93.66219169528567,115.98347632666031,93.66,113.96,34.03,85.54,10.62,32.16,14.99,21.23,17.8,34.03,13.42,7.18,5.0,22.17,25.91,51.83,Canisius Golden Griffins
Brendan Oliver,256.4,418.2,-22.75,87.78786603331129,110.53663754679978,87.79,111.84,30.3,80.81,9.14,28.38,18.04,26.22,16.84,35.36,7.22,6.01,2.89,23.57,27.42,52.2,Canisius Golden Griffins
Evan van der Plas,123.8,193.2,-23.75,89.80015572281339,113.54838709677419,89.8,114.2,29.59,77.86,12.46,29.59,18.17,28.03,14.02,33.74,9.34,6.75,4.15,22.84,30.63,47.76,Canisius Golden Griffins
Parker Applegate,163.9,284.7,16.04,105.96735349210597,89.92650237786425,105.97,92.77,39.96,89.91,12.49,42.46,13.56,17.48,17.48,44.24,14.63,12.49,1.07,19.27,19.27,61.72,Central Arkansas Bears
Truman Byrne,490.1,844.4,14.86,120.93958937340987,106.08350371884909,120.94,105.91,42.6,91.36,18.22,48.28,17.51,23.43,17.16,36.57,17.28,11.83,1.66,14.67,21.3,53.73,Central Arkansas Bears
Tyler Lee,291.9,494.0,12.43,117.26518625379978,104.83911075744766,117.27,108.61,40.39,88.41,16.49,45.75,19.99,27.0,18.34,41.22,11.75,9.07,2.06,17.11,24.32,59.56,Central Arkansas Bears
Harry Beauchamp,479.8,812.0,11.81,118.86833379814694,107.05655644939283,118.87,108.46,41.65,88.0,18.22,46.48,17.35,23.43,16.11,35.57,18.1,12.02,2.23,16.98,22.93,51.68,Central Arkansas Bears
Luke Moore,959.8,1664.0,11.43,113.93430328483576,102.50699732145546,113.93,102.17,40.14,87.42,15.3,42.6,18.36,27.0,15.6,35.76,16.14,13.02,3.06,15.36,22.74,51.36,Central Arkansas Bears
Ty Robinson,902.6,1577.0,9.65,113.38404119620162,103.73278434752078,113.38,102.36,40.82,89.64,14.61,43.02,17.13,25.13,16.31,34.39,17.07,13.29,3.21,14.74,22.68,50.7,Central Arkansas Bears
Cole McCormick,684.5,1199.1,7.61,115.38301328779106,107.77643277538924,115.38,107.55,40.15,86.81,15.08,40.82,19.99,28.82,16.33,33.41,15.5,13.0,3.0,15.83,24.66,49.74,Central Arkansas Bears
Malchiah Marable,656.9,1126.5,7.35,110.01529221426829,102.66666666666666,110.02,102.39,39.36,87.5,13.39,40.6,17.91,26.51,15.87,35.02,16.13,13.39,3.72,15.78,24.2,50.89,Central Arkansas Bears
Camren Hunter,1019.1,1797.0,6.86,113.54038299109676,106.684559255221,113.54,105.68,40.49,87.79,14.01,41.43,18.55,26.53,15.06,34.28,16.17,12.79,2.94,14.68,23.59,49.34,Central Arkansas Bears
Javion Guy-King,693.0,1231.2,5.44,112.8736419889948,107.43801652892562,112.87,105.86,39.51,85.95,15.56,43.78,18.3,26.36,13.14,34.35,15.72,12.34,2.26,14.67,22.66,47.49,Central Arkansas Bears
Chris Mason,36.1,72.8,-13.91,91.92200557103064,105.83446404341927,91.92,108.64,36.21,89.14,13.93,50.14,5.57,11.14,11.14,34.82,0.0,11.14,4.18,16.71,16.71,45.96,Central Arkansas Bears
Rashad Bolden,68.8,136.1,-27.72,86.47856357640163,114.20151040707313,86.48,113.59,31.51,87.94,13.19,52.77,10.26,16.12,10.99,33.71,0.0,8.06,0.73,15.39,27.12,44.7,Central Arkansas Bears
Nico Ashley,168.2,292.6,17.03,112.82139478888983,95.78804347826087,112.82,97.0,42.31,88.06,10.66,31.3,17.54,24.42,12.73,37.15,7.91,9.98,9.29,13.07,19.95,49.88,Central Connecticut Blue Devils
Gabe Spinelli,144.1,254.3,13.07,112.5973248153324,99.52560751282795,112.6,102.62,40.73,83.05,12.38,30.35,18.77,24.76,9.98,42.32,2.0,8.78,8.78,15.17,17.57,52.3,Central Connecticut Blue Devils
Roddy Jones,241.7,399.0,7.48,120.35267279117083,112.8734314287534,120.35,109.25,44.89,87.8,14.8,36.99,15.78,19.98,14.06,37.98,16.77,6.66,5.18,16.77,18.25,52.04,Central Connecticut Blue Devils
Elijah Parker,399.7,647.0,6.26,108.06240873107372,101.80292197699721,108.06,100.68,39.2,82.39,10.3,30.13,19.37,27.36,12.6,39.04,12.14,9.22,5.23,17.22,24.75,51.64,Central Connecticut Blue Devils
Darin Smith Jr.,930.8,1524.3,5.31,112.79571297869559,107.48686875339601,112.8,106.65,40.78,84.63,10.91,27.97,20.32,25.62,13.07,38.16,13.99,8.17,5.75,16.27,21.7,51.23,Central Connecticut Blue Devils
Melo Sanchez,684.7,1121.5,4.78,110.19480230018274,105.4133594934451,110.19,105.38,40.92,87.01,10.88,28.71,17.47,22.65,13.82,37.71,14.26,8.56,5.97,16.05,21.93,51.53,Central Connecticut Blue Devils
James Jones,708.2,1159.0,3.86,110.7955786622395,106.94047974095693,110.8,109.66,39.76,86.24,10.92,30.67,20.36,26.39,14.68,39.41,12.23,8.91,6.82,15.9,19.83,54.09,Central Connecticut Blue Devils
Jay Rodgers,836.6,1378.6,3.22,113.86273335873294,110.64585712473036,113.86,110.74,41.44,85.05,11.76,29.46,19.23,24.75,12.84,37.08,14.44,8.13,5.52,16.04,20.03,49.92,Central Connecticut Blue Devils
Max Frazier,805.9,1309.7,2.87,112.68575362900913,109.81139264621834,112.69,110.24,40.85,86.14,10.86,29.07,20.12,25.47,14.15,37.71,14.15,7.96,6.73,15.91,20.81,51.86,Central Connecticut Blue Devils
Jayden Mott,121.0,209.9,0.94,89.7910447761194,88.8466563724908,89.79,89.31,32.96,83.1,9.07,31.04,14.81,21.49,13.37,43.94,5.25,10.51,3.34,20.06,20.06,57.31,Central Connecticut Blue Devils
Daniel James,334.3,540.6,0.91,108.8511712722682,107.93999268203439,108.85,110.35,40.96,86.03,10.85,30.3,16.08,21.13,12.53,37.22,11.6,9.16,5.05,16.46,23.57,49.75,Central Connecticut Blue Devils
Ashton Reynolds,219.4,342.6,-2.89,118.07793729856431,120.96539691770865,118.08,121.89,40.73,89.07,10.55,33.69,26.08,31.64,17.87,36.04,15.24,6.45,5.86,13.77,27.54,53.91,Central Connecticut Blue Devils
Ja'Kobe Williams,121.8,211.4,-6.28,96.34471072379569,102.62336761816711,96.34,107.48,33.89,89.57,8.71,33.89,19.85,28.08,18.4,37.76,0.97,9.68,6.78,15.49,20.33,56.16,Central Connecticut Blue Devils
Rodney Johnson Jr.,134.6,231.8,2.98,110.19046594210697,107.20847292769913,110.19,106.75,44.33,92.97,7.75,28.41,13.77,20.23,15.93,34.0,0.0,6.89,6.03,13.34,27.55,49.93,Central Michigan Chippewas
Nathan Claerbaut,822.1,1420.8,0.08,109.38106838964798,109.29881791714897,109.38,110.02,40.89,83.82,9.39,26.76,18.22,25.0,14.19,33.47,16.31,9.67,5.86,18.5,25.07,47.66,Central Michigan Chippewas
Logan McIntire,668.0,1178.8,-0.6,110.74545107114801,111.34177858746767,110.75,111.59,40.6,81.62,10.11,27.6,19.45,27.26,13.16,32.19,16.05,9.77,5.1,18.6,24.88,45.35,Central Michigan Chippewas
Tamario Adley,822.4,1426.2,-2.23,109.00424100101644,111.2377478914976,109.0,111.18,40.52,83.84,9.74,27.2,18.23,26.5,14.58,31.33,16.26,10.44,5.82,18.16,26.5,45.91,Central Michigan Chippewas
Phat Phat Brooks,797.7,1394.9,-6.27,105.61458931648477,111.88260558339297,105.61,112.22,39.35,83.14,8.18,25.27,18.74,26.42,14.5,31.66,15.15,10.27,5.96,18.81,25.56,46.16,Central Michigan Chippewas
Keenan Garner,670.9,1149.0,-10.19,105.06779624009259,115.26202814336202,105.07,116.07,39.13,82.19,9.52,25.5,17.29,26.29,14.15,31.62,16.24,9.35,5.76,19.48,26.55,45.77,Central Michigan Chippewas
Nick Mullen,535.4,935.3,-10.89,100.13104757829426,111.02503138941574,100.13,111.15,37.66,82.69,7.92,28.24,16.9,24.5,13.37,31.99,12.94,10.38,6.95,19.04,25.35,45.36,Central Michigan Chippewas
Will Ashford,273.0,469.4,-11.43,100.76646834968108,112.19305673158343,100.77,113.63,36.66,85.97,8.15,30.44,19.3,26.37,17.15,33.23,6.43,8.36,5.79,18.65,24.23,50.38,Central Michigan Chippewas
Kayden Nation,64.7,120.0,-11.52,94.21661409043112,105.7414291615035,94.22,107.68,37.01,77.39,7.57,26.92,12.62,21.03,10.94,37.01,5.05,10.09,5.05,23.55,21.03,47.95,Central Michigan Chippewas
Jalen Kampen,255.0,438.7,-14.43,93.08787773532477,107.51964085297419,93.09,110.92,35.66,79.89,8.34,27.56,13.43,19.91,11.11,35.2,18.99,9.73,6.48,21.77,26.86,46.31,Central Michigan Chippewas
Jaxson Whitaker,513.7,883.2,-19.57,96.31147540983606,115.8816408119598,96.31,117.14,37.0,86.07,8.08,28.01,14.23,20.95,14.91,32.67,11.61,8.31,6.83,18.9,25.96,47.58,Central Michigan Chippewas
Djordje Curcic,51.9,95.5,29.3,115.21340665095576,85.9088528025144,115.21,85.89,39.8,81.7,7.33,25.14,28.28,42.94,17.81,39.8,8.38,13.62,2.09,15.71,24.09,57.61,Charleston Cougars
Mister Dean,52.2,98.3,27.53,118.51101544694859,90.97878865320726,118.51,90.15,43.56,83.06,9.12,28.36,22.28,31.4,14.18,39.5,0.0,15.19,6.08,16.21,24.31,53.68,Charleston Cougars
Jaxon Prunty,484.0,813.1,6.25,112.74983630070781,106.49523925040936,112.75,109.51,38.66,85.06,10.6,33.68,24.82,33.55,16.46,37.67,9.85,9.1,6.61,15.47,25.44,54.13,Charleston Cougars
Chris Davis Jr.,525.4,883.3,4.37,109.55198647506339,105.18236347613498,109.55,104.25,39.11,87.69,9.35,31.11,21.98,30.43,17.36,38.1,15.33,8.45,6.76,15.22,24.01,55.46,Charleston Cougars
Colby Duggan,529.4,909.6,3.67,111.02986974300649,107.3570850654242,111.03,104.21,38.67,84.27,9.97,30.76,23.72,31.74,15.17,37.15,21.56,7.04,6.17,15.81,22.42,52.32,Charleston Cougars
Chol Machot,603.0,1039.4,3.52,108.35149570090772,104.82838578778288,108.35,103.94,37.55,82.49,9.2,31.23,24.05,33.24,14.08,39.66,12.45,8.05,8.62,15.81,23.18,53.74,Charleston Cougars
Chadlyn Traylor,524.4,867.4,2.45,106.32511623826653,103.87544039095351,106.33,106.91,36.14,85.62,10.06,34.86,23.98,35.44,16.26,39.18,11.23,8.42,8.66,13.8,27.37,55.44,Charleston Cougars
Jlynn Counter,915.3,1572.2,1.24,108.6825873794085,107.44607709895591,108.68,106.28,37.64,84.07,8.67,29.73,24.74,33.53,15.69,38.4,14.17,7.91,6.45,15.69,24.1,54.09,Charleston Cougars
Martin Kalu,822.5,1419.6,0.34,106.60299513685283,106.26534541536397,106.6,105.62,36.73,83.01,8.99,30.13,24.16,32.37,14.4,39.68,12.85,8.01,6.39,16.01,24.37,54.08,Charleston Cougars
Bryce Baker,91.4,148.4,0.23,104.88126649076517,104.64716006884683,104.88,100.26,35.62,91.03,7.26,37.6,26.39,36.94,22.43,38.26,0.0,7.26,7.26,13.85,25.07,60.69,Charleston Cougars
Christian Reeves,636.0,1065.1,-0.11,108.47393899515909,108.58710176524369,108.47,108.85,38.35,86.1,9.4,29.99,22.37,30.64,17.2,37.6,15.6,7.99,5.17,16.54,24.25,54.8,Charleston Cougars
Connor Hickman,733.3,1274.5,-1.41,107.92778649921506,109.33976508422066,107.93,109.42,36.58,81.0,9.34,30.93,25.43,34.54,13.58,38.15,14.84,7.69,5.89,16.17,23.7,51.73,Charleston Cougars
Will Mortimore,45.6,77.6,-5.21,84.30609597924774,89.51406649616368,84.31,90.79,24.64,79.12,3.89,33.72,31.13,46.69,12.97,49.29,0.0,11.67,2.59,11.67,32.43,62.26,Charleston Cougars
Kendall Taylor,102.6,179.0,-20.07,85.97920764259625,106.05219322598556,85.98,107.33,33.16,92.16,5.06,33.16,14.61,23.6,19.11,39.9,0.0,6.18,3.93,15.73,23.6,59.01,Charleston Cougars
Lase Olalere,459.6,835.7,10.16,111.70308290930859,101.54287764621456,111.7,101.65,40.11,84.65,17.36,42.98,14.13,22.75,14.97,39.63,15.68,6.94,6.35,19.52,27.3,54.6,Charleston Southern Buccaneers
Luke Williams,548.1,1005.0,9.0,114.25982785523732,105.25798042398308,114.26,107.72,39.66,87.38,17.42,44.5,17.52,26.78,15.91,41.48,11.68,5.64,6.54,15.81,29.9,57.39,Charleston Southern Buccaneers
Nate Brafford,588.1,1084.0,8.06,110.59865112290541,102.54056411080256,110.6,103.55,38.66,83.9,16.69,43.94,16.59,25.31,15.57,39.86,12.42,7.14,6.77,19.65,30.13,55.43,Charleston Southern Buccaneers
Brycen Blaine,647.8,1208.0,3.45,107.85045179474426,104.40389344685777,107.85,104.7,37.88,84.72,15.42,44.52,16.66,25.53,15.75,39.71,9.78,6.71,6.55,18.9,30.01,55.46,Charleston Southern Buccaneers
A'lahn Sumler,789.5,1465.1,2.4,109.48680201307816,107.09122144545933,109.49,107.78,38.41,82.99,13.97,38.69,18.69,28.9,14.65,39.03,13.22,6.37,6.03,17.94,30.47,53.68,Charleston Southern Buccaneers
Jesse Hafemeister,791.5,1448.6,2.36,111.8741157389834,109.50958899380296,111.87,109.46,39.75,85.58,15.8,42.65,16.56,24.98,15.32,39.27,14.63,5.66,6.21,17.88,27.47,54.59,Charleston Southern Buccaneers
Armari Carraway,368.7,680.6,1.97,106.55021834061135,104.5800111255331,106.55,102.62,35.81,84.57,19.07,51.38,15.87,23.29,15.72,39.01,9.61,5.97,4.95,20.09,25.47,54.73,Charleston Southern Buccaneers
Jacob Taylor,598.5,1079.9,1.92,108.74507074924611,106.82931337214676,108.75,107.26,39.25,84.81,15.59,42.12,14.66,23.2,15.68,39.16,16.7,6.03,7.05,19.86,29.41,54.84,Charleston Southern Buccaneers
Reis Jones,552.4,995.8,1.92,110.32538943553867,108.40325610519726,110.33,108.92,39.66,86.97,15.1,42.48,15.9,24.46,15.7,39.36,12.88,5.84,6.95,17.11,31.21,55.06,Charleston Southern Buccaneers
Jaquias Franklin,314.1,570.6,0.04,105.17666392769102,105.13230332090215,105.18,102.41,38.58,85.46,13.84,42.56,14.19,23.7,15.91,38.92,13.84,6.57,6.57,19.2,30.62,54.83,Charleston Southern Buccaneers
Trent Coleman,239.0,460.6,-2.33,105.33216783216784,107.65911542610571,105.33,109.05,35.62,81.73,14.2,42.4,19.89,29.72,16.39,37.81,11.15,5.24,2.84,20.54,27.1,54.2,Charleston Southern Buccaneers
Devin Brafford,126.2,233.3,-12.33,98.8027181533815,111.13476687247179,98.8,112.61,33.22,82.84,11.65,44.87,20.71,29.77,18.55,39.69,9.06,6.9,9.49,21.57,28.04,58.24,Charleston Southern Buccaneers
Anton Bonke,820.8,1312.8,3.01,113.97360731814447,110.96553688407862,113.97,111.61,40.26,87.24,12.45,37.2,21.01,28.8,18.87,37.05,14.44,6.49,5.96,17.95,24.14,55.92,Charlotte 49ers
Spencer Elliott,527.7,842.0,2.44,113.52613615951141,111.08166210207027,113.53,112.93,40.12,86.58,14.25,40.0,19.04,28.5,17.84,36.29,16.65,7.78,5.39,17.72,23.35,54.13,Charlotte 49ers
Dezayne Mingo,857.3,1388.1,2.37,112.91886650145457,110.55112989757762,112.92,109.9,39.08,83.47,12.5,36.2,22.27,31.17,16.66,36.27,13.29,7.18,5.6,18.39,26.72,52.93,Charlotte 49ers
Damoni Harrison,582.2,945.8,0.97,114.67598475222364,113.7035472972973,114.68,114.04,38.65,83.12,14.82,40.98,22.55,32.19,16.94,35.47,16.09,7.31,5.08,18.53,25.41,52.41,Charlotte 49ers
Jarne Elouna Eyenga,408.3,667.3,-1.36,107.29116007631589,108.64753329581691,107.29,108.34,38.16,83.5,13.62,39.21,17.36,25.29,14.96,37.56,14.07,7.03,4.04,19.45,26.94,52.52,Charlotte 49ers
Major Freeman,443.8,696.8,-1.73,111.14302125215394,112.87604431854852,111.14,113.01,40.35,87.45,13.21,36.33,17.23,26.42,17.38,35.9,10.05,7.47,5.74,17.38,27.28,53.28,Charlotte 49ers
Ben Bradford,888.1,1451.6,-2.63,110.32298051098411,112.9565816678153,110.32,112.87,38.5,84.77,12.53,36.36,20.8,30.03,16.46,36.5,13.43,6.68,4.96,17.42,25.14,52.96,Charlotte 49ers
Kylan Blackmon,311.0,491.6,-3.96,112.30697239120262,116.27096709969638,112.31,121.46,38.68,84.44,13.31,38.68,21.63,30.57,17.47,34.11,7.07,5.62,4.78,18.51,27.24,51.58,Charlotte 49ers
Raul Villar,350.1,563.6,-4.36,111.78220499414044,116.14706139201817,111.78,119.9,35.34,84.74,12.98,40.93,28.13,38.58,18.93,32.45,11.9,9.19,4.15,15.87,29.93,51.38,Charlotte 49ers
Arden Conyers,562.9,914.8,-4.38,109.14349641190755,113.52253756260433,109.14,113.18,37.98,84.59,13.1,39.51,20.08,27.4,16.26,37.33,15.93,5.89,5.46,18.66,25.43,53.59,Charlotte 49ers
Ethan Butler,322.7,496.0,-8.74,105.21541950113378,113.95149498310897,105.22,113.88,36.08,83.65,13.71,38.1,19.35,27.21,16.12,35.07,9.27,7.46,6.05,19.55,25.4,51.19,Charlotte 49ers
David Gomez,39.2,63.2,-15.02,100.11918951132301,115.14195583596214,100.12,116.01,31.78,81.05,14.3,44.5,22.25,36.55,12.71,38.14,0.0,6.36,6.36,14.3,33.37,50.85,Charlotte 49ers
Nick Richart,144.9,219.8,-20.54,98.47969140004538,119.01504787961696,98.48,118.45,32.22,79.87,17.25,44.47,16.79,29.95,11.35,34.49,16.34,5.9,4.54,17.25,26.32,45.84,Charlotte 49ers
Kuluel Mading,131.2,205.4,-22.39,105.79345088161209,128.18096135721018,105.79,137.03,37.28,79.09,9.07,32.75,22.17,30.23,13.1,30.73,6.55,7.05,3.53,19.65,32.75,43.83,Charlotte 49ers
Sebastian Hartmann,156.4,256.3,25.85,120.30947775628627,94.46029715635149,120.31,92.84,42.55,88.97,18.57,49.13,16.63,23.21,15.86,41.01,0.0,8.9,2.71,15.86,22.05,56.87,Chattanooga Mocs
Houston Holland,255.6,429.0,14.26,123.10617313290952,108.843537414966,123.11,113.12,43.73,87.93,15.69,38.5,19.96,25.9,13.31,36.12,21.86,9.27,4.04,13.07,31.37,49.43,Chattanooga Mocs
Parker Robison,249.4,422.2,8.33,111.72228333944506,103.38885697874784,111.72,110.01,37.65,84.34,14.18,41.56,22.25,28.85,11.49,37.89,12.96,11.0,3.91,13.45,35.69,49.38,Chattanooga Mocs
Tate Darner,791.2,1345.7,4.4,116.97691734921818,112.57787006822902,116.98,113.03,41.33,85.41,16.31,41.55,18.02,23.83,10.72,37.23,16.23,6.48,4.69,14.0,28.29,47.95,Chattanooga Mocs
Makai Richards,389.9,642.6,3.3,112.56027191526363,109.26365795724466,112.56,112.72,39.84,84.1,15.49,41.42,17.39,21.82,11.54,37.78,10.91,6.64,3.32,17.07,29.4,49.32,Chattanooga Mocs
Jordan Frison,930.5,1582.7,-0.14,111.82291005962198,111.96601368893084,111.82,112.84,39.52,85.25,14.65,41.93,18.14,23.85,10.21,37.17,15.1,7.42,3.93,13.64,28.67,47.38,Chattanooga Mocs
Billy Smith,707.0,1193.3,-1.34,111.37027464329994,112.71018276762402,111.37,113.39,39.25,84.81,15.38,43.96,17.48,22.78,9.41,37.32,13.11,7.56,2.69,13.78,28.16,46.73,Chattanooga Mocs
Collin Mulholland,392.3,660.5,-1.46,112.59813084112149,114.06232034034724,112.6,111.25,41.12,87.18,15.7,46.21,14.65,19.44,9.12,37.68,17.5,7.03,2.84,12.71,25.87,46.8,Chattanooga Mocs
Jikari Johnson,352.8,603.9,-1.84,108.53420736007966,110.37217563715973,108.53,110.86,37.01,83.31,15.27,41.82,19.25,26.05,10.95,34.35,14.77,8.13,3.49,15.27,29.71,45.3,Chattanooga Mocs
Brennan Watkins,780.0,1325.6,-3.78,111.33545940029815,115.11930340382224,111.34,115.26,38.57,86.43,15.55,44.31,18.64,23.17,12.23,36.61,16.46,7.25,3.93,14.79,28.98,48.84,Chattanooga Mocs
Teddy Washington Jr.,653.2,1092.9,-4.11,108.5278399488421,112.63862157455779,108.53,112.27,38.28,84.59,14.07,42.75,17.91,23.2,10.78,35.72,10.87,8.13,3.01,15.16,27.77,46.5,Chattanooga Mocs
Josh Bowman,270.5,459.9,-6.82,107.21786227478722,114.04118748328429,107.22,117.83,38.02,84.45,14.15,39.57,17.02,23.43,11.05,38.91,16.14,7.07,7.74,15.47,29.62,49.96,Chattanooga Mocs
Sean Cusano,62.2,97.7,-13.12,114.25656720224431,127.37544940934772,114.26,126.5,43.87,87.73,13.26,35.71,13.26,19.38,8.16,23.46,0.0,9.18,5.1,11.22,34.69,31.62,Chattanooga Mocs
Latif Diouf,49.6,84.9,-15.67,98.10874704491727,113.78299120234605,98.11,114.66,35.46,81.56,14.18,37.83,13.0,18.91,9.46,31.91,9.46,10.64,1.18,18.91,33.1,41.37,Chattanooga Mocs
Dakari Thomas,69.2,110.8,0.64,96.47495361781075,95.83660644147682,96.47,129.34,28.62,77.39,2.12,18.02,37.11,49.83,18.02,43.47,2.12,22.26,1.06,16.96,53.01,61.49,Chicago State Cougars
Daniel Zatsepin,179.8,283.9,-7.66,103.03623898139081,110.69343357594177,103.04,135.55,36.83,86.58,9.01,26.64,20.37,27.42,15.67,38.0,7.84,16.45,1.96,16.06,45.45,53.67,Chicago State Cougars
Malek Robinson,419.0,656.8,-10.13,98.44755774327906,108.58155781863684,98.45,131.43,32.48,82.46,8.08,22.55,25.41,35.51,14.98,34.67,11.28,18.51,2.86,15.65,39.04,49.65,Chicago State Cougars
Joseph Owens,255.8,411.6,-11.27,98.49047265528334,109.75900739680267,98.49,113.83,33.66,82.16,9.16,27.47,22.02,28.71,12.37,34.64,16.33,14.35,4.7,16.58,33.66,47.01,Chicago State Cougars
Doyel Cockrill III,632.3,1011.1,-12.09,105.8583170998242,117.95030415506753,105.86,108.71,37.92,88.28,11.21,30.98,18.82,25.28,16.34,29.84,15.68,10.64,2.47,16.06,25.28,46.18,Chicago State Cougars
CJ Ray,897.0,1410.8,-12.76,101.20320146999065,113.96072158535502,101.2,113.29,36.68,88.69,9.89,29.05,17.95,24.1,15.41,31.03,13.78,12.44,2.4,15.27,26.93,46.44,Chicago State Cougars
Braelon Bush,583.4,951.0,-19.28,101.67663748170592,120.95753561138487,101.68,115.34,38.51,90.07,9.65,29.48,14.99,19.82,14.58,29.99,15.3,9.76,1.75,15.1,26.19,44.57,Chicago State Cougars
Stephen Byard,396.7,646.4,-20.05,100.72107130594026,120.77484118892636,100.72,117.51,36.17,88.36,8.85,25.03,19.53,25.79,15.26,29.91,12.51,9.77,2.9,14.65,30.98,45.17,Chicago State Cougars
Marcus Tankersley,821.6,1303.2,-21.16,98.56694776778167,119.73183831889287,98.57,114.72,36.44,89.25,8.94,26.97,16.75,22.31,15.78,29.98,12.7,10.59,1.73,15.93,25.54,45.76,Chicago State Cougars
Lionel Larvadain III,191.6,314.1,-22.06,96.80480860487187,118.86263516219464,96.8,117.37,35.12,87.0,7.59,20.56,18.98,24.04,18.35,27.52,4.11,13.92,3.16,19.93,32.58,45.87,Chicago State Cougars
CJ Delancy,58.9,71.6,-22.42,99.89594172736732,122.31985940246047,99.9,120.71,36.07,94.35,9.71,31.91,18.04,23.59,22.2,31.91,0.0,11.1,0.0,16.65,23.59,54.11,Chicago State Cougars
Corey Sands,458.1,740.0,-22.78,90.26915113871635,113.04520484479448,90.27,117.87,32.16,85.99,8.14,26.64,17.81,24.84,12.97,32.99,13.53,12.84,2.35,15.18,30.37,45.96,Chicago State Cougars
Dailliss Cox,422.4,657.6,-23.1,94.11222844860674,117.21280602636534,94.11,119.44,35.0,93.19,7.52,27.02,16.58,22.41,20.11,29.63,13.2,12.59,0.92,16.27,31.78,49.74,Chicago State Cougars
Chauncey Gibson,224.3,335.9,-23.59,95.75943361798409,119.35312428820895,95.76,114.74,35.03,91.09,10.22,32.41,15.47,23.06,18.1,30.65,11.09,9.05,1.75,16.06,21.9,48.75,Chicago State Cougars
5106744,49.1,93.1,-30.52,94.47983014861995,125.0,94.48,122.08,30.79,87.05,7.43,28.66,25.48,33.97,19.11,21.23,11.68,10.62,0.0,15.92,28.66,40.34,Chicago State Cougars
5313922,40.3,76.4,-32.2,91.5538362346873,123.75249500998002,91.55,119.92,32.24,83.82,11.61,32.24,15.47,23.21,14.18,24.5,14.18,11.61,0.0,19.34,30.95,38.68,Chicago State Cougars
5177534,48.6,91.2,-35.68,90.75997813012575,126.44310060472787,90.76,125.75,31.71,89.67,9.84,29.52,17.5,24.06,16.4,24.06,13.12,12.03,0.0,15.31,29.52,40.46,Chicago State Cougars
4703637,50.4,91.6,-50.76,85.90604026845638,136.66666666666666,85.91,132.08,32.21,93.42,9.66,35.44,11.81,16.11,19.33,21.48,9.66,11.81,0.0,18.26,26.85,40.81,Chicago State Cougars
Halvine Dzellat,184.4,308.0,11.8,107.6846141023504,95.88607594936708,107.68,101.02,37.34,90.35,16.0,39.67,17.0,27.34,22.67,37.67,19.0,10.67,6.0,19.34,21.34,60.34,Cincinnati Bearcats
Moustapha Thiam,830.7,1434.1,10.98,106.2898500775461,95.3136850274265,106.29,93.12,38.05,87.54,12.75,37.7,17.44,25.5,15.37,38.19,16.47,8.55,6.27,15.72,20.95,53.56,Cincinnati Bearcats
Day Day Thomas,994.7,1699.3,10.13,107.17950221336226,97.04522969241445,107.18,96.33,38.29,88.07,13.43,38.4,17.18,24.51,16.01,37.23,16.59,8.85,5.8,16.3,22.28,53.24,Cincinnati Bearcats
Sencire Harris,511.8,891.2,9.94,102.90712631849755,92.96689981825192,102.91,96.5,37.62,89.3,10.75,34.76,16.92,27.1,16.92,36.25,13.49,11.43,6.63,14.75,26.3,53.17,Cincinnati Bearcats
Baba Miller,975.1,1666.6,9.39,106.74165706849357,97.35405165540999,106.74,96.81,38.11,87.6,12.51,36.86,18.01,26.75,16.75,38.65,17.77,8.86,6.28,16.45,23.1,55.4,Cincinnati Bearcats
Keyshuan Tillery,348.9,604.8,7.4,104.85015443693129,97.44912582401834,104.85,99.34,36.73,85.32,14.53,38.9,16.86,27.05,15.36,38.57,17.36,10.35,5.34,17.2,22.71,53.93,Cincinnati Bearcats
Jalen Celestine,737.2,1254.6,7.25,107.44625692976508,100.19313860183581,107.45,100.35,38.61,88.22,14.2,39.48,16.03,23.45,16.43,36.61,18.51,8.93,5.34,17.07,22.41,53.04,Cincinnati Bearcats
Jizzle James,670.8,1117.7,6.7,110.2161933022467,103.51168318607887,110.22,102.99,40.43,89.87,13.03,36.23,16.33,21.33,15.53,36.41,23.83,8.39,5.89,15.53,24.01,51.94,Cincinnati Bearcats
Shon Abaev,357.1,641.5,6.12,100.12630612010565,94.00555776101628,100.13,90.63,35.06,84.2,13.17,42.56,16.84,26.49,14.7,39.5,8.11,8.11,6.89,17.91,22.51,54.2,Cincinnati Bearcats
Kerr Kriisa,392.6,709.4,3.04,97.28601252609603,94.24532343281452,97.29,91.86,34.66,83.79,12.11,39.81,15.87,25.05,15.87,37.58,6.54,7.52,6.82,20.18,24.22,53.45,Cincinnati Bearcats
Jordi Rodriguez,99.2,178.8,2.93,92.056009981977,89.12706247355803,92.06,87.62,32.16,85.4,9.43,38.82,18.3,26.06,21.07,38.82,4.44,10.54,4.44,23.29,20.52,59.89,Cincinnati Bearcats
Tyler McKinley,300.4,524.8,-0.2,99.28050606016707,99.47816275680505,99.28,102.18,36.51,84.41,11.4,35.93,14.87,21.44,14.1,33.42,10.62,10.82,5.22,19.51,29.17,47.52,Cincinnati Bearcats
Dallas Thomas,82.7,135.1,25.15,126.36961285609934,101.21836925960636,126.37,98.61,42.37,83.27,20.45,44.56,21.18,32.14,12.42,31.41,17.53,7.3,6.57,13.88,25.57,43.83,Clemson Tigers
Zac Foster,187.4,321.5,24.99,119.17376948475773,94.18806111198614,119.17,91.84,38.09,88.46,13.82,41.77,29.18,35.94,18.74,40.85,0.31,8.91,5.22,13.21,26.72,59.59,Clemson Tigers
RJ Godfrey,836.0,1312.4,14.31,114.30742922287669,99.99809018162372,114.31,99.49,40.43,87.78,13.15,36.33,20.29,28.12,15.28,39.07,12.77,9.12,4.56,14.14,25.46,54.35,Clemson Tigers
Jestin Porter,885.6,1422.2,13.6,113.43378048137274,99.8365352503823,113.43,99.86,39.24,85.09,13.22,36.22,21.73,29.61,13.36,38.12,13.22,9.99,4.64,14.21,23.84,51.48,Clemson Tigers
Chase Thompson,279.8,449.3,12.4,108.53322847031066,96.13052585161503,108.53,97.97,36.18,83.14,12.36,38.42,23.82,31.23,11.68,39.77,11.46,9.44,4.04,13.71,21.35,51.45,Clemson Tigers
Jake Wahlin,665.9,1088.2,11.66,111.93377787997241,100.27087828841653,111.93,100.44,39.0,86.36,12.88,38.17,21.06,28.51,13.98,39.09,11.31,8.55,3.5,14.07,25.02,53.07,Clemson Tigers
Dillon Hunter,942.8,1517.3,7.37,109.92416749093307,102.55734681443181,109.92,102.67,38.05,84.14,12.13,34.88,21.69,30.33,12.99,37.59,12.07,9.83,4.22,14.44,24.4,50.58,Clemson Tigers
Carter Welling,624.9,1033.5,6.94,107.17721762555318,100.23355391202804,107.18,99.1,37.81,82.84,10.58,33.29,20.97,29.25,12.03,37.71,11.16,10.2,4.14,15.3,22.99,49.74,Clemson Tigers
Butta Johnson,680.4,1109.4,4.7,109.60879754822426,104.91212257773772,109.61,104.92,37.32,85.81,12.35,37.5,22.62,31.01,13.7,38.04,13.16,9.28,4.06,13.16,25.24,51.74,Clemson Tigers
Nick Davidson,711.2,1141.7,2.26,107.60079312623927,105.33875987550874,107.6,106.63,37.19,86.54,12.51,37.54,20.71,29.08,14.98,37.45,11.72,8.81,4.32,14.63,26.35,52.43,Clemson Tigers
Ace Buckner,627.0,1027.7,1.67,109.96362215874412,108.28889966068832,109.96,109.08,37.21,82.62,11.43,34.08,24.12,33.3,13.18,36.33,12.89,8.4,4.0,14.75,26.56,49.51,Clemson Tigers
Jaidon Lipscomb,757.7,1363.6,-2.34,111.98793296911502,114.32539610021746,111.99,115.08,37.08,81.31,16.56,41.72,21.26,27.74,13.91,33.26,14.2,8.39,5.0,19.42,27.67,47.17,Cleveland State Vikings
Kevo St. Hilaire,63.8,108.3,-2.79,101.58730158730158,104.37235543018338,101.59,100.68,38.1,84.35,8.16,31.75,17.23,27.21,19.05,30.84,7.26,8.16,3.63,21.77,27.21,49.89,Cleveland State Vikings
Dayan Nessah,593.7,1054.2,-3.35,114.60824643642972,117.956918446054,114.61,119.97,36.93,79.88,15.31,38.55,25.45,33.29,16.17,32.53,11.96,8.32,4.88,20.47,26.69,48.7,Cleveland State Vikings
Manny Hill,95.0,176.7,-3.91,103.58221838584376,107.49094959621274,103.58,111.06,33.95,75.96,7.48,26.47,28.2,39.71,14.39,36.83,6.33,9.78,3.45,19.57,25.9,51.22,Cleveland State Vikings
Holden Pierre-Louis,412.9,709.6,-4.9,111.2821948488242,116.18669314796426,111.28,114.64,38.35,83.29,16.38,40.31,18.2,25.76,13.44,33.17,15.26,8.54,6.58,17.92,26.74,46.61,Cleveland State Vikings
Preist Ryan,623.4,1092.9,-5.61,109.28961748633881,114.89517531813604,109.29,114.78,36.58,82.49,14.27,37.68,21.86,29.54,16.0,32.38,11.43,8.32,3.84,19.48,26.43,48.38,Cleveland State Vikings
5176378,29.5,55.0,-5.95,130.62665489849957,136.57623947614593,130.63,128.86,44.13,91.79,19.42,49.43,22.95,24.71,10.59,26.48,21.18,5.3,5.3,7.06,28.24,37.07,Cleveland State Vikings
David Giddens,183.1,329.1,-7.29,108.67765485060585,115.9687068568799,108.68,113.8,35.82,84.29,15.65,42.45,21.37,28.0,17.16,31.91,6.92,8.73,4.82,19.57,26.19,49.07,Cleveland State Vikings
5106598,43.8,79.6,-9.47,116.01357605677258,125.48015364916773,116.01,120.95,43.2,81.46,9.87,32.09,19.75,23.45,7.41,23.45,8.64,7.41,2.47,14.81,30.85,30.86,Cleveland State Vikings
Ivan Spirov,114.1,202.5,-10.45,117.51063007344413,127.96208530805686,117.51,139.16,37.62,83.49,17.52,43.29,24.74,30.41,17.01,34.02,8.76,7.73,2.06,19.07,38.65,51.03,Cleveland State Vikings
Josiah Harris,472.6,852.5,-11.13,110.00736919675755,121.1343213910608,110.01,122.39,36.2,82.3,15.33,42.92,22.28,30.07,16.15,32.19,12.26,7.43,2.59,19.57,26.65,48.34,Cleveland State Vikings
Foster Wonders,582.5,1030.4,-11.36,108.50669010645571,119.86788495383207,108.51,121.4,35.75,80.87,16.21,42.29,20.8,27.74,13.28,33.89,13.28,7.03,3.22,19.24,26.47,47.17,Cleveland State Vikings
Tre Beard,791.3,1383.1,-11.41,112.8467837945092,124.25510333460126,112.85,123.74,36.94,81.32,16.74,41.99,22.22,29.01,13.93,31.46,15.22,7.07,3.46,18.83,27.71,45.39,Cleveland State Vikings
5177686,34.1,65.8,-11.51,120.58057312988464,132.0901320901321,120.58,126.54,43.17,87.83,16.38,41.68,17.86,19.35,10.42,26.8,20.84,7.44,4.47,13.4,31.26,37.22,Cleveland State Vikings
Chevalier Emery,620.6,1133.8,-12.27,113.20754716981132,125.47370265711592,113.21,127.15,35.96,78.85,15.09,39.42,26.19,34.63,11.9,30.72,13.14,7.64,3.37,16.6,27.35,42.62,Cleveland State Vikings
5239604,29.1,51.1,-15.54,118.8118811881188,134.35114503816794,118.81,124.47,39.6,75.44,11.32,32.06,28.29,35.83,5.66,22.63,9.43,1.89,1.89,13.2,24.52,28.29,Cleveland State Vikings
5182601,49.1,89.0,-18.2,118.09732094040459,136.29800750794107,118.1,129.03,40.46,82.01,16.4,41.55,20.78,24.06,8.75,19.68,12.03,6.56,3.28,15.31,28.43,28.43,Cleveland State Vikings
Kamari Jones,187.0,338.1,-21.74,106.67067307692308,128.41231709980346,106.67,132.51,35.76,82.93,15.62,41.77,19.53,26.44,11.12,31.85,11.42,6.01,3.61,15.62,29.45,42.97,Cleveland State Vikings
Lucas Burton,69.7,127.6,-22.87,105.0731902947664,127.94483815361042,105.07,133.95,35.29,83.42,15.24,37.7,19.25,26.47,10.43,27.27,9.63,10.43,3.21,14.44,24.86,37.7,Cleveland State Vikings
5106292,49.4,91.0,-28.48,113.78555798687088,142.26633581472294,113.79,141.14,38.29,80.96,14.22,41.58,22.98,26.26,7.66,19.69,16.41,5.47,2.19,14.22,29.54,27.35,Cleveland State Vikings
4897481,33.4,61.6,-47.82,102.93526336952152,150.75788611224908,102.94,147.97,36.99,82.03,12.87,36.99,16.08,20.91,9.65,17.69,14.48,4.83,1.61,17.69,28.95,27.34,Cleveland State Vikings
5176268,29.8,51.6,-49.85,88.93280632411067,138.7832699619772,88.93,144.27,29.64,77.08,5.93,35.57,23.72,31.62,9.88,21.74,1.98,5.93,1.98,17.79,29.64,31.62,Cleveland State Vikings
Tristan Thompson,612.0,1086.8,5.56,105.9652068466956,100.40625496470801,105.97,103.17,35.26,83.67,11.19,34.42,24.25,33.39,14.18,43.84,7.65,6.06,5.32,14.64,28.82,58.02,Coastal Carolina Chanticleers
Reggie Hill,771.3,1294.8,5.32,104.52881094623241,99.204890599911,104.53,98.82,36.54,88.11,13.34,38.23,18.12,23.9,15.34,42.47,10.25,6.71,3.7,15.88,25.75,57.81,Coastal Carolina Chanticleers
DaJohn Craig,384.7,666.4,4.93,108.86504799548278,103.93689011851797,108.87,104.65,37.79,88.99,14.61,41.71,18.67,26.35,15.81,42.76,8.28,5.72,4.67,14.3,30.87,58.57,Coastal Carolina Chanticleers
Jerry Ngopot,195.9,352.9,4.16,109.64408725602756,105.4840514829323,109.64,108.21,41.04,88.4,15.21,39.32,12.34,18.37,12.06,43.34,4.88,6.03,2.01,14.93,24.4,55.4,Coastal Carolina Chanticleers
Nadjrick Peat,733.9,1251.2,1.96,101.80360721442885,99.84859351342735,101.8,100.44,34.63,84.97,11.86,34.39,20.68,27.25,13.87,42.24,10.18,7.05,5.21,15.95,22.36,56.11,Coastal Carolina Chanticleers
Joshua Beadle,1029.4,1771.9,-0.34,103.4492483853682,103.78463840539816,103.45,103.67,35.42,85.96,12.47,35.76,20.14,27.41,14.1,40.44,9.59,6.26,4.23,15.12,26.0,54.54,Coastal Carolina Chanticleers
Rasheed Jones,1152.6,1978.3,-1.31,103.52417334986212,104.83524807473803,103.52,105.04,35.17,86.27,12.7,37.59,20.49,27.63,14.62,40.68,8.91,6.32,4.4,15.23,25.7,55.3,Coastal Carolina Chanticleers
AJ Dancler,1048.6,1795.4,-1.67,102.37283417994571,104.04737025426681,102.37,103.93,35.13,85.9,12.58,36.63,19.54,27.0,14.14,40.92,9.41,6.46,4.73,15.42,26.05,55.06,Coastal Carolina Chanticleers
Derrick Green,320.5,530.4,-1.88,108.49325479764393,110.37321111215041,108.49,112.1,38.19,89.3,13.68,37.43,18.43,28.12,18.43,42.18,11.4,3.61,3.99,15.77,32.87,60.61,Coastal Carolina Chanticleers
Braeden MacVicar,166.7,297.3,-3.5,93.97749834546659,97.47755451047456,93.98,94.31,32.1,89.34,12.91,48.97,16.88,23.83,15.22,44.01,5.29,5.63,4.3,14.56,26.8,59.23,Coastal Carolina Chanticleers
Cameron Brennan,42.1,69.8,15.67,95.2724648141465,79.60199004975125,95.27,80.84,38.98,88.05,4.33,18.77,12.99,12.99,12.99,44.75,5.77,10.1,10.1,18.77,34.64,57.74,Colgate Raiders
Josh Ahayere,663.1,1101.8,11.95,117.7473223540251,105.79975852971427,117.75,108.99,43.3,87.8,11.24,28.84,19.9,26.26,13.82,40.35,14.83,9.4,4.79,13.54,24.23,54.17,Colgate Raiders
Cooper Wright,319.4,532.0,11.9,112.96559150310803,101.06214689265536,112.97,109.44,40.14,83.99,10.38,28.98,22.32,29.17,12.33,45.23,12.92,7.64,7.44,14.49,29.56,57.56,Colgate Raiders
Ayomi Odetoyinbo,307.4,490.0,11.07,112.62583892617451,101.56017092318395,112.63,107.17,43.83,88.3,11.33,29.15,13.63,18.46,13.0,42.16,11.95,8.18,8.81,15.94,28.1,55.16,Colgate Raiders
Jalen Cox,901.8,1518.0,5.22,113.19132045514688,107.96982617251558,113.19,108.89,42.21,88.05,10.45,30.03,18.32,24.87,13.1,37.38,13.63,8.86,3.77,13.23,24.21,50.48,Colgate Raiders
Ben Tweedy,804.5,1327.6,4.92,114.82527824652547,109.90161972094414,114.83,111.41,42.62,87.37,11.38,30.49,18.2,24.19,12.82,38.22,16.15,7.74,4.25,13.95,23.59,51.04,Colgate Raiders
Andrew Alekseyenko,820.3,1390.6,4.04,114.04813533807636,110.01100110011002,114.05,109.32,42.36,88.53,11.25,31.04,18.06,24.3,13.55,36.34,14.26,8.96,3.3,13.48,22.94,49.89,Colgate Raiders
Kyle Carlesimo,663.5,1120.9,1.56,110.33376409250926,108.77185148802214,110.33,108.55,42.42,86.98,10.52,30.48,14.97,21.21,12.48,35.65,12.21,8.02,4.72,15.42,27.27,48.13,Colgate Raiders
Sam Wright,698.5,1173.7,0.66,114.24451889232859,113.58140928251986,114.24,112.55,42.75,88.63,11.79,32.31,16.96,23.58,13.15,35.71,15.01,8.06,2.29,13.32,22.31,48.86,Colgate Raiders
Brady Cummins,292.2,482.3,-13.61,105.69315890170121,119.30371525071448,105.69,118.72,40.54,85.63,11.17,32.06,13.44,16.75,9.1,32.27,7.24,8.89,3.72,15.51,24.61,41.37,Colgate Raiders
Ethan Brown,65.9,101.9,-32.19,101.04618525133964,133.2388377037562,101.05,143.91,34.7,81.65,14.29,31.64,17.35,21.43,7.14,29.6,20.41,4.08,8.17,15.31,26.54,36.74,Colgate Raiders
Felix Kossaras,427.8,750.0,8.33,119.24917188075084,110.92291853475473,119.25,111.75,41.22,82.04,9.9,26.63,26.9,33.86,13.38,36.27,9.64,8.57,6.02,15.26,27.04,49.65,Colorado Buffaloes
Bangot Dak,814.5,1425.3,4.0,113.23668784443117,109.23942575680556,113.24,109.38,40.16,84.52,10.32,28.85,22.61,29.63,13.62,36.08,14.95,8.49,5.69,15.02,23.73,49.7,Colorado Buffaloes
Elijah Malone,404.0,687.0,3.75,112.7979464613128,109.05282923482469,112.8,110.74,41.51,86.84,9.68,25.82,20.1,24.94,15.4,35.5,12.03,9.09,4.99,16.72,24.94,50.9,Colorado Buffaloes
Sebastian Rancik,802.9,1418.0,2.63,112.91889695620682,110.2938588773535,112.92,110.73,38.79,83.66,10.32,29.82,25.01,32.01,13.99,34.06,13.07,8.97,5.02,15.12,24.52,48.05,Colorado Buffaloes
Fawaz Ifaola,129.8,222.8,2.3,110.6952478167177,108.3962683251888,110.7,110.7,41.28,89.37,13.16,32.66,14.97,19.51,14.97,38.11,18.15,7.26,3.18,16.33,31.3,53.08,Colorado Buffaloes
Isaiah Johnson,965.2,1709.5,0.99,113.30265818704024,112.31593234190977,113.3,112.78,39.1,85.23,10.2,29.95,24.91,32.71,14.18,33.76,14.6,9.32,4.57,13.42,24.68,47.94,Colorado Buffaloes
Jalin Holland,497.7,876.1,0.81,112.26350581262822,111.4508616008916,112.26,111.12,40.23,87.65,10.03,30.09,21.77,30.09,15.73,32.82,14.82,9.35,4.79,13.79,25.3,48.55,Colorado Buffaloes
Barrington Hargress,1019.2,1780.6,-0.96,113.32497852626837,114.28571428571428,113.32,114.96,39.93,85.16,10.81,29.68,22.64,29.46,13.74,33.23,15.26,9.07,4.84,14.59,24.95,46.97,Colorado Buffaloes
Josiah Sanders,530.4,912.2,-1.63,112.09127591484625,113.71797294743378,112.09,117.21,41.07,86.93,10.46,29.94,19.48,27.27,14.58,36.29,15.03,8.68,4.12,14.69,27.05,50.87,Colorado Buffaloes
Alon Michaeli,505.4,880.9,-3.02,113.58956760466712,116.60986395515872,113.59,118.39,39.69,86.82,11.78,33.63,22.42,31.11,14.3,33.75,12.93,10.07,3.55,12.7,24.02,48.05,Colorado Buffaloes
Ian Inman,176.4,313.8,-11.36,108.50960762150817,119.86786219915054,108.51,123.04,37.14,83.0,11.95,37.46,22.28,30.36,13.24,33.59,19.38,8.07,4.2,15.82,27.13,46.83,Colorado Buffaloes
Nikola Djapa,167.4,261.6,21.04,119.80226810119221,98.76543209876544,119.8,101.58,41.1,88.4,19.77,45.36,17.83,24.43,19.39,37.22,9.69,11.63,2.71,19.39,27.14,56.61,Colorado State Rams
Kyle Jorgensen,705.5,1130.7,9.85,119.02306291281735,109.17273800770893,119.02,107.52,40.03,80.4,16.06,40.2,22.91,28.88,11.67,36.95,15.1,7.29,3.51,17.56,22.47,48.62,Colorado State Rams
Brandon Rechsteiner,932.8,1508.2,8.02,118.97388337777188,110.95810866860222,118.97,110.76,40.41,81.88,16.43,42.13,21.73,28.95,12.39,35.97,16.1,7.35,3.84,16.76,24.18,48.36,Colorado State Rams
Jevin Muniz,1022.1,1660.4,7.12,116.96047169243728,109.84009283959548,116.96,109.62,39.29,80.68,14.74,38.87,23.64,31.05,13.06,35.8,15.76,7.94,3.67,17.63,25.27,48.86,Colorado State Rams
Carey Booth,820.8,1308.3,6.91,118.19488358723771,111.28260828140782,118.19,111.91,40.93,81.79,15.48,39.09,20.85,27.21,12.42,36.49,15.48,8.05,4.29,17.71,22.69,48.91,Colorado State Rams
Augustinas Kiudulas,480.5,778.8,6.4,112.41762501615196,106.0219443735647,112.42,107.38,37.34,80.24,14.47,39.02,23.26,31.53,16.02,36.83,14.21,8.92,1.94,20.8,30.75,52.85,Colorado State Rams
Jase Butler,863.6,1391.5,6.12,114.91935483870968,108.80401649632418,114.92,109.23,37.44,78.92,14.9,39.1,25.13,32.26,12.82,36.58,17.14,8.5,3.1,18.58,27.0,49.4,Colorado State Rams
Darnez Slater,137.9,222.7,4.39,119.87599035480538,115.49017455264026,119.88,120.79,40.88,76.7,13.32,34.91,24.8,32.61,15.16,34.91,16.53,7.81,2.3,22.96,28.94,50.07,Colorado State Rams
Jojo McIver,383.1,603.0,4.31,110.39342337052263,106.07861622330614,110.39,108.55,35.74,79.36,13.25,36.07,25.67,33.22,18.12,38.76,12.75,9.56,1.85,22.98,32.88,56.88,Colorado State Rams
Josh Pascarelli,700.3,1109.8,4.3,114.37577395024203,110.07685546214701,114.38,109.96,39.54,83.85,16.12,41.79,19.18,25.67,14.77,37.1,10.99,8.47,3.6,18.73,25.85,51.87,Colorado State Rams
Rashaan Mbemba,365.9,589.5,0.99,115.00833084120137,114.01625194728643,115.01,115.69,36.57,76.73,14.87,38.45,27.0,36.4,14.18,37.25,20.34,7.35,3.08,20.16,29.22,51.43,Colorado State Rams
Jon Mekonnen,40.2,64.4,-0.79,109.84699882306788,110.64156742220514,109.85,112.99,31.38,86.31,9.42,47.08,37.66,48.65,25.11,29.82,7.85,14.12,1.57,15.69,32.95,54.93,Colorado State Rams
5241715,35.5,63.6,39.47,119.0003966679889,79.53216374269006,119.0,80.92,44.43,85.68,9.52,34.91,20.63,30.15,17.45,49.19,7.93,9.52,9.52,17.45,19.04,66.64,Columbia Lions
5313685,46.1,78.4,38.38,121.78877259752616,83.41353865896696,121.79,82.46,40.6,85.0,13.95,38.06,26.64,34.25,16.49,49.48,13.95,12.69,6.34,15.22,22.84,65.97,Columbia Lions
5174631,42.7,77.2,33.47,123.73819602735266,90.26434558349452,123.74,91.18,42.98,84.66,10.42,37.77,27.35,37.77,14.33,45.59,9.12,10.42,9.12,11.72,19.54,59.92,Columbia Lions
Richard Nweke,135.8,227.8,15.76,117.71238200999446,101.95227765726682,117.71,104.39,45.31,89.73,11.99,30.65,15.1,24.43,19.99,37.31,12.88,13.33,4.0,18.66,26.21,57.3,Columbia Lions
Zine Eddine Bedri,95.3,157.0,13.37,103.07982401005657,89.70635688931914,103.08,87.37,38.34,82.97,10.69,28.28,15.71,22.63,16.34,48.4,0.0,5.66,3.77,22.63,25.77,64.74,Columbia Lions
Connor Igoe,501.8,840.6,9.42,114.43140045061071,105.01193317422435,114.43,104.35,43.88,89.17,11.98,32.61,14.7,22.29,19.21,38.06,15.3,10.2,4.03,19.45,24.78,57.27,Columbia Lions
Ryan Soulis,434.1,728.5,9.23,113.84604909270418,104.61495883207638,113.85,102.95,42.9,88.65,11.85,32.96,16.21,22.74,17.16,37.99,12.8,8.17,5.31,17.7,21.24,55.15,Columbia Lions
Miles Franklin,559.6,945.4,6.68,108.93349075167258,102.25243236038916,108.93,100.64,41.87,89.62,9.55,30.12,15.64,23.61,18.68,37.15,13.33,9.65,4.3,17.84,24.03,55.83,Columbia Lions
Hampton Sanders,340.8,574.6,5.25,113.91417425227569,108.66052321264796,113.91,107.85,43.69,87.73,11.44,31.21,15.08,22.54,19.94,36.76,16.99,9.19,3.47,21.5,28.09,56.7,Columbia Lions
Kenny Noland,813.2,1362.5,4.01,110.76720206589623,106.76078085364509,110.77,106.37,41.68,88.06,12.16,33.7,15.24,21.9,17.51,37.14,14.21,8.5,4.32,19.05,23.74,54.65,Columbia Lions
Leland Coleman,57.6,94.9,3.81,96.2453728186145,92.43697478991596,96.25,93.07,41.25,94.13,6.35,34.9,7.4,19.04,23.27,44.42,15.86,8.46,3.17,20.1,28.56,67.69,Columbia Lions
5106237,43.0,78.5,2.67,109.6795507102742,107.0110701107011,109.68,114.97,33.04,77.96,9.25,30.39,34.36,43.61,15.86,44.93,6.61,7.93,7.93,17.18,30.39,60.79,Columbia Lions
Gerard O'Keefe,502.0,849.2,2.27,111.4078595955742,109.14245216158753,111.41,108.47,42.5,88.05,11.97,34.4,14.44,21.95,18.55,36.98,12.68,7.87,3.29,20.07,23.48,55.53,Columbia Lions
Blair Thompson,763.1,1285.0,1.56,111.28825290663764,109.72665680242972,111.29,109.58,41.61,87.65,12.29,33.6,15.79,22.24,17.11,37.56,14.08,7.47,4.2,18.9,23.25,54.67,Columbia Lions
Mason Ritter,599.8,1002.3,-1.27,107.61167956076865,108.88152154946782,107.61,109.01,40.93,88.05,10.88,32.24,14.87,20.96,18.17,38.13,14.47,7.09,3.39,20.16,22.96,56.3,Columbia Lions
Avery Brown,36.5,58.6,-10.64,80.0,90.63702436938863,80.0,90.21,27.23,76.6,13.62,35.74,11.91,17.02,11.91,47.66,0.0,5.11,5.11,27.23,18.72,59.57,Columbia Lions
Josiah Brown,39.0,74.6,21.89,116.96701802108124,95.0808847804556,116.97,97.93,36.72,78.88,6.8,29.92,36.72,53.04,23.12,32.64,10.88,13.6,4.08,19.04,20.4,55.76,Coppin State Eagles
Camaren Sparrow,267.3,468.0,1.31,102.25434149498436,100.94703983916196,102.25,102.9,36.46,83.27,10.14,30.85,19.2,29.77,17.91,32.79,11.43,9.92,6.04,20.49,25.46,50.7,Coppin State Eagles
Jamari Piercy,497.9,873.8,-16.12,95.68448128036582,111.80479981671343,95.68,111.57,34.52,81.51,8.0,25.72,18.63,28.58,16.58,30.87,10.06,10.06,5.83,21.49,26.29,47.45,Coppin State Eagles
Daveyon Lydner,231.0,417.9,-18.99,95.37400404328696,114.36138196701577,95.37,112.97,32.82,77.3,9.04,25.69,20.69,33.77,14.03,31.39,5.95,9.51,5.23,20.69,24.26,45.42,Coppin State Eagles
Hussain Williams,534.0,935.0,-19.38,90.40089442581058,109.78328007089723,90.4,108.82,30.99,78.79,8.94,31.52,19.49,29.18,15.55,31.09,10.01,9.58,4.79,22.89,27.37,46.64,Coppin State Eagles
Taj Thweatt,359.8,617.8,-19.62,93.3587260423842,112.97882657184417,93.36,113.29,31.77,79.42,10.86,32.58,18.96,29.34,16.21,32.74,12.8,9.56,4.86,22.85,27.72,48.95,Coppin State Eagles
Torrin Andrews,553.6,954.3,-20.48,94.11641266427091,114.59368949819478,94.12,114.89,33.26,80.79,8.71,31.27,18.89,26.97,15.95,29.69,9.02,9.65,4.93,22.35,27.49,45.64,Coppin State Eagles
Demariontay Hall,409.4,716.7,-21.21,91.01394568522596,112.22500696184905,91.01,112.68,33.69,79.69,5.73,21.95,17.9,29.22,15.1,31.88,6.99,8.11,5.59,21.53,26.14,46.98,Coppin State Eagles
Hassan Perkins,615.6,1078.0,-21.91,94.10560119144579,116.01571527617287,94.11,116.82,32.3,78.65,9.68,28.11,19.83,30.44,15.36,30.72,10.33,8.56,4.75,22.25,27.37,46.08,Coppin State Eagles
Khali Horton,559.3,963.5,-22.54,96.69621273166801,119.24063090829038,96.7,119.67,33.79,83.08,9.77,29.63,19.34,27.97,17.36,29.74,9.25,8.11,4.26,21.0,26.51,47.1,Coppin State Eagles
Nelson Lamizana,302.6,523.6,-24.3,95.84361358891631,120.14032389831321,95.84,118.62,32.26,75.73,10.06,25.05,21.26,31.13,15.56,29.99,10.44,10.82,4.37,25.05,26.76,45.55,Coppin State Eagles
Favour Aire,167.2,289.2,-31.74,98.82433123189641,130.5606738615425,98.82,126.77,34.76,82.13,12.27,37.14,17.04,21.13,17.04,26.92,6.82,7.84,2.73,24.88,30.33,43.96,Coppin State Eagles
Chris Morgan,171.6,294.1,-32.56,79.91732690320357,112.47272116837333,79.92,115.4,29.28,80.95,7.58,26.87,13.78,23.42,14.81,31.0,7.92,10.33,4.13,22.74,25.49,45.81,Coppin State Eagles
Baasil Saunders,336.8,582.7,-37.12,82.85305715647615,119.9762086838304,82.85,122.37,29.12,79.04,7.11,26.69,17.51,24.79,15.25,31.55,7.45,7.8,6.07,24.44,25.13,46.8,Coppin State Eagles
Tyler Koenig,417.5,708.4,-37.77,83.06914116767,120.84338613238226,83.07,123.11,29.49,83.78,5.7,28.5,18.38,26.64,18.52,30.92,6.55,7.41,4.84,22.09,24.93,49.44,Coppin State Eagles
Mateen Rafiq,137.5,260.9,28.61,136.40238704177324,107.79371849554092,136.4,105.33,47.36,89.42,24.25,53.42,17.43,23.87,15.91,37.13,23.87,5.68,4.17,15.16,19.32,53.04,Cornell Big Red
Jax Abalos,45.3,91.8,27.85,139.58682300390842,111.731843575419,139.59,117.25,51.37,87.1,23.45,51.37,13.4,20.1,11.17,33.5,32.38,5.58,2.23,14.52,17.87,44.67,Cornell Big Red
Josh Baldwin,487.5,859.7,13.85,124.28253484830736,110.43724368971293,124.28,111.98,43.34,87.38,18.86,46.62,18.74,24.83,14.99,34.79,21.9,9.25,3.98,15.81,27.06,49.78,Cornell Big Red
Jake Fiegen,620.5,1102.4,11.53,125.3594800842372,113.82630813953489,125.36,113.49,44.11,87.68,16.39,42.66,20.74,27.08,15.76,32.79,22.64,9.6,4.08,15.22,25.81,48.55,Cornell Big Red
Anthony Nimani,375.5,653.8,11.46,122.87480680061825,111.41386618225854,122.87,113.76,43.89,82.07,16.38,38.79,18.7,24.73,12.21,33.23,17.31,8.5,3.55,18.39,28.13,45.44,Cornell Big Red
Corbin Zentner,275.0,488.7,9.52,121.57107231920199,112.05159209995969,121.57,115.54,42.39,83.54,18.5,44.89,18.29,23.28,12.05,35.54,14.55,9.77,3.74,17.46,28.68,47.59,Cornell Big Red
Adam Hinton,685.6,1227.2,7.58,123.2809829929205,115.70551396340343,123.28,115.39,44.02,90.41,18.15,46.87,17.09,23.11,15.3,33.2,19.04,8.38,3.5,13.91,25.31,48.5,Cornell Big Red
Ian Imegwu,75.0,154.0,7.55,132.5931800158604,125.04156967076821,132.59,119.27,47.58,96.43,22.2,55.83,15.23,22.2,17.13,35.53,15.86,5.08,3.17,10.15,23.47,52.66,Cornell Big Red
Gioacchino Panzini,271.2,484.2,6.87,121.62019989479222,114.75492929190531,121.62,119.1,43.14,87.11,19.78,48.61,15.57,23.15,16.83,33.88,18.31,8.21,5.47,18.73,31.14,50.71,Cornell Big Red
Jacob Beccles,643.1,1151.2,6.65,120.3975307560965,113.75142727879873,120.4,115.58,42.73,88.0,17.16,45.27,17.78,24.34,14.71,33.89,18.13,8.49,3.77,15.15,26.71,48.6,Cornell Big Red
DJ Nix,311.4,573.5,4.26,119.05282969317636,114.79182043155471,119.05,115.73,41.14,84.39,19.61,46.22,17.16,23.29,12.08,32.39,13.48,7.35,3.68,16.63,25.04,44.47,Cornell Big Red
Kaspar Sepp,515.0,909.4,3.85,116.9774288518155,113.1302237799946,116.98,117.65,41.83,86.36,14.58,41.27,18.73,26.36,15.25,34.43,17.61,8.41,3.81,16.37,27.93,49.68,Cornell Big Red
DaMaryon Fishburn,146.6,272.3,3.29,120.2924030720829,117.00382722799343,120.29,118.81,42.94,84.76,21.1,47.75,13.32,19.62,13.32,35.9,14.06,7.77,2.96,19.25,30.72,49.22,Cornell Big Red
Cooper Noard,764.4,1378.8,2.22,120.05011166185523,117.83451022994748,120.05,118.16,42.27,86.13,16.7,44.66,18.81,24.91,14.31,32.83,18.23,7.77,3.85,16.34,25.71,47.14,Cornell Big Red
Ryan Burbach,40.8,80.7,0.35,119.81279251170048,119.45812807881772,119.81,121.06,43.68,89.86,16.22,48.67,16.22,18.72,18.72,27.46,0.0,12.48,1.25,19.97,37.44,46.18,Cornell Big Red
Jackson McAndrew,79.3,140.4,3.81,110.18304602807889,106.37158665000894,110.18,105.92,39.81,90.99,12.08,41.94,18.48,23.46,20.61,36.96,0.0,10.66,2.84,18.48,17.77,57.57,Creighton Bluejays
Ty Davis,305.7,531.0,1.91,107.19431370665644,105.28260066494275,107.19,109.5,39.19,87.6,14.79,42.07,14.02,18.83,14.02,39.96,15.37,9.03,4.61,17.48,20.36,53.98,Creighton Bluejays
Isaac Traudt,523.3,875.6,1.51,111.65034603566608,110.1396616327921,111.65,111.42,40.32,87.3,16.89,46.41,14.13,18.03,12.98,39.28,17.12,6.32,3.33,17.12,17.8,52.26,Creighton Bluejays
Josh Dix,976.6,1645.5,0.13,110.63557579542167,110.50996438584527,110.64,111.06,39.42,87.3,14.74,42.1,17.06,22.11,13.71,37.47,14.8,7.8,4.02,15.9,20.41,51.18,Creighton Bluejays
Blake Harper,541.2,907.8,0.04,108.96820389015392,108.92402963618268,108.97,108.09,37.75,85.37,12.4,37.97,21.07,27.32,15.8,36.65,11.74,8.56,3.95,17.45,21.51,52.45,Creighton Bluejays
Jasen Green,806.8,1374.8,-1.04,109.4913094913095,110.53176607379685,109.49,110.73,38.58,85.83,14.71,42.22,17.62,22.93,11.94,38.37,14.34,7.13,3.49,15.22,20.17,50.31,Creighton Bluejays
Nik Graves,788.9,1325.6,-2.32,111.93107323468814,114.24881782099246,111.93,112.68,38.96,86.53,14.91,42.26,19.1,24.72,13.49,35.74,14.31,7.49,3.52,15.21,20.45,49.23,Creighton Bluejays
Owen Freeman,278.2,458.8,-4.02,101.29628616747799,105.31458661310462,101.3,106.11,36.32,90.36,13.13,42.88,15.53,21.22,18.6,35.88,9.41,9.85,6.34,18.16,20.13,54.48,Creighton Bluejays
Austin Swartz,585.8,1013.3,-4.2,108.78041557672375,112.97762648313969,108.78,113.03,39.19,87.75,15.3,43.33,15.1,19.54,12.73,36.13,16.88,7.4,3.65,15.7,20.33,48.86,Creighton Bluejays
Kerem Konan,200.7,339.4,-7.23,109.55283060430281,116.78616305713652,109.55,116.01,39.65,86.64,13.51,38.18,16.74,23.79,15.86,31.43,11.75,9.69,4.11,17.92,23.79,47.29,Creighton Bluejays
Hudson Greer,234.2,413.6,-7.54,104.9196180345703,112.46145474333393,104.92,112.41,37.47,84.61,14.02,40.61,15.96,22.72,13.3,36.5,13.05,8.46,4.59,17.89,24.18,49.8,Creighton Bluejays
Fedor Zugic,436.2,750.2,-16.2,100.47959217895833,116.68101450235085,100.48,118.19,33.67,81.03,12.34,41.05,20.79,27.23,11.67,36.09,14.62,8.32,4.7,17.71,24.28,47.76,Creighton Bluejays
Patrick Tivnan Jr.,81.4,150.6,24.26,112.9032258064516,88.64084044648719,112.9,90.73,40.32,84.01,12.1,34.95,20.16,32.26,17.47,43.68,15.46,8.06,4.7,18.15,23.52,61.15,Dartmouth Big Green
Shanon Simango,31.7,56.1,19.0,101.04529616724737,82.04193254329991,101.05,78.4,33.1,78.4,3.48,33.1,31.36,41.81,20.91,50.52,6.97,5.23,8.71,22.65,10.45,71.43,Dartmouth Big Green
Cam Hiatt,347.4,610.7,5.2,111.02391474949404,105.82268208561574,111.02,107.72,37.5,84.26,15.36,41.8,20.65,27.92,13.38,38.66,13.88,7.77,5.12,15.86,22.3,52.04,Dartmouth Big Green
Nikola Abusara,369.6,645.1,4.47,111.0106529344707,106.53827047269671,111.01,109.6,36.48,81.61,13.21,35.69,24.84,34.75,13.84,38.84,14.62,8.96,5.98,15.72,24.84,52.68,Dartmouth Big Green
Anton Strelnikov,83.0,151.3,3.65,105.96467844051982,102.31185440236106,105.96,103.97,37.32,84.64,11.33,34.66,19.99,25.32,11.33,37.99,18.66,6.66,7.33,14.66,25.99,49.32,Dartmouth Big Green
Brandon Mitchell-Day,713.2,1235.4,-3.53,105.22314909280041,108.75217524823422,105.22,106.26,35.29,79.62,13.28,38.17,21.28,28.09,11.28,37.29,10.72,7.52,4.48,18.32,22.0,48.57,Dartmouth Big Green
Cameron McNamee,516.8,894.1,-4.28,105.27202763812038,109.5554875163526,105.27,110.55,35.95,81.45,13.37,38.65,20.0,28.87,12.47,37.52,13.48,8.09,5.06,17.3,22.47,49.99,Dartmouth Big Green
Kareem Thomas,714.6,1222.1,-5.1,105.28019421404005,110.38477451386015,105.28,107.95,34.63,78.17,12.87,36.17,23.06,29.94,11.17,37.22,9.95,6.88,5.5,18.77,23.06,48.39,Dartmouth Big Green
5152623,30.1,56.4,-5.85,97.1731448763251,103.0195381882771,97.17,102.47,31.8,79.51,14.13,35.34,19.43,28.27,10.6,35.34,15.9,8.83,7.07,17.67,31.8,45.94,Dartmouth Big Green
Jackson Munro,633.9,1076.4,-7.19,107.79416889301893,114.98363015766134,107.79,115.04,36.61,81.87,16.17,42.65,18.31,23.7,11.71,37.82,11.71,6.13,5.11,18.59,21.47,49.53,Dartmouth Big Green
Connor Amundsen,714.8,1232.3,-7.43,107.1940268388659,114.62603765118604,107.19,113.41,34.95,80.07,15.34,42.7,21.87,27.85,10.9,36.89,12.03,6.46,4.36,17.6,23.0,47.79,Dartmouth Big Green
Jayden Williams,680.0,1181.3,-7.86,105.93967907250273,113.79825122627425,105.94,112.07,34.36,78.8,14.7,41.17,22.43,29.24,10.75,36.04,10.25,6.55,5.21,18.06,24.2,46.79,Dartmouth Big Green
Ben Brown,143.6,260.8,-13.4,93.80362249761677,107.2013882194158,93.8,106.01,30.89,74.36,13.35,38.89,18.68,26.69,9.53,36.99,6.48,7.63,5.72,22.5,24.02,46.52,Dartmouth Big Green
5106240,30.9,57.8,-29.11,79.50530035335689,108.6126431904964,79.51,113.07,22.97,77.74,14.13,38.87,19.43,28.27,7.07,35.34,12.37,8.83,5.3,15.9,24.73,42.41,Dartmouth Big Green
RJ Greer,73.2,121.9,31.91,128.87635924285138,96.96969696969697,128.88,93.44,44.3,86.99,19.33,45.11,20.94,27.39,15.3,33.83,15.3,10.47,6.44,15.3,24.16,49.13,Davidson Wildcats
Manie Joses,263.7,426.2,20.1,116.28880780044267,96.18592878099292,116.29,100.02,41.63,86.38,15.07,39.48,17.95,24.65,13.88,39.48,14.12,12.92,9.33,15.79,28.71,53.36,Davidson Wildcats
Joe Hurlburt,63.9,102.3,15.55,103.88372647128902,88.33124215809285,103.88,83.87,36.22,79.1,16.2,38.12,15.25,21.92,10.48,40.03,3.81,12.39,1.91,20.97,28.59,50.51,Davidson Wildcats
Sam Brown,672.8,1071.8,8.23,110.69802026210613,102.47043671701206,110.7,101.68,40.9,87.37,14.41,37.09,14.5,22.68,13.66,36.16,13.76,10.13,7.34,15.52,22.86,49.82,Davidson Wildcats
Nick Coval,560.6,893.2,7.88,111.74242424242425,103.85957015865873,111.74,102.83,39.44,86.45,13.81,39.44,18.94,28.52,15.49,35.54,12.7,9.8,6.68,15.49,27.52,51.03,Davidson Wildcats
Roberts Blums,650.4,1063.9,6.21,108.8862837045721,102.67762522666793,108.89,102.23,37.98,84.03,14.16,40.14,18.66,29.07,14.26,37.23,15.29,8.63,6.94,16.41,27.57,51.49,Davidson Wildcats
Hunter Adam,451.5,734.3,4.99,109.8721784063095,104.88270594653572,109.87,104.57,38.07,83.63,16.18,42.83,17.54,25.02,12.1,35.49,13.33,9.52,6.39,16.59,26.24,47.59,Davidson Wildcats
Sean Logan,360.3,572.7,4.75,103.1549096065225,98.40436970452883,103.15,101.38,38.46,84.37,10.63,34.38,15.6,26.94,13.12,41.12,12.41,9.93,11.34,15.95,26.59,54.24,Davidson Wildcats
Josh Scovens,749.2,1193.1,4.61,109.96938304743529,105.3557221221892,109.97,105.52,40.18,88.41,13.17,36.99,16.44,26.34,16.36,35.9,14.85,9.98,7.13,15.43,25.58,52.26,Davidson Wildcats
JaQualon Roberts,335.7,537.6,3.62,109.3522476396261,105.72849511880642,109.35,107.85,37.01,86.24,13.9,42.65,21.23,32.13,15.78,33.82,15.78,10.33,5.82,14.28,27.62,49.6,Davidson Wildcats
Devin Brown,708.6,1149.7,1.83,104.6450482033304,102.81200768284523,104.65,104.38,37.34,85.54,12.36,37.6,17.53,28.05,14.64,35.41,13.76,10.43,6.31,15.78,24.8,50.05,Davidson Wildcats
Ian Platteeuw,417.8,675.3,0.61,110.69108525709252,110.08215085884989,110.69,108.2,41.69,89.55,15.12,38.02,12.18,19.53,15.56,32.44,16.59,9.98,4.99,16.74,22.17,48.0,Davidson Wildcats
Parker Friedrichsen,771.4,1271.4,-1.17,107.13227596831855,108.29858460092794,107.13,109.27,37.84,84.3,13.27,36.42,18.09,27.73,13.75,33.97,14.46,10.43,6.64,16.28,25.52,47.72,Davidson Wildcats
De'Shayne Montgomery,947.6,1582.2,13.99,112.27378264050125,98.28086976999765,112.27,99.55,37.53,81.42,12.15,34.29,25.06,32.95,13.42,35.75,15.14,12.72,5.79,16.35,23.09,49.17,Dayton Flyers
Amaël L'Etang,734.3,1229.9,10.33,110.93753170078517,100.60485102743213,110.94,100.23,36.36,81.72,11.77,34.82,26.46,33.35,14.04,37.74,13.8,10.39,6.09,16.47,23.13,51.78,Dayton Flyers
Jaiun Simon,588.5,957.4,9.27,109.27753651796289,100.01036376826616,109.28,101.59,35.27,78.33,11.16,32.32,27.58,36.32,12.84,36.74,16.84,12.42,5.05,17.27,23.79,49.58,Dayton Flyers
Javon Bennett,1118.9,1879.9,9.01,110.01996007984032,101.01144353327398,110.02,101.13,35.98,80.85,11.44,33.16,26.61,34.6,13.31,35.29,15.17,12.3,5.32,16.02,23.69,48.6,Dayton Flyers
Keonte Jones,986.8,1651.2,8.5,107.03396386693566,98.53407888771346,107.03,98.9,35.13,80.64,10.13,32.58,26.64,35.01,14.02,36.35,14.26,12.8,5.76,16.75,24.45,50.37,Dayton Flyers
Jordan Derkack,698.2,1173.0,7.97,109.39428766015409,101.42143680368807,109.39,101.14,35.16,79.09,10.47,32.35,28.6,38.65,13.11,34.73,13.45,12.43,4.77,15.66,22.56,47.84,Dayton Flyers
Jacob Conner,526.4,875.2,5.52,106.96162837105878,101.44263796656745,106.96,101.03,35.24,82.67,11.63,35.46,24.86,32.16,13.23,34.1,13.46,11.4,5.25,15.28,22.92,47.33,Dayton Flyers
5106600,30.0,50.0,5.46,98.7166831194472,93.25899645210339,98.72,90.82,33.56,67.13,9.87,21.72,21.72,27.64,5.92,31.59,0.0,15.79,1.97,25.67,19.74,37.51,Dayton Flyers
Bryce Heard,563.8,948.3,5.06,109.66856660333544,104.6116568779794,109.67,104.81,35.89,79.06,11.29,31.14,26.6,36.31,12.88,35.89,15.2,11.82,4.86,16.57,26.39,48.77,Dayton Flyers
Damon Friery,61.8,110.8,0.88,97.9115203233775,97.03015189299478,97.91,96.11,30.54,77.25,8.98,26.95,27.85,42.22,13.47,41.32,16.17,8.08,6.29,16.17,31.44,54.79,Dayton Flyers
Malcolm Thomas,171.3,286.1,0.82,105.45423113492956,104.63061152350654,105.45,102.34,37.69,79.87,13.83,34.92,16.25,31.46,11.41,31.81,13.14,12.79,5.88,16.6,27.66,43.22,Dayton Flyers
Sean Pouedet,72.4,117.5,-9.91,96.26128061882252,106.17231935959555,96.26,108.29,34.38,76.49,10.31,30.94,17.19,22.35,11.17,38.68,20.63,6.88,7.74,24.07,27.5,49.85,Dayton Flyers
5177122,35.9,62.1,-12.42,88.9241762604208,101.34859011033919,88.92,98.45,28.58,60.34,9.53,22.23,22.23,33.35,6.35,26.99,0.0,15.88,4.76,30.17,15.88,33.34,Dayton Flyers
Ilija Milijaševic,96.0,168.5,19.11,122.72793369201686,103.6206635358279,122.73,99.46,39.55,77.36,17.45,38.97,26.17,36.64,11.05,28.5,6.4,11.63,4.07,16.29,26.76,39.55,DePaul Blue Demons
Khaman Maker,50.7,81.4,10.86,102.25921521997623,91.39955569660425,102.26,85.61,29.73,78.48,13.08,41.62,29.73,42.81,17.84,30.92,3.57,13.08,9.51,19.02,28.54,48.76,DePaul Blue Demons
RJ Smith,868.5,1446.1,3.6,104.35684647302905,100.75200968104416,104.36,100.76,37.34,85.27,11.07,33.89,18.6,27.66,15.42,34.51,13.62,9.89,5.05,17.01,24.69,49.93,DePaul Blue Demons
Brandon Maclin,787.7,1319.9,1.92,104.14504839348714,102.22864531832356,104.15,101.43,36.3,84.52,10.11,32.15,21.43,31.47,17.06,33.88,14.19,10.41,5.28,17.58,26.87,50.94,DePaul Blue Demons
NJ Benson,826.8,1391.3,1.28,105.39684811190813,104.119282284559,105.4,103.18,37.92,86.08,10.23,31.41,19.32,28.41,15.46,34.35,14.81,9.59,4.72,15.88,25.33,49.81,DePaul Blue Demons
CJ Gunn,877.3,1498.2,0.36,103.33106730115567,102.97575065493383,103.33,101.67,36.74,83.77,10.35,31.37,19.5,28.45,14.66,34.75,13.86,9.82,4.78,17.38,28.05,49.41,DePaul Blue Demons
Kaleb Banks,490.0,831.9,0.22,102.88274831964152,102.6633211403005,102.88,101.45,36.8,83.88,11.35,34.53,17.92,26.89,14.58,34.06,11.23,10.16,5.38,17.92,27.72,48.64,DePaul Blue Demons
Layden Blocker,920.2,1542.7,-0.08,102.37671786580435,102.45415712452697,102.38,101.99,35.57,83.49,10.35,31.37,20.89,30.4,15.72,34.28,13.97,10.09,5.04,17.78,26.26,50.0,DePaul Blue Demons
Fabián Flores,293.1,486.0,-0.21,95.7772814626292,95.9853270837579,95.78,97.85,33.03,80.61,10.6,34.07,19.11,26.39,15.37,35.53,12.05,10.18,6.44,22.23,26.8,50.9,DePaul Blue Demons
Kruz McClure,507.8,863.1,-2.43,100.78924291142941,103.22062116080141,100.79,105.12,34.38,82.08,9.59,31.45,22.45,31.57,15.08,32.62,10.41,10.52,5.38,18.01,28.06,47.7,DePaul Blue Demons
Jeremy Lorenz,88.2,159.2,-7.32,100.5888906573293,107.90697674418605,100.59,110.78,33.11,78.31,12.1,33.11,22.28,36.29,14.64,30.56,1.27,12.73,5.09,19.1,35.02,45.2,DePaul Blue Demons
Théo Pierre-Justin,451.2,746.1,-8.29,99.80626628365287,108.10084033613445,99.81,107.42,35.67,84.57,11.09,35.27,17.37,24.32,14.96,32.07,13.49,9.49,4.81,18.84,23.78,47.03,DePaul Blue Demons
Bouna Kebe,65.5,103.5,-0.01,81.13590263691684,81.14338404794836,81.14,89.25,30.43,82.15,10.14,40.57,10.14,16.23,9.13,49.7,14.2,13.18,7.1,19.27,22.31,58.83,Delaware Blue Hens
Jameel Brown,92.4,159.6,-4.8,103.480714957667,108.27726490377091,103.48,108.5,38.26,87.8,16.31,40.14,10.66,13.8,11.29,34.49,0.0,13.17,6.27,16.93,20.7,45.78,Delaware Blue Hens
Tyler Houser,825.7,1311.1,-6.53,104.95113881929967,111.48288973384031,104.95,112.14,36.95,81.93,13.54,37.71,17.52,22.11,10.4,37.79,11.93,8.34,3.67,17.98,21.04,48.19,Delaware Blue Hens
Alex Kazanecki,803.9,1283.4,-9.89,104.66865998319359,114.5608823129648,104.67,115.3,35.41,79.5,12.98,36.97,20.87,25.72,9.69,36.74,12.9,7.97,4.06,17.98,23.06,46.43,Delaware Blue Hens
Macon Emory,1065.9,1691.8,-9.97,102.21756643109019,112.18992362796756,102.22,111.84,35.12,80.15,12.98,37.12,19.0,23.78,9.74,36.94,11.33,8.62,4.19,18.3,21.48,46.68,Delaware Blue Hens
Christian Bliss,1143.4,1820.0,-11.08,102.39048759341067,113.47401039310053,102.39,113.9,35.23,80.26,12.99,37.05,18.94,24.06,9.8,36.61,11.45,8.75,4.18,18.11,22.24,46.41,Delaware Blue Hens
Justyn Fernandez,958.6,1512.3,-11.15,103.29244673983213,114.44042725306653,103.29,114.75,35.42,78.99,13.04,37.21,19.4,24.43,9.2,36.48,13.11,8.67,4.17,18.61,21.85,45.68,Delaware Blue Hens
Jayden Taylor,417.4,654.6,-14.69,102.31406237907284,117.00844390832327,102.31,120.11,34.98,79.72,13.62,35.29,18.73,24.46,10.37,36.99,12.23,7.74,4.8,19.04,25.85,47.36,Delaware Blue Hens
Houston Emory,227.6,360.1,-20.88,96.66505558240696,117.54030850841069,96.67,116.27,32.04,75.4,11.6,33.97,20.99,26.79,8.29,32.59,9.39,11.32,5.52,20.16,23.75,40.88,Delaware Blue Hens
Mason Ellison,139.1,241.4,-26.52,95.25781735348934,121.77694936315626,95.26,121.76,33.55,80.76,10.35,33.96,17.81,25.68,13.25,32.72,0.0,9.53,3.73,20.29,28.99,45.97,Delaware Blue Hens
Camian Shell,160.4,270.0,-2.11,91.54081349022515,93.65167499537294,91.54,93.76,33.35,78.57,8.15,22.98,16.68,24.83,12.97,28.54,12.6,15.57,3.71,22.61,22.24,41.51,Delaware State Hornets
Miles Webb,681.5,1126.3,-2.82,97.37313829198663,100.19147704501938,97.37,99.59,35.67,82.06,7.26,23.28,18.77,27.71,13.81,32.66,11.51,11.24,3.1,18.59,24.52,46.47,Delaware State Hornets
Dean Shepherd,295.9,497.3,-6.75,95.07095221380936,101.81964816775037,95.07,101.29,31.49,78.82,5.62,20.46,26.48,39.51,15.24,31.69,10.03,12.23,2.21,17.65,32.49,46.93,Delaware State Hornets
Jalen St Clair,338.4,584.4,-12.93,94.58246034121521,107.51123475283543,94.58,107.41,32.5,81.07,6.67,21.38,22.92,33.01,15.74,31.98,9.75,10.26,3.42,18.98,30.79,47.72,Delaware State Hornets
Bessanty Saragba,506.2,828.1,-13.15,91.91242988963272,105.06271724346381,91.91,104.82,34.14,82.14,7.12,24.49,16.52,23.88,13.99,29.67,11.7,12.54,2.65,20.51,23.76,43.66,Delaware State Hornets
Rahmir Moore,510.8,827.6,-14.46,94.17896427380988,108.64197530864197,94.18,109.33,34.06,85.69,7.15,26.06,18.91,26.54,16.61,33.21,10.67,7.76,2.55,18.3,25.33,49.82,Delaware State Hornets
Ponce James,807.2,1330.3,-15.14,92.29618548990277,107.43427017225748,92.3,106.36,34.18,82.42,7.63,24.16,16.31,23.93,14.58,30.67,10.25,11.14,2.99,20.79,24.01,45.25,Delaware State Hornets
Corey Perkins,713.6,1184.2,-15.96,88.90749267475931,104.87082827508358,88.91,103.06,32.65,79.45,6.45,21.6,17.16,25.12,13.14,29.22,9.88,12.31,2.93,21.77,25.45,42.36,Delaware State Hornets
Cyril Obasogie,311.5,524.8,-17.09,87.3004527043126,104.39089437089247,87.3,104.46,30.12,80.82,5.53,20.78,21.54,29.54,16.01,35.45,8.39,9.91,3.05,21.16,24.59,51.46,Delaware State Hornets
Muazibini Adamu,296.0,493.8,-21.63,88.11018837350618,109.74436851430018,88.11,109.78,31.19,80.01,8.3,24.91,17.42,26.74,16.61,31.19,9.93,9.93,2.43,23.9,32.81,47.8,Delaware State Hornets
Kareem Watson,199.6,347.3,-22.49,86.03988603988604,108.53277078635337,86.04,106.27,32.48,83.48,5.98,20.8,15.1,22.79,14.53,25.93,8.55,13.11,2.28,20.23,26.78,40.46,Delaware State Hornets
Zion Bethea,381.9,651.7,-24.49,80.62418725617687,105.1092643890428,80.62,104.49,29.83,83.38,7.04,25.4,13.92,20.5,13.0,32.74,6.73,11.63,1.84,19.89,22.18,45.74,Delaware State Hornets
Ademar Santos,390.2,657.6,-27.73,80.35134619056711,108.0835603996367,80.35,109.07,28.57,79.89,6.72,22.3,16.5,23.68,11.92,30.25,5.8,13.44,3.36,20.78,23.22,42.17,Delaware State Hornets
John Clemmons,134.2,234.2,-36.8,80.06814310051107,116.8664383561644,80.07,116.27,25.55,77.94,4.68,23.42,24.28,37.48,15.76,30.66,3.83,11.93,2.56,20.02,26.41,46.42,Delaware State Hornets
Josh Lee,231.6,392.5,9.72,122.21368178324366,112.49762462785836,122.21,113.76,40.48,83.01,12.3,32.03,28.95,37.92,13.58,34.33,9.99,8.2,1.02,12.55,26.13,47.91,Denver Pioneers
Didier Maleng,169.3,288.2,8.71,118.70159255069186,109.98702983138782,118.7,110.7,41.08,86.33,12.88,31.68,23.67,30.98,16.71,37.94,9.4,6.96,3.13,15.66,26.46,54.65,Denver Pioneers
Zane Nelson,694.8,1218.8,3.6,120.1881775414195,116.58473373511325,120.19,115.93,42.3,88.61,13.25,33.95,22.34,28.64,15.95,35.67,12.35,6.63,3.19,13.75,24.71,51.62,Denver Pioneers
Corleone Dandridge,50.3,88.7,2.55,102.1566401816118,99.60828203693342,102.16,101.02,32.92,78.32,4.54,23.84,31.78,40.86,17.03,37.46,0.0,7.95,2.27,19.3,23.84,54.49,Denver Pioneers
Logan Kinsey,896.5,1539.2,2.29,120.96943471170458,118.67923603509402,120.97,117.29,42.69,87.9,13.18,33.52,22.41,28.87,15.24,34.36,10.66,6.78,2.65,13.63,25.77,49.6,Denver Pioneers
Gabe Oldham,784.5,1322.7,1.45,119.19705965507492,117.74294433177279,119.2,117.09,43.73,90.32,12.97,33.25,18.77,24.5,16.96,34.83,11.54,7.24,3.09,15.0,24.13,51.79,Denver Pioneers
Carson Johnson,1096.0,1883.7,0.19,120.41746132655224,120.22555591020321,120.42,119.73,42.59,87.41,13.14,34.01,22.09,28.4,15.05,33.59,10.54,6.41,2.97,14.14,25.59,48.64,Denver Pioneers
Jeremiah Burke,979.5,1698.6,-2.86,117.78216189158152,120.64500941619585,117.78,120.73,41.64,87.16,12.84,33.8,21.67,28.15,14.9,34.16,10.48,6.18,3.12,14.37,25.44,49.06,Denver Pioneers
Shaun Wysocki,561.3,982.0,-6.52,114.55701049084924,121.07361417942664,114.56,121.7,39.51,83.31,10.21,31.34,25.32,32.98,14.4,32.47,8.78,5.31,2.96,15.42,29.81,46.87,Denver Pioneers
Julius Rollins,564.8,1002.6,-8.71,115.71735760364055,124.43118239462888,115.72,125.12,38.91,81.51,12.7,33.41,25.2,32.6,12.4,30.6,9.2,6.1,3.6,15.4,28.8,43.0,Denver Pioneers
Ryan Kalambay,605.6,1036.0,6.41,111.75673058299441,105.34923994612275,111.76,106.04,39.32,86.77,9.59,25.18,23.53,28.67,16.95,37.67,16.27,9.59,6.1,16.56,26.63,54.62,Detroit Mercy Titans
Xavier Istomin-Monroe,140.2,251.0,3.86,106.72529229539323,102.8696256578294,106.73,103.53,41.97,88.34,9.99,26.78,12.79,21.19,18.39,37.57,4.8,8.39,4.0,19.99,23.98,55.96,Detroit Mercy Titans
Lance Stone,611.5,1076.8,0.78,109.6975627941656,108.91341059985658,109.7,109.7,37.19,87.42,9.13,28.15,26.19,33.74,18.64,36.63,12.58,8.02,4.29,15.19,29.08,55.27,Detroit Mercy Titans
Tyler Spratt,740.4,1289.6,0.63,111.4345755653666,110.80570013840966,111.43,109.58,39.02,88.45,9.95,27.69,23.44,30.15,17.2,35.63,14.34,9.02,4.32,14.42,27.84,52.83,Detroit Mercy Titans
Keshawn Fisher,219.3,397.7,0.12,104.54231324998429,104.42221802855885,104.54,104.29,38.7,84.94,8.8,28.15,18.35,25.88,17.09,38.7,6.79,8.04,6.03,19.85,26.64,55.79,Detroit Mercy Titans
TJ Nadeau,778.4,1350.3,-0.6,111.34364292990091,111.944027986007,111.34,112.01,39.56,88.01,9.41,26.45,22.82,28.52,17.19,35.48,12.82,8.82,4.52,15.63,27.71,52.67,Detroit Mercy Titans
Nate Johnson,245.9,426.2,-1.93,106.0091715800131,107.93944296775686,106.01,111.25,39.31,91.48,8.58,28.82,18.82,25.97,19.53,37.64,8.34,9.53,4.05,15.72,26.44,57.17,Detroit Mercy Titans
Legend Geeter,701.0,1215.1,-2.76,110.31047786237728,113.0744980919197,110.31,111.29,39.36,88.92,8.74,25.97,22.86,28.66,18.13,35.03,14.37,8.82,3.35,15.6,28.33,53.16,Detroit Mercy Titans
London Maiden,463.6,788.4,-3.58,107.10083632778962,110.67893621731018,107.1,111.3,38.8,86.62,9.54,25.06,19.97,27.09,15.9,36.76,12.08,7.25,4.2,16.41,28.11,52.66,Detroit Mercy Titans
Orlando Lovejoy,924.4,1611.0,-3.96,108.17660603625463,112.1396291101761,108.18,111.21,38.08,86.91,8.9,25.16,23.12,29.11,16.69,34.8,12.73,9.09,4.57,15.95,27.94,51.49,Detroit Mercy Titans
Je'kel Cotton,181.0,320.1,-9.59,102.95040803515379,112.54469143478939,102.95,113.62,35.78,88.51,10.04,32.64,21.34,30.13,18.52,39.55,10.36,5.65,5.96,15.69,29.5,58.07,Detroit Mercy Titans
Jared Lary,227.0,399.0,-11.08,100.71581062413664,111.7989120240105,100.72,112.27,37.42,89.41,6.28,23.11,19.59,28.63,22.6,39.68,8.54,7.03,6.03,19.59,34.41,62.28,Detroit Mercy Titans
Ayden Carter,181.6,332.5,-14.76,105.27889935696126,120.03930758182779,105.28,118.74,36.79,84.34,8.08,27.82,23.63,31.7,17.35,31.4,0.0,8.08,3.59,17.95,26.02,48.75,Detroit Mercy Titans
Wilguens Jr. Exacte,329.2,556.5,11.49,112.66089608467509,101.17011701170118,112.66,100.82,39.47,86.83,12.02,34.8,21.71,29.24,15.97,39.11,3.95,10.05,5.56,15.25,21.89,55.08,Drake Bulldogs
Braden Appelhans,325.9,564.0,9.39,114.19437907916353,104.80194733348085,114.19,105.14,39.78,86.84,15.45,42.27,19.18,24.33,14.21,42.09,5.86,5.86,6.93,15.81,22.2,56.3,Drake Bulldogs
Griffen Goodbary,379.3,651.0,5.28,110.83753468558253,105.55324851825286,110.84,109.27,39.24,89.26,15.01,45.65,17.35,23.92,14.07,41.58,11.72,5.78,3.6,13.44,22.98,55.65,Drake Bulldogs
Eli Shetlar,896.8,1548.0,3.71,111.93522267206477,108.22650260903177,111.94,108.83,38.54,85.18,13.86,40.87,20.99,29.15,13.54,38.35,12.76,7.51,4.53,14.51,25.78,51.89,Drake Bulldogs
Isaiah Carr,355.6,615.2,1.51,108.43814873610941,106.92410659960248,108.44,107.3,38.26,85.64,12.7,35.66,19.21,28.17,15.79,41.84,13.35,5.7,7.16,16.77,27.03,57.63,Drake Bulldogs
Jalen Quinn,1098.8,1888.4,-0.0,110.88929702680402,110.89015026800648,110.89,112.06,38.33,85.87,13.42,38.49,20.82,28.85,13.89,37.58,12.19,7.67,5.11,14.32,24.97,51.47,Drake Bulldogs
Andrew Alia,990.2,1702.7,-0.64,107.77019590578914,108.41461981431426,107.77,108.3,37.39,85.35,13.15,39.21,19.84,27.88,13.62,37.92,11.92,7.75,4.52,15.03,24.13,51.54,Drake Bulldogs
Jaehshon Thomas,682.2,1160.1,-0.83,110.60704255778786,111.43354614045269,110.61,111.99,38.19,85.81,13.22,37.68,21.0,30.24,14.95,37.5,10.97,7.17,4.06,14.78,26.18,52.45,Drake Bulldogs
Okku Federiko,758.8,1287.6,-4.24,107.9518825183565,112.19427446286893,107.95,113.5,37.65,84.6,13.12,38.2,19.53,27.5,13.75,35.78,12.11,8.83,3.98,16.09,23.59,49.53,Drake Bulldogs
Owen Larson,682.8,1193.2,-6.66,108.0853748291452,114.7414351030293,108.09,115.57,37.35,85.12,12.7,39.11,20.69,29.02,13.71,36.25,17.41,7.65,3.53,14.8,25.91,49.96,Drake Bulldogs
Dillon Tingler,265.2,448.6,17.03,107.90718630322145,90.87901180103673,107.91,92.81,38.75,80.87,11.49,29.74,18.92,27.93,14.19,41.0,13.52,12.16,6.08,20.05,29.74,55.19,Drexel Dragons
Garfield Turner,539.0,865.4,8.22,106.4986123959297,98.2792470262155,106.5,98.4,38.97,87.07,10.64,29.83,17.92,28.68,18.96,40.12,12.95,9.48,4.97,18.27,25.21,59.08,Drexel Dragons
Victor Panov,816.1,1335.3,5.13,105.9058573109024,100.77533932828958,105.91,100.23,37.72,84.92,13.0,35.55,17.48,25.62,15.61,37.27,15.98,9.93,5.0,18.52,25.17,52.88,Drexel Dragons
Shane Blakeney,1032.5,1705.1,1.55,104.34936142663764,102.79936882707031,104.35,103.53,37.49,85.57,11.95,34.37,17.42,25.66,16.36,37.14,13.71,9.59,5.47,18.6,25.37,53.5,Drexel Dragons
Kevon Vanderhorst,904.9,1489.1,-0.37,101.21818029068301,101.58687556614218,101.22,101.76,36.16,83.74,11.36,33.87,17.54,25.88,15.39,37.03,13.17,9.88,5.38,19.36,26.08,52.42,Drexel Dragons
Eli Beard,803.5,1311.7,-1.98,103.72587274828102,105.70727216937712,103.73,104.41,37.43,86.98,13.41,37.58,15.46,23.26,16.67,34.93,14.62,9.02,5.61,18.64,24.78,51.6,Drexel Dragons
Josh Reed,573.1,951.9,-3.41,100.33675390448917,103.74879679492182,100.34,105.75,36.27,83.05,10.18,29.7,17.61,28.32,17.18,37.23,12.09,9.86,5.94,20.68,27.36,54.41,Drexel Dragons
Villiam Garcia Adsten,535.3,885.9,-7.17,97.99580182304398,105.1610937196997,98.0,109.15,35.2,85.0,10.24,31.86,17.37,27.95,18.29,37.5,9.55,8.97,5.87,20.01,28.98,55.79,Drexel Dragons
Ralph Akuta,128.4,210.2,-7.91,89.2337536372454,97.1395213076474,89.23,100.87,35.4,83.9,7.76,25.7,10.67,15.52,15.52,40.25,9.7,10.18,9.7,24.25,23.28,55.77,Drexel Dragons
Martin de LaPorterie,400.2,638.6,-12.33,97.01814192233847,109.34689088775909,97.02,109.56,35.89,88.55,14.42,41.85,10.81,15.52,16.46,34.32,12.54,9.4,5.8,20.53,26.02,50.78,Drexel Dragons
Horace Simmons Jr.,69.8,122.5,-18.54,97.5408142178136,116.08222490931077,97.54,119.03,37.2,90.1,12.4,41.33,10.75,17.36,19.01,32.24,4.13,8.27,5.79,20.67,22.32,51.25,Drexel Dragons
Patrick Ngongba II,655.2,1109.7,33.44,121.78282816850398,88.34080717488789,121.78,89.19,42.83,84.75,11.95,34.5,24.18,32.87,17.2,42.74,15.03,11.5,6.07,16.84,21.91,59.94,Duke Blue Devils
Cameron Boozer,1183.9,1977.0,30.82,124.64216046411471,93.82061478255382,124.64,94.14,43.62,87.96,13.43,38.66,23.97,33.14,18.95,41.5,17.99,11.1,4.76,15.25,22.4,60.45,Duke Blue Devils
Dame Sarr,818.1,1359.1,30.71,121.14018656924017,90.42805532240995,121.14,91.91,41.91,86.87,13.2,38.35,24.11,34.05,18.99,42.58,16.62,10.76,5.19,15.95,23.74,61.57,Duke Blue Devils
Isaiah Evans,996.6,1664.6,29.99,123.64107899458692,93.65088863622763,123.64,94.39,43.06,87.57,13.63,38.54,23.88,32.51,18.94,42.64,18.27,10.86,4.83,15.92,22.38,61.58,Duke Blue Devils
Caleb Foster,773.2,1286.4,29.31,125.20965791629285,95.90208381749167,125.21,96.58,44.7,86.83,13.81,37.06,22.0,31.67,17.16,41.27,17.4,11.55,4.84,15.29,22.94,58.43,Duke Blue Devils
Cayden Boozer,760.1,1273.9,28.82,121.76404781064159,92.93928333137093,121.76,92.95,41.77,87.3,12.56,38.7,25.67,33.68,19.47,41.37,16.96,10.91,4.63,16.17,24.02,60.84,Duke Blue Devils
Nikolas Khamenia,667.4,1109.7,28.75,120.34422785896595,91.5913891510494,120.34,92.07,42.19,88.09,13.19,39.12,22.77,31.35,18.88,42.55,15.27,11.11,5.42,15.9,23.31,61.43,Duke Blue Devils
Maliq Brown,705.4,1171.2,20.91,118.2257581590316,97.31572219855134,118.23,97.69,41.66,87.34,13.35,40.72,21.56,30.97,18.99,39.44,16.94,11.89,4.79,16.94,24.89,58.43,Duke Blue Devils
Darren Harris,286.6,487.5,18.56,114.20457426847204,95.64811452876187,114.2,93.51,37.32,88.04,11.97,43.82,27.59,36.72,20.69,41.18,12.37,10.14,4.46,15.21,23.12,61.87,Duke Blue Devils
Lazar Milosevic,83.7,149.1,18.7,113.94101876675605,95.23809523809524,113.94,95.17,41.55,79.76,16.09,38.2,14.75,21.45,12.06,43.57,18.77,10.72,1.34,22.12,28.15,55.63,Duquesne Dukes
Jakub Necas,777.5,1349.0,9.61,112.12333566923616,102.51252537669255,112.12,101.5,38.36,82.69,13.2,36.07,22.2,30.54,15.34,35.19,13.43,11.14,4.43,18.15,26.11,50.53,Duquesne Dukes
Cam Crawford,595.1,1037.7,8.23,114.14187864559382,105.90689977696238,114.14,106.88,39.6,85.1,14.04,38.34,20.91,29.33,15.3,35.63,12.59,10.94,3.68,16.26,26.33,50.93,Duquesne Dukes
Jimmie Williams,977.0,1687.4,7.92,113.40023612750885,105.48234524199067,113.4,104.66,39.02,84.06,12.93,36.84,22.43,30.7,15.76,34.12,14.52,11.75,3.9,17.12,26.51,49.88,Duquesne Dukes
Tarence Guinyard,1060.3,1837.6,4.98,111.90848756272595,106.92428026456624,111.91,105.11,37.99,83.36,13.0,37.45,22.93,31.73,15.7,34.05,13.98,11.01,4.26,17.27,26.22,49.75,Duquesne Dukes
David Dixon,734.4,1248.6,3.28,109.55195955494517,106.27026809273472,109.55,105.01,38.14,83.2,11.78,35.35,21.5,30.17,15.37,33.44,15.45,10.91,5.65,17.83,26.75,48.81,Duquesne Dukes
Brandon Hall,491.7,826.5,1.49,108.97397002609065,107.48537306230774,108.97,108.12,38.95,86.77,11.16,35.68,19.9,28.88,16.87,34.1,16.02,12.38,4.37,16.38,27.67,50.97,Duquesne Dukes
Maximus Edwards,362.2,649.5,0.25,104.50546520927753,104.25987162030734,104.51,102.07,36.1,77.85,10.21,33.82,22.09,30.93,12.64,34.89,8.99,9.6,4.57,20.11,28.34,47.53,Duquesne Dukes
Alex Williams,542.0,936.9,-2.76,109.4633521817988,112.2233789808067,109.46,112.13,37.02,84.18,11.52,36.91,23.9,32.86,15.26,32.75,15.36,11.74,3.52,15.47,28.27,48.01,Duquesne Dukes
John Hugley IV,429.6,767.0,-3.25,106.91906005221932,110.16700849692353,106.92,110.44,36.95,79.9,10.97,34.73,22.06,31.33,14.23,36.03,7.44,9.92,3.0,19.45,26.24,50.26,Duquesne Dukes
Jake DiMichele,357.1,623.2,-5.9,101.97936323122015,107.88281970103795,101.98,108.08,34.53,78.05,10.12,33.89,22.8,31.0,12.21,35.65,15.42,9.64,4.82,19.43,31.32,47.86,Duquesne Dukes
Stef van Bussel,89.9,160.5,-6.43,98.08760024676127,104.51755076341887,98.09,102.41,38.25,85.13,10.49,33.93,11.1,22.21,15.42,29.61,5.55,10.49,2.47,19.74,36.4,45.03,Duquesne Dukes
Dom Aekins,97.4,171.4,-16.62,103.33628579864187,119.95386389850057,103.34,122.82,43.7,86.21,7.68,27.75,8.27,15.35,14.17,30.71,2.36,10.04,4.13,20.67,30.12,44.88,Duquesne Dukes
Luke Davis,289.0,482.9,0.09,105.0332778702163,104.94304417298078,105.03,105.87,38.69,90.89,7.7,27.87,19.76,26.62,19.76,35.57,12.27,9.57,6.86,16.22,21.84,55.33,East Carolina Pirates
Jayshayne Woodard,60.9,104.6,-2.81,104.22195416164053,107.03291498934406,104.22,109.05,38.6,83.96,3.86,25.09,23.16,33.78,23.16,37.64,0.0,4.83,7.72,23.16,28.95,60.8,East Carolina Pirates
Eli DeLaurier,344.8,599.7,-4.67,101.41587092525519,106.08556104565226,101.42,103.39,36.55,84.29,6.91,26.01,21.4,30.29,18.11,35.56,13.17,10.21,5.6,19.43,23.71,53.67,East Carolina Pirates
Jordan Riley,1091.9,1884.5,-4.8,104.89240952165765,109.69570168701502,104.89,110.1,37.0,86.39,7.71,26.0,23.13,33.01,18.29,34.45,12.28,9.41,5.85,16.21,22.86,52.74,East Carolina Pirates
Corey Caulker,908.7,1583.0,-5.32,104.69650327571236,110.02101205428379,104.7,109.94,36.75,85.63,7.58,26.46,23.55,32.52,17.43,33.91,11.37,9.35,5.49,16.35,23.24,51.34,East Carolina Pirates
Demitri Gardner,500.9,864.3,-5.71,107.933019058912,113.64425413725263,107.93,113.6,37.83,85.49,8.91,25.45,23.37,32.74,17.58,34.94,17.82,8.1,6.25,16.54,22.1,52.52,East Carolina Pirates
Giovanni Emejuru,973.4,1680.8,-6.79,103.45803721747941,110.24323601912624,103.46,110.61,36.0,84.92,7.63,26.1,23.78,34.63,18.36,34.27,11.74,8.82,5.18,16.98,22.77,52.63,East Carolina Pirates
Isaiah Mbeng,680.7,1190.6,-9.33,100.89558529132863,110.2230405490229,100.9,111.01,35.49,84.29,6.74,27.14,23.1,34.14,16.69,34.39,10.45,9.19,5.65,16.18,24.61,51.08,East Carolina Pirates
Tybo Bailey,430.9,744.3,-9.48,96.53473586098998,106.01233647393751,96.53,104.12,33.15,83.89,7.06,26.23,23.17,34.49,17.98,34.22,6.52,9.05,5.46,17.71,23.43,52.2,East Carolina Pirates
Reid Cason,436.1,753.7,-12.68,100.11315982160687,112.7896598459555,100.11,113.56,35.28,82.67,7.32,24.1,22.23,31.15,15.71,34.75,11.98,8.79,6.12,18.24,22.1,50.46,East Carolina Pirates
Vito Perkovic,117.2,193.4,-14.91,96.94142042509071,111.85567010309279,96.94,112.49,35.25,99.02,10.89,37.84,15.55,22.81,22.29,35.25,5.18,6.74,3.63,12.44,17.11,57.54,East Carolina Pirates
Paddy D'Arcy,138.6,243.3,-20.43,90.75114971895759,111.17999586691465,90.75,109.96,30.66,84.21,6.54,34.75,22.89,30.66,16.35,36.38,6.13,9.4,4.09,17.58,24.94,52.73,East Carolina Pirates
Brayden Crump,117.3,199.3,17.39,110.45071817731551,93.05873379099924,110.45,90.64,40.61,84.7,14.36,37.15,14.86,21.79,14.86,40.12,0.0,12.38,3.96,19.81,22.78,54.98,East Tennessee State Buccaneers
Jordan McCullum,646.7,1051.9,16.26,116.87033346937794,100.60703025739966,116.87,102.66,41.87,81.24,10.37,28.52,22.76,31.4,11.91,36.78,15.08,13.73,5.28,15.75,25.16,48.69,East Tennessee State Buccaneers
Cam Morris III,751.3,1226.3,13.77,115.89228065873891,102.117618340487,115.89,102.57,41.85,81.97,9.48,27.3,22.72,30.89,12.18,36.37,16.02,12.5,4.9,15.53,24.27,48.55,East Tennessee State Buccaneers
Allen Strothers,641.0,1045.8,12.16,113.33607091958744,101.17836354171597,113.34,103.29,41.16,84.25,9.28,25.7,21.74,29.08,13.72,37.3,13.72,13.91,5.22,15.65,25.7,51.02,East Tennessee State Buccaneers
Maki Johnson,655.3,1101.2,11.71,114.874682164911,103.16487308722697,114.87,103.16,41.32,84.91,12.08,35.05,20.16,28.33,13.71,37.05,15.71,11.62,4.27,15.35,24.25,50.76,East Tennessee State Buccaneers
Gabe Sisk,119.0,207.7,10.51,107.13416118821524,96.62065683008092,107.13,98.86,37.98,81.81,6.82,30.68,24.35,32.14,15.1,34.58,11.2,15.58,4.87,18.02,22.89,49.68,East Tennessee State Buccaneers
Jaylen Smith,737.1,1231.0,10.39,115.93023019152098,105.54046933895351,115.93,106.0,40.62,83.12,12.21,34.76,22.47,29.88,12.05,34.76,14.41,12.29,4.4,14.74,25.97,46.81,East Tennessee State Buccaneers
Brian Taylor II,994.6,1637.2,9.61,114.08482995796714,104.4698703279939,114.08,104.67,41.09,83.39,10.33,29.77,21.58,29.04,12.84,36.07,14.49,12.11,4.4,15.65,24.39,48.91,East Tennessee State Buccaneers
Milton Matthews III,177.3,298.5,9.61,112.88012804313033,103.27309069709337,112.88,104.46,42.12,90.3,13.82,38.75,14.83,23.25,16.85,37.74,16.17,9.43,6.74,15.5,28.3,54.59,East Tennessee State Buccaneers
Blake Barkley,804.8,1323.7,7.26,113.34903438530381,106.09015012399901,113.35,105.59,40.55,83.5,9.72,28.79,22.53,29.02,12.89,35.2,15.07,11.61,4.45,15.6,24.57,48.09,East Tennessee State Buccaneers
Isaiah Sutherland,219.1,361.3,-1.18,110.39456348380834,111.57138911902788,110.39,112.06,40.5,94.31,13.87,43.27,15.53,21.91,17.2,34.95,15.81,12.2,2.77,12.48,27.74,52.15,East Tennessee State Buccaneers
Tay Mosher,406.8,695.4,2.37,107.80856423173803,105.43704661351721,107.81,105.65,39.87,83.77,12.95,39.44,15.11,24.47,11.51,34.54,21.3,11.95,4.17,16.12,22.31,46.05,East Texas A&M Lions
Noah Pagotto,787.0,1316.5,-4.55,102.19173370531023,106.743163417442,102.19,108.08,36.38,84.31,12.0,37.91,17.43,24.99,13.99,35.39,17.04,10.85,4.74,17.81,24.69,49.38,East Texas A&M Lions
Gianni Hunt,950.8,1648.2,-4.81,102.09817833756212,106.90976270878447,102.1,107.26,35.98,82.89,11.67,37.56,18.47,26.8,13.67,34.15,15.86,11.06,4.8,18.05,24.25,47.82,East Texas A&M Lions
Alex McCray,168.8,309.9,-4.92,100.60625921677864,105.52244735796583,100.61,108.8,35.06,76.68,14.09,36.38,16.39,24.25,12.13,36.05,7.21,9.83,3.93,23.92,29.49,48.18,East Texas A&M Lions
Damian Garcia,789.0,1361.9,-5.18,102.33584697443443,107.51190912422133,102.34,107.93,36.34,84.16,12.36,37.59,17.29,25.75,14.71,34.87,16.92,10.37,4.71,18.32,23.25,49.58,East Texas A&M Lions
London Fields,332.4,592.5,-5.69,97.94235147557885,103.63553455208721,97.94,107.39,34.54,84.02,11.86,37.46,17.01,24.23,14.95,35.91,10.48,10.48,4.81,19.42,28.18,50.86,East Texas A&M Lions
Josh Taylor,511.6,885.7,-5.73,98.18990513188638,103.91962643271543,98.19,103.37,34.79,81.52,12.95,38.29,15.65,24.43,13.62,35.7,13.51,10.25,5.18,20.49,24.66,49.32,East Texas A&M Lions
Ronnie Harrison,843.9,1461.0,-7.85,101.17928559220645,109.03421453903748,101.18,108.77,36.23,83.61,11.76,37.12,16.95,25.29,13.67,34.18,16.0,11.01,4.85,18.05,24.0,47.85,East Texas A&M Lions
Evan Phelps,394.8,679.6,-11.49,97.93795281441575,109.42736412647531,97.94,111.61,34.03,79.36,12.19,37.75,17.69,27.49,11.89,35.97,10.55,10.85,3.86,19.47,27.05,47.86,East Texas A&M Lions
Vinny Sigona,511.4,897.8,-12.61,100.84033613445378,113.45527999102234,100.84,111.79,36.16,82.82,15.15,43.23,13.38,20.34,11.5,33.39,14.37,9.51,4.87,19.02,25.1,44.89,East Texas A&M Lions
Michael Folarin,233.2,422.6,-16.53,94.46906684475745,110.99573093342563,94.47,116.81,32.78,78.44,11.66,35.7,17.24,26.47,13.84,37.16,7.29,8.5,3.89,22.83,27.44,51.0,East Texas A&M Lions
Prince Johnson,302.8,489.3,4.33,100.77677841373671,96.44955300127714,100.78,96.48,33.93,83.81,8.79,27.6,24.12,31.07,16.15,37.61,10.43,12.88,5.31,17.58,24.12,53.76,Eastern Illinois Panthers
Andre Washington,312.4,507.9,1.57,105.7303481605681,104.16154866604433,105.73,104.55,39.06,86.2,9.67,27.62,17.95,24.07,16.37,34.32,18.15,12.62,2.37,18.74,26.04,50.69,Eastern Illinois Panthers
Terry McMorris,774.5,1304.1,-1.7,100.78326966855732,102.4839987808595,100.78,103.79,34.96,82.19,7.41,23.38,23.46,31.33,14.74,34.65,11.96,11.42,5.32,17.67,24.15,49.39,Eastern Illinois Panthers
Zion Fruster,866.8,1439.2,-3.22,101.2895825367583,104.51207444315203,101.29,104.63,35.87,84.81,7.51,23.57,22.04,29.34,16.34,33.58,14.67,12.17,4.45,17.59,25.17,49.92,Eastern Illinois Panthers
Meechie White,911.4,1502.1,-7.17,96.16764269149274,103.33377606587861,96.17,103.84,34.17,83.75,7.87,25.76,19.95,26.89,15.28,32.7,12.81,12.41,4.2,18.75,23.36,47.98,Eastern Illinois Panthers
Kooper Jacobi,1010.8,1677.7,-7.6,98.58290810600506,106.18471035137702,98.58,107.08,35.67,84.46,8.14,25.2,19.09,25.92,15.5,32.92,13.17,11.97,4.13,18.73,24.72,48.42,Eastern Illinois Panthers
Markus Blackwell,322.2,545.3,-7.99,101.73833485818847,109.73256134546459,101.74,109.24,37.33,83.99,9.52,26.53,17.57,25.62,14.27,33.3,15.55,10.06,4.57,18.12,23.06,47.57,Eastern Illinois Panthers
Preston Turner,592.7,994.2,-9.61,93.73122371319847,103.34377209819175,93.73,102.44,33.65,81.11,8.01,26.54,18.43,25.64,14.42,33.15,10.92,11.22,4.41,21.13,26.14,47.57,Eastern Illinois Panthers
Andrew Austin,237.2,405.9,-10.63,98.87529353602768,109.50159587527621,98.88,110.25,36.34,78.61,8.4,28.67,17.8,24.22,11.87,33.86,11.12,8.4,2.47,21.75,22.74,45.73,Eastern Illinois Panthers
Malik Olafioye,300.8,510.2,-13.5,95.90192298185772,109.40004857906243,95.9,111.33,33.81,78.5,6.72,21.36,21.55,29.86,14.24,33.22,8.11,9.69,4.94,21.55,29.46,47.46,Eastern Illinois Panthers
Nazareth Fisher,407.5,674.9,-15.16,94.85225794461995,110.01181334908445,94.85,110.76,35.83,87.42,6.99,21.71,16.21,23.04,18.58,31.96,16.95,11.15,4.61,20.22,25.13,50.54,Eastern Illinois Panthers
MJ Williams,713.8,1250.4,-1.0,112.58976348192795,113.58977450862173,112.59,112.43,38.75,89.2,15.83,44.88,19.26,27.77,18.06,33.74,14.16,9.39,4.61,15.68,27.29,51.8,Eastern Kentucky Colonels
Yvens Paul,530.6,895.0,-1.58,113.12907250797173,114.70704114369337,113.13,113.02,40.7,92.39,16.53,47.03,15.19,21.63,20.63,34.16,13.09,9.54,4.44,17.97,26.4,54.79,Eastern Kentucky Colonels
Montavious Myrick,865.2,1478.4,-1.95,112.90159798149706,114.84912877178071,112.9,113.64,38.28,86.53,15.07,42.79,21.26,28.93,16.62,32.83,14.26,9.69,4.1,16.35,24.83,49.45,Eastern Kentucky Colonels
Turner Buttry,806.3,1384.6,-2.11,113.8544474393531,115.96095932658469,113.85,114.86,38.45,85.75,16.89,45.93,20.05,28.03,16.6,32.92,14.02,9.49,3.74,17.54,24.8,49.52,Eastern Kentucky Colonels
Jayden Harris,298.8,517.6,-3.09,115.05106957024476,118.13692262999902,115.05,117.56,38.74,89.23,15.42,46.06,22.16,31.61,18.89,31.61,11.76,10.98,2.89,14.65,26.79,50.5,Eastern Kentucky Colonels
Juan Cranford Jr.,807.0,1394.0,-3.37,113.46205178396656,116.83053788316946,113.46,115.03,38.44,86.84,16.37,45.7,20.22,27.4,17.08,32.32,13.52,9.82,4.27,17.23,26.12,49.4,Eastern Kentucky Colonels
Austin Ball,600.0,1045.2,-3.75,111.68582375478928,115.44066703299329,111.69,115.71,39.27,90.23,16.09,45.5,17.05,22.99,19.16,31.7,11.97,9.87,4.21,18.01,26.34,50.86,Eastern Kentucky Colonels
Jalen Cooper,541.4,950.1,-4.25,115.02100840336134,119.2754884125603,115.02,118.8,39.29,85.92,15.44,41.39,21.01,29.41,16.39,32.67,16.49,9.24,4.31,16.49,25.84,49.06,Eastern Kentucky Colonels
Tyler Jackson,287.2,536.6,-6.5,110.7304879177854,117.22779705523774,110.73,115.73,37.4,86.29,15.18,41.29,20.74,29.26,16.11,29.26,13.33,12.96,5.0,15.92,25.74,45.37,Eastern Kentucky Colonels
Jackson Holt,610.7,1064.5,-9.11,110.06679948435485,119.17537418808246,110.07,118.69,37.97,89.35,16.31,46.5,17.81,25.78,17.72,33.56,11.44,8.53,4.22,16.13,25.41,51.28,Eastern Kentucky Colonels
Asa White,117.8,212.1,-16.6,94.56378255130205,111.162575266327,94.56,115.2,31.2,84.96,17.76,50.4,14.4,22.56,16.32,36.48,14.4,8.64,5.76,20.64,30.24,52.8,Eastern Kentucky Colonels
Mbaye N'Diaye,31.8,56.5,11.78,94.50249886415266,82.72296423955193,94.5,87.23,32.71,74.51,5.45,23.63,23.63,34.53,7.27,47.25,1.82,9.09,10.9,16.36,30.9,54.52,Eastern Michigan Eagles
Carlos Hart,570.7,970.3,3.29,104.19576801696932,100.90330527612399,104.2,101.71,38.28,85.16,8.28,26.39,19.35,27.11,15.21,37.77,7.35,9.11,5.38,17.18,25.35,52.98,Eastern Michigan Eagles
Godslove Nwabude,565.5,923.0,2.34,105.57441682181579,103.23203087313073,105.57,105.46,40.3,87.83,9.64,25.08,15.33,21.47,14.24,38.88,10.51,9.31,8.43,16.21,25.52,53.12,Eastern Michigan Eagles
Addison Patterson,886.0,1505.7,0.74,104.51021258857858,103.77327292569198,104.51,104.64,39.35,87.1,8.2,24.88,17.61,24.34,15.41,38.42,11.74,8.87,6.94,16.74,26.54,53.83,Eastern Michigan Eagles
Mehki Ellison,344.0,585.7,-2.17,103.8223140495868,105.99390450389434,103.82,107.78,38.91,88.5,8.09,27.38,17.91,22.04,14.98,34.78,10.16,11.54,4.48,16.01,27.03,49.76,Eastern Michigan Eagles
Gregory Lawson II,444.2,759.8,-2.31,100.5163964082492,102.83080974325213,100.52,102.75,37.76,85.25,8.42,27.37,16.58,23.29,13.95,37.89,15.0,8.03,7.37,17.63,26.44,51.84,Eastern Michigan Eagles
Braelon Green,560.2,944.8,-2.35,107.08947256032457,109.43524906224589,107.09,111.36,39.18,85.1,8.86,25.84,19.86,27.33,13.56,38.12,13.67,8.01,7.05,15.48,28.19,51.68,Eastern Michigan Eagles
Mak Manciel,364.1,627.1,-3.44,100.0392618767177,103.48178137651823,100.04,100.35,37.85,87.79,9.74,32.19,14.61,20.42,14.45,34.39,9.11,9.58,4.24,16.96,26.86,48.84,Eastern Michigan Eagles
Jon Sanders II,448.6,768.3,-3.87,99.6929983824646,103.56443902595527,99.69,106.56,36.05,85.43,8.71,28.13,18.88,27.33,16.64,39.75,9.51,7.92,6.47,18.22,25.88,56.39,Eastern Michigan Eagles
Mohammad Habhab,1033.4,1754.7,-4.0,102.59496482253651,106.5948855989233,102.59,107.81,37.94,85.57,8.43,26.48,18.28,24.7,14.39,37.48,11.64,8.43,6.36,17.08,25.91,51.87,Eastern Michigan Eagles
Merritt Alderink,147.5,257.2,-8.26,101.0955218143379,109.35195201101386,101.1,106.86,35.36,87.26,9.99,30.37,20.37,28.45,17.68,33.44,9.99,13.07,4.61,16.91,25.75,51.12,Eastern Michigan Eagles
Aidan Rubio,274.2,473.0,-12.17,97.21030042918454,109.38069691129746,97.21,112.66,34.76,85.84,10.09,34.76,17.6,25.75,15.88,32.4,8.58,11.59,4.29,17.81,24.89,48.28,Eastern Michigan Eagles
John Shanu II,233.3,395.6,-13.68,91.42857142857143,105.1076923076923,91.43,110.91,33.51,81.3,8.83,28.57,15.58,20.78,14.03,40.0,10.65,9.09,4.94,22.86,30.65,54.03,Eastern Michigan Eagles
Alton Hamilton IV,842.4,1436.0,-0.84,112.74136618451102,113.5850048173776,112.74,112.19,41.04,84.3,10.38,28.79,20.28,27.96,15.16,32.25,15.09,8.51,5.12,17.58,25.54,47.41,Eastern Washington Eagles
Johnny Radford,547.3,948.9,-1.47,109.97741257107252,111.44981015027543,109.98,108.21,39.46,83.18,11.01,31.36,20.04,27.31,13.71,30.32,12.46,8.41,4.05,17.55,27.52,44.03,Eastern Washington Eagles
Cole Scherer,185.4,309.7,-2.65,111.68662997733895,114.3317230273752,111.69,114.92,44.67,87.41,12.63,31.4,9.71,14.24,12.95,34.64,14.24,9.06,5.5,18.78,20.39,47.59,Eastern Washington Eagles
Tyler Powell,484.5,830.9,-2.96,110.85562144499576,113.81384076833318,110.86,115.09,41.63,85.2,10.77,28.56,16.82,22.75,14.4,32.8,15.01,7.99,4.84,18.4,25.41,47.2,Eastern Washington Eagles
Jojo Anderson,646.1,1108.4,-3.49,111.33796107254663,114.82910200053826,111.34,116.15,39.56,81.94,9.26,26.86,22.96,32.48,14.16,32.3,15.97,7.8,4.72,16.79,27.22,46.46,Eastern Washington Eagles
Isaiah Moses,997.8,1721.6,-4.75,110.2998470462613,115.04567044208989,110.3,113.59,40.46,83.75,10.04,28.4,19.34,26.44,13.85,31.69,14.08,8.43,4.68,17.55,25.22,45.54,Eastern Washington Eagles
Kiree Huie,749.2,1281.6,-6.03,106.41989589358009,112.44916492280966,106.42,109.81,39.56,83.75,9.18,25.22,18.12,25.45,14.11,32.23,14.88,8.79,5.48,18.28,24.37,46.34,Eastern Washington Eagles
Elijah Thomas,294.0,518.2,-7.72,107.52582872251872,115.24746826415631,107.53,118.69,37.6,81.09,9.99,30.95,22.33,30.75,13.91,32.51,12.34,9.6,4.5,18.21,26.83,46.42,Eastern Washington Eagles
Straton Rogers,647.8,1098.2,-8.8,108.57862787767725,117.38087696275849,108.58,118.84,38.76,83.11,9.8,28.5,21.26,29.78,14.48,30.97,13.19,8.34,4.21,17.23,28.5,45.45,Eastern Washington Eagles
Emmett Marquardt,435.8,736.0,-10.03,109.6774193548387,119.71215280112986,109.68,122.17,40.36,85.79,10.43,31.43,18.53,24.71,13.86,31.02,13.45,8.1,4.53,16.33,25.26,44.88,Eastern Washington Eagles
Shaumba Ngoyi,52.5,88.6,-29.23,86.33910820789548,115.56802244039271,86.34,117.01,31.81,80.66,10.22,34.08,12.5,21.58,13.63,29.54,10.22,4.54,3.41,22.72,20.45,43.17,Eastern Washington Eagles
5174940,30.2,50.5,14.36,124.41679626749611,110.05692599620494,124.42,120.27,45.62,93.31,18.66,41.47,14.52,22.81,16.59,39.4,20.74,10.37,6.22,12.44,26.96,55.99,Elon Phoenix
Kacper Klaczek,639.9,1095.1,3.94,116.29658367374884,112.35955056179773,116.3,112.28,40.71,86.08,13.88,37.34,20.9,29.3,16.61,33.87,12.6,9.49,5.39,16.61,22.55,50.48,Elon Phoenix
Caleb Middleton,254.6,423.9,3.1,113.63088057901085,110.52783386212863,113.63,115.56,41.01,91.68,14.48,39.32,17.13,24.13,20.51,36.67,16.41,10.37,3.86,17.37,25.57,57.18,Elon Phoenix
DeMarco Johnson,417.2,697.1,2.35,115.60608839171098,113.25918388828462,115.61,118.39,40.05,87.44,14.52,40.93,20.98,28.61,18.93,35.06,14.52,9.68,6.02,17.9,29.49,53.99,Elon Phoenix
Randall Pettus II,814.5,1397.6,0.33,112.57129574996871,112.24252402512573,112.57,112.14,39.48,88.33,12.37,37.33,21.17,29.39,17.67,33.69,13.73,9.58,5.01,15.38,25.46,51.36,Elon Phoenix
Ned Hull,508.3,850.7,-1.46,109.87388132439378,111.33851821530905,109.87,112.47,38.04,86.84,13.35,38.75,20.44,28.71,17.6,35.44,15.83,9.69,3.9,17.13,26.11,53.04,Elon Phoenix
Iker Garmendia,45.0,77.2,-2.11,108.45706907682376,110.56910569105692,108.46,109.75,36.15,92.96,15.49,40.03,20.66,28.41,21.95,32.28,19.37,12.91,7.75,15.49,24.53,54.23,Elon Phoenix
Isaac Harrell,765.6,1294.4,-2.85,113.44879693130304,116.30145954480689,113.45,117.01,39.83,88.81,12.32,37.27,21.39,29.6,17.44,33.09,14.49,10.31,3.33,14.57,23.95,50.53,Elon Phoenix
Chandler Cuthrell,840.7,1440.6,-2.86,111.44505475524235,114.30763329497506,111.45,113.24,38.55,84.5,11.33,33.99,23.01,32.2,15.68,33.44,14.09,9.33,4.08,15.89,22.94,49.12,Elon Phoenix
Ja'Juan Carr,746.4,1281.6,-3.71,113.66658843776891,117.37235367372354,113.67,117.97,39.66,87.23,12.44,36.06,21.83,30.35,16.98,33.01,14.16,9.31,3.68,15.33,24.56,49.99,Elon Phoenix
Bryson Cokley,803.7,1358.8,-6.16,107.41376446486906,113.57300073367571,107.41,114.28,38.17,87.33,12.55,38.17,18.46,26.36,16.39,34.25,14.99,9.74,4.65,16.54,25.62,50.64,Elon Phoenix
Bryson Spell,157.0,260.2,-14.28,109.51913640824338,123.80056444026341,109.52,129.15,38.47,91.07,15.31,45.93,17.27,19.63,19.63,29.44,13.35,8.64,7.07,19.23,38.47,49.07,Elon Phoenix
Connor Turnbull,319.2,542.8,-3.72,98.47105933745905,102.1959065690708,98.47,99.75,35.13,80.82,10.19,29.85,18.02,26.21,12.38,35.68,5.64,7.83,8.37,19.11,24.75,48.06,Evansville Purple Aces
Kaia Berridge,289.0,481.4,-12.79,97.59175517930382,110.38161674189577,97.59,113.16,34.49,80.56,11.99,38.28,16.62,21.45,11.57,37.02,13.25,6.94,6.31,20.82,26.29,48.59,Evansville Purple Aces
Bryce Quinet,792.1,1332.2,-13.16,98.76172043818937,111.92533313342206,98.76,112.22,35.1,80.65,11.35,33.67,17.21,24.13,10.67,34.57,14.06,7.67,4.89,18.56,21.57,45.24,Evansville Purple Aces
Trent Hundley,507.5,869.7,-14.22,97.58638652543844,111.80585296216987,97.59,113.33,34.03,78.83,11.0,34.15,18.52,23.85,10.19,34.73,11.69,8.91,5.21,20.03,23.62,44.92,Evansville Purple Aces
Joshua Hughes,820.3,1364.3,-15.54,99.02265741473559,114.56718051628204,99.02,115.59,35.63,83.19,12.22,36.66,15.53,21.28,11.56,34.31,13.1,7.73,4.27,18.26,23.93,45.87,Evansville Purple Aces
Alex Hemenway,783.4,1305.1,-15.74,97.31299927378359,113.05032352207054,97.31,112.53,35.09,82.33,12.0,36.77,15.14,20.95,11.01,34.17,13.45,7.72,4.66,18.73,22.7,45.18,Evansville Purple Aces
Leif Moeller,974.7,1633.1,-16.29,98.47639714534591,114.76767366968257,98.48,114.37,34.78,81.61,11.8,35.7,17.12,23.41,11.55,33.56,12.35,7.21,4.52,18.83,23.72,45.11,Evansville Purple Aces
Keishon Porter,339.9,574.2,-17.08,95.91119975718682,112.98644512461739,95.91,112.04,33.99,83.42,9.19,32.26,18.73,27.23,14.57,34.34,3.3,8.15,6.07,18.21,25.5,48.91,Evansville Purple Aces
James Dyson-Merwe,245.1,424.5,-17.53,88.82572392965002,106.35431918008784,88.83,107.54,32.21,77.22,8.29,31.98,16.11,22.03,11.84,38.85,11.13,7.82,4.74,24.16,22.5,50.69,Evansville Purple Aces
AJ Casey,884.7,1482.5,-17.86,97.55604588098566,115.42033194320157,97.56,115.14,33.89,80.98,11.45,35.64,18.33,24.86,11.93,32.47,12.87,7.82,4.31,19.13,23.18,44.4,Evansville Purple Aces
Isaac Munkadi,297.8,508.1,10.39,110.61182163843762,100.22064231429273,110.61,100.93,40.29,94.61,12.84,36.15,17.18,25.48,21.73,37.73,11.65,10.47,6.12,15.01,23.51,59.46,Fairfield Stags
Halon Rawlins,528.4,884.5,7.42,112.00732223557006,104.58392692533312,112.01,107.09,42.45,95.76,10.98,34.67,16.13,22.65,21.62,36.04,14.76,10.75,6.29,15.1,24.25,57.66,Fairfield Stags
Declan Wucherpfennig,1032.6,1738.0,7.4,110.69653533098034,103.29919710440517,110.7,103.61,40.74,93.41,10.78,32.21,18.44,25.64,20.74,36.59,11.64,9.8,5.53,15.16,22.24,57.33,Fairfield Stags
Braden Sparks,1090.4,1827.8,6.43,110.91616864959701,104.4888154931692,110.92,104.94,41.23,94.25,10.91,32.46,17.54,24.34,20.67,37.17,12.17,9.32,5.43,14.86,22.26,57.84,Fairfield Stags
Tony Williams,620.7,1027.9,6.21,110.61482512020697,104.4059909844409,110.61,105.15,41.98,98.02,12.2,37.69,14.45,20.4,21.28,34.56,14.16,10.84,5.37,13.57,22.36,55.84,Fairfield Stags
Nasir Rodriguez,140.6,253.7,5.86,102.65486725663717,96.79968391939944,102.65,96.36,36.58,88.89,12.19,36.58,17.31,27.53,18.09,37.76,7.47,11.8,7.87,16.13,23.6,55.85,Fairfield Stags
Brandon Benjamin,957.2,1596.5,3.09,109.8152479319384,106.72665354453714,109.82,107.24,40.56,93.62,10.99,32.71,17.71,24.68,20.41,36.1,11.87,9.17,5.21,15.07,22.16,56.51,Fairfield Stags
Eric Mejia,605.2,1028.3,2.74,108.89079124373242,106.14592648089518,108.89,107.42,38.94,91.08,10.66,30.33,20.35,28.86,21.03,35.91,11.15,10.08,4.7,16.24,24.26,56.94,Fairfield Stags
Michael Rogan,102.2,178.3,-0.7,104.8260060146069,105.52349546578732,104.83,109.98,38.95,97.38,10.31,34.37,16.61,21.19,22.34,36.66,4.58,13.17,3.44,14.89,15.47,59.0,Fairfield Stags
Deuce Turner,658.3,1112.8,-0.96,108.06919667963916,109.02972518227708,108.07,109.33,38.96,90.52,11.52,31.58,18.63,25.83,18.72,36.17,9.72,8.55,4.32,15.93,19.62,54.89,Fairfield Stags
Cam Estevez,221.2,372.5,-6.93,106.49627263045794,113.42717920952899,106.5,111.55,38.6,95.31,10.65,34.08,18.64,25.56,21.3,35.68,5.59,8.25,5.06,13.84,23.96,56.98,Fairfield Stags
Ryan Zan,217.0,365.2,-13.94,103.62408708832851,117.56701592053341,103.62,119.06,38.03,91.77,11.58,36.93,15.98,23.7,17.36,33.9,14.88,9.37,4.13,14.33,26.46,51.26,Fairfield Stags
Josiah Francis,54.9,91.6,4.26,97.72535804549284,93.46787041954327,97.73,98.85,33.7,87.62,16.85,49.42,13.48,21.34,15.73,46.05,11.23,8.99,3.37,17.97,29.21,61.78,Fairleigh Dickinson Knights
Ras Elijah Godbolt,281.2,455.4,3.44,107.44756976936203,104.0070067878257,107.45,104.59,36.33,85.21,13.21,37.87,21.58,29.28,17.61,35.67,15.63,9.47,2.2,18.5,29.28,53.28,Fairleigh Dickinson Knights
Raysean Johnson,452.7,735.0,-2.84,106.66114733174652,109.50080515297907,106.66,112.59,34.36,85.83,12.0,39.46,25.94,37.39,19.59,33.81,10.76,9.11,1.79,16.01,31.18,53.4,Fairleigh Dickinson Knights
Arthur Cox,497.7,805.8,-3.82,107.12524654832347,110.94452773613195,107.13,109.47,36.61,88.76,12.7,40.68,21.2,28.6,19.85,34.27,10.23,8.26,2.59,17.5,26.63,54.12,Fairleigh Dickinson Knights
Joey Niesman,909.3,1443.8,-5.31,103.82665462879366,109.13863369482628,103.83,109.73,35.84,87.99,12.01,40.56,20.14,28.06,18.54,35.07,13.89,7.57,2.78,17.22,27.22,53.61,Fairleigh Dickinson Knights
Noah Melson,338.5,575.4,-8.25,105.84615384615385,114.09914941146147,105.85,116.75,36.04,90.02,13.36,43.78,20.4,29.89,19.69,33.76,8.44,7.38,2.46,15.47,27.96,53.45,Fairleigh Dickinson Knights
Taeshaud Jackson,783.3,1248.0,-8.89,102.25431560418458,111.14900788475815,102.25,110.82,35.2,88.01,11.76,39.69,20.08,27.76,19.36,34.16,12.24,7.68,2.48,18.16,28.48,53.52,Fairleigh Dickinson Knights
Cyril Martynov,687.6,1083.7,-9.14,100.69138323047655,109.83162820571638,100.69,111.09,35.45,87.14,11.04,38.51,18.75,27.66,17.45,36.29,14.29,7.24,2.13,17.17,25.8,53.74,Fairleigh Dickinson Knights
Eric Parnell,668.9,1054.7,-9.86,101.41978340701236,111.27660596742419,101.42,108.34,36.58,92.63,12.91,43.69,15.34,21.24,19.18,35.09,13.1,7.67,2.62,16.47,24.33,54.27,Fairleigh Dickinson Knights
David Jevtic,527.7,857.5,-12.89,98.7854720426679,111.67810428764149,98.79,110.38,34.55,83.48,9.74,36.29,19.94,27.94,16.46,33.62,11.59,7.65,2.32,19.71,27.02,50.08,Fairleigh Dickinson Knights
Sebastian Haubro,43.3,65.7,-13.93,99.37888198757763,113.30600074543422,99.38,118.01,27.95,83.85,15.53,49.69,27.95,37.27,18.63,37.27,12.42,7.76,9.32,17.08,23.29,55.9,Fairleigh Dickinson Knights
Micah Octave,565.9,999.5,0.83,103.46895931220634,102.64113155588934,103.47,102.47,35.29,79.58,9.5,29.29,23.39,30.79,16.1,33.89,18.29,12.3,4.2,21.89,25.29,49.99,Florida A&M Rattlers
Miles Ndalama,482.7,814.4,-2.4,97.9586832587507,100.35665969745418,97.96,100.04,35.55,80.06,9.69,27.71,17.16,26.24,16.55,38.25,15.33,9.07,5.64,24.03,24.77,54.8,Florida A&M Rattlers
Antonio Baker Jr.,647.0,1139.8,-4.76,97.99496000876519,102.75326043999473,97.99,102.55,34.01,78.54,8.59,26.47,21.39,30.24,14.55,35.5,14.02,9.99,4.82,21.65,23.49,50.05,Florida A&M Rattlers
Tyler Shirley,730.1,1295.6,-4.83,97.58165526543982,102.41545893719808,97.58,102.13,34.61,79.24,8.71,26.28,19.66,28.13,14.64,33.91,13.72,11.64,3.85,22.04,25.05,48.55,Florida A&M Rattlers
Lenard Taylor Jr.,127.8,232.7,-6.16,96.80207433016422,102.9584534871302,96.8,104.15,35.44,75.19,9.51,23.77,16.42,27.66,12.96,32.84,13.4,12.53,6.05,24.63,27.23,45.8,Florida A&M Rattlers
Jaquan Sanders,746.4,1291.8,-6.92,98.77504917330427,105.69434027577454,98.78,107.03,33.89,78.76,9.97,29.84,21.03,30.46,14.8,34.74,16.12,10.91,4.52,21.58,25.78,49.54,Florida A&M Rattlers
Jordan Chatman,634.6,1115.8,-8.72,99.65666787134082,108.37241348654234,99.66,110.14,34.42,77.97,10.03,29.63,20.78,29.63,14.46,34.78,15.72,10.75,4.52,22.41,27.65,49.24,Florida A&M Rattlers
Kaleb Washington,442.1,786.5,-10.85,93.29000191168036,104.13825907721579,93.29,104.63,32.5,78.25,8.67,27.15,19.63,27.27,13.0,33.52,11.22,12.36,4.72,21.79,25.74,46.52,Florida A&M Rattlers
Anquan Boldin Jr,294.2,539.0,-20.95,85.13016346109067,106.08020698576972,85.13,106.92,31.11,75.44,7.08,24.4,15.83,27.38,12.48,33.34,8.57,11.36,5.03,24.03,27.57,45.82,Florida A&M Rattlers
Anthony Knowles,116.2,212.8,-26.97,88.56257886887691,115.53736911782404,88.56,110.13,30.29,75.26,7.34,29.83,20.65,28.91,13.77,25.7,7.8,11.93,5.05,24.78,28.45,39.47,Florida A&M Rattlers
Devere Palmer Jr,66.5,122.3,-34.59,92.30140902593425,126.8931641424478,92.3,126.61,30.22,76.78,8.99,22.87,22.87,35.12,12.25,24.5,0.0,16.34,3.27,18.79,23.69,36.75,Florida A&M Rattlers
Vincent Neugebauer,94.8,155.6,26.75,124.01138880101232,97.25848563968668,124.01,94.27,47.45,89.84,13.29,30.37,15.82,24.04,18.98,36.06,5.06,8.86,4.43,17.72,21.51,55.04,Florida Atlantic Owls
Amar Amkou,262.7,453.3,9.57,117.6791659843895,108.10810810810811,117.68,105.89,42.57,88.2,9.61,29.04,22.92,30.35,19.21,34.93,10.26,7.86,4.58,16.59,24.23,54.14,Florida Atlantic Owls
Xander Pintelon,568.7,994.9,9.19,110.90573012939002,101.71890798786653,110.91,100.51,40.37,86.93,12.99,37.47,17.19,24.58,16.79,36.57,11.69,9.49,7.69,18.18,26.58,53.36,Florida Atlantic Owls
Kanaan Carlyle,801.2,1399.0,8.49,110.14492753623189,101.6561964591662,110.14,101.91,40.65,86.96,11.52,33.71,17.32,25.05,15.75,39.22,12.17,8.52,7.59,16.89,24.26,54.97,Florida Atlantic Owls
Devin Vanterpool,740.8,1304.6,8.02,111.18965286666793,103.17323031386343,111.19,102.55,40.43,87.19,11.0,34.54,19.33,27.28,16.74,37.67,9.86,8.94,8.71,16.58,26.21,54.41,Florida Atlantic Owls
Maxim Logue,268.0,467.0,6.43,113.28648822614386,106.86044026501389,113.29,107.28,41.84,86.68,9.66,27.25,19.95,29.39,19.52,37.98,13.52,8.8,5.58,18.88,28.97,57.5,Florida Atlantic Owls
Niccolo Moretti,780.2,1357.6,4.22,108.92352060340525,104.70320639812165,108.92,105.52,38.67,83.86,10.43,31.43,21.15,30.1,16.19,38.23,12.35,7.69,6.66,18.04,24.77,54.42,Florida Atlantic Owls
Yohann Sissoko,264.6,458.4,4.17,113.11896052847081,108.95026420439069,113.12,109.19,39.96,87.13,11.36,32.54,21.84,31.23,20.09,35.38,8.3,8.3,6.33,18.13,22.49,55.47,Florida Atlantic Owls
Isaiah Elohim,836.7,1474.2,4.12,108.1813409202527,104.06371525124392,108.18,103.78,38.48,87.05,10.97,34.41,20.25,27.84,16.94,38.41,11.45,7.93,7.65,16.66,23.51,55.35,Florida Atlantic Owls
Devin Williams,727.9,1266.2,3.38,106.29105758418653,102.90863104647485,106.29,102.74,38.11,86.41,11.05,35.98,19.02,25.96,16.02,39.53,11.76,7.58,9.47,17.28,22.25,55.55,Florida Atlantic Owls
Josiah Parker,622.6,1097.0,1.02,108.17500515664749,107.1549985268454,108.18,108.36,38.59,84.34,9.17,28.6,21.82,31.81,16.32,38.5,12.38,7.52,6.97,16.87,22.46,54.82,Florida Atlantic Owls
Max Langenfeld,91.6,161.6,0.38,115.87916343919443,115.50339715873996,115.88,115.88,42.76,87.99,14.87,38.42,15.49,27.89,17.35,32.84,8.06,9.3,3.72,16.11,23.55,50.19,Florida Atlantic Owls
4869767,27.8,52.6,-24.13,107.90697674418605,132.03883495145632,107.91,126.51,42.79,93.02,9.3,35.35,13.02,18.6,14.88,29.77,11.16,5.58,7.44,13.02,24.19,44.65,Florida Atlantic Owls
4683761,27.3,52.4,-30.44,106.1611374407583,136.60413660413658,106.16,134.6,41.71,92.89,9.48,34.12,13.27,18.96,15.17,28.44,9.48,3.79,7.58,13.27,22.75,43.61,Florida Atlantic Owls
Alex Lloyd,41.8,80.4,35.54,118.05337519623234,82.51231527093596,118.05,84.14,38.93,77.86,12.56,36.42,27.63,43.96,16.33,50.24,8.79,3.77,2.51,17.58,26.37,66.57,Florida Gators
Isaiah Brown,404.0,733.6,29.66,129.42967884828352,99.76837087515526,129.43,102.85,47.34,90.25,12.6,33.91,22.15,31.01,19.8,42.36,20.76,8.03,8.17,14.81,30.04,62.16,Florida Gators
Rueben Chinyelu,844.3,1500.3,26.73,121.03207717213525,94.30320777319314,121.03,94.6,42.86,88.52,10.08,32.18,25.23,34.85,21.23,41.46,16.62,10.28,6.54,16.16,23.03,62.69,Florida Gators
CJ Ingram,74.2,138.5,24.94,119.38071255362806,94.4386149003148,119.38,100.73,38.8,82.82,11.19,37.31,30.59,44.02,20.89,46.26,11.94,6.72,5.22,17.16,27.61,67.15,Florida Gators
Boogie Fland,1028.1,1838.4,24.45,122.71012194455078,98.26308100211027,122.71,99.31,43.8,89.13,9.9,32.1,25.21,35.65,21.38,39.76,17.55,10.17,7.38,15.31,24.01,61.14,Florida Gators
Urban Klavzar,697.9,1254.0,24.23,124.69642075088588,100.46719642215389,124.7,100.17,43.64,89.5,11.86,35.35,25.56,35.51,22.22,40.53,17.36,7.96,6.69,15.85,26.44,62.75,Florida Gators
Alex Condon,1014.8,1812.6,22.64,120.17262365829366,97.53279973595181,120.17,98.1,43.21,88.36,9.41,31.65,24.34,34.52,21.25,40.61,17.32,9.79,7.03,16.49,23.51,61.86,Florida Gators
Thomas Haugh,1115.0,1993.5,21.99,120.8378829524204,98.84711779448622,120.84,99.0,42.57,88.81,10.49,33.99,25.2,35.29,21.89,39.71,16.72,9.64,7.23,16.32,23.95,61.6,Florida Gators
Xaivian Lee,945.0,1701.8,21.69,118.13550837725626,96.4469981238274,118.14,96.88,42.17,88.22,10.19,33.69,23.62,32.86,20.61,41.11,16.2,9.42,7.3,16.78,23.91,61.72,Florida Gators
Micah Handlogten,470.0,840.2,18.36,120.54564028604051,102.18935085599787,120.55,104.2,44.83,92.66,11.54,35.69,19.35,28.6,22.47,39.78,18.51,8.05,8.29,16.22,25.48,62.25,Florida Gators
Gabe Tanner,131.2,231.5,9.98,114.12330564057717,104.1399914639351,114.12,106.69,41.98,92.7,13.12,41.54,17.05,22.74,19.68,36.73,7.87,13.55,8.31,16.18,25.8,56.41,Florida Gulf Coast Eagles
Rahmir Barno,998.8,1725.1,3.69,110.27409167294431,106.58161786024935,110.27,106.51,40.45,88.02,10.95,33.44,18.43,26.19,16.92,36.28,13.5,11.18,5.27,16.46,26.6,53.2,Florida Gulf Coast Eagles
Isaiah Malone,704.1,1216.5,3.28,108.00615069195285,104.723257873813,108.01,104.23,40.27,87.34,10.74,32.48,16.73,23.37,16.07,38.05,15.75,9.92,6.48,17.63,26.49,54.12,Florida Gulf Coast Eagles
Michael Duax,766.2,1298.8,2.74,111.9126535387015,109.17661370029651,111.91,111.99,40.63,87.58,10.92,33.14,19.65,27.3,16.46,36.26,13.73,11.54,5.07,15.91,28.0,52.72,Florida Gulf Coast Eagles
Darren Williams,591.3,1039.9,2.25,112.25608419206314,110.0064067579432,112.26,112.94,42.58,89.75,12.47,36.54,14.62,20.56,15.1,35.76,14.81,12.57,5.07,15.59,25.92,50.86,Florida Gulf Coast Eagles
Rory Stewart,599.7,1048.5,1.66,110.4553319585674,108.79263203338611,110.46,107.52,40.01,89.31,12.99,39.82,17.35,25.69,18.68,35.27,12.23,10.24,4.36,17.16,25.6,53.95,Florida Gulf Coast Eagles
Jack Reddick,313.7,554.7,1.31,108.92503340551995,107.61224309782129,108.93,112.43,38.15,90.49,12.72,41.1,19.72,28.94,18.61,38.34,15.48,11.06,6.82,14.38,27.09,56.95,Florida Gulf Coast Eagles
Jordan Ellerbee,837.0,1452.8,1.18,111.06147555066836,109.88367083153814,111.06,109.55,40.2,87.21,11.34,33.61,19.24,27.35,16.08,35.94,13.81,10.93,5.09,15.88,27.01,52.02,Florida Gulf Coast Eagles
J.R. Konieczny,879.0,1536.6,-0.34,108.80145849950351,109.14353545701417,108.8,109.26,40.37,88.62,10.55,33.14,17.45,25.2,16.6,35.16,12.7,11.79,4.62,16.02,26.37,51.76,Florida Gulf Coast Eagles
Tristen Guillouette,366.8,621.1,-2.54,109.63835706103747,112.18062982768866,109.64,115.86,40.26,91.64,11.78,36.98,17.35,25.53,18.49,34.36,12.11,12.93,4.09,14.73,25.36,52.85,Florida Gulf Coast Eagles
George Washington III,122.8,211.8,-26.47,99.01225752707367,125.48285145733348,99.01,127.57,35.23,92.35,11.42,40.46,17.14,27.13,21.42,29.51,10.95,10.47,9.04,16.18,32.37,50.93,Florida Gulf Coast Eagles
Kennedy Brown,106.6,192.7,12.02,113.36467427803896,101.34202934905305,113.36,108.53,39.22,85.96,15.58,30.62,19.34,29.55,17.73,35.46,5.91,10.75,6.45,17.73,20.42,53.19,Florida International Panthers
Ashton Williamson,540.7,971.1,8.21,107.58785734724137,99.37571665180278,107.59,101.45,38.5,88.34,9.78,28.3,20.81,30.9,19.77,36.0,12.59,13.94,4.99,16.75,23.62,55.77,Florida International Panthers
Hamed Olayinka,677.2,1203.6,7.13,110.15490533562821,103.02072064575185,110.15,102.69,39.07,85.1,9.54,26.29,22.48,32.93,19.41,34.84,13.35,13.35,7.13,18.66,23.72,54.25,Florida International Panthers
Corey Stephenson,875.8,1574.5,6.77,112.03802657393966,105.26648542707213,112.04,106.23,39.3,84.35,9.95,28.01,23.48,33.62,17.8,34.13,13.33,11.99,5.93,17.48,24.56,51.93,Florida International Panthers
Zawdie Jackson,814.9,1452.4,4.23,109.21760728577341,104.98831936237461,109.22,105.42,37.95,83.76,8.9,27.11,24.42,34.77,17.46,33.81,12.76,12.28,6.21,17.18,25.25,51.27,Florida International Panthers
Eric Dibami,777.4,1370.2,2.47,107.2368540467936,104.76889214966985,107.24,103.68,37.83,85.6,9.22,27.88,22.36,32.45,18.66,33.25,13.36,12.78,5.74,17.64,23.74,51.91,Florida International Panthers
Brit Harris,533.7,957.3,1.75,110.35493665584755,108.60388764396266,110.35,109.1,38.32,83.97,11.31,31.41,22.41,33.09,15.18,34.66,12.15,11.94,6.28,15.5,23.66,49.84,Florida International Panthers
Thiago Sucatzky,369.1,667.1,-0.18,113.53450851508815,113.71413529876281,113.53,112.94,39.14,82.91,12.4,29.73,22.86,33.46,16.28,30.48,15.98,12.25,6.27,17.48,24.35,46.76,Florida International Panthers
Julian Mackey,604.8,1104.1,-1.72,109.95002271694685,111.67031528583358,109.95,112.4,37.35,83.05,11.54,31.08,23.72,34.53,16.99,31.8,12.27,12.81,7.0,17.54,25.44,48.79,Florida International Panthers
Ibrahim Olajuwon,401.2,725.7,-2.45,110.0981522232701,112.54969925578551,110.1,115.69,39.82,85.65,8.66,24.87,21.8,32.27,16.63,32.41,11.18,11.74,5.87,15.65,26.13,49.04,Florida International Panthers
AJ Swinton,357.1,629.6,9.65,115.26130169926259,105.61108050680727,115.26,107.57,38.79,86.09,13.47,43.6,24.21,33.34,15.23,33.99,12.34,12.98,5.61,13.31,22.76,49.22,Florida State Seminoles
Martin Somerville,812.4,1444.7,9.32,113.38517509526356,104.06391108023618,113.39,103.32,38.48,87.52,15.52,46.0,20.9,29.17,15.72,33.04,13.93,12.14,4.62,14.35,24.69,48.76,Florida State Seminoles
Lajae Jones,924.3,1617.3,5.21,113.02740991684632,107.81453665197691,113.03,106.99,39.3,88.7,14.84,43.73,19.59,28.33,16.51,33.38,13.3,11.03,5.48,14.35,25.19,49.89,Florida State Seminoles
Robert McCray V,912.2,1628.8,5.09,113.63080684596576,108.53812710061361,113.63,107.58,39.91,87.47,14.73,43.64,19.07,26.89,15.46,33.56,13.69,10.45,5.68,15.22,25.0,49.02,Florida State Seminoles
Alex Steen,619.6,1085.2,4.84,113.91764435242698,109.0732922693612,113.92,108.76,38.56,87.78,15.09,43.89,21.72,30.37,17.48,33.22,15.37,11.13,5.15,15.27,25.03,50.7,Florida State Seminoles
Alier Maluk,111.8,212.5,4.35,104.33522521434608,99.98853342506592,104.34,105.3,37.19,85.98,12.56,46.37,17.39,28.5,17.39,29.47,8.69,16.42,6.28,17.87,27.05,46.86,Florida State Seminoles
Kobe MaGee,619.7,1125.5,4.25,111.97004735161326,107.71815839587768,111.97,105.89,38.41,89.51,16.3,48.19,18.85,25.99,16.12,31.98,11.19,11.63,4.67,14.27,24.75,48.1,Florida State Seminoles
Thomas Bassong,581.3,1025.7,2.28,108.79347636924149,106.51113873219235,108.79,110.78,37.59,84.53,12.53,39.98,21.08,31.52,15.12,35.0,14.92,10.84,6.17,15.61,26.65,50.12,Florida State Seminoles
Chauncey Wiggins,845.1,1492.4,1.02,110.13112445085349,109.1103822210322,110.13,109.33,38.16,86.99,15.09,45.07,18.71,26.96,14.62,34.07,13.68,10.4,5.16,14.82,23.41,48.69,Florida State Seminoles
Shah Muhammad,67.9,134.7,-3.72,102.08643815201192,105.80836108028116,102.09,106.56,36.51,81.97,15.65,46.94,13.41,23.85,11.18,35.02,5.22,7.45,7.45,17.88,20.86,46.2,Florida State Seminoles
Cam Miles,296.8,542.2,-5.44,103.34681868333948,108.7881591119334,103.35,108.13,35.12,87.72,12.32,45.79,20.78,30.89,19.68,29.05,8.83,12.32,4.6,17.29,24.83,48.73,Florida State Seminoles
Ryan Pettis,68.7,119.9,34.67,119.70495258166491,85.03611971104232,119.7,86.83,45.52,96.1,8.43,35.41,20.23,29.5,21.92,46.36,0.0,12.64,5.9,11.8,30.35,68.28,Fordham Rams
Zarique Nutter,48.6,89.0,31.7,111.58553942499287,79.8890429958391,111.59,81.98,44.41,101.34,4.55,26.19,18.22,30.74,29.6,45.55,0.0,17.08,2.28,13.66,18.22,75.15,Fordham Rams
Kingston Price,126.3,210.8,17.95,112.35689838309926,94.40934557158184,112.36,93.47,47.21,97.72,11.33,33.05,6.61,12.75,20.3,35.88,9.91,11.33,1.89,16.52,32.1,56.18,Fordham Rams
Roor Akhuar,452.0,746.9,12.09,108.00308197380322,95.91010935357656,108.0,96.08,40.6,89.91,11.39,37.52,15.41,22.65,17.82,39.53,12.86,11.52,3.89,17.15,25.19,57.35,Fordham Rams
Rikus Schulte,925.8,1521.5,8.9,107.32496163429646,98.42609862242728,107.32,99.27,40.07,90.23,9.97,33.86,17.23,25.02,19.41,39.54,12.41,11.15,3.1,17.29,22.31,58.95,Fordham Rams
Christian Henry,829.6,1367.7,7.2,106.34854243575988,99.14561322921452,106.35,98.13,39.35,87.87,10.33,33.1,17.31,25.53,17.39,38.41,11.49,11.06,3.35,17.39,24.37,55.8,Fordham Rams
Akira Jacobs,873.8,1426.8,5.77,105.95190064378059,100.18202184262111,105.95,100.41,39.36,90.66,10.81,35.01,16.42,23.37,19.23,38.94,12.07,11.37,3.02,17.47,22.87,58.17,Fordham Rams
Dejour Reaves,1003.7,1638.1,3.9,105.20078399197776,101.30308140426185,105.2,100.4,39.2,90.43,9.78,34.22,17.02,24.49,19.02,38.17,12.58,11.3,3.59,16.96,23.88,57.19,Fordham Rams
Marcus Greene,462.6,759.4,2.74,104.53811422733415,101.79857297866045,104.54,102.03,39.55,91.75,11.34,38.23,14.11,20.7,18.85,39.94,8.83,9.89,2.37,17.27,25.44,58.79,Fordham Rams
Abass Bodija,499.9,812.2,2.59,104.36727340498229,101.77247628054546,104.37,103.62,39.76,89.46,10.44,33.92,14.41,20.62,16.77,39.63,11.18,11.18,4.35,17.52,26.34,56.4,Fordham Rams
Louis Lesmond,541.2,887.6,1.76,104.53593068690185,102.77100669636603,104.54,103.86,39.41,92.08,10.19,35.0,15.52,22.88,19.82,38.85,10.99,10.53,4.42,16.88,26.39,58.67,Fordham Rams
Jack Whitbourn,247.4,395.3,-8.88,99.41187630430659,108.29274463912961,99.41,108.27,37.44,94.61,9.11,33.9,15.43,22.01,25.3,36.43,18.47,9.61,1.52,20.24,21.5,61.73,Fordham Rams
DJ Stickman,285.2,504.2,6.92,108.54433572077072,101.62879157319809,108.54,105.11,35.91,77.47,10.49,31.07,26.23,35.11,14.93,38.13,6.86,10.89,4.24,20.78,25.62,53.06,Fresno State Bulldogs
Jac Mani,294.8,502.9,4.06,104.34264135943556,100.27855153203342,104.34,100.17,35.97,81.69,11.13,33.39,21.27,30.61,12.92,37.56,8.74,7.35,2.98,16.69,23.05,50.48,Fresno State Bulldogs
Zaon Collins,768.4,1305.9,3.93,108.14129746531842,104.21163212682647,108.14,104.69,38.84,84.73,10.98,33.77,19.49,26.33,15.04,35.15,10.44,11.05,2.53,17.81,22.26,50.19,Fresno State Bulldogs
Cameron Faas,601.2,1006.1,3.21,104.67308264708801,101.46118039479252,104.67,101.1,39.09,86.71,11.81,36.61,14.68,20.24,14.68,36.81,11.31,9.92,2.18,18.35,22.03,51.49,Fresno State Bulldogs
Wilson Jacques,843.9,1430.2,0.78,105.51592379016002,104.73467680078099,105.52,105.31,37.51,83.5,10.87,33.23,19.63,25.73,15.07,37.44,12.34,9.32,3.15,19.35,23.21,52.51,Fresno State Bulldogs
Gasper Kocevar,321.1,550.2,0.1,104.09532940693056,103.99710616748057,104.1,105.01,36.89,82.18,10.59,35.43,19.72,28.67,13.33,35.79,9.5,10.96,3.1,17.53,24.47,49.12,Fresno State Bulldogs
Aram Soqui Urbano,116.3,197.8,-0.89,111.0269997476659,111.91290036713508,111.03,111.53,37.85,85.29,10.09,34.82,25.23,37.35,13.63,31.29,15.64,9.59,3.53,10.6,21.7,44.92,Fresno State Bulldogs
Jake Heidbreder,1065.5,1815.2,-1.97,102.25820195994888,104.22589638135196,102.26,103.8,36.23,83.02,10.72,34.09,19.08,25.45,13.91,36.62,10.72,9.35,3.08,18.8,23.59,50.53,Fresno State Bulldogs
DeShawn Gory,901.0,1520.2,-2.78,104.44778436586455,107.22473308443045,104.45,108.15,37.39,83.7,10.83,33.43,18.83,25.96,13.68,35.74,12.62,9.84,3.04,17.64,22.86,49.42,Fresno State Bulldogs
Bastien Rieber,477.7,815.8,-6.21,100.04904364884749,106.25976652265834,100.05,106.3,34.82,81.29,10.54,33.23,19.86,26.48,13.49,36.91,12.87,7.23,3.43,19.62,29.55,50.4,Fresno State Bulldogs
David Douglas Jr.,289.1,495.0,-7.55,99.14339297480865,106.6935078007046,99.14,107.46,32.64,80.49,12.77,35.68,21.09,26.56,13.58,35.48,16.22,10.54,2.84,20.48,25.95,49.06,Fresno State Bulldogs
Makhan Diouf,63.8,114.8,-12.08,83.99646330680814,96.0754878833369,84.0,99.03,28.29,75.15,4.42,26.53,22.99,31.83,15.92,44.21,1.77,10.61,7.96,25.64,29.18,60.13,Fresno State Bulldogs
Mason Smith,51.4,90.8,10.89,107.40531373657434,96.51474530831099,107.41,101.75,38.44,84.79,14.7,44.09,15.83,24.87,20.35,47.48,18.09,5.65,7.91,23.74,29.4,67.83,Furman Paladins
Charles Johnston,920.1,1511.3,9.82,113.06491372226787,103.24385532538467,113.06,101.89,41.08,86.71,13.74,42.2,17.16,25.64,16.96,40.95,15.18,6.51,5.0,18.08,22.61,57.91,Furman Paladins
Cole Bowser,427.8,696.4,7.76,115.47760817004078,107.71813279045679,115.48,108.84,40.71,84.88,14.43,40.56,19.63,27.28,15.88,40.27,23.38,6.21,5.34,18.04,26.99,56.15,Furman Paladins
Ben Vander Wal,890.1,1461.2,7.41,114.59425996939108,107.18420156622403,114.59,108.27,41.48,86.94,13.69,41.96,17.95,26.62,17.13,38.79,16.23,6.67,4.68,17.54,22.49,55.92,Furman Paladins
Alex Wilkins,982.4,1632.9,7.02,113.09325498985372,106.07632169672576,113.09,103.76,40.77,84.93,12.66,39.43,18.9,27.02,15.57,38.71,15.33,6.12,4.72,17.81,23.56,54.28,Furman Paladins
Asa Thomas,703.8,1179.5,6.8,113.28033916269212,106.47677178704646,113.28,106.5,41.04,85.21,13.74,40.95,17.47,27.56,16.2,39.6,12.97,7.38,5.34,17.89,21.45,55.8,Furman Paladins
Tom House,761.8,1250.1,5.09,109.55106243935285,104.45741522428453,109.55,102.42,40.0,84.6,12.04,38.97,17.51,25.59,14.73,37.47,15.37,7.21,4.83,17.98,21.94,52.2,Furman Paladins
Eddrin Bronson,601.3,1005.2,4.88,107.91511616212411,103.03850412104809,107.92,105.3,38.22,82.77,12.97,42.64,18.51,26.95,15.79,40.13,12.17,7.24,5.93,20.22,22.13,55.92,Furman Paladins
Abijah Franklin,220.3,374.6,3.42,105.30546623794213,101.88202433996143,105.31,102.63,37.25,87.89,11.25,41.26,19.56,30.01,19.56,40.19,13.4,8.04,5.09,17.42,26.53,59.75,Furman Paladins
Owen Ritger,102.9,170.1,2.68,106.90019628567116,104.2233357193987,106.9,109.92,38.65,87.57,15.1,41.07,14.49,22.35,18.12,41.07,18.12,4.23,3.02,19.93,21.14,59.19,Furman Paladins
Cooper Bowser,704.4,1173.1,2.42,110.95960456792227,108.53902886132072,110.96,108.49,40.31,82.32,12.1,38.52,18.24,25.91,14.06,38.09,10.31,7.16,5.54,19.43,22.07,52.15,Furman Paladins
Collin O'Neal,163.6,268.9,-8.19,106.0765048173233,114.264985943593,106.08,120.19,39.3,82.42,12.59,39.3,14.88,21.75,15.64,41.21,8.78,5.34,4.58,22.89,22.13,56.85,Furman Paladins
Bo Barber,104.6,176.8,-19.0,96.75110920280521,115.7556270096463,96.75,118.51,34.92,82.44,13.17,38.93,13.74,18.89,11.45,37.78,14.88,8.59,2.86,20.04,29.2,49.23,Gardner-Webb Runnin' Bulldogs
Jacob Hudson,635.8,1117.2,-24.14,95.83688866933132,119.97680745729451,95.84,120.81,35.3,81.65,8.89,28.83,16.35,23.89,12.4,31.35,9.16,9.79,3.5,19.4,25.78,43.75,Gardner-Webb Runnin' Bulldogs
Ace Talbert,683.6,1198.3,-25.06,94.24809424809426,119.3101732857972,94.25,120.88,34.02,83.08,9.91,33.35,16.3,23.6,12.18,31.16,9.07,9.07,4.2,17.89,25.54,43.34,Gardner-Webb Runnin' Bulldogs
Curtis Williams III,449.0,790.4,-26.18,96.70162542378252,122.8768074761634,96.7,123.32,34.47,82.76,10.52,33.46,17.24,22.69,12.04,30.54,6.59,8.36,3.3,18.5,26.74,42.58,Gardner-Webb Runnin' Bulldogs
Riek Riek,212.1,371.7,-27.18,92.25700164744646,119.43840221475183,92.26,124.38,34.6,80.72,10.98,35.97,12.08,19.77,9.61,32.67,12.36,7.96,3.29,19.49,31.03,42.28,Gardner-Webb Runnin' Bulldogs
NaVuan Peterson,297.9,540.7,-27.92,92.96235679214404,120.87962327984272,92.96,123.64,33.48,81.74,11.41,35.91,14.59,21.51,9.91,33.67,10.47,8.42,4.49,17.96,25.81,43.58,Gardner-Webb Runnin' Bulldogs
Jacob Hogarth,714.4,1248.5,-28.68,93.65003198976328,122.33274506658111,93.65,121.96,34.15,82.61,9.04,29.67,16.31,24.31,13.92,29.91,8.32,9.28,3.36,19.75,22.95,43.83,Gardner-Webb Runnin' Bulldogs
DJ Jefferson,397.6,708.3,-30.32,90.2458987224654,120.56712760371084,90.25,122.56,33.17,80.0,9.96,31.03,13.95,22.63,11.39,31.88,10.39,9.25,4.55,20.64,25.62,43.27,Gardner-Webb Runnin' Bulldogs
Jamias Ferere,501.6,874.8,-30.7,92.37980906648374,123.0786812182161,92.38,123.13,33.84,81.86,8.46,29.73,16.24,24.47,13.26,30.3,10.4,9.15,3.2,19.78,24.47,43.56,Gardner-Webb Runnin' Bulldogs
Spence Sims,644.1,1143.1,-31.05,92.02226345083488,123.06883176648478,92.02,122.58,33.44,81.98,10.74,35.01,14.41,21.39,11.61,29.51,9.17,8.03,2.36,19.47,23.92,41.12,Gardner-Webb Runnin' Bulldogs
Colin Hawkins,715.4,1253.9,-31.15,92.78309250290197,123.93739572574877,92.78,124.88,34.02,81.02,9.53,31.54,15.21,21.93,11.05,31.06,9.21,8.17,3.36,19.61,25.54,42.11,Gardner-Webb Runnin' Bulldogs
Julius Clark,84.5,154.7,-48.52,80.51055473735886,129.03225806451613,80.51,132.22,30.11,76.58,7.85,30.76,12.44,18.98,11.13,32.73,0.0,6.55,4.58,25.53,28.8,43.86,Gardner-Webb Runnin' Bulldogs
Ahmadou Ndiaye,30.2,51.2,-76.8,53.045186640471506,129.84496124031006,53.05,131.63,19.65,66.8,5.89,23.58,7.86,7.86,1.96,29.47,1.96,5.89,1.96,31.43,35.36,31.43,Gardner-Webb Runnin' Bulldogs
Dola Adebayo,294.6,480.6,18.16,121.06005958914852,102.90387701226771,121.06,103.92,40.98,83.63,12.13,29.27,26.97,35.34,15.47,38.26,8.57,9.41,5.44,15.05,22.37,53.73,George Mason Patriots
Stas Sivka,280.6,454.5,17.02,117.10221634138274,100.08230452674897,117.1,100.56,39.48,80.94,9.48,26.02,28.67,40.14,14.11,41.9,17.2,6.62,3.75,14.11,22.71,56.01,George Mason Patriots
Emmanuel Kanga,411.9,669.3,14.05,114.99564410438998,100.9505563333579,115.0,103.78,38.48,81.97,10.0,27.57,28.03,39.24,20.3,42.12,12.12,7.42,5.61,19.7,27.12,62.42,George Mason Patriots
Nick Ellington,391.0,627.5,11.06,106.3244729605866,95.26464614281731,106.32,95.33,37.3,83.53,8.29,29.17,23.43,33.0,18.49,40.33,10.2,9.88,4.62,19.29,24.55,58.82,George Mason Patriots
Jahari Long,1066.6,1733.8,10.17,113.3589267998102,103.19147397799082,113.36,102.6,40.14,83.74,10.18,29.56,22.89,31.69,14.78,39.11,12.14,7.53,4.31,15.99,23.87,53.89,George Mason Patriots
Kory Mincy,1068.2,1720.1,9.31,114.23925195649964,104.92623737888091,114.24,104.71,40.31,83.63,9.99,29.16,23.64,31.77,14.46,38.62,12.43,7.84,4.3,15.74,23.52,53.08,George Mason Patriots
Malik Presley,491.1,802.2,5.7,110.80886721070569,105.1127539293036,110.81,105.81,37.77,82.54,11.13,31.27,24.14,34.64,15.26,38.15,7.38,7.5,4.5,16.26,23.89,53.41,George Mason Patriots
Masai Troutman,740.6,1176.2,3.38,106.88921202925121,103.50519884231966,106.89,101.75,38.02,82.53,9.36,30.01,21.5,31.11,14.08,37.68,12.48,7.92,4.05,16.78,22.34,51.76,George Mason Patriots
Devin Booker,190.1,312.6,3.3,108.02966784908092,104.7286575690257,108.03,106.42,34.5,82.55,9.35,27.41,29.67,37.41,19.99,40.31,11.61,7.09,6.45,19.67,24.51,60.3,George Mason Patriots
Fatt Hill,550.4,891.8,3.27,110.52454228911603,107.25481415136586,110.52,107.6,37.07,77.28,8.42,22.91,27.97,39.09,13.37,38.75,14.94,7.41,3.82,17.52,25.95,52.12,George Mason Patriots
Riley Allenspach,763.1,1217.6,2.81,112.47172925283726,109.66500444867471,112.47,107.99,40.75,84.76,10.6,30.07,20.38,27.79,12.96,36.76,12.8,7.42,3.67,15.0,22.09,49.72,George Mason Patriots
Ty Bevins,58.6,112.5,32.09,106.52222974497856,74.430823117338,106.52,76.73,37.91,88.47,10.83,36.11,19.86,26.18,23.47,52.36,10.83,9.93,3.61,22.57,31.6,75.83,George Washington Revolutionaries
Bubu Benjamin,500.7,875.8,18.71,117.90993468545892,99.20364050056882,117.91,99.92,40.33,83.3,13.52,37.81,23.72,33.46,17.42,37.81,10.31,10.77,4.47,18.22,26.24,55.23,George Washington Revolutionaries
Luke Hunger,576.6,995.1,11.31,114.288586219028,102.97367892304601,114.29,103.03,39.0,86.24,15.48,42.82,20.81,28.75,18.7,36.19,16.28,10.86,3.32,18.8,24.12,54.89,George Washington Revolutionaries
Jean Aranguren,760.9,1324.0,11.07,116.1399867936987,105.07020428217774,116.14,104.9,40.0,84.9,13.89,38.34,22.26,31.32,19.09,35.54,16.9,10.41,5.36,19.32,24.53,54.63,George Washington Revolutionaries
Rafael Castro,690.2,1221.9,9.64,113.46251394947753,103.82536210952007,113.46,102.1,39.77,84.16,12.82,36.6,21.1,30.44,17.69,35.39,14.28,10.79,6.17,19.07,25.65,53.08,George Washington Revolutionaries
Christian Jones,813.4,1407.5,9.02,112.17806492837998,103.1620483105526,112.18,103.02,39.4,86.48,13.13,40.04,20.23,28.47,17.61,37.13,15.69,10.44,4.69,17.61,25.49,54.74,George Washington Revolutionaries
Tyrone Marshall Jr.,692.0,1216.7,7.4,110.91073038773669,103.50866349382946,110.91,102.96,38.77,84.84,12.71,37.95,20.66,29.84,18.12,34.51,15.08,11.31,5.25,19.1,28.53,52.63,George Washington Revolutionaries
Tre Dinkins,653.0,1155.9,6.36,113.85542168674698,107.4992933400013,113.86,106.37,38.98,85.46,15.75,44.23,20.14,27.54,17.64,34.77,12.65,10.07,4.13,19.1,25.73,52.41,George Washington Revolutionaries
Trey Autry,868.0,1513.4,5.26,111.50167579498078,106.23841877702284,111.5,104.05,38.85,86.39,14.26,41.2,19.55,27.14,18.64,34.79,17.0,10.2,4.9,19.36,24.59,53.43,George Washington Revolutionaries
Garrett Johnson,605.5,1067.2,4.12,117.18569780853518,113.07016917695766,117.19,109.62,40.42,86.18,16.89,44.38,19.47,26.76,15.78,32.57,15.59,10.43,3.6,16.89,24.54,48.35,George Washington Revolutionaries
Jayden Fort,440.9,726.9,8.1,109.22313124956298,101.12701797136765,109.22,104.47,37.34,86.15,10.35,30.49,24.19,33.28,19.3,38.6,15.52,9.51,6.43,17.34,28.67,57.9,Georgetown Hoyas
DeShawn Harris-Smith,96.9,162.8,6.44,107.67076396452467,101.22745870586454,107.67,103.94,34.85,84.02,6.22,31.74,31.74,45.43,18.67,35.48,0.0,16.18,6.85,13.07,26.76,54.15,Georgetown Hoyas
Vince Iwuchukwu,529.2,878.7,5.91,107.78682668952709,101.87546036602639,107.79,102.76,37.72,85.96,10.29,30.18,22.06,30.29,17.26,37.72,16.35,10.4,5.6,16.92,24.57,54.98,Georgetown Hoyas
KJ Lewis,831.4,1400.6,5.42,110.16435523548076,104.74011582183455,110.16,104.46,37.72,86.71,10.27,30.3,24.46,32.94,17.4,35.72,12.62,10.05,5.06,15.05,27.31,53.12,Georgetown Hoyas
Jeremiah Williams,651.7,1073.7,1.98,109.4009108957141,107.41806703184477,109.4,108.09,38.96,86.89,9.44,30.18,22.05,30.36,17.56,36.34,16.16,9.72,6.45,16.26,27.0,53.9,Georgetown Hoyas
Malik Mack,1052.1,1765.5,1.49,108.98151156057116,107.4942150168226,108.98,106.95,38.19,86.83,10.11,31.13,22.49,30.45,16.55,36.55,14.35,8.93,4.63,15.25,25.76,53.1,Georgetown Hoyas
Isaiah Abraham,625.9,1044.7,1.18,109.28384510119318,108.1081081081081,109.28,108.8,38.7,87.48,10.56,32.07,21.32,27.56,16.9,36.68,14.31,8.35,5.19,16.33,25.54,53.58,Georgetown Hoyas
Kayvaun Mulready,496.8,818.2,-0.59,106.15527373956077,106.74072508829656,106.16,109.37,36.13,84.26,9.77,31.18,24.13,33.41,17.69,37.49,17.45,9.77,5.94,17.57,28.46,55.18,Georgetown Hoyas
Julius Halaifonua,617.9,1022.8,-0.61,109.10241125088203,109.70878554240535,109.1,108.71,38.74,86.91,8.86,30.46,22.77,31.24,15.86,36.01,13.53,8.66,5.26,14.11,26.28,51.87,Georgetown Hoyas
Caleb Williams,958.5,1597.0,-2.32,107.64403790019199,109.96326184569976,107.64,109.33,37.84,87.48,9.93,31.22,22.04,29.78,16.92,35.34,13.61,8.87,4.75,15.3,25.66,52.26,Georgetown Hoyas
Seal Diouf,30.6,55.5,-4.87,107.45715609078277,112.32996928477401,107.46,118.57,38.91,90.78,5.56,31.5,24.09,38.91,25.94,35.2,11.12,12.97,0.0,16.67,29.64,61.14,Georgetown Hoyas
Langston Love,267.9,427.9,-5.69,106.15312353217472,111.8474595977212,106.15,112.96,38.05,86.19,8.22,27.95,21.84,30.06,16.91,36.87,12.68,8.92,3.52,16.44,24.66,53.78,Georgetown Hoyas
Justin Bailey,358.9,651.3,17.59,118.50599446664616,100.920245398773,118.51,101.14,42.58,88.53,14.14,41.81,19.21,27.05,16.91,33.51,11.07,13.99,7.07,15.52,24.9,50.42,Georgia Bulldogs
Somtochukwu Cyril,641.5,1142.2,17.49,123.24540437182219,105.75290511785846,123.25,104.21,42.76,88.22,13.65,37.63,24.08,32.85,17.3,33.29,13.82,10.52,7.82,13.47,23.12,50.59,Georgia Bulldogs
Jake Wilkins,264.8,498.0,13.62,112.58608643577203,98.96990506968288,112.59,97.81,38.13,85.44,12.18,40.52,24.15,32.34,16.57,33.34,9.78,12.38,9.98,15.77,24.55,49.91,Georgia Bulldogs
Blue Cain,858.6,1553.4,11.89,121.53202446089475,109.64107516497666,121.53,109.62,43.0,88.51,13.45,38.82,22.08,29.61,16.74,33.34,12.23,10.11,7.53,14.16,23.17,50.08,Georgia Bulldogs
Kanon Catchings,724.8,1327.1,11.51,121.67670044497625,110.1641833538958,121.68,108.51,42.93,90.12,14.88,40.53,20.94,29.47,17.8,31.26,12.79,10.62,6.88,13.69,23.33,49.06,Georgia Bulldogs
Marcus Millender,783.1,1418.0,9.84,120.0874902984548,110.24371332405238,120.09,110.35,41.56,88.13,13.97,40.29,23.0,30.2,16.72,34.08,13.19,10.3,7.9,14.25,22.93,50.8,Georgia Bulldogs
Kareem Stagg,369.4,653.9,9.54,117.77011583310735,108.2345837421692,117.77,111.11,41.37,87.24,15.03,42.3,19.99,25.88,14.26,34.4,14.41,10.85,7.9,14.72,22.62,48.66,Georgia Bulldogs
Jeremiah Wilkinson,725.6,1342.4,8.0,118.56427813854826,110.56643864979216,118.56,110.38,40.64,88.94,13.02,38.11,24.26,32.53,18.16,32.75,12.13,10.12,8.19,13.77,22.4,50.91,Georgia Bulldogs
Jordan Ross,608.1,1129.2,5.84,113.17418213969938,107.33135228633522,113.17,106.98,39.17,87.18,11.67,37.14,23.17,31.83,16.98,32.36,11.23,11.14,7.43,14.68,22.46,49.34,Georgia Bulldogs
Justin Abson,312.4,575.7,3.44,110.54140957677933,107.09946189897587,110.54,107.24,39.63,89.51,12.86,40.5,18.42,25.38,18.08,36.15,9.21,10.95,9.04,16.51,19.12,54.23,Georgia Bulldogs
Dylan James,446.4,844.2,-0.94,108.3758721720482,109.31691449814127,108.38,113.69,36.85,86.87,9.67,37.94,25.01,32.98,16.91,34.19,10.03,12.2,8.58,14.38,24.41,51.1,Georgia Bulldogs
Tsvet Sotirov,383.9,683.2,6.39,112.83746556473828,106.44502770487023,112.84,107.25,40.26,91.53,16.01,48.93,16.31,22.77,15.87,35.56,10.43,9.84,4.7,13.52,27.92,51.43,Georgia Southern Eagles
Jefferson Koulibaly,522.3,949.9,4.78,113.09855049420993,108.32004600465275,113.1,109.81,36.99,83.84,14.31,41.66,24.8,34.24,15.48,31.91,6.89,11.98,4.66,15.37,25.76,47.39,Georgia Southern Eagles
Andres Burney,546.6,941.7,3.85,116.78988535304833,112.94439620009999,116.79,114.97,40.39,89.04,14.46,42.22,21.54,28.72,16.5,31.18,10.29,11.36,4.82,13.82,24.75,47.68,Georgia Southern Eagles
Spudd Webb,1190.1,2114.5,3.36,114.0331071526185,110.66933301964474,114.03,111.8,37.31,83.56,14.02,40.59,25.38,33.7,14.5,31.85,10.36,11.41,5.13,14.93,27.09,46.35,Georgia Southern Eagles
Alden Applewhite,1120.1,1988.4,2.61,113.23568440608136,110.62882303641344,113.24,111.77,36.65,83.71,13.7,41.25,26.24,35.03,14.71,32.35,10.62,11.73,4.8,14.36,26.74,47.06,Georgia Southern Eagles
Nakavieon White,734.9,1307.8,1.63,114.4505336025382,112.8173939486088,114.45,114.14,37.38,84.61,14.0,40.15,25.69,35.0,15.46,32.38,10.85,11.46,5.0,14.23,28.54,47.84,Georgia Southern Eagles
Tyren Moore,1080.7,1922.8,1.44,113.55363922192797,112.11174892773379,113.55,112.88,37.63,84.49,14.82,42.95,23.48,31.78,13.99,31.52,10.49,11.48,5.01,14.4,26.3,45.51,Georgia Southern Eagles
Jayden Williams,139.7,236.0,1.08,108.37333333333335,107.28936573051435,108.37,108.8,35.41,88.75,10.24,37.97,27.31,36.27,17.92,34.56,7.25,11.52,5.55,11.95,29.44,52.48,Georgia Southern Eagles
Khayri Dunn,619.1,1109.8,-0.97,108.00072241285893,108.96830748482805,108.0,109.45,35.94,85.24,12.73,40.36,23.39,31.06,15.44,33.86,9.12,10.2,4.61,15.44,28.08,49.3,Georgia Southern Eagles
Shainen Carter,591.9,1049.6,-1.5,106.10558312949728,107.60189211142432,106.11,106.96,33.91,80.65,13.2,39.04,25.08,33.34,13.01,33.25,8.45,11.97,6.17,16.53,26.6,46.26,Georgia Southern Eagles
Dwayne Williams Jr,430.2,775.2,-2.19,108.0351981501702,110.22959101065379,108.04,109.32,36.48,86.33,13.75,41.62,21.32,28.52,14.26,33.27,7.84,10.41,6.29,14.39,25.44,47.53,Georgia Southern Eagles
James Cooper,144.4,245.1,11.11,111.84814777018065,100.7340946166395,111.85,100.83,37.15,91.44,17.96,44.09,19.59,24.9,16.33,34.7,16.33,9.8,4.49,13.06,29.39,51.03,Georgia State Panthers
Jakai Newton,271.0,488.0,0.47,104.03679100664283,103.5651905887188,104.04,103.01,31.27,81.14,10.42,35.77,31.07,38.83,14.92,36.18,10.63,10.83,3.27,15.33,28.62,51.1,Georgia State Panthers
Jelani Hamilton,752.5,1282.1,-0.61,106.4318828158479,107.04456286232944,106.43,106.82,33.82,85.94,12.31,34.98,26.49,32.88,15.89,34.98,15.43,10.05,5.14,14.34,25.09,50.87,Georgia State Panthers
Trey Scott III,485.3,832.4,-3.83,102.42231171485243,106.25206351112047,102.42,106.39,33.54,85.59,11.78,38.59,23.56,29.57,15.27,36.55,14.07,10.46,3.73,15.63,24.76,51.82,Georgia State Panthers
Micah Tucker,823.3,1422.0,-4.47,101.94490891489923,106.41473650938593,101.94,106.66,32.67,84.2,11.76,35.98,24.85,31.33,14.93,35.77,12.88,9.86,4.65,15.84,27.39,50.7,Georgia State Panthers
Anthony Enoh,557.6,953.0,-6.67,100.93971069580824,107.61209593326382,100.94,108.96,33.26,86.69,12.25,35.79,22.17,29.14,15.84,35.37,13.2,9.93,4.43,15.31,25.45,51.21,Georgia State Panthers
Malachi Brown,837.0,1429.7,-8.93,101.00974747563131,109.94041690692107,101.01,110.11,32.27,86.59,12.25,36.96,24.22,30.59,16.24,34.37,12.81,10.08,4.62,15.12,26.32,50.61,Georgia State Panthers
Joah Chappelle,516.3,877.2,-12.49,99.68174585132985,112.17197415813848,99.68,111.5,32.73,85.59,10.91,34.67,23.3,28.19,15.0,33.87,11.82,10.46,5.11,16.03,27.73,48.87,Georgia State Panthers
Chris Jones,107.6,187.9,-14.33,97.10550887021475,111.43539400371452,97.11,112.04,34.68,89.64,10.67,34.68,17.07,22.94,17.07,32.55,8.0,10.14,3.73,16.54,27.74,49.62,Georgia State Panthers
Ayouba Berthe,416.9,707.2,-16.19,92.88885756571992,109.07414630686856,92.89,108.39,30.59,85.28,11.7,39.75,20.02,25.65,14.1,36.08,10.15,8.32,3.52,16.63,27.06,50.18,Georgia State Panthers
Christian Beam,302.3,509.1,-16.2,90.82456569610962,107.02143385070215,90.82,106.29,29.36,82.8,9.2,29.75,22.9,28.38,15.66,36.02,8.03,8.61,5.48,19.38,26.23,51.68,Georgia State Panthers
Isaiah Sherrard,74.2,136.2,-33.4,78.43137254901961,111.83261183261183,78.43,115.78,28.38,82.91,7.47,33.61,14.19,18.67,13.45,27.64,0.0,11.2,5.23,21.66,31.37,41.09,Georgia State Panthers
Davi Remagen,95.4,168.1,17.77,110.8559179298729,93.0904885805146,110.86,98.61,40.42,88.81,9.19,25.11,20.82,30.01,17.15,38.59,22.05,11.02,7.96,14.09,31.24,55.74,Georgia Tech Yellow Jackets
Mouhamed Sylla,295.4,519.2,2.47,98.78925280980175,96.31836970104779,98.79,96.67,36.47,88.37,10.23,31.64,15.63,24.89,18.52,39.55,5.02,10.23,6.56,18.33,20.26,58.07,Georgia Tech Yellow Jackets
Peyton Marshall,181.1,325.4,2.0,93.20328224183311,91.2071989628613,93.2,92.58,35.3,82.06,6.19,22.29,16.41,25.39,15.79,41.18,8.67,12.39,7.43,21.68,24.77,56.97,Georgia Tech Yellow Jackets
Kam Craft,556.7,982.0,-5.36,105.11910795742526,110.48028233849931,105.12,109.48,38.01,87.28,11.05,31.22,18.04,26.36,15.81,36.49,13.79,6.89,6.18,16.02,24.63,52.3,Georgia Tech Yellow Jackets
Kowacie Reeves Jr.,771.5,1386.5,-5.46,101.23657369798718,106.69452299047242,101.24,106.94,35.74,82.75,9.89,28.31,19.86,27.8,14.66,36.75,14.37,8.3,5.85,18.7,25.92,51.41,Georgia Tech Yellow Jackets
Baye Ndongo,698.1,1241.3,-6.08,102.96260320543954,109.04425914047467,102.96,110.09,37.96,84.99,9.47,27.12,17.57,24.61,15.62,38.13,14.81,7.85,5.59,18.94,23.72,53.75,Georgia Tech Yellow Jackets
Akai Fleming,664.9,1207.6,-6.62,100.82228007107146,107.44658784484547,100.82,107.02,35.37,82.89,9.59,28.51,20.5,29.59,15.37,36.03,14.38,9.01,4.55,18.43,25.78,51.4,Georgia Tech Yellow Jackets
Lamar Washington,735.4,1359.7,-8.09,100.28536485935588,108.37240699859517,100.29,110.07,35.58,81.76,8.97,25.35,20.16,29.2,14.75,36.91,15.57,8.75,5.41,19.12,24.02,51.66,Georgia Tech Yellow Jackets
Jaeden Mustaf,732.7,1290.1,-8.73,99.44364471073415,108.1748865939581,99.44,109.01,35.72,83.65,9.18,27.78,18.83,27.55,14.63,36.81,13.62,7.86,5.68,17.9,26.77,51.44,Georgia Tech Yellow Jackets
Chas Kelley III,429.4,755.8,-9.76,101.1205976520811,110.88147492044746,101.12,112.73,36.82,82.31,10.81,30.02,16.68,23.48,12.14,36.82,18.54,7.74,5.87,18.68,27.35,48.96,Georgia Tech Yellow Jackets
Eric Chatfield Jr.,154.6,276.5,-14.77,103.5492133186974,118.31992850759607,103.55,121.11,37.32,89.28,10.61,33.3,18.29,24.88,15.0,29.27,8.05,10.61,2.93,13.9,28.17,44.27,Georgia Tech Yellow Jackets
Cole Kirouac,210.6,377.9,-16.41,96.08158883521202,112.48858149549785,96.08,115.67,34.08,82.66,9.13,28.99,18.79,25.76,14.22,35.16,17.98,7.78,4.03,19.32,26.03,49.38,Georgia Tech Yellow Jackets
Steele Venters,350.0,623.1,35.05,124.07657478751291,89.0258239753517,124.08,87.22,47.66,90.24,12.07,30.82,16.68,22.56,16.68,38.29,13.5,13.5,3.97,15.73,25.9,54.97,Gonzaga Bulldogs
Ismaila Diagne,137.0,245.9,31.34,112.65255032856993,81.3088745661874,112.65,85.53,42.56,83.45,9.18,23.78,18.36,30.46,15.02,47.98,11.27,14.6,7.93,17.11,25.03,63.0,Gonzaga Bulldogs
Mario Saint-Supery,713.4,1262.5,30.97,121.99036918138042,91.02422035776475,121.99,91.16,46.13,91.31,9.75,28.14,19.98,28.3,18.47,37.57,17.44,12.6,5.39,13.71,24.89,56.04,Gonzaga Bulldogs
Jalen Warley,642.6,1125.2,30.26,118.99334160929918,88.73526001443918,118.99,91.55,44.78,90.82,9.03,27.63,20.4,28.44,17.15,41.17,15.8,12.91,5.78,12.82,25.28,58.32,Gonzaga Bulldogs
Davis Fogle,413.3,720.8,30.19,122.51597806726504,92.32147163181645,122.52,93.6,45.26,89.55,10.2,28.5,21.79,31.71,17.88,39.4,22.07,13.27,6.01,13.27,23.19,57.28,Gonzaga Bulldogs
Braden Huff,406.3,744.2,29.08,120.6050285485325,91.52977759751234,120.61,90.42,48.75,92.29,9.75,28.18,13.36,20.17,16.03,39.13,11.89,10.95,5.21,14.16,22.84,55.16,Gonzaga Bulldogs
Emmanuel Innocenti,750.4,1280.6,28.88,120.38574025768716,91.50528508602733,120.39,93.75,46.56,91.61,9.09,29.17,18.18,24.98,16.44,40.47,18.89,13.28,4.82,12.96,22.29,56.91,Gonzaga Bulldogs
Graham Ike,867.3,1488.2,28.08,121.67505089422414,93.59903381642512,121.68,93.88,46.64,92.0,9.35,29.34,19.05,25.78,17.43,38.23,19.31,11.71,4.91,13.19,21.94,55.66,Gonzaga Bulldogs
Tyon Grant-Foster,655.6,1170.8,27.59,120.8926526820627,93.30209190889325,120.89,95.49,44.85,90.3,8.99,27.48,22.21,32.06,18.75,38.54,16.76,12.62,7.09,13.22,24.37,57.29,Gonzaga Bulldogs
Adam Miller,586.0,1025.2,26.03,119.41612264358541,93.3852140077821,119.42,93.89,47.24,93.01,8.22,27.38,16.72,23.57,16.63,38.83,17.02,11.64,4.89,12.42,22.4,55.46,Gonzaga Bulldogs
Braeden Smith,514.8,897.8,23.81,117.67010944103899,93.85561526954402,117.67,94.83,45.9,90.35,8.96,29.22,16.91,23.85,15.11,40.19,16.68,12.65,4.93,13.44,21.72,55.3,Gonzaga Bulldogs
P.J. Edwards,92.9,162.2,8.41,100.78247261345852,92.37313886356729,100.78,95.15,32.55,77.0,8.76,33.8,26.92,31.3,13.15,41.94,12.52,11.89,5.63,21.28,34.43,55.09,Grambling Tigers
Mekhi Fitts,202.8,355.3,2.17,101.99022593668106,99.81825807353559,101.99,101.14,36.55,82.44,9.92,29.75,18.98,28.61,17.0,32.3,14.17,11.9,4.53,20.96,25.21,49.3,Grambling Tigers
Chancellor Perkins,58.8,98.2,1.94,93.68635437881873,91.74311926605505,93.69,91.65,30.55,78.41,9.16,38.7,23.42,32.59,17.31,40.73,12.22,13.24,6.11,23.42,35.64,58.04,Grambling Tigers
Roderick Coffee III,898.8,1544.8,1.06,99.66434288665117,98.60434923726062,99.66,98.05,33.69,79.46,9.94,31.31,22.33,30.47,15.17,33.24,14.33,11.1,3.55,21.24,26.27,48.41,Grambling Tigers
Jimel Lane,488.0,867.0,-0.19,100.70773871678848,100.90007452846415,100.71,102.1,34.23,77.74,8.82,27.61,23.44,32.95,16.13,32.6,11.72,11.37,4.06,22.74,27.27,48.73,Grambling Tigers
Randarius Jones,230.8,381.9,-0.58,105.76039889778244,106.3426742439088,105.76,106.81,35.95,78.47,10.76,28.61,23.09,30.97,16.01,34.64,10.23,9.71,2.1,22.83,25.46,50.65,Grambling Tigers
Rickey Ballard,619.4,1069.9,-0.66,97.01770736253495,97.682158006984,97.02,97.11,32.81,79.22,9.97,32.99,21.44,29.82,15.47,34.2,14.63,11.46,3.45,22.09,27.12,49.67,Grambling Tigers
Antonio Munoz,549.9,957.5,-1.52,96.67736799519744,98.20052756666405,96.68,98.14,33.3,78.09,8.14,25.37,21.92,32.05,15.76,33.62,13.26,11.17,3.45,22.45,27.04,49.38,Grambling Tigers
Devyn Franklin,529.2,910.4,-2.43,94.62318322938704,97.05220398528847,94.62,97.15,30.99,78.69,8.02,30.88,24.62,33.3,16.27,34.07,14.51,11.54,4.51,21.76,27.04,50.34,Grambling Tigers
Derrius Ward,824.5,1416.4,-3.56,96.70763750506993,100.27028459377816,96.71,100.09,32.66,78.72,9.31,30.75,22.08,30.54,15.45,33.15,12.77,10.3,3.88,22.22,27.79,48.6,Grambling Tigers
Jamil Muttilib,730.5,1274.8,-4.99,97.96141743056506,102.9536197091639,97.96,102.26,33.23,79.2,10.16,31.19,21.34,29.47,15.01,32.13,14.23,11.41,4.07,21.81,25.96,47.14,Grambling Tigers
Richard Amaefule,88.3,153.3,-10.08,85.91572388916217,95.99481109129235,85.92,97.07,28.86,70.83,7.21,24.92,20.99,26.89,9.84,36.73,9.18,11.81,4.59,26.23,31.48,46.57,Grambling Tigers
Saliou Seye,100.7,175.3,-10.66,77.4230008476971,88.08290155440415,77.42,86.47,27.69,82.51,8.48,33.91,13.56,23.74,14.69,36.73,7.35,10.74,3.39,20.91,32.21,51.42,Grambling Tigers
5107895,28.3,52.6,20.22,121.74766813942072,101.52284263959392,121.75,108.0,37.31,72.66,5.89,17.67,41.24,45.16,15.71,31.42,17.67,9.82,1.96,21.6,13.75,47.13,Grand Canyon Lopes
Dennis Evans,189.2,346.9,17.98,109.47429231658002,91.49104509818025,109.47,91.85,35.82,79.72,12.71,32.06,25.13,32.35,12.71,42.46,15.89,7.8,10.4,17.62,25.42,55.17,Grand Canyon Lopes
Wilhelm Breidenbach,331.8,581.6,15.85,109.32888489670216,93.47732181425485,109.33,92.56,35.76,81.44,9.75,33.36,28.06,34.39,15.91,35.25,7.53,10.78,3.94,18.14,29.09,51.16,Grand Canyon Lopes
Nana Owusu-Anane,999.6,1770.7,13.26,110.67571173752442,97.41973941922848,110.68,96.41,37.75,82.25,10.79,31.85,24.38,32.64,14.89,37.64,12.92,9.83,5.45,17.14,26.46,52.53,Grand Canyon Lopes
Makaih Williams,835.0,1471.7,12.53,109.60764672925755,97.08176827506502,109.61,96.98,37.15,82.58,11.0,34.09,24.31,32.53,15.14,37.35,12.16,9.98,5.03,17.11,27.57,52.49,Grand Canyon Lopes
Jaden Henley,965.0,1702.6,11.65,110.50368102631387,98.85088069568305,110.5,97.44,38.08,81.76,10.09,30.91,24.26,31.78,14.35,36.97,12.6,9.97,5.07,17.49,25.77,51.32,Grand Canyon Lopes
Caleb Shaw,403.4,737.0,9.73,104.61161746701129,94.88038439413934,104.61,95.36,37.14,84.34,10.75,32.51,19.59,26.66,14.69,38.91,9.11,9.52,4.9,17.68,27.62,53.6,Grand Canyon Lopes
Dusty Stromer,690.4,1231.9,8.34,106.75039246467819,98.41231365895042,106.75,99.33,35.64,80.57,10.68,32.87,24.79,33.52,14.76,38.0,9.54,9.46,5.63,18.27,28.14,52.76,Grand Canyon Lopes
Brian Moore Jr.,752.5,1329.9,8.23,111.3038288666331,103.07520321352104,111.3,101.46,38.34,81.69,10.29,29.84,24.32,32.9,14.25,37.0,12.61,8.58,5.82,16.93,26.48,51.25,Grand Canyon Lopes
Efe Demirel,695.5,1202.3,5.57,106.42240033309045,100.85360028245655,106.42,101.09,38.06,82.86,10.16,31.31,20.15,28.73,14.41,37.47,13.07,9.74,5.08,17.9,23.82,51.88,Grand Canyon Lopes
Kaleb Smith,144.6,253.0,-4.49,102.68704425132353,107.17778212399764,102.69,109.48,32.36,73.92,10.79,33.16,27.17,35.56,9.99,37.16,3.2,7.99,4.0,19.18,30.77,47.15,Grand Canyon Lopes
Evan Boisdur,49.5,86.7,-10.65,90.38238702201623,101.03329506314583,90.38,101.97,28.97,71.84,10.43,34.76,22.02,32.44,10.43,32.44,6.95,9.27,10.43,23.17,34.76,42.87,Grand Canyon Lopes
Josh Hines,41.7,78.5,20.96,114.2494446207553,93.29073482428115,114.25,92.67,40.62,74.9,10.16,27.93,22.85,36.81,8.89,36.81,1.27,15.23,7.62,16.5,33.01,45.7,Green Bay Phoenix
Ramel Bethea,323.6,525.8,8.26,122.10342992598326,113.84773566387811,122.1,117.85,41.22,79.14,10.26,26.7,29.41,36.57,12.77,38.12,18.38,8.13,8.13,16.25,26.51,50.89,Green Bay Phoenix
Maruan Cicic,221.5,357.4,4.97,114.68629512793551,109.71524288107204,114.69,110.2,39.26,79.92,11.22,32.81,24.96,32.25,10.94,38.98,6.73,5.33,2.52,15.7,28.88,49.92,Green Bay Phoenix
Preston Ruedinger,1044.4,1689.1,3.23,115.60318233479461,112.37589231385701,115.6,111.77,39.26,80.06,11.28,30.52,25.8,32.53,10.86,36.19,15.35,6.97,3.84,15.35,25.33,47.05,Green Bay Phoenix
C.J. O'Hara,955.8,1560.1,3.15,113.94187684035334,110.78838840123883,113.94,110.49,37.96,78.22,10.11,28.55,27.91,35.33,10.5,37.13,14.15,6.85,4.03,15.49,25.22,47.63,Green Bay Phoenix
Vukasin Todorovic,138.9,229.7,1.25,110.77191452245965,109.51760104302477,110.77,109.9,39.25,81.12,9.16,26.17,23.11,29.66,11.34,36.63,13.96,7.85,3.05,16.14,27.04,47.97,Green Bay Phoenix
Caden Wilkins,640.2,1020.6,0.66,113.09654049060364,112.44107702559293,113.1,110.76,40.16,80.91,12.25,31.7,20.52,27.91,10.5,36.37,15.46,7.1,3.21,16.34,22.85,46.87,Green Bay Phoenix
Justin Allen,745.2,1198.7,-0.7,115.2754590984975,115.97223669675054,115.28,116.11,39.57,81.14,9.77,28.38,26.38,33.39,11.77,34.97,16.61,6.93,3.67,14.77,24.62,46.74,Green Bay Phoenix
Marcus Hall,953.6,1533.0,-0.75,114.07202666449882,114.82408361548653,114.07,114.14,38.5,79.34,11.25,30.44,25.82,33.49,10.47,36.22,16.19,6.5,3.97,15.22,25.3,46.69,Green Bay Phoenix
Keegan Van Kauwenberg,148.0,232.4,-3.78,111.50575826068238,115.28121303365954,111.51,115.38,39.61,82.23,16.36,37.46,15.93,21.1,9.04,35.3,22.82,6.46,6.46,16.79,24.97,44.34,Green Bay Phoenix
LeBron Thomas,339.6,549.8,-5.65,111.98291471284647,117.63133270953081,111.98,122.57,36.58,73.54,10.59,25.26,28.23,37.33,10.77,36.21,15.04,7.24,4.64,19.5,28.41,46.98,Green Bay Phoenix
Mac Wrecke,224.2,372.6,-14.6,102.89303133560499,117.48854756130423,102.89,116.52,33.14,75.63,9.62,30.2,26.99,35.54,10.42,32.07,4.81,7.22,2.14,17.91,28.33,42.49,Green Bay Phoenix
Rob Stroud,46.1,73.8,-27.74,98.11827956989247,125.85499316005473,98.12,123.66,34.95,81.99,5.38,26.88,22.85,32.26,10.75,30.91,4.03,2.69,1.34,13.44,38.98,41.66,Green Bay Phoenix
Dontrell Hewlett,44.6,76.4,-30.98,92.31783712495879,123.29656067488644,92.32,125.29,31.65,76.49,10.55,32.97,18.46,35.61,10.55,36.93,0.0,6.59,7.91,17.14,43.52,47.48,Green Bay Phoenix
Elijah Kennedy,251.7,424.5,12.8,106.03159406414552,93.22820037105751,106.03,96.22,37.82,86.64,9.81,31.59,20.58,30.64,17.95,40.93,13.4,10.77,4.79,16.75,29.68,58.88,Hampton Pirates
Quintin Cooper,205.7,327.3,8.16,106.92065442814346,98.76168046797844,106.92,99.85,40.56,88.49,9.52,27.96,16.28,24.89,15.98,41.17,7.68,8.6,6.14,15.67,29.19,57.15,Hampton Pirates
Aidan Haskins,288.5,490.1,6.95,106.9191996334199,99.96933455995094,106.92,99.59,38.49,90.42,11.2,35.64,18.74,28.31,17.72,36.86,13.64,10.79,5.5,13.85,26.88,54.58,Hampton Pirates
Peter Oduro,115.5,181.4,4.8,100.82161258877593,96.01745771958538,100.82,98.04,37.32,96.92,10.03,35.65,16.15,21.72,21.17,42.33,8.91,7.8,6.13,13.93,12.81,63.5,Hampton Pirates
Michael Eley,411.9,700.1,2.34,113.66088770592044,111.31988513489559,113.66,112.94,38.7,88.34,10.07,32.66,26.19,34.24,19.14,32.23,10.93,9.64,6.33,14.53,30.65,51.37,Hampton Pirates
Etienne Strothers,570.2,963.8,1.57,108.53967177185797,106.96786837897776,108.54,108.23,36.32,85.37,10.96,32.77,24.94,34.75,19.52,31.41,12.52,11.79,5.01,17.64,27.87,50.93,Hampton Pirates
Josh Ogundele,449.6,716.1,1.32,106.64433277498604,105.32932876999371,106.64,105.25,37.41,85.29,9.91,29.73,21.92,31.27,18.15,34.06,13.4,9.21,4.47,18.01,26.52,52.21,Hampton Pirates
Daniel Johnson,732.1,1208.2,-0.65,103.71262958884758,104.35857805255023,103.71,105.21,36.15,88.59,8.56,30.75,22.85,30.5,19.61,34.49,10.8,10.3,5.15,16.54,29.58,54.1,Hampton Pirates
Jalyke Gaines-Wyatt,691.4,1140.9,-4.1,103.51558216549334,107.62056962718098,103.52,107.81,34.65,83.95,9.47,30.97,24.74,33.6,17.11,34.04,12.19,9.56,5.44,17.19,29.56,51.15,Hampton Pirates
Xzavier Long,977.8,1619.1,-4.36,102.90384496316018,107.26222564497496,102.9,107.8,34.55,85.01,8.85,30.96,24.95,34.43,18.39,33.81,12.51,10.15,4.64,17.03,30.28,52.2,Hampton Pirates
Christian Watson,394.4,656.0,-6.07,103.3042157235093,109.37739024017132,103.3,108.62,34.49,86.14,9.27,34.64,25.07,34.94,20.66,34.79,8.96,9.72,3.49,17.93,31.14,55.45,Hampton Pirates
Kody Williams,430.7,737.6,-8.03,99.22732818218788,107.26150925486473,99.23,107.23,35.38,86.76,8.68,32.26,19.79,28.74,16.94,34.97,10.57,9.62,4.07,16.54,32.13,51.91,Hampton Pirates
Eunique Rink,330.1,536.2,-16.28,98.33154180492593,114.61531305237696,98.33,115.16,34.77,88.42,8.79,31.22,20.0,26.73,20.94,31.78,10.84,9.91,7.1,19.82,32.9,52.72,Hampton Pirates
Xavier Nesbitt,131.0,203.1,15.2,100.3671970624235,85.16959643476109,100.37,84.21,39.66,90.09,9.79,35.74,11.26,14.69,13.71,41.13,13.71,11.75,5.39,16.65,20.07,54.84,Harvard Crimson
Austin Hunt,312.2,511.6,8.99,107.6580501500629,98.67285016527701,107.66,96.81,40.47,88.68,10.84,32.14,15.88,19.75,14.91,38.15,10.26,9.88,4.84,16.85,21.88,53.06,Harvard Crimson
Frankie Mannino,230.8,356.1,8.74,109.28652321630805,100.55010096789918,109.29,102.21,37.37,81.82,9.63,27.75,24.92,31.71,15.01,37.94,13.87,11.04,6.51,18.12,25.48,52.95,Harvard Crimson
Chandler Pigge,966.9,1546.6,7.71,109.515405663585,101.80597472603733,109.52,102.13,40.22,85.81,11.79,34.0,17.29,21.83,13.15,36.98,13.15,11.14,5.18,16.97,20.47,50.13,Harvard Crimson
Thomas Batties III,954.4,1526.4,5.97,110.19319799113352,104.22405876951333,110.19,103.98,40.11,85.0,12.43,34.94,17.54,21.66,11.91,36.12,14.4,10.73,5.43,16.62,20.09,48.03,Harvard Crimson
Tey Barbour,968.9,1552.9,5.83,110.7489754428991,104.91992868271842,110.75,105.39,40.4,85.06,12.46,34.79,17.49,22.07,12.52,36.4,14.13,10.84,5.49,16.97,21.1,48.92,Harvard Crimson
Robert Hinton,966.1,1556.8,5.28,106.57662003537547,101.29424406203391,106.58,101.56,38.91,85.48,11.58,34.47,17.17,21.23,12.41,36.92,12.8,11.51,4.95,16.85,19.55,49.33,Harvard Crimson
Kenan Parrish,106.1,174.0,4.0,102.0259437399796,98.03088256126931,102.03,100.86,35.56,79.29,12.83,32.07,18.07,22.74,13.99,40.81,7.58,10.49,7.0,23.9,21.57,54.8,Harvard Crimson
Ben Eisendrath,807.1,1282.2,0.84,107.93613385965948,107.09929723346174,107.94,108.64,39.51,84.76,12.1,35.04,16.81,20.5,12.41,34.49,13.98,11.55,6.05,17.91,20.66,46.9,Harvard Crimson
Ryan Sullivan,140.6,226.0,-4.53,95.52371431744974,100.05509641873277,95.52,100.86,33.32,79.53,10.22,28.88,18.66,25.32,15.11,43.1,8.89,9.33,6.22,23.55,23.1,58.21,Harvard Crimson
Luca Ace-Nasteski,93.3,147.6,-10.95,95.2548950432175,106.20622251180976,95.25,115.01,35.28,82.55,8.47,32.46,16.23,21.87,14.11,33.16,11.29,17.64,3.53,21.17,26.81,47.27,Harvard Crimson
Dutch Dowdell,46.6,71.1,-17.17,97.59547383309759,114.76557032890133,97.6,115.98,36.78,91.94,12.73,43.85,11.32,16.97,18.39,32.53,21.22,7.07,9.9,18.39,21.22,50.92,Harvard Crimson
Aaron Hunkin-Claytor,444.0,768.4,21.78,113.15454218795935,91.37154521595437,113.15,92.12,38.94,80.62,10.71,32.4,24.56,32.27,15.55,39.72,7.45,9.15,6.01,19.6,23.91,55.27,Hawai'i Rainbow Warriors
Isaac Johnson,638.4,1155.0,17.74,112.70967879446683,94.97427779976255,112.71,92.08,39.47,81.16,11.34,33.51,22.42,29.24,14.41,38.11,13.56,8.61,5.03,19.35,22.42,52.52,Hawai'i Rainbow Warriors
Harry Rouhliadeff,725.2,1291.1,14.5,113.08706000735339,98.58363527155063,113.09,98.46,38.01,82.28,11.53,34.6,25.54,32.74,15.56,37.39,14.09,9.29,6.04,17.73,23.3,52.95,Hawai'i Rainbow Warriors
Dre Bullock,850.7,1551.2,12.78,111.59117756525399,98.81061299176578,111.59,99.62,38.32,81.23,10.16,32.3,24.79,32.56,14.89,38.25,11.97,9.0,5.83,18.19,23.76,53.14,Hawai'i Rainbow Warriors
Hunter Erickson,943.8,1689.8,12.07,109.49519408229858,97.42213789116353,109.5,97.03,37.74,80.38,10.39,32.07,23.62,31.36,14.0,37.86,12.7,8.98,5.67,18.72,23.62,51.86,Hawai'i Rainbow Warriors
Isaiah Kerr,550.3,975.4,9.77,107.18522721411254,97.41682376318337,107.19,98.62,35.69,81.6,9.59,34.15,26.2,35.69,15.47,38.79,13.72,9.08,5.47,16.92,24.35,54.26,Hawai'i Rainbow Warriors
Gytis Nemeiksa,692.9,1250.7,6.6,105.63025379482735,99.03070427560507,105.63,100.71,36.12,80.07,9.11,31.69,24.27,33.3,13.87,38.22,11.29,8.63,5.64,17.98,24.59,52.09,Hawai'i Rainbow Warriors
Isaac Finlinson,652.0,1171.5,3.41,104.63542547792251,101.22329427980704,104.64,99.39,36.03,81.04,10.83,33.24,21.74,29.77,14.13,35.7,14.72,8.21,4.91,18.95,24.36,49.83,Hawai'i Rainbow Warriors
Yacine Toumi,248.3,433.2,-2.35,97.95243995987491,100.3049813622501,97.95,104.8,33.28,78.6,7.55,28.32,23.84,36.11,16.52,38.94,7.79,8.73,5.19,20.77,27.38,55.46,Hawai'i Rainbow Warriors
AJ Economou,58.9,107.1,-3.24,101.99350950394066,105.23843081982618,101.99,103.85,32.45,76.96,9.27,35.23,27.82,42.65,21.33,38.94,8.34,7.42,1.85,24.11,26.89,60.27,Hawai'i Rainbow Warriors
Jalen Myers,38.5,66.1,-5.52,99.31245225362872,104.82965181579931,99.31,106.95,32.09,76.39,9.17,33.61,25.97,33.61,12.22,30.56,0.0,7.64,1.53,19.86,36.67,42.78,Hawai'i Rainbow Warriors
Youssouf Singare,229.9,389.4,37.67,128.24466718067333,90.57668869074347,128.24,90.72,44.98,91.49,16.45,41.89,21.85,29.81,18.76,33.15,13.88,17.22,2.31,13.11,29.3,51.91,High Point Panthers
Caden Miller,126.7,223.8,32.72,122.9940522949164,90.27237354085604,122.99,91.12,47.58,87.98,8.98,29.18,18.85,30.97,19.3,38.16,22.44,13.92,7.18,16.61,25.59,57.46,High Point Panthers
Terry Anderson,948.5,1704.3,25.78,125.41109405832054,99.63490754916971,125.41,98.93,41.92,84.43,13.21,36.42,28.36,37.71,15.26,34.14,15.38,14.32,4.91,12.92,25.26,49.4,High Point Panthers
Scotty Washington,642.0,1143.3,25.1,123.89610389610391,98.79161420019,123.9,96.8,41.82,85.19,13.85,35.84,26.41,34.63,13.94,34.11,15.58,13.85,5.11,12.29,24.33,48.05,High Point Panthers
Babacar Diallo,74.0,133.5,24.19,112.06574523720583,87.87082238077356,112.07,87.41,40.34,82.18,6.72,32.13,24.65,34.37,17.18,37.36,10.46,18.68,5.23,18.68,26.9,54.54,High Point Panthers
Conrad Martinez,739.2,1333.8,23.38,121.89344662931912,98.5162761146616,121.89,99.11,40.98,84.45,12.26,35.57,27.67,36.55,14.89,34.67,13.91,15.19,5.56,13.08,25.64,49.56,High Point Panthers
Owen Aquino,934.0,1688.8,23.26,122.69140982831476,99.43341935866631,122.69,99.05,41.19,85.64,13.12,36.64,27.19,35.34,14.83,34.75,15.25,13.71,5.91,12.41,24.88,49.58,High Point Panthers
Braden Hausen,694.0,1221.4,22.62,120.92418889836358,98.30382567785068,120.92,96.72,40.85,88.11,12.83,38.82,26.39,34.6,16.97,36.06,16.57,13.24,4.95,12.43,23.71,53.03,High Point Panthers
Chase Johnston,422.6,769.0,21.27,123.20730117340287,101.93891446728487,123.21,102.48,44.2,92.83,16.04,41.85,18.77,26.08,17.6,31.94,12.52,14.47,4.04,12.39,29.2,49.54,High Point Panthers
Vincent Brady II,375.1,663.8,20.73,118.54756607971042,97.81790820165538,118.55,98.04,41.48,86.72,11.76,36.95,23.83,33.03,16.44,33.78,18.85,16.14,5.88,14.03,28.2,50.22,High Point Panthers
Rob Martin,925.0,1646.6,20.72,121.55876996252088,100.83776208781951,121.56,99.1,41.3,86.22,12.76,36.97,26.19,35.1,15.71,33.78,14.09,12.52,5.42,12.82,25.65,49.49,High Point Panthers
Cam'Ron Fletcher,553.2,1010.5,18.75,124.6084232509572,105.85657664754685,124.61,106.91,42.76,86.22,13.62,37.29,25.46,33.61,16.11,32.02,10.74,12.93,5.67,13.92,26.06,48.13,High Point Panthers
Josh Ibukunoluwa,63.0,113.4,-6.32,119.40298507462686,125.71934484285082,119.4,124.67,40.39,92.19,10.54,41.26,28.09,38.63,22.83,29.85,7.02,13.17,2.63,12.29,28.09,52.68,High Point Panthers
Jaeden Roberts,176.2,284.5,17.54,123.21270962047662,105.67754352200159,123.21,106.62,44.48,94.62,18.36,46.25,15.89,24.71,20.12,39.89,12.36,7.77,3.88,13.77,26.83,60.01,Hofstra Pride
Joshua Aaron Reaves,222.2,376.0,17.12,109.96379240981626,92.84536762281569,109.96,94.41,39.69,93.87,14.75,43.45,15.82,23.07,23.33,43.72,11.8,8.31,3.75,18.51,24.67,67.05,Hofstra Pride
Joshua DeCady,780.0,1261.5,13.72,115.99848939595714,102.2803620124096,116.0,102.88,39.04,89.05,14.39,38.32,23.53,30.93,19.32,39.59,11.53,7.55,5.8,15.58,25.68,58.91,Hofstra Pride
Silas Sunday,689.5,1124.1,13.22,115.73898494143893,102.51635073716882,115.74,103.16,39.98,89.33,14.1,40.42,21.68,28.11,18.11,41.49,12.67,7.14,5.53,15.44,22.76,59.6,Hofstra Pride
A.J. Wills,161.0,269.2,13.16,109.9871252528968,96.82867329705385,109.99,94.91,36.05,90.12,13.98,40.83,23.91,31.64,19.5,42.3,8.83,6.25,6.25,14.35,29.43,61.8,Hofstra Pride
Preston Edmead,1182.5,1934.7,12.67,114.38269858821715,101.71164385340641,114.38,100.7,39.19,89.34,14.66,38.88,21.34,28.08,18.98,39.6,11.01,7.41,5.61,16.3,25.77,58.58,Hofstra Pride
Victory Onuetu,626.0,1025.4,12.59,112.65828926301491,100.06370363110697,112.66,99.07,39.69,90.15,15.14,37.94,18.15,25.04,18.73,39.59,9.32,7.37,5.63,16.69,29.21,58.32,Hofstra Pride
German Plotnikov,1060.3,1733.1,12.34,114.74796326683365,102.40693892302133,114.75,101.97,39.38,88.15,14.74,37.71,21.25,27.98,17.73,40.19,10.77,6.91,5.82,16.29,25.51,57.92,Hofstra Pride
Cruz Davis,1325.6,2173.5,10.81,113.53411073363328,102.72725176937088,113.53,102.29,39.48,89.48,14.32,38.56,20.25,27.18,18.36,39.53,11.16,7.3,5.6,15.98,26.03,57.89,Hofstra Pride
Biggie Patterson,634.2,1069.6,10.76,112.31365183707007,101.55450060504513,112.31,102.45,40.0,90.81,14.09,39.07,18.22,24.89,18.41,39.54,10.89,7.98,5.16,15.78,26.76,57.95,Hofstra Pride
Alex Tsynkevich,49.4,82.6,-13.11,93.41317365269461,106.51974288337924,93.41,104.19,33.53,97.01,13.17,33.53,13.17,23.95,26.35,33.53,10.78,9.58,3.59,17.96,23.95,59.88,Hofstra Pride
Jaden Kirkwood,86.4,142.2,-2.91,91.70696758015404,94.61325966850828,91.71,98.16,32.96,85.98,7.88,36.54,17.91,26.51,12.18,37.97,2.15,9.31,4.3,13.61,27.23,50.15,Holy Cross Crusaders
Aidan Richard,806.8,1326.7,-4.25,104.07154447002,108.32376686677834,104.07,108.6,36.75,84.22,10.64,33.96,19.92,27.02,11.55,35.85,10.49,9.51,2.64,14.49,23.92,47.4,Holy Cross Crusaders
Gabe Warren,1043.6,1726.0,-5.91,104.37398750289285,110.28601264721239,104.37,109.99,37.09,84.12,9.78,31.13,20.42,26.85,11.28,35.52,10.65,9.2,2.6,14.41,22.22,46.8,Holy Cross Crusaders
DeAndre Williams,830.2,1384.7,-7.85,104.97397339502604,112.82643197229835,104.97,113.07,37.96,84.01,9.76,29.28,19.3,25.45,11.35,34.7,11.13,9.25,2.82,15.25,24.58,46.05,Holy Cross Crusaders
Tyler Boston,1021.2,1675.0,-8.07,103.48252805740464,111.55354540127121,103.48,110.07,36.41,84.03,10.38,31.9,20.28,26.63,11.56,35.82,10.73,8.42,2.61,14.88,23.66,47.38,Holy Cross Crusaders
Chuck Hare,178.1,278.2,-8.17,106.48023662274804,114.6462370437134,106.48,114.01,40.15,92.5,10.04,30.12,16.13,22.59,13.62,31.91,8.6,8.96,2.87,10.4,19.72,45.53,Holy Cross Crusaders
Declan Ryan,350.9,568.9,-8.43,101.51121293563025,109.94213571804315,101.51,110.5,37.71,84.95,9.16,26.79,16.92,21.68,12.16,37.89,13.75,7.75,1.59,16.92,23.62,50.05,Holy Cross Crusaders
John St. Germain III,469.8,770.8,-9.72,101.65085142337192,111.36650587587813,101.65,111.79,35.49,81.24,8.19,27.56,22.49,29.64,11.18,35.1,11.83,8.32,2.73,15.86,25.48,46.28,Holy Cross Crusaders
Joe Nugent,616.9,1013.8,-10.85,104.84838101764605,115.70289008722447,104.85,113.95,37.59,83.6,12.04,34.17,17.62,23.59,10.77,34.17,8.71,8.32,2.35,15.96,23.98,44.94,Holy Cross Crusaders
Aiden Disu,794.3,1311.5,-11.58,100.99236641221374,112.56878463032427,100.99,112.82,34.89,81.76,10.0,30.99,21.22,27.48,10.69,36.34,11.37,8.7,3.36,15.88,24.89,47.03,Holy Cross Crusaders
Jude Haigh,71.8,121.0,-16.07,90.06085192697769,106.12760581174985,90.06,102.23,34.08,89.25,8.11,39.76,13.79,24.34,13.79,30.83,4.87,9.74,2.43,12.98,27.59,44.62,Holy Cross Crusaders
Will Aljancic,193.0,334.2,-30.52,89.30598652841898,119.8224852071006,89.31,122.61,31.48,80.53,8.17,29.97,18.16,26.34,16.95,32.39,4.84,6.96,2.12,23.92,23.31,49.34,Holy Cross Crusaders
Mambourou Mara,559.6,919.2,-3.3,99.76088528054274,103.05820978946527,99.76,107.66,35.48,81.41,8.9,29.92,19.91,30.47,16.02,36.92,15.57,11.79,8.67,20.13,26.91,52.94,Houston Christian Huskies
Obadiah Curtis,36.4,70.6,-4.07,76.55502392344498,80.62862999658353,76.56,86.86,27.97,80.97,4.42,25.03,16.19,33.86,17.67,45.64,0.0,16.19,14.72,20.61,23.56,63.31,Houston Christian Huskies
Kylin Green,921.4,1490.1,-8.0,101.15095913261052,109.15166140709114,101.15,107.89,36.36,83.14,8.47,29.42,19.95,30.03,16.08,31.89,13.41,10.74,5.87,18.68,21.95,47.97,Houston Christian Huskies
Caleb Gaston,98.1,160.7,-8.37,90.24979854955681,98.61695730607335,90.25,105.72,32.88,76.71,4.51,28.36,19.98,35.46,12.25,37.39,7.09,12.25,5.16,18.69,24.5,49.64,Houston Christian Huskies
Trent Johnson,910.4,1466.4,-8.59,101.92482700595822,110.51295073641442,101.92,112.09,36.06,82.42,9.27,31.39,20.54,28.92,15.59,33.86,12.98,10.3,6.25,19.44,22.25,49.45,Houston Christian Huskies
Ryan Bartley,868.2,1415.6,-8.86,100.26497085320614,109.12172899671575,100.26,109.17,36.11,82.25,9.82,32.15,18.23,27.56,14.91,33.35,13.28,9.96,5.79,19.57,22.75,48.26,Houston Christian Huskies
D'Aundre Samuels,653.4,1077.6,-9.12,100.45091918140825,109.57501280081925,100.45,108.87,35.61,82.97,8.88,28.86,20.35,27.29,15.35,32.1,16.19,11.01,6.2,19.42,25.25,47.45,Houston Christian Huskies
Demari Williams,575.4,934.4,-10.29,100.53840534617571,110.83176753910075,100.54,113.31,34.2,80.52,8.55,27.81,23.59,32.36,16.02,32.03,16.45,10.82,5.52,20.13,25.22,48.05,Houston Christian Huskies
Ahjany Lee,76.0,127.2,-11.42,93.65619371622974,105.08016225613288,93.66,108.87,38.42,90.45,7.2,32.02,9.61,18.41,17.61,36.02,6.4,10.41,10.41,18.41,23.21,53.63,Houston Christian Huskies
Nehikhare Igiehon,185.1,313.7,-11.48,98.76146051150072,110.24243860064755,98.76,112.27,35.39,81.07,8.69,31.2,19.3,27.67,13.83,32.49,7.4,12.87,7.72,19.62,29.92,46.32,Houston Christian Huskies
Demarco Bethea,757.7,1193.3,-11.77,101.61354290604714,113.38211792413153,101.61,112.55,36.82,83.83,10.19,30.73,17.78,26.13,16.03,31.64,15.11,10.02,4.34,19.79,20.79,47.67,Houston Christian Huskies
Elijah Brooks,211.7,326.8,-15.05,106.45457326399512,121.49961744452946,106.45,121.44,38.54,86.57,13.46,36.1,15.91,25.7,16.82,30.59,1.22,8.57,3.67,18.05,26.61,47.41,Houston Christian Huskies
Cedric Lath,38.3,67.6,34.37,122.96296296296296,88.59357696567,122.96,88.89,40.0,91.85,16.3,38.52,26.67,29.63,14.81,40.0,8.89,10.37,1.48,8.89,26.67,54.81,Houston Cougars
Joseph Tugler,778.0,1251.9,26.59,120.51718002451466,93.92967378805302,120.52,92.05,44.52,96.4,13.92,38.43,17.56,23.57,20.01,36.06,14.55,12.73,7.04,12.42,27.2,56.07,Houston Cougars
Chris Cenac Jr.,809.2,1318.2,24.99,119.06241174809375,94.07539022945683,119.06,92.7,43.83,95.26,13.78,36.22,17.62,22.97,19.28,37.73,14.53,11.07,6.18,13.1,25.76,57.01,Houston Cougars
Emanuel Sharp,968.1,1571.3,23.92,118.5362097952642,94.613537856694,118.54,92.26,42.05,94.15,14.33,39.47,20.11,26.21,19.67,35.51,14.14,12.07,6.35,13.07,27.15,55.18,Houston Cougars
Kingston Flemings,1030.0,1692.7,21.9,120.09577108946958,98.1926726762404,120.1,97.12,43.42,94.01,13.81,36.84,19.45,24.74,18.63,36.66,14.34,10.81,5.7,12.87,27.26,55.29,Houston Cougars
Milos Uzan,1054.5,1715.0,21.68,115.71494893221912,94.0397545005786,115.71,93.14,41.2,94.36,14.16,39.46,19.15,25.07,19.56,37.78,13.7,11.55,5.98,13.29,26.93,57.34,Houston Cougars
Isiah Harwell,358.4,594.7,19.77,114.08801316400152,94.31670645390963,114.09,95.02,39.66,94.85,14.18,44.39,20.59,26.83,21.6,37.47,10.63,12.15,5.57,14.01,27.17,59.07,Houston Cougars
Chase McCarty,347.4,572.1,19.06,114.3552311435523,95.2925146147422,114.36,94.2,40.49,91.24,15.12,44.32,18.25,25.03,18.25,38.76,13.73,12.17,5.56,15.12,27.63,57.01,Houston Cougars
Mercy Miller,318.3,518.8,14.92,117.06186313806926,102.13993748497234,117.06,102.57,44.43,98.52,11.78,38.25,16.42,21.83,20.48,37.48,13.91,10.82,5.8,11.59,28.59,57.96,Houston Cougars
Kalifa Sakho,376.1,608.5,13.59,113.83189940436797,100.24080649769398,113.83,101.59,40.54,92.98,14.06,40.37,18.7,23.83,19.85,38.05,15.39,10.26,4.3,15.55,27.47,57.9,Houston Cougars
Ramon Walker Jr.,250.2,409.0,11.63,111.83323114653587,100.20113366246115,111.83,100.8,37.03,93.19,11.53,38.99,26.24,31.88,20.6,34.33,9.56,10.55,4.41,12.26,28.2,54.93,Houston Cougars
Bryce Harris,990.8,1718.8,15.88,113.1118881118881,97.23230621787239,113.11,97.55,38.4,83.62,10.43,28.26,25.87,34.97,17.48,35.02,15.91,11.95,5.48,17.25,26.57,52.5,Howard Bison
Cedric Taylor III,686.8,1187.7,14.94,112.02317720907773,97.07918284653049,112.02,96.57,37.7,83.47,10.08,28.13,26.54,35.86,18.98,34.26,22.09,12.34,5.63,18.47,25.44,53.24,Howard Bison
Alex Cotton,746.2,1300.4,14.82,114.33840479483632,99.51512352805358,114.34,99.35,38.42,85.6,11.37,31.74,26.13,35.65,19.06,34.58,14.6,11.91,4.69,16.52,28.82,53.64,Howard Bison
Cam Gillus,997.6,1733.3,14.08,112.38425925925925,98.30172128672294,112.38,98.9,38.08,83.74,10.76,29.8,25.46,34.72,18.52,34.84,16.55,12.09,5.32,18.29,27.37,53.36,Howard Bison
Ose Okojie,761.9,1329.7,13.62,111.18030002830454,97.5609756097561,111.18,98.27,37.14,81.29,9.13,26.72,27.78,38.12,16.76,33.74,16.91,13.44,5.13,17.36,27.17,50.5,Howard Bison
Danas Kazakevicius,445.6,759.8,11.89,108.72637633525062,96.83475511346793,108.73,96.63,37.73,83.09,9.99,27.61,23.27,30.9,17.75,35.23,10.25,11.57,4.73,19.98,27.48,52.98,Howard Bison
Jeremiah Johnson,107.3,195.6,9.54,111.97916666666667,102.43535023851369,111.98,106.25,35.94,84.9,10.94,29.17,29.17,41.67,16.67,28.65,1.04,16.15,3.12,11.98,34.38,45.32,Howard Bison
Travelle Bryson,519.5,912.0,8.13,109.22476786989725,101.096857135042,109.22,101.53,38.68,85.93,9.89,30.33,21.98,30.55,18.9,34.39,16.15,10.99,4.4,18.46,24.72,53.29,Howard Bison
Isaiah Brown,290.2,515.6,7.25,105.11172916466865,97.86232594626398,105.11,95.71,34.91,80.18,9.59,24.17,25.7,35.68,16.5,33.95,11.12,11.7,4.8,19.37,28.39,50.45,Howard Bison
Calvin Robins Jr.,130.0,225.1,5.44,100.29365258640163,94.85302152770188,100.29,98.03,35.24,80.42,7.23,24.85,22.59,29.82,20.78,34.79,18.52,12.65,6.78,26.2,31.17,55.57,Howard Bison
Ed Holland III,172.8,302.0,-13.25,96.28081905557877,109.52615182816857,96.28,111.66,31.76,81.24,8.69,29.42,24.07,31.76,16.72,31.42,7.35,12.37,5.01,20.39,28.42,48.14,Howard Bison
BJ Powell,44.3,82.8,-50.74,86.82170542635659,137.56613756613757,86.82,145.12,26.05,75.66,4.96,13.64,29.77,43.41,17.36,27.29,7.44,8.68,1.24,21.09,35.97,44.65,Howard Bison
Ajay Holubar,24.0,53.2,62.31,121.21212121212122,58.90227576974565,121.21,65.57,47.69,91.41,13.91,45.7,11.92,13.91,19.87,29.81,25.83,23.85,1.99,21.86,27.82,49.68,IU Indianapolis Jaguars
Lav Cvetkovic,31.2,62.4,9.81,100.23866348448686,90.4319741622931,100.24,89.1,41.37,95.47,12.73,36.6,4.77,9.55,14.32,33.41,27.05,17.5,3.18,14.32,27.05,47.73,IU Indianapolis Jaguars
Reece Hagy,298.4,547.5,9.19,115.53082985628187,106.33799649138591,115.53,109.6,46.92,93.83,13.35,37.83,8.34,12.98,15.02,28.37,17.8,14.84,4.08,15.02,28.74,43.39,IU Indianapolis Jaguars
5313213,28.0,52.8,2.26,111.95445920303604,109.69267139479906,111.95,110.06,39.85,89.18,18.98,51.23,13.28,22.77,13.28,22.77,24.67,11.39,1.9,13.28,24.67,36.05,IU Indianapolis Jaguars
Maguire Mitchell,740.5,1391.1,-4.74,112.01200128585207,116.75136083331827,112.01,115.3,42.93,91.8,13.22,38.93,12.93,17.57,15.14,27.36,16.29,11.79,4.36,15.0,28.57,42.5,IU Indianapolis Jaguars
Finley Woodward,883.2,1633.1,-7.0,111.54941590386403,118.54496214685788,111.55,117.34,42.89,91.26,12.73,37.35,13.04,17.24,14.56,27.9,17.48,10.48,3.9,15.11,28.63,42.46,IU Indianapolis Jaguars
Kyler D'Augustino,853.4,1615.2,-7.39,110.04474618114489,117.43882747484784,110.04,116.71,41.97,90.85,12.41,37.9,13.7,19.13,14.69,27.53,15.61,11.36,3.76,14.75,29.44,42.22,IU Indianapolis Jaguars
Aiden Miller,365.2,682.5,-7.76,109.40170940170941,117.15843836902742,109.4,120.55,40.58,91.86,14.86,42.96,13.38,19.32,16.05,28.09,18.58,11.74,3.27,15.01,30.03,44.14,IU Indianapolis Jaguars
Jaxon Edwards,627.2,1196.9,-10.22,107.48111987315893,117.6962650048099,107.48,117.41,41.22,89.96,11.02,35.47,14.02,18.86,14.44,27.62,18.78,11.1,4.26,15.52,29.37,42.06,IU Indianapolis Jaguars
Matt Compas,392.2,789.5,-10.22,104.5546049320584,114.7739590639546,104.55,113.24,41.52,89.2,10.32,35.48,11.2,16.1,14.09,26.04,12.33,13.97,4.91,17.24,27.3,40.13,IU Indianapolis Jaguars
5313212,32.4,60.1,-10.63,105.43657331136738,116.06391925988224,105.44,113.67,39.54,85.67,14.83,41.19,11.53,19.77,11.53,21.42,21.42,9.88,1.65,16.47,24.71,32.95,IU Indianapolis Jaguars
Micah Davis,725.8,1370.9,-11.18,105.4594653892566,116.63483401546158,105.46,117.23,39.42,88.86,12.51,39.64,14.11,19.45,14.99,26.69,14.92,11.85,3.88,16.89,28.08,41.68,IU Indianapolis Jaguars
Kameron Tinsley,451.5,863.0,-12.3,105.08182601205857,117.38571261545655,105.08,115.3,40.08,92.91,13.78,44.56,11.14,14.93,15.73,27.56,12.86,10.45,4.59,15.73,30.09,43.29,IU Indianapolis Jaguars
5313210,30.1,55.6,-12.96,96.94793536804308,109.90990990990991,96.95,109.52,35.91,84.38,12.57,41.29,12.57,21.54,10.77,23.34,17.95,10.77,1.8,16.16,25.13,34.11,IU Indianapolis Jaguars
JP Dragas,228.1,483.3,-15.51,98.80946137305293,114.31487624393979,98.81,117.48,36.92,90.84,14.48,49.09,10.49,15.31,16.36,25.8,3.78,14.06,5.24,18.25,30.42,42.16,IU Indianapolis Jaguars
5239785,30.4,55.6,-33.14,102.24215246636771,135.37906137184117,102.24,134.53,39.46,84.3,14.35,41.26,8.97,17.94,16.14,16.14,23.32,8.97,1.79,23.32,35.87,32.28,IU Indianapolis Jaguars
Gabe Stewart,48.0,89.2,-39.24,93.4836403629365,132.72311212814645,93.48,127.58,32.99,86.88,9.9,46.19,17.6,25.3,16.5,28.59,14.3,6.6,4.4,17.6,24.2,45.09,IU Indianapolis Jaguars
Cheikh Sow,477.6,781.6,6.8,112.31358057278607,105.51469447289203,112.31,112.18,36.56,79.71,10.95,34.71,28.24,38.54,15.18,36.29,7.13,9.37,7.92,17.16,31.15,51.47,Idaho State Bengals
Blake Daberkow,212.9,356.3,4.53,112.80846063454759,108.27753241202451,112.81,105.07,39.54,81.01,12.44,37.05,21.29,31.24,13.0,33.46,9.68,8.02,4.98,17.14,23.78,46.46,Idaho State Bengals
Quin Patterson,179.6,294.0,3.99,113.10608031919507,109.11821139567866,113.11,113.45,38.16,86.74,12.84,38.51,23.94,31.57,18.74,36.08,4.86,6.94,6.25,17.0,19.08,54.82,Idaho State Bengals
Louis Bond,251.3,440.6,3.24,108.34009975640878,105.09943339628929,108.34,109.73,36.19,79.34,9.51,30.62,26.45,36.65,15.08,37.58,12.06,9.51,6.73,18.33,28.3,52.66,Idaho State Bengals
Evan Otten,429.5,715.3,2.21,114.10390831194186,111.88905800777947,114.1,119.6,38.03,82.0,11.14,33.26,26.9,34.85,14.9,33.12,8.39,8.39,8.82,16.34,31.82,48.02,Idaho State Bengals
Jamison Guerra,739.0,1214.0,1.97,113.2715209610917,111.30025940337225,113.27,114.95,38.59,84.56,11.39,34.41,24.7,33.57,17.41,33.65,10.55,7.79,6.2,16.91,26.54,51.06,Idaho State Bengals
Martin Kheil,783.2,1316.4,-1.64,111.72081189359562,113.35878587573842,111.72,113.32,38.43,84.23,12.68,36.53,22.18,29.85,15.42,32.89,11.7,7.22,6.23,17.01,26.73,48.31,Idaho State Bengals
Lachlan Brewer,863.5,1452.1,-1.89,111.63953205818031,113.53234510553997,111.64,115.39,39.16,86.02,12.22,35.96,21.11,29.58,16.94,33.26,10.9,7.5,6.46,16.87,25.2,50.2,Idaho State Bengals
Caleb Van De Griend,523.2,870.0,-3.66,109.335001991012,112.99828702493974,109.34,110.7,38.8,87.15,12.06,36.07,19.68,27.53,18.32,34.02,11.15,7.4,4.89,18.09,21.39,52.34,Idaho State Bengals
Connor Hollenbeck,853.2,1436.9,-4.59,109.8522424685428,114.44473432472388,109.85,114.52,38.01,84.23,11.35,34.88,22.49,30.7,16.5,31.88,10.02,7.94,5.29,17.68,25.34,48.38,Idaho State Bengals
Gus Etchison,363.1,626.1,-7.33,105.80017267090496,113.1339401820546,105.8,109.25,37.99,84.77,11.93,37.05,17.89,24.8,14.28,33.12,8.79,7.69,6.12,17.74,23.86,47.4,Idaho State Bengals
Ewan Steele,71.4,128.4,43.44,134.98836307214896,91.54929577464789,134.99,90.77,45.0,84.56,21.72,43.44,23.27,34.13,17.07,45.77,6.98,10.86,3.1,16.29,25.6,62.84,Idaho Vandals
Aidan Sevilla,105.0,180.0,26.09,119.98261121576583,93.8917044545212,119.98,102.01,44.05,92.74,16.23,44.05,15.65,22.61,16.23,40.57,12.75,11.01,6.96,12.75,34.78,56.8,Idaho Vandals
Miles Klapper,330.6,571.5,18.42,116.90687608763555,98.49004804392588,116.91,102.45,39.98,86.92,15.17,39.27,21.78,30.16,15.71,41.59,11.96,10.35,2.68,14.46,24.63,57.3,Idaho Vandals
Trevon Blassingame,556.1,975.4,13.19,113.06611140031234,99.87629074200308,113.07,102.97,37.27,86.41,15.2,43.0,23.32,31.23,16.35,38.94,10.2,9.06,3.96,15.1,29.98,55.29,Idaho Vandals
Isaiah Brickner,670.7,1165.0,11.09,113.85231949322359,102.76358817620279,113.85,103.6,39.73,86.96,13.7,38.78,20.68,28.36,15.43,38.7,12.76,8.45,3.1,15.0,24.13,54.13,Idaho Vandals
Jackson Rasmussen,1038.1,1793.8,9.9,112.77439535273419,102.87510606039531,112.77,103.28,38.32,85.63,14.19,40.38,21.95,30.61,15.19,38.76,10.5,8.1,3.8,15.03,27.26,53.95,Idaho Vandals
Seth Joba,572.6,991.1,7.52,110.90667484411736,103.39160316748841,110.91,106.1,37.72,88.62,15.03,43.54,20.44,27.39,15.95,38.13,10.94,9.3,3.99,14.31,27.7,54.08,Idaho Vandals
Biko Johnson,957.6,1669.3,6.78,111.17117117117117,104.39043336669604,111.17,104.92,37.96,86.31,14.47,40.96,20.78,28.83,15.02,37.66,11.59,9.37,3.3,15.02,25.29,52.68,Idaho Vandals
Kolton Mitchell,961.9,1679.5,6.57,113.25580703684976,106.68732864465372,113.26,106.47,38.25,85.18,14.39,39.56,22.37,30.57,14.34,36.94,10.65,8.09,3.09,14.63,26.65,51.28,Idaho Vandals
Brody Rowbury,853.1,1458.8,5.62,111.57131317991991,105.95573784499702,111.57,106.55,39.18,86.82,13.54,38.84,19.66,27.02,15.26,37.67,10.38,8.52,2.75,15.6,24.4,52.93,Idaho Vandals
Jack Payne,690.6,1200.3,3.91,110.10479198477275,106.19542447057849,110.1,107.09,37.4,87.35,14.98,44.93,20.33,27.69,16.57,38.07,10.29,7.7,3.18,16.06,25.1,54.64,Idaho Vandals
Zvonimir Ivisic,568.5,954.1,26.61,127.13113028836034,100.52454395991543,127.13,101.35,42.83,88.19,15.05,42.83,26.42,32.84,17.36,43.15,13.37,5.58,8.42,13.58,19.89,60.51,Illinois Fighting Illini
Kylan Boswell,806.4,1341.2,23.58,125.0859361935376,101.50158011855564,125.09,100.86,43.85,95.28,15.24,46.01,22.15,26.83,20.22,39.54,12.19,6.47,6.09,12.19,18.13,59.76,Illinois Fighting Illini
Keaton Wagler,1089.3,1788.7,22.19,126.29523743114149,104.10713285145962,126.3,103.65,43.85,93.55,16.74,47.25,21.87,28.73,20.19,39.83,14.5,5.69,6.47,13.0,19.58,60.02,Illinois Fighting Illini
Ben Humrichous,714.0,1195.5,22.18,124.08040074615916,101.90285428142214,124.08,102.37,41.92,91.64,15.51,45.69,24.73,32.61,19.28,41.58,13.08,5.62,7.13,12.16,19.95,60.86,Illinois Fighting Illini
David Mirkovic,945.8,1545.1,21.61,125.65783101410905,104.04605529879186,125.66,103.57,44.04,95.95,16.6,48.04,20.99,26.73,21.57,39.26,15.3,6.13,6.65,12.91,18.86,60.83,Illinois Fighting Illini
Andrej Stojakovic,761.0,1277.2,20.41,125.03416767542662,104.62697696322752,125.03,104.1,42.17,90.36,14.99,43.19,25.69,32.96,18.82,39.75,12.96,5.47,6.48,12.81,19.52,58.57,Illinois Fighting Illini
Jake Davis,636.2,1038.6,19.6,125.86508297612491,106.26149230620344,125.87,105.17,43.3,93.58,17.72,50.1,21.55,28.83,20.31,39.56,16.28,5.08,6.32,13.03,20.4,59.87,Illinois Fighting Illini
Brandon Lee,45.2,78.3,16.19,108.24417872876022,92.05834683954619,108.24,89.36,37.76,81.81,8.81,27.69,23.91,27.69,13.85,41.54,8.81,6.29,16.36,18.88,20.14,55.39,Illinois Fighting Illini
Tomislav Ivisic,726.6,1171.2,15.64,123.54524834121212,107.90361756550524,123.55,106.42,44.18,96.5,16.96,49.44,18.23,24.34,21.96,39.09,15.94,4.83,5.68,13.91,19.33,61.05,Illinois Fighting Illini
Mihailo Petrovic,82.6,141.7,-0.9,102.23182145428365,103.13202976293476,102.23,107.27,33.84,90.71,11.52,46.8,23.04,31.68,23.76,41.76,3.6,6.48,3.6,18.0,31.68,65.52,Illinois Fighting Illini
Cameron Barnes,77.2,134.9,37.53,125.58053130224782,88.0503144654088,125.58,88.43,47.56,84.71,14.86,37.9,15.6,27.49,13.38,40.87,5.94,9.66,5.2,15.6,25.26,54.25,Illinois State Redbirds
Jack Daugherty,271.2,468.6,19.64,112.28070175438596,92.64394062958733,112.28,89.24,40.64,87.98,14.04,40.22,16.97,26.18,15.08,39.59,10.26,8.17,3.35,14.66,19.06,54.67,Illinois State Redbirds
Ty'Reek Coleman,708.7,1206.0,17.15,110.76132880457294,93.61190066183947,110.76,93.45,38.94,84.58,11.85,34.71,21.04,29.49,14.08,40.26,11.52,9.03,3.98,15.49,26.84,54.34,Illinois State Redbirds
Chase Walker,671.9,1123.1,15.18,114.14857641540308,98.96401308615049,114.15,95.04,39.79,84.56,12.22,35.08,22.34,30.11,14.4,36.83,13.09,8.73,2.44,15.53,25.13,51.23,Illinois State Redbirds
Mason Klabo,477.3,789.3,14.43,116.3019035251639,101.8720897082581,116.3,101.86,41.55,89.32,15.33,39.91,17.86,26.22,15.58,39.78,17.48,7.09,2.66,13.81,22.42,55.36,Illinois State Redbirds
Ty Pence,752.3,1251.4,12.01,111.58248619226767,99.56917185256103,111.58,99.9,40.74,86.29,12.57,35.62,17.53,24.65,13.05,38.18,12.57,9.05,4.08,15.05,25.85,51.23,Illinois State Redbirds
Landon Wolf,732.0,1239.3,11.45,114.92495271820047,103.47896440129449,114.92,102.93,40.16,85.63,13.04,37.42,21.57,30.42,16.02,38.79,14.73,8.21,2.41,15.93,24.87,54.81,Illinois State Redbirds
Landon Moore,423.8,712.9,8.59,113.51923755735969,104.93311036789297,113.52,106.32,41.65,84.01,12.14,32.9,18.07,26.83,12.85,38.55,13.7,8.9,3.11,16.1,25.98,51.4,Illinois State Redbirds
Johnny Kinziger,1059.9,1772.8,8.16,110.65316101990919,102.49256217170353,110.65,100.59,39.18,84.89,12.91,36.21,19.39,27.1,13.92,37.11,13.19,8.72,3.3,16.15,25.37,51.03,Illinois State Redbirds
Boden Skunberg,838.8,1408.0,7.18,112.03429765975163,104.85664964140165,112.03,104.38,39.33,83.69,12.54,34.23,20.83,29.27,14.03,36.92,12.47,8.22,3.33,16.44,26.57,50.95,Illinois State Redbirds
Brandon Lieb,395.3,652.3,2.49,102.84146580442876,100.34874564067951,102.84,104.88,38.72,88.73,11.91,35.59,13.48,22.73,16.62,42.48,11.29,7.52,5.64,17.09,24.46,59.1,Illinois State Redbirds
Harrison Reede,247.2,438.5,15.0,127.3005266436378,112.2976231484671,127.3,110.77,44.85,90.38,17.22,38.05,20.39,27.41,18.57,30.35,7.02,9.74,4.08,15.18,30.35,48.92,Incarnate Word Cardinals
Amani Drummond,69.1,114.9,9.75,113.4301270417423,103.67892976588628,113.43,112.52,39.02,92.56,12.7,37.21,22.69,29.04,19.96,39.93,17.24,5.44,4.54,13.61,29.04,59.89,Incarnate Word Cardinals
Love Bettis,462.2,758.4,6.75,117.979207493274,111.2310661824844,117.98,112.93,40.79,88.48,12.75,33.75,23.65,30.96,17.67,32.42,10.23,9.57,3.72,14.48,27.9,50.09,Incarnate Word Cardinals
Lewis Rowe,375.6,614.2,4.54,114.75674802004201,110.21814006888633,114.76,108.61,43.16,89.06,14.22,35.72,14.22,21.34,15.19,34.27,12.12,7.43,3.88,16.0,21.34,49.46,Incarnate Word Cardinals
Jayden Williams,173.9,297.4,0.6,108.58670230537922,107.98916723087339,108.59,106.58,35.75,87.2,10.69,30.07,26.39,36.08,20.72,33.08,6.68,8.35,6.01,16.37,30.4,53.8,Incarnate Word Cardinals
Harold Woods,883.9,1447.6,-1.07,110.7534696985429,111.8196546137672,110.75,112.28,38.83,86.66,12.53,33.3,20.56,28.66,17.51,33.64,10.52,8.17,3.95,17.24,25.13,51.15,Incarnate Word Cardinals
Tahj Staveskie,1034.6,1712.9,-2.02,110.41681768756797,112.4384688854603,110.42,110.94,38.91,87.39,12.99,35.2,19.6,28.13,17.34,33.35,10.09,7.89,3.71,16.59,26.5,50.69,Incarnate Word Cardinals
Jordan Pyke,675.8,1134.1,-2.33,110.87084725771574,113.19747263504493,110.87,111.13,39.32,87.19,11.97,31.98,20.27,27.7,17.04,33.37,8.56,7.43,3.67,16.69,26.91,50.41,Incarnate Word Cardinals
Mihael Tomic,170.7,279.9,-2.88,111.99286669638877,114.86849168008588,111.99,114.49,37.09,88.81,13.2,36.38,24.61,30.32,20.33,32.46,9.63,9.99,1.07,17.12,27.82,52.79,Incarnate Word Cardinals
Davion Bailey,1011.2,1659.4,-3.77,109.79618671926366,113.57041943275557,109.8,111.71,38.31,87.26,13.03,35.2,20.14,28.45,17.57,32.63,10.64,7.83,3.71,16.8,27.2,50.2,Incarnate Word Cardinals
Marcus Glover,456.4,747.0,-5.52,109.0461783968882,114.56683627051251,109.05,113.04,38.03,85.24,12.9,33.78,20.08,29.39,17.95,32.18,10.11,7.98,3.99,18.75,29.12,50.13,Incarnate Word Cardinals
Esteban Mann,259.6,428.5,-10.54,103.16474415853298,113.70698584417079,103.16,116.89,37.39,88.49,11.12,30.76,17.27,27.21,19.64,37.15,9.46,8.75,3.79,18.22,26.26,56.79,Incarnate Word Cardinals
Tayton Conerway,547.4,923.7,15.64,118.38661810333197,102.7479091995221,118.39,102.09,40.58,83.42,14.46,40.36,22.77,29.68,13.27,36.69,10.68,8.85,3.24,15.76,28.49,49.96,Indiana Hoosiers
Tucker DeVries,1003.9,1656.2,13.15,118.51718228555967,105.3700532003577,118.52,104.51,41.13,85.14,15.27,43.05,20.99,26.34,12.15,36.14,15.63,7.34,3.91,14.49,26.76,48.29,Indiana Hoosiers
Reed Bailey,550.0,950.4,12.59,117.7622007670943,105.16952699874425,117.76,106.34,38.94,80.94,15.02,40.42,24.86,31.21,10.16,36.5,14.39,7.41,2.65,14.39,27.09,46.66,Indiana Hoosiers
Jasai Miles,205.9,328.6,10.97,114.0991761231152,103.12965722801788,114.1,107.57,38.86,87.36,13.99,44.15,22.38,29.22,14.3,39.79,12.75,6.22,7.15,13.06,30.47,54.09,Indiana Hoosiers
Conor Enright,888.1,1464.3,10.23,117.6894934817334,107.46410508808255,117.69,108.76,40.19,84.44,15.18,43.08,22.12,27.41,11.95,35.52,16.08,7.35,3.71,14.5,26.24,47.47,Indiana Hoosiers
Lamar Wilkerson,991.7,1640.2,8.27,116.84234473344961,108.5701156467795,116.84,107.5,40.22,84.63,15.11,43.07,21.29,27.0,12.07,34.88,16.08,7.16,3.94,14.62,26.87,46.95,Indiana Hoosiers
Trent Sisley,336.3,585.6,7.96,112.12527577107758,104.16315523344008,112.13,106.93,36.68,85.31,14.02,42.05,24.74,31.67,13.84,39.28,9.86,6.06,4.33,13.5,27.17,53.12,Indiana Hoosiers
Sam Alexis,628.3,999.5,7.95,116.82254645217608,108.87562089207768,116.82,108.24,41.5,87.29,14.47,44.2,19.35,24.44,13.87,36.11,15.76,6.68,5.09,14.96,27.14,49.98,Indiana Hoosiers
Nick Dorn,631.6,1056.4,2.67,113.56137394070312,110.89090222725557,113.56,111.57,38.27,81.75,14.24,43.87,22.79,27.82,10.73,36.27,19.28,5.6,3.89,15.76,25.92,47.0,Indiana Hoosiers
Jayan Walker,61.1,107.4,18.8,105.78048209688744,86.9766365949572,105.78,87.99,40.25,84.25,5.62,27.15,19.66,25.27,14.04,39.32,0.0,14.04,0.0,17.79,22.47,53.36,Indiana State Sycamores
Enel St. Bernard,485.6,843.9,5.29,108.77538241345381,103.48785871964681,108.78,104.84,40.67,84.56,11.69,36.14,15.74,24.21,14.55,37.21,17.06,9.9,6.2,18.49,22.9,51.76,Indiana State Sycamores
Cooper Bean,45.9,80.2,3.7,105.43442889684347,101.73548773189707,105.43,110.64,35.14,92.42,7.81,48.16,27.33,35.14,22.13,36.45,10.41,15.62,7.81,13.02,27.33,58.58,Indiana State Sycamores
Sterling Young,627.7,1106.5,1.83,107.97101449275361,106.1364353667884,107.97,106.61,40.13,82.07,12.95,36.05,14.76,21.74,12.59,36.05,16.49,9.33,4.35,20.2,21.74,48.64,Indiana State Sycamores
Bruno Alocen,603.5,1018.0,-1.07,105.74938574938575,106.81851651858034,105.75,106.93,39.12,83.83,12.19,37.64,15.33,21.62,13.27,35.97,17.99,9.34,5.41,19.16,23.98,49.24,Indiana State Sycamores
Markus Harding,393.2,673.6,-1.56,101.20750510867546,102.76943610276943,101.21,102.99,38.79,84.86,12.63,41.02,11.0,15.6,13.97,38.19,13.23,8.62,4.16,21.7,22.44,52.16,Indiana State Sycamores
Xavier Hall,777.8,1326.3,-1.94,104.39953332580633,106.34039500018882,104.4,105.98,38.24,81.82,12.57,37.48,15.36,22.43,13.25,36.13,15.43,9.03,4.59,20.77,22.58,49.38,Indiana State Sycamores
Ian Scott,860.9,1490.5,-3.44,106.77618069815193,110.21790788209718,106.78,109.18,39.26,82.14,11.82,35.53,16.43,23.97,12.89,35.39,17.3,8.81,4.07,19.37,22.3,48.28,Indiana State Sycamores
Sivert Waerstad Nordheim,58.9,103.1,-6.07,99.34892693513383,105.4172767203514,99.35,104.17,32.79,85.85,11.57,41.48,22.18,31.83,14.47,36.65,13.5,9.65,7.72,13.5,19.29,51.12,Indiana State Sycamores
Camp Wagner,809.0,1402.2,-6.28,104.20983653011706,110.48890803359896,104.21,109.03,38.61,82.82,12.26,37.9,14.74,22.46,13.25,36.2,16.22,8.08,4.11,19.77,23.31,49.45,Indiana State Sycamores
Jo Van Buggenhout,498.4,867.7,-8.44,103.37492094520783,111.81379768402206,103.37,111.31,37.95,81.64,11.38,35.76,16.1,24.61,11.73,35.07,17.48,7.59,4.02,18.4,23.23,46.8,Indiana State Sycamores
Derek Vorst,376.4,641.6,-13.07,99.85224356481841,112.92022958884856,99.85,112.45,35.77,81.34,11.2,37.64,17.11,25.2,12.29,34.06,17.11,8.87,4.04,18.98,23.49,46.35,Indiana State Sycamores
Hunter Harding,82.6,144.3,-15.54,107.13656387665198,122.67848014994036,107.14,126.87,38.77,78.24,18.33,38.77,11.28,17.62,11.28,35.24,25.37,7.05,4.23,24.67,22.56,46.52,Indiana State Sycamores
Alliou Fall,468.3,779.4,8.76,104.78887744593204,96.03273552635785,104.79,96.68,36.69,86.38,15.83,39.91,15.58,21.63,14.93,40.55,12.49,9.78,5.02,18.28,23.69,55.48,Iona Gaels
Chase Cormier,255.0,428.5,5.04,106.38297872340425,101.33954571927781,106.38,101.71,38.34,83.94,15.2,39.51,14.5,21.51,12.39,38.11,12.16,9.35,5.61,18.24,26.19,50.5,Iona Gaels
Luke Jungers,416.1,701.1,4.48,109.78656577914197,105.3081581759886,109.79,105.5,38.12,85.52,15.28,41.69,18.27,25.98,13.99,38.12,17.56,8.99,3.57,16.13,25.98,52.11,Iona Gaels
CJ Anthony,824.9,1408.5,3.72,108.64162465383795,104.91942926102081,108.64,104.95,38.63,85.42,14.2,39.62,17.18,24.71,14.13,35.79,13.28,10.08,3.34,16.97,22.65,49.92,Iona Gaels
Kosy Akametu,635.4,1097.5,1.93,107.25479878285937,105.32761788120024,107.25,106.25,37.8,86.66,13.82,41.27,17.85,24.8,15.19,36.51,13.36,9.06,3.48,16.75,20.87,51.7,Iona Gaels
Denver Anglin,746.6,1268.5,1.47,107.24200840802729,105.76828909999021,107.24,107.08,38.07,87.09,14.67,41.17,16.42,23.16,14.36,35.38,13.25,10.55,3.97,16.26,21.81,49.74,Iona Gaels
Khalil Badru,268.1,442.9,1.24,104.71563303801086,103.47326754752746,104.72,106.09,36.81,82.54,11.89,34.98,19.21,28.58,14.86,39.1,10.52,8.92,6.4,18.75,27.67,53.96,Iona Gaels
Toby Harris,712.8,1199.0,0.92,106.33152117741902,105.4159217583342,106.33,103.6,37.87,85.66,14.72,40.27,15.88,23.4,14.64,36.05,13.64,8.93,4.22,17.86,24.89,50.69,Iona Gaels
Lamin Sabally,785.7,1345.1,-3.11,107.61296568673082,110.72767078555789,107.61,111.11,38.28,84.53,13.26,37.24,17.8,25.99,13.7,33.66,11.99,10.35,3.2,16.83,21.6,47.36,Iona Gaels
Keshawn Williams,284.2,525.9,-4.92,96.89959230112828,101.8161018161018,96.9,101.26,36.22,82.68,10.24,33.18,14.22,20.1,9.29,34.32,2.47,11.38,3.98,17.07,16.12,43.61,Iona Gaels
Matt Reed,87.2,156.6,-29.09,95.16154959009805,124.2472266244057,95.16,126.02,34.08,79.09,10.93,37.94,16.07,25.08,14.15,36.01,5.14,3.86,2.57,23.15,26.36,50.16,Iona Gaels
Isaia Howard,585.1,926.8,19.82,119.66459291317284,99.84936518183774,119.66,100.41,42.2,85.47,12.44,36.25,22.83,29.21,15.36,34.73,12.55,11.04,3.46,16.01,27.91,50.09,Iowa Hawkeyes
Brendan Hausen,174.9,290.5,19.43,125.49153701487434,106.06585788561524,125.49,104.63,42.06,85.14,13.34,41.72,28.04,34.88,13.34,31.8,8.55,10.26,1.37,11.63,27.01,45.14,Iowa Hawkeyes
Cam Manyawu,624.9,962.7,17.24,115.78120910756347,98.54146266041333,115.78,100.08,41.14,85.74,12.14,34.34,21.36,28.26,14.24,34.65,14.34,11.31,3.77,15.07,28.58,48.89,Iowa Hawkeyes
Tavion Banks,767.6,1212.5,15.39,118.51243065543456,103.12648720230091,118.51,102.4,41.18,84.73,12.08,34.6,24.08,30.41,14.79,32.05,15.45,10.36,2.96,15.62,28.03,46.84,Iowa Hawkeyes
Bennett Stirtz,1227.2,1937.0,15.07,117.81683244859042,102.75106008894406,117.82,102.41,40.87,83.85,12.52,35.41,23.55,30.3,13.71,32.73,13.86,10.82,2.94,15.46,28.14,46.44,Iowa Hawkeyes
Alvaro Folgueiras,672.1,1062.6,12.53,118.54416167664672,106.01793785644982,118.54,104.79,41.17,85.05,12.16,35.93,24.05,30.69,14.41,32.65,15.53,10.85,2.71,14.78,27.04,47.06,Iowa Hawkeyes
Kael Combs,839.4,1307.8,10.71,114.18260001535745,103.47387455981728,114.18,104.35,39.93,82.85,11.59,33.79,22.73,29.79,13.21,33.63,14.51,10.52,3.07,16.2,28.1,46.84,Iowa Hawkeyes
Cooper Koch,895.3,1414.6,10.04,115.84903664792259,105.80585723650408,115.85,105.27,40.33,84.97,12.9,36.03,22.28,28.98,14.45,31.73,15.09,10.44,3.1,15.72,26.94,46.18,Iowa Hawkeyes
Tate Sage,498.6,792.6,9.33,115.12584101669574,105.7944164058008,115.13,103.16,39.62,83.48,11.84,35.63,24.05,31.9,14.2,31.4,14.2,9.97,3.36,15.57,28.91,45.6,Iowa Hawkeyes
Trevin Jirak,106.3,180.3,8.99,123.80952380952381,114.81939294053014,123.81,117.09,41.46,75.63,16.25,39.22,24.65,33.61,6.72,31.37,6.72,7.28,2.24,15.13,29.69,38.09,Iowa Hawkeyes
Dominick Nelson,169.2,305.2,32.74,126.54924983692106,93.81171823568137,126.55,92.95,48.6,88.06,10.11,26.42,19.24,31.31,16.96,29.03,6.85,18.26,5.22,14.02,18.92,45.99,Iowa State Cyclones
Killyan Toure,868.3,1476.8,27.77,121.1176440686582,93.3520488407096,121.12,93.53,43.72,87.16,12.74,31.65,20.94,30.03,16.94,34.84,15.86,14.3,4.41,15.52,22.23,51.78,Iowa State Cyclones
Blake Buchanan,841.8,1416.8,26.68,120.61364838652796,93.93650457322457,120.61,93.81,43.24,88.45,12.63,33.01,21.51,31.74,17.56,35.2,16.01,13.26,4.37,14.04,20.17,52.76,Iowa State Cyclones
Joshua Jefferson,1050.1,1777.0,26.49,120.90089587228935,94.40866925760972,120.9,92.88,43.48,87.91,13.17,33.83,20.76,30.03,17.69,34.77,17.14,13.56,3.91,15.52,23.39,52.46,Iowa State Cyclones
Milan Momcilovic,1054.5,1788.1,26.21,120.06266550208655,93.84958123008376,120.06,92.28,43.37,88.4,14.09,35.49,19.24,27.23,16.53,34.22,17.47,12.98,3.6,15.19,22.24,50.75,Iowa State Cyclones
Jamarion Batemon,501.7,883.8,25.98,119.91217699712887,93.92767796224699,119.91,93.0,42.45,88.16,14.41,36.26,20.6,30.85,16.1,35.58,16.21,13.17,4.5,13.29,23.08,51.68,Iowa State Cyclones
Nate Heise,840.6,1450.2,25.24,120.1648645386035,94.92296556715955,120.16,94.99,43.11,86.99,13.66,34.9,20.28,29.87,17.11,34.08,15.24,12.83,3.79,15.93,23.8,51.19,Iowa State Cyclones
Eric Mulder,45.2,78.6,24.16,123.4726688102894,99.30861093651792,123.47,101.61,47.59,92.6,21.86,41.16,6.43,12.86,20.58,30.87,0.0,21.86,1.29,21.86,29.58,51.45,Iowa State Cyclones
Dominykas Pleta,352.8,608.8,23.16,119.16697232750542,96.00662114628595,119.17,94.55,43.85,86.73,13.2,34.07,18.26,26.57,15.98,33.74,19.73,12.72,3.26,16.63,28.37,49.72,Iowa State Cyclones
Tamin Lipsey,999.6,1696.8,21.37,116.61807580174927,95.2522785488771,116.62,93.24,42.16,89.1,12.42,34.93,19.88,30.32,17.43,33.64,17.38,13.0,3.85,13.94,23.73,51.07,Iowa State Cyclones
Raevon Thomas,432.2,752.9,-1.88,105.51590742346428,107.39320195741304,105.52,108.32,33.48,81.1,12.01,36.02,26.55,33.88,17.47,35.48,14.14,9.07,4.8,20.28,26.15,52.95,Jackson State Tigers
Delyle Williams,501.1,899.4,-12.84,100.51877056953198,113.36122115411254,100.52,114.13,31.57,80.77,11.27,35.03,26.11,34.14,17.18,31.57,11.94,9.37,4.24,20.19,27.67,48.75,Jackson State Tigers
Devin Ree,667.4,1165.6,-14.16,99.66863192322589,113.83122020055161,99.67,114.56,32.88,83.23,11.79,37.87,22.12,28.06,16.01,32.53,10.76,8.78,4.56,19.45,27.71,48.54,Jackson State Tigers
Dionjahe Thomas,419.5,719.4,-15.08,101.6984619677048,116.77922077922078,101.7,117.6,33.34,81.05,10.74,31.81,24.27,31.67,18.0,34.46,16.18,7.25,4.6,21.9,25.81,52.46,Jackson State Tigers
Daeshun Ruffin,916.4,1634.0,-15.47,100.02441108263152,115.49909478658442,100.02,114.85,32.71,82.33,11.05,34.72,23.56,30.27,15.01,31.98,11.72,8.97,4.39,18.31,27.28,46.99,Jackson State Tigers
Jayme Mitchell Jr.,1010.2,1786.4,-16.18,100.03356831151393,116.21557288676682,100.03,116.09,32.62,81.79,11.3,35.47,23.5,30.44,15.61,32.0,11.53,8.9,4.31,19.36,27.36,47.61,Jackson State Tigers
Jalen Tatum,285.7,501.1,-17.5,100.57097065010518,118.0679785330948,100.57,119.0,30.45,83.94,10.02,33.06,29.65,38.87,19.03,27.65,12.22,10.02,2.6,16.63,27.25,46.68,Jackson State Tigers
Dorian McMillian,797.0,1439.6,-19.47,97.47992245915258,116.95213535223292,97.48,116.17,32.47,81.76,12.05,36.07,20.49,26.59,14.75,30.88,11.01,9.35,4.15,20.35,27.28,45.63,Jackson State Tigers
Tamarion Hoover,560.6,1003.2,-23.08,97.7044440567284,120.78028849747129,97.7,120.83,30.81,82.05,11.27,38.18,24.82,33.8,16.75,30.71,12.26,8.47,3.49,18.64,29.31,47.46,Jackson State Tigers
Kobe Butler,243.0,427.2,-37.76,92.72844650507659,130.49314269039976,92.73,131.23,31.46,87.33,11.5,37.33,18.31,23.71,18.31,28.87,8.92,8.22,4.23,19.72,28.64,47.18,Jackson State Tigers
Ebo Wilson,185.5,322.4,-41.03,78.74748101069602,119.77348537739509,78.75,119.67,27.9,82.78,10.23,34.72,12.71,17.98,14.57,28.21,3.72,10.54,2.48,23.25,21.39,42.78,Jackson State Tigers
Mike Williams,148.8,265.8,-50.19,82.34728234728234,132.5356649792913,82.35,138.53,27.32,79.27,9.62,35.79,18.09,25.01,11.54,28.48,2.31,10.39,3.85,20.39,34.63,40.02,Jackson State Tigers
Deyan Kolev,104.5,195.9,-53.48,71.58604590844249,125.06278252134607,71.59,129.17,26.97,77.81,8.82,37.87,8.82,15.04,10.37,24.38,2.07,11.41,2.59,25.42,31.12,34.75,Jackson State Tigers
Kedrick Simmons,73.9,137.2,-69.48,72.3514211886305,141.82865370770338,72.35,145.44,25.84,78.26,10.34,36.91,10.34,16.24,13.29,29.53,0.0,3.69,1.48,27.32,22.15,42.82,Jackson State Tigers
Michael Harper Jr.,68.6,123.5,32.71,134.84069886947586,102.13445042888489,134.84,105.24,49.33,96.2,18.91,44.4,17.27,28.78,23.02,32.89,1.64,13.16,5.76,13.16,23.02,55.91,Jacksonville Dolphins
Simon Wheeler,51.2,93.5,9.29,100.77922077922076,91.48525764673464,100.78,86.23,36.36,87.27,7.27,36.36,20.78,31.17,17.66,33.25,2.08,13.51,6.23,15.58,29.09,50.91,Jacksonville Dolphins
Jaylen Jordon,221.2,361.1,1.68,109.95993921812406,108.28069688345943,109.96,107.75,40.06,91.17,12.99,36.75,16.85,22.66,19.89,35.64,13.26,10.5,5.53,17.96,31.77,55.53,Jacksonville Dolphins
Charles Caporaso,237.2,379.7,-1.51,107.88656045481588,109.39857021053321,107.89,110.27,38.61,85.94,11.9,29.62,18.77,24.59,14.28,35.43,13.22,9.52,4.5,16.66,28.29,49.71,Jacksonville Dolphins
Hayden Wood,741.4,1204.0,-3.14,111.38588142391055,114.52994999688777,111.39,114.71,39.82,87.53,11.06,32.42,20.7,28.18,17.12,34.33,11.89,8.98,4.24,16.21,30.42,51.45,Jacksonville Dolphins
Allen Udemadu,241.3,398.4,-4.71,105.22378755766113,109.93871232703607,105.22,108.47,38.4,86.02,6.73,26.18,21.69,29.42,16.21,31.92,9.97,10.72,3.74,16.21,30.67,48.13,Jacksonville Dolphins
Jason Thirdkill Jr.,596.8,971.4,-5.05,108.0242123234518,113.07420494699647,108.02,114.23,37.66,84.74,9.31,29.7,23.38,31.25,15.0,34.25,12.0,10.24,4.76,15.42,30.32,49.25,Jacksonville Dolphins
Evan Sterck,670.7,1078.6,-5.71,107.22437002189203,112.93075610093648,107.22,114.02,38.94,85.89,11.92,34.0,17.42,24.41,14.63,34.38,11.27,9.97,4.47,17.14,28.79,49.01,Jacksonville Dolphins
Chris Lockett Jr.,679.1,1112.9,-6.06,107.67643232087576,113.74066408710519,107.68,113.42,37.6,85.96,9.33,32.39,23.15,30.69,16.96,33.83,11.4,9.51,4.31,16.42,30.42,50.79,Jacksonville Dolphins
Jaylen Jones,702.2,1164.0,-9.04,106.85001708233688,115.88817352979302,106.85,114.54,38.26,85.33,10.68,30.83,19.64,28.02,15.54,32.2,10.59,9.65,3.93,16.91,29.72,47.74,Jacksonville Dolphins
Enrico Borio,209.1,348.3,-9.61,104.81236844015388,114.42362294151052,104.81,117.01,37.74,87.39,13.36,42.1,15.97,24.1,17.42,36.58,5.81,6.68,3.19,18.58,28.16,54.0,Jacksonville Dolphins
Chris Arias,440.1,738.6,-9.76,106.84765808749412,116.60415956358676,106.85,114.91,38.04,86.55,11.16,36.15,19.62,26.61,16.26,32.66,8.6,8.6,4.84,17.07,29.3,48.92,Jacksonville Dolphins
Donovan Rivers,542.4,901.8,-10.49,106.23556581986145,116.72955974842768,106.24,114.81,37.39,83.58,10.01,32.77,21.45,29.47,15.18,33.1,10.23,9.35,4.18,17.6,29.47,48.28,Jacksonville Dolphins
Aitor Anabitarte,115.0,198.4,36.59,117.40579338631119,80.81308874566187,117.41,83.57,37.94,82.54,15.38,34.86,26.15,39.99,16.41,47.68,8.2,11.79,3.08,14.87,22.56,64.09,Jacksonville State Gamecocks
Bencao Vungo,70.8,133.4,19.82,96.08678806664082,76.2665698202288,96.09,81.36,34.87,79.81,8.52,33.32,17.82,29.45,18.6,48.04,0.0,12.4,4.65,24.8,23.25,66.64,Jacksonville State Gamecocks
Toby Nnadozie,166.6,315.3,16.55,108.3984375,91.84383455740239,108.4,96.68,36.46,83.01,9.77,29.95,25.72,36.46,14.65,41.02,8.46,11.39,2.6,14.32,32.23,55.67,Jacksonville State Gamecocks
Jamar Franklin,362.0,602.2,15.26,113.89257294429707,98.62785862785863,113.89,98.31,39.46,86.21,13.26,34.65,21.72,31.83,15.42,41.11,12.43,8.95,4.81,14.09,23.21,56.53,Jacksonville State Gamecocks
Thomas Tut,79.0,134.0,8.17,112.64453562103691,104.4776119402985,112.64,104.44,37.3,85.79,17.16,42.52,20.89,28.35,20.14,37.3,14.92,9.7,4.48,20.89,30.59,57.44,Jacksonville State Gamecocks
Jaye Nash,697.8,1173.9,8.12,112.72052392431257,104.6051792320449,112.72,104.96,36.86,81.66,12.63,32.51,26.37,39.51,15.19,36.52,12.88,9.9,4.52,14.76,28.16,51.71,Jacksonville State Gamecocks
Mostapha El Moutaouakkil,822.6,1349.8,7.06,109.70914918307577,102.65005493789225,109.71,101.53,36.99,82.96,11.49,31.46,24.24,36.18,16.21,36.99,13.04,10.17,4.27,16.06,24.98,53.2,Jacksonville State Gamecocks
AC Bryant,708.5,1164.4,3.39,109.20510136506377,105.81736578629382,109.21,104.76,36.32,82.46,12.82,35.03,23.76,34.95,16.75,36.4,12.22,9.14,4.61,17.69,26.49,53.15,Jacksonville State Gamecocks
Emondrek Erkins-Ford,583.0,956.2,2.72,110.87352498614081,108.15290583238372,110.87,110.24,37.49,83.84,11.93,31.04,23.97,35.8,16.26,35.16,12.99,9.5,4.86,15.42,25.87,51.42,Jacksonville State Gamecocks
Jacoby Hill,807.4,1314.7,2.52,109.07502705987353,106.55800137101072,109.08,106.26,37.83,84.54,11.55,31.98,21.88,33.35,17.62,37.07,13.44,8.89,4.71,17.24,24.99,54.69,Jacksonville State Gamecocks
Iaroslav Niagu,490.0,764.2,0.82,105.88391200636099,105.0625141343327,105.88,107.74,37.11,84.55,10.87,33.0,20.81,28.62,17.1,40.95,15.11,7.69,5.17,18.95,25.71,58.05,Jacksonville State Gamecocks
Marcus Fitzgerald Jr.,451.0,731.0,-4.22,104.67493525964291,108.8911774802609,104.67,108.08,36.39,86.55,11.45,34.48,20.44,28.89,17.31,35.98,14.04,9.27,3.68,17.04,24.67,53.29,Jacksonville State Gamecocks
Kose Egbule,353.4,581.4,11.05,114.16234887737477,103.10867517341782,114.16,103.97,39.55,80.66,11.23,30.57,23.83,34.54,14.85,41.8,16.23,8.46,4.84,17.79,27.12,56.65,James Madison Dukes
Justin Taylor,122.2,199.8,7.13,102.97131147540983,95.84352078239608,102.97,100.41,34.32,82.48,9.73,30.23,24.59,36.89,14.86,40.98,8.71,9.22,7.17,14.86,25.61,55.84,James Madison Dukes
Ike Cornish,63.0,98.2,5.46,108.08080808080808,102.61672652642379,108.08,101.01,35.35,77.78,12.12,37.37,25.25,40.4,19.19,43.43,17.17,7.07,10.1,22.22,25.25,62.62,James Madison Dukes
Preston Fowler,734.0,1214.4,4.04,111.42521098570042,107.38199893193115,111.43,107.88,39.29,85.43,12.55,37.06,20.3,29.47,16.18,40.69,12.88,7.43,6.03,16.76,28.48,56.87,James Madison Dukes
Eli Wilborn,252.5,410.5,2.95,109.76813024173657,106.82064236737641,109.77,109.52,37.74,85.1,11.59,35.52,22.69,35.52,20.97,39.96,12.33,7.89,6.66,18.99,34.29,60.93,James Madison Dukes
Cliff Davis,1003.3,1682.7,2.81,112.3272657256691,109.51472516990579,112.33,108.83,39.28,84.66,12.5,35.55,21.27,29.8,15.34,38.69,11.91,7.7,5.45,16.53,26.9,54.03,James Madison Dukes
Gabe Newhof,598.7,975.0,-0.08,109.70485624793093,109.78853055849622,109.7,108.28,41.15,86.38,11.2,32.19,16.2,23.53,12.73,37.89,11.51,8.45,4.58,15.18,21.59,50.62,James Madison Dukes
Paul Lewis,149.5,244.6,-0.7,103.88548057259715,104.58584414257992,103.89,104.7,37.22,89.16,12.27,37.22,17.18,24.54,18.4,38.04,1.23,9.0,9.41,17.59,27.81,56.44,James Madison Dukes
Christian Brown,422.4,712.3,-2.27,109.96709478823902,112.24063500905166,109.97,114.07,35.95,81.8,13.87,37.93,24.2,33.54,17.27,40.76,10.9,6.09,7.64,19.53,30.43,58.03,James Madison Dukes
Eddie Ricks III,828.0,1401.6,-2.4,107.71558245083209,110.11404669121592,107.72,109.64,37.23,83.65,11.75,34.1,21.5,30.97,15.59,38.44,9.9,7.97,5.7,17.23,27.34,54.03,James Madison Dukes
Justin McBride,821.8,1379.9,-3.11,109.95355842851764,113.06799458093808,109.95,110.74,39.23,84.42,12.48,35.72,19.01,26.61,14.78,38.37,11.48,7.03,5.81,17.72,26.82,53.15,James Madison Dukes
Bradley Douglas,851.7,1443.5,-4.39,108.65745685051849,113.04590095423835,108.66,111.83,37.83,83.58,12.26,35.42,20.74,29.35,14.61,37.9,11.64,7.37,5.65,17.09,28.59,52.51,James Madison Dukes
Paul Jones III,197.1,327.1,-15.65,104.48928515563898,120.14345487148834,104.49,125.76,35.66,88.22,12.2,36.92,20.96,29.41,19.4,37.23,5.94,7.51,8.13,17.21,30.35,56.63,James Madison Dukes
D'Andre Harrison,60.3,110.2,9.39,94.99885818680065,85.60486596080199,95.0,86.78,31.06,74.9,6.39,16.44,26.49,37.45,11.87,37.45,0.0,16.44,7.31,19.18,17.36,49.32,Kansas City Roos
Kernan Bundy,66.6,129.5,-11.03,87.61904761904762,98.64944216089255,87.62,96.0,32.76,76.95,7.62,25.9,14.48,22.86,14.48,28.95,0.0,17.52,3.05,26.67,27.43,43.43,Kansas City Roos
Jayson Petty,817.0,1453.2,-18.87,97.31555187980288,116.18798955613576,97.32,116.54,34.87,84.77,10.2,31.77,17.37,24.95,14.54,31.98,11.3,8.96,4.89,17.92,23.09,46.52,Kansas City Roos
Jerome Palm,682.0,1196.4,-19.53,96.39872871545536,115.93120474678949,96.4,117.61,34.35,83.69,9.68,31.74,18.02,26.02,14.99,31.66,11.11,9.18,3.87,18.94,20.12,46.65,Kansas City Roos
Trey Booker-Lowery,216.2,401.8,-20.21,90.89182859674662,111.09751621191731,90.89,114.94,32.15,82.79,9.11,28.61,17.47,25.57,12.91,30.89,8.86,10.38,4.81,17.98,27.6,43.8,Kansas City Roos
Chris Dockery,547.5,975.2,-20.69,98.59046445351613,119.28531203604157,98.59,119.64,35.12,82.98,9.86,31.53,18.49,27.83,14.48,32.25,12.63,7.39,4.72,18.28,23.21,46.73,Kansas City Roos
Babacar Mbengue,145.1,264.8,-20.71,87.95811518324608,108.66510538641687,87.96,110.42,30.46,77.3,9.52,29.32,17.52,28.56,10.66,32.37,13.71,9.52,8.76,19.8,22.47,43.03,Kansas City Roos
Kasheem Grady II,640.5,1166.8,-21.41,93.08751781011183,114.49472609731201,93.09,116.23,33.07,82.73,8.81,31.35,18.13,27.46,13.9,31.35,10.88,9.33,4.92,18.13,22.71,45.25,Kansas City Roos
Karmello Branch,686.2,1246.9,-23.29,95.31846493871811,118.60981612277158,95.32,119.11,33.76,83.83,10.69,33.11,17.12,24.91,14.55,31.42,12.38,8.28,3.94,18.89,21.3,45.97,Kansas City Roos
CJ Evans,766.6,1380.6,-23.5,94.72940920859662,118.22445985837695,94.73,118.19,33.97,83.29,8.98,29.48,17.82,25.28,14.41,31.07,11.3,9.13,4.56,19.12,22.6,45.48,Kansas City Roos
Jamaria Clark,254.5,443.1,-25.3,89.9861559760037,115.28905085307272,89.99,120.44,32.3,87.91,9.69,37.61,15.69,24.0,15.23,28.38,11.08,10.38,4.85,15.92,22.84,43.61,Kansas City Roos
Addarin Scott,279.4,520.2,-25.68,94.11764705882352,119.79518887064053,94.12,118.6,34.05,83.79,9.95,33.09,16.07,24.87,13.77,30.42,11.67,8.61,5.36,18.17,28.31,44.19,Kansas City Roos
Flory Bidunga,1028.8,1748.9,12.98,111.06350158539722,98.08157250969228,111.06,97.92,39.99,87.58,10.34,29.71,20.74,26.62,15.65,42.39,14.23,8.46,8.63,15.43,21.42,58.04,Kansas Jayhawks
Samis Calderon,41.7,71.6,12.7,108.54418775210854,95.84026622296173,108.54,105.61,39.6,90.94,13.2,33.74,16.13,19.07,16.13,46.94,13.2,7.33,11.73,16.13,16.13,63.07,Kansas Jayhawks
Jamari McDowell,545.7,925.6,9.63,110.94969061070756,101.31525423728813,110.95,100.51,39.28,85.98,10.22,28.95,22.17,29.06,14.85,41.65,14.85,7.21,9.36,15.07,18.94,56.5,Kansas Jayhawks
Kohl Rosario,316.1,536.8,9.63,108.5461226797324,98.91324369128753,108.55,101.2,39.57,86.12,10.55,32.6,18.84,25.25,16.39,42.59,8.67,8.29,8.86,18.28,27.51,58.98,Kansas Jayhawks
Bryson Tiller,838.5,1430.3,9.0,109.11691347042716,100.11910600434386,109.12,99.7,39.49,86.3,10.47,28.4,19.67,25.6,14.23,42.35,14.3,7.26,7.81,15.77,18.49,56.58,Kansas Jayhawks
Melvin Council Jr.,1135.2,1941.8,8.44,108.63649845891956,100.20050383013728,108.64,100.54,39.0,87.02,9.96,29.87,20.69,26.67,14.7,42.09,13.72,8.0,8.15,15.01,20.69,56.79,Kansas Jayhawks
Elmarko Jackson,548.0,951.1,7.1,111.17263929541438,104.06896009641838,111.17,104.74,37.76,84.8,10.97,31.54,24.68,31.33,13.71,41.45,12.97,7.7,7.49,14.03,24.68,55.16,Kansas Jayhawks
Darryn Peterson,642.4,1115.2,6.79,108.18831782004585,101.39484978540771,108.19,101.98,39.12,87.77,10.52,30.85,19.43,25.36,14.48,41.01,15.74,9.08,7.91,14.66,20.14,55.49,Kansas Jayhawks
Tre White,1019.2,1742.0,6.48,108.41875026804477,101.94202731516164,108.42,101.16,38.83,85.66,10.12,30.48,20.64,26.82,14.07,41.29,14.3,7.72,7.83,15.67,20.59,55.36,Kansas Jayhawks
Jayden Dawson,206.9,363.4,3.75,104.39333425148052,100.64622576653377,104.39,100.81,34.16,77.4,11.84,32.78,24.24,32.5,9.64,40.77,9.37,8.26,9.64,16.8,27.27,50.41,Kansas Jayhawks
Paul Mbiya,81.3,140.8,1.96,112.52463716179895,110.56338028169014,112.52,112.52,40.85,88.16,10.03,30.1,20.78,27.95,15.05,43.72,7.88,5.02,7.17,13.62,18.63,58.77,Kansas Jayhawks
Elias Rapieque,271.3,504.6,9.72,116.00321672698031,106.28113705187066,116.0,109.37,43.02,89.06,16.69,39.61,13.27,20.91,14.48,31.97,11.66,10.25,4.83,15.48,26.54,46.45,Kansas State Wildcats
Abdi Bashir Jr.,422.4,789.5,6.24,114.41418935798151,108.17755508447355,114.41,105.17,42.22,88.43,14.86,40.22,15.11,21.98,15.74,31.6,10.62,9.12,4.87,16.86,25.98,47.34,Kansas State Wildcats
Dorin Buca,328.3,591.3,-0.62,99.88572395987642,100.50251256281409,99.89,100.73,37.25,86.68,12.7,38.26,12.7,19.13,17.78,36.91,14.05,10.33,6.94,22.01,23.36,54.69,Kansas State Wildcats
Khamari McGriff,540.2,1004.6,-1.96,112.05063541512139,114.01377582968064,112.05,112.55,41.34,84.75,12.26,32.93,17.11,23.14,12.16,31.05,14.44,9.2,4.45,16.42,25.61,43.21,Kansas State Wildcats
Nate Johnson,992.5,1815.7,-2.68,108.28104530097222,110.96447817002091,108.28,111.31,39.77,85.39,11.91,33.26,16.82,23.44,13.24,31.94,14.45,9.71,4.58,16.71,26.31,45.18,Kansas State Wildcats
Mobi Ikegwuruka,108.0,200.5,-3.45,107.0031545741325,110.45364891518736,107.0,113.06,38.36,80.76,12.11,29.78,18.17,27.76,14.13,30.79,3.03,10.6,3.03,20.19,28.26,44.92,Kansas State Wildcats
P.J. Haggerty,1038.0,1920.6,-3.46,108.55070768510937,112.01063788181,108.55,111.67,40.13,86.2,12.37,33.48,15.91,22.82,13.67,31.45,14.4,9.67,4.83,16.64,25.84,45.12,Kansas State Wildcats
David Castillo,840.0,1549.5,-6.75,104.62373582345148,111.37429303427272,104.62,111.67,38.97,85.82,11.83,33.99,14.86,22.1,14.09,32.18,14.35,9.5,4.33,17.77,25.98,46.27,Kansas State Wildcats
C.J. Jones,488.0,893.8,-7.03,106.12314611859148,113.15463917525774,106.12,117.17,37.8,85.97,13.78,36.89,16.74,24.03,13.55,32.57,13.78,9.34,4.9,16.17,25.73,46.12,Kansas State Wildcats
Taj Manning,590.0,1065.4,-7.22,100.76464793357415,107.98122065727699,100.76,107.9,36.97,86.13,10.51,33.68,16.32,23.08,15.11,34.34,17.83,9.57,4.78,18.01,26.83,49.45,Kansas State Wildcats
Andrej Kostic,270.7,501.8,-10.28,109.44184658242962,119.72463334331039,109.44,119.39,40.2,87.75,15.32,38.4,13.73,19.5,13.53,27.66,13.53,9.95,3.78,16.52,24.67,41.19,Kansas State Wildcats
Marcus Johnson,64.7,121.2,-28.32,97.4175939533907,125.73514500101399,97.42,130.17,37.79,87.34,15.12,45.35,6.72,14.28,9.24,28.55,18.48,6.72,7.56,15.12,28.55,37.79,Kansas State Wildcats
Amir Taylor,514.3,930.1,14.47,114.33155080213903,99.86220312879955,114.33,98.82,37.33,82.35,11.87,33.26,27.81,38.5,17.86,36.58,13.16,10.27,8.13,17.22,27.27,54.44,Kennesaw State Owls
Ramone Seals,368.7,674.3,14.37,114.69640277108878,100.32650638171565,114.7,100.17,38.68,85.21,13.04,37.19,24.3,33.64,20.01,34.53,10.52,10.67,7.26,18.82,29.93,54.54,Kennesaw State Owls
Simeon Cottle,496.4,928.6,10.54,116.62624629479924,106.08424336973479,116.63,106.28,38.7,86.34,13.37,38.8,25.87,35.57,20.16,33.85,9.59,10.02,7.55,16.92,28.67,54.01,Kennesaw State Owls
Jaden Harris,436.7,762.7,9.7,114.57720227584855,104.87235929953675,114.58,104.38,37.8,82.92,12.69,35.71,26.29,38.98,16.48,36.88,18.83,8.11,7.19,15.04,28.78,53.36,Kennesaw State Owls
Darius Washington III,331.6,589.2,7.71,114.73227704066298,107.0245334451667,114.73,109.58,37.27,88.63,11.85,35.9,28.34,43.11,24.73,35.55,8.76,8.59,6.18,15.63,32.46,60.28,Kennesaw State Owls
RJ Johnson,909.7,1645.4,7.41,114.57142421609426,107.16016476859704,114.57,107.86,37.07,84.27,12.13,35.61,28.29,40.18,18.11,35.18,13.35,9.76,6.16,14.76,26.22,53.29,Kennesaw State Owls
Frankquon Sherman,835.8,1504.8,6.03,111.97999166319299,105.95149408161578,111.98,106.71,36.08,85.37,11.27,35.95,28.55,40.35,21.01,35.61,14.27,9.94,6.8,16.47,28.48,56.62,Kennesaw State Owls
Braedan Lue,879.5,1579.4,5.9,112.41602781948944,106.51450309082264,112.42,106.22,37.75,85.61,12.71,36.99,24.22,35.09,18.71,34.33,13.97,10.56,7.52,16.44,27.44,53.04,Kennesaw State Owls
Trey Simpson,835.9,1516.8,4.48,112.9045554218258,108.41983852364476,112.9,108.49,37.66,84.68,12.2,35.88,25.39,37.39,18.8,34.89,14.97,9.5,7.65,16.36,27.37,53.69,Kennesaw State Owls
Kaden Rickard,641.9,1178.0,-0.75,107.98650168728909,108.73209549071619,107.99,108.75,36.0,83.11,10.95,35.15,25.04,35.91,17.74,34.72,11.46,10.1,6.96,17.57,29.03,52.46,Kennesaw State Owls
Perry Smith Jr.,276.6,481.8,-3.91,108.34167676661221,112.25272197515719,108.34,115.72,35.83,86.63,14.33,40.68,22.34,34.36,20.87,34.78,12.44,7.8,6.11,17.92,29.09,55.65,Kennesaw State Owls
Magnus Entenmann,329.3,589.3,12.84,120.3336984916154,107.48921262870081,120.33,106.01,39.77,85.45,16.52,43.48,24.27,31.35,18.88,33.37,11.97,11.63,3.54,18.54,24.77,52.25,Kent State Golden Flashes
Quinn Woidke,612.4,1117.6,8.31,114.60729359744523,106.30097696513398,114.61,105.94,37.25,84.15,13.67,38.05,26.44,35.82,18.94,36.8,14.92,9.11,3.13,17.78,28.14,55.74,Kent State Golden Flashes
Omer Hamama,147.3,279.4,8.12,118.3345507669832,110.21411021411024,118.33,114.68,40.18,78.52,13.88,35.06,24.11,32.14,12.42,37.25,4.38,9.5,3.29,18.63,25.2,49.67,Kent State Golden Flashes
Cian Medley,1024.9,1846.3,6.89,115.15469041765742,108.26747471438516,115.15,106.56,37.67,82.75,13.38,36.11,26.44,35.52,16.98,34.61,14.02,9.83,4.46,17.36,26.17,51.59,Kent State Golden Flashes
Jahari Williamson,796.8,1430.3,6.49,115.7327473447392,109.23869249903653,115.73,108.76,37.6,83.71,13.74,37.32,26.79,36.35,17.86,33.62,13.67,9.56,4.6,16.88,25.88,51.48,Kent State Golden Flashes
Landon Vanderwarker,41.0,81.6,5.49,112.36641221374046,106.87960687960687,112.37,106.26,40.31,89.16,13.44,34.2,18.32,30.53,18.32,36.64,2.44,8.55,6.11,14.66,24.43,54.96,Kent State Golden Flashes
Delrecco Gillespie,1028.2,1853.1,5.37,114.89247311827957,109.51781289352887,114.89,108.71,37.37,82.74,12.53,35.97,27.63,36.56,17.53,34.46,13.17,9.14,4.52,17.42,25.91,51.99,Kent State Golden Flashes
Rayvon Griffith,417.8,763.8,2.49,110.31909932716009,107.83336014154736,110.32,111.65,36.64,84.47,12.26,37.97,24.78,34.37,18.79,38.24,12.26,9.86,4.93,17.99,30.24,57.03,Kent State Golden Flashes
Morgan Safford,931.9,1684.6,2.37,113.9022559710388,111.53684966772437,113.9,109.66,36.55,82.76,13.07,37.38,27.73,36.91,17.66,33.79,13.42,8.77,4.0,17.36,26.78,51.45,Kent State Golden Flashes
Rob Whaley Jr.,724.2,1293.4,0.41,110.4131850400507,110.00252834665578,110.41,108.65,37.65,83.75,12.91,35.81,22.21,30.81,15.91,33.88,14.45,9.14,4.07,17.52,26.12,49.79,Kent State Golden Flashes
Dezmon Briscoe,205.7,374.5,-10.88,94.84761514281809,105.73032241221772,94.85,110.7,35.26,89.65,10.39,38.54,13.94,23.51,19.13,41.27,13.67,9.57,6.29,18.31,28.7,60.4,Kent State Golden Flashes
Brenden Moss,64.0,114.4,-12.77,99.00990099009901,111.77644710578842,99.01,108.48,33.58,87.82,9.47,38.74,22.38,29.27,23.25,32.72,15.5,11.19,5.17,21.52,24.11,55.97,Kent State Golden Flashes
Kam Williams,390.2,678.3,21.56,114.09967072403715,92.53479234751954,114.1,93.23,41.73,87.91,11.25,35.22,19.39,28.27,16.57,40.25,10.95,11.84,7.55,15.24,23.68,56.82,Kentucky Wildcats
Trent Noah,250.4,425.8,17.43,111.9163597481288,94.48636099825886,111.92,96.71,38.97,91.01,12.36,39.92,21.62,29.94,22.81,40.16,7.6,12.83,5.23,17.58,25.19,62.97,Kentucky Wildcats
Jaland Lowe,165.3,297.2,12.91,112.73730868947061,99.8223500549869,112.74,98.69,38.47,87.98,10.71,34.12,25.09,34.46,18.4,38.81,8.03,9.37,7.36,14.05,23.08,57.21,Kentucky Wildcats
Jasper Johnson,347.2,618.8,10.75,114.57442040500345,103.82535549769678,114.57,105.61,42.05,90.45,11.73,36.34,18.74,25.59,18.42,39.77,13.04,10.76,6.85,15.81,23.96,58.19,Kentucky Wildcats
Malachi Moreno,739.8,1293.3,10.17,115.46661032899918,105.29592591151406,115.47,103.94,40.56,86.12,11.98,33.73,22.36,30.19,16.59,36.95,15.9,10.06,6.76,16.13,23.12,53.54,Kentucky Wildcats
Mouhamed Dioubate,610.9,1052.3,9.25,115.738417795618,106.4915430407257,115.74,107.71,40.43,85.25,9.84,29.53,25.04,35.08,17.78,34.98,14.24,10.51,7.17,15.87,30.2,52.76,Kentucky Wildcats
Denzel Aberdeen,1025.8,1783.4,7.9,114.44506413831567,106.54490106544901,114.45,105.41,40.04,86.11,11.49,33.24,22.87,31.23,15.78,35.64,14.84,9.93,5.63,14.84,27.05,51.42,Kentucky Wildcats
Otega Oweh,1098.9,1923.5,4.53,113.04618255325767,108.51399444654474,113.05,107.86,39.5,85.42,10.47,31.36,23.58,32.55,15.76,35.35,15.14,9.95,6.48,14.88,26.02,51.11,Kentucky Wildcats
Collin Chandler,897.2,1567.5,4.04,114.33878871344841,110.29750464602826,114.34,111.2,40.23,86.41,11.79,34.27,22.1,30.36,15.69,36.45,14.54,9.48,6.28,14.86,27.93,52.14,Kentucky Wildcats
Brandon Garrison,543.9,951.8,2.68,111.98646433669963,109.30730281359293,111.99,110.72,39.76,87.24,10.26,32.99,22.21,31.09,15.97,36.06,12.06,9.73,6.45,13.96,30.24,52.03,Kentucky Wildcats
Andrija Jelavic,447.0,785.2,-0.39,108.31965660901402,108.7124132613724,108.32,106.8,38.88,89.89,12.12,37.37,18.43,24.74,16.66,37.37,16.54,8.96,5.43,15.02,22.72,54.03,Kentucky Wildcats
Jayden Quaintance,59.1,101.4,-10.29,92.97725024727993,103.27022375215147,92.98,103.86,32.64,83.09,3.96,21.76,23.74,35.61,16.82,34.62,13.85,9.89,6.92,16.82,31.65,51.44,Kentucky Wildcats
Jalen Reed,82.9,153.8,28.64,116.96284329563812,88.32188420019628,116.96,87.24,38.77,79.48,11.63,34.89,27.79,32.31,10.99,51.7,0.0,4.52,5.82,16.16,23.91,62.69,LSU Tigers
Dedan Thomas Jr.,393.0,677.1,16.39,120.16726579121122,103.78024755603464,120.17,102.41,43.14,83.78,10.12,28.76,23.77,31.99,13.06,39.18,9.24,8.36,6.6,14.09,25.53,52.24,LSU Tigers
Pablo Tamba,781.2,1314.4,5.66,118.16591894152538,112.50880164424231,118.17,112.39,41.44,85.77,10.42,29.28,24.87,33.15,15.59,35.28,15.44,8.36,5.55,14.07,27.3,50.87,LSU Tigers
Max Mackinnon,825.3,1414.0,4.08,117.13474727173356,113.05365438490726,117.13,112.41,41.18,84.77,9.59,27.64,25.18,32.37,15.59,35.4,15.87,8.04,6.14,15.44,26.37,50.99,LSU Tigers
Mike Nwoko,595.4,1015.7,2.31,118.9453125,116.63399260490857,118.95,114.75,42.09,87.01,10.64,28.32,24.12,31.25,16.89,34.57,15.53,7.81,4.88,15.04,26.95,51.46,LSU Tigers
Marquel Sutton,839.0,1429.7,1.68,115.89844023221654,114.2197663845562,115.9,114.22,40.92,85.47,9.79,28.4,24.27,31.62,15.88,35.6,14.62,8.39,5.88,15.39,25.6,51.48,LSU Tigers
Robert Miller III,479.4,809.4,-0.22,109.48021722265322,109.7036034928053,109.48,110.72,37.36,80.68,9.81,30.29,24.95,34.13,13.03,36.99,13.28,9.06,6.58,16.14,28.43,50.02,LSU Tigers
Rashad King,517.2,878.5,-3.39,110.07919776650903,113.47033910349336,110.08,113.73,37.6,83.19,9.0,28.94,25.87,33.96,15.61,34.41,14.81,8.09,5.58,16.3,29.86,50.02,LSU Tigers
Jalen Reece,633.0,1081.1,-7.44,111.82696732627704,119.2684003811383,111.83,118.09,38.01,83.57,9.57,28.53,26.23,34.97,15.46,34.05,16.29,8.1,4.33,15.28,28.99,49.51,LSU Tigers
Mazi Mosley,97.0,170.2,-10.97,97.87735849056605,108.85149963423555,97.88,109.67,32.43,79.6,8.84,30.66,24.17,33.02,12.38,33.02,14.74,12.38,5.9,17.1,27.12,45.4,LSU Tigers
PJ Carter,234.0,398.9,-12.15,113.4168380382626,125.56732223903175,113.42,124.14,39.14,81.76,11.47,31.16,23.68,33.15,13.46,33.4,15.21,7.23,4.24,15.95,27.42,46.86,LSU Tigers
Noah Collier,42.1,69.9,-1.92,99.88982739625413,101.813110181311,99.89,107.23,38.19,83.73,7.34,22.03,16.16,24.97,17.63,38.19,0.0,10.28,5.88,22.03,24.97,55.82,La Salle Explorers
Ashton Walker,763.8,1268.7,-8.84,100.43166607263079,109.26989979016727,100.43,110.33,35.56,86.65,8.63,28.51,20.67,29.94,18.53,35.33,12.2,9.43,4.04,17.66,26.93,53.86,La Salle Explorers
Jerome Brewer Jr.,450.4,744.0,-9.03,99.59008131173981,108.62405054782549,99.59,108.59,34.14,82.12,9.14,27.96,22.18,31.99,15.05,35.21,13.71,10.35,3.63,17.74,21.37,50.26,La Salle Explorers
Justin Archer,200.1,315.6,-9.5,101.73228346456693,111.23505976095618,101.73,109.92,36.85,90.39,5.67,23.31,22.36,31.5,23.62,33.7,0.94,9.76,3.46,18.27,27.09,57.32,La Salle Explorers
Eric Acker,418.7,683.7,-9.88,104.27574171029667,114.15541907248723,104.28,112.86,36.94,86.68,8.14,26.32,22.25,31.41,20.22,33.45,7.56,9.02,4.8,18.62,27.63,53.67,La Salle Explorers
Edwin Daniel,411.8,674.7,-10.07,96.53956358827419,106.61283690329333,96.54,104.77,36.15,85.23,7.05,24.69,17.19,26.16,16.75,34.68,10.43,10.58,7.35,19.1,28.8,51.43,La Salle Explorers
Rob Dockery,776.4,1276.4,-10.39,102.02204083230568,112.41107648891764,102.02,112.28,35.39,85.58,7.75,26.46,23.49,32.34,20.12,32.96,13.39,10.73,3.76,19.18,24.66,53.08,La Salle Explorers
Damon Strand,156.3,281.3,-13.52,97.90959442558513,111.42553944110365,97.91,112.56,33.59,84.33,7.15,26.09,23.58,30.73,17.51,34.66,8.93,12.51,3.22,18.58,24.66,52.17,La Salle Explorers
Nas Hart,156.1,262.2,-13.56,99.91286668602962,113.46984783017095,99.91,116.95,33.3,90.23,11.23,29.04,22.07,35.24,25.17,35.24,15.1,9.68,2.32,18.2,27.11,60.41,La Salle Explorers
Josiah Harris,499.7,826.1,-13.62,101.83841315916789,115.46266848402243,101.84,115.26,34.23,85.63,7.5,26.61,25.88,34.83,20.08,33.99,13.18,9.8,1.81,17.9,21.65,54.07,La Salle Explorers
5240616,28.9,50.5,-15.55,86.40157093765342,101.94902548725638,86.4,100.15,21.6,78.55,3.93,21.6,39.27,45.16,15.71,35.35,11.78,13.75,7.85,15.71,27.49,51.06,La Salle Explorers
Jaeden Marshall,639.4,1048.8,-16.41,97.1829311779389,113.58910003585514,97.18,112.97,33.95,85.39,7.61,26.72,21.68,29.95,17.97,34.33,10.94,9.22,3.23,18.35,24.82,52.3,La Salle Explorers
Jaden Johnson,523.4,862.1,-17.25,99.43753096494041,116.68638370314798,99.44,117.86,34.62,87.9,8.28,29.26,21.92,31.13,18.42,30.54,18.07,10.84,3.38,15.74,24.13,48.96,La Salle Explorers
Truth Harris,508.7,852.4,-20.05,98.56189770200147,118.60964428712354,98.56,121.22,34.75,85.28,8.66,29.53,20.4,30.24,16.96,32.38,16.01,10.2,4.86,17.32,27.16,49.34,La Salle Explorers
Bowyn Beatty,77.0,133.7,-27.14,91.97164207702625,119.10851297040557,91.97,124.93,32.19,81.24,4.6,22.23,22.99,31.42,19.93,35.26,5.37,9.96,1.53,23.76,26.06,55.19,La Salle Explorers
Misha Bednostin,262.9,422.6,-0.67,102.93849242562511,103.60904852357106,102.94,109.51,37.48,89.31,10.46,36.26,17.52,25.07,15.57,37.23,16.55,9.73,2.43,14.36,23.61,52.8,Lafayette Leopards
KaiMani Murdock,233.4,382.2,-2.86,108.44327176781003,111.29848229342328,108.44,113.19,40.37,88.39,12.66,35.62,15.04,21.11,12.4,36.94,21.37,7.12,2.9,13.98,25.33,49.34,Lafayette Leopards
Ryan Pettit,513.6,858.9,-5.96,103.87163256293243,109.82875233846596,103.87,112.35,36.74,84.79,9.66,31.33,20.73,30.03,13.9,36.63,15.66,7.77,3.42,14.84,27.2,50.53,Lafayette Leopards
Andrew Phillips,968.3,1596.8,-9.06,105.61388068146098,114.6707427394953,105.61,115.55,38.22,86.82,11.44,34.7,17.73,25.9,13.58,34.83,15.78,7.92,3.46,14.46,22.51,48.41,Lafayette Leopards
Mark Butler,987.8,1639.9,-10.19,102.7234509230488,112.91159327413102,102.72,112.72,36.8,86.15,10.97,34.3,18.16,26.08,13.46,34.42,15.17,7.92,3.59,14.93,23.88,47.88,Lafayette Leopards
Christian Humphrey-Rembert,874.2,1452.3,-10.58,102.97589302638156,113.56054613612135,102.98,113.8,36.67,85.54,11.3,35.57,18.33,26.67,13.3,36.05,14.41,7.38,3.79,15.09,22.88,49.35,Lafayette Leopards
Caleb Williams,916.7,1534.3,-10.69,102.20696419813635,112.89929681536938,102.21,113.65,36.62,86.58,11.51,36.42,17.46,25.5,14.06,34.72,14.06,7.85,3.47,15.37,23.54,48.78,Lafayette Leopards
Shareef Jackson,615.2,1016.6,-10.73,102.16567932407497,112.89358310083699,102.17,110.03,38.36,87.21,11.56,34.09,13.89,20.59,13.3,34.09,16.9,7.87,4.27,16.32,20.98,47.39,Lafayette Leopards
Joshua Wyche,74.1,115.8,-12.92,90.48152295632698,103.39795705649364,90.48,111.09,31.35,85.11,11.65,34.94,16.13,31.35,17.92,31.35,20.6,11.65,0.9,17.92,35.83,49.27,Lafayette Leopards
Folabomi Fayemi,70.0,116.3,-13.72,98.00520381613184,111.72707889125799,98.01,113.62,32.96,80.66,13.88,33.82,18.21,24.28,13.01,36.43,6.94,7.81,2.6,20.82,28.62,49.44,Lafayette Leopards
Luke Bevilacqua,176.4,289.3,-23.16,90.28945737806498,113.44644213724993,90.29,118.97,29.74,80.02,9.56,31.16,21.24,29.39,12.04,36.12,3.54,6.37,3.19,18.06,25.49,48.16,Lafayette Leopards
Errol White,631.6,1037.1,6.94,104.09424488219389,97.15234816936668,104.09,97.43,39.49,88.55,9.17,28.78,15.93,24.72,20.37,35.05,14.87,11.97,5.31,20.08,27.42,55.42,Lamar Cardinals
Spencer Ezewiro,98.8,161.0,5.45,101.51019772691889,96.06445615122405,101.51,96.53,37.99,93.41,11.83,34.87,13.7,23.04,20.55,37.99,7.47,9.34,8.72,16.19,30.52,58.54,Lamar Cardinals
Rob Lee Jr.,816.9,1351.4,4.72,108.40329890779404,103.6845983787767,108.4,104.54,40.2,90.27,10.62,30.46,17.39,24.07,19.54,37.89,15.6,8.77,6.39,17.83,25.86,57.43,Lamar Cardinals
Janko Bulajic,331.8,532.7,4.65,104.40269611358094,99.75568155626237,104.4,103.45,36.71,92.36,12.24,38.82,18.74,26.96,24.28,37.67,18.74,11.66,4.78,19.12,30.21,61.95,Lamar Cardinals
Braden East,664.4,1102.9,3.88,107.54763561281055,103.6653769546006,107.55,101.62,40.58,89.23,9.16,26.21,17.24,23.61,18.4,36.72,14.9,8.53,6.64,17.95,23.43,55.12,Lamar Cardinals
Cody Pennebaker,789.2,1292.0,3.09,107.2356935014549,104.14977803512835,107.24,104.68,40.81,91.1,10.32,29.72,15.29,22.5,19.4,35.77,16.45,9.47,6.75,17.61,24.52,55.17,Lamar Cardinals
Andrew Holifield,825.9,1377.4,1.64,107.61126248864667,105.97323468610598,107.61,106.16,39.09,91.92,10.61,31.53,18.82,25.43,21.29,36.62,14.53,8.57,7.05,17.29,26.16,57.91,Lamar Cardinals
Eian Lowe,493.5,809.9,-0.31,104.24012018272681,104.55322455322455,104.24,103.14,36.91,89.03,9.32,31.15,21.09,29.8,21.83,33.97,18.27,9.93,4.91,18.64,26.86,55.8,Lamar Cardinals
King-Njhsanni Wilhite,569.8,948.9,-0.64,105.27429508543618,105.90952031069591,105.27,106.76,38.83,90.99,10.9,30.15,16.72,24.76,19.79,38.3,14.28,8.89,7.62,17.03,26.35,58.09,Lamar Cardinals
Jayden Barrs,77.9,134.0,-2.89,90.70464767616193,93.59331476323119,90.7,94.45,35.98,88.46,9.75,32.98,9.0,17.99,14.99,38.23,0.0,12.74,14.24,17.99,26.24,53.22,Lamar Cardinals
Jayden Gambrell,299.1,512.0,-6.46,94.9284154331473,101.39018519428207,94.93,100.17,37.08,91.05,8.35,31.45,12.42,18.44,19.8,35.72,12.23,10.09,6.6,20.0,26.4,55.52,Lamar Cardinals
B.B. Knight,146.6,246.6,-12.3,97.57097468484164,109.87468671679197,97.57,112.33,34.44,85.68,9.43,36.49,19.27,25.83,16.81,35.26,14.76,11.48,6.97,18.86,28.7,52.07,Lamar Cardinals
Trevor Roe,108.9,205.6,22.27,121.31546894031669,99.04114577011774,121.32,99.39,39.95,79.9,16.08,38.49,25.33,34.1,10.72,39.46,15.59,8.77,3.41,14.62,21.44,50.18,Le Moyne Dolphins
Josiah Lee,53.7,100.3,19.78,115.08631473605205,95.3090096798213,115.09,96.07,42.03,87.07,14.01,36.03,17.01,23.02,13.01,40.03,11.01,9.01,2.0,15.01,24.02,53.04,Le Moyne Dolphins
Ametri Moss,55.3,96.8,15.65,112.97175706073482,97.32620320855615,112.97,90.98,45.99,85.98,9.0,29.99,12.0,19.0,13.0,34.99,0.0,14.0,3.0,18.0,24.99,47.99,Le Moyne Dolphins
Eli Greenberg,375.5,649.6,5.99,108.67309687584059,102.67874349585662,108.67,102.37,38.58,78.85,10.91,31.2,20.6,30.28,11.84,39.2,16.14,8.15,4.0,18.6,27.67,51.04,Le Moyne Dolphins
Tennessee Rainwater,700.3,1207.4,5.81,108.28379240120955,102.47003647733194,108.28,101.13,37.27,75.04,9.96,28.22,23.78,33.49,11.27,39.08,13.66,8.56,4.36,20.32,25.59,50.35,Le Moyne Dolphins
Shilo Jackson,801.1,1367.7,0.3,105.10237480452413,104.80477721635278,105.1,103.72,36.44,78.92,10.47,30.69,21.75,29.53,12.51,39.57,12.0,7.27,4.87,19.57,25.31,52.08,Le Moyne Dolphins
Trent Mosquera,906.2,1576.6,-1.36,107.08770602880465,108.4427707478977,107.09,107.09,37.38,79.29,10.84,31.89,21.49,28.87,11.35,37.25,12.16,8.0,4.29,18.34,25.09,48.6,Le Moyne Dolphins
Deng Garang,883.8,1540.2,-2.6,105.2768475468999,107.8733266344689,105.28,108.2,36.87,79.66,10.66,31.93,20.87,29.0,11.96,37.98,11.83,8.32,4.68,18.53,25.3,49.94,Le Moyne Dolphins
Samuel Hincapie,401.2,696.5,-4.63,101.05656580176814,105.68202186771822,101.06,105.94,34.5,78.2,10.06,31.77,21.99,30.76,13.51,38.38,12.79,6.9,4.74,20.7,25.88,51.89,Le Moyne Dolphins
Jakai Sanders,767.1,1341.0,-5.6,102.90419328999087,108.50746268656717,102.9,108.34,34.72,76.97,10.06,30.92,23.4,31.22,11.55,37.7,9.61,7.82,4.92,19.75,25.41,49.25,Le Moyne Dolphins
Isaac Nyakundi,170.9,306.2,-9.48,103.63036303630363,113.11303223721418,103.63,115.51,35.64,77.89,12.87,33.66,19.47,26.4,10.23,33.66,8.91,10.89,5.94,19.8,24.42,43.89,Le Moyne Dolphins
Jakob Blakley,455.9,786.4,-9.99,101.16086235489222,111.15335868187579,101.16,111.88,34.57,80.11,11.86,34.57,20.16,26.02,11.1,36.87,11.61,7.14,5.1,18.62,25.39,47.97,Le Moyne Dolphins
Hank Alvey,982.9,1641.6,2.66,108.62939544193242,105.96674773245232,108.63,105.05,39.18,81.4,11.1,29.54,19.17,26.14,10.98,35.3,16.92,9.22,5.28,17.16,21.05,46.28,Lehigh Mountain Hawks
Peter Kramer,630.7,1064.1,1.79,106.11391081106778,104.32197682249938,106.11,106.78,37.37,82.06,11.22,32.71,20.16,27.76,11.79,35.18,13.69,10.74,5.42,16.54,22.06,46.97,Lehigh Mountain Hawks
Joshua Ingram,1100.9,1845.8,0.32,105.80890336590663,105.48654384233788,105.81,105.92,37.89,80.84,10.86,29.8,19.16,26.06,10.91,34.96,15.58,9.93,4.94,17.7,22.75,45.87,Lehigh Mountain Hawks
Jalen Vazquez,643.5,1085.8,0.08,104.71106985379438,104.63548925087385,104.71,106.29,36.2,80.67,10.3,28.96,22.0,28.78,11.23,36.02,16.34,9.93,4.92,16.89,25.44,47.25,Lehigh Mountain Hawks
Andrew Urosevic,448.4,749.0,-1.01,107.85028155018217,108.85726780368017,107.85,107.19,39.22,83.6,12.98,36.7,16.43,22.52,11.53,34.98,16.96,8.88,4.37,17.22,24.78,46.51,Lehigh Mountain Hawks
Nasir Whitlock,1100.9,1840.3,-3.13,106.21585627700921,109.35017315135465,106.22,109.42,37.94,80.88,10.55,29.73,19.79,26.85,11.25,34.63,15.82,9.13,4.35,17.61,23.27,45.88,Lehigh Mountain Hawks
Edouard Benoit,595.4,973.4,-4.14,103.49235567827375,107.63396197208534,103.49,106.66,37.12,83.55,10.43,29.76,18.82,25.16,12.07,36.82,20.04,8.79,4.3,16.57,23.11,48.89,Lehigh Mountain Hawks
Jake Pike,147.9,250.2,-6.38,105.88474852372225,112.26692836113837,105.88,116.47,38.28,77.38,12.22,32.58,17.1,23.62,8.96,32.17,7.33,8.14,5.7,20.36,28.1,41.13,Lehigh Mountain Hawks
Henri Adiassa,88.9,144.9,-6.46,99.06439185470556,105.52027357107963,99.06,118.88,29.35,77.78,11.01,33.76,29.35,35.96,11.01,32.29,6.6,13.94,2.94,16.14,40.36,43.3,Lehigh Mountain Hawks
Caleb Thomas,443.3,745.8,-16.24,95.76328177538669,112.00588097704414,95.76,112.71,34.3,81.64,10.76,34.16,16.41,24.21,11.3,31.74,7.26,9.68,3.9,18.16,23.81,43.04,Lehigh Mountain Hawks
Alfredo Addesa,242.6,408.4,-22.83,92.45562130177515,115.28639182780007,92.46,116.86,32.3,82.35,10.85,33.28,17.01,23.67,13.56,35.5,7.64,7.89,3.7,19.97,26.63,49.06,Lehigh Mountain Hawks
Tommy Conniff,46.1,83.4,-43.32,75.63819728963126,118.95910780669145,75.64,131.11,30.26,83.2,12.61,50.43,2.52,8.82,11.35,27.73,7.56,17.65,0.0,23.95,32.78,39.08,Lehigh Mountain Hawks
Josh Smith,467.5,752.7,22.76,125.89641434262948,103.13320264478187,125.9,103.05,43.16,81.27,15.94,34.66,23.51,31.87,11.55,35.99,21.78,9.96,4.91,15.14,23.11,47.54,Liberty Flames
JJ Harper,848.3,1379.7,15.12,118.69673456778906,103.57226749543753,118.7,104.16,42.81,83.15,14.97,39.4,18.1,25.37,7.34,36.78,17.74,9.89,5.74,12.14,21.59,44.12,Liberty Flames
Zander Carter,411.7,678.0,14.91,115.9247975031582,101.01749505892687,115.92,102.55,42.36,82.04,15.01,39.68,16.2,24.67,8.62,36.86,18.43,11.89,5.35,14.86,22.14,45.48,Liberty Flames
Zach Cleveland,1075.5,1734.2,13.0,120.01442481067437,107.01936376210234,120.01,107.15,43.68,84.47,15.52,40.04,17.08,23.95,8.71,36.52,19.16,9.06,5.48,12.87,22.33,45.23,Liberty Flames
Brett Decker Jr.,1059.6,1709.1,12.94,121.37495984346252,108.431263370747,121.37,108.06,43.63,84.64,15.77,40.36,18.28,25.58,9.11,35.63,19.1,9.17,5.32,12.32,22.25,44.74,Liberty Flames
Kaden Metheny,1044.4,1693.0,11.23,119.68124209721529,108.45124736732818,119.68,107.51,42.93,84.34,15.88,40.76,17.88,25.05,9.06,35.23,19.05,9.06,5.23,12.82,21.41,44.29,Liberty Flames
Colin Porter,1027.6,1661.8,10.16,118.82792456227213,108.66417280077229,118.83,108.09,42.61,84.38,15.78,40.09,17.76,24.55,8.64,34.33,19.98,10.02,4.92,12.6,21.73,42.97,Liberty Flames
Zander Yates,159.7,259.8,3.67,117.33025581842662,113.65825467154691,117.33,113.48,42.32,86.56,22.31,53.09,10.39,16.16,8.46,32.7,13.08,11.16,3.08,14.23,23.47,41.16,Liberty Flames
Ryan Jones Jr.,127.0,205.7,2.83,108.40377921432123,105.57603138746879,108.4,110.39,40.78,89.01,15.91,45.25,10.94,17.9,13.43,38.29,7.46,9.95,4.48,15.91,25.86,51.72,Liberty Flames
Drew Grimes,33.4,60.3,-2.41,125.59139784946237,128.0,125.59,137.63,48.17,72.26,13.76,27.53,15.48,25.81,1.72,43.01,3.44,6.88,5.16,17.2,30.97,44.73,Liberty Flames
Tidiane d'Almeida,39.9,80.6,37.1,113.37579617834395,76.27118644067798,113.38,80.25,42.04,86.62,10.19,29.3,19.11,25.48,19.11,36.94,8.92,16.56,2.55,20.38,22.93,56.05,Lindenwood Lions
Jeremiah Talton,131.2,244.5,30.72,117.96695252039322,87.24362181090545,117.97,91.19,42.67,89.1,9.2,31.79,23.43,32.63,17.57,38.9,5.02,14.64,7.11,12.97,25.1,56.47,Lindenwood Lions
Todd Bieg,46.6,91.4,28.18,108.07768083309878,79.89347536617842,108.08,84.44,40.53,82.18,4.5,19.14,22.52,30.4,15.76,37.15,5.63,16.89,2.25,19.14,24.77,52.91,Lindenwood Lions
Clayton Jackson,755.3,1401.9,8.71,104.86971761718263,96.16444689439338,104.87,96.71,37.13,82.34,7.58,25.82,23.03,33.12,16.45,35.62,10.23,12.45,5.94,18.38,22.1,52.07,Lindenwood Lions
Milos Nenadic,848.4,1562.9,6.76,106.11751225412182,99.36170554849912,106.12,98.35,38.51,84.41,8.08,25.85,21.01,30.81,17.25,35.14,12.67,12.16,5.86,18.21,20.82,52.39,Lindenwood Lions
Jadis Jones,846.6,1557.9,6.45,106.0335537003973,99.58054497134258,106.03,100.05,38.28,84.93,8.17,25.93,21.3,31.59,18.14,35.39,12.16,12.61,5.6,18.21,22.84,53.53,Lindenwood Lions
Anias Futrell,933.2,1735.1,5.52,105.29352372710225,99.77689816480748,105.29,99.99,38.48,84.35,8.37,25.85,19.96,29.42,16.79,34.33,13.56,12.23,6.35,18.46,22.73,51.12,Lindenwood Lions
Mekhi Cooper,928.8,1726.6,4.67,104.26636209862801,99.59252331027682,104.27,99.29,37.42,84.6,8.39,26.31,21.05,30.71,17.35,35.57,12.32,11.68,5.96,18.16,22.96,52.92,Lindenwood Lions
Dontrez Williams,857.4,1575.7,4.2,103.66421124027951,99.46373850868233,103.66,98.3,37.1,83.66,7.95,24.54,21.52,31.74,17.79,35.59,12.93,11.55,6.25,19.05,23.22,53.38,Lindenwood Lions
Robert Lewis,484.7,893.8,3.89,104.09546753319515,100.20107238605898,104.1,100.51,37.99,84.26,7.73,25.1,20.39,29.36,16.47,33.73,13.0,11.77,4.82,18.26,25.21,50.2,Lindenwood Lions
Kevin Anthony,102.0,191.0,2.42,97.86428764530955,95.44358421119432,97.86,101.65,37.85,82.73,8.65,27.03,13.52,22.71,16.76,35.69,8.11,14.06,4.87,23.25,23.79,52.45,Lindenwood Lions
4873146,31.7,52.4,-7.19,97.56097560975611,104.75266731328807,97.56,101.31,31.89,90.06,5.63,33.77,28.14,52.53,26.27,39.4,7.5,7.5,9.38,11.26,26.27,65.67,Lindenwood Lions
Kellan Boylan,344.2,609.4,12.77,113.85419692128957,101.08303249097472,113.85,103.4,37.67,84.81,14.61,40.83,23.9,33.03,16.1,37.51,15.1,10.79,4.15,15.6,26.89,53.61,Lipscomb Bisons
Kennedy Okpara,351.3,632.2,11.74,109.3619226017297,97.62605454188738,109.36,99.16,39.7,87.04,15.3,41.93,14.67,20.57,14.35,38.1,15.3,10.68,4.94,17.54,21.68,52.45,Lipscomb Bisons
Ross Candelino,618.4,1084.4,6.5,116.07966070440716,109.57893280450122,116.08,109.53,41.49,89.43,18.16,46.56,14.94,19.92,13.28,35.04,20.56,8.48,4.06,14.38,21.76,48.32,Lipscomb Bisons
Grant Asman,821.3,1453.0,6.39,113.07542386036324,106.6886360125637,113.08,107.21,40.64,86.1,15.25,42.43,16.56,22.15,12.42,34.7,18.14,10.0,4.0,15.8,21.53,47.12,Lipscomb Bisons
Titas Sargiunas,686.7,1193.2,5.44,109.45252800167486,104.0115754817875,109.45,103.84,38.77,86.0,13.15,38.44,18.76,24.7,13.57,36.01,15.58,10.3,3.94,15.83,22.11,49.58,Lipscomb Bisons
Ethan Duncan,605.3,1065.4,5.3,113.51990540007884,108.2210978883109,113.52,105.64,40.99,87.92,16.23,42.94,15.3,19.57,12.71,33.94,19.01,9.0,3.9,15.49,22.26,46.65,Lipscomb Bisons
Mateo Esmeraldo,896.0,1580.5,4.78,114.05166981726529,109.27225945808583,114.05,108.38,41.27,87.52,16.51,43.73,15.0,20.16,12.04,34.09,17.96,9.64,3.65,14.93,21.87,46.13,Lipscomb Bisons
Or Ashkenazi,544.1,959.5,3.92,112.21315180684448,108.29310653078946,112.21,112.74,40.42,84.56,13.83,39.67,17.55,22.66,12.44,35.53,17.12,10.1,4.15,17.12,24.78,47.97,Lipscomb Bisons
Cole Middleton,310.2,537.8,-0.34,106.09129881754372,106.42690031652829,106.09,109.29,37.5,85.55,14.13,39.38,16.96,21.29,13.38,37.88,14.7,9.23,4.15,17.71,20.92,51.26,Lipscomb Bisons
Charlie Williams,634.7,1099.9,-0.39,110.77173691712483,111.16185604676654,110.77,110.14,41.72,88.69,14.84,41.63,12.49,16.38,11.49,33.39,17.19,9.32,3.44,15.02,22.44,44.88,Lipscomb Bisons
Joseph Thomas,113.8,194.6,8.23,107.91366906474819,99.67886962106616,107.91,99.69,38.03,83.76,10.79,25.69,21.07,28.78,15.42,38.54,16.96,7.71,7.19,17.99,29.8,53.96,Little Rock Trojans
Tuongthach Gatkek,900.0,1541.6,3.6,106.71585044249221,103.11590787185281,106.72,102.64,39.99,87.24,9.84,26.86,16.89,24.01,16.63,33.39,15.73,12.3,6.67,17.99,22.91,50.02,Little Rock Trojans
Cameron Wallace,881.7,1514.3,-0.07,105.68623575146603,105.75952613378779,105.69,105.29,39.73,87.83,9.75,26.75,16.47,24.51,17.2,33.27,16.41,11.4,6.39,17.72,22.67,50.47,Little Rock Trojans
Kachi Nzeh,903.9,1533.8,-5.81,100.96153846153845,106.77309082582313,100.96,106.03,37.75,86.6,9.75,27.94,15.72,22.87,16.37,33.39,14.94,12.02,6.37,18.91,21.18,49.76,Little Rock Trojans
Braxton Bayless,1052.8,1799.3,-6.55,100.815542628107,107.36132495526611,100.82,107.72,37.58,86.62,9.41,27.22,16.26,23.71,15.75,32.57,13.58,12.14,6.57,17.87,22.77,48.32,Little Rock Trojans
Johnathan Lawson,1131.5,1939.0,-7.18,101.60035992030336,108.78195760969365,101.6,108.13,38.05,85.97,9.15,26.38,16.35,23.91,16.04,32.03,13.73,11.88,6.12,18.72,22.73,48.07,Little Rock Trojans
Truman Claytor IV,444.1,761.9,-8.66,102.1237545883587,110.78257441356199,102.12,110.51,36.84,84.43,9.31,26.48,19.14,27.27,14.68,32.38,15.21,10.23,6.16,17.3,27.01,47.06,Little Rock Trojans
Tracy Steele Jr.,237.8,417.4,-12.53,98.54584785482514,111.07130060910069,98.55,111.77,35.09,81.72,9.13,27.64,19.23,28.36,17.55,33.65,9.85,8.65,7.69,22.35,24.04,51.2,Little Rock Trojans
Terrion Burgess,124.1,217.6,-15.44,96.95839645728935,112.39519601178336,96.96,115.6,38.69,81.11,9.32,19.58,10.26,18.18,17.71,31.7,0.0,11.19,4.66,27.97,21.44,49.41,Little Rock Trojans
Christian Hughes,120.4,216.7,-20.98,100.90256884980329,121.88110842819361,100.9,122.66,38.88,78.69,12.96,26.38,10.18,17.59,10.65,27.31,0.0,13.89,5.55,23.61,19.9,37.96,Little Rock Trojans
Caleb Pennyfeather,319.7,516.7,-25.08,96.99903194578896,122.07980652962516,97.0,122.17,37.75,86.54,8.71,25.36,12.78,19.36,18.2,30.59,9.1,10.65,7.74,22.46,23.62,48.79,Little Rock Trojans
Leopold Levillain,558.9,1005.0,2.08,107.56001789353347,105.48071416120919,107.56,105.27,38.87,81.51,9.05,26.74,20.78,28.03,11.73,34.59,14.61,10.04,3.38,16.9,26.54,46.32,Long Beach State Beach
Petar Majstorovic,956.5,1692.2,1.22,109.16501757391381,107.9419501669967,109.17,107.87,40.76,83.88,10.16,28.47,17.49,23.98,12.76,33.85,12.7,9.51,3.37,17.49,27.29,46.61,Long Beach State Beach
Isaiah Lewis,670.8,1188.1,-0.83,104.83632523759239,105.66259250718045,104.84,106.44,37.85,82.87,8.87,27.2,20.27,27.88,13.6,33.37,10.31,9.63,4.14,17.49,29.14,46.97,Long Beach State Beach
Gavin Sykes,875.0,1546.2,-1.8,106.59159304921853,108.39109990789666,106.59,108.53,38.7,83.1,10.16,29.19,19.03,25.5,12.17,33.65,12.17,8.87,4.08,16.96,27.83,45.82,Long Beach State Beach
JJ Chaikovsky,124.2,220.0,-2.81,93.10901129292463,95.92111160914388,93.11,98.64,35.49,90.8,8.3,35.95,13.83,19.36,13.83,30.88,8.3,12.45,4.15,13.83,33.19,44.71,Long Beach State Beach
Shaquil Bender,640.6,1165.0,-3.23,105.72232846981973,108.9490828047317,105.72,109.25,39.11,81.14,10.23,28.19,17.28,24.32,12.03,33.01,12.89,8.85,4.56,19.34,28.88,45.04,Long Beach State Beach
Christian Jones,162.4,287.8,-3.85,101.61823560118322,105.47315465348251,101.62,105.79,38.28,85.26,10.09,32.02,14.96,22.97,13.92,30.28,5.22,12.53,4.87,17.75,26.1,44.2,Long Beach State Beach
Rob Diaz III,687.3,1223.0,-3.97,103.65990416964013,107.63177309615541,103.66,107.09,38.09,83.11,10.03,29.28,17.45,24.06,12.4,33.28,13.95,10.03,3.59,17.86,27.73,45.68,Long Beach State Beach
Cole Farrell,632.7,1129.9,-7.42,102.11628425038984,109.53364687266493,102.12,111.03,38.49,85.1,8.02,27.36,17.11,24.06,13.1,33.06,12.21,9.89,3.12,16.57,27.36,46.16,Long Beach State Beach
Shay Johnson Jr.,482.0,843.1,-7.57,104.06348827495673,111.63174490908554,104.06,113.01,38.55,83.3,10.02,29.48,16.95,24.11,11.7,32.34,11.7,8.47,5.01,16.95,29.95,44.04,Long Beach State Beach
Derrick Michael Xzavierro,134.0,244.8,-11.0,95.05941213258286,106.06363818290976,95.06,110.49,35.86,87.14,9.59,29.18,13.76,19.18,20.01,33.77,5.84,10.84,4.17,23.76,30.44,53.78,Long Beach State Beach
Dallas Washington,229.0,410.0,-25.32,87.48540885912637,112.80561607358992,87.49,114.52,30.96,78.39,8.36,28.26,17.2,25.31,12.53,30.23,8.6,8.6,4.91,22.12,28.75,42.76,Long Beach State Beach
5175029,33.5,56.6,21.92,110.02661934338953,88.10572687224669,110.03,88.73,31.94,65.66,8.87,24.84,37.27,46.14,12.42,47.91,21.3,7.1,10.65,24.84,19.52,60.33,Long Island University Sharks
Caleb Johnson,239.1,409.6,8.67,107.62331838565022,98.95707009459132,107.62,100.25,38.33,84.77,7.13,24.82,23.83,34.65,17.69,36.12,16.46,14.5,8.35,16.46,27.77,53.81,Long Island University Sharks
Tre'shawn Sheppard,232.5,393.2,6.77,117.73778920308484,110.96433289299867,117.74,113.37,44.22,85.35,8.23,24.16,21.08,30.85,17.48,33.16,6.17,11.57,7.46,17.48,26.99,50.64,Long Island University Sharks
Jamal Fuller,1058.1,1790.7,5.25,109.25941434274068,104.01072505865265,109.26,103.96,40.53,85.53,8.93,24.68,19.26,28.7,16.58,34.11,14.13,11.39,7.82,17.42,26.13,50.69,Long Island University Sharks
Malachi Davis,1008.7,1733.2,4.24,109.98351981958541,105.74792044440606,109.98,106.22,41.4,86.1,7.81,23.42,19.37,29.26,17.69,33.77,13.7,11.16,8.15,17.69,26.25,51.46,Long Island University Sharks
Mason Porter-Brown,659.6,1125.8,3.48,108.60660324566311,105.1263410658031,108.61,106.82,39.4,82.91,8.51,24.53,21.31,30.89,16.3,34.56,14.15,10.92,7.97,18.71,26.77,50.86,Long Island University Sharks
Jomo Goings,1010.0,1735.5,3.06,108.04860738959778,104.99169006819875,108.05,106.14,40.44,83.08,8.57,22.42,18.6,28.79,15.82,34.36,13.21,11.93,8.0,19.06,26.19,50.18,Long Island University Sharks
Greg Gordon,1115.3,1901.1,2.16,107.85995092477772,105.70331240414738,107.86,106.38,40.9,85.01,8.44,23.96,17.62,27.33,16.68,33.77,13.46,11.61,7.97,18.68,27.39,50.45,Long Island University Sharks
Shadrak Lasu,710.6,1186.6,0.21,104.39317785114928,104.18117731484413,104.39,103.8,39.2,87.15,8.92,24.39,17.08,25.99,17.58,33.82,13.38,10.77,7.65,18.09,25.91,51.4,Long Island University Sharks
A.J. Neal Jr.,106.5,188.4,-5.45,97.54783077337645,102.99307280094105,97.55,106.17,35.57,79.22,8.62,21.56,17.78,31.26,15.63,33.95,8.08,11.32,8.08,21.56,23.17,49.58,Long Island University Sharks
Faheim Meran,233.4,417.3,-6.11,102.48353374826273,108.58975882143281,102.48,110.46,37.46,85.32,9.91,25.86,17.64,26.83,18.85,31.66,9.91,12.81,7.25,20.79,22.48,50.51,Long Island University Sharks
Max Ndlovu-Fraser,42.6,76.0,-22.74,108.32232496697489,131.06159895150722,108.32,132.1,43.59,83.22,9.25,27.74,11.89,15.85,15.85,22.46,13.21,11.89,3.96,25.1,31.7,38.31,Long Island University Sharks
Isaiah Miranda,103.7,198.0,-27.96,91.17534700114606,119.13402577900136,91.18,121.23,34.13,75.89,8.66,26.49,14.26,23.94,10.19,31.58,13.24,9.17,8.15,22.92,22.92,41.77,Long Island University Sharks
KJ McClurg,53.1,92.6,26.24,111.31924003211134,85.08317425688574,111.32,83.49,35.32,85.63,7.49,28.9,33.18,46.03,24.62,43.89,0.0,12.84,3.21,17.13,40.67,68.51,Longwood Lancers
Jaylin Payne,208.7,357.9,11.99,103.3210332103321,91.33425034387895,103.32,94.24,40.59,81.75,9.37,28.95,12.77,19.3,14.48,38.32,5.96,11.92,3.41,23.56,28.38,52.8,Longwood Lancers
Redd Thompson Jr.,666.8,1162.2,9.91,110.78418830753488,100.87681222328327,110.78,99.1,38.63,83.83,9.98,30.19,23.54,32.24,17.4,35.31,12.03,10.58,2.3,18.25,28.4,52.71,Longwood Lancers
Elijah Kelly,303.1,528.9,9.47,108.96057347670252,99.49039225770255,108.96,101.7,40.53,79.52,9.56,27.91,18.35,25.81,15.29,37.85,12.43,12.81,3.44,23.51,24.66,53.14,Longwood Lancers
Jaylen Benard,600.1,1047.2,7.49,108.8402467045592,101.3457776520776,108.84,104.0,37.54,84.85,10.26,32.12,23.51,34.35,18.96,35.89,11.13,11.51,3.29,17.8,30.96,54.85,Longwood Lancers
Alphonzo Billups III,709.4,1238.9,6.66,108.9811567011991,102.3224234678595,108.98,104.49,37.52,83.61,9.05,28.88,24.88,32.96,16.72,32.96,10.03,13.95,4.0,17.46,25.61,49.68,Longwood Lancers
Elijah Tucker,805.5,1401.4,3.23,107.57405524940702,104.34844672840498,107.57,104.29,38.31,82.25,8.56,26.39,22.4,30.46,17.12,34.95,12.34,11.77,2.78,20.4,25.68,52.07,Longwood Lancers
Jacoi Hutchinson,848.2,1485.4,2.05,106.65320884851543,104.6073016300687,106.65,104.5,36.81,80.81,8.01,25.97,25.03,33.31,16.01,33.91,10.09,12.31,3.03,19.38,25.97,49.92,Longwood Lancers
Elijah Jones,448.0,774.6,0.86,106.1094294177001,105.24631093755002,106.11,107.02,35.93,84.63,9.37,30.08,24.87,33.46,19.53,33.85,7.94,13.54,2.99,19.01,30.47,53.38,Longwood Lancers
Johan Nziemi,730.8,1272.2,-0.77,104.70544208307892,105.47778692702818,104.71,105.97,36.24,80.6,7.8,26.71,24.42,32.22,15.52,35.06,12.45,11.35,3.23,19.62,25.76,50.58,Longwood Lancers
Emanuel Richards,799.4,1392.7,-2.39,104.66801971585969,107.05838416531806,104.67,109.09,36.39,80.46,7.03,23.78,24.86,33.05,16.74,33.92,9.71,11.96,2.83,20.59,26.67,50.66,Longwood Lancers
Todd Jones Jr.,539.2,844.2,-4.34,104.90592998332937,109.24840163813676,104.91,110.38,38.1,87.88,11.67,33.46,17.03,24.77,14.17,31.2,12.62,10.12,6.19,14.53,29.65,45.37,Louisiana Ragin' Cajuns
De'Vion Lavergne,974.0,1559.4,-7.41,100.85702843412095,108.27115924588848,100.86,108.1,35.82,87.79,11.41,35.11,17.81,25.31,15.7,31.53,12.69,10.12,5.19,15.89,30.12,47.23,Louisiana Ragin' Cajuns
Jeremiah Evans,338.2,537.0,-7.44,96.3676108087996,103.81138756872612,96.37,103.62,34.23,84.28,12.46,34.6,15.44,22.14,16.0,35.53,12.28,10.05,6.14,21.21,32.74,51.53,Louisiana Ragin' Cajuns
Karris Bilal,433.3,699.3,-7.61,104.04624277456647,111.65752697682647,104.05,114.02,35.4,87.72,11.85,33.67,21.39,28.9,15.9,29.91,15.17,11.13,4.62,14.45,29.19,45.81,Louisiana Ragin' Cajuns
Dorian Finister,990.4,1573.2,-9.75,100.86226096916859,110.6101974728554,100.86,110.85,35.89,88.07,12.09,36.02,16.99,24.31,16.16,31.31,11.9,9.23,5.66,16.55,29.78,47.47,Louisiana Ragin' Cajuns
Milan Mejia,620.1,997.8,-11.43,95.51910382076416,106.95187165775401,95.52,106.52,34.31,89.42,12.3,39.21,14.6,20.8,15.5,32.91,11.9,9.1,6.2,16.2,27.51,48.41,Louisiana Ragin' Cajuns
Joshua Lewis,397.6,650.0,-12.19,99.1621714679215,111.35168574079802,99.16,110.18,35.35,82.48,11.94,33.97,16.53,24.64,13.01,32.44,7.96,8.88,4.28,18.82,34.58,45.45,Louisiana Ragin' Cajuns
Jaxon Olvera,952.6,1536.3,-12.48,98.74221991701245,111.22183921190636,98.74,110.35,34.82,86.03,11.86,34.82,17.25,24.9,14.98,32.68,11.15,8.56,5.32,17.12,29.56,47.66,Louisiana Ragin' Cajuns
Jamyron Keller,59.2,94.4,-18.34,93.72559229367351,112.0689655172414,93.73,108.31,35.41,79.15,11.46,34.37,11.46,19.79,9.37,32.28,0.0,8.33,6.25,20.83,39.57,41.65,Louisiana Ragin' Cajuns
Mike Collins,282.4,442.8,-18.55,90.73937885387792,109.28961748633881,90.74,109.75,31.0,82.37,12.45,32.81,16.29,23.31,13.35,32.58,10.41,8.83,6.11,19.91,30.1,45.93,Louisiana Ragin' Cajuns
Dariyus Woodson,618.6,988.1,-20.97,93.07960224117915,114.04510057580599,93.08,113.47,33.01,86.52,12.01,36.85,15.04,22.01,14.44,33.42,11.41,7.37,5.35,17.47,28.67,47.86,Louisiana Ragin' Cajuns
Kyran Ratliff,258.0,399.8,-21.48,90.8181135851889,112.29913086975552,90.82,112.33,32.02,88.82,11.01,35.03,15.76,23.02,18.51,31.77,7.26,7.51,5.0,18.76,28.02,50.28,Louisiana Ragin' Cajuns
Kylan Howze,251.3,419.6,13.68,103.6922528093228,90.01372888437892,103.69,89.66,37.81,89.66,9.28,28.54,18.79,28.78,20.93,38.29,8.32,13.08,5.71,17.6,21.88,59.22,Louisiana Tech Bulldogs
Kaden Cooper,708.4,1183.2,9.36,104.63114582021247,95.2705001701259,104.63,94.05,38.54,84.31,7.89,26.45,19.65,30.73,18.64,38.04,14.02,12.26,7.47,19.73,23.51,56.68,Louisiana Tech Bulldogs
Jaylen Fenner,634.5,1036.1,7.09,104.19876733436055,97.11273395560285,104.2,96.69,37.75,88.21,8.57,29.08,20.13,29.28,20.51,38.42,14.73,10.98,7.22,18.39,26.29,58.93,Louisiana Tech Bulldogs
Jermaurhiyun Anderson,49.7,81.6,7.09,86.28659476117103,79.1958574474566,86.29,80.12,34.51,104.78,7.4,20.96,9.86,18.49,32.05,54.24,0.0,6.16,6.16,18.49,17.26,86.29,Louisiana Tech Bulldogs
Avery Thomas II,783.7,1282.2,5.69,105.02503818564992,99.33345130655343,105.03,97.68,37.59,88.47,7.73,28.77,22.12,32.4,20.26,37.04,15.08,11.37,6.34,16.4,27.15,57.3,Louisiana Tech Bulldogs
Scooter Williams,572.5,939.8,5.58,105.52042930768823,99.93873691500413,105.52,99.68,39.0,90.75,8.82,29.75,18.7,29.54,21.78,38.36,11.26,11.48,7.65,17.0,23.17,60.14,Louisiana Tech Bulldogs
Will Allen,491.9,781.2,5.46,103.92100469753618,98.46469438123016,103.92,98.17,37.32,88.45,9.33,32.08,19.94,31.57,21.86,36.94,14.83,13.17,7.16,18.41,27.74,58.8,Louisiana Tech Bulldogs
AJ Bates,1080.9,1763.8,5.18,106.63520422495645,101.4505192687323,106.64,99.61,38.77,86.69,9.1,28.99,20.0,29.44,19.21,36.24,14.94,10.73,6.57,18.54,25.11,55.45,Louisiana Tech Bulldogs
DJ Dudley,1000.5,1617.5,2.76,104.9812533476165,102.2246506908126,104.98,100.21,38.01,86.62,9.3,30.24,19.65,29.08,19.77,36.61,14.39,10.59,6.79,19.34,23.14,56.38,Louisiana Tech Bulldogs
Will Jeffress,130.6,207.2,1.12,85.72116542258608,84.60236886632826,85.72,84.28,33.71,86.68,3.85,28.41,14.45,26.01,18.78,46.23,0.48,9.15,7.22,19.74,23.6,65.01,Louisiana Tech Bulldogs
Sir Issac Herron,341.2,558.4,-0.47,105.6058511349953,106.0769507371449,105.61,105.25,40.14,86.16,7.31,25.33,18.02,28.01,19.27,36.39,10.7,9.45,5.53,19.8,23.55,55.66,Louisiana Tech Bulldogs
Melian Martinez,434.1,699.4,-2.28,100.09924854671772,102.38292656548542,100.1,100.67,36.3,83.94,9.78,30.06,17.72,26.66,16.02,38.57,17.01,9.07,10.78,19.42,25.8,54.59,Louisiana Tech Bulldogs
Khani Rooths,416.9,733.7,22.22,116.45829765370783,94.24048272822807,116.46,95.22,38.91,83.58,14.52,44.12,24.11,30.83,15.21,42.06,14.66,10.0,7.26,16.99,27.26,57.27,Louisville Cardinals
Aly Khalifa,376.5,668.9,21.32,114.73291742035512,93.41054464251921,114.73,91.11,41.35,87.71,16.98,47.84,15.06,19.34,12.85,40.31,18.9,10.34,3.99,15.95,27.17,53.16,Louisville Cardinals
Mikel Brown Jr.,536.1,981.0,18.26,119.33780215315863,101.07675388117343,119.34,100.35,39.61,83.38,16.76,44.28,23.36,30.06,14.02,37.48,13.41,8.43,5.08,16.35,22.85,51.5,Louisville Cardinals
Adrian Wooley,696.4,1231.6,17.23,116.34124605039293,99.11101165652909,116.34,98.68,40.91,87.58,16.28,46.83,18.23,24.95,16.45,39.54,16.28,9.72,4.37,17.01,26.17,55.99,Louisville Cardinals
Sananda Fru,690.6,1227.5,16.42,116.34685450570805,99.92827133927656,116.35,98.7,39.83,85.42,15.38,43.56,21.29,28.82,16.76,38.54,14.65,8.5,5.26,17.65,23.88,55.3,Louisville Cardinals
Kobe Rodgers,426.6,750.0,16.15,112.12070410729254,95.97348798674399,112.12,97.1,38.22,84.76,15.56,46.14,20.12,26.15,15.29,39.7,14.48,10.33,4.69,18.11,29.64,54.99,Louisville Cardinals
Isaac McKneely,905.1,1594.4,14.93,115.08331260880378,100.15817779183803,115.08,98.42,39.79,85.8,15.42,44.95,20.08,26.36,15.17,38.86,15.85,8.83,4.54,16.85,23.87,54.03,Louisville Cardinals
J'Vonne Hadley,844.1,1494.8,13.48,117.19634885735223,103.71290869703942,117.2,102.87,40.51,85.55,16.12,44.31,20.05,26.92,14.86,37.51,17.32,8.66,4.26,16.52,26.18,52.37,Louisville Cardinals
Vangelis Zougris,183.5,314.1,13.23,120.5719857003575,107.34066619861142,120.57,111.8,40.62,81.9,15.6,41.6,23.72,29.9,14.95,37.05,18.52,11.7,4.22,18.85,28.27,52.0,Louisville Cardinals
Ryan Conwell,938.1,1649.5,13.07,117.42664611851448,104.35258525016344,117.43,103.71,41.1,86.73,16.38,45.75,18.86,25.02,15.77,37.11,16.98,9.49,4.47,17.16,25.81,52.88,Louisville Cardinals
Kasean Pryor,128.0,239.0,7.49,109.83692793266701,102.35073850634491,109.84,103.52,37.03,79.12,12.62,38.72,23.15,31.56,13.05,34.51,11.36,13.47,5.05,18.94,30.3,47.56,Louisville Cardinals
Xavier Amos,494.8,815.0,-3.26,103.25155095551331,106.50887573964496,103.25,109.99,35.54,82.18,13.34,41.03,18.83,27.81,15.46,40.15,17.83,6.11,5.36,20.08,27.31,55.61,Loyola Chicago Ramblers
Chuck Love,288.1,458.6,-5.69,111.69090707227711,117.37617135207496,111.69,121.68,37.75,81.27,14.21,39.52,21.98,32.42,15.1,34.42,1.55,4.66,6.66,18.43,25.54,49.52,Loyola Chicago Ramblers
Deywilk Tavarez,716.2,1180.3,-8.0,103.50114464536998,111.50510531037725,103.5,109.63,35.45,82.08,13.36,40.75,19.24,27.47,14.03,37.3,14.37,6.72,5.04,18.9,25.12,51.33,Loyola Chicago Ramblers
Miles Rubin,949.5,1556.0,-11.4,101.85200135630438,113.25520791699309,101.85,114.38,35.52,81.89,12.59,38.62,18.21,26.29,14.14,36.17,14.34,6.59,6.2,19.76,24.87,50.31,Loyola Chicago Ramblers
Daniil Glazkov,297.8,503.1,-11.97,96.7032967032967,108.67253214734605,96.7,114.9,33.32,77.49,12.88,38.64,17.17,27.6,11.45,37.41,17.99,6.75,5.11,20.85,25.96,48.86,Loyola Chicago Ramblers
Kayde Dotson,725.1,1158.4,-13.07,103.56381358513556,116.63455362877329,103.56,118.53,35.51,83.98,13.75,41.51,18.8,27.68,16.71,36.03,13.49,5.31,6.18,19.58,26.28,52.74,Loyola Chicago Ramblers
Alexander Richardson,372.3,609.4,-13.25,101.96240446188804,115.21694846200856,101.96,116.84,35.36,85.77,13.22,43.13,18.01,28.92,18.18,36.85,16.2,5.78,4.63,18.67,27.27,55.03,Loyola Chicago Ramblers
Justin Moore,628.6,1035.4,-14.15,102.55173411798756,116.69728318669632,102.55,116.44,35.12,82.0,12.73,40.13,19.58,28.75,14.76,33.28,8.59,5.88,5.6,19.1,24.79,48.04,Loyola Chicago Ramblers
Nic Anderson,434.6,711.5,-14.2,98.72544187029084,112.92302297036647,98.73,113.37,35.21,83.94,9.72,36.19,18.59,27.89,15.63,38.31,20.84,6.48,6.06,18.45,29.01,53.94,Loyola Chicago Ramblers
Kymany Houinsou,484.0,805.9,-16.04,99.25250457492012,115.29273060097422,99.25,115.26,34.61,84.36,11.17,38.58,18.86,27.17,17.74,34.37,10.92,6.2,5.21,20.47,26.3,52.11,Loyola Chicago Ramblers
Joshua Ola-Joseph,609.5,1013.6,-16.97,100.37294079873547,117.34568205330311,100.37,117.66,34.68,82.0,11.66,38.73,19.36,28.75,16.0,35.07,15.12,5.93,5.73,20.35,25.88,51.07,Loyola Chicago Ramblers
Caleb Reese,218.7,375.7,-24.31,94.74684403420659,119.05228118269042,94.75,123.8,33.39,78.46,10.32,32.85,17.65,28.78,15.2,35.84,20.36,6.79,5.97,23.08,28.51,51.04,Loyola Chicago Ramblers
Brayden Young,35.5,55.0,-27.88,96.89213893967093,124.7739602169982,96.89,126.14,34.73,65.81,10.97,31.08,16.45,21.94,10.97,38.39,16.45,1.83,3.66,34.73,38.39,49.36,Loyola Chicago Ramblers
Dominick Harris,38.3,63.4,-36.19,89.22495274102079,125.41254125412541,89.22,114.93,31.76,80.15,13.61,40.83,12.1,22.68,15.12,36.29,0.0,1.51,7.56,24.2,24.2,51.41,Loyola Chicago Ramblers
Troy Cicero Jr.,394.8,684.0,9.65,114.08589225221286,104.43328077444905,114.09,103.74,41.23,91.06,18.8,49.1,12.82,18.5,14.13,37.01,12.97,9.76,5.1,14.28,21.86,51.14,Loyola Maryland Greyhounds
Carter Berg-McLean,334.3,572.1,1.55,106.7093504068294,105.15463917525774,106.71,108.84,36.99,85.01,12.45,37.35,20.27,30.06,16.01,40.91,13.87,7.83,7.47,16.72,25.79,56.92,Loyola Maryland Greyhounds
Sebastien Emenalo,387.9,672.6,0.02,111.14426376249442,111.1275744554749,111.14,111.89,38.79,87.27,14.77,41.03,18.8,28.05,14.62,35.95,10.74,9.4,5.97,14.02,26.26,50.57,Loyola Maryland Greyhounds
Jonas Sirtautas,364.8,605.8,-0.09,107.00170570370679,107.09460842510339,107.0,108.83,37.44,83.21,11.65,37.94,20.47,30.45,16.14,36.44,6.49,8.49,7.49,18.47,22.3,52.58,Loyola Maryland Greyhounds
Emmett Adair,596.5,1035.9,-4.75,108.7117325634112,113.45717284643737,108.71,110.91,39.32,88.95,14.79,43.14,15.27,22.05,14.51,33.41,13.93,8.97,3.15,15.08,22.91,47.92,Loyola Maryland Greyhounds
Garrett Brennan,49.4,83.2,-5.27,91.64908049442268,96.91893508824408,91.65,97.68,34.97,85.62,8.44,41.0,13.26,27.74,16.88,44.62,1.21,9.65,6.03,18.09,31.35,61.5,Loyola Maryland Greyhounds
Jordan Stiemke,779.1,1343.3,-5.67,105.9013293286612,111.57403082671648,105.9,110.72,37.82,86.1,13.27,40.86,16.98,23.95,13.27,35.3,10.23,8.45,4.75,15.8,23.58,48.57,Loyola Maryland Greyhounds
Braeden Speed,923.4,1568.5,-5.89,106.69126652140028,112.57886750259564,106.69,112.1,37.15,86.78,13.04,41.04,19.34,27.17,14.76,34.23,10.82,9.1,5.03,15.08,24.11,48.99,Loyola Maryland Greyhounds
Jacob Theodosiou,591.9,1050.6,-7.58,101.96998123827392,109.54669500326033,101.97,106.38,36.21,83.58,12.29,39.02,17.26,26.27,13.6,33.02,6.75,10.23,4.03,17.54,23.64,46.62,Loyola Maryland Greyhounds
Sam Springer,487.9,824.7,-7.75,105.89239965841162,113.64526528275738,105.89,115.04,38.06,86.13,12.81,38.92,16.96,25.86,14.64,35.74,10.25,7.81,5.12,16.23,21.35,50.38,Loyola Maryland Greyhounds
Tyson Commander,637.9,1071.0,-8.38,104.62586321067072,113.00320298638155,104.63,115.98,36.8,88.45,12.49,40.58,18.54,26.11,16.27,35.47,11.45,8.14,4.35,15.42,23.84,51.74,Loyola Maryland Greyhounds
Everett Barnes,160.6,271.5,-13.27,92.1102302755757,105.37673080381226,92.11,110.61,34.73,87.2,13.59,40.77,9.06,16.61,14.72,43.04,3.78,8.31,6.04,19.63,23.78,57.76,Loyola Maryland Greyhounds
Jael Martin,99.8,187.8,22.22,121.22852117440131,99.00471451021477,121.23,102.29,42.75,78.47,7.58,26.52,28.14,37.34,10.82,38.97,8.66,9.2,9.2,14.61,21.11,49.79,Loyola Marymount Lions
Jan Vide,751.5,1243.9,6.81,110.96826034552029,104.16038285978564,110.97,104.06,40.42,85.42,12.62,33.19,17.52,24.11,13.1,36.88,14.38,7.87,5.3,16.23,24.59,49.98,Loyola Marymount Lions
Aaron McBride,819.4,1395.3,6.46,107.05509455464939,100.5967297048802,107.06,99.36,38.89,84.62,10.83,32.55,18.45,25.78,13.6,36.4,10.19,9.05,5.48,16.74,25.93,50.0,Loyola Marymount Lions
Jalen Shelley,740.4,1267.2,3.2,107.41096454262137,104.21382898447118,107.41,102.86,38.65,85.14,12.31,34.1,17.8,25.17,13.8,36.77,10.35,7.92,6.04,16.7,26.97,50.57,Loyola Marymount Lions
Rodney Brown Jr.,967.2,1625.4,2.79,107.32481161719394,104.53177828096405,107.32,102.81,38.81,85.42,12.02,33.68,17.63,24.53,14.09,34.72,12.14,8.05,5.37,17.02,25.38,48.81,Loyola Marymount Lions
Rick Issanza,461.7,752.9,1.44,103.5923141186299,102.1546177450754,103.59,103.46,37.69,84.34,11.5,34.62,16.57,23.39,13.9,37.43,9.89,7.75,7.75,18.45,25.13,51.33,Loyola Marymount Lions
Myron Amey Jr.,932.6,1591.0,0.92,106.3333176684368,105.41413822996294,106.33,104.77,37.72,83.53,12.03,34.46,18.8,26.51,12.97,35.21,12.53,8.77,5.51,16.86,26.69,48.18,Loyola Marymount Lions
Rokas Jocius,388.0,663.0,0.48,105.73813642174927,105.25917804075769,105.74,104.69,40.01,86.79,13.69,33.09,12.03,18.95,13.99,37.0,13.39,7.67,4.21,18.2,25.72,50.99,Loyola Marymount Lions
Josh Dalton,326.8,578.2,-0.37,106.35617152539427,106.72634161036278,106.36,107.75,35.97,79.25,12.69,34.58,21.55,28.33,10.77,35.28,12.16,9.04,6.26,18.07,24.33,46.05,Loyola Marymount Lions
AJ Thomas,390.1,702.9,-3.95,102.18359126563494,106.13384896336879,102.18,104.73,36.89,82.82,10.03,31.66,18.23,25.16,12.3,33.21,10.18,9.61,6.22,17.53,28.69,45.51,Loyola Marymount Lions
Nakyel Shelton,207.8,370.7,-14.01,97.42351046698872,111.43496238053278,97.42,110.31,34.89,84.54,9.39,35.43,18.25,25.76,13.69,33.28,8.32,9.66,8.32,16.91,27.64,46.97,Loyola Marymount Lions
Logan Carey,752.6,1219.7,-1.17,99.89346881914284,101.0623026126902,99.89,100.96,36.14,77.85,9.75,28.03,17.86,28.52,8.93,33.27,16.06,12.54,4.75,17.54,24.67,42.2,Maine Black Bears
Caleb Crawford,567.9,934.0,-2.9,98.26652221018418,101.16937404095454,98.27,103.58,34.34,77.57,9.43,29.79,20.15,30.34,9.1,32.72,13.87,12.89,4.01,17.12,26.11,41.82,Maine Black Bears
Ace Flagg,706.4,1161.7,-3.6,98.12983198721548,101.73271573168641,98.13,102.45,35.33,77.4,9.5,29.11,17.97,28.85,8.47,33.17,14.34,12.7,4.41,17.36,25.48,41.64,Maine Black Bears
TJ Biel,871.2,1426.0,-5.21,96.92621509460506,102.14104692825308,96.93,102.76,33.97,77.02,9.64,30.03,19.34,28.98,9.21,33.76,12.45,11.75,5.13,18.43,24.83,42.97,Maine Black Bears
Mekhi Gray,647.5,1059.8,-7.3,96.91441601938288,104.21010706838787,96.91,105.66,34.3,75.44,8.93,27.93,19.38,30.5,8.36,32.78,13.59,12.64,5.32,18.43,25.18,41.14,Maine Black Bears
Keelan Steele,422.2,698.8,-7.9,96.1781827385472,104.07448051258453,96.18,106.3,34.86,75.5,9.11,26.47,17.36,29.36,9.83,33.41,10.7,11.71,5.93,20.39,25.02,43.24,Maine Black Bears
Ryan Mabrey,770.0,1264.9,-8.85,95.81122812574233,104.65873438702423,95.81,105.0,34.68,78.71,10.06,30.41,16.39,25.66,9.19,33.57,13.78,11.72,5.07,18.29,22.65,42.76,Maine Black Bears
Yanis Bamba,262.7,427.2,-14.77,91.67700395770571,106.44712430426718,91.68,108.45,31.66,78.45,8.27,31.43,20.08,30.95,11.81,34.26,8.74,10.87,4.73,18.67,25.75,46.07,Maine Black Bears
Amare Allen,307.7,498.7,-18.09,84.19557719618584,102.28455324842658,84.2,104.69,30.64,78.72,6.9,28.4,16.03,25.16,8.93,36.32,14.4,11.36,3.25,18.26,21.3,45.25,Maine Black Bears
Bashir N'Galang,223.8,381.5,-18.15,84.25249169435216,102.39834507725128,84.25,105.25,30.03,72.82,7.97,26.31,16.21,29.24,8.5,36.68,2.39,9.3,6.91,21.79,27.64,45.18,Maine Black Bears
Isaac Bonilla,131.6,230.2,-18.53,80.86193491058536,99.39471169162152,80.86,103.97,29.32,73.75,5.78,27.99,16.44,25.32,8.0,37.77,3.55,7.55,6.22,22.21,30.21,45.77,Maine Black Bears
Anthony Isaac,730.2,1249.1,-3.19,110.5572083299831,113.74596468853375,110.56,114.74,36.99,86.36,10.13,30.31,26.45,33.13,17.05,31.52,12.54,12.22,3.14,14.96,22.92,48.57,Manhattan Jaspers
Jackson Delaney,72.6,123.5,-3.93,109.294141999586,113.22248614410135,109.29,118.4,39.74,91.08,13.25,40.57,16.56,24.01,16.56,28.15,12.42,13.25,3.31,14.08,24.84,44.71,Manhattan Jaspers
Terrance Jones,869.9,1497.3,-5.54,108.76677572277491,114.30671075926114,108.77,114.24,36.86,86.6,10.88,32.58,24.17,30.18,15.76,31.45,12.95,12.62,2.8,14.82,22.7,47.21,Manhattan Jaspers
Quron Elliott,320.3,528.5,-5.56,111.88811188811188,117.45204830689084,111.89,117.18,39.12,88.26,10.21,31.56,23.44,29.48,17.01,30.81,13.99,12.47,3.59,14.74,24.0,47.82,Manhattan Jaspers
Jaden Winston,1096.2,1860.3,-5.83,107.90981631232262,113.74151862193625,107.91,112.89,36.74,86.06,10.6,32.51,23.83,29.35,15.26,32.51,12.69,11.57,3.21,15.26,20.73,47.77,Manhattan Jaspers
Fraser Roxburgh,943.5,1583.2,-6.07,108.33568982310618,114.40725044839135,108.34,113.24,37.89,87.41,10.93,32.99,21.62,26.77,15.14,32.93,12.57,10.62,3.02,15.02,19.98,48.07,Manhattan Jaspers
Erik Oliver-Bush,403.6,689.9,-6.12,101.61764705882352,107.73737229406302,101.62,110.88,34.56,81.32,8.38,28.24,24.12,29.41,13.24,36.76,8.53,10.44,5.74,17.94,21.03,50.0,Manhattan Jaspers
Marko Ljubicic,614.6,1036.9,-7.84,106.24195780426815,114.07772802375422,106.24,115.66,36.61,85.85,10.97,35.25,22.04,26.32,15.15,33.12,11.56,11.56,3.5,16.8,20.49,48.27,Manhattan Jaspers
Devin Dinkins,1038.8,1771.5,-7.98,106.6951787397476,114.67240500594598,106.7,113.95,36.58,85.93,10.64,33.2,22.9,28.08,15.19,32.36,11.87,10.75,3.38,15.93,20.43,47.55,Manhattan Jaspers
Jaden Daughtry,606.1,993.2,15.07,107.66109356139407,92.58939367766453,107.66,96.36,39.65,87.12,8.94,29.18,19.42,24.96,15.82,39.45,15.41,11.71,6.47,16.85,25.79,55.27,Marist Red Foxes
Parby Kabamba,499.3,811.0,14.55,107.77417579056822,93.22270905192505,107.77,91.75,39.02,86.0,11.99,34.25,17.74,22.26,14.68,39.02,16.64,10.52,4.65,18.11,25.57,53.7,Marist Red Foxes
Elijah Lewis,649.2,1076.3,14.32,104.72135136399794,90.40173423735068,104.72,91.71,38.28,84.32,8.52,27.05,19.65,24.14,13.29,39.49,12.91,11.7,4.4,17.5,24.52,52.78,Marist Red Foxes
Justin Menard,853.9,1415.6,11.78,106.24824092316352,94.46976010212947,106.25,93.72,40.32,89.01,10.27,30.96,15.34,19.14,15.06,38.07,16.61,11.19,4.64,16.96,24.13,53.13,Marist Red Foxes
Jordan Gabriel,138.6,235.0,11.58,104.79784366576818,93.2185597312618,104.8,95.74,37.52,86.68,8.63,24.58,21.13,28.03,17.68,42.26,12.08,9.92,6.04,17.68,21.99,59.94,Marist Red Foxes
Rhyjon Blackwell,866.1,1447.8,9.3,104.47683588401478,95.17255617107662,104.48,95.88,38.34,88.32,10.4,31.34,17.4,22.39,15.67,40.28,15.53,9.78,4.37,16.71,26.9,55.95,Marist Red Foxes
Martin Kawa,127.0,210.7,7.74,99.16543937162494,91.42069599173078,99.17,97.69,35.35,89.84,8.84,35.35,19.64,25.53,17.18,42.22,13.75,8.35,4.91,15.22,28.96,59.4,Marist Red Foxes
Jason Schofield,398.1,646.9,7.61,100.14842590422623,92.53948223777294,100.15,94.52,39.22,89.52,7.66,27.65,14.06,18.44,14.22,38.75,16.4,11.25,5.16,15.94,25.78,52.97,Marist Red Foxes
Jadin Collins-Roberts,875.3,1454.5,6.85,100.91837787638013,94.06348770097567,100.92,94.18,37.35,86.06,8.12,28.27,18.09,22.98,14.24,38.04,15.62,11.28,5.16,17.27,25.25,52.28,Marist Red Foxes
Trace Salton,141.3,222.5,5.55,99.46389871107561,93.90919158361018,99.46,96.73,36.04,86.23,8.21,23.27,19.16,24.18,16.88,41.52,16.43,10.49,5.48,19.16,24.64,58.4,Marist Red Foxes
Myles Parker,404.7,683.5,3.41,98.29732436686221,94.88532195906761,98.3,90.71,36.63,89.57,10.44,33.48,14.59,17.74,14.17,37.49,15.88,10.16,2.43,16.17,26.76,51.66,Marist Red Foxes
Tarik Watson,94.8,174.4,-10.59,90.45369972806641,101.04779675613607,90.45,100.76,34.35,92.17,5.15,27.48,16.6,18.89,17.17,36.64,9.73,9.73,1.14,16.03,26.33,53.81,Marist Red Foxes
Ricky McKenzie,36.2,63.1,-18.29,81.82912154031288,100.11732499022293,81.83,102.69,33.69,93.06,4.81,40.11,9.63,11.23,20.86,41.72,6.42,4.81,0.0,22.46,27.28,62.58,Marist Red Foxes
4895750,32.1,56.3,16.33,102.33393177737882,86.0026327336551,102.33,87.97,34.11,82.59,16.16,48.47,17.95,21.54,17.95,34.11,0.0,23.34,3.59,25.13,23.34,52.06,Marquette Golden Eagles
Joshua Clark,89.9,160.0,7.36,102.79187817258884,95.42865938125288,102.79,98.35,34.9,80.58,10.79,33.63,22.21,35.53,13.32,44.42,8.25,10.79,8.25,15.86,24.11,57.74,Marquette Golden Eagles
Zaide Lowery,218.7,392.3,5.07,107.93569788211279,102.86441756842774,107.94,103.09,36.74,89.82,11.23,39.55,23.22,31.64,18.12,34.19,0.0,13.01,3.32,13.27,23.22,52.31,Marquette Golden Eagles
5144086,34.9,60.1,4.6,101.41813493768801,96.81323114158936,101.42,103.14,34.38,89.39,13.75,49.85,18.91,22.35,20.63,30.94,0.0,25.78,3.44,20.63,25.78,51.57,Marquette Golden Eagles
Adrien Stevens,777.2,1337.7,1.27,108.62368849239748,107.34895881968438,108.62,107.5,39.57,86.41,12.34,37.18,17.13,26.26,14.81,31.27,17.13,13.62,4.49,15.93,24.46,46.08,Marquette Golden Eagles
Caedin Hamilton,368.2,638.4,0.74,102.1161710406162,101.37145064709291,102.12,104.18,35.26,84.96,10.16,32.4,21.44,30.65,16.04,36.53,8.89,11.28,3.81,16.52,23.5,52.57,Marquette Golden Eagles
Tre Norman,213.0,361.6,-0.41,100.31618281115264,100.7261341682766,100.32,108.65,35.07,80.77,7.47,28.17,22.71,35.64,17.82,36.5,14.08,14.66,3.74,20.12,29.03,54.32,Marquette Golden Eagles
Ben Gold,791.7,1376.5,-0.5,108.43308041939046,108.93524000364332,108.43,108.29,39.55,88.95,11.81,37.67,17.53,25.86,16.01,31.07,15.43,13.26,3.69,14.78,22.02,47.08,Marquette Golden Eagles
Chase Ross,979.4,1699.2,-0.73,106.91842454639327,107.64490095377843,106.92,108.22,38.88,86.62,11.33,35.58,17.82,26.55,14.81,32.34,14.99,12.98,4.48,15.58,23.84,47.15,Marquette Golden Eagles
Michael Phillips II,181.6,318.6,-1.63,102.14091086025692,103.77283872498617,102.14,102.14,36.43,86.26,11.83,39.24,17.44,29.58,19.93,33.94,13.39,14.32,6.23,19.62,23.67,53.87,Marquette Golden Eagles
Royce Parham,836.4,1449.8,-2.48,108.46615607534673,110.94256360752948,108.47,111.02,39.61,87.42,11.94,37.4,17.32,26.77,15.66,32.08,17.04,12.56,4.69,15.52,24.49,47.74,Marquette Golden Eagles
Nigel James Jr.,850.6,1463.5,-2.59,106.95980577286215,109.54730373063273,106.96,106.69,39.59,89.02,11.26,36.75,16.52,24.82,15.04,31.22,17.33,12.07,3.91,14.23,23.33,46.26,Marquette Golden Eagles
Damarius Owens,422.7,732.1,-4.34,102.92958711666952,107.26561170665305,102.93,108.0,37.01,84.29,11.65,36.59,17.27,26.73,14.94,34.4,17.54,12.75,5.48,17.95,26.73,49.34,Marquette Golden Eagles
5105598,38.0,63.4,-4.52,91.6030534351145,96.12403100775194,91.6,99.64,32.14,86.78,12.86,46.61,14.46,17.68,19.28,30.53,0.0,24.11,3.21,24.11,24.11,49.81,Marquette Golden Eagles
Sean Jones,145.8,267.4,-15.02,97.05113848450915,112.06896551724137,97.05,111.61,31.73,83.99,11.57,41.06,22.02,31.35,13.81,32.1,5.97,11.2,5.23,14.93,26.13,45.91,Marquette Golden Eagles
Matt Van Komen,444.8,781.8,14.43,115.99207110429055,101.56699712184204,115.99,101.54,42.33,89.01,15.22,41.18,16.11,20.72,18.16,41.69,9.46,7.42,9.72,19.31,24.94,59.85,Marshall Thundering Herd
Kai Spears,59.2,115.9,13.42,132.47388308513004,119.05260951582477,132.47,126.25,46.23,91.58,15.11,36.45,24.89,36.45,20.45,36.45,16.0,8.89,7.11,11.56,39.12,56.9,Marshall Thundering Herd
Wilson Dubinsky,582.4,1020.4,12.1,116.3955870375398,104.30044755789065,116.4,105.83,41.86,88.46,13.72,38.21,18.96,25.96,18.17,37.02,14.71,9.08,6.52,17.38,31.69,55.19,Marshall Thundering Herd
Wyatt Fricks,891.1,1556.8,8.3,116.91170563187916,108.6129700062587,116.91,108.75,42.23,88.05,14.72,39.66,17.74,24.74,15.49,36.57,16.33,8.42,7.33,15.68,27.25,52.06,Marshall Thundering Herd
Landen Joseph,500.3,887.4,6.51,117.65038604032921,111.1422958181308,117.65,111.99,40.84,86.88,13.8,38.8,22.17,29.53,15.39,34.62,17.76,10.18,6.56,14.48,29.19,50.01,Marshall Thundering Herd
Jalen Speer,996.6,1743.4,5.3,114.11884277881958,108.82243098049355,114.12,108.45,40.77,87.09,14.31,39.05,18.27,25.37,15.57,37.1,15.57,7.9,7.44,16.43,26.91,52.67,Marshall Thundering Herd
Caleb Hollenbeck,528.3,921.1,3.78,115.45897666312666,111.67622551671896,115.46,112.41,41.39,87.57,15.9,41.5,16.77,23.64,15.58,36.93,13.51,6.97,7.62,16.77,25.49,52.51,Marshall Thundering Herd
Noah Otshudi,943.6,1650.9,1.72,114.1382712301738,112.41387646561103,114.14,112.92,42.01,88.58,13.6,37.22,16.51,22.77,16.09,36.06,14.27,7.53,6.92,16.7,27.93,52.15,Marshall Thundering Herd
Bryce Slay,175.2,329.7,0.98,109.51799877974375,108.53998643250169,109.52,109.82,36.91,84.2,14.64,37.52,21.05,26.85,17.08,33.86,13.42,12.51,3.66,20.13,35.39,50.94,Marshall Thundering Herd
Erich Harding,437.7,746.5,-0.81,108.9724209748396,109.78297161936561,108.97,110.45,39.77,88.82,13.57,38.83,15.86,22.98,15.99,35.61,17.6,8.73,6.85,16.26,31.04,51.6,Marshall Thundering Herd
Drew Fuquay,206.2,364.2,-4.96,113.63160466252529,118.59255757412035,113.63,122.57,41.32,89.9,11.73,35.74,19.26,25.96,17.03,34.62,13.96,8.1,6.42,14.8,35.18,51.65,Marshall Thundering Herd
Shamarrie Hugie,303.9,556.5,-8.6,108.7755935896854,117.38028544751234,108.78,119.85,38.32,84.26,10.53,31.6,21.61,27.78,15.07,31.23,13.98,9.62,5.08,17.61,32.69,46.3,Marshall Thundering Herd
Jaden Johnson,117.3,193.1,25.24,108.40932117527862,83.16779234538471,108.41,79.53,36.98,77.0,7.6,24.32,26.85,32.42,12.66,35.46,14.69,9.63,5.07,20.26,28.88,48.12,Maryland Eastern Shore Hawks
Zion Obanla,662.9,1066.3,-4.9,98.56492824641232,103.46777233320768,98.56,102.49,36.5,81.48,7.0,25.67,18.57,26.6,18.01,33.6,11.11,9.05,4.11,23.89,29.96,51.61,Maryland Eastern Shore Hawks
Dorion Staples,733.4,1176.2,-5.09,98.7892649558302,103.8826797596744,98.79,101.22,36.01,82.0,9.15,30.13,17.63,23.75,14.27,33.49,13.43,8.39,3.86,20.98,27.03,47.76,Maryland Eastern Shore Hawks
Jaden Cooper,783.4,1259.0,-5.58,95.51814647431469,101.10294117647058,95.52,99.86,35.05,81.62,8.05,28.73,17.37,24.39,15.71,34.5,11.76,9.39,4.18,22.5,28.58,50.21,Maryland Eastern Shore Hawks
Joseph Locandro,593.1,945.0,-7.32,100.45471175456018,107.77801585601028,100.45,105.16,38.05,83.83,10.24,30.52,14.11,18.19,13.69,35.23,10.14,7.84,3.45,21.22,23.31,48.92,Maryland Eastern Shore Hawks
Trey Brown,360.0,590.7,-9.76,97.26342176728639,107.01882262144665,97.26,104.28,37.27,81.22,7.85,23.56,14.87,20.89,15.54,32.92,6.02,8.69,4.01,24.4,28.08,48.46,Maryland Eastern Shore Hawks
Levi Beckwith,443.8,694.0,-10.05,97.57503693294419,107.62138020458147,97.58,107.66,36.75,88.35,9.08,33.01,14.99,21.19,19.02,33.15,9.8,9.51,4.61,20.61,26.38,52.17,Maryland Eastern Shore Hawks
Michael Teal,792.7,1278.4,-10.41,97.83645888103443,108.24610671432218,97.84,107.34,36.07,83.66,8.57,29.52,17.14,24.07,16.98,32.64,13.32,8.57,3.97,21.89,26.87,49.62,Maryland Eastern Shore Hawks
Christopher Flippin,370.2,619.8,-13.65,90.38089089735313,104.02806338454096,90.38,104.1,35.18,79.57,6.13,22.27,13.88,21.95,16.14,33.57,8.55,9.52,5.0,26.15,28.08,49.71,Maryland Eastern Shore Hawks
Justin Monden,640.7,1046.5,-16.64,94.92362876214457,111.56756756756756,94.92,110.32,35.82,79.25,7.7,25.46,15.58,23.09,14.35,30.88,9.98,9.5,3.8,24.13,28.03,45.23,Maryland Eastern Shore Hawks
Maurio Hanson Jr.,159.0,269.3,-19.57,95.5794504181601,115.15378844711176,95.58,112.86,36.03,77.93,7.35,20.59,16.17,21.69,13.6,30.14,5.15,9.56,2.21,25.37,25.73,43.74,Maryland Eastern Shore Hawks
Javoy Thompson,122.6,208.1,-22.14,84.25130129524271,106.39312977099237,84.25,107.98,32.93,76.99,6.29,25.18,12.11,18.88,15.98,36.32,2.42,4.84,3.87,30.02,25.18,52.3,Maryland Eastern Shore Hawks
Maurice Vassel,157.2,244.7,-27.65,83.24704907848415,110.8982760358907,83.25,113.9,30.23,81.59,5.38,28.99,17.39,25.68,19.88,26.51,11.18,11.6,3.73,26.09,43.49,46.39,Maryland Eastern Shore Hawks
Trey Hall,169.1,289.0,-31.54,77.40790057700843,108.94679146639683,77.41,114.69,31.6,74.21,5.68,22.73,8.52,12.43,10.65,41.54,2.49,4.97,4.62,30.54,25.92,52.19,Maryland Eastern Shore Hawks
Isaiah Watts,488.7,836.8,4.14,112.4211027748005,108.27987289405839,112.42,107.54,35.97,81.22,14.05,39.18,26.44,34.77,15.24,37.16,10.48,8.34,3.69,17.51,27.99,52.4,Maryland Terrapins
Pharrel Payne,261.1,472.9,3.79,107.28850779044234,103.50173750334135,107.29,101.22,33.46,78.64,10.67,31.58,29.7,40.57,17.36,34.51,0.0,7.53,3.56,19.45,25.72,51.87,Maryland Terrapins
Andre Mills,798.2,1332.7,-5.56,107.4012138065801,112.96303232330797,107.4,113.34,36.0,86.28,13.23,39.68,22.17,29.99,18.86,36.38,11.42,6.24,4.81,18.34,26.98,55.24,Maryland Terrapins
Guillermo Del Pino,182.8,301.2,-8.01,101.88961957878966,109.89738497186362,101.89,110.55,35.63,83.91,11.32,33.96,19.31,28.97,17.31,36.96,10.99,8.66,4.33,19.65,25.64,54.27,Maryland Terrapins
Elijah Saunders,921.6,1530.4,-9.33,106.12695014757874,115.4574028666875,106.13,113.78,35.61,85.56,13.56,41.32,21.34,29.71,17.51,34.96,10.96,6.75,4.09,17.84,25.88,52.47,Maryland Terrapins
Collin Metcalf,365.4,569.8,-10.02,102.92146877512731,112.94563952235204,102.92,117.04,36.81,89.34,12.69,41.45,16.62,23.94,19.3,40.03,13.04,6.08,6.25,18.58,24.84,59.33,Maryland Terrapins
Solomon Washington,696.3,1115.7,-12.97,103.96912161709912,116.93484865533925,103.97,115.93,35.7,87.99,12.94,41.05,19.63,28.47,20.17,35.52,15.08,5.89,4.82,18.65,28.38,55.69,Maryland Terrapins
David Coit,803.5,1357.5,-13.37,106.05060506050606,119.41623661284058,106.05,118.37,35.06,86.1,13.57,42.98,22.37,30.8,18.12,33.59,9.17,6.09,4.4,17.38,26.48,51.71,Maryland Terrapins
Darius Adams,757.3,1253.8,-13.59,103.02369386338852,116.6185434712865,103.02,115.32,33.71,83.43,11.18,37.67,24.43,33.71,17.92,33.87,8.57,7.14,4.6,18.48,26.97,51.79,Maryland Terrapins
George Turkson Jr.,240.6,377.6,-13.93,105.72449598813296,119.65145012355313,105.72,124.06,35.06,87.11,14.02,42.34,21.58,29.4,21.04,30.21,10.79,7.55,4.05,19.96,29.67,51.25,Maryland Terrapins
Myles Rice,249.0,421.0,-20.36,93.26362598401539,113.62169141381536,93.26,116.34,29.33,85.09,9.13,34.37,25.48,33.41,19.95,32.93,4.57,7.21,3.12,18.99,27.88,52.88,Maryland Terrapins
Aleks Alston,185.0,313.8,-24.79,89.76482278900299,114.55773955773955,89.76,123.55,30.47,85.79,9.94,39.75,18.88,27.82,19.21,37.43,6.29,6.62,5.63,20.21,25.84,56.64,Maryland Terrapins
Jayden Ndjigue,884.6,1574.8,11.82,111.02309812743576,99.20300345206088,111.02,98.79,39.54,82.7,10.2,28.64,21.74,32.83,16.86,35.23,14.32,10.2,2.66,18.57,29.47,52.09,Massachusetts Minutemen
Leonardo Bettiol,944.8,1654.7,8.27,111.62008320442153,103.34974770502765,111.62,102.13,40.25,82.48,10.03,27.21,21.09,31.06,15.62,35.44,15.92,9.13,2.76,18.38,27.57,51.06,Massachusetts Minutemen
Marcus Banks Jr.,1086.1,1917.0,4.6,110.79338671103254,106.19561661759896,110.79,105.49,40.09,85.73,10.14,29.22,20.48,30.36,17.37,34.63,14.87,8.99,3.07,17.21,28.39,52.0,Massachusetts Minutemen
Danny Carbuccia,906.5,1588.2,2.13,111.16004026170106,109.02960500401772,111.16,108.83,40.45,82.91,9.63,27.99,20.63,31.2,15.66,33.97,16.92,9.12,2.77,17.93,28.62,49.63,Massachusetts Minutemen
Daniel Hankins-Sanford,854.8,1502.4,1.99,110.21638996586805,108.22373368538913,110.22,107.3,40.23,84.57,10.01,29.03,19.75,29.56,16.64,33.87,15.04,9.54,3.18,18.03,26.84,50.51,Massachusetts Minutemen
K'Jei Parker,681.0,1249.3,-0.41,107.97673121364251,108.38626678459435,107.98,107.42,37.45,82.72,10.68,31.24,22.39,32.19,15.62,34.9,13.87,8.93,2.63,17.61,29.4,50.52,Massachusetts Minutemen
Luka Damjanac,298.9,519.2,-1.5,114.0282131661442,115.52483310449317,114.03,119.51,41.34,88.36,13.13,35.85,18.22,28.21,18.42,34.87,17.83,7.84,2.55,16.65,30.17,53.29,Massachusetts Minutemen
Dimitri Clerc,224.9,409.9,-4.75,100.09132420091325,104.83870967741935,100.09,104.47,36.77,89.13,9.74,31.17,16.8,28.01,20.94,35.07,9.5,9.74,2.92,18.51,28.25,56.01,Massachusetts Minutemen
Dwayne Wimbley Jr.,457.4,824.5,-5.16,103.65034794286412,108.81484605651623,103.65,110.24,37.24,84.12,10.13,30.77,19.05,28.81,15.87,36.02,15.87,7.81,4.03,18.07,30.16,51.89,Massachusetts Minutemen
Isaiah Placide,242.5,443.1,-7.29,119.02756723373199,126.31817666402088,119.03,125.09,42.0,85.34,14.37,36.61,20.66,28.97,14.15,30.77,19.31,7.64,2.92,15.05,28.3,44.92,Massachusetts Minutemen
Donovan Brown,81.1,149.7,-8.77,99.47907914636195,108.25170180972938,99.48,109.56,37.64,86.71,10.75,32.26,13.44,19.49,18.82,35.62,11.43,10.75,5.38,22.85,28.23,54.44,Massachusetts Minutemen
Yanis Ndjonga,239.3,397.8,37.24,121.68184460375898,84.43982133023313,121.68,89.13,41.08,84.48,10.59,30.74,28.93,35.39,16.79,41.34,10.85,17.83,5.68,15.5,22.48,58.13,McNeese Cowboys
Carl Cherenfant,469.6,781.5,27.05,122.16812723141837,95.11795130566418,122.17,97.89,42.32,87.11,10.13,28.69,27.39,35.05,19.08,35.57,9.61,16.62,7.01,15.32,30.38,54.65,McNeese Cowboys
Peitok Machar,368.1,623.1,26.02,122.57538712306439,96.5588084232152,122.58,99.59,44.5,93.07,11.9,33.41,21.68,29.34,20.54,32.44,9.45,16.3,6.36,13.53,28.36,52.98,McNeese Cowboys
Javohn Garcia,839.7,1376.2,19.83,117.25409312428133,97.41985643770228,117.25,98.34,41.4,90.68,10.29,30.66,24.17,31.61,20.15,34.24,11.17,15.84,7.23,14.46,27.74,54.39,McNeese Cowboys
Larry Johnson,772.4,1303.4,19.5,118.39062740866346,98.89459516218334,118.39,99.82,42.39,89.56,9.25,28.67,24.36,32.68,18.11,32.3,13.26,16.26,7.01,13.03,28.36,50.41,McNeese Cowboys
Garwey Dual,806.9,1317.5,19.22,116.23996943064579,97.02223897474556,116.24,98.36,41.5,89.72,9.4,30.8,23.84,32.1,19.11,33.09,13.14,16.28,7.26,14.14,29.35,52.2,McNeese Cowboys
Tyshawn Archie,774.9,1290.1,17.97,116.68521859286838,98.71227836705937,116.69,96.8,40.92,90.74,10.82,32.93,24.03,31.78,19.73,31.86,12.97,15.74,6.53,13.89,26.33,51.59,McNeese Cowboys
Jacolb Fredson-Cole,557.7,935.0,15.6,114.26700499304248,98.66575794909434,114.27,102.7,39.62,88.07,8.95,30.34,26.08,35.91,17.9,33.61,12.44,15.28,6.33,12.77,29.47,51.51,McNeese Cowboys
DJ Richards Jr.,655.3,1086.0,14.15,116.09738372093024,101.9465060915838,116.1,99.2,41.42,88.57,11.17,33.52,22.07,29.8,16.99,30.52,13.72,14.26,4.63,14.26,29.98,47.51,McNeese Cowboys
Jerrell Colbert,602.6,974.4,13.09,114.72567815623087,101.63976759199484,114.73,100.35,41.71,90.86,9.48,29.88,21.82,30.19,19.68,32.33,14.38,15.4,7.14,14.48,29.68,52.01,McNeese Cowboys
Simon Majok,300.0,521.7,3.32,110.82881932793252,107.51245688003068,110.83,107.57,39.31,86.09,9.78,28.19,22.43,30.49,19.75,34.32,7.67,11.12,6.33,19.17,24.16,54.07,Memphis Tigers
Tariq Ingraham,228.2,410.2,2.36,102.83213808192538,100.47671433810048,102.83,99.91,38.41,88.0,7.29,26.26,18.72,25.77,18.48,30.87,11.43,11.91,6.32,18.23,29.17,49.35,Memphis Tigers
Julius Thedford,547.0,971.9,1.97,107.0154577883472,105.04760929661103,107.02,106.08,37.33,84.37,9.0,27.81,23.37,32.47,18.51,33.29,14.37,11.79,5.69,18.71,28.02,51.8,Memphis Tigers
Aaron Bradshaw,546.6,963.5,0.42,105.91386771069442,105.49151833555503,105.91,103.96,37.09,86.34,8.76,28.44,22.98,30.5,20.5,32.35,15.15,11.75,4.02,19.68,28.33,52.85,Memphis Tigers
Zach Davis,603.6,1103.4,0.29,106.76749262935206,106.4732448337211,106.77,105.06,37.72,84.71,8.73,27.64,22.6,31.24,18.54,32.32,11.7,12.42,6.21,18.99,28.54,50.86,Memphis Tigers
Thierno Sylla,314.6,550.2,0.06,102.53613307881102,102.47558482852601,102.54,102.54,36.72,83.45,8.73,25.63,20.36,28.72,16.18,36.36,10.91,11.09,6.36,19.09,28.72,52.54,Memphis Tigers
Sincere Parker,596.4,1077.9,-1.46,104.93424120884247,106.39230432074558,104.93,107.55,37.4,86.93,8.3,26.77,21.83,29.47,18.1,33.67,11.57,12.13,5.69,17.16,30.69,51.77,Memphis Tigers
Quante Berry,528.9,952.7,-2.84,100.71641478847462,103.56089338390223,100.72,102.81,35.56,86.91,8.89,31.69,20.71,28.66,19.03,33.78,12.34,11.5,7.11,18.51,27.92,52.81,Memphis Tigers
Dug McDaniel,1096.6,1953.5,-2.96,104.74146740241162,107.70335419017336,104.74,107.3,36.79,85.58,8.94,28.92,22.23,30.25,18.04,32.24,12.67,11.96,6.03,18.09,28.05,50.28,Memphis Tigers
Hasan Abdul Hakim,287.0,506.1,-3.45,99.05845429580228,102.51306295098284,99.06,101.02,36.09,82.97,10.0,30.6,16.87,25.11,16.48,33.35,13.73,14.52,5.1,21.58,29.42,49.83,Memphis Tigers
Curtis Givens III,639.2,1124.6,-6.07,105.41922064127813,111.49078726968173,105.42,110.46,38.5,84.97,10.09,29.65,18.32,27.35,17.17,32.75,16.29,10.09,5.93,19.21,26.11,49.92,Memphis Tigers
William Whorton,167.2,296.4,-6.52,99.71110193974411,106.23437095800638,99.71,101.69,36.65,88.16,10.9,28.06,15.52,21.46,18.16,33.68,12.22,8.91,7.59,19.81,27.4,51.84,Memphis Tigers
Ashton Hardaway,474.6,821.7,-8.3,100.54738387205285,108.85095047826614,100.55,109.97,36.21,83.42,10.76,31.07,17.37,24.34,16.39,33.52,12.84,10.4,6.73,21.41,27.4,49.91,Memphis Tigers
Braeden Carlsen,31.6,66.8,38.38,115.78947368421053,77.40975065128396,115.79,78.2,40.6,93.23,19.55,58.65,15.04,30.08,21.05,48.12,3.01,10.53,7.52,13.53,15.04,69.17,Mercer Bears
TJ Grant,35.4,73.6,30.0,116.39849366655255,86.39892001349982,116.4,87.64,41.08,87.64,19.17,53.41,15.06,26.02,16.43,45.19,5.48,9.59,9.59,16.43,23.28,61.62,Mercer Bears
Bendji Pierre,179.1,322.6,16.24,117.37451737451738,101.13583320367201,117.37,100.39,42.01,97.3,14.52,45.41,18.84,27.8,21.31,35.83,11.43,12.36,4.32,10.81,19.15,57.14,Mercer Bears
Connor Serven,560.7,980.7,14.84,118.46528936224816,103.62116991643452,118.47,105.02,41.06,86.44,11.29,33.77,25.05,34.39,16.53,37.26,16.12,11.19,5.75,13.76,23.92,53.79,Mercer Bears
Armani Mighty,958.9,1681.1,13.58,119.85752448797864,106.27486626234932,119.86,105.85,41.38,85.37,12.35,31.76,24.76,34.43,17.04,35.68,12.47,11.04,5.16,15.32,20.84,52.72,Mercer Bears
Tristan Gross,367.3,639.5,13.03,118.79946712640077,105.77223088923557,118.8,106.26,41.85,90.43,12.69,36.36,22.41,31.03,19.59,33.85,12.22,11.44,4.86,14.42,21.79,53.44,Mercer Bears
Zaire Williams,877.2,1550.5,11.87,118.24596449399105,106.3809185682471,118.25,106.2,40.53,86.09,12.44,34.35,24.74,33.9,16.95,36.47,12.76,11.34,4.77,14.76,22.17,53.42,Mercer Bears
Quinton Perkins II,625.1,1091.4,9.88,116.25761210555454,106.37426634514765,116.26,107.86,41.34,88.76,12.83,36.26,20.76,30.26,17.62,34.79,9.23,11.81,4.15,14.49,21.22,52.41,Mercer Bears
Baraka Okojie,1015.6,1790.9,7.18,115.73822179438889,108.56264841458305,115.74,108.43,39.01,85.32,11.55,33.09,26.17,34.65,16.13,35.55,12.84,10.88,5.02,14.34,22.49,51.68,Mercer Bears
Brady Shoulders,852.4,1523.4,5.62,114.01503314199249,108.39664658108464,114.02,108.88,38.82,86.78,12.11,35.33,24.28,32.96,17.24,35.72,11.64,11.12,4.93,14.8,21.45,52.96,Mercer Bears
Kyle Cuffe Jr.,503.4,898.3,4.71,117.67636232806575,112.96462158531125,117.68,111.7,41.29,90.33,12.18,36.09,22.92,31.77,19.82,33.65,14.17,10.52,4.43,14.39,21.37,53.47,Mercer Bears
Sean Lang,399.3,646.5,13.41,110.08744534665836,96.67905159535758,110.09,98.53,40.29,88.07,7.81,27.33,21.71,28.73,13.74,38.57,16.86,9.68,6.09,12.02,26.86,52.31,Mercyhurst Lakers
Deshaun Jackson Jr.,704.6,1148.1,9.86,110.13723656451859,100.28122343092585,110.14,100.05,41.41,89.17,9.13,26.88,18.18,24.45,14.62,37.23,14.01,10.61,5.74,13.83,30.62,51.85,Mercyhurst Lakers
Qadir Martin,997.2,1604.7,6.59,109.46315542705321,102.87311694362478,109.46,103.52,42.01,89.15,9.31,27.01,16.13,22.19,13.69,35.63,15.75,10.69,6.56,14.0,26.57,49.32,Mercyhurst Lakers
Mykolas Ivanauskas,608.2,988.1,6.01,106.35049867697943,100.3371408443617,106.35,101.47,41.52,90.68,9.77,28.9,13.54,17.91,14.04,37.15,15.06,9.87,4.99,14.86,25.95,51.19,Mercyhurst Lakers
Bernie Blunt III,968.0,1586.0,5.63,108.65070471440521,103.01942634048046,108.65,103.28,41.29,89.33,9.85,28.35,16.23,21.53,13.45,35.86,14.96,10.16,6.44,13.89,27.34,49.31,Mercyhurst Lakers
Cameron Johnson,353.8,573.0,3.89,103.87562951609372,99.98261171970093,103.88,100.72,40.46,90.04,10.34,28.9,12.61,18.39,13.14,34.51,9.81,13.14,5.26,14.36,30.65,47.65,Mercyhurst Lakers
Jake Lemelman,960.9,1552.0,3.0,107.6262153170322,104.623887407217,107.63,105.17,41.35,89.41,9.82,27.71,15.12,20.8,13.76,34.24,15.12,11.05,5.94,14.47,27.07,48.0,Mercyhurst Lakers
Kaden Fuhrmann,335.9,551.4,2.09,104.52738818584677,102.43485305369278,104.53,103.98,41.3,93.38,10.23,31.25,11.7,16.63,14.44,38.19,18.09,10.42,4.39,13.16,31.98,52.63,Mercyhurst Lakers
Christian Gamble,671.7,1074.2,1.22,102.36742424242425,101.14879399514851,102.37,104.64,39.77,88.35,9.38,28.79,13.45,18.94,12.88,35.61,14.2,12.69,5.78,15.53,25.57,48.49,Mercyhurst Lakers
James Thomas,274.9,451.3,-6.07,91.5449611101785,97.61983108478665,91.54,99.6,36.93,88.64,8.73,27.75,8.95,15.44,14.32,36.04,13.88,11.42,5.37,18.35,29.99,50.36,Mercyhurst Lakers
5177298,57.2,87.0,21.0,116.71388101983003,95.71053399474759,116.71,92.92,39.66,81.59,13.6,40.79,23.8,33.99,14.73,28.33,12.46,9.07,5.67,17.0,27.2,43.06,Merrimack Warriors
4897066,32.6,52.1,18.14,119.12517449976734,100.99009900990099,119.13,94.93,33.5,65.15,11.17,31.64,40.95,57.7,11.17,26.06,5.58,13.03,3.72,18.61,24.2,37.23,Merrimack Warriors
KC Ugwuakazi,571.6,912.1,8.61,106.82329692045892,98.21795187648846,106.82,98.48,34.69,81.24,9.88,30.41,27.56,35.79,14.6,34.14,11.86,13.28,9.99,16.36,27.56,48.74,Merrimack Warriors
5314298,34.0,55.5,7.96,110.23622047244095,102.27801022780103,110.24,96.24,29.75,71.74,8.75,33.25,41.99,59.49,15.75,29.75,1.75,12.25,7.0,15.75,31.5,45.5,Merrimack Warriors
5242629,46.8,74.7,7.71,116.9435215946844,109.23803101820633,116.94,107.64,35.88,73.09,13.29,38.54,31.89,39.87,10.63,25.25,11.96,11.96,6.64,18.6,27.91,35.88,Merrimack Warriors
Kevair Kennedy,1127.1,1786.1,3.74,105.63990716662472,101.89868983395223,105.64,101.67,34.5,83.1,12.14,38.31,24.49,30.98,11.91,32.04,13.09,13.09,8.33,14.09,24.55,43.95,Merrimack Warriors
Todd Brogna,886.9,1399.6,3.21,104.12919997863285,100.9210479159947,104.13,100.28,33.76,83.26,12.96,40.95,23.65,29.84,11.82,32.55,12.82,13.03,8.62,14.39,23.36,44.37,Merrimack Warriors
Tye Dorset,1113.6,1773.7,2.28,104.98790980149582,102.70904286138236,104.99,102.18,34.41,83.11,11.98,38.35,24.18,30.82,11.92,31.72,12.99,12.99,8.55,14.17,24.86,43.64,Merrimack Warriors
Andrés Marrero,836.0,1310.8,1.89,108.00575626751497,106.11648993391731,108.01,104.6,35.3,85.06,13.78,42.34,23.63,29.39,11.51,31.13,13.63,12.27,8.03,12.5,23.25,42.64,Merrimack Warriors
Ernest Shelton,1128.8,1797.1,1.69,105.34495198978742,103.65700577421964,105.34,103.12,33.86,82.7,12.38,38.08,25.25,31.75,11.99,31.41,12.71,12.71,8.33,14.21,24.75,43.4,Merrimack Warriors
Dylan Veillette,215.6,354.6,0.52,96.29947135305044,95.77504002227326,96.3,98.3,28.58,77.44,10.86,38.29,28.29,34.86,10.57,31.72,8.86,13.43,7.72,16.57,26.86,42.29,Merrimack Warriors
5314297,34.0,55.5,-1.56,113.73578302712161,115.29521152952115,113.74,108.49,31.5,64.74,8.75,29.75,41.99,59.49,14.0,28.0,1.75,10.5,7.0,21.0,31.5,42.0,Merrimack Warriors
Jaylen Stinson,113.7,185.2,-3.33,98.73176053456976,102.0571733903286,98.73,104.19,34.37,83.46,12.55,35.46,17.46,25.64,15.27,33.27,8.18,15.82,3.27,19.64,30.0,48.54,Merrimack Warriors
Malik Edmead,54.6,98.3,-31.41,77.1604938271605,108.56999246041718,77.16,111.11,22.63,79.22,6.17,26.75,25.72,32.92,17.49,29.84,0.0,7.2,9.26,22.63,37.04,47.33,Merrimack Warriors
Aliou Cisse,64.0,111.8,-34.26,88.03301237964237,122.29744485695568,88.03,128.38,28.43,76.11,6.42,24.76,24.76,34.85,15.59,25.68,0.0,10.09,6.42,22.93,30.26,41.27,Merrimack Warriors
Kyle Waltz,105.0,198.4,34.67,127.58842443729903,92.91980724082542,127.59,96.72,46.3,82.83,16.98,42.7,18.01,23.15,11.32,43.22,15.95,9.77,4.63,17.49,21.61,54.54,Miami (OH) RedHawks
Tyler Robbins,123.5,232.1,31.89,129.14409534127844,97.25792630676949,129.14,98.37,47.24,91.01,16.47,43.77,18.2,21.67,16.9,41.17,13.0,8.23,6.93,15.6,22.97,58.07,Miami (OH) RedHawks
Evan Ipsaro,281.1,490.8,20.71,117.73692519223913,97.0289965856393,117.74,96.96,40.94,81.68,13.85,37.89,22.0,29.13,11.2,37.07,1.63,11.0,3.67,15.68,23.02,48.27,Miami (OH) RedHawks
Antwone Woolfolk,712.4,1244.0,19.48,121.67300380228137,102.19361088127863,121.67,101.34,43.23,82.45,12.25,35.14,22.97,31.22,11.13,34.42,15.37,12.01,4.56,13.85,21.13,45.55,Miami (OH) RedHawks
Luke Skaljac,808.2,1460.2,18.26,122.60246922059859,104.33951312779541,122.6,104.95,42.38,81.53,13.81,36.54,24.04,31.8,10.99,35.44,15.45,10.92,5.15,14.36,22.53,46.43,Miami (OH) RedHawks
Eian Elmer,940.0,1654.0,18.04,121.36017492271733,103.32394024785626,121.36,102.84,41.8,81.61,13.27,36.31,24.49,32.87,11.46,36.19,15.74,10.07,4.46,14.24,22.56,47.65,Miami (OH) RedHawks
Peter Suder,949.5,1677.2,17.91,124.467560417881,106.55883926978653,124.47,107.13,43.28,83.7,14.77,38.2,23.14,30.55,11.48,35.27,16.74,10.04,4.07,13.27,22.54,46.75,Miami (OH) RedHawks
Brant Byers,959.6,1700.2,15.73,121.81215469613261,106.07884000117409,121.81,106.49,42.02,82.74,13.67,37.36,24.1,32.12,11.73,35.54,16.27,9.96,4.66,13.73,23.16,47.27,Miami (OH) RedHawks
Almar Atlason,576.2,1047.6,12.5,120.11233527759775,107.61565836298932,120.11,108.88,40.42,81.13,16.23,40.13,23.04,30.63,10.75,37.25,14.88,8.26,3.94,15.07,23.72,48.0,Miami (OH) RedHawks
Justin Kirby,337.2,601.0,8.61,117.25999662561159,108.64926965370098,117.26,111.69,39.14,80.65,13.67,39.48,25.31,35.77,12.65,37.79,20.25,8.77,4.39,15.02,22.61,50.44,Miami (OH) RedHawks
Trey Perry,354.3,637.4,7.39,117.75818639798487,110.36854652753351,117.76,111.15,42.19,87.53,14.48,40.14,18.89,23.93,13.54,35.89,13.85,7.56,3.94,14.64,22.67,49.43,Miami (OH) RedHawks
Marcus Allen,138.3,251.1,20.54,107.94481925284462,87.4015748031496,107.94,89.42,40.68,79.35,6.85,25.78,19.74,35.85,15.31,40.28,0.4,11.28,3.63,18.93,26.18,55.59,Miami Hurricanes
Timotej Malovec,450.7,787.3,18.66,117.2601353488078,98.5969387755102,117.26,97.78,43.51,86.65,9.74,30.74,20.49,32.64,17.08,36.05,11.76,11.26,5.31,14.93,23.78,53.13,Miami Hurricanes
Salih Altuntas,221.9,378.6,18.29,120.65025788339754,102.35852208191353,120.65,100.02,46.48,87.75,10.45,27.94,17.24,26.9,17.24,35.52,6.53,11.23,5.22,16.71,28.47,52.76,Miami Hurricanes
Tre Donaldson,1104.3,1906.6,16.02,119.00938654551626,102.99230850279211,119.01,102.09,43.66,87.68,9.5,27.21,22.19,32.43,18.17,35.93,13.94,11.38,4.91,15.09,21.15,54.1,Miami Hurricanes
Noam Dovrat,209.8,368.1,15.6,117.71919068056407,102.11959097988759,117.72,102.73,42.51,87.74,14.71,38.69,17.98,27.52,17.44,37.88,13.08,10.35,5.18,16.62,20.16,55.32,Miami Hurricanes
Malik Reneau,943.3,1629.6,15.03,118.02038201012999,102.99131454312645,118.02,101.85,43.2,87.39,9.09,25.75,22.52,32.46,18.92,35.88,13.67,12.02,5.13,16.11,20.14,54.8,Miami Hurricanes
Ernest Udeh Jr.,845.2,1436.6,14.51,116.8991762021701,102.38575502538777,116.9,102.55,43.68,88.89,9.2,27.03,20.34,30.86,19.37,36.3,15.26,11.43,4.88,15.81,20.06,55.67,Miami Hurricanes
Tru Washington,783.2,1359.7,14.38,117.5177668693677,103.13768918420081,117.52,102.35,42.93,87.41,9.6,28.06,22.05,32.53,18.83,35.31,12.02,11.8,4.91,15.97,22.79,54.14,Miami Hurricanes
Shelton Henderson,1012.0,1747.7,13.39,115.38955387841867,102.002180024095,115.39,101.47,42.51,86.8,8.5,25.85,21.86,32.36,18.49,35.67,14.27,11.81,4.51,16.32,21.91,54.16,Miami Hurricanes
Dante Allen,662.1,1135.7,11.7,112.86048324240063,101.15562906700907,112.86,103.51,41.96,85.42,8.46,25.21,20.49,31.62,16.3,36.61,13.81,11.58,4.81,15.86,22.0,52.91,Miami Hurricanes
Kur Teng,565.7,941.5,23.7,121.48409327670487,97.77988965444419,121.48,98.94,42.85,91.14,13.14,33.76,22.65,28.1,21.26,41.35,21.69,6.95,5.56,16.77,25.86,62.61,Michigan State Spartans
Jaxon Kohler,908.8,1501.8,18.95,118.31883673062877,99.36560934891486,118.32,98.8,41.96,88.31,12.28,33.2,22.11,28.95,19.32,41.76,19.72,7.04,5.91,17.26,22.31,61.08,Michigan State Spartans
Jeremy Fears Jr.,1059.2,1784.0,17.91,118.04526000727293,100.13619196046221,118.05,99.75,41.34,86.32,11.69,32.17,23.66,30.32,17.51,41.01,20.36,7.11,6.32,16.78,23.11,58.52,Michigan State Spartans
Cam Ward,466.2,775.7,16.76,120.22987021372764,103.46491651385001,120.23,103.83,43.39,87.04,11.49,30.86,21.95,29.19,17.56,38.48,21.57,8.65,5.04,16.66,25.83,56.04,Michigan State Spartans
Jordan Scott,673.9,1126.2,14.7,116.40188258170008,101.69945135822293,116.4,100.76,40.3,87.5,11.31,32.17,24.48,32.08,19.27,39.07,21.04,8.31,5.39,16.53,26.43,58.34,Michigan State Spartans
Coen Carr,951.0,1586.6,13.25,117.63595760072971,104.38901168298074,117.64,103.99,41.27,86.43,11.45,30.89,23.65,31.08,17.74,40.32,20.19,6.35,6.54,16.54,21.83,58.06,Michigan State Spartans
Carson Cooper,873.1,1449.6,12.28,113.70754035172249,101.42597873995334,113.71,100.97,40.27,84.87,9.64,28.08,23.54,30.7,17.96,41.64,20.03,6.81,6.75,18.52,22.51,59.6,Michigan State Spartans
Divine Ugochukwu,322.2,528.3,12.24,112.50532695676878,100.264850548619,112.51,100.38,39.59,84.28,9.85,31.25,23.49,34.28,19.13,41.1,18.94,7.58,6.44,18.56,24.24,60.23,Michigan State Spartans
Denham Wojcik,140.2,223.7,8.11,115.61729778176115,107.50529720084754,115.62,108.0,42.12,89.63,11.2,27.78,20.17,33.16,25.54,41.23,22.85,8.96,3.59,20.17,26.44,66.77,Michigan State Spartans
Trey Fort,300.1,508.6,4.37,113.06176341141376,108.69565217391303,113.06,107.58,40.49,85.29,12.52,32.28,19.56,25.62,16.82,39.12,17.02,8.41,6.85,19.37,22.49,55.94,Michigan State Spartans
Jesse McCulloch,171.6,296.0,0.08,102.89498259614567,102.81394372112558,102.89,103.91,34.98,82.52,10.87,32.6,22.07,27.51,13.92,39.05,13.58,7.81,7.47,18.34,28.19,52.97,Michigan State Spartans
Trey McKenney,671.0,1195.6,29.28,122.54378805951409,93.26230021936696,122.54,93.41,42.1,83.37,13.06,34.74,25.28,32.9,15.82,41.1,17.24,7.11,8.71,16.82,21.6,56.92,Michigan Wolverines
Will Tschetter,442.8,764.3,28.13,124.29231470033189,96.15890555117073,124.29,95.14,43.21,86.42,14.58,39.17,23.3,29.41,16.53,41.39,18.22,5.47,7.94,16.14,20.3,57.92,Michigan Wolverines
Yaxel Lendeborg,1031.6,1814.6,27.73,124.4589628419763,96.73370338344817,124.46,94.41,43.88,84.33,13.07,33.81,23.63,31.03,14.48,39.85,18.78,8.33,8.71,15.41,20.96,54.33,Michigan Wolverines
Aday Mara,792.9,1388.7,25.28,122.1248728609411,96.84860593951502,122.12,95.14,44.18,83.37,12.35,32.4,21.41,29.91,14.85,41.11,19.41,7.07,10.06,17.27,18.99,55.96,Michigan Wolverines
L.J. Cason,442.3,794.9,24.86,120.21346315888024,95.35281810689152,120.21,93.87,42.69,84.64,12.23,33.95,22.59,32.08,16.85,40.2,17.1,6.62,8.49,16.98,20.35,57.05,Michigan Wolverines
Elliot Cadeau,910.2,1600.9,23.27,123.1631382316314,99.88876878005985,123.16,99.25,43.4,84.62,13.57,35.12,22.79,29.89,14.51,39.85,18.87,7.66,8.53,15.69,21.67,54.36,Michigan Wolverines
Morez Johnson Jr.,853.0,1495.2,22.25,119.54636424282856,97.29439769336507,119.55,96.8,42.63,85.46,12.41,34.76,21.88,29.35,15.68,39.83,18.21,8.07,8.07,16.28,21.35,55.51,Michigan Wolverines
Nimari Burnett,669.3,1182.3,20.17,121.72569973492517,101.55546985473711,121.73,98.93,43.41,83.91,13.19,35.57,21.71,29.14,13.78,38.4,19.12,8.18,7.93,16.03,21.54,52.18,Michigan Wolverines
Roddy Gayle Jr.,661.8,1182.9,19.33,118.45354679383462,99.12499737709047,118.45,100.57,41.98,82.52,11.58,33.04,22.91,29.63,14.39,39.6,14.56,8.26,8.09,17.8,21.54,53.99,Michigan Wolverines
Marcus Whitlock Jr.,168.5,293.0,15.51,122.72226459869479,107.20728459754318,122.72,105.77,42.04,83.74,14.24,39.66,24.41,34.24,14.92,33.9,18.65,9.49,8.14,14.92,24.75,48.82,Middle Tennessee Blue Raiders
James Dent Jr.,167.8,285.7,14.26,110.14389767276604,95.8868672932655,110.14,98.77,40.5,92.73,14.21,41.22,14.92,22.03,17.41,41.22,12.08,9.24,6.4,14.21,28.78,58.63,Middle Tennessee Blue Raiders
Jarred Hall,82.5,160.6,9.26,115.18489378442172,105.92763664357199,115.18,108.26,41.54,89.38,18.88,50.35,13.22,15.74,13.85,34.62,4.41,8.81,4.41,16.99,28.95,48.47,Middle Tennessee Blue Raiders
Sean Smith,634.4,1078.9,5.03,110.78757308265506,105.76112412177987,110.79,103.54,39.44,89.79,13.57,40.17,18.34,26.14,17.52,35.86,13.85,9.45,5.69,15.32,25.95,53.38,Middle Tennessee Blue Raiders
Torey Alston,774.9,1286.3,4.96,110.84608373572247,105.88441535674633,110.85,105.42,38.94,85.87,12.8,37.62,20.17,28.93,15.82,37.31,13.73,8.77,5.82,16.21,25.05,53.13,Middle Tennessee Blue Raiders
Chris Loofe,658.4,1096.9,3.99,108.32652319985472,104.34066311237214,108.33,103.51,38.32,85.44,12.44,36.87,19.25,27.97,15.25,37.05,14.17,9.35,5.54,16.53,25.24,52.3,Middle Tennessee Blue Raiders
Tre Green,455.3,783.5,2.87,112.40532111259627,109.53995777081067,112.41,108.97,39.21,87.45,14.38,42.77,19.6,27.75,16.93,35.01,13.11,8.4,5.47,16.29,26.35,51.94,Middle Tennessee Blue Raiders
Alec Oglesby,634.6,1066.3,2.2,107.45063047408834,105.25330087086806,107.45,105.57,38.79,88.57,14.75,41.42,15.12,21.88,15.69,37.19,14.37,9.49,4.98,16.72,24.89,52.88,Middle Tennessee Blue Raiders
Jahvin Carter,700.2,1181.2,0.07,109.33265582655827,109.26094407887777,109.33,109.33,38.36,85.54,13.21,39.13,19.39,27.78,14.91,35.15,13.04,9.32,5.25,16.18,24.39,50.06,Middle Tennessee Blue Raiders
Luka Jovanovic,329.7,547.0,-0.22,111.4063215758131,111.62281701700789,111.41,112.14,40.13,92.9,14.48,44.16,16.67,23.82,19.42,35.91,15.39,8.8,6.78,15.21,23.27,55.33,Middle Tennessee Blue Raiders
Kamari Lands,757.3,1283.6,-2.87,106.57720215339002,109.44731826844543,106.58,109.78,37.76,87.54,12.48,39.63,18.57,25.9,16.54,35.5,12.56,9.13,6.4,16.7,24.58,52.04,Middle Tennessee Blue Raiders
Chandler Jackson,481.2,811.5,2.13,113.270405330372,111.13846153846154,113.27,111.42,41.09,88.84,11.48,32.82,19.62,27.39,17.03,34.3,19.5,10.73,3.95,15.18,27.64,51.33,Milwaukee Panthers
Esyah Pippa-White,549.3,929.2,1.02,111.95068059685207,110.93123855524006,111.95,114.02,39.39,89.36,10.58,35.24,22.59,30.66,17.68,36.77,11.57,9.49,3.71,13.75,26.19,54.45,Milwaukee Panthers
Faizon Fields,417.7,711.3,-1.0,106.20592383638927,107.20667063728409,106.21,107.9,38.36,88.29,10.3,34.56,19.18,28.21,16.93,37.09,11.14,9.87,2.96,15.23,28.21,54.02,Milwaukee Panthers
Seth Hubbard,269.4,486.4,-1.14,111.98689732828335,113.12380657480519,111.99,112.19,40.54,88.65,11.46,32.76,19.45,29.07,16.99,32.76,0.0,9.42,5.12,14.54,28.25,49.75,Milwaukee Panthers
Danilo Jovanovich,507.6,871.8,-1.8,110.70302784927269,112.49822266458125,110.7,114.4,41.41,94.05,11.57,35.28,16.31,23.25,18.97,34.82,8.68,8.79,4.16,13.88,27.88,53.79,Milwaukee Panthers
Aaron Franklin,736.7,1249.2,-2.78,107.30265422225823,110.08230452674898,107.3,112.65,39.36,89.65,9.64,32.23,18.95,28.1,18.55,36.12,14.74,9.96,3.64,15.55,27.7,54.67,Milwaukee Panthers
Stevie Elam,570.2,992.1,-3.49,108.04750012741451,111.5402825886516,108.05,114.06,38.84,88.58,10.09,32.62,20.28,28.34,17.23,34.05,12.23,12.03,4.28,15.19,26.2,51.28,Milwaukee Panthers
Isaiah Dorceus,627.4,1086.3,-4.67,107.92721188035976,112.5951588640197,107.93,114.81,40.44,91.19,10.78,34.4,16.27,25.19,18.87,35.98,13.39,9.85,4.37,15.71,28.07,54.85,Milwaukee Panthers
Amar Augillard,599.0,1044.0,-8.77,106.59280307552712,115.35875516280858,106.59,114.71,38.97,89.11,11.27,34.96,17.38,24.93,16.81,32.95,11.65,9.74,4.2,15.86,28.08,49.76,Milwaukee Panthers
Josh Dixon,528.0,916.9,-10.81,107.09022433273294,117.89703078180331,107.09,118.12,39.41,89.73,10.15,29.8,18.12,25.98,18.01,32.31,13.86,8.95,3.82,15.94,28.82,50.32,Milwaukee Panthers
Sekou Konneh,356.1,609.3,-11.56,103.70431824781186,115.26909651757447,103.7,117.81,38.66,89.93,9.46,29.37,16.92,25.39,18.42,35.84,11.78,9.62,5.97,16.43,26.22,54.26,Milwaukee Panthers
Simeon Murchison,73.8,128.5,-13.65,108.499095840868,122.1489161168709,108.5,130.2,38.58,91.62,7.23,35.36,24.11,34.56,24.91,31.34,9.64,13.66,4.02,16.88,25.72,56.25,Milwaukee Panthers
Tate Mackenzie,125.2,214.3,-17.2,101.0536398467433,118.24900511654349,101.05,124.52,36.4,95.79,11.97,34.96,16.28,22.99,21.07,34.48,11.49,8.62,6.23,14.37,32.57,55.55,Milwaukee Panthers
Robert Vaihola,103.6,166.2,38.09,126.02316602316603,87.93785724754507,126.02,92.66,42.63,93.28,11.74,40.15,29.03,40.15,27.18,43.86,0.0,10.5,5.56,14.83,22.86,71.04,Minnesota Golden Gophers
Chansey Willis Jr.,175.5,287.3,15.13,111.88319113378485,96.7547559610915,111.88,98.87,36.24,78.81,10.56,31.67,28.85,46.09,19.0,39.76,0.0,12.31,5.63,18.3,25.33,58.76,Minnesota Golden Gophers
Isaac Asuma,992.3,1567.5,3.97,112.68327858344685,108.71049164192847,112.68,109.73,38.91,83.58,14.29,40.32,20.58,29.16,13.27,35.38,19.49,10.13,4.49,15.83,22.63,48.65,Minnesota Golden Gophers
Jaylen Crocker-Johnson,667.1,1069.2,3.23,110.62413574893945,107.39194327167547,110.62,107.91,37.59,83.53,12.28,38.81,23.16,33.09,15.0,36.37,15.19,9.94,4.12,15.75,24.75,51.37,Minnesota Golden Gophers
Grayson Grove,536.0,823.1,3.06,109.89477514631409,106.83214698545964,109.89,106.5,39.18,84.3,14.8,39.66,16.74,24.62,12.13,35.78,22.8,9.95,4.25,16.13,21.83,47.91,Minnesota Golden Gophers
Cade Tyson,1003.4,1583.8,3.03,111.81871335787991,108.78647894429818,111.82,109.04,38.81,83.25,14.03,39.25,20.16,29.01,13.08,34.89,18.52,9.86,4.36,16.06,22.57,47.97,Minnesota Golden Gophers
Langston Reynolds,929.9,1470.7,1.33,110.27979911858155,108.94573013939642,110.28,110.01,38.47,82.74,13.32,38.33,20.02,28.56,12.5,34.92,19.47,9.91,4.44,16.19,23.16,47.42,Minnesota Golden Gophers
Bobby Durkin,910.8,1433.5,-1.8,109.24956369982549,111.04721074920269,109.25,111.2,38.18,83.07,14.45,41.12,18.43,26.53,12.22,34.21,20.94,9.63,4.19,16.54,22.34,46.43,Minnesota Golden Gophers
Kai Shinholster,305.5,484.6,-1.93,106.72560783075467,108.66046135167949,106.73,113.04,37.68,86.31,14.1,42.1,17.26,24.84,16.0,35.58,17.89,10.74,3.37,17.89,21.47,51.58,Minnesota Golden Gophers
Amier Ali,60.9,110.6,10.69,111.51079136690647,100.8174386920981,111.51,99.82,41.37,94.42,13.49,44.96,15.29,28.78,17.99,35.07,0.9,12.59,6.29,9.89,26.08,53.06,Mississippi State Bulldogs
Sergej Macura,417.2,748.5,0.15,109.09574114676765,108.9504617968094,109.1,107.77,39.33,85.04,12.36,35.75,18.07,28.97,15.02,38.27,15.95,7.57,4.78,16.21,21.53,53.29,Mississippi State Bulldogs
Dellquan Warren,82.8,145.4,-0.41,102.27865715776656,102.68616116967017,102.28,105.06,38.27,87.67,12.52,41.75,13.22,21.57,16.7,38.27,9.05,10.44,5.57,18.79,25.05,54.97,Mississippi State Bulldogs
Quincy Ballard,537.7,951.9,-0.79,109.64647920542991,110.4384902879402,109.65,109.96,41.51,87.11,11.53,33.75,15.09,23.17,14.26,38.79,12.89,7.55,6.18,16.14,20.86,53.05,Mississippi State Bulldogs
Ja'Borri McGhee,588.8,1052.3,-3.77,108.07230055834201,111.84540140761064,108.07,110.91,38.99,86.97,11.55,33.6,18.55,27.63,15.61,35.58,10.98,8.71,6.15,15.52,23.28,51.19,Mississippi State Bulldogs
Brandon Walker,123.0,210.6,-3.87,107.73115305999758,111.60609613130129,107.73,114.46,37.99,92.34,10.58,35.59,21.16,30.3,25.01,39.44,4.33,7.21,5.29,18.28,25.97,64.45,Mississippi State Bulldogs
Shawn Jones Jr.,670.5,1174.4,-4.39,107.43854421623922,111.82557594855854,107.44,111.78,39.25,86.58,11.07,34.31,17.88,26.82,16.26,38.05,12.0,7.92,6.39,16.94,22.48,54.31,Mississippi State Bulldogs
Josh Hubbard,893.9,1613.3,-4.99,108.98489594640697,113.97423191278493,108.98,114.13,39.88,87.03,11.29,34.18,17.93,26.92,15.94,37.4,12.84,7.82,5.64,16.13,22.76,53.34,Mississippi State Bulldogs
Achor Achor,492.2,874.4,-7.33,108.69254311947599,116.0198891238498,108.69,116.13,40.27,89.36,10.64,34.1,17.51,25.06,16.93,37.64,13.73,7.21,5.84,15.67,23.34,54.57,Mississippi State Bulldogs
Jayden Epps,690.8,1233.5,-7.97,107.90930768298104,115.87485515643105,107.91,115.18,40.01,86.73,11.48,35.4,16.41,25.38,14.63,37.18,13.9,7.03,5.42,15.84,21.99,51.81,Mississippi State Bulldogs
Jamarion Davis-Fleming,543.8,972.6,-9.2,105.8195601165459,115.01499192742371,105.82,115.72,37.75,87.46,11.76,36.41,18.56,28.57,16.91,36.1,11.96,8.46,5.88,15.88,23.93,53.01,Mississippi State Bulldogs
King Grace,204.4,379.2,-20.01,99.30014525287206,119.31256996115098,99.3,119.64,35.39,85.83,11.62,37.5,16.9,24.83,14.26,34.6,9.77,8.98,6.07,16.64,23.77,48.86,Mississippi State Bulldogs
Jonathan Pace,60.1,105.4,-6.06,97.65170890490583,103.7072934334868,97.65,99.51,35.34,86.49,5.58,25.11,21.39,36.27,22.32,40.92,17.67,12.09,2.79,18.6,29.76,63.24,Mississippi Valley State Delta Devils
Xzayvion Childress,343.3,590.6,-14.48,92.64050901378579,107.11721224920802,92.64,107.57,32.41,77.88,6.79,25.28,21.04,28.0,12.05,30.54,17.65,11.03,2.71,20.87,33.76,42.59,Mississippi Valley State Delta Devils
Samuel Murray,174.0,298.2,-16.93,98.09626735389475,115.03002622007952,98.1,113.06,35.91,87.12,8.98,23.28,17.29,23.61,18.62,34.25,5.65,9.64,4.32,20.28,34.58,52.87,Mississippi Valley State Delta Devils
Daniel Mayfield,743.9,1295.0,-23.03,92.1556183772765,115.18263734134288,92.16,114.31,33.0,80.92,7.15,23.85,19.0,26.23,13.46,32.15,10.85,9.0,3.85,20.08,32.0,45.61,Mississippi Valley State Delta Devils
Mussa Mzein,489.4,844.6,-23.58,92.32229737747714,115.90264650283555,92.32,116.41,33.94,81.05,6.88,21.72,17.56,25.16,14.24,31.45,12.22,11.75,3.09,21.24,28.84,45.69,Mississippi Valley State Delta Devils
Michael James,1009.7,1752.6,-25.45,92.56509821836455,118.01428143840596,92.57,118.2,32.89,79.26,7.37,24.33,19.42,26.95,13.36,30.78,11.93,10.11,3.6,21.3,31.52,44.14,Mississippi Valley State Delta Devils
X'Zaevion Barnett,645.4,1119.3,-28.23,90.428865610171,118.65653346408433,90.43,119.17,32.32,79.77,6.27,22.47,19.52,29.01,14.06,29.64,13.79,10.39,3.13,20.5,32.05,43.7,Mississippi Valley State Delta Devils
Lamont Sams,448.5,778.4,-31.29,89.94588990052813,121.23141574607621,89.95,123.38,31.75,76.73,7.65,23.72,18.79,25.53,11.41,30.72,9.59,10.63,4.8,22.55,31.62,42.13,Mississippi Valley State Delta Devils
Patrick Punch,753.8,1304.8,-31.49,87.6984886167974,119.19106642618674,87.7,118.84,31.22,79.66,6.89,24.03,18.37,25.25,13.24,30.76,10.33,10.25,3.75,21.58,29.39,44.0,Mississippi Valley State Delta Devils
Delkedric Holmes,372.5,644.2,-36.99,87.08227477037327,124.07521578298397,87.08,125.85,30.96,78.01,7.04,25.8,18.14,24.23,13.13,29.55,6.25,11.26,4.38,23.61,31.27,42.68,Mississippi Valley State Delta Devils
Tyrone Iroghama,291.9,498.8,-40.1,83.086648938839,123.19094596624768,83.09,123.43,30.71,76.26,6.62,22.28,15.05,25.89,13.45,30.3,12.84,8.03,3.21,24.89,26.69,43.75,Mississippi Valley State Delta Devils
Antonio Sisk,74.0,145.0,-42.28,76.03248660791428,118.31470335339638,76.03,118.89,26.27,75.34,6.91,26.27,16.59,22.81,10.37,29.72,0.0,9.68,3.46,24.19,23.5,40.09,Mississippi Valley State Delta Devils
Chance Sutton,278.0,488.8,-42.48,84.44944279725999,126.92563590767183,84.45,126.78,30.88,77.91,6.34,24.74,16.36,24.13,14.11,26.17,9.81,9.61,3.07,24.74,29.44,40.28,Mississippi Valley State Delta Devils
5313696,30.8,51.7,17.98,113.4070158577607,95.42356377799416,113.41,94.19,40.37,90.34,11.53,42.29,21.14,36.52,19.22,42.29,21.14,9.61,3.84,11.53,30.75,61.51,Missouri State Bears
Logan Epes,183.9,318.2,11.12,116.96456569457511,105.84343991179715,116.96,105.36,39.82,83.73,10.66,33.24,26.65,38.88,16.62,33.87,6.9,11.6,4.7,14.42,25.4,50.49,Missouri State Bears
5190926,32.8,54.9,10.46,107.22398909586552,96.7594705613875,107.22,96.32,38.16,90.87,10.9,43.62,19.99,34.53,19.99,43.62,19.99,9.09,3.63,12.72,32.71,63.61,Missouri State Bears
Tyrique Brooks,157.7,275.1,10.02,117.97300920546965,107.94824399260628,117.97,104.39,39.68,83.65,8.94,31.1,29.67,39.68,20.38,31.1,12.87,10.72,4.29,17.87,31.82,51.48,Missouri State Bears
Michael Osei-Bonsu,789.0,1313.6,7.42,112.31199455823446,104.89389844154351,112.31,103.39,38.55,84.42,11.56,35.14,23.66,35.98,18.21,33.71,18.06,10.88,3.85,16.7,24.41,51.92,Missouri State Bears
5241395,30.4,50.9,5.4,102.81280310378274,97.4155069582505,102.81,95.05,36.86,89.23,9.7,42.68,19.4,34.92,19.4,38.8,19.4,9.7,3.88,13.58,36.86,58.2,Missouri State Bears
Kobi Williams,1074.4,1800.0,4.22,111.88928029406439,107.6707812088719,111.89,108.21,38.32,83.82,11.25,33.81,24.0,35.59,17.04,34.25,15.71,10.08,4.29,16.32,25.17,51.29,Missouri State Bears
Keith Palek III,1026.4,1734.4,3.17,111.2625018118568,108.0879612374208,111.26,109.29,37.69,83.55,11.42,34.61,24.47,35.37,16.47,34.03,16.23,9.8,4.7,16.12,25.05,50.5,Missouri State Bears
Antwan Burnett,420.8,699.4,1.96,106.50333273284093,104.54642173203771,106.5,106.22,35.16,82.58,10.38,33.15,25.8,38.19,19.6,32.86,18.59,10.95,5.62,18.88,28.68,52.46,Missouri State Bears
Darrion Sutton,444.4,736.8,1.72,111.27520005495073,109.55046763434011,111.28,112.24,37.92,84.21,11.13,31.46,24.32,36.13,18.96,35.03,12.64,9.2,4.95,17.58,26.79,53.99,Missouri State Bears
Zaxton King,829.2,1377.6,1.4,108.20611379047757,106.80422857558034,108.21,106.61,36.55,83.69,11.02,34.01,24.08,35.25,16.61,33.94,13.63,9.94,4.28,16.17,25.09,50.55,Missouri State Bears
Trey Williams Jr.,979.6,1639.0,0.61,110.80095791577054,110.18745900764173,110.8,110.19,38.26,84.69,11.84,35.88,22.45,33.01,15.99,34.11,15.86,9.15,4.76,15.62,23.61,50.1,Missouri State Bears
Melakih Cunningham,217.6,354.2,-4.88,109.484404837683,114.36619718309859,109.48,114.86,37.34,81.76,10.47,31.12,24.33,34.23,15.28,34.8,19.8,10.18,3.68,17.26,24.9,50.08,Missouri State Bears
Cameron Boone,196.3,316.3,-18.67,98.32115029319624,116.98817672682019,98.32,120.81,32.45,82.26,10.28,34.7,23.13,29.24,14.14,35.99,10.28,8.35,7.71,17.99,31.49,50.13,Missouri State Bears
Luke Northweather,219.9,382.9,32.15,129.20696324951643,97.05785123966942,129.21,94.65,45.91,88.46,13.67,35.07,23.73,33.53,19.6,35.33,1.03,13.67,2.58,15.22,25.79,54.93,Missouri Tigers
Jevon Porter,184.6,322.0,25.13,116.0644454872517,90.9301071125838,116.06,92.29,42.86,84.47,10.64,31.28,19.71,29.41,20.33,39.42,0.0,12.51,5.63,21.9,23.46,59.75,Missouri Tigers
Annor Boateng,131.3,226.1,15.93,114.47296559257236,98.54423292273236,114.47,96.12,44.13,84.33,7.86,25.78,18.35,28.4,17.04,36.7,5.68,10.49,7.86,19.22,27.96,53.74,Missouri Tigers
Sebastian Mack,253.5,438.9,9.92,108.97070557391999,99.05499259933964,108.97,99.17,40.58,83.21,8.21,28.27,19.61,30.55,17.55,37.39,0.68,11.4,5.24,19.83,25.53,54.94,Missouri Tigers
Jacob Crews,611.6,1044.8,9.91,118.96470588235294,109.05019229833017,118.96,105.41,41.41,83.58,10.82,32.28,25.32,35.76,16.19,36.24,11.01,9.22,4.8,15.62,23.72,52.43,Missouri Tigers
Mark Mitchell,1045.4,1782.2,5.33,115.50760503851181,110.17692852087757,115.51,108.22,40.32,81.42,10.51,29.36,24.36,35.26,15.57,34.76,13.01,8.95,4.73,17.41,24.86,50.33,Missouri Tigers
Anthony Robinson II,829.6,1410.0,3.61,112.70466684178268,109.09025620769522,112.7,106.4,39.09,81.18,9.81,28.65,24.73,36.07,15.69,33.76,10.44,10.44,4.69,17.37,25.99,49.45,Missouri Tigers
Shawn Phillips Jr.,593.6,983.9,3.03,112.60722376358592,109.5807016208812,112.61,109.96,41.34,81.96,10.28,29.02,19.65,29.83,16.09,35.74,14.76,8.86,7.13,19.96,24.23,51.83,Missouri Tigers
T.O. Barrett,670.6,1139.9,1.25,115.42271036471288,114.1708191275461,115.42,114.98,40.76,82.14,10.74,28.97,23.15,34.07,16.73,34.07,14.61,9.16,4.67,18.4,26.15,50.8,Missouri Tigers
Jayden Stone,732.2,1255.2,-0.67,114.71567295002858,115.38384062204136,114.72,112.82,39.24,80.36,11.27,30.96,24.98,35.53,15.28,34.27,15.99,7.96,4.81,18.04,24.74,49.55,Missouri Tigers
Trent Pierce,534.7,906.5,-3.65,112.18962245992246,115.84421332153131,112.19,115.16,37.95,80.95,10.34,28.93,25.96,36.63,15.73,32.45,20.24,8.58,5.28,17.38,25.19,48.18,Missouri Tigers
Nicholas Randall,85.7,154.2,-5.06,102.1558872305141,107.21649484536083,102.16,112.11,35.16,80.27,9.29,25.21,22.55,33.17,11.94,34.49,11.28,12.6,4.64,15.92,35.82,46.43,Missouri Tigers
Trent Burns,137.6,233.4,-14.43,101.16814918015218,115.59456277426952,101.17,115.74,33.44,78.45,11.15,31.29,23.15,38.15,12.43,33.01,15.0,6.86,3.86,15.86,26.58,45.44,Missouri Tigers
5174962,32.7,50.7,25.23,133.92417528311177,108.69565217391303,133.92,108.32,37.42,94.53,15.76,35.45,43.33,57.11,27.57,27.57,15.76,11.82,5.91,5.91,19.69,55.14,Monmouth Hawks
5242598,52.7,86.2,18.75,119.5589088798607,100.81112398609503,119.56,100.99,35.98,89.38,16.25,41.79,31.34,39.47,17.41,25.54,20.89,12.77,5.8,9.29,19.73,42.95,Monmouth Hawks
Jinup Dobuol,102.1,175.9,17.34,106.44656325601251,89.10329171396141,106.45,89.37,40.42,84.82,13.09,32.45,12.52,18.78,15.37,39.28,10.82,13.09,9.11,21.63,20.49,54.65,Monmouth Hawks
Andrew Ball,618.4,1052.1,12.12,113.1295860938947,101.00577787288681,113.13,100.88,40.94,85.49,9.69,30.11,21.56,29.35,15.2,34.67,13.68,12.44,6.93,15.77,22.32,49.87,Monmouth Hawks
Dok Muordar,382.6,630.5,10.1,108.48267622461172,98.38136596920647,108.48,99.24,39.19,86.34,10.35,29.63,19.75,27.08,16.41,36.64,11.47,12.74,9.56,17.2,20.71,53.05,Monmouth Hawks
Corey Miller,76.5,127.3,10.04,97.71350400625367,87.67772511848342,97.71,86.77,37.52,91.46,8.6,26.58,14.07,17.98,20.32,34.4,14.85,14.85,3.91,20.32,20.32,54.72,Monmouth Hawks
5106702,47.0,80.8,9.2,109.22787193973633,100.03049710277526,109.23,102.95,41.43,102.95,12.55,41.43,13.81,17.58,22.6,23.85,22.6,15.07,5.02,11.3,20.09,46.45,Monmouth Hawks
Kavion McClain,351.8,591.9,8.01,110.60452549814251,102.59877456158884,110.6,102.5,39.51,85.61,11.48,33.27,20.09,25.67,15.03,34.79,19.59,12.16,4.73,17.22,22.97,49.82,Monmouth Hawks
Jason Rivera-Torres,1047.5,1769.0,7.49,108.68607015398615,101.19967409322057,108.69,102.43,38.84,86.51,10.07,29.4,20.93,27.81,15.87,36.34,13.65,12.0,6.54,16.15,23.6,52.21,Monmouth Hawks
Justin Ray,845.4,1415.8,6.22,108.7913648629456,102.57130813545032,108.79,103.68,38.42,84.93,10.58,29.19,21.37,27.84,14.27,35.72,13.71,11.22,6.75,16.12,24.43,49.99,Monmouth Hawks
Jack Collins,969.6,1638.6,5.65,108.54191009163029,102.89642224476509,108.54,104.48,38.31,85.23,10.09,30.07,21.83,29.27,16.17,36.53,13.1,11.5,6.76,17.03,23.8,52.7,Monmouth Hawks
5174960,35.8,59.2,0.97,101.01010101010101,100.04239084357778,101.01,99.33,31.99,87.54,3.37,25.25,33.67,40.4,16.84,23.57,10.1,10.1,8.42,10.1,20.2,40.41,Monmouth Hawks
Stefanos Spartalis,642.4,1079.8,0.58,105.72851226208758,105.14433155942591,105.73,106.19,38.53,87.39,10.33,29.6,18.33,24.38,16.19,36.02,15.17,9.96,4.56,17.22,23.73,52.21,Monmouth Hawks
Cornelius Robinson III,714.4,1206.0,0.19,104.11693261297484,103.92808767393178,104.12,106.04,36.6,86.02,10.55,29.23,20.35,27.31,16.92,35.6,14.24,11.73,6.03,17.93,25.05,52.52,Monmouth Hawks
Anthony Martinez,135.3,228.1,-1.58,97.38822487826472,98.96907216494846,97.39,100.93,38.51,88.53,7.53,27.0,12.84,19.48,15.05,36.3,11.95,11.95,8.85,17.26,22.13,51.35,Monmouth Hawks
5313726,42.1,67.1,-9.46,101.11524163568772,110.57153530070975,101.12,110.04,29.74,99.63,8.92,40.15,32.71,44.61,29.74,26.77,16.36,7.43,2.97,8.92,25.28,56.51,Monmouth Hawks
O'Marion Harvey,41.6,75.4,-32.31,80.52759458521346,112.83676703645007,80.53,123.57,30.54,77.75,5.55,20.83,13.88,26.38,20.83,36.1,0.0,15.27,8.33,30.54,24.99,56.93,Monmouth Hawks
Courtney Anderson Jr.,87.0,163.0,8.76,112.27431345774541,103.51774368510772,112.27,101.35,35.2,75.25,15.78,37.02,26.1,41.88,14.57,35.2,0.0,9.71,3.64,19.42,28.52,49.77,Montana Grizzlies
Tyler Thompson,914.4,1627.2,6.46,111.56042599166538,105.10377315204258,111.56,106.07,38.71,76.43,12.47,32.1,21.67,27.78,8.77,39.02,14.51,7.78,3.21,19.14,25.62,47.79,Montana Grizzlies
Kenyon Aguino,715.0,1240.3,6.26,108.74866482597395,102.48760230617265,108.75,102.46,37.97,76.34,12.58,33.05,20.23,25.88,7.66,40.95,14.35,7.34,3.06,19.02,22.73,48.61,Montana Grizzlies
Money Williams,976.3,1764.5,2.6,109.22829672653454,106.6271751203258,109.23,105.56,37.67,74.49,11.62,30.51,22.27,28.53,8.01,38.18,12.86,7.39,3.1,19.96,24.98,46.19,Montana Grizzlies
Brooklyn Hicks,667.8,1183.2,1.47,106.97084917617236,105.50342378899313,106.97,105.45,36.5,76.81,11.83,32.02,22.14,28.73,10.14,38.02,12.51,7.94,3.38,19.69,24.59,48.16,Montana Grizzlies
Te'Jon Sawyer,850.9,1515.9,0.69,108.300395256917,107.60643392674308,108.3,107.31,38.34,76.68,11.46,32.02,20.16,26.35,8.37,38.14,13.44,7.51,3.03,19.17,24.18,46.51,Montana Grizzlies
Tyler Isaak,675.8,1213.2,-0.58,106.16339788660005,106.74157303370787,106.16,106.25,36.02,75.9,11.68,33.22,22.45,29.44,9.29,38.4,10.44,6.66,3.37,19.41,24.92,47.69,Montana Grizzlies
Trae Taylor,214.6,364.0,-1.07,99.18487567641618,100.2547682985609,99.18,99.73,32.88,75.62,12.88,34.52,20.55,27.67,11.51,37.54,14.8,10.14,4.66,22.74,26.3,49.05,Montana Grizzlies
Grant Kepley,547.8,966.4,-1.31,107.01858391112715,108.32987120897384,107.02,107.53,37.43,75.37,10.83,30.93,21.34,27.12,7.73,35.36,19.49,9.59,2.37,19.49,26.91,43.09,Montana Grizzlies
Chase Henderson,90.0,156.1,-2.37,97.48427672955975,99.85315712187959,97.48,96.23,34.59,78.62,9.43,35.22,18.87,25.16,9.43,38.36,2.52,6.92,6.92,18.87,20.13,47.79,Montana Grizzlies
Connor Dick,176.7,328.7,-9.06,94.75620975160993,103.81771540666969,94.76,105.49,31.89,72.06,8.89,28.21,22.08,35.57,12.57,39.25,5.83,9.51,4.29,23.61,32.2,51.82,Montana Grizzlies
Amari Jedkins,104.0,192.8,-12.29,103.78827192527244,116.07721207410286,103.79,116.24,35.81,77.32,12.45,34.25,19.72,26.98,13.49,32.69,8.3,8.82,3.11,23.35,34.25,46.18,Montana Grizzlies
Kadyn Betts,34.7,61.2,-27.5,90.44030146767156,117.94439764111205,90.44,111.07,28.56,68.23,14.28,30.15,19.04,30.15,12.69,26.97,4.76,12.69,1.59,30.15,34.91,39.66,Montana Grizzlies
Howie Keene,277.1,473.6,24.13,124.42642194002774,100.29251984956122,124.43,102.44,44.39,91.56,20.7,49.73,14.94,20.92,15.15,36.92,16.22,9.82,3.84,13.66,21.77,52.07,Montana State Bobcats
Waka Mbatch,136.8,233.5,16.4,115.33477321814254,98.93842887473461,115.33,100.65,41.04,85.53,13.39,38.01,19.87,25.92,12.53,36.72,0.0,11.23,4.75,14.69,27.65,49.25,Montana State Bobcats
Jaden Steppe,474.8,814.8,16.3,119.48004056421131,103.18311326246132,119.48,103.5,42.53,86.91,17.09,43.51,17.33,24.46,13.28,34.91,12.78,10.94,3.69,14.75,23.97,48.19,Montana State Bobcats
Davian Brown,525.1,877.6,13.94,115.57163858419088,101.63068442811209,115.57,100.08,40.37,86.28,14.93,38.56,19.9,25.78,14.59,34.04,8.37,10.29,4.3,16.06,24.65,48.63,Montana State Bobcats
Jeremiah Davis,722.6,1204.5,11.83,115.70489408327246,103.87251259185865,115.7,105.02,40.99,85.65,15.19,37.98,18.53,25.46,12.77,36.31,12.86,9.93,4.34,15.03,22.87,49.08,Montana State Bobcats
Seth Amunrud,487.0,825.9,10.03,116.19064999847919,106.15736835763346,116.19,107.19,40.51,86.38,15.57,42.83,19.59,27.13,13.87,36.38,13.99,9.0,4.62,14.6,21.78,50.25,Montana State Bobcats
Chris Hodges,721.6,1181.0,8.94,112.29731729488614,103.35544862962884,112.3,103.08,40.5,89.38,14.21,39.49,17.08,23.42,15.39,35.35,9.89,9.98,4.31,14.88,22.16,50.74,Montana State Bobcats
Jed Miller,1071.4,1798.2,8.78,114.64011569696295,105.86158486579653,114.64,105.91,40.55,87.72,15.19,40.72,18.36,24.92,14.18,34.43,10.74,10.12,3.62,14.63,22.97,48.61,Montana State Bobcats
Cavin Holden,206.8,354.4,8.45,110.23846922747396,101.78471834913552,110.24,104.24,40.84,85.96,12.85,38.55,15.71,21.13,12.57,34.27,0.0,11.14,5.14,16.56,25.99,46.84,Montana State Bobcats
Christian King,732.7,1255.6,8.11,114.40880804212541,106.30093420791096,114.41,106.67,41.09,86.88,14.6,38.85,17.63,24.25,13.16,33.75,11.89,10.21,3.75,14.76,23.06,46.91,Montana State Bobcats
Patrick McMahon,812.9,1369.4,4.05,112.39271852621222,108.34735532957787,112.39,107.95,39.07,86.88,13.27,37.32,20.99,27.77,13.48,33.89,9.69,8.97,3.43,13.41,23.32,47.37,Montana State Bobcats
5109792,29.8,51.7,3.6,118.8308576904648,115.234375,118.83,113.08,46.0,88.16,9.58,30.67,17.25,24.92,11.5,32.58,0.0,5.75,1.92,11.5,42.17,44.08,Montana State Bobcats
5241383,32.5,52.2,23.09,117.8743961352657,94.7867298578199,117.87,96.62,48.31,92.75,5.8,21.26,15.46,19.32,15.46,42.51,34.78,9.66,5.8,13.53,23.19,57.97,Morehead State Eagles
4897051,45.1,77.9,16.0,122.30447376890892,106.30803714377201,122.3,106.86,39.91,86.26,7.72,23.17,34.76,42.48,15.45,38.62,24.46,10.3,2.57,9.01,25.75,54.07,Morehead State Eagles
5314327,33.3,55.5,11.02,119.02614968440035,108.01080108010801,119.03,108.21,39.68,88.37,7.21,21.64,32.46,39.68,16.23,39.68,25.25,9.02,5.41,9.02,27.05,55.91,Morehead State Eagles
5314326,52.9,93.8,8.83,126.00969305331179,117.18131433095805,126.01,119.55,37.7,81.85,9.69,21.54,40.93,49.54,15.08,34.46,22.62,11.85,1.08,9.69,26.93,49.54,Morehead State Eagles
5177360,51.0,91.9,8.2,124.3753470294281,116.17372768451905,124.38,121.04,38.87,84.4,11.1,23.32,35.54,42.2,13.33,34.43,22.21,13.33,1.11,8.88,24.43,47.76,Morehead State Eagles
Josiah LeGree,512.0,884.6,6.06,112.33927362959622,106.279919553579,112.34,105.8,40.94,85.04,9.25,27.41,21.2,28.87,18.61,34.18,11.5,11.05,4.06,19.85,27.18,52.79,Morehead State Eagles
Tamaury Releford,400.0,674.0,5.88,106.46616541353384,100.58565153733528,106.47,103.31,40.3,85.71,8.42,27.37,17.44,24.06,18.5,38.35,12.93,9.92,5.71,21.35,27.82,56.85,Morehead State Eagles
Vince Dawson III,460.7,783.4,5.69,111.83212267958031,106.13996340001262,111.83,108.6,40.81,86.0,11.23,30.22,18.98,26.47,17.43,37.84,13.82,8.78,5.94,18.85,25.18,55.27,Morehead State Eagles
Jon Carroll,677.9,1139.3,4.7,114.2154278685644,109.51817265114647,114.22,109.73,40.68,85.57,8.26,25.57,24.6,34.44,19.07,34.18,14.41,9.75,3.78,17.13,25.13,53.25,Morehead State Eagles
5107477,61.1,103.3,4.35,119.78399607265587,115.4304793703792,119.78,118.8,38.29,83.46,4.91,19.64,38.29,45.16,16.69,39.27,21.6,6.87,2.95,11.78,26.51,55.96,Morehead State Eagles
Tyonne Farrell,306.6,507.0,3.76,108.39785586658725,104.63920050947925,108.4,106.02,42.09,88.15,7.15,23.63,17.07,26.21,19.26,33.95,19.26,10.52,4.37,18.66,23.03,53.21,Morehead State Eagles
Davion Cunningham,729.5,1246.5,3.49,110.58012219466458,107.0922693266833,110.58,108.24,38.72,84.12,8.07,24.68,25.08,34.44,19.28,36.38,12.58,8.79,4.11,18.79,28.47,55.66,Morehead State Eagles
Anouar Mellouk,689.3,1142.1,1.93,112.56787180505891,110.64069997177535,112.57,112.48,41.05,86.52,8.83,25.52,21.63,29.49,18.63,34.17,13.51,9.71,4.68,18.1,26.84,52.8,Morehead State Eagles
Chase Dawson,720.2,1213.2,1.6,109.61291125586025,108.01293862342874,109.61,109.45,39.0,85.22,8.05,25.81,23.57,32.69,17.84,35.43,13.94,9.46,4.65,17.09,26.05,53.27,Morehead State Eagles
George Marshall,867.2,1445.9,1.53,111.14573595097124,109.61837333793818,111.15,109.9,39.61,85.11,8.38,25.76,23.54,33.1,18.42,34.49,13.37,10.11,4.36,17.59,25.48,52.91,Morehead State Eagles
5240034,34.4,53.5,0.86,108.86907555138433,108.0074487895717,108.87,108.87,43.17,101.36,7.51,26.28,15.02,16.89,22.52,37.54,24.4,9.39,5.63,13.14,28.16,60.06,Morehead State Eagles
Clayton Parker,315.3,534.3,-2.47,105.16467065868265,107.63758891800823,105.16,107.6,39.48,90.57,7.67,29.75,18.53,26.95,21.15,36.12,11.04,10.48,2.99,17.78,22.08,57.27,Morehead State Eagles
5247158,45.0,78.9,-7.13,123.07692307692308,130.20344287949922,123.08,133.33,34.62,83.33,11.54,25.64,42.31,51.28,15.38,32.05,16.67,10.26,1.28,7.69,29.49,47.43,Morehead State Eagles
Marland Harris,241.3,438.1,4.31,106.10440401292298,101.79227941176472,106.1,100.44,36.73,85.47,10.2,29.47,22.45,31.06,17.46,35.82,15.42,8.39,8.39,17.23,25.39,53.28,Morgan State Bears
Christian Meeks,820.3,1448.2,-0.22,107.57609649500147,107.79542423665114,107.58,107.09,36.55,83.35,10.53,29.25,23.95,31.87,16.45,33.52,13.15,6.81,4.75,17.96,31.38,49.97,Morgan State Bears
Christian Oliver,339.8,595.2,-0.59,106.56390064089139,107.15639610799883,106.56,106.56,36.36,80.26,10.22,28.15,23.63,31.33,13.07,32.67,13.57,6.37,2.51,17.93,29.82,45.74,Morgan State Bears
Elijah Davis,854.2,1539.0,-2.42,105.16280197139855,107.5802606224893,105.16,106.46,34.64,82.35,10.02,29.6,25.85,34.58,15.9,33.03,13.32,7.63,5.17,17.13,29.15,48.93,Morgan State Bears
Alfred Worrell Jr.,805.7,1433.5,-3.73,107.03893584591935,110.77160819021528,107.04,109.26,34.71,80.44,10.39,30.62,27.23,34.92,15.73,32.91,13.65,6.37,4.5,18.71,29.1,48.64,Morgan State Bears
Walter Peggs Jr.,513.2,927.7,-5.12,104.41267868241144,109.53455874449102,104.41,110.14,35.45,84.85,10.92,32.32,22.59,31.67,16.43,32.53,13.94,7.46,4.32,16.54,30.59,48.96,Morgan State Bears
Rob Lawson,929.4,1660.9,-5.32,105.3279858200772,110.64522940484449,105.33,110.19,34.85,81.71,9.97,28.42,25.66,34.07,15.68,32.63,13.58,6.55,4.81,17.78,29.02,48.31,Morgan State Bears
Eugene Alvin,527.8,935.6,-6.68,104.77131337943555,111.44981015027543,104.77,111.29,33.86,82.66,10.57,30.97,26.49,34.92,16.87,32.89,14.85,7.05,5.55,17.62,30.44,49.76,Morgan State Bears
David Bumpass,170.9,302.4,-16.31,103.57706033695742,119.88472622478386,103.58,120.84,31.87,80.34,8.63,26.89,31.21,43.49,19.59,28.55,10.29,4.98,5.64,18.59,33.2,48.14,Morgan State Bears
Matar Wade,94.3,164.0,-16.96,99.6595481275147,116.62158100390742,99.66,120.09,30.95,82.33,7.43,32.19,30.33,35.9,19.19,29.09,9.29,9.9,7.43,19.81,32.19,48.28,Morgan State Bears
Manok Lual,136.2,242.8,-17.67,97.31648741777174,114.98222447943118,97.32,118.2,32.58,77.27,7.1,23.39,25.06,34.67,16.71,33.83,7.1,7.94,3.76,22.97,31.74,50.54,Morgan State Bears
Dallas James,120.2,205.8,-22.84,99.85387238188017,122.69641125121242,99.85,123.23,34.1,82.32,9.25,27.76,22.41,33.12,22.89,30.2,6.33,7.31,4.38,24.84,31.66,53.09,Morgan State Bears
Justin Amadi,580.9,995.1,2.17,101.28108515448379,99.10792813167484,101.28,99.07,35.77,78.17,11.86,33.86,17.88,27.13,13.36,38.58,10.45,9.04,5.02,22.31,26.73,51.94,Mount St. Mary's Mountaineers
Anthony Arrington,383.1,651.4,2.12,99.40497024851241,97.28746779815124,99.4,99.87,35.0,80.43,9.49,31.27,19.91,29.09,17.27,38.42,17.11,11.36,5.13,23.02,28.93,55.69,Mount St. Mary's Mountaineers
Yakhya Diop,252.5,419.0,2.04,101.9877952993777,99.94696210737226,101.99,102.47,35.28,80.0,11.84,33.59,19.58,26.34,16.92,38.91,11.12,9.43,7.25,24.41,32.87,55.83,Mount St. Mary's Mountaineers
Abdou Khadre Kébé,426.5,723.0,1.03,102.03098106712565,100.99677004827561,102.03,100.1,35.11,80.41,9.5,32.22,22.31,31.67,17.49,39.66,14.73,9.23,4.96,22.03,24.92,57.15,Mount St. Mary's Mountaineers
Arlandus Keyes,815.0,1406.8,0.15,102.89457378064972,102.74522395248033,102.89,101.97,36.75,81.01,12.11,35.69,17.28,26.56,15.15,38.17,13.31,9.35,4.53,21.53,25.64,53.32,Mount St. Mary's Mountaineers
Patrick Haigh,177.4,298.2,-3.31,95.8962545857862,99.2089650626236,95.9,102.72,35.15,81.22,13.31,41.98,12.29,20.13,15.36,44.71,7.51,5.12,4.1,24.57,27.3,60.07,Mount St. Mary's Mountaineers
Luke McEldon,706.8,1185.5,-4.35,100.11137495534494,104.46339760005078,100.11,103.73,37.32,82.96,11.1,34.21,14.37,22.95,15.47,40.01,11.77,7.73,3.28,21.6,23.03,55.48,Mount St. Mary's Mountaineers
Mason So,542.7,927.2,-6.29,97.13695876568697,103.42889263631254,97.14,104.96,35.31,81.06,10.97,34.88,15.54,24.56,15.54,38.25,7.28,9.56,5.11,22.82,25.1,53.79,Mount St. Mary's Mountaineers
Xavier Lipscomb,941.0,1600.8,-6.66,101.41230635226779,108.07250831085744,101.41,107.2,35.9,80.01,11.82,34.9,17.79,26.63,14.87,38.39,11.07,7.59,3.61,22.21,26.19,53.26,Mount St. Mary's Mountaineers
Trey Deveaux,702.2,1204.3,-7.57,97.31613224374664,104.88696808510637,97.32,104.7,33.27,79.81,11.45,36.67,19.33,28.71,16.68,39.24,11.7,8.55,4.4,23.23,26.88,55.92,Mount St. Mary's Mountaineers
Anastasios Rozakeas,341.3,586.4,-16.95,95.46172565427143,112.41217798594847,95.46,112.71,35.18,79.92,11.78,36.55,13.32,19.98,12.81,37.06,6.83,7.86,4.1,23.4,29.54,49.87,Mount St. Mary's Mountaineers
Elijah Espinosa,56.4,89.2,-24.03,92.43212016175622,116.46258503401361,92.43,123.63,36.97,79.72,9.24,34.66,9.24,20.8,18.49,34.66,13.86,8.09,4.62,28.89,24.26,53.15,Mount St. Mary's Mountaineers
Mason Miller,626.8,1114.0,10.89,119.27582534611287,108.38927666385096,119.28,110.48,40.24,85.38,13.78,37.43,25.02,33.26,16.59,36.34,11.24,8.34,5.71,15.41,25.56,52.93,Murray State Racers
Layne Taylor,662.6,1187.1,8.6,118.68962620747585,110.08554229591299,118.69,109.45,41.41,86.27,14.2,39.14,21.67,28.56,16.55,34.61,9.58,7.06,5.63,16.72,24.28,51.16,Murray State Racers
Mathis Courbon,424.4,759.3,8.36,118.06940566414042,109.70876952679124,118.07,111.82,37.63,80.18,14.63,40.69,28.19,36.7,13.56,35.9,9.97,6.38,6.12,15.96,28.99,49.46,Murray State Racers
Fred King,681.3,1202.8,7.79,119.4140247786156,111.62751571996381,119.41,109.06,41.26,84.65,13.31,35.42,23.59,31.97,16.19,35.26,11.51,7.31,6.33,16.35,22.93,51.45,Murray State Racers
Brock Vice,132.3,242.2,6.85,113.33473772909205,106.488510982893,113.33,110.81,38.34,86.37,15.17,44.66,21.49,27.81,16.01,34.13,13.06,10.11,3.79,16.43,26.54,50.14,Murray State Racers
Javon Jackson,729.1,1324.0,5.04,115.35634177143609,110.31664964249232,115.36,109.93,39.66,84.67,13.04,36.19,23.0,30.69,16.21,34.76,10.86,8.44,5.43,16.96,24.2,50.97,Murray State Racers
Roman Domon,700.3,1269.8,4.48,115.83361222119417,111.35831151188202,115.83,111.35,38.51,83.86,13.39,40.24,25.43,33.31,15.51,34.73,11.02,8.19,5.12,15.83,26.06,50.24,Murray State Racers
JJ Traynor,621.0,1102.6,4.02,113.08067061595114,109.065569716996,113.08,110.98,38.7,82.98,12.53,35.31,23.15,31.01,15.28,33.94,9.88,8.14,5.58,17.57,27.63,49.22,Murray State Racers
Dylan Anderson,192.5,350.8,2.43,109.96464391370229,107.53747624744878,109.96,110.25,37.81,86.87,16.45,47.05,17.89,23.38,15.3,36.65,5.77,6.64,4.62,17.32,30.59,51.95,Murray State Racers
KJ Tenner,455.5,818.2,1.47,111.71536547147203,110.24339846242668,111.72,111.47,36.99,82.1,13.15,38.1,24.58,33.55,14.75,34.78,11.55,8.97,5.16,16.71,27.78,49.53,Murray State Racers
Brayden Shorter,409.8,752.6,0.91,111.87244696270919,110.95849107172768,111.87,109.11,38.48,82.88,14.76,42.56,20.16,26.88,13.97,34.13,9.22,6.85,5.53,18.32,25.43,48.1,Murray State Racers
Jerry Deng,70.0,123.4,48.84,131.66666666666666,82.82390061131927,131.67,87.5,42.5,93.33,18.33,47.5,28.33,33.33,18.33,41.67,5.0,13.33,3.33,9.17,27.5,60.0,NC State Wolfpack
Musa Sagnia,377.8,656.6,21.58,120.68698746712055,99.10787915136066,120.69,102.27,41.0,87.27,16.4,37.6,22.28,29.09,15.78,34.04,14.39,16.09,4.33,14.7,28.93,49.82,NC State Wolfpack
Quadir Copeland,887.4,1533.6,13.11,119.11971888005442,106.00764699125355,119.12,104.61,40.81,85.57,14.7,36.21,22.74,30.25,13.08,35.5,15.87,11.53,4.4,13.15,25.46,48.58,NC State Wolfpack
Paul McNeil Jr.,864.6,1499.9,10.7,118.82828550599773,108.12442357675862,118.83,106.83,40.69,87.48,14.78,38.11,22.6,29.43,13.78,34.86,15.64,10.74,4.57,12.33,24.92,48.64,NC State Wolfpack
Matt Able,648.8,1119.7,9.86,119.20026806656988,109.3432709258474,119.2,109.46,40.84,88.37,14.48,36.64,23.05,29.93,14.74,33.51,13.85,13.14,5.0,12.15,27.43,48.25,NC State Wolfpack
Alyn Breed,268.7,464.5,8.71,112.49266236191899,103.77768128528007,112.49,102.03,39.7,87.52,14.09,36.29,19.0,25.83,11.53,35.65,12.38,11.95,4.27,11.74,26.68,47.18,NC State Wolfpack
Terrance Arceneaux,417.6,727.5,6.07,115.93393162691623,109.85963132081852,115.93,113.42,39.67,86.32,13.27,34.36,23.33,31.15,13.97,33.8,15.5,13.41,5.87,12.85,25.14,47.77,NC State Wolfpack
Ven-Allen Lubin,859.4,1485.1,5.59,114.9901446563993,109.40124535536742,114.99,107.71,39.42,85.66,13.16,35.28,22.92,30.33,13.36,35.88,14.83,9.55,4.61,13.3,23.99,49.24,NC State Wolfpack
Tre Holloman,713.7,1224.8,5.32,115.68735127219476,110.36460467021712,115.69,109.59,39.05,85.75,13.91,37.42,23.59,30.35,14.64,34.41,13.42,10.98,4.31,14.48,25.3,49.05,NC State Wolfpack
Darrion Williams,889.9,1537.2,4.45,114.68193179069578,110.23441216515477,114.68,108.36,39.54,86.95,13.8,37.02,21.74,28.7,13.29,34.77,14.51,11.35,4.19,12.71,25.93,48.06,NC State Wolfpack
Scottie Ebube,42.3,70.6,-31.97,110.21974189047785,142.1903052064632,110.22,138.12,33.48,80.92,9.77,37.67,33.48,46.04,13.95,30.69,12.56,9.77,8.37,11.16,37.67,44.64,NC State Wolfpack
Melvyn Ebonkoli,484.7,814.1,12.11,107.1406680968434,95.02708025603151,107.14,94.64,39.11,87.4,10.42,31.01,18.51,25.74,14.83,38.61,17.28,13.48,5.15,15.2,24.39,53.44,NJIT Highlanders
Sebastian Robinson,730.1,1234.4,-2.89,101.10042669606581,103.99421361408021,101.1,105.67,35.12,83.38,9.64,31.2,21.23,29.32,12.58,37.57,12.25,11.35,4.9,15.27,26.95,50.15,NJIT Highlanders
Ari Fulton,840.0,1436.4,-4.62,101.07523134029242,105.69133956819525,101.08,105.95,34.3,81.63,10.6,33.25,21.89,30.46,14.01,36.39,10.73,10.11,5.16,17.91,26.42,50.4,NJIT Highlanders
Jordan Rogers,803.2,1390.2,-5.24,99.76915308036358,105.01398751882935,99.77,105.61,34.48,83.47,10.53,34.34,20.27,28.28,13.56,36.5,10.89,10.46,5.19,16.66,25.61,50.06,NJIT Highlanders
Cameron Piggee,59.2,103.5,-5.74,96.16757914782195,101.91082802547771,96.17,99.02,36.18,86.65,8.57,32.37,15.23,18.09,12.38,37.13,11.43,8.57,3.81,17.14,31.42,49.51,NJIT Highlanders
David Bolden,871.6,1493.5,-8.0,98.80440623320796,106.80016687526074,98.8,107.47,34.26,84.9,10.48,35.87,19.81,27.4,14.31,35.87,11.02,10.34,4.9,16.39,26.67,50.18,NJIT Highlanders
Quentin Duncan,399.0,667.8,-13.0,92.07317073170732,105.0695313074829,92.07,108.84,33.08,86.59,8.84,33.99,17.07,24.39,14.48,36.13,9.3,11.13,4.12,16.31,30.64,50.61,NJIT Highlanders
John Kelly,437.0,750.4,-17.77,94.5872801082544,112.36176287205066,94.59,115.83,30.85,81.73,9.07,33.96,23.82,32.48,14.75,35.99,7.98,8.53,3.52,17.59,28.01,50.74,NJIT Highlanders
Malachi Arrington,371.3,623.4,-17.98,89.75704253773507,107.74196119058055,89.76,109.13,31.64,84.43,10.17,38.42,16.3,22.92,14.37,35.84,5.0,7.59,4.36,19.05,25.67,50.21,NJIT Highlanders
Jeremy Clayville,287.8,490.5,-18.53,89.8580121703854,108.38498181631921,89.86,107.3,31.24,83.37,10.95,39.55,16.43,24.34,15.82,36.11,3.45,6.9,4.26,20.89,25.15,51.93,NJIT Highlanders
Rocco Awad,336.0,590.7,-19.19,89.99830191883173,109.18449141458886,90.0,109.87,29.89,80.32,10.02,36.17,20.21,27.85,13.25,34.47,7.64,9.51,5.09,19.7,25.98,47.72,NJIT Highlanders
Jeffrey Akintolu,70.6,121.8,-24.81,91.50326797385621,116.31264178181068,91.5,115.2,35.13,86.6,7.35,39.22,13.89,19.61,14.71,27.78,6.54,13.07,2.45,18.79,40.03,42.49,NJIT Highlanders
Zack Scherler,82.9,140.7,-46.13,77.32235546805083,123.45679012345678,77.32,125.29,25.06,79.47,10.02,33.65,17.18,23.63,10.74,33.65,2.86,3.58,7.88,20.05,31.5,44.39,NJIT Highlanders
Sam Krist,33.0,53.6,67.37,106.89990281827015,39.532794249775385,106.9,42.76,34.99,68.03,7.77,27.21,29.15,42.76,17.49,66.08,17.49,11.66,1.94,29.15,27.21,83.57,Navy Midshipmen
Cam Cole,571.3,934.0,24.99,116.6239863422962,91.63667615620132,116.62,91.02,39.8,80.45,10.03,27.74,27.0,37.56,14.19,39.91,19.95,12.8,5.01,15.9,23.05,54.1,Navy Midshipmen
David Burnett,83.8,143.9,20.69,116.09498680738785,95.40150995195607,116.09,97.8,39.4,75.29,10.55,27.44,26.74,38.7,12.66,38.7,9.85,15.48,2.11,19.0,33.77,51.36,Navy Midshipmen
Aidan Kehoe,1060.8,1697.3,15.44,110.98163581385059,95.54205703696077,110.98,95.82,39.71,84.73,9.91,27.61,21.65,29.8,16.17,40.36,18.11,10.86,4.96,17.29,19.23,56.53,Navy Midshipmen
Austin Benigni,1136.7,1843.1,12.95,111.88129535362287,98.9358955193455,111.88,98.56,39.1,83.94,10.13,27.83,23.56,31.19,15.76,38.83,16.35,11.05,4.82,17.0,21.82,54.59,Navy Midshipmen
Donovan Draper,793.4,1304.8,12.26,110.9551911727956,98.69375907111757,110.96,99.34,38.68,83.04,8.15,25.61,25.45,33.76,16.07,37.06,14.92,12.76,4.61,16.99,21.76,53.13,Navy Midshipmen
Jinwoo Kim,958.4,1550.8,11.96,111.49556624877289,99.53655110048929,111.5,99.2,39.46,85.04,9.53,26.97,23.05,31.09,16.29,39.01,16.22,10.62,4.83,16.48,21.18,55.3,Navy Midshipmen
Mike Woods,707.5,1147.4,11.56,109.62457042816696,98.06462951165396,109.62,96.48,37.87,84.98,10.37,28.88,23.52,30.52,15.82,39.6,14.27,10.29,4.76,16.34,22.82,55.42,Navy Midshipmen
Jordan Pennick,758.1,1215.3,9.81,110.89582388588862,101.0880722644221,110.9,101.5,39.33,83.44,10.47,28.03,21.77,30.18,16.33,39.0,19.05,11.38,4.78,18.55,21.85,55.33,Navy Midshipmen
Connor Essegian,93.5,175.0,32.18,123.62404741744284,91.44841556938215,123.62,89.19,46.85,91.45,15.81,48.55,14.11,19.19,12.98,38.95,0.0,9.6,1.69,12.42,15.81,51.93,Nebraska Cornhuskers
Pryce Sandfort,1125.0,1879.9,20.84,117.26123820188769,96.42198548628892,117.26,96.89,41.75,88.47,16.32,44.58,17.44,22.82,13.28,38.61,18.24,10.98,3.31,13.97,21.06,51.89,Nebraska Cornhuskers
Sam Hoiberg,1074.5,1787.8,20.49,114.84842090455089,94.35903138813978,114.85,95.49,41.58,88.46,15.92,44.68,15.76,21.1,12.6,40.29,18.51,11.14,3.77,14.12,21.21,52.89,Nebraska Cornhuskers
Braden Frager,730.7,1243.3,19.77,119.44249473578662,99.67741935483872,119.44,99.15,42.03,85.67,15.88,44.12,19.49,25.27,12.11,37.7,18.45,10.75,3.05,14.44,21.5,49.81,Nebraska Cornhuskers
Rienk Mast,952.6,1579.0,18.92,116.31458386357853,97.39338733570776,116.31,98.31,42.0,89.84,16.23,45.24,16.1,21.38,14.13,39.96,17.12,10.69,2.55,14.13,19.28,54.09,Nebraska Cornhuskers
Jamarques Lawrence,938.5,1566.3,18.13,115.81889323644494,97.68391501307983,115.82,97.8,41.27,89.69,16.03,44.91,17.25,23.32,14.31,38.33,18.72,10.03,2.62,13.54,20.76,52.64,Nebraska Cornhuskers
Berke Buyuktuncel,761.0,1249.2,17.22,112.36182123153407,95.13804927358134,112.36,97.0,40.42,89.4,16.25,44.62,15.28,20.77,13.66,37.99,18.51,11.88,4.04,14.39,20.69,51.65,Nebraska Cornhuskers
Cale Jacobsen,650.4,1096.6,15.3,111.92944381594441,96.63184438040345,111.93,99.09,39.16,85.7,14.96,44.33,18.65,24.66,12.47,38.42,16.53,12.38,4.8,15.05,22.44,50.89,Nebraska Cornhuskers
Jared Garcia,201.6,342.3,5.42,107.01754385964912,101.59842347273921,107.02,101.75,37.43,84.5,16.08,44.74,16.08,23.39,13.74,38.6,16.96,9.36,7.31,18.13,23.1,52.34,Nebraska Cornhuskers
Leo Curtis,40.2,67.4,2.7,108.23170731707319,105.52945428261656,108.23,111.28,41.16,91.46,9.15,41.16,16.77,24.39,15.24,28.96,15.24,18.29,4.57,12.2,15.24,44.2,Nebraska Cornhuskers
Tyler Rolison,554.0,923.3,8.51,112.62863504303672,104.12334944508952,112.63,104.7,35.95,83.3,9.23,27.04,31.5,42.47,16.83,37.25,11.95,9.88,4.24,13.36,27.7,54.08,Nevada Wolf Pack
Chuck Bailey III,538.7,891.6,7.98,113.03782071228537,105.05836575875487,113.04,106.93,38.02,87.81,10.64,29.19,26.36,34.96,17.54,35.08,12.79,10.75,5.43,13.13,29.53,52.62,Nevada Wolf Pack
Elijah Price,1023.2,1704.8,7.35,112.17354491175311,104.82742365540709,112.17,103.88,36.44,83.09,9.63,25.99,29.66,39.65,16.7,36.67,15.36,9.52,5.84,14.77,25.93,53.37,Nevada Wolf Pack
Kaleb Lowery,613.7,1006.0,7.1,116.16900012390039,109.06462627420682,116.17,108.44,39.35,84.25,10.61,28.84,26.86,34.2,16.16,34.99,19.43,10.21,6.84,15.66,26.37,51.15,Nevada Wolf Pack
Vaughn Weems,778.1,1309.8,7.0,112.88362199939228,105.88709213327962,112.88,104.83,37.37,83.11,9.42,26.13,28.71,38.29,16.41,37.53,17.62,9.8,5.47,15.12,24.99,53.94,Nevada Wolf Pack
Corey Camper Jr.,963.4,1610.8,6.16,112.92949662607616,106.76687059408094,112.93,106.66,37.6,83.58,9.74,26.68,27.98,36.92,16.57,36.98,16.63,9.06,5.58,15.45,24.82,53.55,Nevada Wolf Pack
Jeriah Coleman,149.8,247.5,5.27,111.00678142931663,105.73722341883689,111.01,112.68,37.56,85.13,13.35,34.22,22.54,31.3,13.35,41.31,18.36,9.18,5.84,13.35,23.37,54.66,Nevada Wolf Pack
Peyton White,459.1,775.2,5.19,110.64630152090022,105.45221295702373,110.65,106.63,35.8,84.7,9.99,27.89,29.06,39.3,17.25,36.84,13.23,10.64,4.15,13.88,26.59,54.09,Nevada Wolf Pack
Tayshawn Comer,851.3,1402.6,2.14,112.64506512403733,110.50633817947433,112.65,109.52,36.91,84.61,10.43,27.54,28.39,37.34,17.11,35.63,15.26,8.45,6.6,14.76,26.12,52.74,Nevada Wolf Pack
Joel Armotrading,312.6,520.4,0.19,104.34452665528362,104.15145763371783,104.34,101.5,34.53,84.8,7.4,26.56,27.89,37.18,18.78,38.51,10.24,8.92,5.12,16.32,29.98,57.29,Nevada Wolf Pack
Amire Robinson,314.1,524.7,-0.45,102.97219558964525,103.4237817871857,102.97,104.7,34.13,84.37,9.97,31.64,24.74,34.52,16.3,37.2,14.57,9.4,4.79,15.53,30.11,53.5,Nevada Wolf Pack
Myles Walker,203.7,342.8,-3.86,109.36812784049259,113.22398025838294,109.37,114.35,36.65,82.1,9.68,28.44,26.39,34.6,13.78,32.55,17.01,13.19,3.81,15.25,27.56,46.33,Nevada Wolf Pack
Ethan Croley,55.3,85.3,-24.25,97.64603312990408,121.89349112426035,97.65,119.73,38.36,95.32,9.3,30.22,11.62,22.09,18.6,26.74,10.46,10.46,3.49,12.79,19.76,45.34,Nevada Wolf Pack
Belal El Shakery,763.5,1276.3,-5.77,99.69671047515358,105.46882709348912,99.7,103.9,37.09,88.58,11.98,39.04,13.53,22.09,14.39,36.08,10.97,8.87,3.42,15.32,24.11,50.47,New Hampshire Wildcats
Giannos Xanthopoulos,178.6,308.9,-5.98,95.8103822400267,101.79076343072573,95.81,108.16,34.72,89.13,12.35,41.4,14.02,19.36,16.36,41.73,8.01,8.68,3.0,18.03,32.38,58.09,New Hampshire Wildcats
Tyler Bike,678.7,1140.5,-9.12,95.69377990430623,104.81381756091153,95.69,105.09,34.06,88.41,12.2,41.17,15.36,24.41,14.66,35.56,11.68,9.48,2.9,14.66,26.34,50.22,New Hampshire Wildcats
R.J. Kennedy,569.6,964.5,-9.58,97.21028366023286,106.78910441601319,97.21,107.84,35.32,87.94,11.15,36.36,15.42,23.86,16.67,37.51,9.06,8.96,3.02,17.4,27.19,54.18,New Hampshire Wildcats
Comeh Emuobor,513.8,883.2,-10.26,101.34436401240951,111.6040289054435,101.34,114.9,36.08,86.64,11.49,33.44,17.7,26.2,17.01,35.62,9.65,8.73,2.07,17.92,28.38,52.63,New Hampshire Wildcats
Davide Poser,838.8,1406.6,-11.06,99.8083339248953,110.86387667550777,99.81,110.53,36.42,87.46,12.07,38.05,14.91,23.57,14.69,34.14,11.29,8.87,2.91,16.04,25.41,48.83,New Hampshire Wildcats
KiJan Robinson,657.0,1095.8,-12.23,100.54378483269029,112.7774445110978,100.54,110.29,36.55,87.1,12.46,39.62,14.98,23.56,13.99,34.84,11.46,8.12,3.16,15.7,25.0,48.83,New Hampshire Wildcats
John Squire,794.9,1314.9,-13.05,97.03319856500198,110.08265722012722,97.03,109.71,35.23,87.24,12.0,38.04,14.58,22.55,14.05,35.38,11.39,8.58,3.49,16.1,23.84,49.43,New Hampshire Wildcats
Jack Graham,820.5,1405.6,-14.18,95.02423723980611,109.2038697079968,95.02,109.64,34.79,86.47,10.34,36.21,15.11,23.38,13.9,35.86,9.34,8.34,3.07,16.32,24.52,49.76,New Hampshire Wildcats
Jon O'Neill,73.3,127.4,-28.29,88.99389643630636,117.27912431587177,88.99,118.13,34.65,88.21,10.24,38.59,9.45,16.54,14.96,31.5,6.3,9.45,0.79,18.9,25.2,46.46,New Hampshire Wildcats
Kyle Kearson,122.2,193.4,10.35,111.70281854786337,101.35048231511254,111.7,102.35,41.04,91.44,13.51,36.89,16.11,21.3,13.51,38.45,16.63,7.79,2.08,11.95,17.66,51.96,New Haven Chargers
Tristan Burth,118.7,189.3,9.02,112.28813559322033,103.26659641728135,112.29,103.81,41.84,86.33,12.71,32.31,15.89,25.42,17.48,35.49,3.18,12.71,5.3,19.07,25.95,52.97,New Haven Chargers
Vere Anthony,153.6,255.6,4.01,102.97889130005919,98.97147292839124,102.98,100.61,39.85,90.75,9.07,33.14,14.2,24.46,19.33,33.14,0.79,15.78,3.16,16.97,20.52,52.47,New Haven Chargers
Zoumana Traore,153.2,248.7,3.75,110.46806782414458,106.71976107516177,110.47,108.84,41.83,82.85,12.59,30.05,14.21,20.71,16.25,32.9,4.87,13.81,4.06,23.56,21.53,49.15,New Haven Chargers
Kheni Briggs,450.1,733.7,0.06,102.45984956291929,102.39890335846471,102.46,101.24,38.9,83.89,9.76,30.77,14.91,22.5,11.52,35.51,13.42,11.79,2.71,16.94,19.25,47.03,New Haven Chargers
Stefano Faloppa,707.5,1116.9,-2.57,101.32345392460999,103.89027319460347,101.32,103.29,37.94,84.18,10.18,33.66,15.27,22.59,11.87,37.05,11.61,9.11,2.77,16.96,20.8,48.92,New Haven Chargers
Teshaun Steele,413.3,663.6,-3.29,100.57997557997558,103.86518358692014,100.58,106.53,35.1,84.4,11.14,35.41,19.23,29.3,15.57,38.0,12.67,10.23,3.97,17.25,25.03,53.57,New Haven Chargers
Andre Pasha,861.5,1391.0,-3.74,101.03014667412367,104.77315859204354,101.03,105.58,36.52,81.62,10.32,33.05,17.68,25.33,10.9,36.73,13.06,9.6,2.67,17.25,21.22,47.63,New Haven Chargers
Jabri Fitzpatrick,942.5,1503.2,-3.78,100.71846282372599,104.49812095425723,100.72,105.46,36.16,81.87,10.43,33.55,17.98,26.07,11.7,37.76,12.5,9.22,3.01,17.44,21.65,49.46,New Haven Chargers
Najimi George,885.0,1418.6,-5.23,100.04599002370256,105.27794360360994,100.05,106.06,35.66,81.3,10.19,33.04,18.54,27.31,11.18,36.79,12.88,9.48,2.9,16.91,22.57,47.97,New Haven Chargers
Maison Adeleye,443.6,707.0,-5.52,100.25706940874035,105.77562957514624,100.26,107.83,35.28,80.83,10.43,33.13,19.28,27.42,12.43,36.99,10.28,8.85,3.43,18.57,25.85,49.42,New Haven Chargers
Aidan Losiewicz,122.9,184.9,-10.53,98.55150940842019,109.08599972998513,98.55,109.38,36.28,88.8,15.16,45.49,10.83,17.87,15.16,37.36,21.12,7.58,3.79,17.87,24.37,52.52,New Haven Chargers
Kevin Patton Jr.,80.7,147.4,36.2,120.36245512053343,84.16091567076249,120.36,85.48,38.98,89.59,15.73,45.14,26.67,34.88,19.83,43.77,0.0,12.99,6.15,13.68,25.99,63.6,New Mexico Lobos
Milos Vicentic,92.6,159.8,20.67,117.37874410825604,96.71179883945842,117.38,91.23,40.14,91.84,17.03,49.87,20.07,26.15,15.2,32.84,9.73,15.81,3.65,10.95,23.72,48.04,New Mexico Lobos
JT Rock,431.8,750.6,20.55,116.00473212776745,95.45693277310924,116.0,98.29,41.1,88.15,14.47,40.02,19.33,26.36,14.87,40.7,16.49,9.73,6.35,14.2,22.98,55.57,New Mexico Lobos
Uriah Tenette,918.7,1629.0,19.11,115.71651306750645,96.60538561293768,115.72,97.75,39.46,85.34,13.4,36.18,23.4,32.17,15.38,37.42,14.88,11.98,4.08,14.76,26.12,52.8,New Mexico Lobos
Luke Haupt,982.2,1715.4,16.71,114.81632891432577,98.1102430934404,114.82,98.46,39.77,86.73,12.61,35.27,22.66,32.0,16.18,36.91,15.24,12.03,4.2,14.25,24.47,53.09,New Mexico Lobos
Timéo Pons,36.7,61.6,16.21,116.327378479435,100.11918951132301,116.33,104.69,43.21,91.4,16.62,46.53,13.29,21.6,18.28,43.21,23.27,9.97,4.99,16.62,26.59,61.49,New Mexico Lobos
Jake Hall,1085.7,1903.2,14.84,115.66315734132459,100.8191556395715,115.66,100.94,40.48,87.85,13.3,36.54,21.4,30.34,16.3,36.12,15.46,11.72,3.63,14.04,23.66,52.42,New Mexico Lobos
Deyton Albury,809.1,1419.3,14.73,115.78410868380816,101.0521855801144,115.78,100.6,40.07,84.85,13.29,35.64,22.36,31.0,15.33,34.87,15.61,11.88,3.3,15.75,23.55,50.2,New Mexico Lobos
Tomislav Buljan,870.0,1534.2,12.94,114.69464096934212,101.75026123301984,114.69,101.36,39.94,85.61,12.3,32.92,22.51,32.2,16.33,35.2,14.57,12.1,2.73,15.42,24.85,51.53,New Mexico Lobos
Tajavis Miller,488.8,868.1,12.59,111.28356810261518,98.69688385269122,111.28,102.03,39.24,85.4,13.24,36.55,19.56,27.29,13.71,38.19,18.04,12.3,4.45,15.35,26.71,51.9,New Mexico Lobos
Antonio Chol,854.3,1489.1,11.06,115.8016070563472,104.74101569090601,115.8,103.71,41.36,86.87,14.17,37.22,18.91,26.66,14.23,34.35,14.83,10.56,4.14,14.7,23.12,48.58,New Mexico Lobos
Chris Howell,265.6,476.2,9.19,111.04709025195119,101.85721050139422,111.05,101.41,38.55,84.02,13.2,38.97,20.74,27.03,13.62,34.15,0.0,11.73,2.93,16.76,23.89,47.77,New Mexico Lobos
Augustine Ekwe,222.5,369.3,11.38,114.48134200616227,103.09968534511616,114.48,105.44,40.81,93.67,11.23,36.43,21.64,26.02,20.27,38.89,12.05,12.05,7.12,14.24,29.58,59.16,New Mexico State Aggies
Jayland Randall,602.6,1027.9,10.25,111.31671211530971,101.06654357279949,111.32,101.29,37.69,89.7,12.37,37.01,23.57,31.94,18.41,40.81,13.15,8.96,4.97,13.54,31.46,59.22,New Mexico State Aggies
Jae'Coby Osborne,727.0,1202.8,5.75,110.91219451267746,105.16704710520854,110.91,105.5,39.72,89.18,10.33,31.97,21.15,30.14,18.49,36.64,14.49,9.83,4.08,14.99,28.06,55.13,New Mexico State Aggies
Gabe Pickens,616.4,1055.8,5.28,105.04973403620923,99.76961775353801,105.05,101.23,36.83,86.35,8.49,30.15,22.9,32.15,18.32,38.83,13.07,9.06,4.2,16.7,29.29,57.15,New Mexico State Aggies
Jemel Jones,870.2,1464.2,4.91,108.47642409375852,103.56806708308378,108.48,103.09,37.68,87.76,9.95,31.28,23.17,31.07,18.81,37.48,12.74,9.13,4.77,16.29,30.66,56.29,New Mexico State Aggies
Julius Mims,816.1,1370.0,3.48,110.78738436885425,107.30547682179757,110.79,106.85,39.33,89.01,11.14,32.56,20.98,29.43,17.19,37.29,15.88,8.23,4.44,14.2,27.61,54.48,New Mexico State Aggies
Elijah Elliott,552.9,956.4,3.06,111.2035784874649,108.13935158425727,111.2,107.04,38.07,86.97,11.96,35.06,23.09,32.04,16.75,36.31,13.63,9.67,4.79,14.56,27.15,53.06,New Mexico State Aggies
Kyrese Mullen,351.7,602.5,2.8,104.05827263267429,101.25744540039709,104.06,101.89,34.46,90.74,11.32,36.3,23.81,32.47,22.31,39.29,12.82,8.32,3.16,16.15,31.47,61.6,New Mexico State Aggies
Chris Terrell,377.0,632.9,2.7,108.94328169957825,106.24233068123341,108.94,105.79,38.63,92.86,12.93,37.68,18.76,26.64,18.13,35.63,14.19,11.04,4.57,12.61,27.43,53.76,New Mexico State Aggies
Cyr Malonga,248.6,431.2,1.84,96.12044006948466,94.27609427609428,96.12,94.04,32.89,82.69,9.73,32.89,20.61,30.11,16.68,37.52,7.87,10.42,4.86,19.69,28.49,54.2,New Mexico State Aggies
Anthony Wrzeszcz,751.0,1271.9,-4.34,104.1906196725211,108.52954935287697,104.19,110.38,36.55,88.25,10.55,34.41,20.54,28.07,17.37,37.11,14.11,8.48,4.68,15.78,29.1,54.48,New Mexico State Aggies
Enzo Boudouma,510.3,899.6,-0.91,106.70664001776593,107.61483459922654,106.71,107.37,34.42,80.28,9.22,29.54,28.65,37.31,17.65,35.53,14.21,9.22,5.22,19.65,24.98,53.18,New Orleans Privateers
Hercy Miller,40.4,74.7,-1.24,111.22144985104269,112.46612466124661,111.22,109.9,34.43,75.47,7.94,29.13,34.43,51.64,21.19,39.72,21.19,5.3,5.3,21.19,38.4,60.91,New Orleans Privateers
TJ Cope,580.6,1017.1,-1.8,108.38430736728328,110.18741699050616,108.38,110.05,34.69,74.48,8.35,22.5,30.66,42.55,15.13,36.16,12.18,8.35,5.6,20.44,28.69,51.29,New Orleans Privateers
Jakevion Buckley,909.2,1599.2,-2.28,105.63468265867067,107.9186228482003,105.63,107.7,35.73,79.15,8.5,25.92,25.67,35.48,16.18,35.98,12.68,9.37,5.0,20.18,26.49,52.16,New Orleans Privateers
Churchill Abass,566.7,959.1,-3.28,105.90205106739221,109.1777904742118,105.9,109.98,36.31,76.71,8.27,24.28,25.01,35.16,15.17,37.78,14.44,8.16,6.91,21.77,27.63,52.95,New Orleans Privateers
Coleton Benson,956.7,1680.9,-3.86,106.88451541032306,110.74045392267826,106.88,110.45,35.47,78.54,8.79,25.49,27.15,36.54,16.64,35.83,13.13,8.26,5.53,20.74,27.39,52.47,New Orleans Privateers
MJ Thomas,687.9,1201.9,-4.77,107.82789009849662,112.59494199148652,107.83,111.89,36.16,80.29,8.21,25.38,27.29,36.08,17.75,34.5,12.86,8.63,4.48,20.32,27.62,52.25,New Orleans Privateers
Kedrick Osby,457.9,799.2,-5.71,102.80285633395198,108.51169736187158,102.8,109.72,34.35,82.29,8.56,27.56,25.54,34.1,19.13,36.49,12.96,8.93,4.53,20.64,27.68,55.62,New Orleans Privateers
Panagiotis Pagonis,448.1,799.9,-7.1,101.43220286440572,108.5305517915104,101.43,106.76,32.61,77.87,8.43,27.65,27.78,37.45,16.12,36.58,8.06,7.69,3.35,20.46,30.88,52.7,New Orleans Privateers
Jamal Chretien II,92.5,165.4,-15.11,99.75816203143893,114.87303506650544,99.76,114.87,31.44,81.62,8.46,32.65,28.42,38.69,16.32,39.3,12.09,6.05,5.44,16.32,24.79,55.62,New Orleans Privateers
William Patterson,28.4,53.0,-15.83,85.27131782945736,101.10294117647058,85.27,106.59,27.13,87.21,9.69,31.01,21.32,31.01,17.44,36.82,1.94,7.75,9.69,15.5,27.13,54.26,New Orleans Privateers
Irish Coquia,188.1,305.4,-20.79,101.68638308582933,122.47182028939163,101.69,128.53,31.88,84.57,11.07,33.9,26.85,33.9,21.14,35.24,9.06,6.71,7.05,20.47,29.87,56.38,New Orleans Privateers
Mathok Majok,51.0,85.2,-22.2,99.01580674023262,121.21212121212122,99.02,125.26,34.6,88.28,8.35,28.63,21.47,32.21,25.05,44.14,3.58,8.35,8.35,21.47,25.05,69.19,New Orleans Privateers
Gael Dalmau,35.7,53.9,21.68,136.51877133105802,114.84098939929328,136.52,126.77,56.56,103.36,15.6,40.96,7.8,17.55,19.5,27.3,35.1,7.8,3.9,7.8,15.6,46.8,Niagara Purple Eagles
Landon Williams,530.6,813.9,-7.43,101.93126426852595,109.35779816513762,101.93,110.32,39.0,86.01,11.85,35.17,12.09,18.02,13.08,35.17,17.89,8.89,4.69,18.51,23.94,48.25,Niagara Purple Eagles
Kabeya Tshibangu,246.6,392.6,-10.36,99.9614544520108,110.31871252761123,99.96,112.3,37.26,86.6,11.31,33.15,14.13,19.02,12.59,32.64,12.33,10.02,5.65,16.96,21.84,45.23,Niagara Purple Eagles
Brian Griffith,302.1,495.5,-10.75,103.80073434553934,114.55553274481625,103.8,110.75,36.92,82.17,10.32,33.94,19.65,25.01,13.1,29.37,13.69,8.73,4.37,19.05,23.42,42.47,Niagara Purple Eagles
Justin Hawkins,722.1,1131.1,-11.92,100.93606499470151,112.85682673157777,100.94,112.59,37.44,83.36,12.01,33.65,14.04,19.78,11.48,33.56,15.28,8.92,3.71,18.72,24.73,45.04,Niagara Purple Eagles
Reggie Prudhomme,717.2,1126.9,-12.43,100.20057945174949,112.63250883392226,100.2,113.66,37.89,85.13,11.68,33.7,12.75,18.72,11.86,34.32,14.98,8.38,4.19,17.83,24.78,46.18,Niagara Purple Eagles
Vice Zanki,560.5,906.5,-13.1,98.52162400706091,111.61969889152374,98.52,111.65,36.52,82.63,11.03,32.99,14.45,20.3,11.8,32.55,15.89,9.71,4.52,19.53,22.29,44.35,Niagara Purple Eagles
Trenton Walters,524.0,830.7,-13.67,100.21551724137932,113.88804841149773,100.22,112.67,34.96,82.85,13.05,37.48,17.24,22.99,12.57,33.64,17.48,8.62,4.67,18.8,25.14,46.21,Niagara Purple Eagles
Will Shortt,526.0,804.7,-15.77,95.72244235749275,111.49265274555297,95.72,112.45,36.94,84.86,10.61,32.95,11.23,16.1,13.85,35.57,16.72,8.24,5.12,21.34,25.09,49.42,Niagara Purple Eagles
Josiah Sabino,531.3,839.4,-16.36,95.23526085533169,111.5946348733234,95.24,111.43,34.88,81.78,9.64,31.55,15.83,21.31,12.38,34.05,14.29,8.33,4.52,20.48,23.33,46.43,Niagara Purple Eagles
Justin Page,586.8,934.4,-20.65,97.34442275292167,117.99346860110285,97.34,117.88,35.94,84.61,10.91,33.8,14.55,20.0,11.45,30.91,11.66,9.2,5.03,17.33,25.46,42.36,Niagara Purple Eagles
Drew Larson,184.2,294.6,-23.35,88.53187489318066,111.87868576242627,88.53,113.48,32.13,86.82,11.62,39.65,12.65,19.83,17.09,33.84,14.36,7.86,3.08,20.85,24.61,50.93,Niagara Purple Eagles
Domanic Betancourt,29.3,56.0,26.68,116.31076783280328,89.63093145869946,116.31,92.69,38.16,92.69,12.72,45.43,27.26,34.53,23.63,38.16,0.0,19.99,5.45,14.54,18.17,61.79,Nicholls Colonels
Kevin Pazmino,81.9,151.2,3.77,102.7351567711808,98.9677207930526,102.74,100.73,33.36,83.39,14.68,47.36,21.35,29.35,20.01,30.02,13.34,13.34,1.33,22.68,22.01,50.03,Nicholls Colonels
Jaylen Searles,807.0,1375.3,-3.0,106.7998323279083,109.80164629945246,106.8,110.37,37.47,84.2,12.98,36.38,18.88,28.5,14.14,29.74,14.8,12.83,4.16,16.4,27.12,43.88,Nicholls Colonels
Christian Winborne,648.7,1120.9,-3.96,108.52198543893425,112.48229819947402,108.52,110.73,38.15,84.62,13.54,38.06,18.68,27.53,13.45,26.29,15.93,14.78,3.19,15.76,26.2,39.74,Nicholls Colonels
Sincere Malone,1028.2,1761.1,-4.56,103.87770426306618,108.44178934641917,103.88,108.01,36.33,82.8,11.79,35.87,19.44,29.3,14.28,29.7,14.17,12.81,3.97,17.57,25.22,43.98,Nicholls Colonels
Jalik Dunkley,849.1,1457.0,-4.62,105.06785775639923,109.69046721283378,105.07,109.95,37.38,83.56,11.2,34.15,19.1,29.55,14.91,30.24,13.26,12.58,3.99,17.32,25.77,45.15,Nicholls Colonels
Zaiden Cross,171.8,313.0,-5.97,105.12737826507576,111.09352745687609,105.13,113.19,36.76,87.39,15.8,46.44,15.8,24.51,15.16,30.31,5.16,13.87,3.22,16.12,23.22,45.47,Nicholls Colonels
Nick Krass,314.9,547.6,-7.02,108.69565217391303,115.71982660278348,108.7,115.82,36.35,82.39,13.7,38.55,22.29,33.61,15.16,27.77,13.88,11.33,3.11,16.81,30.69,42.93,Nicholls Colonels
Zee Hamoda,600.8,1015.7,-7.18,100.62893081761007,107.80421649611638,100.63,107.41,35.38,85.99,12.38,39.5,17.49,25.16,14.84,31.74,16.21,12.28,4.82,16.9,25.16,46.58,Nicholls Colonels
Trae English,907.6,1543.0,-7.56,104.13941243923317,111.69624861842533,104.14,110.99,36.44,85.4,12.73,38.31,18.54,27.33,15.05,29.72,12.79,12.73,3.23,16.67,25.84,44.77,Nicholls Colonels
Grant Sanders,482.2,800.2,-7.61,103.46339324857519,111.07648195474663,103.46,111.61,36.95,84.3,11.52,35.2,18.04,28.31,17.41,30.06,14.91,11.9,4.26,19.67,26.05,47.47,Nicholls Colonels
Jalin Rice,511.2,885.3,-8.68,100.6224950967852,109.30617512555058,100.62,110.74,34.79,82.77,10.12,34.45,20.92,31.72,17.51,32.52,13.08,11.26,4.32,19.67,26.04,50.03,Nicholls Colonels
Dian Wright-Forde,366.7,634.5,8.88,112.64663345653223,103.7695727817514,112.65,107.83,39.21,80.03,9.64,24.1,24.59,36.64,14.46,35.03,12.86,10.45,5.78,17.03,28.28,49.49,Norfolk State Spartans
Keyontae Lewis,458.6,773.5,6.63,106.50694964356629,99.87804095256433,106.51,101.3,38.28,82.03,7.94,23.96,22.0,33.72,17.84,34.11,11.2,10.81,4.56,19.79,26.43,51.95,Norfolk State Spartans
Anthony McComb III,893.5,1529.6,4.12,110.71691326739148,106.59782360053593,110.72,106.66,38.39,82.47,9.55,24.98,24.39,34.99,16.68,33.22,12.95,10.07,4.51,17.59,28.45,49.9,Norfolk State Spartans
My'kel Jenkins,422.1,733.0,2.28,108.8491329083556,106.56711352452062,108.85,107.62,36.6,82.39,10.14,27.56,25.5,35.92,17.14,32.76,13.02,10.01,4.94,17.68,30.43,49.9,Norfolk State Spartans
Jordan Leaks,591.7,1029.3,1.87,108.6782181827019,106.81167160266058,108.68,106.93,37.72,82.53,8.65,26.15,24.59,34.12,17.01,34.31,11.86,10.01,4.08,18.28,28.58,51.32,Norfolk State Spartans
Adrean Newton,351.2,603.7,1.48,103.52668789018895,102.04504915584687,103.53,101.71,37.04,78.72,9.26,25.63,20.18,31.92,16.7,32.91,15.55,11.58,3.14,22.82,28.94,49.61,Norfolk State Spartans
Melo Baines,259.8,445.8,1.02,119.52554744525547,118.5103448275862,119.53,122.49,41.97,80.06,11.41,26.46,24.18,32.85,10.72,32.85,12.77,8.9,4.11,15.05,29.65,43.57,Norfolk State Spartans
Devon Ellis,691.4,1201.2,-0.1,106.30150670107383,106.40246440762635,106.3,106.38,36.88,81.0,8.41,24.14,24.14,35.63,16.32,33.96,12.49,9.74,3.75,18.4,26.97,50.28,Norfolk State Spartans
Jaquel Morris,347.3,601.0,-3.11,101.94134655101197,105.05592091484101,101.94,103.59,35.52,83.77,7.77,25.28,23.13,31.39,17.84,32.38,13.88,10.24,4.63,19.17,28.75,50.22,Norfolk State Spartans
Yel Deeng,64.2,104.5,-3.61,100.53165780570323,104.14201183431953,100.53,106.33,37.7,89.9,7.73,25.13,17.4,21.27,15.47,39.63,2.9,7.73,5.8,15.47,27.07,55.1,Norfolk State Spartans
Elijah Jamison,706.3,1233.9,-4.78,104.582057159084,109.36171935079129,104.58,109.61,35.86,80.89,7.55,23.37,25.31,35.62,15.66,32.94,10.55,8.44,4.14,17.85,28.72,48.6,Norfolk State Spartans
Tank Washington,81.3,131.6,12.26,107.98391728891443,95.72263048803467,107.98,97.26,39.06,99.56,8.42,32.93,21.44,28.34,29.87,36.76,0.0,13.79,8.42,16.85,23.74,66.63,North Alabama Lions
Canin Jefferson,603.8,1011.8,-10.42,105.31232331178248,115.73614146632227,105.31,114.56,36.28,83.29,9.64,30.78,23.11,33.53,15.04,32.15,8.26,11.11,5.7,15.83,24.78,47.19,North Alabama Lions
Kevin de Kovachich,844.6,1392.6,-10.54,105.69033019289557,116.23463244042256,105.69,115.27,37.69,84.74,8.8,28.25,21.52,31.68,16.16,33.47,9.58,9.94,5.15,16.38,22.6,49.63,North Alabama Lions
Corneilous Williams,849.3,1404.4,-10.79,106.56274909219732,117.35031573674888,106.56,116.2,37.98,84.88,8.64,27.99,21.96,31.53,17.64,33.37,10.13,9.85,4.89,17.78,22.11,51.01,North Alabama Lions
Donte Bacchus,922.6,1532.5,-10.92,105.24600847181493,116.16549336033843,105.25,115.87,37.15,83.55,8.93,28.48,22.03,32.58,16.16,33.5,10.1,10.49,5.34,17.14,21.96,49.66,North Alabama Lions
5176200,28.6,50.9,-12.57,95.0533462657614,107.62331838565022,95.05,104.75,29.1,79.53,7.76,23.28,29.1,34.92,17.46,40.74,0.0,5.82,5.82,21.34,25.22,58.2,North Alabama Lions
Dallas Howell,872.5,1439.2,-14.22,104.22437673130193,118.44673731176798,104.22,117.66,37.26,84.9,9.07,29.22,20.64,30.47,16.34,32.41,10.25,10.25,5.19,16.97,23.06,48.75,North Alabama Lions
Cortez Graham-Howard,338.1,547.3,-14.85,106.74002751031637,121.59271899886235,106.74,122.51,36.68,83.81,9.54,28.98,23.84,34.85,18.52,35.76,10.64,7.15,5.87,18.16,24.58,54.28,North Alabama Lions
Braylon Patton,400.4,668.0,-18.1,106.22120678677103,124.32210046003667,106.22,124.5,38.95,81.35,7.79,23.52,20.53,30.11,15.43,31.31,13.48,9.74,5.84,19.78,19.78,46.74,North Alabama Lions
Jamal Albritton,226.1,370.8,-20.49,96.68168783285539,117.16929631848745,96.68,120.17,34.69,83.03,8.19,27.58,19.12,31.13,13.11,34.14,6.55,10.11,8.47,15.29,24.31,47.25,North Alabama Lions
5239798,29.3,52.4,-21.51,98.0297933685728,119.54459203036052,98.03,121.1,28.83,74.96,9.61,24.99,30.75,36.52,15.38,38.44,0.0,5.77,3.84,23.07,21.14,53.82,North Alabama Lions
DarKaun King,220.7,365.4,-21.6,91.44260952640917,113.039303107209,91.44,112.46,32.76,86.26,5.73,28.66,20.2,28.93,16.92,36.58,3.28,9.28,6.01,16.92,19.65,53.5,North Alabama Lions
Kedar Bodie,101.7,167.8,-29.51,95.76537483166243,125.27831378952055,95.77,126.29,34.12,83.79,8.38,28.13,19.15,34.12,13.77,32.92,3.59,10.18,7.18,13.77,19.75,46.69,North Alabama Lions
King Walker,44.8,72.9,-31.14,119.90240501917044,151.04517869184085,119.9,156.15,41.83,93.41,5.58,23.7,30.67,43.22,23.7,29.28,8.37,6.97,2.79,9.76,33.46,52.98,North Alabama Lions
Mujahiid Burton,276.3,496.8,0.7,114.78138080589035,114.07913235589476,114.78,114.58,40.75,81.09,10.09,29.25,23.2,30.46,14.32,35.1,17.35,8.27,4.24,18.76,26.63,49.42,North Carolina A&T Aggies
Lureon Walker,107.5,199.4,-0.18,95.4678176970928,95.6510965183992,95.47,98.01,34.02,79.73,5.08,21.33,22.34,31.99,16.25,38.59,0.0,11.68,5.08,21.33,26.91,54.84,North Carolina A&T Aggies
Bryson Ogletree,464.4,817.9,-3.15,105.7117454088359,108.85929357266937,105.71,109.51,34.34,77.26,8.46,26.73,28.57,39.61,14.96,35.81,10.3,8.95,6.01,18.89,29.43,50.77,North Carolina A&T Aggies
Trent Middleton Jr.,725.3,1252.9,-4.46,108.74315844343312,113.19855423600906,108.74,114.28,37.69,80.68,8.66,26.54,24.7,33.76,15.16,36.73,12.91,7.86,5.45,18.44,24.7,51.89,North Carolina A&T Aggies
KJ Debrick,271.6,474.3,-4.52,104.52409861162435,109.04689226882796,104.52,109.38,36.32,83.62,7.39,25.97,24.49,33.15,17.1,37.59,10.98,8.24,8.02,17.74,24.71,54.69,North Carolina A&T Aggies
Amadou Doumbia,306.8,529.6,-4.6,104.08638980067553,108.69055985008198,104.09,110.37,35.96,80.87,9.89,29.3,22.26,30.26,12.56,37.68,12.75,7.61,7.42,17.32,27.21,50.24,North Carolina A&T Aggies
Zamoku Weluche-Ume,772.8,1331.1,-5.72,107.48342995260305,113.20120299628267,107.48,114.43,37.09,79.31,8.23,25.08,25.08,34.97,14.28,37.54,13.75,7.7,6.12,18.35,25.61,51.82,North Carolina A&T Aggies
Lewis Walker,847.6,1463.4,-7.5,107.79938097436687,115.30190804519236,107.8,115.53,37.0,81.19,8.14,25.72,25.65,34.27,14.91,36.66,12.79,7.32,5.2,17.44,25.45,51.57,North Carolina A&T Aggies
Will Felton,408.2,693.6,-8.3,107.12730439831617,115.42317055706717,107.13,117.0,37.6,78.97,7.84,23.95,24.1,35.42,16.11,36.43,14.52,8.71,2.32,20.32,26.71,52.54,North Carolina A&T Aggies
5176166,33.2,54.8,-8.65,99.86625055728933,108.51262862488306,99.87,103.43,33.88,80.25,3.57,16.05,28.53,30.32,17.83,42.8,7.13,0.0,7.13,23.18,24.97,60.63,North Carolina A&T Aggies
Brooklyn Vick,270.2,477.3,-9.02,98.66414221100241,107.67946577629381,98.66,108.55,34.5,78.26,8.84,25.67,20.83,30.71,13.67,35.76,13.88,11.78,5.05,20.83,25.67,49.43,North Carolina A&T Aggies
5312174,33.0,54.0,-9.6,102.65811182401467,112.25444340505145,102.66,109.99,34.83,76.99,3.67,14.67,29.33,33.0,18.33,40.33,9.17,0.0,9.17,25.66,29.33,58.66,North Carolina A&T Aggies
Dwayne Pierce,582.6,988.0,-12.82,103.10540003059508,115.92164741336013,103.11,117.69,35.8,81.18,7.55,24.88,23.97,34.47,15.71,37.43,13.67,6.32,5.61,18.15,27.64,53.14,North Carolina A&T Aggies
Jae Slack,589.5,1008.9,-0.49,107.6934571990735,108.18807169802017,107.69,109.29,36.96,79.9,8.87,26.0,24.91,34.77,15.34,30.88,16.54,12.05,5.78,18.93,25.9,46.22,North Carolina Central Eagles
Tekao Carpenter,716.1,1182.6,-1.34,107.51638839977089,108.8595862998694,107.52,109.64,37.17,82.91,10.1,29.62,23.08,30.8,15.44,30.46,13.49,12.13,5.26,17.91,27.07,45.9,North Carolina Central Eagles
Gbenga Olubi,36.2,64.2,-6.77,108.55949895615866,115.32846715328466,108.56,131.94,35.07,73.49,8.35,30.06,30.06,41.75,11.69,30.06,15.03,15.03,5.01,18.37,31.73,41.75,North Carolina Central Eagles
Ryan Archey,164.8,289.6,-8.21,99.11627101022353,107.32714138286894,99.12,108.13,34.31,81.44,7.28,21.49,23.22,33.96,15.94,29.8,8.66,15.6,4.51,18.37,25.99,45.74,North Carolina Central Eagles
Gage Lattimore,1043.8,1748.3,-8.48,103.86546401392545,112.34773215072562,103.87,113.71,35.96,83.32,9.21,28.31,22.73,31.48,15.65,30.56,12.14,12.08,5.12,17.38,26.58,46.21,North Carolina Central Eagles
Kelechi Okworogwo,753.3,1253.1,-9.35,101.50322983116334,110.85614812470328,101.5,112.77,35.1,82.67,9.66,28.33,21.65,29.54,15.21,32.04,11.83,11.75,6.36,18.51,26.16,47.25,North Carolina Central Eagles
Dionte Johnson,914.4,1515.3,-9.8,103.43627231587847,113.23667055288264,103.44,114.31,36.34,83.81,9.08,29.04,21.68,30.04,16.05,29.64,12.73,12.13,5.04,17.97,26.99,45.69,North Carolina Central Eagles
Khouri Carvey,523.8,889.0,-11.21,102.7692481054737,113.97770977793998,102.77,114.38,36.17,83.27,8.23,26.37,22.2,31.89,17.02,29.64,11.27,12.62,4.17,18.59,26.71,46.66,North Carolina Central Eagles
Kyric Davis,643.5,1090.4,-13.24,98.9608646346826,112.20387489495083,98.96,114.33,34.25,82.11,8.24,26.11,22.22,30.64,15.46,30.92,11.76,13.61,6.39,18.79,24.9,46.38,North Carolina Central Eagles
Khalil Arnold,51.3,94.7,-17.37,95.60021727322108,112.96534017971757,95.6,119.5,29.33,73.87,5.43,26.07,31.5,41.28,15.21,32.59,9.78,11.95,3.26,21.73,34.76,47.8,North Carolina Central Eagles
Justin Edwards,79.6,140.6,-20.43,91.42857142857143,111.85840707964603,91.43,112.86,30.71,77.14,9.29,27.86,20.71,28.57,11.43,34.29,17.14,12.86,6.43,20.71,22.86,45.72,North Carolina Central Eagles
Ramondo Battle II,162.0,280.4,-25.66,95.3065995324582,120.96560261738438,95.31,123.0,34.53,90.63,7.19,32.37,19.06,28.05,17.98,26.25,5.75,13.67,2.88,14.03,29.49,44.23,North Carolina Central Eagles
Jonathan Dunn,116.9,195.8,-37.91,78.21947767914577,116.12576064908721,78.22,117.84,28.3,83.88,4.63,25.22,16.98,24.19,15.44,27.27,0.0,13.89,4.63,20.07,31.39,42.71,North Carolina Central Eagles
Kyan Evans,535.6,913.1,18.79,114.02784656870838,95.23809523809523,114.03,96.2,41.38,86.4,12.33,37.09,18.82,28.4,15.3,40.39,13.32,9.03,4.73,15.41,22.78,55.69,North Carolina Tar Heels
Henri Veesaar,906.1,1545.6,18.71,118.40020692553914,99.69089349581654,118.4,99.58,42.61,86.97,13.13,36.47,20.05,29.87,15.33,40.67,16.42,8.47,5.37,14.16,20.18,56.0,North Carolina Tar Heels
Caleb Wilson,714.8,1235.9,15.43,117.59234921854467,102.16348586347168,117.59,102.06,42.06,86.13,11.48,34.29,22.0,32.43,15.45,39.39,14.88,8.57,5.58,13.91,20.22,54.84,North Carolina Tar Heels
Luka Bogavac,732.5,1257.2,14.67,114.92240350179068,100.25241985172816,114.92,100.36,40.67,88.18,12.89,37.8,20.61,30.24,16.47,40.59,15.04,7.4,5.33,13.93,21.25,57.06,North Carolina Tar Heels
Jarin Stevenson,769.1,1293.7,13.95,117.44776962168267,103.50052747674307,117.45,105.06,41.67,89.1,13.32,38.79,20.72,29.67,16.82,39.88,15.81,7.17,4.36,13.63,22.43,56.7,North Carolina Tar Heels
Jonathan Powell,497.4,858.1,13.01,111.33131266029379,98.31673364785368,111.33,98.39,37.54,83.47,12.71,36.49,23.43,33.57,13.87,41.15,14.92,7.93,4.55,14.46,21.45,55.02,North Carolina Tar Heels
Derek Dixon,681.4,1165.5,8.18,116.70132264357223,108.5234712056494,116.7,108.38,40.9,88.06,12.86,36.44,22.04,31.81,15.78,39.96,18.18,6.52,5.32,12.6,19.81,55.74,North Carolina Tar Heels
Jaydon Young,198.2,341.0,7.07,114.90287257181431,107.82907943791224,114.9,112.8,37.8,84.0,14.1,41.4,25.2,38.1,15.0,41.7,21.0,6.0,7.2,12.9,25.2,56.7,North Carolina Tar Heels
Seth Trimble,737.6,1269.5,4.81,116.07954770094491,111.2702305051496,116.08,112.13,42.07,88.17,11.7,35.03,20.24,29.57,16.37,36.29,20.32,8.7,4.43,14.15,21.11,52.66,North Carolina Tar Heels
Zayden High,224.3,380.6,-12.31,98.10921591960863,110.42224107550742,98.11,111.86,33.85,86.47,10.05,36.76,20.1,30.15,17.45,36.23,15.34,7.4,5.02,16.66,24.86,53.68,North Carolina Tar Heels
James Brown,35.6,67.3,-22.3,81.88976377952756,104.18866596268919,81.89,116.54,25.2,83.46,7.87,44.09,23.62,31.5,20.47,40.94,1.57,4.72,9.45,22.05,33.07,61.41,North Carolina Tar Heels
Micah Curtis,31.7,61.6,11.18,115.07293354943273,103.89610389610388,115.07,103.73,45.38,89.14,8.1,22.69,16.21,19.45,12.97,29.17,0.0,22.69,3.24,14.59,27.55,42.14,North Dakota Fighting Hawks
Josh Jones,489.6,838.0,8.61,112.52344238382996,103.91318645182506,112.52,103.47,38.1,84.18,13.57,35.36,22.74,31.79,13.34,33.1,10.36,12.74,3.69,14.05,29.65,46.44,North Dakota Fighting Hawks
Reggie Thomas,403.3,685.8,5.12,116.4689797879023,111.35088476478204,116.47,114.4,39.91,88.39,12.56,36.36,24.09,35.03,18.03,34.44,13.89,10.94,4.29,13.01,32.07,52.47,North Dakota Fighting Hawks
5314757,28.4,51.1,3.64,102.66535044422507,99.02912621359224,102.67,100.69,39.49,86.87,7.9,37.51,15.79,27.64,11.85,25.67,0.0,15.79,5.92,11.85,27.64,37.52,North Dakota Fighting Hawks
Zach Kraft,794.9,1400.2,2.62,109.54038502521843,106.91654549697525,109.54,105.78,38.29,87.94,11.93,36.23,21.03,29.27,14.78,32.89,10.51,12.15,4.12,12.93,28.63,47.67,North Dakota Fighting Hawks
Eli King,1074.0,1852.3,1.54,111.03057636036617,109.49459855599588,111.03,108.29,38.28,86.92,12.19,34.79,22.28,31.03,14.93,32.0,11.22,11.87,3.76,13.26,28.83,46.93,North Dakota Fighting Hawks
George Natsvlishvili,635.0,1106.7,-1.4,108.94659258419321,110.34855201278097,108.95,111.21,39.1,88.99,10.34,32.29,20.41,29.48,17.87,33.47,10.07,11.79,3.54,14.88,28.48,51.34,North Dakota Fighting Hawks
Marley Curtis,467.1,820.8,-1.5,103.95919358756376,105.4625442991568,103.96,104.81,35.1,86.47,11.17,34.61,22.59,32.06,16.4,32.91,5.71,11.66,2.43,14.7,27.2,49.31,North Dakota Fighting Hawks
5176946,30.6,55.0,-1.73,101.95721438324989,103.68349249658935,101.96,103.78,34.59,81.93,10.92,34.59,21.85,41.88,14.57,25.49,0.0,16.39,5.46,12.74,32.77,40.06,North Dakota Fighting Hawks
Garrett Anderson,898.5,1562.2,-2.54,106.61699770388094,109.15470494417863,106.62,109.89,36.8,85.81,12.4,35.9,20.62,29.61,14.45,31.66,10.6,12.59,3.92,14.58,28.39,46.11,North Dakota Fighting Hawks
Greyson Uelmen,935.5,1613.6,-3.21,107.97129408133344,111.1819694825092,107.97,110.32,37.16,86.06,11.3,33.71,22.35,31.18,15.62,31.67,10.68,12.66,3.33,14.75,27.97,47.29,North Dakota Fighting Hawks
Anthony Smith III,560.4,982.4,-4.51,108.18802895890688,112.69752553223921,108.19,113.08,37.63,85.25,11.62,34.77,21.31,29.77,14.28,29.98,9.08,11.52,2.35,14.89,27.94,44.26,North Dakota Fighting Hawks
Wylee Delorme,148.4,241.0,-13.07,113.31086773378264,126.38036809815951,113.31,130.16,40.44,93.51,13.06,40.44,19.38,26.96,20.22,29.91,17.27,12.64,4.21,13.9,34.96,50.13,North Dakota Fighting Hawks
Anthony Doppler,29.6,52.9,-18.39,108.48126232741618,126.86905301314002,108.48,138.07,43.39,92.7,5.92,31.56,15.78,23.67,19.72,27.61,0.0,11.83,1.97,15.78,17.75,47.33,North Dakota Fighting Hawks
Karson Ouse,67.0,112.9,-27.39,85.04983388704319,112.4391323594511,85.05,112.51,31.89,85.05,2.66,30.12,18.6,22.15,19.49,37.21,0.89,8.86,1.77,23.92,30.12,56.7,North Dakota Fighting Hawks
Matthew Bothun,87.3,146.3,-31.88,95.00860585197934,126.8871925360475,95.01,128.74,33.73,88.12,13.08,45.44,14.46,20.65,9.64,21.34,13.08,16.52,2.75,11.7,26.16,30.98,North Dakota Fighting Hawks
Emil Skytta,288.4,491.8,22.65,116.62108467929203,93.9738516255072,116.62,96.81,42.31,87.72,15.89,40.04,16.1,24.98,16.1,37.57,22.7,13.0,3.51,16.51,24.15,53.67,North Dakota State Bison
Riley Massey,234.9,425.4,22.04,119.69465648854963,97.65492239719043,119.69,105.28,41.77,82.56,14.41,37.13,21.74,30.53,15.63,35.18,11.97,14.66,3.42,18.56,23.94,50.81,North Dakota State Bison
Trevian Carson,1068.1,1835.7,18.42,117.90806525797461,99.49129999588652,117.91,98.16,42.15,88.26,13.47,36.42,20.13,28.03,16.56,35.44,14.39,11.8,4.38,14.99,20.45,52.0,North Dakota State Bison
Treyson Anderson,617.7,1069.3,14.58,116.69231845529593,102.1097046413502,116.69,101.58,43.84,89.92,14.46,38.15,14.55,22.2,15.67,34.79,15.11,13.34,3.36,15.2,18.28,50.46,North Dakota State Bison
Markhi Strickland,819.5,1395.1,14.35,117.56103650598327,103.20861392199936,117.56,102.22,43.51,89.88,13.13,34.81,17.41,24.75,17.19,33.81,13.41,12.41,4.14,15.55,20.47,51.0,North Dakota State Bison
Andy Stefonowicz,1090.8,1876.3,13.28,114.66617347882375,101.38558507707403,114.67,99.66,41.16,87.14,13.26,35.77,19.08,26.53,15.8,35.46,14.37,11.78,4.02,16.06,20.98,51.26,North Dakota State Bison
Noah Feddersen,697.4,1191.9,12.88,113.92803881619022,101.04310669850447,113.93,101.33,38.98,86.37,12.43,35.88,23.52,31.17,17.14,34.95,12.6,11.26,4.62,15.96,22.52,52.09,North Dakota State Bison
Damari Wheeler-Thomas,938.1,1614.3,10.68,114.82690849440567,104.14406595790844,114.83,103.99,40.42,88.27,12.69,35.84,21.29,29.77,17.33,33.8,11.89,11.95,3.65,14.92,20.68,51.13,North Dakota State Bison
Tay Smith,648.0,1103.2,9.58,112.01919811641122,102.44079484620272,112.02,102.24,40.84,90.38,14.4,41.29,15.94,22.55,16.39,33.96,14.13,12.68,3.98,15.3,20.38,50.35,North Dakota State Bison
Carson Smith,194.6,352.4,7.06,107.96951784060964,100.9115963536146,107.97,101.7,35.89,85.46,12.82,39.88,23.36,28.2,13.1,34.19,2.85,13.1,4.56,14.24,21.37,47.29,North Dakota State Bison
Max Majerle,64.9,107.9,-39.78,99.0422798411586,138.81866237646517,99.04,141.09,41.11,97.17,4.67,32.7,12.15,17.75,21.49,29.9,9.34,5.61,3.74,15.88,26.16,51.39,North Dakota State Bison
Taylor Thompson,52.9,90.4,-6.71,105.44412607449856,112.14953271028037,105.44,120.34,32.09,80.23,14.9,42.41,26.36,34.38,22.92,36.68,5.73,6.88,3.44,26.36,38.97,59.6,North Florida Ospreys
Nestor Dyachok,420.5,745.1,-8.68,111.63164235042163,120.30682276947921,111.63,119.66,39.89,87.27,15.53,42.83,16.33,20.88,14.05,33.86,14.72,5.22,1.2,16.87,23.69,47.91,North Florida Ospreys
Dante Oliver,349.2,629.4,-10.46,106.03972436157277,116.50183007553929,106.04,121.28,34.86,83.83,15.24,44.91,21.08,27.56,14.27,33.89,11.35,7.3,2.11,17.35,27.4,48.16,North Florida Ospreys
BJ Plummer,781.6,1425.4,-10.49,110.80157687253613,121.2929959791407,110.8,121.03,37.63,84.31,16.33,44.78,19.2,24.18,12.69,33.01,13.88,5.82,1.96,16.89,26.14,45.7,North Florida Ospreys
Dalton Gayman,693.6,1272.7,-12.04,111.47192537049064,123.5124590742447,111.47,123.99,37.55,83.6,15.9,43.93,20.47,25.9,12.91,31.02,12.52,7.48,2.28,17.0,25.03,43.93,North Florida Ospreys
Kent Jackson,939.7,1713.6,-12.96,112.25466036587133,125.21657416380347,112.25,123.62,39.49,86.16,15.95,44.82,17.34,21.69,12.58,30.85,13.97,6.44,1.68,16.12,24.99,43.43,North Florida Ospreys
Kamrin Oriol,1044.3,1899.8,-13.2,109.87858285474523,123.08179921291038,109.88,122.2,38.5,84.86,15.89,44.11,16.99,21.71,12.06,31.15,13.11,6.92,1.73,16.89,24.6,43.21,North Florida Ospreys
Mason Lee,765.1,1374.0,-13.41,108.05547039835537,121.4613548742427,108.06,119.31,38.09,85.62,15.65,45.23,16.23,20.7,12.26,31.16,14.21,7.36,1.8,16.81,25.17,43.42,North Florida Ospreys
Devin Hines,427.0,792.0,-14.98,107.36381230368983,122.34259695399592,107.36,123.61,37.95,84.77,14.47,41.37,17.01,22.97,13.07,28.43,8.25,9.39,1.52,17.39,25.13,41.5,North Florida Ospreys
Trey Cady,308.6,569.4,-30.04,95.1627088830255,125.20275305773532,95.16,125.59,31.13,79.33,13.37,41.69,19.53,24.63,12.31,32.72,8.97,6.16,2.29,21.28,25.51,45.03,North Florida Ospreys
Will McClendon,94.4,156.2,16.29,103.80512657220187,87.51608751608751,103.81,86.61,32.48,75.78,10.19,27.38,28.66,37.57,14.65,40.12,0.0,13.37,10.19,21.02,35.66,54.77,North Texas Mean Green
Reece Robinson,719.0,1183.8,10.13,107.22483101349786,97.09190265393006,107.22,96.53,37.4,85.41,8.0,27.12,24.43,34.62,17.69,33.19,11.71,13.56,6.74,15.84,29.31,50.88,North Texas Mean Green
Je'Shawn Stevenson,1029.8,1709.4,6.31,105.2342473872129,98.91963889299986,105.23,96.62,36.54,85.17,8.09,27.64,24.05,34.75,18.16,33.07,11.16,13.53,6.88,16.48,27.99,51.23,North Texas Mean Green
David Terrell Jr.,1039.9,1718.2,6.01,105.83206549300877,99.81882999240256,105.83,98.99,36.75,84.91,8.35,27.7,23.99,35.06,17.39,33.15,11.36,13.56,6.43,15.82,28.69,50.54,North Texas Mean Green
Demarion Watson,422.4,698.0,5.54,101.28039131060278,95.74430135911247,101.28,96.53,33.66,82.58,9.06,28.05,24.89,33.95,18.85,35.68,8.63,14.82,8.2,20.14,28.34,54.53,North Texas Mean Green
Dylan Arnett,837.9,1379.4,2.79,103.38790318213815,100.60054595086443,103.39,99.78,36.82,86.42,8.74,28.95,21.01,30.11,17.26,33.43,11.41,13.93,7.08,16.53,27.87,50.69,North Texas Mean Green
Cole Franklin,791.4,1304.9,2.34,103.86701932544355,101.52863335614875,103.87,103.09,36.91,85.41,7.88,27.26,22.16,32.67,16.91,33.98,13.21,13.75,6.26,15.99,28.42,50.89,North Texas Mean Green
Josiah Shackleford,292.8,478.9,0.82,96.6811723378598,95.8619255562487,96.68,96.68,35.23,82.84,7.34,23.7,18.87,30.83,17.62,34.6,8.81,14.26,5.87,20.13,29.57,52.22,North Texas Mean Green
Buddy Hammer Jr.,374.8,631.0,0.12,99.26821508113267,99.14354501322178,99.27,99.9,34.36,84.95,7.32,26.89,23.23,34.36,17.82,34.36,11.14,13.52,6.2,16.54,28.79,52.18,North Texas Mean Green
EJ Horton,280.6,479.8,-0.55,101.6445623342175,102.19650811530387,101.64,105.89,36.5,83.82,5.94,24.62,22.71,31.83,16.76,32.89,10.61,15.92,5.09,17.82,32.47,49.65,North Texas Mean Green
Curtis Stinson Jr.,253.1,430.3,-3.39,93.56450191007934,96.95020389408995,93.56,99.21,33.85,85.57,6.35,27.27,19.51,29.39,19.04,34.56,11.28,15.75,5.41,19.51,26.09,53.6,North Texas Mean Green
Cahmai Crosby,288.0,489.1,-7.54,93.47218694437389,101.013218124775,93.47,99.77,30.89,83.11,8.74,30.68,22.96,35.56,17.88,32.51,11.79,14.43,4.88,17.88,29.46,50.39,North Texas Mean Green
LA Pratt,98.9,166.3,6.82,99.32279909706546,92.50638233969065,99.32,92.7,34.31,84.27,6.62,30.1,24.08,33.11,15.65,33.71,0.0,13.84,3.01,15.65,25.28,49.36,Northeastern Huskies
Miles Newton,150.7,267.4,4.62,103.44827586206897,98.83062995096189,103.45,97.14,35.97,74.53,8.16,24.1,23.36,34.11,11.87,31.52,1.48,13.72,7.04,21.13,21.51,43.39,Northeastern Huskies
Liam Koelsch,198.0,323.9,-3.7,105.09704907685024,108.79419764279238,105.1,113.62,40.08,89.95,10.1,31.88,14.83,27.14,21.46,34.72,16.1,10.1,3.79,18.62,25.25,56.18,Northeastern Huskies
Xander Alarie,298.7,517.7,-3.91,106.02780584018858,109.94231421784866,106.03,109.11,36.95,81.4,10.01,28.48,22.13,29.44,15.78,30.21,5.0,11.55,5.97,20.4,25.21,45.99,Northeastern Huskies
Youri Fritz,645.8,1098.5,-6.88,107.78362032001083,114.66079133388416,107.78,112.75,39.72,85.31,11.46,30.78,16.88,24.28,13.81,29.88,16.88,10.2,4.6,16.97,27.62,43.69,Northeastern Huskies
William Kermoury,691.6,1210.3,-8.43,109.66787241039131,118.09405169729057,109.67,116.9,40.45,87.8,11.92,34.12,16.85,24.99,14.3,30.5,18.33,9.7,4.03,14.63,26.22,44.8,Northeastern Huskies
Luca Soroa Schaller,579.8,1030.3,-10.15,104.56439577478437,114.71345938851891,104.56,114.35,38.76,87.22,10.76,33.53,16.28,23.65,14.83,31.2,15.31,11.05,4.55,16.38,28.49,46.03,Northeastern Huskies
Xavier Abreu,580.6,1042.1,-12.04,107.42846131611907,119.46574916971304,107.43,120.44,39.98,86.04,8.58,30.64,18.88,27.36,14.74,30.54,16.67,10.5,4.05,15.7,30.06,45.28,Northeastern Huskies
Mike Loughnane,924.0,1600.6,-12.07,107.98720059647707,120.05465596582432,107.99,118.74,40.2,86.55,11.06,32.99,16.53,23.73,13.79,30.32,19.2,9.07,3.73,15.97,27.21,44.11,Northeastern Huskies
JB Frankel,584.8,1023.6,-12.11,106.38553926877994,118.49281110560237,106.39,115.05,39.47,85.88,10.98,33.12,16.46,22.43,12.8,29.27,16.66,9.82,3.08,16.27,28.02,42.07,Northeastern Huskies
Petar Pinter,354.8,602.4,-15.04,104.44167704441678,119.47728686994398,104.44,119.55,40.35,86.67,10.13,32.71,13.62,18.26,10.63,33.71,21.25,10.29,2.99,15.28,25.07,44.34,Northeastern Huskies
Ty Francis,323.2,558.8,-15.55,107.31663765010491,122.86995515695067,107.32,122.32,39.82,82.32,11.25,30.53,16.43,24.82,11.07,28.93,20.0,7.86,5.0,16.96,30.36,40.0,Northeastern Huskies
Ryan Williams,401.8,709.4,-15.6,107.54723595190524,123.14886983632111,107.55,121.85,38.98,84.97,13.32,34.63,16.27,24.26,12.06,30.29,21.03,8.41,4.07,15.56,31.41,42.35,Northeastern Huskies
Haris Elezovic,138.8,240.6,-21.86,98.93267651888343,120.7912457912458,98.93,117.82,37.77,81.69,8.21,29.15,15.19,22.99,11.08,29.97,12.73,10.26,2.87,18.47,22.17,41.05,Northeastern Huskies
Oakland Fort,254.1,414.1,1.65,105.52027357107963,103.87439555847413,105.52,106.25,41.77,87.2,12.7,35.91,9.28,15.63,12.46,35.66,14.41,12.21,2.93,17.83,25.65,48.12,Northern Arizona Lumberjacks
Erez Poran,49.1,79.2,-3.58,111.28477649265396,114.86917677089983,111.28,112.54,42.51,85.03,10.0,32.51,16.26,26.26,13.75,31.26,21.26,6.25,6.25,16.26,22.51,45.01,Northern Arizona Lumberjacks
Ryan Abelman,822.8,1390.3,-5.03,106.41931366733179,111.44686668105619,106.42,111.38,38.54,83.7,10.43,29.7,18.91,28.11,13.59,33.94,10.86,10.43,4.31,16.54,26.17,47.53,Northern Arizona Lumberjacks
Arne Osojnik,449.6,764.6,-7.57,106.33706101628408,113.91204838973353,106.34,113.92,39.76,84.23,10.33,27.99,16.48,23.28,11.64,33.48,9.29,12.29,3.4,16.35,26.94,45.12,Northern Arizona Lumberjacks
Zack Davidson,327.3,578.8,-7.62,99.72975329090752,107.35382244670835,99.73,109.32,38.88,83.17,8.02,21.62,13.95,24.06,14.12,35.22,4.88,10.98,2.96,19.53,25.63,49.34,Northern Arizona Lumberjacks
Traivar Jackson,606.0,1001.7,-9.12,102.6974325641859,111.81981263703409,102.7,112.2,37.1,84.6,10.6,31.5,17.9,25.9,13.8,34.3,12.8,10.5,5.0,16.9,28.5,48.1,Northern Arizona Lumberjacks
Karl Poom,523.5,873.2,-9.43,104.70183486238531,114.12888101092113,104.7,114.45,37.84,83.03,11.12,31.08,17.89,27.52,12.96,35.44,11.58,8.94,3.33,16.86,24.89,48.4,Northern Arizona Lumberjacks
Brennan Peterson,500.9,832.3,-9.89,106.30913890783971,116.20125327006143,106.31,113.31,38.09,84.36,11.51,32.39,18.63,26.93,13.05,32.87,16.14,8.66,4.15,15.9,26.58,45.92,Northern Arizona Lumberjacks
Chris Komin,654.7,1078.7,-11.8,105.65897590641104,117.45921555015619,105.66,117.82,37.42,82.54,11.33,32.59,19.5,29.53,12.44,33.33,15.6,8.73,4.64,15.88,24.7,45.77,Northern Arizona Lumberjacks
Kavon Bradford,418.1,720.9,-13.03,102.22519070552256,115.25562932037508,102.23,118.4,36.84,79.31,9.0,24.89,19.55,29.95,11.95,33.47,7.17,10.83,5.34,18.42,26.86,45.42,Northern Arizona Lumberjacks
Diego Campisano,343.2,558.3,-13.92,105.95322466335932,119.87324581258487,105.95,117.29,38.63,86.82,12.05,37.21,16.65,25.51,11.87,29.23,15.06,10.28,4.08,12.93,25.69,41.1,Northern Arizona Lumberjacks
Isaiah Shaw,448.0,760.2,-18.44,100.3010354295544,118.74325693922256,100.3,120.15,36.26,81.38,10.72,27.52,17.07,25.27,10.85,31.89,11.25,10.98,4.63,17.47,26.07,42.74,Northern Arizona Lumberjacks
William Humer,33.0,55.7,53.98,130.9359151682803,76.95671184958461,130.94,81.14,46.1,95.9,22.13,53.48,16.6,20.29,23.97,49.79,0.0,3.69,3.69,18.44,27.66,73.76,Northern Colorado Bears
Tanner Braketa,70.1,126.6,18.7,117.53105896272925,98.833761612967,117.53,98.6,42.6,87.56,14.99,41.02,17.35,22.88,14.2,42.6,7.1,4.73,3.94,15.78,26.03,56.8,Northern Colorado Bears
Chancellor White,37.6,72.9,18.7,111.07205623901581,92.36947791164658,111.07,97.01,39.37,88.58,16.87,50.62,15.47,21.09,16.87,46.4,0.0,4.22,5.62,18.28,15.47,63.27,Northern Colorado Bears
Ariik Mawien,256.3,436.1,16.84,120.84592145015105,104.00092240285946,120.85,102.83,46.51,92.8,16.19,43.09,11.63,17.56,15.28,36.71,12.08,6.38,4.33,14.14,25.08,51.99,Northern Colorado Bears
Quinn Denker,959.5,1674.5,10.81,116.32482709277367,105.51185812124292,116.32,105.18,42.33,87.23,13.59,37.86,18.07,23.37,13.18,38.16,16.04,6.56,3.76,14.85,25.82,51.34,Northern Colorado Bears
Zach Bloch,978.8,1711.3,9.39,116.61005036898206,107.22094277468442,116.61,107.71,42.29,86.1,13.3,36.72,18.74,24.83,12.77,38.25,15.75,6.62,3.57,14.88,26.18,51.02,Northern Colorado Bears
Brock Wisne,934.2,1635.8,9.04,116.55840176492218,107.51966823199366,116.56,108.04,42.84,87.08,12.26,35.6,18.63,25.0,13.6,38.42,15.63,6.31,3.74,14.65,25.43,52.02,Northern Colorado Bears
Ring Nyeri,764.6,1343.4,7.68,114.14234089164341,106.46247179373358,114.14,107.78,42.99,87.63,12.36,35.65,15.8,21.94,13.48,39.1,15.13,6.07,4.57,15.43,26.51,52.58,Northern Colorado Bears
Egan Shields,512.3,889.6,7.19,112.79972982100641,105.61463565195433,112.8,105.93,40.08,83.76,12.27,36.59,20.38,25.67,12.5,41.31,12.95,4.73,3.71,16.55,25.78,53.81,Northern Colorado Bears
Ibu Yamazaki,814.8,1442.3,5.72,114.8415110725141,109.11795741147571,114.84,109.56,42.38,85.52,13.13,35.92,16.95,22.58,11.74,37.03,14.38,6.32,2.85,15.49,25.78,48.77,Northern Colorado Bears
Vincent Delano,602.1,1061.1,0.25,112.93087031041706,112.67868386073737,112.93,115.03,40.94,85.7,11.33,35.04,19.71,25.9,13.71,36.75,13.62,4.57,4.09,15.71,26.85,50.46,Northern Colorado Bears
Hunter Caldwell,54.0,102.0,-4.85,106.37230306071248,111.21764141898372,106.37,116.41,41.14,83.29,19.07,45.16,5.02,14.05,4.01,34.12,13.05,8.03,5.02,14.05,22.08,38.13,Northern Colorado Bears
Isaiah Stewart,30.8,61.4,15.14,96.54598418643361,81.40462889066241,96.55,84.89,34.96,98.21,11.65,46.61,14.98,28.3,33.29,43.28,19.98,16.65,4.99,21.64,18.31,76.57,Northern Illinois Huskies
Jao Ituka,205.2,376.5,9.53,109.64681075382184,100.11376564277587,109.65,98.58,37.43,85.66,15.29,42.7,19.5,27.41,18.71,35.58,6.06,9.23,1.85,20.03,28.2,54.29,Northern Illinois Huskies
Ladji Kante,124.3,228.8,4.5,105.61773334782136,101.12112552209278,105.62,99.97,35.21,77.37,6.95,29.56,28.25,42.16,18.25,33.9,6.52,10.0,2.17,20.86,25.64,52.15,Northern Illinois Huskies
Isaiah Washington,63.8,114.0,-7.1,90.17132551848512,97.26962457337883,90.17,102.8,28.85,70.33,10.82,31.56,21.64,39.68,9.92,40.58,4.51,8.12,3.61,20.74,18.03,50.5,Northern Illinois Huskies
Gianni Cobb,809.4,1400.7,-11.97,97.92121567165503,109.89484262283314,97.92,108.71,33.87,81.31,11.15,36.14,19.03,29.04,16.19,33.16,12.78,9.02,2.77,21.09,26.13,49.35,Northern Illinois Huskies
Taj Walters,736.4,1256.0,-13.4,97.9718321050436,111.37039031492452,97.97,110.92,33.85,81.37,11.44,37.11,18.83,28.53,15.34,33.05,14.46,9.3,2.78,20.42,26.06,48.39,Northern Illinois Huskies
Carlos Coronado,155.2,283.5,-13.77,100.61546695210062,114.38535309503051,100.62,117.03,34.97,83.85,9.99,36.04,20.69,31.75,19.27,34.25,9.63,7.85,5.35,20.34,24.62,53.52,Northern Illinois Huskies
Gustav Winther,594.6,1017.2,-16.45,102.12807544772656,118.5778568956139,102.13,117.18,35.38,82.0,12.51,38.31,18.86,28.44,18.37,30.3,11.53,8.6,3.03,22.87,25.51,48.67,Northern Illinois Huskies
Dylan Ducommun,746.0,1284.3,-16.69,94.95457181519427,111.64905815708491,94.95,110.11,33.09,82.35,11.37,37.97,17.4,27.06,17.17,33.4,13.61,8.58,2.78,21.96,25.52,50.57,Northern Illinois Huskies
Jaylen Wharton,102.1,186.6,-17.33,86.63868958981995,103.96499138045353,86.64,106.13,28.16,73.1,8.12,24.91,22.2,39.53,10.83,36.28,6.5,8.66,2.71,18.95,29.24,47.11,Northern Illinois Huskies
Hassan Washington,443.1,755.2,-17.57,91.5171180716509,109.0885020189316,91.52,109.13,31.39,81.85,11.52,37.61,17.22,26.22,16.42,35.49,10.46,8.21,2.52,22.12,25.69,51.91,Northern Illinois Huskies
Makhai Valentine,834.8,1430.5,-17.67,97.35471922283958,115.02088905203908,97.35,114.97,33.13,81.7,11.88,37.04,19.22,28.37,17.61,32.5,12.58,8.25,2.45,22.43,26.98,50.11,Northern Illinois Huskies
JJ Taylor,59.3,108.5,-20.33,98.97458760588496,119.3032689095681,98.97,111.46,32.99,69.55,12.48,28.53,20.51,30.32,12.48,24.97,0.0,6.24,3.57,28.53,29.42,37.45,Northern Illinois Huskies
Daemar Kelly,569.3,973.8,-21.35,95.7917481222348,117.14366240487841,95.79,117.6,32.72,80.98,11.52,37.04,18.83,29.22,17.59,31.07,9.88,8.75,3.29,22.74,27.78,48.66,Northern Illinois Huskies
Chase Courbat,34.1,55.6,59.45,113.30935251798562,53.85996409335727,113.31,53.96,37.77,89.93,14.39,44.96,23.38,28.78,16.19,55.76,1.8,10.79,5.4,12.59,16.19,71.95,Northern Iowa Panthers
Tristan Smith,561.2,887.8,20.67,114.38523554032416,93.71647942189352,114.39,93.26,43.37,86.41,10.34,28.54,17.3,24.83,11.8,39.44,14.38,11.01,5.73,13.6,25.51,51.24,Northern Iowa Panthers
Ben Schwieger,965.6,1529.0,13.26,109.9171519973751,96.6611807264254,109.92,97.32,41.08,85.24,12.14,33.47,15.62,22.64,10.96,38.78,16.73,10.17,4.92,14.96,25.92,49.74,Northern Iowa Panthers
RJ Taylor,296.3,473.8,11.91,108.61082901277459,96.69688444305513,108.61,99.2,40.19,79.96,12.83,33.14,15.39,23.73,7.7,38.27,13.47,9.41,3.63,16.46,28.65,45.97,Northern Iowa Panthers
Max Weisbrod,851.2,1365.1,11.51,106.58615107586533,95.0765259081689,106.59,93.78,40.67,87.67,11.06,34.12,14.11,20.44,11.42,38.92,15.86,9.53,4.44,14.04,22.34,50.34,Northern Iowa Panthers
Geon Hutchins,252.9,396.3,10.73,104.84693877551021,94.1205841967295,104.85,96.17,38.78,86.73,11.99,36.48,15.31,20.41,10.46,36.99,14.29,11.22,3.32,14.03,28.83,47.45,Northern Iowa Panthers
Trey Campbell,1166.4,1846.8,10.61,108.05275992616843,97.44287268770402,108.05,96.52,40.8,86.77,11.48,33.04,14.93,21.39,11.26,37.99,16.6,10.08,5.01,14.34,23.12,49.25,Northern Iowa Panthers
Leon Bond III,1133.6,1815.9,10.12,108.80387249374294,98.68783768883009,108.8,98.46,41.09,85.04,11.39,32.12,15.18,22.11,10.67,38.67,16.12,9.63,5.28,15.13,23.54,49.34,Northern Iowa Panthers
Kyle Pock,392.2,637.3,9.51,100.30074600632737,90.78729608322168,100.3,89.99,36.25,83.12,12.03,37.34,15.62,21.4,8.91,40.62,11.56,9.06,4.69,15.62,24.22,49.53,Northern Iowa Panthers
Ismael Diouf,337.1,518.2,8.62,104.75960376902633,96.13717368268954,104.76,96.45,40.4,90.84,12.37,41.94,11.6,16.43,13.53,38.85,17.78,10.24,5.22,14.88,29.19,52.38,Northern Iowa Panthers
Will Hornseth,899.2,1435.9,6.22,105.08628837469809,98.86550619208452,105.09,99.91,39.77,84.57,10.85,30.66,14.63,21.42,10.43,38.09,14.84,10.01,4.83,15.68,21.14,48.52,Northern Iowa Panthers
Bryce Darbyshire,150.4,278.9,21.28,111.2817270345949,90.00355745286375,111.28,91.41,36.85,79.13,11.56,35.77,26.01,39.38,16.98,37.21,11.2,13.73,2.89,19.15,27.46,54.19,Northern Kentucky Norse
Donovan Oday,931.8,1698.9,12.43,117.94924483715195,105.51629512695297,117.95,104.97,40.39,84.72,13.03,37.16,24.13,33.41,16.09,32.82,13.74,11.98,4.64,15.5,26.18,48.91,Northern Kentucky Norse
LJ Wells,957.7,1725.6,10.69,116.96750902527076,106.27752503597333,116.97,105.59,40.84,84.39,12.71,35.99,22.58,31.77,16.17,32.4,13.75,12.25,4.74,16.69,24.43,48.57,Northern Kentucky Norse
Kael Robinson,792.1,1435.0,8.55,112.88564359005416,104.33623351108616,112.89,102.92,40.07,87.69,13.36,39.45,19.38,26.79,16.13,34.05,12.6,10.59,4.98,15.71,24.57,50.18,Northern Kentucky Norse
Ethan Elliott,862.7,1528.1,8.39,112.72110175576006,104.32728585020176,112.72,103.78,39.42,86.16,13.58,38.57,20.3,28.46,15.99,34.53,14.49,11.23,4.7,16.32,24.35,50.52,Northern Kentucky Norse
Donovan Rakotonanahary,374.3,673.0,6.97,115.35993356234194,108.39275918815139,115.36,111.89,38.65,84.1,9.97,33.52,28.09,37.6,18.87,30.65,13.59,13.74,3.93,16.91,29.44,49.52,Northern Kentucky Norse
Tae Dozier,922.2,1666.1,5.63,114.72654139400854,109.09254564274893,114.73,109.14,39.86,85.31,12.43,37.52,22.57,31.94,16.87,31.64,14.53,12.13,5.22,16.39,25.51,48.51,Northern Kentucky Norse
Dan Gherezgher,970.5,1733.7,5.55,114.98017583175314,109.42882783776741,114.98,108.6,40.45,86.71,13.27,39.07,20.8,29.19,17.07,31.32,13.68,10.98,4.65,16.49,26.2,48.39,Northern Kentucky Norse
Shawn Nelson,256.8,464.0,1.75,110.68308827518855,108.93525949705725,110.68,110.47,38.41,83.55,11.94,37.76,21.92,32.34,18.45,31.9,8.25,10.85,5.21,19.53,27.56,50.35,Northern Kentucky Norse
Ryan Tolliver,128.2,231.1,-1.47,104.4203136996819,105.89239965841162,104.42,108.81,35.98,86.43,14.04,45.63,18.43,27.64,16.23,37.73,16.23,10.97,4.39,16.67,28.96,53.96,Northern Kentucky Norse
Addison Archer,108.5,189.4,-5.14,112.27701993704093,117.41267100544562,112.28,115.95,38.3,85.52,14.17,41.45,21.51,29.38,16.26,28.86,7.87,8.39,6.82,16.79,29.38,45.12,Northern Kentucky Norse
CJ Larry,396.6,626.0,4.82,110.01206272617611,105.1963506545022,110.01,106.63,37.8,80.1,9.01,23.48,25.41,33.78,13.03,35.71,18.01,10.29,4.34,16.89,26.22,48.74,Northwestern State Demons
Moustapha Loum,216.4,359.5,-0.67,108.42696629213484,109.09842275638817,108.43,111.24,36.8,74.16,9.55,23.88,25.28,33.71,10.67,31.74,9.27,12.64,5.06,20.51,26.69,42.41,Northwestern State Demons
Willie Williams,708.0,1161.0,-1.83,102.572913534642,104.4041450777202,102.57,103.86,35.14,81.87,9.54,28.52,22.77,30.75,14.78,36.51,16.92,9.62,3.35,18.3,24.23,51.29,Northwestern State Demons
Chris Mubiru,746.0,1218.7,-2.05,104.99009334722307,107.04353021157371,104.99,106.13,36.11,81.54,8.99,29.5,23.78,31.29,13.24,35.13,14.05,9.48,3.92,16.83,25.49,48.37,Northwestern State Demons
Micah Thomas,872.9,1419.0,-5.19,104.95688144149197,110.15088191542112,104.96,109.02,36.46,82.03,9.39,27.9,22.65,30.01,13.53,33.51,13.81,9.75,3.37,17.25,24.89,47.04,Northwestern State Demons
Omar Adegbola,254.8,427.8,-5.86,104.5766993713648,110.4330136588201,104.58,111.63,34.08,78.26,8.46,27.03,27.97,37.37,15.51,34.08,7.76,11.75,2.59,19.51,26.09,49.59,Northwestern State Demons
Izzy Miles,709.0,1175.3,-8.44,104.46183125396489,112.89908413934778,104.46,111.57,35.19,78.41,9.47,25.97,24.61,32.99,12.35,31.97,13.36,9.3,2.71,18.27,23.6,44.32,Northwestern State Demons
Landyn Jumawan,551.1,884.5,-9.14,102.99699733726135,112.13582649406324,103.0,112.63,35.58,83.17,10.54,32.29,21.3,29.23,14.5,34.45,12.46,9.06,4.08,17.45,25.27,48.95,Northwestern State Demons
Justin Redmond,336.2,559.2,-9.69,103.48945203661934,113.18025673476765,103.49,110.74,35.73,83.5,8.67,29.54,23.35,29.9,15.04,33.08,9.2,9.55,3.36,17.34,29.54,48.12,Northwestern State Demons
Chip Brunt,309.0,514.7,-13.29,96.07843137254902,109.36747857899296,96.08,111.37,33.53,78.43,6.67,23.14,22.35,31.37,12.75,34.51,10.78,11.57,3.73,19.41,26.27,47.26,Northwestern State Demons
Kordrick Turner,394.4,629.1,-15.05,100.67380103051921,115.72026300059773,100.67,115.1,34.24,80.06,7.77,22.04,24.42,33.29,14.74,31.87,9.67,9.99,3.33,18.87,27.11,46.61,Northwestern State Demons
Quentin Bolton,38.2,65.4,-15.43,86.46188850967008,101.89116171362407,86.46,100.11,28.82,72.81,4.55,28.82,24.27,34.89,15.17,37.92,13.65,13.65,4.55,25.79,24.27,53.09,Northwestern State Demons
J.C. Riley Jr.,200.3,323.8,-20.64,104.61727258782022,125.26225813971558,104.62,123.64,38.35,85.29,9.2,28.23,18.71,25.16,14.42,29.45,8.9,6.14,3.07,17.18,25.77,43.87,Northwestern State Demons
Justin Mullins,256.5,429.6,13.02,113.92699372239015,100.90300029129043,113.93,100.67,40.92,81.61,8.14,26.04,23.95,36.27,12.09,34.18,14.42,10.0,5.12,13.25,31.16,46.27,Northwestern Wildcats
Jordan Clayton,483.1,794.9,10.25,115.16800607479594,104.92090289501657,115.17,106.18,39.49,84.29,10.25,29.61,25.94,34.68,13.29,34.55,19.74,8.99,5.95,12.53,26.58,47.84,Northwestern Wildcats
Angelo Ciaravino,662.9,1095.6,8.02,115.7809424568716,107.76530910562889,115.78,110.96,41.77,85.96,10.65,29.08,21.58,29.18,14.45,33.34,17.14,8.52,6.02,14.63,28.25,47.79,Northwestern Wildcats
Jake West,619.5,1004.6,5.3,111.69197988156884,106.3893610638936,111.69,105.45,39.84,85.43,10.21,28.34,21.8,29.63,13.68,33.3,21.7,9.02,5.95,14.17,24.38,46.98,Northwestern Wildcats
Nick Martinelli,1033.7,1700.3,3.43,114.2538091949632,110.82174648716251,114.25,110.67,40.85,86.34,9.82,29.15,22.74,30.62,14.22,32.03,17.57,9.11,5.52,13.34,25.8,46.25,Northwestern Wildcats
Tre Singleton,756.9,1228.0,3.18,109.80966325036603,106.62971039598916,109.81,106.39,39.12,85.49,8.54,26.35,23.02,31.23,14.32,33.59,17.08,9.44,5.78,13.99,25.22,47.91,Northwestern Wildcats
Arrinten Page,604.4,1014.6,2.84,111.3165224678942,108.47825016010641,111.32,108.56,40.72,84.79,8.58,28.2,21.3,28.69,12.82,33.03,12.52,8.08,7.39,14.4,23.37,45.85,Northwestern Wildcats
Max Green,282.6,475.9,2.59,112.8520118682005,110.26293469041559,112.85,108.27,41.02,91.41,10.62,33.11,20.2,26.86,14.99,31.86,17.7,9.16,5.62,10.83,21.65,46.85,Northwestern Wildcats
K.J. Windham,157.0,270.2,0.28,106.93033049528518,106.65169800729721,106.93,104.37,33.69,82.39,10.99,33.69,28.56,35.52,13.92,36.25,3.66,5.86,3.66,14.65,26.73,50.17,Northwestern Wildcats
Jayden Reid,781.3,1282.3,0.06,112.75871512969991,112.70013990362196,112.76,113.46,41.16,87.33,9.39,28.56,21.05,28.33,13.93,31.22,16.51,8.92,5.63,13.15,27.07,45.15,Northwestern Wildcats
Tyler Kropp,274.0,445.3,-3.58,114.17546249006922,117.75161075316596,114.18,120.3,41.54,91.25,14.98,34.96,16.12,22.24,15.44,31.78,23.83,8.85,4.99,13.62,26.1,47.22,Northwestern Wildcats
Kebba Njie,185.6,294.8,19.14,114.65842773772744,95.51738583996648,114.66,97.84,39.82,82.73,17.51,41.54,17.51,23.34,13.73,46.0,2.75,5.49,3.78,19.91,27.46,59.73,Notre Dame Fighting Irish
Markus Burton,263.4,430.6,13.41,113.35099642898282,99.94148624926858,113.35,98.38,41.01,86.86,11.75,34.1,19.58,27.19,16.13,37.55,0.0,8.52,2.3,16.36,25.34,53.68,Notre Dame Fighting Irish
Garrett Sundra,544.5,889.6,3.68,107.05349863652975,103.37369027219864,107.05,103.46,38.12,88.27,13.72,38.12,17.09,23.5,15.97,40.15,11.13,7.76,2.92,16.53,22.38,56.12,Notre Dame Fighting Irish
Logan Imes,631.3,1034.1,0.49,112.08576998050684,111.59889648554635,112.09,113.35,37.82,86.06,14.52,39.28,21.93,31.19,16.37,39.18,12.77,5.95,4.09,15.5,28.36,55.55,Notre Dame Fighting Irish
Braeden Shrewsberry,975.9,1624.0,-0.53,109.95806165243212,110.48834112655992,109.96,109.22,38.51,86.57,13.41,37.65,19.53,28.53,16.16,37.35,11.45,6.86,3.43,16.04,25.22,53.51,Notre Dame Fighting Irish
Cole Certa,802.9,1352.0,-2.32,111.45670378209257,113.77189886116635,111.46,112.71,37.84,86.79,14.06,39.24,21.72,29.82,16.56,36.88,12.37,6.63,3.46,15.61,26.43,53.44,Notre Dame Fighting Irish
Carson Towt,768.5,1258.4,-4.65,107.74170531573316,112.39669421487604,107.74,111.86,38.53,88.71,12.45,36.71,18.23,27.43,18.47,37.18,10.07,6.5,3.49,16.73,24.58,55.65,Notre Dame Fighting Irish
Brady Koehler,448.8,757.4,-4.99,109.00583253698883,113.99100766992858,109.01,113.62,37.17,84.75,14.1,37.83,20.56,30.71,15.16,36.12,13.18,6.85,4.48,15.82,30.18,51.28,Notre Dame Fighting Irish
Sir Mohammed,474.8,783.9,-5.14,111.66475022358502,116.80040759138963,111.66,117.16,41.14,90.2,14.69,38.84,14.69,21.98,18.01,36.67,10.99,6.77,2.43,17.38,27.72,54.68,Notre Dame Fighting Irish
Jalen Haralson,679.1,1124.0,-9.08,104.41873864291095,113.49480968858133,104.42,112.66,36.08,83.23,11.17,34.13,21.1,31.38,15.96,37.23,9.48,5.76,3.81,17.82,25.26,53.19,Notre Dame Fighting Irish
Ryder Frost,142.0,246.2,-11.28,109.71293747542272,120.99569372965024,109.71,113.25,37.75,84.55,15.73,43.65,18.48,26.74,15.34,32.25,10.22,6.69,1.97,18.09,29.89,47.59,Notre Dame Fighting Irish
Matthew MacLellan,28.8,52.3,-23.7,102.85714285714285,126.55800575263663,102.86,125.71,32.38,76.19,7.62,32.38,30.48,38.1,7.62,34.29,15.24,1.9,3.81,13.33,32.38,41.91,Notre Dame Fighting Irish
Brett White II,756.0,1348.6,5.13,118.34319526627219,113.20894967665205,118.34,112.65,40.9,83.8,11.32,30.99,25.22,32.54,13.91,33.58,16.64,10.5,5.18,14.64,21.52,47.49,Oakland Golden Grizzlies
Nassim Mashhour,262.4,491.2,5.09,120.92881459275443,115.83562761292954,120.93,115.44,44.51,89.63,10.37,28.25,21.54,28.25,15.04,33.13,0.0,9.96,4.47,11.99,20.53,48.17,Oakland Golden Grizzlies
Khoi Thurmon,347.0,625.5,2.61,114.0230626562374,111.41487380641071,114.02,113.38,36.93,78.06,11.13,27.9,29.03,38.38,13.06,34.35,12.26,11.93,5.32,16.77,27.9,47.41,Oakland Golden Grizzlies
Warren Marshall IV,338.7,606.2,1.34,111.61236424394319,110.27405627723257,111.61,113.12,38.43,83.21,9.52,29.41,25.23,36.76,15.37,34.92,15.04,10.53,6.68,14.7,24.56,50.29,Oakland Golden Grizzlies
Brody Robinson,1129.1,2019.7,-0.09,115.29649429676529,115.3846153846154,115.3,114.26,40.45,86.08,10.15,29.51,24.24,32.42,15.52,32.91,14.63,10.69,5.22,14.04,21.29,48.43,Oakland Golden Grizzlies
Nate Deer,38.0,66.3,-0.24,103.13367711225705,103.37401292175161,103.13,114.24,36.49,82.51,11.11,25.39,19.04,30.15,19.04,44.43,0.0,15.87,1.59,22.21,19.04,63.47,Oakland Golden Grizzlies
Michael Houge,699.2,1233.0,-0.28,114.78041742028573,115.06483523152549,114.78,115.59,40.4,85.92,8.94,28.13,25.04,33.57,16.75,34.14,16.58,10.57,5.85,14.88,20.08,50.89,Oakland Golden Grizzlies
Ziare Wells,826.8,1482.0,-0.31,114.01647424437351,114.32269932380643,114.02,112.15,41.64,86.68,10.23,28.2,20.52,27.33,15.04,33.68,15.51,11.16,4.68,15.37,18.38,48.72,Oakland Golden Grizzlies
Tuburu Naivalurua,1008.8,1798.5,-2.15,115.15984397340331,117.3113594922261,115.16,116.99,40.59,85.73,9.72,28.26,24.26,32.26,15.6,32.7,13.38,10.61,4.89,14.55,22.04,48.3,Oakland Golden Grizzlies
Isaac Garrett,796.1,1389.1,-2.24,113.49342481417952,115.73604060913705,113.49,114.07,41.38,87.48,9.93,28.59,20.8,28.02,15.79,32.95,13.22,10.01,4.86,15.01,22.01,48.74,Oakland Golden Grizzlies
Ayden Evans,48.8,84.7,10.92,121.62937464142283,110.70559610705595,121.63,104.42,39.01,79.17,11.47,28.69,32.13,39.01,13.77,27.54,11.47,11.47,5.74,16.06,27.54,41.31,Ohio Bobcats
Jesse Burris,189.2,315.0,1.61,116.0442378586312,114.42942470921093,116.04,116.69,42.31,86.23,12.82,36.22,18.59,26.29,14.43,30.77,18.91,7.05,4.81,15.71,28.53,45.2,Ohio Bobcats
Ajay Sheldon,832.9,1451.3,1.47,113.39353415592473,111.92616317112649,113.39,112.01,40.12,83.96,10.75,32.19,22.4,31.16,13.86,32.88,14.34,8.34,4.89,15.1,24.33,46.74,Ohio Bobcats
Aidan Hadaway,866.2,1500.5,0.26,110.92392561027977,110.66104173319664,110.92,108.74,39.77,84.56,10.11,31.71,21.27,29.99,14.34,33.23,13.68,7.86,4.49,15.53,25.24,47.57,Ohio Bobcats
JJ Kelly,676.4,1172.0,-0.17,111.69373747708573,111.86064383912561,111.69,111.69,39.56,82.19,10.15,29.84,22.42,31.21,13.13,33.51,15.6,7.84,5.12,16.11,24.98,46.64,Ohio Bobcats
Javan Simmons,697.3,1218.0,-1.11,112.91212722032581,114.0265897145213,112.91,113.08,40.47,84.87,9.65,30.33,22.32,30.82,13.98,31.81,14.06,7.85,4.17,14.47,24.94,45.79,Ohio Bobcats
Jalen Breath,328.7,570.4,-2.01,105.40671329901896,107.41889000480329,105.41,108.22,37.13,82.88,11.97,36.95,19.18,29.74,13.9,34.49,14.08,8.27,5.98,16.89,26.4,48.39,Ohio Bobcats
Jackson Paveletzke,949.0,1666.8,-3.87,109.80815024486678,113.67972000660929,109.81,113.34,38.76,83.09,9.7,31.27,22.58,31.69,13.06,32.89,13.36,7.49,4.91,14.92,25.64,45.95,Ohio Bobcats
Dior Conners,297.1,532.5,-5.47,107.89693981955169,113.37030191004311,107.9,111.25,37.39,82.6,10.6,34.6,22.51,33.11,12.46,30.51,12.46,7.63,4.65,14.14,27.16,42.97,Ohio Bobcats
Elijah Elliott,230.4,416.9,-7.68,101.42553836821352,109.10815939278937,101.43,111.62,35.18,80.32,9.22,32.76,21.84,32.76,13.83,31.79,7.04,11.16,4.61,17.96,26.69,45.62,Ohio Bobcats
Kiir Kuany,215.8,395.8,-15.4,104.54516478612862,119.94491047952923,104.55,122.14,35.44,80.83,9.43,33.66,24.22,33.91,10.96,27.28,16.06,7.14,5.86,14.02,26.52,38.24,Ohio Bobcats
Brandon Noel,298.9,516.2,14.69,118.58208591350139,103.89110672887307,118.58,105.32,41.74,81.14,10.53,31.6,24.57,29.45,12.29,38.03,4.88,5.66,2.54,17.16,23.21,50.32,Ohio State Buckeyes
Bruce Thornton,1231.6,2050.0,11.65,118.83789965448439,107.18433309291835,118.84,106.67,41.85,84.29,12.12,33.29,22.97,29.39,13.38,35.48,13.67,6.81,3.41,15.13,25.11,48.86,Ohio State Buckeyes
Gabe Cupps,397.1,655.0,11.22,115.27954134441494,104.05543564693853,115.28,105.74,39.25,81.88,9.7,31.55,27.09,35.55,15.39,36.94,12.01,7.08,4.0,16.62,28.63,52.33,Ohio State Buckeyes
John Mobley Jr.,960.5,1627.6,11.09,119.06145798280767,107.97137216189536,119.06,107.07,40.99,84.0,12.11,34.51,24.9,30.71,13.52,35.18,14.5,7.34,3.18,14.93,24.53,48.7,Ohio State Buckeyes
Christoph Tilly,825.2,1371.8,10.52,118.55911729708288,108.04038617436804,118.56,105.72,41.25,84.81,11.97,34.04,24.09,29.86,12.98,34.4,13.7,6.71,2.88,13.99,25.31,47.38,Ohio State Buckeyes
Devin Royal,1028.6,1720.6,9.6,117.36730605715604,107.76916653237032,117.37,106.01,40.76,84.11,12.16,33.67,23.63,29.46,13.43,35.63,14.64,6.69,3.29,15.33,25.88,49.06,Ohio State Buckeyes
Amare Bynum,943.6,1563.5,8.27,117.41682974559686,109.15060807472227,117.42,109.85,41.38,84.76,11.87,33.75,22.71,29.39,14.12,35.55,16.1,6.93,3.98,15.4,25.79,49.67,Ohio State Buckeyes
Ivan Njegovan,322.2,523.5,6.59,109.4638603995528,102.87698878302906,109.46,106.55,39.66,86.13,12.44,35.39,17.69,24.69,16.92,39.66,13.22,7.19,4.47,19.05,24.69,56.58,Ohio State Buckeyes
Taison Chatman,339.2,579.0,6.43,113.71091187404329,107.27838656035473,113.71,110.04,40.41,80.82,12.42,32.01,20.29,27.12,8.75,31.84,17.14,6.47,2.8,15.04,24.67,40.59,Ohio State Buckeyes
Colin White,232.0,383.5,4.96,113.69576581285938,108.73382324250504,113.7,109.25,39.73,83.38,8.1,30.32,26.14,35.55,16.2,36.59,10.72,6.53,4.18,15.94,27.97,52.79,Ohio State Buckeyes
Puff Johnson,103.5,172.0,-6.94,110.13473930872877,117.07035755478661,110.13,118.92,37.49,83.77,12.3,32.81,22.85,30.46,12.89,31.05,15.82,5.86,2.93,14.65,33.39,43.94,Ohio State Buckeyes
Mohamed Wague,685.8,1149.1,11.43,120.61741527907431,109.18525301414961,120.62,108.72,41.94,88.57,14.24,37.34,22.49,31.0,19.02,36.82,14.94,8.08,5.82,15.72,25.44,55.84,Oklahoma Sooners
Jadon Jones,560.2,961.5,11.39,118.63563781052852,107.24248372765781,118.64,108.69,39.79,85.86,13.3,38.32,25.76,35.5,17.17,36.54,16.33,10.05,7.43,14.45,29.74,53.71,Oklahoma Sooners
Nijel Pack,943.3,1601.3,8.05,121.73294795901019,113.68188628657046,121.73,111.41,42.29,88.66,15.27,39.75,21.89,29.74,16.88,35.49,14.71,8.22,4.76,14.1,25.1,52.37,Oklahoma Sooners
Tae Davis,918.2,1560.4,7.34,120.39898173201622,113.05811623246494,120.4,112.91,41.95,87.93,14.15,37.14,22.35,30.8,16.71,35.42,14.6,8.26,5.38,14.15,25.3,52.13,Oklahoma Sooners
Jeff Nwankwo,234.4,404.4,6.39,117.25398726596484,110.86851043182921,117.25,115.24,40.6,86.74,14.37,43.37,21.69,29.5,15.89,34.8,11.35,10.34,4.29,15.13,28.75,50.69,Oklahoma Sooners
Kirill Elatontsev,287.1,490.4,5.5,120.99103207174342,115.49310221036974,120.99,114.1,42.76,88.97,16.82,39.93,18.65,24.93,12.57,33.03,19.25,9.53,4.46,11.75,24.12,45.6,Oklahoma Sooners
Dayton Forsythe,431.0,739.4,2.08,112.6779433930665,110.6028538267222,112.68,108.52,37.78,85.35,14.07,39.12,23.04,32.83,15.68,35.24,11.66,9.65,5.9,14.74,27.6,50.92,Oklahoma Sooners
Kuol Atak,221.2,380.7,1.98,117.18111523228767,115.19692075056705,117.18,105.36,43.75,93.29,18.11,48.28,11.57,18.36,16.35,32.94,14.33,8.3,5.28,14.33,22.88,49.29,Oklahoma Sooners
Derrion Reid,866.0,1466.8,1.85,116.38528249602298,114.53415305186645,116.39,115.36,39.48,85.8,13.21,36.54,24.22,32.77,16.28,34.69,14.16,8.96,4.65,14.92,24.84,50.97,Oklahoma Sooners
Xzayvier Brown,1000.2,1697.8,0.6,116.12544125617026,115.52923760177647,116.13,114.31,40.13,87.94,13.83,38.14,22.03,29.82,16.7,33.22,13.94,8.61,4.69,14.59,25.19,49.92,Oklahoma Sooners
Kai Rogers,137.4,240.7,-7.98,107.69718086791258,115.67545473124872,107.7,119.52,37.17,85.31,12.67,39.28,20.69,29.14,13.94,35.9,9.29,11.83,3.8,14.78,24.92,49.84,Oklahoma Sooners
Robert Jennings II,33.8,65.3,20.64,102.95812524010756,82.31707317073172,102.96,82.98,39.95,89.13,7.68,21.51,15.37,26.12,23.05,44.56,0.0,12.29,6.15,21.51,30.73,67.61,Oklahoma State Cowboys
Parsa Fallah,654.7,1202.6,3.95,110.6361992437942,106.68910391249473,110.64,104.22,38.55,83.84,10.69,30.25,22.85,30.91,15.04,35.02,12.49,10.52,3.12,16.52,21.78,50.06,Oklahoma State Cowboys
Kirk Cole,39.2,78.7,3.72,123.342175066313,119.62160512664022,123.34,129.97,41.11,82.23,14.59,33.16,26.53,31.83,10.61,34.48,10.61,6.63,1.33,13.26,18.57,45.09,Oklahoma State Cowboys
Christian Coleman,827.8,1515.3,3.46,114.77383288534159,111.31468185194355,114.77,111.21,40.17,84.63,9.7,28.1,24.74,32.92,15.44,35.36,13.79,9.56,3.69,15.17,22.62,50.8,Oklahoma State Cowboys
Jaylen Curry,746.9,1394.5,0.86,112.32940418909976,111.47246428892284,112.33,110.97,38.42,82.85,9.66,28.76,25.83,33.84,14.31,36.2,12.74,8.8,3.51,15.38,23.9,50.51,Oklahoma State Cowboys
Isaiah Coleman,614.2,1140.6,-1.4,109.54582301776831,110.94544816698824,109.55,110.86,38.12,82.47,8.85,26.55,24.45,33.04,15.42,36.19,10.08,8.94,3.94,17.26,24.89,51.61,Oklahoma State Cowboys
Andrija Vukovic,390.0,721.6,-1.57,106.81335515092434,108.38389409817981,106.81,109.46,37.6,83.56,9.19,31.89,22.42,30.22,14.2,37.18,11.28,10.17,4.04,16.29,20.89,51.38,Oklahoma State Cowboys
Vyctorius Miller,779.9,1442.2,-1.64,110.72068347802121,112.35955056179773,110.72,110.93,39.27,86.54,10.13,29.49,22.05,29.21,16.05,34.11,13.23,9.92,3.58,15.64,21.98,50.16,Oklahoma State Cowboys
Kanye Clary,918.5,1666.4,-3.0,111.77394034536891,114.77606322920586,111.77,113.99,38.57,85.1,10.82,30.98,23.8,32.0,14.95,34.03,13.7,9.57,3.29,14.65,21.83,48.98,Oklahoma State Cowboys
Anthony Roy,849.8,1572.6,-3.02,110.51569789433866,113.53431686978833,110.52,111.59,37.64,84.35,10.84,32.4,24.4,32.28,14.94,35.56,15.51,8.64,3.28,15.26,22.07,50.5,Oklahoma State Cowboys
Daniel Guetta,84.2,165.5,-3.99,102.203182374541,106.18941088739746,102.2,108.94,33.66,78.95,7.34,26.93,27.54,39.17,15.91,40.39,7.34,9.79,3.67,18.36,16.52,56.3,Oklahoma State Cowboys
Ryan Crotty,256.5,467.0,-4.67,110.08385293485273,114.75497253772731,110.08,115.67,36.55,84.07,10.75,33.11,26.23,33.54,16.56,37.2,10.32,9.46,2.15,16.56,26.02,53.76,Oklahoma State Cowboys
Lefteris Mantzoukas,191.0,357.0,-5.05,101.83129855715872,106.88533861162166,101.83,104.88,36.07,80.19,8.32,30.8,21.37,28.86,14.71,37.46,1.39,9.43,3.88,20.81,21.09,52.17,Oklahoma State Cowboys
Mekhi Ragland,64.0,118.2,-7.16,106.33772862611654,113.49306431273645,106.34,114.84,41.68,89.32,11.06,27.22,11.91,15.31,10.21,39.13,19.57,9.36,5.95,13.61,26.37,49.34,Oklahoma State Cowboys
Benjamin Ahmed,251.7,446.2,-7.17,113.37586810456779,120.5448985265499,113.38,122.41,38.85,86.27,10.16,27.55,25.52,33.65,17.84,34.78,17.39,7.9,3.84,15.58,25.07,52.62,Oklahoma State Cowboys
Scottie Hubbard,500.2,873.4,6.21,110.9769420964867,104.77113378555549,110.98,105.69,38.53,83.61,11.85,32.66,22.08,29.67,13.46,37.26,12.19,9.55,3.22,15.76,30.59,50.72,Old Dominion Monarchs
Jared Turner,680.9,1198.4,-0.65,107.9062046067649,108.55477024391267,107.91,107.41,37.68,86.66,12.45,34.2,20.09,27.39,13.45,35.28,12.87,8.38,4.4,13.78,26.81,48.73,Old Dominion Monarchs
Zacch Wiggins,592.3,1065.2,-2.28,108.66112304961226,110.93816329418425,108.66,109.88,38.68,85.68,9.81,29.9,21.49,28.78,14.2,34.2,12.99,8.32,4.02,14.86,27.75,48.4,Old Dominion Monarchs
Jordan Battle,1070.5,1885.5,-5.26,105.7688510996749,111.02948051774575,105.77,109.4,36.75,83.03,10.32,30.27,21.95,29.64,12.69,34.91,12.0,7.9,4.32,15.58,27.01,47.6,Old Dominion Monarchs
LJ Thomas,822.8,1438.6,-5.3,109.05095453921166,114.35005189733126,109.05,111.59,38.04,84.19,11.26,29.6,21.7,29.67,13.32,33.58,11.95,7.49,4.53,15.04,25.96,46.9,Old Dominion Monarchs
Caelum Swanton-Rodger,633.0,1088.8,-5.5,104.24806341606632,109.75154119185504,104.25,106.15,37.85,82.84,8.67,25.47,19.87,27.19,13.55,36.13,11.65,6.87,5.51,17.8,25.47,49.68,Old Dominion Monarchs
KC Shaw,895.4,1571.5,-6.57,105.07679793291544,111.64532457434824,105.08,112.22,37.26,85.36,9.57,28.07,20.99,28.26,14.1,35.47,13.27,7.85,4.34,15.31,26.73,49.57,Old Dominion Monarchs
Robert Davis Jr.,767.2,1353.7,-7.47,105.32106054494115,112.79552091664962,105.32,111.19,36.52,84.34,12.54,33.96,19.73,28.02,12.25,35.5,10.85,7.77,3.81,14.6,27.5,47.75,Old Dominion Monarchs
Drew McKenna,273.0,484.6,-8.08,101.955013664074,110.03596940067885,101.96,114.15,36.16,83.88,9.67,31.32,19.97,27.75,12.19,38.47,8.62,8.62,4.41,15.14,23.96,50.66,Old Dominion Monarchs
Ben Nacey,61.5,108.3,-11.84,107.60233918128654,119.4438112605425,107.6,122.57,38.36,90.76,13.1,36.49,17.78,23.39,14.04,34.62,4.68,9.36,2.81,12.16,25.26,48.66,Old Dominion Monarchs
Donovan Raymond,192.1,330.5,-16.96,94.17142857142858,111.1277969665115,94.17,112.76,32.3,79.54,10.36,29.26,19.2,28.95,11.89,35.05,9.14,9.14,3.35,18.59,32.0,46.94,Old Dominion Monarchs
Koren Johnson,206.4,347.6,16.69,114.55372370665151,97.86645306924926,114.55,95.51,41.22,87.83,11.09,35.53,21.03,25.01,13.64,34.96,17.91,11.09,7.11,13.93,29.85,48.6,Ole Miss Rebels
Augusto Cassiá,303.4,489.4,6.8,111.12832429641104,104.33200222413184,111.13,106.58,38.83,87.17,11.77,35.53,21.69,27.89,15.7,33.88,12.19,11.36,5.37,15.29,32.43,49.58,Ole Miss Rebels
Corey Chest,398.3,665.5,3.7,107.86686838124055,104.17133049772407,107.87,105.6,39.94,91.68,11.5,32.83,16.49,24.21,16.49,36.31,13.16,10.89,7.11,13.31,29.5,52.8,Ole Miss Rebels
James Scott,586.2,978.0,3.32,108.77156943303203,105.453342494338,108.77,106.41,40.67,89.15,10.37,30.2,17.05,22.19,15.3,37.18,12.53,9.76,7.7,15.61,26.09,52.48,Ole Miss Rebels
Kezza Giffa,417.8,713.8,1.51,109.8193024233086,108.31260727922374,109.82,108.28,37.26,80.54,9.53,28.72,25.77,34.18,12.05,34.46,8.54,10.93,5.6,15.27,29.7,46.51,Ole Miss Rebels
Travis Perry,547.8,935.8,-0.27,109.23856790254519,109.50652144681996,109.24,108.07,39.7,89.07,12.31,36.2,17.52,23.46,14.01,33.33,14.12,11.68,6.05,13.8,27.92,47.34,Ole Miss Rebels
Malik Dia,805.4,1376.4,-0.48,107.76430623565763,108.24431662558203,107.76,107.11,38.81,87.96,8.96,28.48,21.18,28.69,14.53,36.07,12.65,9.97,6.14,12.94,25.37,50.6,Ole Miss Rebels
Eduardo Klafke,461.9,787.2,-1.76,109.06051057809788,110.8217501804148,109.06,113.56,38.97,86.81,9.9,31.25,21.22,28.04,14.66,36.4,15.05,9.26,5.79,14.53,29.71,51.06,Ole Miss Rebels
Ilias Kamardine,1012.9,1719.7,-2.94,108.95619960775768,111.89665706554945,108.96,111.75,39.57,88.73,10.29,30.45,19.52,27.02,14.18,34.92,12.78,9.65,6.28,12.61,27.31,49.1,Ole Miss Rebels
Patton Pinkins,791.8,1341.6,-3.21,109.04906836908917,112.25864391558149,109.05,111.35,39.71,88.63,9.72,30.73,19.89,26.43,13.44,34.3,14.85,9.8,7.13,12.25,26.5,47.74,Ole Miss Rebels
AJ Storr,861.8,1490.4,-7.45,107.25065396740223,114.6979865771812,107.25,114.63,38.37,85.99,8.59,27.84,21.93,29.78,13.08,33.47,12.14,9.66,5.97,12.95,28.77,46.55,Ole Miss Rebels
Zach Day,115.5,196.5,-12.1,102.62891809908999,114.7247119078105,102.63,113.25,35.89,90.5,13.65,41.96,17.19,24.27,13.14,31.34,14.66,10.11,6.57,11.12,28.82,44.48,Ole Miss Rebels
Christian Richardson,366.2,619.9,14.29,115.25993516628648,100.96740102430697,115.26,99.41,42.74,81.96,13.45,34.9,16.33,24.49,14.25,37.94,12.65,10.09,4.8,20.65,24.81,52.19,Omaha Mavericks
Aidan Skradis,73.6,130.5,12.46,115.93075277183426,103.47432024169183,115.93,106.59,40.46,87.14,9.34,35.79,25.68,30.34,17.12,49.02,7.0,6.22,2.33,15.56,15.56,66.14,Omaha Mavericks
Kamryn Thomas,508.8,877.6,3.22,115.78917199277751,112.57078142695356,115.79,113.95,40.01,84.26,14.44,36.91,21.32,28.55,12.73,36.8,9.06,8.94,3.44,14.9,22.58,49.53,Omaha Mavericks
Ja'Sean Glover,713.3,1231.7,2.68,112.16471400434527,109.48564471948869,112.16,109.57,38.66,82.03,12.26,34.11,22.58,30.13,12.91,36.87,11.05,9.1,3.9,16.57,24.2,49.78,Omaha Mavericks
Paul Djobet,517.6,892.3,2.4,110.41027072285794,108.0077630579698,110.41,107.17,38.85,83.73,12.28,35.05,20.43,27.91,12.17,37.18,18.42,7.26,4.69,15.18,26.46,49.35,Omaha Mavericks
Valentino Simon,333.0,566.2,2.06,113.3705236638474,111.30856919942786,113.37,115.53,41.75,86.02,13.32,35.09,16.56,23.75,13.86,38.87,14.4,7.56,5.04,16.56,24.83,52.73,Omaha Mavericks
Grant Stubblefield,681.2,1180.6,-0.48,108.76925681394954,109.25349098383235,108.77,109.11,37.92,81.85,11.77,33.43,21.16,29.12,11.6,35.55,13.2,9.56,4.15,15.91,25.22,47.15,Omaha Mavericks
Lance Waddles,869.3,1489.1,-1.16,109.5550374855341,110.71524603388008,109.56,110.49,39.65,85.4,13.02,36.76,17.24,23.95,13.22,36.56,11.4,8.92,4.23,16.44,24.35,49.78,Omaha Mavericks
Khamani Cooper,369.4,634.9,-2.68,112.1376739759705,114.81756677486214,112.14,116.42,39.97,84.22,12.85,34.42,19.35,25.54,12.85,36.48,6.66,9.04,3.49,16.5,23.0,49.33,Omaha Mavericks
Tony Osburn,868.9,1490.0,-4.02,109.70181720825943,113.72430268160561,109.7,113.12,39.02,83.87,11.98,35.34,19.68,26.64,12.32,34.6,13.32,9.64,3.82,15.8,23.56,46.92,Omaha Mavericks
Julian Margrave,176.3,291.2,-8.48,108.08967692438839,116.56866136285022,108.09,114.91,34.44,79.11,14.66,43.65,24.55,30.35,7.84,34.1,9.89,7.16,2.05,14.32,21.82,41.94,Omaha Mavericks
Brock Scholl,423.5,728.2,-14.06,101.79517160740077,115.85658463015014,101.8,116.24,37.28,87.63,11.28,34.94,15.96,22.28,13.89,37.0,9.08,9.49,3.03,15.68,22.42,50.89,Omaha Mavericks
Luke Gray,548.5,957.2,-0.78,109.7770154373928,110.55408278432503,109.78,109.47,37.53,82.02,13.62,40.65,21.1,29.32,13.72,35.66,12.37,8.63,4.89,17.78,29.21,49.38,Oral Roberts Golden Eagles
Ofri Naveh,890.0,1553.2,-3.9,102.57893468305616,106.47834639321532,102.58,106.11,34.64,79.44,11.18,34.77,22.11,29.89,12.98,36.51,10.54,9.0,4.63,19.35,28.28,49.49,Oral Roberts Golden Eagles
Cal Furnish,611.4,1055.9,-4.28,102.70244687396467,106.98126169663374,102.7,106.87,33.89,81.31,10.98,37.48,23.95,32.37,15.15,35.97,12.02,8.14,4.26,18.46,30.01,51.12,Oral Roberts Golden Eagles
Ty Harper,876.6,1547.7,-4.39,105.25296225745002,109.6439480872109,105.25,109.51,35.39,80.46,12.08,35.71,22.41,29.32,13.37,34.93,10.33,8.78,4.71,18.98,27.25,48.3,Oral Roberts Golden Eagles
Aaron Jacob,44.4,79.2,-4.84,116.29392971246007,121.13643459256946,116.29,123.96,34.5,89.46,14.06,46.01,33.23,38.34,15.34,31.95,14.06,7.67,6.39,7.67,28.12,47.29,Oral Roberts Golden Eagles
Chase Martin,516.6,901.9,-5.9,100.36322995250069,106.25893741062589,100.36,107.96,33.75,79.46,12.07,35.88,20.79,27.94,13.52,36.99,12.63,8.16,5.03,20.79,30.18,50.51,Oral Roberts Golden Eagles
Connor Dow,1009.0,1751.7,-7.43,104.79105858902255,112.21745350500716,104.79,111.68,35.48,81.73,12.81,38.61,21.02,28.76,14.52,34.51,11.68,8.54,5.41,19.14,28.3,49.03,Oral Roberts Golden Eagles
Martins Kilups,492.9,842.0,-7.81,105.48460695131708,113.29287159347852,105.48,112.83,34.61,82.85,12.21,38.88,24.06,32.12,15.53,34.96,13.39,7.47,3.67,17.42,32.24,50.49,Oral Roberts Golden Eagles
Jack Turner,518.4,912.8,-9.99,102.89424452514582,112.88035772712402,102.89,113.9,34.77,80.44,12.66,37.53,20.69,27.73,13.76,32.35,7.04,9.24,5.39,20.14,26.96,46.11,Oral Roberts Golden Eagles
Yuto Yamanouchi-Williams,508.4,869.7,-14.11,97.04993524248093,111.15895845893262,97.05,111.44,32.93,81.85,10.36,35.0,20.84,27.05,15.77,33.96,10.59,7.83,4.49,21.07,25.21,49.73,Oral Roberts Golden Eagles
Baron Smith Jr.,150.4,270.4,-16.63,87.61020881670534,104.23572744014733,87.61,105.06,27.84,72.02,9.65,29.7,22.27,31.55,9.28,35.64,6.31,10.39,5.57,22.27,31.93,44.92,Oral Roberts Golden Eagles
Jackson Shelstad,344.3,592.5,1.93,112.01475643497945,110.08239191370083,112.01,108.66,37.73,87.36,14.09,40.92,22.47,31.19,20.29,35.05,6.2,8.05,7.38,18.11,23.81,55.34,Oregon Ducks
Dezdrick Lindsay,561.2,933.5,1.47,110.21888008594065,108.74616103618642,110.22,109.36,37.17,85.3,12.03,35.77,23.85,32.76,17.51,35.45,15.25,10.1,7.52,16.65,25.14,52.96,Oregon Ducks
Ege Demir,122.5,201.5,-2.7,106.83076923076923,109.52738184546138,106.83,107.82,37.91,95.51,11.32,35.45,19.69,27.08,26.09,32.49,10.83,11.32,6.89,17.72,21.66,58.58,Oregon Ducks
Takai Simpkins,858.2,1431.9,-3.56,106.29798172786329,109.86118179744125,106.3,108.73,36.34,83.79,11.39,34.46,22.23,29.6,16.05,33.83,14.66,9.73,6.04,18.2,23.27,49.88,Oregon Ducks
Nate Bittle,690.0,1163.8,-3.84,105.45431238917256,109.28961748633881,105.45,108.1,36.15,84.6,11.71,37.17,21.45,28.46,15.64,35.21,17.43,9.23,5.9,17.52,21.54,50.85,Oregon Ducks
Kwame Evans Jr.,819.4,1359.5,-8.64,103.1667581914699,111.81111090583258,103.17,110.78,34.78,83.32,11.2,36.17,22.41,30.02,15.6,34.56,12.96,9.15,6.08,18.01,22.41,50.16,Oregon Ducks
Sean Stewart,645.4,1044.8,-9.6,104.99421519475511,114.58976673476174,104.99,116.27,37.7,88.51,11.38,35.58,18.22,26.22,17.93,32.39,15.43,9.83,5.88,16.97,27.19,50.32,Oregon Ducks
Wei Lin,456.3,752.2,-10.9,101.13027959547887,112.03208556149733,101.13,110.78,35.03,84.47,10.71,36.75,20.36,29.35,15.33,34.11,17.85,8.2,6.48,16.92,26.17,49.44,Oregon Ducks
Jamari Phillips,253.6,410.4,-12.22,101.0137801250531,113.2306187331866,101.01,112.43,34.48,84.74,12.38,40.07,19.67,25.98,13.6,36.42,17.48,8.26,6.31,16.51,23.8,50.02,Oregon Ducks
Drew Carter,325.7,530.8,-13.4,101.03307743341865,114.4301900927053,101.03,115.82,35.26,84.35,11.18,33.17,19.33,26.16,15.54,33.93,17.06,9.86,3.41,18.77,21.99,49.47,Oregon Ducks
Devon Pryor,252.0,417.2,-14.11,98.5957934068583,112.70626079704533,98.6,114.02,34.47,86.54,12.29,38.81,17.36,25.79,19.04,31.82,8.44,8.68,4.82,20.25,25.55,50.86,Oregon Ducks
Oleksandr Kobzystyi,131.0,224.3,-14.49,100.87768025774915,115.37171604248184,100.88,114.65,35.55,84.88,10.22,35.11,19.55,26.22,12.89,36.44,9.33,5.33,4.44,15.55,24.44,49.33,Oregon Ducks
Luke Johnson,59.5,93.6,-22.01,109.97643362136687,131.98800109080992,109.98,126.73,30.37,74.37,14.66,30.37,34.56,42.94,12.57,31.42,14.66,3.14,4.19,17.81,29.33,43.99,Oregon Ducks
5175842,28.8,51.6,2.02,107.53720595295246,105.52027357107963,107.54,103.7,36.49,72.97,9.6,26.88,24.96,32.65,7.68,38.41,0.0,11.52,15.36,19.2,19.2,46.09,Oregon State Beavers
Jorge Diaz Graham,516.2,855.6,0.67,108.80475129918337,108.13298055907052,108.8,111.66,33.5,79.11,12.59,35.63,29.22,36.23,13.3,37.42,16.04,8.2,6.06,16.99,26.49,50.72,Oregon State Beavers
Josiah Lake II,1027.5,1698.9,-1.24,106.50625856959618,107.74292092586064,106.51,108.16,34.03,79.5,12.97,35.97,25.48,32.61,12.86,36.56,14.21,8.08,5.13,17.87,26.66,49.42,Oregon State Beavers
Isaiah Sy,811.1,1352.9,-1.71,107.16995096678694,108.87617641631297,107.17,109.17,34.05,80.08,12.51,34.79,26.57,33.68,13.62,35.6,15.62,8.44,4.44,17.54,26.35,49.22,Oregon State Beavers
Yaak Yaak,349.4,574.8,-1.83,105.88908954763687,107.71807756732379,105.89,110.47,32.24,76.99,13.57,37.7,27.84,34.71,11.98,36.82,16.03,7.4,4.58,18.5,27.49,48.8,Oregon State Beavers
Olavi Suutela,518.5,854.0,-2.74,105.56133657070181,108.29725401814841,105.56,105.56,35.5,81.17,13.3,37.81,21.27,28.21,13.87,35.38,13.99,8.44,4.16,19.31,27.17,49.25,Oregon State Beavers
Johan Munch,568.2,951.8,-4.35,103.19384420786339,107.5392670157068,103.19,108.25,33.94,80.74,12.02,34.26,23.3,30.78,13.81,36.37,13.49,8.64,4.53,18.45,25.82,50.18,Oregon State Beavers
Matija Samar,385.6,637.7,-4.82,107.75727244291524,112.57861635220125,107.76,111.98,33.94,76.63,12.67,34.09,27.21,35.03,11.26,34.72,13.92,8.45,5.63,17.99,27.06,45.98,Oregon State Beavers
Dez White,779.2,1299.8,-7.09,106.1106284390385,113.20176278980647,106.11,114.07,33.52,77.0,13.21,35.52,25.87,32.82,11.35,33.44,13.28,7.72,5.1,18.77,27.18,44.79,Oregon State Beavers
Keziah Ekissi,439.3,729.1,-7.74,105.29933328751116,113.03842074651887,105.3,113.55,33.27,80.56,11.82,35.19,26.94,36.02,14.16,33.4,15.4,8.52,3.3,16.5,30.52,47.56,Oregon State Beavers
Noah Amenhauser,294.3,461.5,-10.62,109.18600849950964,119.80822065398912,109.19,121.17,37.49,81.29,12.64,33.13,21.58,27.46,11.99,34.0,12.86,6.54,6.54,17.65,26.59,45.99,Oregon State Beavers
Stephen Olowoniyi,33.0,55.2,-16.57,96.12817089452605,112.70207852193997,96.13,108.59,35.6,80.11,8.9,32.04,16.02,23.14,14.24,35.6,10.68,7.12,8.9,23.14,23.14,49.84,Oregon State Beavers
Malcolm Christie,156.7,263.5,-17.03,99.12040102146979,116.14623000761614,99.12,115.39,28.75,74.91,16.27,43.89,25.35,32.91,11.35,32.91,1.89,6.43,7.19,20.81,29.89,44.26,Oregon State Beavers
Ja'Quavis Williford,48.6,75.9,-23.1,96.17338300033863,119.26899647322861,96.17,125.97,31.15,88.05,6.77,39.28,27.09,36.57,16.25,37.93,13.55,8.13,9.48,10.84,23.03,54.18,Oregon State Beavers
KC Ibekwe,254.7,432.2,10.28,109.48146437232937,99.2061192559541,109.48,98.86,40.19,80.38,9.7,24.25,19.4,28.18,15.01,42.04,12.7,7.85,4.16,21.25,30.03,57.05,Pacific Tigers
Jaden Clayton,960.0,1590.8,8.4,110.43677871765038,102.03408466190214,110.44,102.14,40.12,86.04,10.94,30.63,19.24,25.03,17.48,41.07,16.16,8.05,3.4,19.56,26.16,58.55,Pacific Tigers
Isaac Jack,682.2,1110.9,7.6,111.2466675703764,103.64924235631669,111.25,104.47,40.85,87.03,11.3,31.27,18.25,23.32,18.8,41.66,17.44,7.05,3.25,20.69,26.93,60.46,Pacific Tigers
Alexis Marmolejos,210.2,359.3,7.58,105.46514107028642,97.88017176743236,105.47,102.05,35.25,84.43,11.09,34.97,23.88,30.99,19.33,45.77,9.38,8.81,3.98,20.18,29.85,65.1,Pacific Tigers
Elias Ralph,1100.4,1810.7,5.58,109.82626977979417,104.24332630476427,109.83,104.63,39.5,86.64,10.84,30.87,19.97,25.67,18.59,40.17,15.44,7.75,3.65,19.75,27.33,58.76,Pacific Tigers
TJ Wainwright,1011.4,1671.5,3.62,109.26017391824945,105.64074970854631,109.26,105.79,39.99,85.55,10.54,29.93,18.74,24.37,17.06,39.15,15.39,7.78,3.47,19.94,26.88,56.21,Pacific Tigers
Justin Rochelin,854.2,1388.5,3.21,109.39366515837104,106.18327720856917,109.39,107.29,39.67,86.81,10.5,29.03,19.55,25.34,19.26,39.1,17.01,8.47,3.4,20.42,27.37,58.36,Pacific Tigers
Kajus Kublickas,607.6,1009.5,2.02,104.38330265187324,102.36686390532543,104.38,103.29,38.41,85.38,9.45,30.75,18.11,24.08,18.81,40.1,12.64,8.76,3.38,21.99,29.16,58.91,Pacific Tigers
Jaion Pitt,523.9,873.7,-2.32,104.05741907133441,106.3728642935041,104.06,111.44,37.73,85.31,10.19,30.58,18.4,24.02,17.58,39.96,14.88,9.02,4.34,20.86,26.13,57.54,Pacific Tigers
Tibor Mirtic,192.8,330.4,0.23,109.0686274509804,108.83540140529226,109.07,111.52,43.5,91.91,8.58,26.65,13.48,19.61,16.54,32.78,3.37,11.64,3.06,15.32,19.91,49.32,Penn State Nittany Lions
Eli Rice,541.8,928.0,-5.46,107.95470050484377,113.41330425299891,107.95,116.36,38.31,82.96,11.24,32.53,20.08,27.83,12.23,33.18,11.02,11.24,2.84,16.05,23.8,45.41,Penn State Nittany Lions
Melih Tunca,654.0,1110.3,-6.37,109.91105463786532,116.28270730453825,109.91,118.08,38.85,83.23,8.99,31.13,23.23,29.77,12.62,29.86,10.62,10.98,2.27,15.25,23.78,42.48,Penn State Nittany Lions
Ivan Juric,742.6,1258.2,-7.76,111.24997520284077,119.01444891135613,111.25,118.63,39.36,82.37,10.24,32.14,22.3,29.44,12.38,29.04,12.62,10.79,1.9,16.03,23.25,41.42,Penn State Nittany Lions
Saša Ciani,263.0,437.4,-8.39,100.13235886516661,108.52537177886252,100.13,110.03,37.52,87.01,11.97,34.53,13.12,19.11,11.74,37.52,8.75,9.67,3.45,15.65,21.87,49.26,Penn State Nittany Lions
Kayden Mingo,843.4,1437.7,-8.51,108.0742313986282,116.58242578986678,108.07,116.85,39.27,83.77,9.33,30.5,20.19,27.71,11.77,30.5,11.14,11.07,2.72,14.83,22.84,42.27,Penn State Nittany Lions
Josh Reed,855.4,1439.9,-9.38,107.4236415501287,116.8029945930958,107.42,117.23,37.36,80.99,10.02,31.59,22.68,29.78,11.55,29.92,12.66,10.3,2.64,16.42,23.45,41.47,Penn State Nittany Lions
Freddie Dilione V,826.0,1391.0,-11.26,106.4188583115066,117.68306955472731,106.42,117.25,38.68,84.25,9.9,31.14,19.16,24.25,12.06,30.57,11.7,10.26,3.01,16.29,22.96,42.63,Penn State Nittany Lions
Dominick Stewart,672.2,1117.4,-12.16,106.37388350169866,118.53433891743978,106.37,119.87,38.34,82.98,10.71,32.67,18.99,26.37,12.06,30.06,14.22,9.36,2.34,16.56,23.13,42.12,Penn State Nittany Lions
Justin Houser,89.3,155.6,-23.72,93.92446633825944,117.64705882352942,93.92,122.82,35.47,81.44,6.57,26.27,16.42,19.7,9.85,32.18,13.79,11.17,7.22,19.05,24.3,42.03,Penn State Nittany Lions
Mason Blackwood,283.1,458.7,-26.68,98.24865802743588,124.93150684931507,98.25,123.62,36.87,83.5,9.54,36.44,14.97,21.04,11.06,32.32,15.18,7.37,1.95,17.57,23.42,43.38,Penn State Nittany Lions
Lucas Lueth,462.7,790.2,11.1,110.21726737188825,99.11504424778761,110.22,99.32,37.75,85.01,11.28,30.02,23.44,33.7,16.6,36.99,11.4,10.13,6.46,15.58,25.72,53.59,Pennsylvania Quakers
Dalton Scantlebury,448.0,771.7,10.03,110.16865891599804,100.13462401435989,110.17,102.31,39.17,85.15,10.22,26.07,21.61,32.09,17.29,36.42,11.27,11.0,5.76,16.9,24.1,53.71,Pennsylvania Quakers
Dylan Williams,60.9,105.2,8.31,114.88750598372425,106.57863711388822,114.89,108.19,45.96,93.82,14.36,29.68,8.62,21.06,19.15,34.47,0.0,7.66,3.83,15.32,21.06,53.62,Pennsylvania Quakers
Michelangelo Oberti,37.0,60.2,8.08,106.88259109311741,98.80749574105621,106.88,93.93,43.72,92.31,8.1,24.29,11.34,16.19,9.72,35.63,17.81,9.72,4.86,9.72,22.67,45.35,Pennsylvania Quakers
Ethan Roberts,698.4,1210.6,6.28,112.53858346542087,106.25766871165645,112.54,108.37,38.21,85.09,11.35,28.11,24.78,34.37,16.52,35.2,11.01,9.51,3.92,15.1,22.94,51.72,Pennsylvania Quakers
Cam Thrower,454.5,785.8,5.76,108.3290751149719,102.57060445655964,108.33,103.35,38.83,84.95,11.62,28.62,19.03,26.57,14.82,36.92,10.48,9.45,4.85,17.25,24.4,51.74,Pennsylvania Quakers
Jay Jones,354.9,616.0,5.21,103.8939989464727,98.68715197333657,103.89,98.38,35.82,80.39,10.05,28.04,22.21,35.82,15.07,37.12,14.43,10.7,5.35,17.67,25.28,52.19,Pennsylvania Quakers
TJ Power,1049.9,1801.7,2.6,108.4547292116819,105.85927788060442,108.45,106.84,38.25,86.93,11.6,30.33,20.35,29.27,16.28,35.19,13.1,9.59,4.29,15.45,23.98,51.47,Pennsylvania Quakers
Niklas Polonowski,124.3,228.3,1.12,104.59833795013851,103.47440199155753,104.6,105.93,36.34,80.66,10.64,31.91,21.27,33.24,14.63,35.46,10.64,10.19,4.88,18.17,21.27,50.09,Pennsylvania Quakers
AJ Levine,726.7,1245.0,0.85,107.37118080064536,106.52591170825335,107.37,107.45,37.27,90.59,12.1,33.72,20.73,28.64,18.07,34.45,13.71,10.0,3.71,13.88,24.85,52.52,Pennsylvania Quakers
Augustus Gerhart,592.1,1017.2,-0.9,109.41381939832237,110.31434184675834,109.41,110.5,37.68,88.16,13.68,34.83,20.37,28.24,16.33,34.44,12.79,8.46,3.44,14.76,23.02,50.77,Pennsylvania Quakers
Michael Zanoni,862.8,1484.4,-1.63,108.89255530489241,110.52143880043803,108.89,110.44,39.06,88.96,12.26,31.11,18.52,27.07,16.63,33.74,14.68,9.29,4.18,14.82,23.97,50.37,Pennsylvania Quakers
Alex Massung,36.2,67.7,-2.2,105.98911070780399,108.1893313298272,105.99,104.54,34.85,85.66,8.71,31.94,27.59,36.3,13.07,31.94,14.52,5.81,5.81,10.16,23.23,45.01,Pennsylvania Quakers
Preston Phillips,32.0,52.6,5.22,122.46820536975977,117.25132148005765,122.47,114.93,45.22,96.09,7.54,43.33,24.49,32.03,32.03,39.57,0.0,13.19,3.77,20.73,28.26,71.6,Pepperdine Waves
Pavle Stošic,468.6,786.9,-4.21,100.83500015874529,105.04562362890661,100.84,104.9,35.81,86.87,10.41,33.65,18.8,25.78,18.16,32.51,12.06,9.4,4.7,19.05,24.89,50.67,Pepperdine Waves
Yonatan Levy,607.6,1027.9,-8.46,105.45516453048617,113.91327610107251,105.46,113.92,37.26,84.93,11.09,33.08,19.85,25.59,15.47,32.1,14.98,9.44,2.82,18.39,21.4,47.57,Pepperdine Waves
Aaron Clark,961.1,1651.6,-8.48,103.70460268818834,112.18679675582605,103.7,112.69,35.68,82.71,10.38,31.07,21.97,29.25,14.44,32.53,13.23,9.28,3.82,17.84,21.54,46.97,Pepperdine Waves
Pasha Shemirani,33.0,52.4,-8.67,87.36059479553904,96.03135717785399,87.36,91.08,33.46,89.22,7.43,31.6,13.01,14.87,18.59,37.17,1.86,9.29,0.0,22.3,29.74,55.76,Pepperdine Waves
David Mager,255.0,443.5,-10.33,99.66024915062289,109.9949492115158,99.66,110.99,33.3,82.67,10.65,31.94,22.42,31.71,17.21,34.2,12.0,9.29,3.4,19.48,27.63,51.41,Pepperdine Waves
Styles Phipps,1007.3,1722.2,-10.74,102.30282678863496,113.04107275453896,102.3,112.38,35.49,84.18,9.73,31.84,21.6,28.43,16.04,31.79,12.68,8.97,3.76,18.35,21.83,47.83,Pepperdine Waves
Danilo Dožic,809.6,1371.1,-13.14,102.57159022467192,115.70759786509282,102.57,115.93,35.7,83.15,10.07,32.05,21.1,28.4,14.67,31.61,11.24,8.1,3.5,18.03,20.0,46.28,Pepperdine Waves
Javon Cooley,899.1,1534.6,-13.83,102.68179135794375,116.51554404145077,102.68,117.96,35.6,84.26,9.84,31.6,21.64,28.59,15.93,31.6,13.64,8.85,3.67,18.1,22.56,47.53,Pepperdine Waves
Nikola Radovanovic,82.6,141.3,-14.71,100.79193664506838,115.49834753870239,100.79,119.51,35.28,83.51,7.92,26.64,22.32,31.68,18.72,33.84,11.52,7.2,0.72,20.16,30.24,52.56,Pepperdine Waves
Luka Vudragovic,305.5,531.4,-15.66,96.03615478768478,111.6961263632945,96.04,111.85,34.84,89.07,9.42,34.08,16.95,22.22,17.51,33.14,9.98,8.1,5.08,17.89,20.15,50.65,Pepperdine Waves
Stefan Cicic,344.3,617.0,-19.54,96.7715703016996,116.30724497213474,96.77,117.1,33.5,81.97,9.43,29.11,20.33,27.0,14.31,32.85,15.29,10.08,5.04,19.52,21.63,47.16,Pepperdine Waves
Vladimir Sudar,44.9,72.8,-41.87,96.33357296908699,138.20335636722606,96.33,150.97,31.63,92.02,12.94,38.82,20.13,25.88,23.01,31.63,7.19,2.88,2.88,18.69,17.25,54.64,Pepperdine Waves
Papa Amadou Kante,106.0,171.0,17.32,108.4765856550089,91.15822876099813,108.48,93.66,36.75,88.92,12.45,38.53,22.53,30.82,21.34,47.42,0.0,9.48,6.52,17.78,26.67,68.76,Pittsburgh Panthers
Macari Moore,101.5,163.7,6.6,106.23272950568008,99.63547995139733,106.23,100.71,39.3,89.65,10.44,35.0,17.19,28.25,22.11,35.62,17.19,13.51,6.14,19.04,27.63,57.73,Pittsburgh Panthers
Nojus Indrusaitis,723.9,1170.2,-0.74,107.4706235526203,108.21165552764889,107.47,109.01,38.0,88.94,12.61,37.4,18.87,27.79,18.35,36.88,13.04,10.29,4.63,16.21,25.65,55.23,Pittsburgh Panthers
Cameron Corhen,1065.0,1712.5,-0.86,107.98421724498084,108.84353741496598,107.98,107.46,38.76,87.1,12.36,36.44,18.1,26.92,17.47,35.05,13.11,10.5,4.47,17.58,24.37,52.52,Pittsburgh Panthers
Damarco Minor,1022.9,1642.7,-1.92,107.4016798568786,109.32033792144702,107.4,108.49,39.18,88.84,12.37,38.63,16.68,24.38,17.65,34.93,13.04,10.73,4.37,17.22,24.26,52.58,Pittsburgh Panthers
Brandin Cummings,484.2,783.8,-3.74,110.1489876480326,113.89128559102674,110.15,113.46,38.46,86.97,13.37,37.69,19.87,29.03,17.83,32.98,10.57,9.55,4.71,17.06,25.72,50.81,Pittsburgh Panthers
Roman Siulepa,827.5,1332.3,-3.98,106.335052218106,110.31664964249232,106.34,108.57,38.87,89.28,12.73,37.6,15.86,25.54,19.21,34.48,14.0,10.57,5.58,17.8,23.83,53.69,Pittsburgh Panthers
Barry Dunning Jr.,997.8,1592.5,-4.43,106.37402378762606,110.80542643012996,106.37,109.24,39.16,90.41,12.22,38.6,15.84,24.26,18.39,34.04,13.78,10.29,4.8,16.46,24.63,52.43,Pittsburgh Panthers
Omari Witherspoon,860.3,1379.9,-4.44,105.47242102219332,109.90847014383264,105.47,109.38,38.46,87.33,12.14,36.51,16.41,25.16,17.64,35.42,12.94,10.19,4.92,18.36,24.22,53.06,Pittsburgh Panthers
Kieran Mullen,96.1,157.6,-37.67,84.84455958549223,122.51243781094527,84.84,127.59,31.09,84.84,11.66,36.92,11.01,15.54,16.19,34.97,14.9,7.12,2.59,23.96,25.26,51.16,Pittsburgh Panthers
Timo George,269.6,511.0,2.03,106.28961482203803,104.26075004908697,106.29,103.56,37.64,78.4,7.41,26.91,23.6,33.15,13.46,34.91,4.88,9.56,5.27,19.31,25.94,48.37,Portland Pilots
Dante Censori-Hercules,614.0,1066.5,-2.42,106.29672158039041,108.71400431479223,106.3,108.64,38.15,81.36,8.44,27.65,21.56,28.78,14.44,35.24,18.37,9.19,3.56,19.4,24.84,49.68,Portland Pilots
Garrett Nuckolls,818.5,1443.9,-2.76,106.4164921330033,109.17718778684122,106.42,109.12,37.73,78.65,7.75,25.13,23.19,30.95,13.5,34.76,13.43,8.24,3.88,20.15,25.34,48.26,Portland Pilots
Mikah Ballew,681.1,1212.4,-4.78,104.54554816386216,109.32661739812559,104.55,109.08,36.66,80.82,10.55,31.47,20.68,28.59,13.76,35.67,9.72,8.24,4.04,19.36,26.53,49.43,Portland Pilots
Kelson Gebbers,49.7,89.7,-5.5,96.54415798134941,102.04081632653062,96.54,98.74,32.91,74.6,4.39,25.23,26.33,37.3,10.97,40.59,6.58,8.78,6.58,18.65,30.72,51.56,Portland Pilots
Joel Foxwell,1121.4,1958.5,-5.9,104.59708774872303,110.49412006104365,104.6,109.48,37.71,81.32,8.64,28.77,20.53,27.34,13.72,34.26,13.67,8.13,4.32,19.42,24.34,47.98,Portland Pilots
James O'Donnell,700.0,1194.4,-6.77,102.7217041699118,109.48981078661974,102.72,110.72,38.06,80.16,8.0,26.69,18.61,26.35,13.47,36.12,11.79,8.5,4.21,20.8,24.75,49.59,Portland Pilots
Matúš Hronský,504.6,887.7,-7.33,103.20632879546025,110.53736594223457,103.21,108.91,38.58,84.98,9.62,31.98,16.44,23.15,14.54,33.43,12.52,8.27,4.92,18.56,25.72,47.97,Portland Pilots
Cameron Williams,704.3,1221.6,-9.79,102.94207472258985,112.73632454895184,102.94,111.57,37.87,83.48,8.63,27.85,18.57,24.84,14.25,33.07,12.38,7.98,3.66,18.98,24.19,47.32,Portland Pilots
Jermaine Ballisager Webb,609.6,1059.8,-9.91,102.03316780661483,111.93994393500262,102.03,110.37,36.26,80.39,7.87,28.01,21.64,28.86,13.4,34.29,17.05,7.68,4.4,19.3,21.92,47.69,Portland Pilots
Sam Noland,39.2,66.5,-16.35,93.68797141722905,110.0392997499107,93.69,122.27,34.93,73.04,6.35,23.82,17.47,33.35,7.94,41.29,22.23,11.12,1.59,19.06,30.17,49.23,Portland Pilots
NaVaughn Long,122.8,200.6,-20.6,98.13200498132005,118.73285108505863,98.13,118.56,35.87,78.7,5.98,27.4,20.42,24.91,10.46,30.88,15.44,9.96,1.99,19.93,29.89,41.34,Portland Pilots
Samuel Stewart IV,29.8,59.2,39.38,120.90680100755668,81.52866242038218,120.91,80.6,45.34,92.36,10.08,30.23,20.15,30.23,18.47,40.3,1.68,23.51,3.36,11.75,47.02,58.77,Portland State Vikings
Colt Ness,39.2,79.0,27.26,108.843537414966,81.58220024721878,108.84,85.52,45.35,90.7,10.37,37.58,7.77,16.84,18.14,40.17,0.0,9.07,5.18,19.44,44.06,58.31,Portland State Vikings
Mozae Downing-Rivers,85.5,148.2,24.68,110.42328927555629,85.74345015311332,110.42,84.32,39.48,83.65,9.37,27.44,22.08,28.78,15.39,37.48,12.72,16.73,2.01,18.07,27.44,52.87,Portland State Vikings
Brayden Barron,67.6,120.6,23.16,118.53124328967147,95.37166900420758,118.53,102.21,42.95,85.89,10.31,27.49,22.33,36.93,23.19,41.23,12.02,12.02,2.58,19.76,48.1,64.42,Portland State Vikings
Charles Chukwu,72.0,122.4,18.5,108.46075433231397,89.96115313841749,108.46,89.7,39.14,80.73,8.97,26.1,21.2,28.54,14.68,41.59,4.08,15.49,3.26,20.39,35.07,56.27,Portland State Vikings
Sebastian Tidor,320.3,598.0,10.45,109.54343030757066,99.09720764224228,109.54,98.22,38.46,83.74,10.32,31.63,22.31,32.13,15.32,35.79,7.99,11.32,3.16,16.31,28.63,51.11,Portland State Vikings
Kelcy Phipps,511.4,907.7,9.63,110.12334703855984,100.48879058463723,110.12,102.23,37.56,81.56,9.11,26.45,25.89,36.0,14.33,36.78,13.22,11.67,5.0,15.67,26.67,51.11,Portland State Vikings
Terri Miller Jr.,900.3,1541.8,9.39,109.06467900937726,99.67355107531291,109.06,97.4,40.59,87.33,10.32,30.14,17.57,25.33,15.9,36.03,15.52,10.26,5.32,16.54,24.88,51.93,Portland State Vikings
Jaylin Henderson,1107.1,1927.4,8.45,108.79485583903754,100.34260797342192,108.79,100.24,38.89,85.3,9.39,28.68,21.62,30.28,16.33,36.66,13.85,10.68,5.34,16.65,27.69,52.99,Portland State Vikings
Alex Dupre,448.2,776.6,8.18,109.63874939251579,101.45854657113614,109.64,102.77,39.01,86.44,9.85,28.9,21.77,30.46,18.79,37.97,12.05,9.2,5.83,17.88,29.29,56.76,Portland State Vikings
Keyon Kensie Jr.,848.3,1469.5,7.69,108.55251936001092,100.85858757253878,108.55,101.39,39.78,85.15,9.21,27.29,19.79,28.25,16.1,36.37,14.46,11.26,5.46,17.53,27.29,52.47,Portland State Vikings
Tre-Vaughn Minott,839.0,1442.3,6.51,108.29948974278871,101.79174240457026,108.3,102.05,39.22,86.99,9.09,28.67,20.76,29.3,17.36,37.42,13.75,10.21,5.9,16.45,27.14,54.78,Portland State Vikings
Brycen Long,274.3,485.0,5.64,107.44310026655732,101.80385652083766,107.44,100.68,36.5,81.61,9.43,28.5,25.02,35.27,14.56,32.19,14.56,13.12,5.74,16.2,28.5,46.75,Portland State Vikings
Isaiah Williams,335.6,582.7,3.91,105.7299365272585,101.81694972682224,105.73,104.51,36.0,81.91,9.22,30.43,24.52,34.43,13.39,38.43,15.65,10.43,4.7,15.13,31.3,51.82,Portland State Vikings
Elijah Mitchell,253.4,431.5,21.34,116.82991985752449,95.4913163998416,116.83,100.21,38.47,83.82,7.12,21.85,32.77,41.56,15.2,36.81,13.06,10.45,8.31,11.64,28.5,52.01,Prairie View A&M Panthers
Ryan Bolton Jr.,53.8,108.6,9.48,107.51665080875357,98.0392156862745,107.52,104.66,35.2,78.97,12.37,25.69,24.74,34.25,15.22,29.5,7.61,10.47,3.81,19.98,31.4,44.72,Prairie View A&M Panthers
Hassane Diallo,261.4,467.6,8.93,107.99785292538915,99.06790945406125,108.0,99.84,33.49,80.3,7.3,22.76,33.71,45.09,16.32,35.64,12.45,10.09,6.66,14.6,25.55,51.96,Prairie View A&M Panthers
Jannoy Thomas,273.3,521.6,7.6,110.28943630931975,102.68925705167318,110.29,107.16,35.26,74.83,5.09,18.41,34.67,47.21,12.34,28.4,8.42,14.1,4.31,15.08,29.58,40.74,Prairie View A&M Panthers
Corey Dunning,518.5,894.9,6.98,109.29208535621542,102.30886215954654,109.29,104.44,37.48,83.55,8.35,26.08,25.97,32.97,13.89,31.39,15.02,11.29,6.66,14.68,27.66,45.28,Prairie View A&M Panthers
Cory Wells,1092.4,2009.5,2.08,104.59167874351256,102.51155816568786,104.59,101.62,35.92,82.15,8.22,25.07,24.53,32.06,13.23,31.81,11.79,10.8,6.0,15.85,24.38,45.04,Prairie View A&M Panthers
Doug Young,73.0,141.8,1.54,98.80931224453526,97.27081875437369,98.81,98.81,36.25,82.46,7.82,28.43,18.48,23.46,14.22,34.83,0.0,10.66,5.69,20.61,22.75,49.05,Prairie View A&M Panthers
Marcel Bryant,129.5,252.4,1.48,98.1836033382425,96.7032967032967,98.18,95.04,35.35,83.26,5.5,26.71,21.99,29.46,14.14,27.49,1.57,14.92,4.71,16.89,31.03,41.63,Prairie View A&M Panthers
Lance Williams,1168.7,2147.0,0.86,104.96806988565646,104.10863103910484,104.97,103.9,35.92,82.45,8.38,25.87,24.75,32.15,13.35,31.55,11.77,10.42,6.23,15.63,25.45,44.9,Prairie View A&M Panthers
Dontae Horne,1046.1,1912.8,-0.69,105.75524620818616,106.44847273014287,105.76,105.08,36.26,82.17,8.1,24.88,25.14,32.83,13.14,31.32,12.1,10.49,6.29,15.38,25.04,44.46,Prairie View A&M Panthers
Tai'Reon Joseph,793.1,1515.4,-5.66,102.70863716060106,108.36849274110496,102.71,106.9,34.94,81.28,8.59,26.94,24.25,31.0,12.32,28.84,9.5,11.21,4.59,16.32,26.48,41.16,Prairie View A&M Panthers
Joey Madimba,426.3,789.9,-8.81,102.34783156039529,111.15709056183351,102.35,109.9,34.87,81.32,6.55,23.92,26.06,33.49,14.6,29.33,12.84,10.45,5.92,17.37,23.67,43.93,Prairie View A&M Panthers
Keeshawn Mason,424.6,803.7,-9.99,102.07951260451959,112.06574523720583,102.08,111.9,35.56,81.32,7.46,24.62,23.5,30.96,13.3,29.59,8.45,10.2,5.1,17.28,25.12,42.89,Prairie View A&M Panthers
Chidi Chiakwelu,318.5,519.8,8.78,112.8716744913928,104.0878122634368,112.87,107.59,39.71,83.53,9.0,23.67,24.45,37.56,18.0,37.75,11.15,7.63,8.61,16.63,32.67,55.75,Presbyterian Blue Hose
JD Bowden,174.0,283.1,6.72,114.2756058729878,107.55532046195893,114.28,107.91,42.46,90.57,8.84,26.18,20.52,33.26,23.7,30.78,16.63,12.03,6.37,17.34,19.81,54.48,Presbyterian Blue Hose
Amare Anderson,75.8,125.9,4.91,101.76282051282051,96.8503937007874,101.76,98.56,36.86,78.53,5.61,20.83,22.44,38.46,13.62,34.46,11.22,9.62,7.21,16.83,29.65,48.08,Presbyterian Blue Hose
Triston Wilson,938.9,1560.7,3.24,108.27657113481557,105.0328227571116,108.28,105.64,39.65,81.87,7.78,22.75,21.21,30.33,16.19,36.88,13.62,8.74,6.62,19.92,25.9,53.07,Presbyterian Blue Hose
Jaylen Peterson,907.3,1515.7,-0.28,106.77208776971247,107.05452639509933,106.77,108.57,39.2,81.99,7.77,23.85,20.6,30.36,15.95,36.34,14.48,8.5,6.78,19.53,25.25,52.29,Presbyterian Blue Hose
Khalon Hudson,323.3,537.2,-1.25,108.82048385578462,110.06810233756671,108.82,112.59,38.78,81.9,7.34,23.72,23.91,36.52,18.07,36.15,10.73,8.47,5.84,18.83,27.49,54.22,Presbyterian Blue Hose
Carl Parrish,1026.8,1711.1,-1.35,105.68581477139507,107.03568827385288,105.69,107.68,39.51,82.77,7.8,23.68,18.87,28.14,15.77,36.58,13.77,8.56,6.51,19.64,26.14,52.35,Presbyterian Blue Hose
Josh Pickett,830.3,1380.9,-3.04,105.71626600518003,108.75698600104229,105.72,110.39,38.23,80.47,8.39,24.08,20.87,30.2,14.45,36.19,13.5,7.81,7.0,19.63,26.56,50.64,Presbyterian Blue Hose
Jonah Pierce,994.6,1662.8,-3.12,105.06112949781625,108.18411644153241,105.06,109.29,38.69,81.55,7.37,23.03,20.31,29.56,15.78,35.6,13.42,8.83,6.17,20.19,24.36,51.38,Presbyterian Blue Hose
Iverson King,386.2,639.1,-7.71,102.99485810731248,110.70829922426226,102.99,111.47,35.64,81.64,8.32,27.48,23.39,35.01,17.9,34.7,7.54,7.69,5.81,19.63,27.0,52.6,Presbyterian Blue Hose
Erik Taylor,91.1,154.5,-11.37,97.62363519588953,108.99004731603851,97.62,107.26,34.04,78.36,7.71,25.69,21.84,33.4,18.63,34.68,0.0,8.35,4.5,24.41,26.33,53.31,Presbyterian Blue Hose
Jacob Huggins,586.8,963.1,-0.21,107.98010892730288,108.18840765310043,107.98,111.14,35.89,83.77,13.26,35.36,22.94,30.84,14.1,39.05,10.0,6.42,4.0,15.68,24.94,53.15,Princeton Tigers
Jack Stanton,711.6,1144.8,-1.72,106.48494174543856,108.20426048852445,106.48,109.65,36.05,85.12,13.98,39.66,20.31,27.26,14.33,35.7,8.44,7.65,3.34,16.27,26.2,50.03,Princeton Tigers
Jackson Hicke,944.5,1502.0,-4.0,107.10814705586648,111.10743692338217,107.11,112.6,36.6,85.53,13.07,38.0,20.71,26.94,14.61,36.46,10.05,7.24,2.88,16.29,25.2,51.07,Princeton Tigers
Dalen Davis,523.9,847.2,-5.13,103.78863999054317,108.91410048622365,103.79,109.23,34.75,83.57,11.82,33.57,22.34,28.61,14.3,37.0,10.64,7.33,3.55,17.14,25.3,51.3,Princeton Tigers
Peyton Seals,115.9,179.9,-5.4,101.21571953633021,106.61563696008747,101.22,110.26,36.19,85.38,11.31,34.49,17.53,26.01,13.57,40.15,14.7,9.05,2.26,15.83,24.31,53.72,Princeton Tigers
Malik Abdullahi,734.8,1165.8,-5.8,104.64638602408596,110.44223692327326,104.65,112.26,35.8,84.75,11.5,35.8,21.36,28.45,14.27,36.5,10.55,7.44,3.2,16.0,26.29,50.77,Princeton Tigers
Landon Clark,796.0,1267.3,-6.24,105.24227151871106,111.47939670896503,105.24,112.78,36.35,85.8,13.25,38.02,19.13,25.56,15.0,36.75,10.79,6.83,3.49,17.06,25.16,51.75,Princeton Tigers
Cash McSweeney,48.0,81.9,-7.4,106.74846625766872,114.14693381906498,106.75,115.34,35.58,73.62,18.4,42.94,17.18,24.54,9.82,38.04,1.23,3.68,1.23,24.54,23.31,47.86,Princeton Tigers
CJ Happy,439.8,677.6,-10.35,102.05360763927294,112.39937966176797,102.05,112.23,37.16,87.75,12.54,41.0,14.9,20.2,15.04,34.21,9.59,7.96,2.8,17.7,25.37,49.25,Princeton Tigers
Sebastian Whitfield,334.3,546.9,-10.83,98.29553328098295,109.1254580826132,98.3,111.41,34.55,85.36,11.46,37.88,17.74,24.2,14.97,37.14,4.99,7.21,3.33,18.11,23.83,52.11,Princeton Tigers
Jake Sussberg,100.0,161.2,-18.62,101.49161925265263,120.11260556771974,101.49,118.1,36.29,84.27,12.92,36.91,15.99,22.76,12.3,37.52,5.54,4.31,2.46,17.22,22.76,49.82,Princeton Tigers
Jacob Hammond,134.0,220.2,-24.96,91.96995956094743,116.92513667298896,91.97,121.09,33.28,85.96,10.63,41.13,14.79,20.8,18.49,32.81,6.01,7.39,4.16,22.65,27.27,51.3,Princeton Tigers
Daquan Davis,27.7,53.0,23.75,109.24772400574989,85.50185873605949,109.25,88.16,38.33,72.83,15.33,34.5,17.25,24.92,9.58,38.33,0.0,17.25,9.58,24.92,34.5,47.91,Providence Friars
Peteris Pinnis,68.1,122.0,15.71,115.75031004547334,100.04066693777958,115.75,101.69,40.51,79.37,9.92,19.02,24.8,34.73,13.23,40.51,7.44,10.75,2.48,17.36,24.8,53.74,Providence Friars
Jaylen Harrell,42.0,79.6,8.15,116.62928548542133,108.47457627118644,116.63,112.78,42.29,84.59,10.25,32.04,21.79,24.35,16.66,43.58,0.0,8.97,8.97,20.51,15.38,60.24,Providence Friars
Nilavan Daniels,174.0,300.2,7.69,119.6595601247156,111.97101926560184,119.66,114.6,40.11,81.91,11.46,31.35,27.98,38.09,17.53,38.09,14.16,5.73,3.37,17.53,27.3,55.62,Providence Friars
Oswin Erhunmwunse,763.8,1367.9,5.77,116.73563134581381,110.96452653180884,116.74,110.39,41.2,86.62,12.76,34.71,21.58,29.24,16.48,38.94,10.5,6.05,6.64,15.97,25.01,55.42,Providence Friars
Jamier Jones,714.5,1289.6,5.73,115.26618509983153,109.53480699439129,115.27,109.3,39.97,82.34,11.15,29.67,24.17,32.77,14.8,37.8,11.31,7.67,5.27,16.89,25.8,52.6,Providence Friars
Corey Floyd Jr.,574.7,1048.1,3.99,118.84134488468648,114.84660249419127,118.84,116.25,40.7,84.57,13.73,35.13,23.71,29.85,14.78,37.63,9.79,6.62,6.43,16.03,24.29,52.41,Providence Friars
Ryan Mela,788.9,1421.4,0.85,114.6788177514583,113.82709587368053,114.68,115.67,40.28,86.03,11.77,32.69,22.34,29.72,15.11,37.23,10.21,7.8,5.25,14.96,23.47,52.34,Providence Friars
Stefan Vaaks,895.5,1627.3,0.37,115.37516885668673,115.00968664473076,115.38,114.82,39.67,83.69,12.89,34.32,23.15,30.46,15.1,36.53,10.44,7.12,5.71,16.95,24.81,51.63,Providence Friars
Jaylin Sellers,918.5,1637.3,0.33,115.11359494593609,114.78052600064484,115.11,113.53,40.52,85.77,12.15,33.65,21.93,28.67,14.94,36.99,10.14,6.68,5.47,15.55,25.7,51.93,Providence Friars
Jason Edwards,565.1,1040.6,-0.64,112.11659363688322,112.75935621485358,112.12,110.78,40.1,85.25,11.72,34.29,20.19,27.43,14.0,37.82,6.86,6.95,5.14,15.72,24.77,51.82,Providence Friars
Cole Hargrove,346.2,621.9,-3.44,108.47179487179488,111.91677175283733,108.47,116.51,38.07,85.01,10.83,34.13,21.5,27.08,14.61,38.73,7.71,8.37,4.43,16.74,25.44,53.34,Providence Friars
Duncan Powell,346.9,627.8,-9.63,112.05201268210459,121.68622338113863,112.05,123.61,39.01,81.87,12.2,36.6,21.83,29.38,13.81,35.64,12.36,6.9,4.98,17.98,23.44,49.45,Providence Friars
C.J. Cox,832.6,1364.4,27.49,131.66373755125954,104.17430856136747,131.66,103.98,48.18,92.71,14.72,36.91,20.58,27.53,18.6,37.86,21.68,9.08,3.95,12.81,20.5,56.46,Purdue Boilermakers
Oscar Cluff,835.8,1349.9,26.02,129.88940844652268,103.87402040514566,129.89,104.28,47.43,93.0,15.29,38.45,19.74,25.83,18.85,38.0,21.67,9.06,3.71,13.58,20.63,56.85,Purdue Boilermakers
Fletcher Loyer,1010.9,1669.9,24.18,126.97657829033409,102.79612704732604,126.98,101.3,46.72,92.32,14.15,36.62,19.38,25.68,17.42,37.99,21.16,8.74,4.7,12.9,19.2,55.41,Purdue Boilermakers
Jack Benter,476.2,788.5,21.25,125.50117736905749,104.25222720667213,125.5,105.01,45.19,90.12,15.66,39.46,19.47,27.24,14.89,34.75,19.22,10.06,4.58,11.84,22.91,49.64,Purdue Boilermakers
Braden Smith,1192.4,1950.0,20.07,127.23231394190235,107.16215868440693,127.23,106.38,47.06,93.0,14.87,37.66,18.24,24.42,17.17,36.23,21.31,8.69,4.6,12.57,21.46,53.4,Purdue Boilermakers
Trey Kaufman-Renn,919.9,1492.2,20.01,126.86492772885862,106.85139815831715,126.86,105.07,47.45,93.9,13.36,35.49,18.61,24.59,18.81,37.02,22.46,8.31,3.92,13.22,20.93,55.83,Purdue Boilermakers
Liam Murphy,50.3,84.9,19.98,118.12391430225826,98.14482345900659,118.12,94.96,38.22,86.86,16.21,45.17,25.48,30.11,17.37,37.06,6.95,5.79,5.79,16.21,20.85,54.43,Purdue Boilermakers
Omer Mayer,472.6,748.6,10.07,121.6503902950022,111.58429896668977,121.65,114.22,44.47,93.13,14.46,38.79,18.25,25.28,19.46,34.33,17.44,7.7,3.65,14.33,24.87,53.79,Purdue Boilermakers
Daniel Jacobsen,425.8,706.1,8.83,117.5420430606634,108.7116822922153,117.54,110.54,43.56,90.98,12.71,35.13,17.71,24.71,16.71,35.56,16.42,8.28,6.71,14.0,21.85,52.27,Purdue Boilermakers
Gicarri Harris,521.0,847.1,6.89,114.4599928238249,107.57262317531541,114.46,110.39,42.22,91.38,12.56,36.96,17.46,23.44,16.98,35.28,17.34,9.33,5.14,14.47,24.4,52.26,Purdue Boilermakers
Mason Shrout,50.4,97.4,40.22,122.66802964477384,82.45297603710384,122.67,81.78,42.93,86.89,13.29,38.84,23.51,27.6,10.22,38.84,2.04,15.33,7.16,10.22,18.4,49.06,Purdue Fort Wayne Mastodons
Ebrahim Kaba,217.9,386.4,12.36,117.26300966523715,104.90516677567037,117.26,102.67,43.78,84.23,14.08,38.15,15.62,19.71,8.96,32.0,4.1,13.57,5.89,15.36,22.79,40.96,Purdue Fort Wayne Mastodons
Yuval Levin,272.8,487.0,5.21,108.46900518720149,103.25891711573006,108.47,103.33,40.88,83.41,10.48,33.9,16.23,22.39,10.07,30.4,9.45,16.02,3.49,16.02,20.13,40.47,Purdue Fort Wayne Mastodons
EJ Mosley,374.5,667.8,3.12,109.77545928782035,106.65282207223912,109.78,108.72,41.13,87.55,12.25,37.2,15.27,22.08,12.1,33.72,6.96,11.49,4.84,14.06,25.25,45.82,Purdue Fort Wayne Mastodons
Deangelo Elisee,403.2,685.3,1.84,109.9163679808841,108.07234230260256,109.92,106.44,40.26,84.28,13.61,36.93,15.79,23.03,11.15,34.03,12.6,11.3,6.81,15.93,24.76,45.18,Purdue Fort Wayne Mastodons
Corey Hadnot II,997.8,1735.2,1.61,111.08071923182126,109.47368421052633,111.08,109.3,40.02,85.28,13.53,37.72,17.51,25.16,11.34,32.42,11.06,12.04,4.49,14.11,22.34,43.76,Purdue Fort Wayne Mastodons
Chris Morgan,349.5,603.5,1.08,105.01035196687371,103.93270067547968,105.01,103.85,38.43,84.14,13.08,40.08,15.07,21.53,9.77,31.14,11.93,13.58,4.14,15.4,24.18,40.91,Purdue Fort Wayne Mastodons
Darius Duffy,647.0,1126.5,0.69,112.86077530445644,112.17347141563805,112.86,113.31,40.5,87.61,14.19,39.08,17.67,25.52,12.58,31.23,9.99,11.6,3.57,12.85,21.06,43.81,Purdue Fort Wayne Mastodons
DeAndre Craig Jr.,850.9,1494.1,0.22,112.81761152802969,112.60116774074136,112.82,111.35,40.2,84.8,13.38,36.74,19.04,26.82,11.51,30.88,11.18,11.98,4.33,13.98,21.5,42.39,Purdue Fort Wayne Mastodons
Maximus Nelson,810.4,1411.6,-2.36,109.86681739499065,112.22587232531298,109.87,111.63,39.64,86.41,13.64,38.65,16.96,24.45,11.73,32.08,12.44,11.09,3.82,13.71,21.41,43.81,Purdue Fort Wayne Mastodons
Mikale Stevenson,887.2,1542.2,-2.98,110.19247949321856,113.1764134918709,110.19,113.64,39.44,85.83,14.23,39.18,17.09,24.36,11.57,31.64,11.89,11.5,4.35,14.16,21.51,43.21,Purdue Fort Wayne Mastodons
Gus Larson,348.3,601.0,8.79,117.28368944362175,108.49288168875798,117.28,112.21,39.6,83.44,15.06,41.13,23.02,31.31,15.23,35.2,11.0,8.46,3.55,16.92,30.8,50.43,Queens University Royals
Jordan Watford,619.8,1114.5,5.38,124.25691681938049,118.87340432717204,124.26,118.0,43.53,84.66,15.38,40.5,21.81,29.86,13.41,32.0,14.66,8.31,4.02,14.57,29.77,45.41,Queens University Royals
Yoav Berman,878.8,1534.1,4.15,119.00966262159614,114.86409272712433,119.01,114.45,40.93,86.09,14.84,41.64,22.32,29.02,14.31,32.92,14.84,8.78,4.23,14.45,26.74,47.23,Queens University Royals
5240006,30.5,54.5,3.87,113.01528485409911,109.14051841746249,113.02,111.16,35.2,88.93,11.12,46.32,31.5,38.91,20.38,40.76,16.67,5.56,7.41,12.97,29.64,61.14,Queens University Royals
Carson Schwieger,722.3,1265.8,2.51,117.5006420260366,114.99427398017612,117.5,115.05,41.48,86.37,15.72,42.59,18.81,25.21,13.75,33.66,16.28,8.14,3.4,15.41,26.63,47.41,Queens University Royals
Chris Ashby,947.9,1669.2,0.75,118.03514664427517,117.282750160815,118.04,117.56,41.14,86.25,15.29,42.4,20.45,28.07,14.63,32.45,14.87,8.1,3.96,15.05,27.23,47.08,Queens University Royals
Avantae Parker,691.0,1197.7,0.02,117.90319879417181,117.88211788211788,117.9,118.57,41.2,85.16,13.98,38.27,21.52,29.48,14.49,32.41,14.82,8.63,4.61,15.32,25.88,46.9,Queens University Royals
Maban Jabriel,591.8,1041.5,-1.31,118.49323418261612,119.79954614220878,118.49,123.56,41.64,88.16,14.14,42.42,21.07,27.79,15.7,32.57,13.26,9.07,4.29,14.34,30.23,48.27,Queens University Royals
Nasir Mann,930.1,1636.2,-2.36,117.26163926357722,119.61867751533184,117.26,121.2,40.3,84.65,14.27,39.99,22.39,29.72,14.46,32.05,14.09,8.43,3.81,15.69,27.69,46.51,Queens University Royals
Kam Clark,138.5,256.6,-2.52,106.63410663410664,109.1588785046729,106.63,118.84,35.0,75.7,12.21,37.04,24.42,37.44,10.58,39.48,6.11,8.14,4.07,17.09,35.0,50.06,Queens University Royals
Isaiah Henry,150.4,262.3,-7.27,106.72276943674093,113.99259048161869,106.72,114.76,37.87,86.07,8.8,35.57,22.19,31.75,15.68,33.28,6.5,8.42,3.44,14.54,25.63,48.96,Queens University Royals
Tai Turnage,351.3,615.2,12.56,113.27462228326735,100.71942446043165,113.27,99.54,39.27,91.46,11.8,33.13,22.95,33.29,20.68,33.61,11.8,12.44,6.79,13.41,22.95,54.29,Quinnipiac Bobcats
Ronell Giles Jr.,59.0,105.6,10.76,103.38345864661653,92.62353783719264,103.38,91.17,36.65,83.65,14.1,29.14,15.98,22.56,13.16,40.41,11.28,8.46,2.82,18.8,21.62,53.57,Quinnipiac Bobcats
Nate Guerengomba,359.8,639.8,6.27,106.20985010706639,99.94116493430084,106.21,99.2,37.69,87.83,8.25,27.72,22.58,33.48,18.22,33.17,8.72,14.17,6.85,14.48,27.72,51.39,Quinnipiac Bobcats
Spence Wewe,469.2,807.4,5.82,110.80643150941046,104.98461538461538,110.81,106.32,41.26,94.1,12.09,31.53,16.2,23.43,19.69,35.77,12.59,10.1,6.11,14.46,19.82,55.46,Quinnipiac Bobcats
Amarri Monroe,958.8,1674.9,5.46,105.61998215878681,100.15883957203225,105.62,99.38,38.36,89.27,9.69,29.26,19.21,27.36,18.14,34.43,12.67,11.66,6.36,15.88,23.49,52.57,Quinnipiac Bobcats
Keith McKnight,730.2,1274.5,3.57,106.31848915831195,102.74488057987088,106.32,100.8,36.45,85.8,8.94,27.51,24.48,35.13,18.5,31.94,12.51,12.43,5.75,16.01,25.26,50.44,Quinnipiac Bobcats
Jaden Zimmerman,769.2,1352.2,3.33,105.93251488642213,102.60416666666667,105.93,101.37,37.79,86.97,10.59,30.29,19.78,28.52,16.76,33.82,10.88,10.59,6.69,16.25,23.74,50.58,Quinnipiac Bobcats
Grant Randall,954.1,1680.6,1.62,106.09826890731287,104.47605880866374,106.1,104.61,37.93,87.94,10.36,30.19,19.89,28.4,17.86,34.35,13.22,10.78,6.61,16.43,23.16,52.21,Quinnipiac Bobcats
Asim Jones,845.1,1467.3,0.33,105.18824765325832,104.85915975601398,105.19,103.7,38.7,88.99,9.83,28.87,17.96,25.89,17.62,33.14,13.01,11.39,5.96,16.33,22.91,50.76,Quinnipiac Bobcats
Sam Nosakhare,145.9,247.3,-1.35,102.42753252074156,103.78205767887437,102.43,106.52,38.51,89.73,10.65,32.78,14.75,23.35,17.21,34.83,18.44,12.7,7.78,16.39,19.67,52.04,Quinnipiac Bobcats
Samson Reilly,218.4,396.8,-2.61,107.94640074789655,110.5521237980004,107.95,108.2,39.14,87.25,12.46,33.41,17.2,23.68,14.21,30.41,8.23,10.97,7.23,15.71,19.2,44.62,Quinnipiac Bobcats
Braylan Ritvo,41.0,72.7,-39.69,71.94244604316546,111.63465023559263,71.94,100.72,22.24,85.02,7.85,24.85,19.62,28.78,23.54,24.85,10.46,11.77,3.92,24.85,24.85,48.39,Quinnipiac Bobcats
Warren Keel Jr.,58.9,101.8,26.37,113.86503067484664,87.49078397640699,113.87,87.36,39.26,82.45,16.69,39.26,18.65,24.54,14.72,28.47,12.76,16.69,11.78,20.61,32.39,43.19,Radford Highlanders
Gabriel Ferreira,63.5,112.9,22.23,119.60132890365449,97.36667404292986,119.6,97.45,44.3,93.91,15.95,40.75,15.06,22.15,21.26,32.78,7.09,11.52,10.63,16.83,20.38,54.04,Radford Highlanders
Tyson Brown,844.4,1485.8,8.44,113.33569871762381,104.89276139410188,113.34,105.77,37.85,81.17,13.31,34.94,24.33,34.67,15.54,33.79,11.08,11.22,5.0,17.91,23.11,49.33,Radford Highlanders
Mari Jordan,395.3,703.5,5.28,110.56511056511056,105.28891530045095,110.57,108.83,36.86,80.94,12.43,36.57,24.43,35.27,16.77,33.53,11.13,10.98,6.5,19.08,30.21,50.3,Radford Highlanders
Jaylon Johnson,856.6,1564.2,5.04,111.81117472095181,106.7680462597639,111.81,106.89,37.74,83.6,13.5,39.02,22.84,32.37,16.06,32.05,10.23,11.32,4.61,17.08,24.82,48.11,Radford Highlanders
Dennis Parker Jr.,906.0,1656.5,3.38,109.73994702624607,106.36398032538781,109.74,105.77,36.06,81.57,11.98,36.42,25.64,35.64,14.81,32.33,9.51,11.08,4.76,16.31,24.74,47.14,Radford Highlanders
Lukas Walls,726.1,1329.9,2.63,111.54306220095695,108.90939343518377,111.54,107.66,37.46,80.89,12.56,35.74,24.07,34.09,13.61,30.8,10.84,11.89,4.56,16.52,23.03,44.41,Radford Highlanders
Brennan Rigsby Jr.,583.3,1062.3,1.51,108.16714150047484,106.65795735547985,108.17,108.55,35.9,84.33,13.2,40.17,23.17,34.19,17.47,33.62,9.69,9.59,4.84,16.9,28.11,51.09,Radford Highlanders
Frederik Erichsen,390.2,686.5,0.42,106.32819582955575,105.9098888238736,106.33,105.02,36.55,85.44,12.33,40.33,20.89,29.74,18.42,34.96,10.01,9.57,6.24,18.86,25.82,53.38,Radford Highlanders
Del Jones,973.6,1756.7,-0.28,108.73160595394597,109.01275254334433,108.73,107.54,36.24,82.21,12.21,36.98,24.03,33.76,14.87,32.29,9.84,10.52,4.3,16.62,24.03,47.16,Radford Highlanders
Louie Jordan,293.2,546.5,-9.12,97.90272600709571,107.01966999160994,97.9,103.11,33.41,83.89,12.4,43.83,18.68,27.48,15.09,29.82,8.08,11.68,4.31,18.14,26.59,44.91,Radford Highlanders
Mouhamed Sow,90.9,158.1,36.9,127.96434824128602,91.06610142879573,127.96,92.31,42.65,85.95,11.46,32.47,31.2,36.29,19.1,35.65,0.0,16.55,5.09,15.92,27.38,54.75,Rhode Island Rams
Jahmere Tripp,612.1,1015.1,8.07,107.21831851014694,99.14335793813416,107.22,98.67,35.97,81.86,11.01,36.36,24.27,33.22,15.63,35.48,9.93,12.78,5.31,17.98,28.79,51.11,Rhode Island Rams
Myles Corey,767.1,1264.5,5.81,107.40850350202228,101.59887464585024,107.41,101.17,36.62,80.5,10.97,34.33,23.2,32.75,15.31,34.88,11.29,12.39,6.55,19.26,26.28,50.19,Rhode Island Rams
Keeyan Itejere,873.3,1419.8,2.76,105.82679377117677,103.06401766004416,105.83,102.46,36.52,81.46,11.24,34.13,21.56,29.42,15.87,33.57,12.15,12.08,5.97,20.44,26.47,49.44,Rhode Island Rams
Jonah Hinton,929.7,1530.7,2.06,102.35108954909056,100.28935946336972,102.35,98.98,35.83,83.85,11.36,38.1,19.34,27.84,16.68,34.79,10.64,11.88,5.45,19.6,26.42,51.47,Rhode Island Rams
Tyler Cochran,936.2,1547.0,0.88,103.50987302660167,102.63234769060989,103.51,101.77,35.34,82.27,10.75,35.73,22.08,30.96,16.03,33.15,11.14,12.87,4.83,19.05,26.65,49.18,Rhode Island Rams
Alex Crawford,595.6,968.7,-2.92,101.68013338463511,104.59620877694104,101.68,103.32,35.6,82.9,11.39,36.53,19.08,28.22,15.9,33.96,10.88,11.39,6.46,19.6,25.04,49.86,Rhode Island Rams
RJ Johnson,698.9,1138.3,-3.38,102.1127531472359,105.49508659057858,102.11,104.83,34.33,82.5,11.47,36.61,21.98,30.21,15.41,33.1,12.61,11.56,5.17,18.57,29.34,48.51,Rhode Island Rams
Damone King,161.4,270.0,-10.15,100.25250163658468,110.39794608472403,100.25,112.6,32.17,83.42,10.47,36.66,25.44,32.54,17.21,28.43,5.61,14.96,4.49,18.33,29.93,45.64,Rhode Island Rams
Jalen Harper,282.2,456.9,-10.19,100.6789203510515,110.87003688435671,100.68,112.82,33.56,82.35,11.26,37.75,22.3,31.57,18.1,35.11,13.69,7.51,6.18,20.75,29.14,53.21,Rhode Island Rams
Drissa Traore,164.5,272.0,-29.11,78.68972458596394,107.79880018458698,78.69,106.87,25.62,81.98,7.69,44.29,19.76,33.31,14.64,33.31,6.59,10.25,4.39,16.84,31.84,47.95,Rhode Island Rams
Bodey Howell,251.8,435.6,2.84,106.32447296058662,103.48395998620212,106.32,103.12,38.73,88.91,12.6,37.12,16.27,23.83,18.79,36.89,13.52,10.08,4.81,18.56,21.77,55.68,Rice Owls
Stephen Giwa,464.0,764.1,2.24,107.58169934640523,105.34246126633693,107.58,105.1,37.12,86.93,15.03,40.26,18.3,26.14,19.61,36.08,12.55,10.98,6.41,20.26,28.1,55.69,Rice Owls
Jimmy Oladokun Jr.,515.0,834.2,1.69,110.77293958113606,109.08115518731559,110.77,110.29,39.17,94.26,14.1,40.86,18.32,28.33,23.87,35.8,11.81,9.76,4.34,16.15,25.55,59.67,Rice Owls
Trae Broadnax,910.5,1517.3,-0.59,109.04035221291667,109.62948383604783,109.04,110.63,37.34,89.18,13.51,39.86,20.85,30.59,20.59,35.62,11.92,9.73,5.5,16.88,27.94,56.21,Rice Owls
Cam Carroll,688.6,1151.9,-0.97,108.94639077281956,109.91886940591469,108.95,108.86,37.5,89.68,14.08,41.56,19.87,29.55,21.51,34.13,13.22,9.94,5.44,17.8,28.77,55.64,Rice Owls
Eternity Eguagie,517.3,878.0,-1.07,108.85671948022342,109.9257489118375,108.86,110.11,36.59,84.12,12.31,33.97,23.37,35.11,20.29,36.13,11.74,9.8,6.16,19.49,28.72,56.42,Rice Owls
Nick Anderson,859.0,1437.7,-1.75,109.51417354156938,111.26068637563596,109.51,110.07,37.29,88.21,14.18,39.57,20.75,30.51,19.16,34.24,11.55,9.55,5.53,16.47,28.3,53.4,Rice Owls
Dallas Hobbs,157.2,266.4,-4.37,105.01987612092077,109.3854216293473,105.02,106.13,35.5,89.86,14.42,39.57,19.6,30.69,25.15,29.95,1.85,11.83,5.18,20.71,27.73,55.1,Rice Owls
Jalen Smith,976.3,1636.7,-4.77,105.97842647327684,110.7486868501248,105.98,110.18,36.5,88.06,13.65,39.37,19.32,29.5,20.17,34.43,11.7,9.69,5.06,18.1,28.03,54.6,Rice Owls
Andrew Akuchie,410.0,699.5,-6.33,100.60449050086358,106.92984947458109,100.6,108.38,34.25,89.38,11.95,40.44,20.15,29.94,20.44,36.27,9.07,9.64,5.33,16.84,27.78,56.71,Rice Owls
Jordan Williams,118.4,208.4,-11.67,97.24079251245897,108.91440748194626,97.24,111.83,30.14,77.31,10.7,31.6,26.26,35.49,18.48,36.95,11.67,8.75,6.32,24.31,25.77,55.43,Rice Owls
Trey Patterson,103.0,164.3,-13.53,103.33692142088266,116.86746987951808,103.34,119.33,36.29,84.88,15.38,36.29,15.38,22.76,16.61,35.06,17.22,6.77,6.77,20.91,19.07,51.67,Rice Owls
Jaden Daughtry,439.7,779.1,21.15,114.60083034893671,93.44640478279234,114.6,91.15,39.81,84.94,13.69,31.69,21.3,28.78,13.18,37.52,13.56,12.93,3.3,14.58,23.83,50.7,Richmond Spiders
Jonathan Beagle,339.0,598.6,15.21,109.59591734292647,94.38839322938381,109.6,94.7,36.48,82.16,10.21,31.79,26.44,35.81,13.22,38.48,10.37,12.21,2.84,14.06,28.61,51.7,Richmond Spiders
Apostolos Roumoglou,377.3,654.6,12.14,105.8430976953519,93.70534707076784,105.84,96.69,36.47,85.05,11.79,38.49,21.11,28.87,13.04,39.42,11.33,12.26,3.88,14.28,24.37,52.46,Richmond Spiders
David Thomas,405.0,702.0,10.86,111.80391313695979,100.94145961633751,111.8,102.2,38.41,84.0,13.33,35.83,21.64,30.67,12.76,38.41,11.47,11.75,4.01,14.19,25.8,51.17,Richmond Spiders
Aiden Argabright,658.9,1164.7,10.47,110.9413663259817,100.4710920770878,110.94,100.96,35.63,81.59,11.1,31.67,28.57,36.58,12.14,36.75,12.31,10.76,3.79,13.17,27.03,48.89,Richmond Spiders
Mikkel Tyne,550.7,932.1,4.52,110.87101507269574,106.35314421313772,110.87,105.22,39.59,86.22,14.94,40.55,16.75,22.94,12.16,36.49,14.19,10.67,2.45,15.05,27.21,48.65,Richmond Spiders
Mike Walz,639.0,1070.5,2.42,112.08178438661709,109.66363871088889,112.08,108.55,38.38,85.41,14.96,37.92,20.35,26.02,12.36,36.43,13.85,7.81,3.35,14.59,24.54,48.79,Richmond Spiders
Collin Tanner,495.6,831.4,-0.03,110.57896332221885,110.60402684563759,110.58,112.4,37.95,85.84,14.91,40.74,19.76,25.46,12.61,35.16,12.85,9.09,2.55,14.67,26.43,47.77,Richmond Spiders
Will Johnston,815.9,1398.2,-1.61,109.7679090289486,111.37453430542435,109.77,112.06,37.38,84.01,13.49,35.94,21.52,29.13,11.77,34.37,13.85,8.82,3.01,13.92,25.97,46.14,Richmond Spiders
AJ Lopez,781.7,1338.6,-1.71,111.43138749930262,113.13676945007127,111.43,112.18,38.01,82.42,13.02,34.14,22.39,30.28,10.49,34.22,13.09,8.78,3.12,13.69,27.3,44.71,Richmond Spiders
Jaylen Robinson,267.2,466.5,-2.25,106.15041600957093,108.40509271488192,106.15,111.59,36.76,80.92,11.09,33.06,21.53,32.85,10.66,34.15,11.09,13.05,2.61,14.14,29.37,44.81,Richmond Spiders
Will Harper III,122.6,202.8,-7.48,104.99075785582255,112.4676285608583,104.99,112.38,34.01,83.8,11.83,32.53,25.14,32.04,13.8,33.03,18.24,11.34,1.97,14.79,29.57,46.83,Richmond Spiders
Zion Cruz,837.4,1380.8,-17.5,97.49560871376056,114.99538352915619,97.5,115.02,36.14,89.6,7.1,24.63,18.11,25.86,18.62,33.61,13.18,9.2,4.64,16.73,25.28,52.23,Rider Broncs
Shemani Fuller,582.9,944.5,-18.07,95.68917074737095,113.75896925574818,95.69,116.24,35.21,91.3,6.32,23.55,18.95,26.65,20.98,34.57,14.24,9.85,6.1,17.02,26.97,55.55,Rider Broncs
Mohamad Diallo,172.1,287.8,-18.55,90.69747392016552,109.24369747899159,90.7,107.6,34.83,88.63,7.59,26.21,13.45,21.04,17.59,40.35,3.79,6.9,4.83,18.97,22.76,57.94,Rider Broncs
Caleb Smith,805.8,1330.6,-18.73,95.20573801434503,113.93517739250782,95.21,114.99,35.26,88.94,6.72,22.8,17.97,25.67,19.1,34.43,12.31,9.97,4.91,17.97,24.39,53.53,Rider Broncs
Kristupas Kepežinskas,142.4,222.8,-18.95,89.00876601483479,107.96281778474635,89.01,108.34,33.27,83.16,5.39,25.62,17.08,27.87,19.78,37.76,6.29,8.09,4.94,23.38,27.42,57.54,Rider Broncs
Jamir McNeil,226.0,361.3,-19.8,99.43221160504085,119.2336952762985,99.43,119.37,34.34,88.08,6.09,23.27,24.65,32.68,21.33,29.91,11.91,10.8,5.54,17.73,24.37,51.24,Rider Broncs
Flash Burton,879.9,1449.1,-19.83,96.89277292273547,116.72417048595018,96.89,117.91,35.93,89.82,7.28,24.48,17.76,25.52,18.73,33.64,12.69,9.16,5.06,16.78,25.04,52.37,Rider Broncs
Davis Bynum,497.4,801.6,-21.36,96.03796559368072,117.39414898588653,96.04,117.64,36.72,92.54,5.87,23.1,16.73,23.85,19.98,33.59,14.86,8.49,5.37,16.11,23.73,53.57,Rider Broncs
AB Coulibaly,293.5,483.2,-23.9,89.6049896049896,113.50293542074364,89.6,114.55,34.3,88.77,6.24,24.12,14.76,24.95,17.26,32.64,11.02,10.81,6.03,16.63,23.49,49.9,Rider Broncs
Cole McCabe,335.3,562.2,-24.87,91.05893883369716,115.92916426257159,91.06,116.36,33.32,91.59,6.42,25.48,18.0,23.7,21.21,33.32,6.24,9.98,5.52,18.35,26.37,54.53,Rider Broncs
Antwan Wilson,277.7,439.7,-27.89,96.35816146809842,124.24621686198658,96.36,124.08,33.63,86.81,8.41,28.86,20.68,31.59,19.54,32.04,11.36,6.14,5.45,17.73,27.73,51.58,Rider Broncs
Devean Williams,85.7,144.3,-28.55,84.16695412211108,112.71525482692644,84.17,111.76,26.91,80.72,4.83,22.08,25.53,28.98,20.7,31.74,2.07,11.04,10.35,26.22,22.77,52.44,Rider Broncs
Daniel Helterhoff,189.2,310.4,-36.73,94.2115768463074,130.93980992608238,94.21,128.7,33.53,86.55,6.71,22.36,20.44,30.34,18.84,28.1,13.09,8.3,1.28,17.88,23.63,46.94,Rider Broncs
Samuel Obenjo,183.2,300.3,13.6,116.45569620253164,102.85902070325336,116.46,105.65,43.21,89.45,14.18,37.81,15.86,23.63,19.92,38.48,25.99,6.41,3.04,19.24,21.27,58.4,Robert Morris Colonials
DeSean Goode,966.3,1607.0,11.84,118.60124153850953,106.75770036465202,118.6,107.31,42.92,87.84,14.66,36.19,18.09,25.33,18.28,36.25,19.47,8.86,3.37,18.4,26.08,54.53,Robert Morris Colonials
Eddie Cooke III,102.8,168.3,10.45,123.26283987915407,112.81601636709047,123.26,116.62,40.48,89.43,16.31,38.67,25.98,36.25,19.34,39.27,29.61,3.02,4.23,12.69,28.4,58.61,Robert Morris Colonials
Ryan Prather Jr.,1060.0,1760.2,9.5,117.74274095740887,108.24261275272163,117.74,109.24,42.58,87.89,14.33,36.41,18.26,25.97,18.83,35.44,19.29,8.73,3.48,18.61,26.6,54.27,Robert Morris Colonials
Ubong Okon,78.6,125.9,7.06,106.80379746835442,99.74067424695791,106.8,98.89,39.56,89.4,12.66,41.14,15.03,18.99,17.41,38.77,18.99,9.49,8.7,18.99,30.85,56.18,Robert Morris Colonials
Albert Vargas,627.2,1029.6,6.79,115.87993280911459,109.09002833821783,115.88,109.65,41.87,87.93,14.8,36.22,17.33,25.61,18.21,35.64,17.33,8.08,3.51,18.11,28.82,53.85,Robert Morris Colonials
Darius Livingston,645.5,1077.6,6.59,112.66426328642865,106.07918913289981,112.66,106.62,42.14,90.06,14.23,38.14,14.14,20.93,18.89,36.93,17.77,9.12,4.09,18.89,24.56,55.82,Robert Morris Colonials
Kaleb Brown,601.7,975.6,5.12,111.42461396398708,106.3007245449192,111.42,106.5,41.55,88.96,13.75,36.42,14.57,21.96,18.57,36.12,21.24,8.82,3.39,19.19,26.88,54.69,Robert Morris Colonials
Nikolaos Chitikoudis,787.2,1279.4,4.76,112.32118678989815,107.56119391368644,112.32,108.48,42.15,91.29,12.64,34.77,15.38,23.47,20.17,35.79,17.74,8.16,4.0,17.74,26.77,55.96,Robert Morris Colonials
Cam Wilds,279.9,471.8,1.38,107.84156080827572,106.46547207377135,107.84,108.91,38.81,92.62,10.51,33.02,19.72,26.37,23.58,38.59,11.36,5.57,2.79,18.44,33.87,62.17,Robert Morris Colonials
Ta'Zir Smith,556.0,920.3,1.18,114.96075911290984,113.77681824315206,114.96,115.29,41.78,87.62,11.92,34.24,19.47,27.45,18.92,34.56,15.64,7.88,4.38,18.27,27.13,53.48,Robert Morris Colonials
Josh Hill,337.8,573.1,-6.52,106.07773237109816,112.59466795079453,106.08,111.82,38.95,84.86,13.39,36.52,14.78,20.52,16.87,33.56,15.65,8.35,2.78,22.26,28.35,50.43,Robert Morris Colonials
Bryce Dortch,404.9,670.8,1.06,107.05559523362027,105.99061310469713,107.06,107.81,36.84,84.5,9.92,30.37,23.46,32.63,13.68,33.53,10.53,11.88,5.41,13.68,26.46,47.21,Rutgers Scarlet Knights
Chris Nwuli,266.7,450.6,0.73,111.89127972819932,111.15945181640201,111.89,115.74,39.64,89.24,10.19,28.99,22.42,31.71,19.48,34.2,9.97,9.51,4.76,15.18,26.05,53.68,Rutgers Scarlet Knights
Tariq Francis,845.1,1415.8,-2.68,108.46337691550683,111.13871047869132,108.46,110.08,37.19,85.41,9.7,29.17,24.39,32.05,14.27,32.48,13.5,8.93,4.57,13.64,25.09,46.75,Rutgers Scarlet Knights
Lino Mark,448.5,739.5,-4.64,107.13800135961931,111.77993745165955,107.14,112.98,38.07,86.2,8.7,26.1,22.3,29.91,14.96,31.95,14.28,10.2,4.76,14.55,26.38,46.91,Rutgers Scarlet Knights
Dylan Grant,735.9,1219.1,-7.37,103.90776451382513,111.28055063265052,103.91,110.19,35.75,86.69,9.47,29.71,22.94,30.61,16.41,32.98,12.24,8.33,5.47,15.18,23.51,49.39,Rutgers Scarlet Knights
Jamichael Davis,802.5,1332.9,-8.52,103.21904084193179,111.73520184847744,103.22,111.38,34.91,86.22,9.59,29.59,23.82,31.39,15.8,33.78,11.46,8.61,5.47,14.68,23.89,49.58,Rutgers Scarlet Knights
Darren Buchanan Jr.,730.6,1214.2,-8.72,105.86073780475216,114.58376114008789,105.86,115.19,35.42,84.23,9.41,27.17,25.6,34.6,15.11,31.63,13.46,9.58,4.95,14.45,26.18,46.74,Rutgers Scarlet Knights
Denis Badalau,258.9,425.0,-10.54,98.86956012417268,109.41100017723164,98.87,108.48,36.08,87.86,9.14,31.63,17.57,25.07,18.04,35.61,4.92,7.26,7.03,18.27,21.79,53.65,Rutgers Scarlet Knights
Emmanuel Ogbole,564.9,914.0,-12.41,102.08639755951407,114.49605801719638,102.09,113.53,36.39,89.45,9.37,30.51,19.94,26.8,18.52,34.1,14.93,7.08,5.99,16.34,22.88,52.62,Rutgers Scarlet Knights
Kaden Powers,405.5,677.8,-13.5,100.53279441484474,114.03184005923733,100.53,113.17,35.86,89.07,11.32,32.78,17.49,24.25,14.7,32.48,18.52,8.38,5.44,14.11,24.4,47.18,Rutgers Scarlet Knights
Harun Zrno,569.7,947.2,-14.55,101.29259073246808,115.84578491053313,101.29,116.2,36.58,88.92,10.89,35.1,17.23,24.21,15.65,30.98,14.7,9.41,3.7,15.23,23.26,46.63,Rutgers Scarlet Knights
Baye Fall,40.4,67.2,-23.8,86.82406702208681,110.62590975254732,86.82,115.77,31.99,88.35,10.66,33.51,12.19,21.33,19.8,42.65,0.0,3.05,3.05,21.33,24.37,62.45,Rutgers Scarlet Knights
Seth Jones,128.2,228.0,-0.47,95.81105169340464,96.27630868861306,95.81,99.38,31.64,77.99,12.03,37.43,20.5,28.52,14.26,38.77,0.0,10.7,4.01,22.73,27.63,53.03,SE Louisiana Lions
Isaiah Gaines,842.5,1364.2,-4.84,100.8298906884071,105.67313345091122,100.83,105.14,34.29,80.58,9.07,30.2,23.18,33.2,15.35,33.12,11.19,10.46,4.68,19.01,27.27,48.47,SE Louisiana Lions
Jeremy Elyzee,873.3,1409.8,-5.06,100.2486678507993,105.3078856980985,100.25,105.65,34.46,81.21,9.24,30.62,22.1,32.68,15.49,34.17,11.58,10.59,4.55,18.76,26.36,49.66,SE Louisiana Lions
Peter Hemschemeier,545.6,905.6,-6.98,100.31209434639712,107.28772869008527,100.31,107.38,35.57,83.19,9.39,32.59,19.78,27.95,16.68,34.47,12.15,9.39,3.87,20.22,28.94,51.15,SE Louisiana Lions
Kyle Edison,243.7,417.7,-7.59,95.35452322738386,102.94893592073635,95.35,107.33,30.56,78.48,8.56,34.47,25.67,39.12,18.83,32.76,9.78,10.02,5.62,21.76,32.76,51.59,SE Louisiana Lions
CJ Booker,582.7,930.4,-8.56,100.96256684491978,109.52393810925389,100.96,108.45,36.04,83.21,9.41,32.19,19.47,29.95,14.55,32.41,10.16,10.27,4.81,17.11,26.1,46.96,SE Louisiana Lions
Jaiden Lawrence,586.0,943.9,-8.61,96.9419041778868,105.55672490002104,96.94,106.97,32.74,78.28,9.28,32.21,22.18,33.38,13.76,32.74,10.77,11.41,4.37,19.62,29.11,46.5,SE Louisiana Lions
Makhi Myles,625.4,1016.7,-9.53,95.67030540905188,105.20348049002932,95.67,104.7,33.36,82.62,8.83,31.6,20.12,28.95,16.29,32.48,12.95,10.89,4.81,19.92,24.43,48.77,SE Louisiana Lions
Ubong-Abasi Etim,209.5,343.8,-11.52,90.741695514473,102.262118491921,90.74,104.88,33.59,84.85,10.02,38.89,13.55,24.45,15.32,38.01,11.2,8.84,4.12,18.86,25.34,53.33,SE Louisiana Lions
Jalen Forrest,446.4,746.6,-11.72,93.05131900915093,104.77018799759148,93.05,104.98,29.77,78.97,9.39,34.73,24.13,35.8,15.42,34.86,8.72,9.65,2.95,19.44,27.89,50.28,SE Louisiana Lions
Garrett Shoemaker,159.6,259.3,-15.8,91.56159068865179,107.36196319018406,91.56,108.63,31.43,81.86,6.98,34.53,21.73,34.92,17.46,31.81,12.8,11.64,1.94,19.01,29.49,49.27,SE Louisiana Lions
Ethan Pickett,521.3,844.0,-15.81,96.13723679899931,111.94909262314401,96.14,113.17,34.31,81.96,8.22,30.02,19.3,28.95,14.41,32.4,10.84,9.29,4.65,18.7,27.16,46.81,SE Louisiana Lions
Ahmed Essahaty,149.3,246.8,-19.23,86.97419223735012,106.20898536092882,86.97,106.89,30.08,83.72,7.32,32.11,19.51,31.7,15.44,32.11,13.82,11.79,4.06,16.66,26.01,47.55,SE Louisiana Lions
Jo Valrie,678.6,1120.5,16.69,109.66184644684103,92.97307017938226,109.66,91.59,40.22,86.99,10.81,30.83,18.42,26.84,16.56,38.27,12.84,12.22,6.11,16.83,22.32,54.83,SIU Edwardsville Cougars
Ring Malith,377.9,646.1,15.05,109.71569458355805,94.66443865853184,109.72,93.84,38.83,85.52,10.79,31.13,21.27,31.13,16.33,37.29,4.47,11.87,6.32,16.03,22.65,53.62,SIU Edwardsville Cougars
Arnas Sakenis,692.2,1136.2,13.72,106.7065131405467,92.98226286217913,106.71,92.73,39.73,87.02,10.99,30.15,16.26,25.67,16.0,40.52,14.77,11.51,6.77,16.79,21.1,56.52,SIU Edwardsville Cougars
Darius Robinson Jr.,179.9,297.8,13.61,113.06827713470892,99.46236559139784,113.07,99.31,40.93,86.56,15.1,37.58,16.1,26.17,16.44,37.24,8.05,11.07,3.69,17.45,26.51,53.68,SIU Edwardsville Cougars
Jack Campion,773.2,1302.6,12.87,109.35768598830767,96.48683043461494,109.36,95.6,38.97,85.67,11.39,31.41,20.02,28.89,15.9,37.45,13.91,11.85,6.27,16.51,24.15,53.35,SIU Edwardsville Cougars
Tyler King,531.3,879.8,10.52,106.81824577201226,96.2956586611575,106.82,94.44,38.95,85.66,10.69,30.5,18.23,27.35,16.32,37.93,16.1,10.92,6.08,17.67,23.86,54.25,SIU Edwardsville Cougars
Jordan Pickett,535.4,901.9,10.06,108.63787375415282,98.57904085257549,108.64,98.34,39.76,85.94,10.96,30.56,18.16,26.58,15.84,36.99,10.08,11.96,4.87,17.28,24.25,52.83,SIU Edwardsville Cougars
CJ Hall,335.5,549.8,7.61,99.91402325897099,92.30488027782854,99.91,91.41,38.55,88.51,8.51,27.69,14.3,21.9,17.2,39.1,11.58,11.4,4.53,18.28,23.89,56.3,SIU Edwardsville Cougars
Kyle Thomas,442.0,733.3,7.25,103.64031513175766,96.3855421686747,103.64,95.63,37.22,80.96,9.92,26.89,19.29,26.08,14.26,39.26,15.89,10.32,4.89,20.92,26.62,53.52,SIU Edwardsville Cougars
Darrion Baker,582.9,957.1,3.36,104.42643391521199,101.06634448705152,104.43,99.96,37.2,85.1,11.12,31.59,18.91,27.43,15.79,35.85,13.61,11.53,5.2,17.66,25.46,51.64,SIU Edwardsville Cougars
Myles Thompson,208.0,351.2,2.94,105.40521343845444,102.46895961181674,105.41,102.0,38.92,90.92,9.38,31.82,18.18,28.7,18.18,40.91,0.0,8.52,5.11,13.64,25.29,59.09,SIU Edwardsville Cougars
Corentin Efono,150.2,250.1,0.94,102.83507773600245,101.89829841644536,102.84,105.27,38.21,80.48,9.35,28.45,17.07,23.98,10.97,41.46,14.23,8.13,5.28,19.1,28.86,52.43,SIU Edwardsville Cougars
Harrison Alexander,128.0,211.7,-4.53,95.28279746538371,99.80988593155892,95.28,98.57,36.14,88.71,11.26,34.26,11.73,17.84,17.37,33.33,14.55,11.26,4.22,20.18,26.28,50.7,SIU Edwardsville Cougars
Corey Washington,939.2,1648.3,13.68,122.69566009657729,109.01213434124615,122.7,109.27,44.58,88.92,12.33,30.86,21.2,28.31,16.83,35.41,15.06,9.11,4.62,14.46,24.72,52.24,SMU Mustangs
B.J. Edwards,915.7,1638.4,12.66,119.91997189852925,107.25936766364828,119.92,107.46,43.68,86.81,11.06,28.96,21.5,28.28,16.25,35.8,14.6,10.63,5.07,16.01,23.21,52.05,SMU Mustangs
Boopie Miller,1153.4,2020.6,11.7,120.32270837457928,108.61900461445202,120.32,108.64,43.9,90.13,12.32,32.91,20.19,26.93,17.52,36.23,15.74,9.31,4.85,14.6,23.91,53.75,SMU Mustangs
Mitchell Holmes,121.3,217.3,11.59,120.23767913317023,108.64871008069099,120.24,111.38,40.08,80.62,8.85,27.03,31.22,35.88,15.85,31.69,3.73,13.98,5.59,18.18,24.7,47.54,SMU Mustangs
Samet Yigitoglu,974.3,1706.9,11.45,117.80400205233452,106.35526874167729,117.8,106.55,43.86,89.95,11.38,31.78,18.71,26.09,17.94,37.41,15.83,9.26,4.87,15.6,22.81,55.35,SMU Mustangs
Jaron Pierre Jr.,1117.1,1960.8,10.97,119.46874319599381,108.50194206798507,119.47,109.48,44.21,88.58,12.04,31.92,19.01,25.67,16.55,36.73,15.37,9.48,5.23,15.78,23.87,53.28,SMU Mustangs
Jermaine O'Neal Jr.,485.4,851.9,4.89,114.76339752201821,109.87045211921867,114.76,113.69,42.39,90.28,11.23,33.44,18.75,24.48,18.75,36.42,15.29,9.91,5.73,16.84,22.57,55.17,SMU Mustangs
Jaden Toombs,531.6,908.8,0.38,115.28627015008337,114.90184333051978,115.29,117.29,44.47,92.27,11.9,32.24,14.45,20.01,18.79,36.91,19.68,8.78,5.11,17.01,22.9,55.7,SMU Mustangs
B.J. Davis-Ray,200.8,357.0,-7.38,115.8843996307605,123.26400884405444,115.88,126.68,41.47,90.04,12.5,33.8,20.45,27.55,20.45,30.68,16.76,10.23,4.26,17.33,26.41,51.13,SMU Mustangs
Sam Walters,212.8,373.1,-13.12,107.35373054213633,120.47386386453385,107.35,120.77,41.87,92.59,13.15,38.38,10.47,15.03,19.06,32.47,16.64,10.47,4.29,19.32,24.69,51.53,SMU Mustangs
Jeremiah Cherry,185.9,342.4,3.19,108.20269777615749,105.01682024279656,108.2,104.7,37.04,79.62,10.79,28.58,23.33,30.62,13.71,38.21,0.0,8.46,6.42,19.54,23.04,51.92,Sacramento State Hornets
Romari Robinson,245.1,447.5,-0.31,102.19141323792486,102.50111656989726,102.19,102.64,33.99,81.62,8.5,28.4,25.72,33.99,9.62,33.99,13.42,15.88,4.25,11.85,27.06,43.61,Sacramento State Hornets
Brandon Gardner,241.9,436.0,-3.47,100.88883758513218,104.36367779423492,100.89,105.74,35.09,86.34,10.16,31.86,20.55,26.32,13.62,37.4,4.62,7.85,7.62,14.78,28.63,51.02,Sacramento State Hornets
Taj Glover,368.0,656.7,-4.17,110.42756075053828,114.600218645154,110.43,116.89,35.84,83.51,10.92,32.76,27.84,35.68,14.0,33.84,15.07,9.54,3.54,13.53,27.53,47.84,Sacramento State Hornets
Jayden Teat,407.4,739.0,-5.56,106.11396183385318,111.67616642206217,106.11,109.74,37.03,86.8,11.67,35.28,20.39,27.23,13.95,34.88,8.59,10.2,5.1,14.22,23.48,48.83,Sacramento State Hornets
Shaqir O'Neal,587.0,1071.3,-5.67,106.4168618266979,112.0904165019418,106.42,112.88,35.13,82.25,10.77,29.51,25.39,31.85,13.4,34.94,12.83,8.99,5.34,16.02,26.98,48.34,Sacramento State Hornets
Prophet Johnson,1044.6,1914.7,-5.72,106.47876296731258,112.19983799743932,106.48,112.06,34.66,81.69,10.23,29.75,26.93,34.71,12.42,33.25,12.06,10.86,4.18,14.25,24.74,45.67,Sacramento State Hornets
Arman Madi,634.0,1152.7,-7.05,105.48194336191219,112.5328582911516,105.48,112.15,34.81,81.58,9.09,29.1,26.76,35.68,11.86,31.7,14.9,11.95,3.03,13.34,25.29,43.56,Sacramento State Hornets
Jahni Summers,790.6,1430.5,-7.76,108.00034974206523,115.76079362861533,108.0,115.9,35.18,83.31,10.35,30.43,27.28,33.23,13.22,32.95,12.66,9.51,4.27,14.13,25.32,46.17,Sacramento State Hornets
Mikey Williams,729.4,1344.1,-8.17,104.67261849290811,112.84754445228107,104.67,113.32,34.37,81.71,10.29,29.82,25.65,33.33,13.57,33.55,8.87,9.54,4.62,16.03,25.65,47.12,Sacramento State Hornets
Mark Lavrenov,784.9,1421.2,-9.86,103.72293764693498,113.5842534128188,103.72,112.99,33.55,83.16,10.04,30.6,26.6,33.83,13.26,33.83,12.49,10.53,3.58,14.04,24.35,47.09,Sacramento State Hornets
Dashon Gittens,1012.0,1739.1,2.17,112.63087036851375,110.46184478206294,112.63,109.65,37.81,86.05,15.81,42.97,21.2,27.44,15.07,36.95,15.64,8.36,5.04,15.98,19.76,52.02,Sacred Heart Pioneers
Anquan Hill,831.6,1422.2,-0.54,110.8601642243115,111.40134133427462,110.86,110.51,37.12,84.53,16.11,42.86,20.52,26.82,14.01,36.63,14.99,7.63,5.18,16.74,19.19,50.64,Sacred Heart Pioneers
Mekhi Conner,841.4,1443.4,-1.53,111.23016833154749,112.75820170109357,111.23,112.27,38.3,87.93,16.94,45.63,17.7,23.37,15.9,35.95,16.11,8.16,4.08,16.87,20.32,51.85,Sacred Heart Pioneers
Nyle Ralph-Beyer,878.1,1495.4,-1.73,110.88227478076003,112.61632701142655,110.88,111.15,37.2,85.77,16.48,44.45,20.0,26.04,14.95,36.07,17.54,7.51,4.78,16.81,21.53,51.02,Sacred Heart Pioneers
Yann Farell,906.5,1541.5,-1.77,111.37479275706252,113.14282015599211,111.37,113.65,37.39,87.06,16.71,45.32,19.9,25.88,15.41,35.82,15.54,8.13,4.81,16.06,21.46,51.23,Sacred Heart Pioneers
Fallou Gueye,333.7,565.0,-2.23,107.0090957731407,109.24259055982436,107.01,110.93,37.27,85.61,13.73,41.2,18.73,23.54,16.59,35.31,10.7,10.17,4.1,19.8,23.19,51.9,Sacred Heart Pioneers
Jaden Slaughter,585.8,982.3,-6.89,102.74633230113204,109.63938442691983,102.75,109.04,34.82,83.05,14.01,40.21,19.09,24.57,14.01,36.75,12.79,7.82,4.37,19.29,22.34,50.76,Sacred Heart Pioneers
Lucius Gibson-Savadel,74.8,132.8,-7.45,93.47541596560104,100.92961487383798,93.48,99.46,32.16,76.28,13.46,37.39,15.7,23.18,14.96,39.63,8.97,5.98,6.73,27.67,21.69,54.59,Sacred Heart Pioneers
Taj Bryant,258.8,434.4,-11.93,100.22039206588562,112.15166742804934,100.22,113.91,35.49,86.3,14.85,42.92,14.38,18.1,16.94,33.87,6.73,10.21,2.32,22.04,25.75,50.81,Sacred Heart Pioneers
Abdou Yadd,347.9,581.2,-13.47,100.71756971597989,114.19221495005168,100.72,113.95,35.75,88.0,14.95,45.55,14.27,18.39,17.36,35.06,11.17,9.11,2.23,20.62,23.72,52.42,Sacred Heart Pioneers
Trey Weiand,67.3,122.6,27.31,114.49752883031302,87.18466195761857,114.5,88.96,42.83,90.61,13.18,42.01,15.65,19.77,14.0,49.42,1.65,10.71,7.41,14.0,17.3,63.42,Saint Francis Red Flash
KJ Swain Jr.,71.5,125.3,4.46,119.56954962136308,115.10791366906474,119.57,114.79,44.64,89.28,15.94,41.45,14.35,17.54,16.74,38.26,1.59,7.17,5.58,19.13,19.93,55.0,Saint Francis Red Flash
Chris Moncrief,540.9,924.7,-8.58,107.536169293889,116.11470659914971,107.54,115.74,37.9,82.6,11.66,29.8,20.08,29.37,14.79,29.91,17.49,11.01,2.48,18.25,27.21,44.7,Saint Francis Red Flash
Victor Payne,694.9,1212.2,-8.79,100.38990355017444,109.18134715025907,100.39,108.11,35.87,83.4,10.59,32.01,18.06,25.45,15.6,33.65,13.13,10.67,3.28,20.11,26.84,49.25,Saint Francis Red Flash
Ahmad Harrison,719.2,1260.9,-10.64,100.26437672689686,110.90675368337783,100.26,111.48,35.46,83.73,10.1,30.69,19.24,28.07,15.19,31.49,13.44,12.17,2.78,18.13,27.83,46.68,Saint Francis Red Flash
Gestin Liberis,691.7,1195.6,-11.09,100.5029302963548,111.59737417943107,100.5,110.23,35.58,83.46,10.56,32.34,18.79,26.77,15.55,30.92,12.55,10.22,3.24,19.37,25.6,46.47,Saint Francis Red Flash
Ralph Martino Jr.,365.4,645.0,-14.02,102.7135599228073,116.73597070156028,102.71,120.52,38.75,89.17,12.45,34.5,12.76,17.17,14.18,33.24,8.82,10.08,2.52,16.86,24.42,47.42,Saint Francis Red Flash
Brandon Russell,269.3,472.4,-14.84,95.27377830112937,110.11094829390831,95.27,112.62,35.11,83.93,10.06,34.04,14.99,20.77,13.06,33.19,9.42,8.56,3.85,19.27,28.9,46.25,Saint Francis Red Flash
Paris Papadatos,227.4,391.6,-15.71,103.7537441845644,119.46025452452515,103.75,119.05,37.98,85.65,11.47,34.16,16.32,22.69,13.0,29.06,16.57,9.18,2.8,16.57,23.96,42.06,Saint Francis Red Flash
Zion Russell,736.5,1296.6,-15.75,98.36255279754673,114.11168295456737,98.36,114.18,35.33,84.86,10.26,33.33,17.44,25.54,15.82,31.94,10.49,9.87,3.24,18.82,27.7,47.76,Saint Francis Red Flash
Cameron Tweedy,353.8,637.6,-16.61,99.3858179787828,116.00015425552428,99.39,119.96,37.01,84.39,11.17,30.31,14.2,20.1,12.44,33.02,12.28,11.01,2.71,18.51,25.68,45.46,Saint Francis Red Flash
Skylar Wicks,848.4,1486.7,-17.2,100.45769275906584,117.65896441221118,100.46,116.95,35.94,82.82,11.2,30.71,17.37,25.01,13.81,29.37,12.81,10.53,2.55,19.11,27.09,43.18,Saint Francis Red Flash
Justice Ajogbor,931.1,1555.7,9.43,108.2610887916592,98.83443960999779,108.26,101.23,38.58,87.51,13.01,38.78,18.09,24.66,16.2,42.61,18.48,7.68,7.87,16.98,18.22,58.81,Saint Joseph's Hawks
Dasear Haskins,982.8,1696.8,9.08,109.15420243679381,100.07358351729212,109.15,100.3,38.59,88.27,12.27,39.41,19.71,26.32,17.46,40.36,16.99,8.61,6.84,16.7,18.94,57.82,Saint Joseph's Hawks
Jaiden Glover-Toscano,1055.2,1801.6,8.83,109.81152993348115,100.98511900626642,109.81,100.72,38.69,87.8,12.69,39.69,19.73,26.61,17.35,40.24,16.91,8.09,6.65,16.91,20.57,57.59,Saint Joseph's Hawks
Austin Williford,922.4,1559.8,8.52,107.53106849670657,99.01021458547787,107.53,101.43,37.51,89.3,13.04,40.36,19.47,26.09,18.3,41.34,17.85,8.7,6.62,16.61,21.35,59.64,Saint Joseph's Hawks
Derek Simpson,1214.8,2075.8,4.62,105.78823075810881,101.17012568016565,105.79,101.26,37.45,88.2,12.0,39.38,18.89,25.25,16.68,39.71,15.81,7.9,6.89,16.48,20.15,56.39,Saint Joseph's Hawks
Al Amadou,57.7,110.3,1.37,101.74029451137885,100.3683241252302,101.74,97.28,34.81,83.89,8.92,30.34,23.2,33.91,18.74,41.95,14.28,8.03,7.14,18.74,14.28,60.69,Saint Joseph's Hawks
Khaafiq Myers,512.5,871.1,0.34,104.1792157875111,103.8364346427751,104.18,103.72,38.32,85.82,11.82,36.14,15.72,22.6,14.69,37.52,15.83,8.95,6.08,18.13,23.98,52.21,Saint Joseph's Hawks
Anthony Finkley,658.2,1109.4,-1.0,102.80873829692376,103.80733213333637,102.81,101.56,36.83,88.19,12.13,39.95,17.03,23.18,16.23,38.43,15.16,6.78,5.71,17.03,21.67,54.66,Saint Joseph's Hawks
Jaden Smith,310.8,532.2,-3.49,101.7868837122275,105.27308744458071,101.79,104.41,35.92,87.75,10.85,38.73,19.09,26.57,18.52,35.92,13.47,9.73,5.43,18.15,26.76,54.44,Saint Joseph's Hawks
Deuce Jones,267.9,477.5,-3.61,104.81250322380977,108.41836734693877,104.81,105.23,35.69,86.86,8.67,35.69,24.76,31.57,19.39,35.49,0.0,6.4,7.63,17.54,23.31,54.88,Saint Joseph's Hawks
Kevin Kearney,45.7,82.9,-12.52,111.11111111111111,123.62796071634894,111.11,135.1,34.09,83.33,15.15,45.45,27.78,40.4,22.73,34.09,11.36,8.84,8.84,20.2,16.41,56.82,Saint Joseph's Hawks
Mekai Johnson,48.8,85.6,-23.79,77.75871926815323,101.5531660692951,77.76,97.2,29.73,85.76,3.43,35.45,14.87,25.16,16.01,30.87,10.29,8.0,8.0,18.3,14.87,46.88,Saint Joseph's Hawks
Steven Solano,34.4,60.4,-57.31,82.9531314807134,140.26402640264027,82.95,141.02,33.18,86.27,4.98,33.18,11.61,14.93,18.25,24.89,0.0,9.95,3.32,24.89,28.2,43.14,Saint Joseph's Hawks
Jax Kerr,47.7,89.6,59.48,135.27110117384012,75.7871273335191,135.27,76.02,52.54,101.73,14.53,49.19,15.65,24.59,30.18,39.13,21.24,15.65,5.59,16.77,25.71,69.31,Saint Louis Billikens
Cam Hutson,40.1,73.3,58.99,130.34623217922606,71.35506003430532,130.35,70.6,51.6,101.83,16.29,50.24,10.86,19.01,29.87,46.16,27.16,13.58,9.5,19.01,28.51,76.03,Saint Louis Billikens
Brady Dunlap,505.5,904.8,28.82,125.93306707065142,97.11213347375424,125.93,96.52,44.84,83.29,15.76,36.91,20.49,30.3,14.43,40.55,20.49,8.92,4.41,16.75,27.87,54.98,Saint Louis Billikens
Robbie Avila,860.6,1540.2,26.28,123.11874939314498,96.836689839311,123.12,96.26,43.43,82.73,15.92,37.54,20.33,26.28,11.91,42.01,20.91,9.58,4.47,16.7,23.17,53.92,Saint Louis Billikens
Ishan Sharma,699.6,1257.6,25.21,125.22581541698925,100.01393506260825,125.23,99.74,44.15,82.74,15.72,37.48,21.2,29.14,13.42,40.02,20.57,9.29,4.05,16.83,27.71,53.44,Saint Louis Billikens
Quentin Jones,854.5,1516.4,23.61,120.46557062203019,96.85786518698494,120.47,97.68,42.91,84.5,15.83,37.88,18.81,25.23,13.05,40.8,20.2,10.6,5.1,16.56,25.03,53.85,Saint Louis Billikens
Paul Otieno,481.3,853.6,22.26,118.75,96.49071756969097,118.75,97.76,41.98,85.26,14.98,37.38,19.81,28.3,16.51,41.75,20.28,8.61,5.54,17.81,29.48,58.26,Saint Louis Billikens
Dion Brown,756.0,1367.2,21.84,119.1228294410868,97.27868732373732,119.12,96.99,42.29,82.82,14.17,35.64,20.38,27.24,12.78,41.12,19.35,10.08,4.24,17.02,23.37,53.9,Saint Louis Billikens
Kellen Thames,511.0,915.2,21.64,119.3915517618735,97.75523006846139,119.39,98.05,43.77,85.58,13.57,36.99,18.28,27.14,16.74,39.29,18.93,10.83,4.27,18.28,28.45,56.03,Saint Louis Billikens
Trey Green,733.0,1300.2,19.54,120.75529746567703,101.21519766189817,120.76,101.22,43.0,85.76,16.15,39.84,18.61,24.15,13.61,39.76,19.54,9.23,5.08,16.38,23.77,53.37,Saint Louis Billikens
Amari McCottry,710.4,1270.7,17.03,116.99449252557042,99.96851385390427,116.99,99.92,42.72,83.79,14.16,36.19,17.39,25.18,12.35,40.28,19.51,10.07,4.64,16.6,24.31,52.63,Saint Louis Billikens
Kevin Gad,64.8,105.3,46.5,129.6781883194279,83.17580340264651,129.68,83.91,48.63,101.07,12.4,33.37,20.02,23.84,25.74,43.86,0.0,8.58,6.67,13.35,20.02,69.6,Saint Mary's Gaels
Liam Campbell,459.5,777.2,23.54,115.53887954457241,91.99961613512045,115.54,93.03,38.81,83.19,13.2,31.05,24.71,31.57,15.91,43.73,13.97,8.93,4.14,17.73,25.49,59.64,Saint Mary's Gaels
Mikey Lewis,839.2,1372.2,22.86,122.32504863547935,99.46506490424115,122.33,99.05,42.25,89.31,13.02,33.16,24.8,30.47,20.29,39.93,16.36,8.73,6.4,16.51,22.98,60.22,Saint Mary's Gaels
Joshua Dent,1145.1,1889.0,22.36,119.13022750748206,96.7699267215153,119.13,96.88,41.05,88.04,12.77,32.36,24.26,29.98,18.49,41.48,16.79,8.58,5.46,16.21,22.88,59.97,Saint Mary's Gaels
Andrew McKeever,726.0,1199.5,22.27,118.4508341017688,96.17975664863296,118.45,97.24,41.08,86.43,11.65,29.59,24.65,30.51,18.19,42.0,14.92,8.05,5.03,17.27,22.63,60.19,Saint Mary's Gaels
Tony Duckett,101.3,170.2,21.68,106.57835315369564,84.89889574071418,106.58,89.12,34.92,77.07,8.43,21.07,28.3,34.32,17.46,42.75,9.63,10.84,6.02,24.09,30.11,60.21,Saint Mary's Gaels
Paulius Murauskas,1018.8,1670.8,20.6,117.96358853248034,97.36223244109584,117.96,97.16,40.96,88.31,11.96,31.57,24.09,29.77,19.07,41.43,16.68,8.13,5.5,16.62,23.14,60.5,Saint Mary's Gaels
Harry Wessels,498.6,817.3,20.35,117.41323956581562,97.06539367789712,117.41,96.99,40.12,88.92,13.7,35.22,23.48,28.74,18.96,41.09,18.1,9.54,6.24,16.39,24.71,60.05,Saint Mary's Gaels
Dillan Shaw,857.7,1411.2,19.57,117.78045496421232,98.21428571428571,117.78,98.22,41.17,88.87,12.69,32.39,22.75,28.06,18.57,41.24,18.71,8.43,5.88,16.37,23.32,59.81,Saint Mary's Gaels
Rory Hawke,297.3,491.5,15.25,110.4091144484723,95.16193522590963,110.41,98.6,36.66,79.13,8.91,26.72,28.17,35.21,16.36,43.92,10.77,8.08,4.56,20.51,24.65,60.28,Saint Mary's Gaels
Mantas Juzenas,98.4,166.8,15.16,112.36641221374046,97.20176730486008,112.37,100.76,36.64,83.05,15.27,36.03,23.82,30.53,17.71,40.31,17.1,10.38,3.66,20.15,23.82,58.02,Saint Mary's Gaels
Lucas Scroggins,428.6,683.4,13.97,113.19503297837062,99.22277910946465,113.2,100.67,40.83,94.48,11.35,34.34,20.19,29.63,23.73,36.26,16.8,10.76,6.49,15.18,27.86,59.99,Saint Peter's Peacocks
Elijah Perkins,479.7,774.7,6.34,104.84211895548113,98.50449931149326,104.84,100.03,35.9,85.85,8.98,28.49,24.06,34.99,20.94,36.55,15.22,12.36,6.63,18.47,32.26,57.49,Saint Peter's Peacocks
Jahki Gupton,624.6,1050.1,3.44,104.10064342648613,100.66337732241084,104.1,102.37,34.38,84.8,10.08,33.42,25.26,33.42,19.11,32.46,12.77,14.79,5.86,18.44,31.11,51.57,Saint Peter's Peacocks
Brent Bland,878.3,1430.6,2.0,105.40341526701498,103.40202414339714,105.4,104.07,35.98,89.34,10.59,34.99,22.86,31.0,21.46,33.66,12.97,13.6,6.31,17.39,30.72,55.12,Saint Peter's Peacocks
Bryce Eaton,694.7,1124.7,1.52,106.83152463974382,105.3075914776388,106.83,105.41,35.85,89.4,11.47,36.83,23.66,31.31,21.44,33.53,13.97,12.19,6.05,17.17,30.33,54.97,Saint Peter's Peacocks
Adetokunbo Bakare,224.5,364.3,-0.15,105.73678290213722,105.88392976812759,105.74,111.08,36.0,92.24,14.06,41.62,19.69,27.0,22.22,34.31,12.94,14.34,5.34,17.15,27.84,56.53,Saint Peter's Peacocks
Zaakir Williamson,570.2,915.8,-0.33,104.33830573422745,104.66699341066274,104.34,105.21,36.24,87.7,9.42,30.11,22.44,31.2,22.44,34.93,15.22,11.06,6.46,19.93,30.33,57.37,Saint Peter's Peacocks
Eric Morgan Jr.,245.3,406.0,-0.56,105.76322040255033,106.32358295909698,105.76,109.51,36.25,92.76,11.0,34.25,22.25,30.5,23.5,32.5,13.5,15.5,3.5,16.25,35.25,56.0,Saint Peter's Peacocks
Shaedon Simpson,168.2,280.0,-2.61,108.32889362457823,110.9415671842743,108.33,109.75,34.81,87.37,11.72,34.1,26.99,34.81,22.73,28.41,12.43,13.85,3.2,18.82,32.68,51.14,Saint Peter's Peacocks
TJ Robinson,491.7,819.3,-5.15,101.40845070422534,106.56286113983336,101.41,107.29,34.17,86.96,9.55,33.07,23.52,31.84,20.21,31.11,11.02,13.96,6.12,18.13,30.74,51.32,Saint Peter's Peacocks
Bol Agu,180.9,300.7,-10.48,101.21557926072936,111.69634645932615,101.22,110.48,33.41,90.3,13.23,45.32,21.17,28.78,18.85,27.12,7.61,18.85,3.64,14.88,35.06,45.97,Saint Peter's Peacocks
J'Quan Ewing,173.3,287.8,-19.39,94.81169344219121,114.19726545704702,94.81,116.58,33.36,90.25,9.83,35.82,18.26,24.23,19.66,30.9,5.62,14.75,4.92,17.91,32.31,50.56,Saint Peter's Peacocks
Damon Nicholas Jr.,849.6,1514.7,14.87,116.22646530503627,101.35622092642338,116.23,102.92,41.51,88.42,11.84,30.87,21.36,29.01,18.43,37.79,16.63,10.98,3.46,16.23,24.75,56.22,Sam Houston Bearkats
Isaiah Manning,282.3,524.4,14.27,115.06535635912604,100.80030487804879,115.07,100.94,42.36,92.74,13.55,37.21,16.79,22.52,20.42,41.6,9.35,9.35,4.2,16.98,27.86,62.02,Sam Houston Bearkats
Kashie Natt,817.1,1467.9,13.11,118.83769597584823,105.72776622190653,118.84,107.24,42.2,87.62,11.66,29.98,22.78,31.7,19.01,35.88,16.47,11.66,3.22,16.33,24.63,54.89,Sam Houston Bearkats
Veljko Ilic,762.0,1331.2,10.87,115.64841983291907,104.782395349715,115.65,103.76,43.13,90.83,12.19,32.15,17.19,26.39,20.26,36.93,17.64,10.39,3.14,16.89,22.73,57.19,Sam Houston Bearkats
Justin Begg,546.9,966.2,10.63,114.75494499819243,104.12237490277418,114.75,103.7,42.35,91.31,13.32,35.33,16.73,24.17,19.32,38.84,14.36,9.5,3.51,16.53,25.51,58.16,Sam Houston Bearkats
Matt Dann,258.9,456.7,7.89,112.45332747638919,104.56232263697882,112.45,105.21,39.1,85.88,10.54,29.43,23.72,32.51,17.57,37.56,15.81,9.88,6.37,16.25,23.94,55.13,Sam Houston Bearkats
Jacob Walker,797.5,1419.5,6.87,115.69664902998235,108.82678813246336,115.7,109.14,40.35,85.15,11.64,30.97,23.35,32.45,17.57,36.83,16.37,9.88,4.09,17.0,24.55,54.4,Sam Houston Bearkats
Jaxson Ford,163.5,291.5,6.56,107.98452339078437,101.4225941422594,107.98,106.58,38.34,87.94,13.01,35.88,18.29,23.92,17.94,42.21,8.79,10.55,4.22,18.64,29.19,60.15,Sam Houston Bearkats
CJ Beaumont,258.6,440.6,5.9,114.3966206187921,108.49216194879891,114.4,109.83,42.47,90.19,11.65,32.88,17.81,27.86,19.87,40.87,18.95,8.45,6.17,16.44,25.35,60.74,Sam Houston Bearkats
Jacobe Coleman,637.5,1145.6,4.95,111.13559247344995,106.18244703847817,111.14,108.23,39.84,87.25,10.75,31.11,20.71,29.44,19.04,37.63,14.37,10.22,4.76,17.8,26.53,56.67,Sam Houston Bearkats
Po'Boigh King,824.6,1469.0,4.73,113.8647474198805,109.12999709942159,113.86,108.57,41.21,89.15,11.68,32.66,19.76,27.7,18.4,35.99,16.57,9.51,3.87,16.09,24.65,54.39,Sam Houston Bearkats
Zach Lamey,27.3,51.8,54.39,132.24724484906565,77.85888077858881,132.25,76.67,49.83,90.08,19.17,49.83,13.42,24.92,17.25,42.17,26.83,15.33,3.83,15.33,13.42,59.42,Samford Bulldogs
Caleb Harrison,51.2,96.9,38.57,124.8688352570829,86.29441624365482,124.87,89.19,46.17,90.24,15.74,38.82,16.79,29.38,19.94,49.32,24.13,8.39,1.05,15.74,16.79,69.26,Samford Bulldogs
Zion Wilburn,490.7,851.6,11.56,114.8843505385204,103.32405915946698,114.88,103.82,36.14,80.87,14.6,39.2,28.01,39.79,14.24,41.2,14.48,6.83,3.77,14.48,25.07,55.44,Samford Bulldogs
Dylan Faulkner,748.7,1274.4,11.25,119.50942361192745,108.26311551077328,119.51,107.99,40.36,84.09,13.4,36.6,25.39,37.46,13.79,39.58,17.16,6.35,4.23,11.91,21.16,53.37,Samford Bulldogs
Keaton Norris,885.4,1501.3,7.94,114.51247165532878,106.57087262385872,114.51,106.84,38.62,84.7,14.21,39.08,23.08,33.61,12.67,39.35,16.07,6.6,4.13,12.0,23.28,52.02,Samford Bulldogs
Cade Norris,931.7,1593.1,7.13,113.29716128017616,106.16808380701836,113.3,106.63,37.56,83.73,13.71,38.75,24.47,34.91,13.46,39.63,14.22,6.98,3.65,13.15,24.22,53.09,Samford Bulldogs
Isaiah Campbell-Finch,639.0,1106.9,5.9,111.39331550201163,105.49729901493485,111.39,104.47,37.58,83.43,13.58,38.75,22.66,33.18,12.5,39.65,13.85,6.47,3.69,13.31,22.84,52.15,Samford Bulldogs
Jadin Booth,1047.6,1784.3,5.69,115.70963641696814,110.01953591657178,115.71,109.34,38.55,83.42,14.36,39.05,24.25,35.03,12.68,37.99,15.59,6.54,4.02,12.63,23.02,50.67,Samford Bulldogs
Will Shaver,266.0,453.5,3.3,109.82755734136948,106.5301454169163,109.83,109.16,38.39,84.83,16.3,41.52,16.74,22.55,12.5,37.95,16.52,7.14,3.57,16.97,24.55,50.45,Samford Bulldogs
Kam Martin,503.3,862.0,-1.63,109.74080876993497,111.37078392336765,109.74,112.54,38.02,85.48,12.6,39.07,21.11,32.77,15.28,35.45,15.98,7.7,2.92,14.23,24.61,50.73,Samford Bulldogs
Jaxon Pollard,314.4,540.1,-5.33,108.64197530864197,113.96972679132105,108.64,111.2,37.49,89.07,12.8,41.52,20.85,31.09,15.0,38.04,8.78,5.49,2.93,11.16,23.59,53.04,Samford Bulldogs
Judson Bjornstad,190.5,340.5,-17.26,97.54668619553277,114.80718280836032,97.55,114.24,32.52,82.02,10.25,36.62,22.26,36.62,13.77,37.79,10.84,6.74,4.39,14.35,23.73,51.56,Samford Bulldogs
Pharaoh Compton,445.2,783.8,18.37,117.04769789212253,98.67706269572442,117.05,98.33,42.54,84.7,10.19,26.49,21.78,29.8,14.26,35.28,16.81,11.21,6.5,15.41,31.08,49.54,San Diego State Aztecs
Taj DeGourville,612.0,1104.2,15.86,113.52689624127841,97.66763848396502,113.53,96.51,39.61,81.84,10.08,28.0,24.22,33.31,13.5,35.56,17.02,10.89,6.57,15.85,28.72,49.06,San Diego State Aztecs
Sean Newman Jr.,485.8,855.4,13.27,116.23551445628,102.9652113004903,116.24,103.24,41.91,83.23,9.72,26.69,22.71,31.37,12.99,35.47,16.97,10.42,6.2,14.87,25.17,48.46,San Diego State Aztecs
Tae Simmons,430.8,785.4,13.22,113.23875564603345,100.01592610288263,113.24,99.88,39.06,80.41,7.76,23.16,27.36,35.88,13.49,34.61,16.67,10.31,5.34,16.03,31.43,48.1,San Diego State Aztecs
BJ Davis,722.8,1288.9,13.11,110.37144235407621,97.25661473667792,110.37,96.25,38.36,82.12,9.42,27.63,24.24,33.57,14.2,36.89,15.05,9.96,7.56,16.13,27.55,51.09,San Diego State Aztecs
Elzie Harrington,464.5,845.4,8.95,107.87102892366049,98.91990792657735,107.87,99.34,39.0,84.64,10.19,28.45,19.68,25.6,14.46,34.97,14.7,11.38,4.62,17.66,27.74,49.43,San Diego State Aztecs
Miles Heide,603.6,1036.8,8.48,107.24351407992675,98.76662402548814,107.24,98.57,39.31,84.41,9.35,27.94,19.27,25.73,14.45,35.56,14.16,11.76,5.97,17.83,22.93,50.01,San Diego State Aztecs
Miles Byrd,911.3,1625.7,8.23,108.37590005538802,100.14908627023038,108.38,100.25,38.59,83.08,9.05,27.69,22.16,29.79,15.2,35.2,13.66,11.45,6.83,17.97,26.83,50.4,San Diego State Aztecs
Magoon Gwath,468.9,807.8,7.29,105.35470244750901,98.06642612637617,105.35,98.77,37.77,84.48,9.32,27.58,20.5,30.31,17.27,38.89,15.03,9.94,8.32,18.39,24.85,56.16,San Diego State Aztecs
Reese Dixon-Waters,950.7,1687.3,6.77,108.30120715061847,101.53092829120085,108.3,102.47,38.34,82.52,8.87,26.97,22.74,30.78,14.17,35.78,14.71,10.66,6.55,17.03,26.73,49.95,San Diego State Aztecs
Jeremiah Oden,409.5,723.8,6.2,104.75456900777257,98.55171238711876,104.75,101.25,39.21,84.87,10.5,30.25,15.83,22.13,12.88,36.55,14.28,12.46,6.86,17.51,23.25,49.43,San Diego State Aztecs
Piotr Winkowski,72.4,123.2,7.28,105.15421237838956,97.87149393276307,105.15,101.84,38.92,83.63,13.25,37.26,14.08,24.01,14.9,31.46,2.48,12.42,11.59,19.87,23.18,46.36,San Diego Toreros
D'Arrae Goodwin,188.3,331.6,1.02,101.09823980743191,100.0755857898715,101.1,99.59,37.61,84.85,10.83,34.3,15.04,19.86,14.44,30.69,0.9,11.73,4.81,20.16,25.58,45.13,San Diego Toreros
Adrian McIntyre,723.3,1219.1,-2.44,106.190309206048,108.6282824987767,106.19,109.9,38.12,89.61,13.7,39.19,16.17,21.54,16.25,30.61,14.77,12.05,3.38,16.42,25.91,46.86,San Diego Toreros
Tim Moore Jr.,408.7,721.0,-2.97,106.80738786279684,109.78193998222707,106.81,113.0,38.84,87.81,12.38,36.31,16.75,21.81,13.79,29.69,13.09,12.38,4.36,15.62,23.64,43.48,San Diego Toreros
Vuk Boskovic,604.8,1026.7,-3.09,109.58368941521182,112.67605633802818,109.58,113.3,39.16,85.46,14.85,40.24,16.41,21.98,12.7,30.67,14.06,11.13,4.59,16.8,27.44,43.37,San Diego Toreros
Emmanuel Callas,117.0,188.6,-5.8,100.17598483822931,105.97402597402596,100.18,110.46,36.82,92.6,11.91,42.24,14.62,17.87,20.04,36.28,16.24,11.91,3.25,18.95,33.03,56.32,San Diego Toreros
Gavin Ripp,384.7,619.5,-6.29,107.06113108859105,113.35193304105222,107.06,116.21,38.9,87.94,14.71,39.39,14.38,20.92,16.51,31.71,17.98,10.3,2.45,18.63,26.97,48.22,San Diego Toreros
Dominique Ford,480.5,828.6,-6.5,105.13624306727756,111.6346502355926,105.14,111.41,38.22,84.76,11.94,34.97,16.64,22.18,12.18,30.02,14.83,13.02,2.53,16.88,26.28,42.2,San Diego Toreros
Alejandro Aviles,222.9,391.6,-6.56,96.9292903391243,103.48992435318797,96.93,104.37,36.41,83.34,11.54,33.85,12.56,15.64,10.51,29.75,18.72,14.87,3.08,19.74,20.77,40.26,San Diego Toreros
Toneari Lane,796.2,1365.0,-7.36,107.40181824873937,114.76067223214612,107.4,115.87,38.65,86.64,13.4,37.62,16.71,22.23,13.99,29.3,15.02,10.82,4.42,16.78,26.43,43.29,San Diego Toreros
Juanse Gorosito,715.7,1217.3,-7.99,103.60029390154297,111.59330440173589,103.6,110.21,37.31,89.23,14.21,41.8,14.7,19.92,15.67,30.37,13.88,10.37,4.08,16.98,25.23,46.04,San Diego Toreros
Assane Diop,482.6,804.6,-8.23,103.0611925830962,111.28952569169961,103.06,112.69,37.15,90.93,12.88,39.9,15.76,19.89,18.51,33.77,15.51,9.26,3.25,18.14,26.89,52.28,San Diego Toreros
Ty-Laur Johnson,607.6,1075.6,-9.59,101.84518974120924,111.43695014662755,101.85,111.13,35.93,85.32,12.25,37.32,17.73,23.67,14.3,28.41,13.18,12.63,4.73,17.73,28.13,42.71,San Diego Toreros
Brandon Benjamin,109.8,192.9,-12.93,104.53141091658085,117.46280344557556,104.53,115.86,39.65,84.45,10.81,30.9,14.42,16.48,14.42,25.75,13.9,10.81,2.06,22.14,22.14,40.17,San Diego Toreros
Aidan Braccia,69.0,118.6,18.52,117.5,98.97610921501706,117.5,96.67,40.0,86.67,12.5,40.83,25.0,33.33,16.67,37.5,10.83,10.0,5.83,14.17,27.5,54.17,San Francisco Dons
Guillermo Diaz Graham,544.4,890.9,8.86,112.68078440148824,103.82298294014977,112.68,103.17,38.05,86.27,14.88,40.39,21.71,30.55,16.0,37.04,15.22,8.62,4.03,15.22,26.07,53.04,San Francisco Dons
Tyrone Riley IV,957.4,1594.8,7.8,113.99568102646553,106.20020890822069,114.0,107.38,38.27,85.88,14.63,40.1,22.82,31.46,16.2,37.14,13.87,8.32,4.6,15.38,25.85,53.34,San Francisco Dons
Mookie Cook,479.1,825.6,5.66,112.93260473588343,107.27228799226867,112.93,107.83,37.4,81.24,14.21,37.16,23.92,31.57,13.96,37.4,8.5,7.53,5.22,17.73,26.59,51.36,San Francisco Dons
Veniamin Abosi,401.4,687.5,5.61,113.77289920640807,108.162100456621,113.77,112.44,37.23,82.47,14.98,38.72,24.33,34.71,17.21,38.72,12.61,7.27,5.04,18.25,28.04,55.93,San Francisco Dons
Legend Smiley,675.7,1150.0,3.94,111.62587412587412,107.68964622437507,111.63,108.83,36.63,84.35,13.2,39.07,25.17,34.97,16.08,36.63,14.77,9.0,3.41,15.12,26.57,52.71,San Francisco Dons
Saba Gigiberia,157.1,263.9,3.33,107.6338110558643,104.3029577075463,107.63,110.36,38.22,93.59,12.48,36.66,18.72,32.37,23.4,41.73,8.58,7.8,5.85,14.43,25.35,65.13,San Francisco Dons
Vukasin Masic,680.3,1137.9,3.27,108.37307896131425,105.09978796423809,108.37,106.16,38.07,86.12,13.6,39.75,18.64,27.56,14.75,39.39,13.16,8.13,5.12,15.54,24.02,54.14,San Francisco Dons
David Fuchs,666.0,1110.4,2.6,108.55292742153071,105.95130748422001,108.55,105.67,36.6,82.83,12.41,36.78,22.93,32.74,15.74,37.68,15.02,7.91,3.42,17.36,25.09,53.42,San Francisco Dons
Ryan Beasley,995.1,1660.1,-1.23,108.86679562733366,110.10117814310128,108.87,109.17,36.17,85.17,13.74,39.59,22.79,31.97,16.08,36.05,13.32,7.26,4.5,15.72,24.83,52.13,San Francisco Dons
Junjie Wang,633.0,1049.7,-3.0,107.65986003259516,110.66146018222696,107.66,112.07,36.43,87.24,12.85,40.94,21.95,30.29,17.26,36.81,13.04,8.15,4.6,15.63,22.72,54.07,San Francisco Dons
Weilun Zhao,52.0,89.7,-7.11,110.80636313768512,117.91383219954648,110.81,114.1,36.2,82.28,9.87,36.2,28.52,37.3,16.46,32.91,6.58,8.78,3.29,16.46,21.94,49.37,San Francisco Dons
Ben Roseborough,273.0,447.1,10.47,110.99966566365764,100.53295932678823,111.0,99.86,39.45,87.6,11.14,33.21,20.95,29.87,18.05,34.77,3.12,9.14,3.34,16.27,28.08,52.82,San José State Spartans
Yaphet Moundi,320.5,540.4,2.19,111.7535501179518,109.5586194133432,111.75,109.53,39.41,83.26,11.84,31.45,21.09,29.79,16.47,30.71,2.78,9.99,2.78,19.06,24.61,47.18,San José State Spartans
Colby Garland,941.5,1577.8,-5.64,109.84632896983496,115.4835636017151,109.85,114.97,38.32,86.57,11.76,33.01,21.44,29.6,15.18,30.04,10.18,9.11,3.35,14.54,27.19,45.22,San José State Spartans
Jermaine Washington,789.5,1292.6,-6.26,110.4594142420338,116.71562238605637,110.46,115.38,38.54,84.84,12.38,34.38,21.0,29.15,14.54,28.46,9.46,9.0,3.15,15.85,26.92,43.0,San José State Spartans
Sadraque NgaNga,730.4,1180.6,-8.17,108.80190403332057,116.97683251044437,108.8,117.81,37.66,86.62,11.56,32.81,21.93,29.07,15.73,30.26,9.69,8.42,3.06,15.3,25.59,45.99,San José State Spartans
Douglas Langford,275.2,457.6,-9.1,108.47907903475758,117.58360302049621,108.48,120.66,38.3,85.01,11.07,27.89,20.81,29.22,16.38,29.22,9.3,10.18,4.43,17.49,27.45,45.6,San José State Spartans
Marcus Overstreet,244.2,389.2,-9.18,110.27953687711891,119.46074953234857,110.28,118.47,39.66,93.9,13.56,40.17,17.4,27.38,18.42,29.42,13.05,6.4,4.09,11.51,27.12,47.84,San José State Spartans
Melvin Bell Jr.,1021.2,1678.3,-9.19,109.78420280745863,118.97630556626436,109.78,120.08,38.07,87.4,11.67,33.52,21.97,29.81,16.04,28.79,11.61,8.98,3.83,14.49,27.42,44.83,San José State Spartans
Japhet Moupadele,241.6,404.6,-13.05,112.65185912381888,125.70006222775359,112.65,123.94,40.0,85.65,13.74,36.81,18.9,25.03,12.52,27.49,17.67,7.85,3.44,14.97,31.41,40.01,San José State Spartans
JaVaughn Hannah,44.2,77.5,-13.34,100.56568196103079,113.90728476821192,100.57,108.11,40.23,84.22,8.8,30.17,11.31,22.63,11.31,33.94,5.03,8.8,1.26,16.34,26.4,45.25,San José State Spartans
Adrian Myers,756.9,1248.2,-13.91,105.35190910185892,119.26220499190663,105.35,119.81,36.78,86.48,11.56,32.84,20.24,27.78,14.13,30.03,12.69,7.87,3.93,14.45,27.22,44.16,San José State Spartans
Pasha Goodarzi,454.9,742.2,-19.78,102.30386684258602,122.0861982223713,102.3,123.14,35.32,86.34,12.86,35.05,18.81,24.49,13.53,26.79,14.34,8.93,3.38,15.56,28.28,40.32,San José State Spartans
Francis Chukwudebelu,136.3,231.9,23.69,120.49488972565896,96.80207433016422,120.49,96.4,43.46,97.69,19.8,52.5,13.77,19.37,18.93,37.87,6.46,12.91,5.59,12.05,28.4,56.8,Santa Clara Broncos
Jake Ensminger,899.3,1540.2,19.31,119.76740450412827,100.45272619906831,119.77,98.37,44.72,91.43,14.2,38.94,16.13,22.23,16.83,33.48,16.38,13.11,4.95,14.84,26.73,50.31,Santa Clara Broncos
Sash Gavalyugov,671.8,1170.5,13.22,118.85297979584057,105.63729185963852,118.85,103.86,42.95,94.2,16.69,45.83,16.26,22.19,19.91,32.36,15.76,12.28,4.66,15.16,30.41,52.27,Santa Clara Broncos
Elijah Mahi,1051.5,1795.6,12.8,117.67617057545847,104.87567521825592,117.68,102.22,43.55,92.22,13.58,39.21,16.99,22.99,18.42,31.95,14.35,12.7,5.11,15.29,26.39,50.37,Santa Clara Broncos
Thierry Darlan,583.6,1018.8,12.71,115.29694355253805,102.5842586223838,115.3,102.36,41.18,95.3,16.18,46.96,16.77,21.67,21.08,33.14,14.71,13.04,6.67,15.49,30.98,54.22,Santa Clara Broncos
Brenton Knapper,685.1,1183.1,12.3,114.93150399299404,102.6343970871707,114.93,99.92,43.7,90.41,11.84,37.2,15.68,21.77,16.68,31.78,14.1,13.01,5.5,15.93,24.69,48.46,Santa Clara Broncos
Allen Graves,774.0,1336.2,11.51,118.80968243393293,107.30027808781522,118.81,104.97,43.16,94.09,15.25,43.67,17.25,23.98,20.28,31.24,15.92,12.51,4.52,14.8,28.43,51.52,Santa Clara Broncos
Christian Hammond,1026.5,1774.6,11.24,115.63234700833299,104.39199794526412,115.63,101.78,42.62,91.37,13.19,38.95,17.19,23.2,17.25,32.55,15.53,12.58,4.56,14.86,26.77,49.8,Santa Clara Broncos
Bukky Oboye,598.2,1043.1,5.42,110.80254177453519,105.38138490086924,110.8,101.58,41.8,89.43,10.64,35.11,16.57,21.65,17.04,31.07,14.03,12.24,5.18,17.32,26.08,48.11,Santa Clara Broncos
KJ Cochran,366.2,660.0,4.26,114.95924381003407,110.70276756918925,114.96,112.97,42.1,95.98,15.92,48.98,14.85,19.75,20.51,30.31,15.15,13.93,4.59,15.15,28.93,50.82,Santa Clara Broncos
Ray Adams,34.3,63.6,38.18,135.43307086614175,97.25490196078431,135.43,97.64,51.97,92.91,9.45,33.07,22.05,31.5,22.05,37.8,0.0,14.17,3.15,14.17,14.17,59.85,Seattle U Redhawks
Austin Maurer,580.0,994.1,12.11,103.46802101227377,91.36178861788618,103.47,89.53,35.65,81.36,10.76,31.47,21.41,29.18,12.05,35.55,13.64,11.75,8.46,16.83,24.1,47.6,Seattle U Redhawks
Miles Amos,308.6,541.5,9.64,106.54703490817327,96.90223094119257,106.55,99.26,37.38,78.88,8.79,30.09,22.99,33.83,13.83,36.45,6.92,12.9,8.22,18.88,25.05,50.28,Seattle U Redhawks
John Christofilis,540.6,935.5,8.97,105.65392730283362,96.6870771945774,105.65,96.57,38.03,86.0,13.25,37.6,16.34,23.18,13.46,34.29,13.99,11.0,6.94,16.45,23.82,47.75,Seattle U Redhawks
Jojo Murphy,471.0,807.9,7.44,101.85898819249624,94.41873466472032,101.86,93.72,36.25,84.47,10.48,33.54,18.87,27.5,13.56,35.64,11.84,10.73,4.69,16.03,24.17,49.2,Seattle U Redhawks
Will Heimbrodt,987.4,1700.8,6.03,102.97770374915987,96.94782917307465,102.98,95.79,35.59,80.48,10.7,30.57,21.1,30.27,11.63,34.36,13.68,10.93,7.95,16.77,23.49,45.99,Seattle U Redhawks
Brayden Maldonado,941.0,1623.2,5.88,105.4780433147611,99.5950666130877,105.48,98.91,36.59,81.41,11.48,31.93,20.81,28.79,11.6,33.58,13.63,10.99,7.31,16.52,23.39,45.18,Seattle U Redhawks
Junseok Yeo,982.0,1699.4,1.49,99.92385638142096,98.43625291909308,99.92,97.52,34.67,80.6,10.66,31.69,19.91,27.41,11.3,34.03,12.94,10.72,7.03,17.69,23.9,45.33,Seattle U Redhawks
Maleek Arington,971.7,1660.6,1.35,99.94750656167979,98.59303924679995,99.95,97.85,34.68,80.81,11.22,31.8,19.38,27.9,11.1,32.58,13.86,11.7,6.54,17.04,23.7,43.68,Seattle U Redhawks
Houran Dan,497.0,848.1,0.08,99.90858423520392,99.82615869648487,99.91,99.91,35.74,82.33,10.73,31.38,17.69,27.01,13.09,32.44,12.98,10.85,5.54,17.93,23.12,45.53,Seattle U Redhawks
Brock Felder,188.4,323.6,-3.06,105.09133307423242,108.14962746754742,105.09,109.44,38.87,86.75,11.82,39.18,15.55,23.32,15.24,33.89,10.26,11.19,4.35,17.41,22.08,49.13,Seattle U Redhawks
5239637,30.5,54.2,13.94,101.95721438324989,88.01498127340824,101.96,85.57,34.59,74.65,3.64,18.21,29.13,41.88,12.74,40.05,16.39,12.74,0.0,18.21,30.95,52.79,Seton Hall Pirates
Josh Rivera,332.4,546.8,13.04,109.26037004567894,96.22179940201141,109.26,98.0,39.87,86.93,6.09,20.3,23.44,34.51,20.67,36.36,15.87,14.03,8.31,17.35,32.48,57.03,Seton Hall Pirates
Adam Clark,882.6,1471.2,8.52,106.98675274023269,98.46259555097483,106.99,96.36,39.07,86.61,7.2,22.66,21.65,29.32,16.74,34.16,11.9,14.12,7.06,16.21,29.05,50.9,Seton Hall Pirates
Trey Parker,432.7,705.1,8.4,103.66860506856199,95.26478005043431,103.67,97.64,35.32,85.15,5.46,21.11,27.57,37.62,20.25,39.77,10.77,12.06,10.19,17.23,28.72,60.02,Seton Hall Pirates
Jacob Dar,241.6,399.8,6.44,107.42297797577962,100.97861995886058,107.42,101.65,37.4,90.36,9.04,28.86,23.59,30.87,20.83,36.64,11.29,11.8,8.78,15.81,27.11,57.47,Seton Hall Pirates
Stephon Payne,573.2,943.7,6.24,107.49556514601922,101.25911199469849,107.5,101.14,40.46,90.02,7.94,23.51,18.64,26.58,18.85,33.57,12.6,14.51,6.46,16.2,27.75,52.42,Seton Hall Pirates
Najai Hines,504.7,824.8,5.37,104.4449113118641,99.07841156118918,104.44,97.12,37.1,85.96,6.36,23.29,23.89,31.33,17.53,36.86,11.28,11.89,10.92,16.69,28.93,54.39,Seton Hall Pirates
Elijah Fisher,586.1,976.9,4.87,101.96916501297513,97.09637561779242,101.97,95.96,37.96,86.3,6.61,22.8,19.44,25.85,15.37,34.91,9.16,14.04,8.24,16.79,27.68,50.28,Seton Hall Pirates
Tajuan Simpkins,697.9,1148.6,4.71,104.701552666536,99.99129753720304,104.7,100.08,36.85,85.02,6.01,22.39,25.0,33.01,17.68,36.41,11.15,12.37,8.45,16.99,29.96,54.09,Seton Hall Pirates
AJ Staton-McCray,805.0,1349.4,3.34,104.40156712711757,101.0655171770326,104.4,99.62,39.73,89.17,7.43,24.06,17.51,24.5,17.22,33.92,11.99,13.46,7.8,16.41,26.93,51.14,Seton Hall Pirates
Mike Williams,604.0,996.8,2.78,104.51567735160275,101.73840851342173,104.52,101.12,39.51,89.21,8.2,24.6,17.3,24.6,18.4,33.2,12.6,14.0,8.4,17.5,28.4,51.6,Seton Hall Pirates
Tasman Goodrick,210.4,339.3,19.68,115.56465769455822,95.8812615955473,115.56,94.5,43.89,93.62,7.9,25.45,19.89,25.75,21.36,35.99,0.88,9.95,5.27,15.51,19.31,57.35,Siena Saints
Antonio Chandler,573.9,913.9,12.7,112.55315623791904,99.85092831006912,112.55,101.73,41.97,87.92,7.51,24.96,21.1,29.38,17.23,37.89,11.27,9.72,5.85,15.35,21.1,55.12,Siena Saints
Justice Shoats,1059.5,1697.1,10.48,111.9628748494728,101.48203968852047,111.96,100.86,41.35,87.47,8.69,26.85,20.56,27.37,16.33,38.01,13.86,9.11,5.17,15.86,20.97,54.34,Siena Saints
Riley Mulvey,366.9,581.5,10.15,112.20413247991752,102.05662163325016,112.2,101.89,40.9,89.18,10.83,30.41,19.59,24.23,17.87,40.04,22.68,7.39,6.01,17.18,20.1,57.91,Siena Saints
Brendan Coyle,912.0,1446.9,8.16,111.38979556777187,103.2325338894682,111.39,102.04,41.23,87.89,8.59,27.49,20.34,26.8,16.29,37.66,12.51,8.73,5.36,15.67,21.51,53.95,Siena Saints
Gavin Doty,1090.9,1746.8,7.49,109.24621823531933,101.75956864038547,109.25,101.36,39.88,86.96,8.28,27.71,21.2,28.17,16.23,37.08,13.03,9.08,4.97,15.88,21.08,53.31,Siena Saints
Francis Folefac,826.7,1317.5,6.95,107.52891732767922,100.5762976206326,107.53,100.11,38.54,83.45,7.88,27.11,22.57,30.06,14.31,37.33,13.18,8.94,5.0,16.58,22.49,51.64,Siena Saints
Owen Schlager,50.3,86.2,2.49,87.11006474396704,84.61978273299027,87.11,87.11,25.9,71.81,3.53,23.54,31.78,49.44,18.83,40.02,0.0,11.77,0.0,23.54,21.19,58.85,Siena Saints
Christian Jones,508.6,826.9,0.94,108.77118772094147,107.83008592520878,108.77,107.68,38.43,83.63,10.15,33.6,21.75,29.37,14.38,33.96,13.9,9.55,3.5,16.8,24.78,48.34,Siena Saints
Isaiah Henderson,290.1,468.5,0.43,108.21707071242905,107.78893123624455,108.22,106.52,38.83,83.6,9.76,32.04,20.79,27.37,12.94,34.8,15.49,8.28,5.09,16.34,20.79,47.74,Siena Saints
Marcus Jackson,44.9,73.9,-8.36,88.39779005524862,96.75281643472498,88.4,100.83,30.39,81.49,8.29,34.53,19.34,33.15,20.72,31.77,0.0,13.81,1.38,23.48,34.53,52.49,Siena Saints
Peyton Law,174.4,307.2,25.43,118.75666365947674,93.32364575764915,118.76,94.81,41.99,82.67,9.19,23.62,25.59,35.1,15.42,41.01,0.0,12.14,3.28,16.07,14.43,56.43,South Alabama Jaguars
Jayden Cooper,909.0,1502.0,9.71,111.75395348057218,102.04047914085088,111.75,103.57,39.71,83.58,11.54,32.0,20.79,31.46,11.67,39.17,13.28,12.41,3.22,13.15,18.11,50.84,South Alabama Jaguars
Chaze Harris,947.6,1586.2,9.59,112.05368447708281,102.46429132004396,112.05,103.32,40.33,84.7,10.51,30.45,20.89,31.4,12.72,39.63,13.42,12.03,3.67,13.1,18.93,52.35,South Alabama Jaguars
Brian Hawthorne,154.5,256.0,9.12,112.38825031928481,103.27089197321169,112.39,104.53,38.9,86.85,13.36,33.4,21.22,31.83,18.08,40.08,6.68,11.0,3.14,16.11,15.33,58.16,South Alabama Jaguars
Adam Olsen,1006.2,1669.9,8.36,111.06097524290828,102.70165556499322,111.06,103.66,39.77,84.53,10.83,31.1,20.7,30.92,12.51,38.81,12.33,12.21,3.25,13.3,19.37,51.32,South Alabama Jaguars
Randy Brady,789.8,1322.5,7.76,109.31374414798462,101.54915031452445,109.31,102.92,38.67,81.83,11.11,32.58,20.86,31.52,10.05,38.59,12.56,12.86,2.97,13.25,19.34,48.64,South Alabama Jaguars
John Broom,441.9,729.2,6.45,112.73802158520655,106.29274965800273,112.74,106.83,38.63,85.65,11.96,33.27,23.51,36.57,14.3,41.66,16.09,10.31,3.02,11.27,22.41,55.96,South Alabama Jaguars
Hantz Louis-Jeune,722.7,1183.1,6.02,106.98680694014338,100.96416992968717,106.99,101.73,38.6,86.29,11.45,32.75,18.33,28.34,13.07,39.54,14.76,12.81,3.73,13.32,15.1,52.61,South Alabama Jaguars
Stephen Williams,457.9,742.7,3.28,112.20025099209714,108.92081523554961,112.2,110.57,41.11,88.73,10.85,28.08,19.13,29.44,16.14,40.16,14.25,11.13,4.34,13.43,18.99,56.3,South Alabama Jaguars
JJ Wheat,389.4,636.2,-1.99,104.32319735651627,106.3086405213363,104.32,106.53,36.98,87.01,10.39,30.53,19.98,31.31,14.16,39.97,13.53,11.8,3.15,12.27,21.87,54.13,South Alabama Jaguars
Hayden Assemian,223.0,363.5,14.11,120.14085479527724,106.03465990821289,120.14,106.88,42.26,86.45,14.64,42.81,20.99,26.79,13.81,35.08,10.5,7.73,5.25,14.64,26.51,48.89,South Carolina Gamecocks
Jordan Butler,210.9,345.7,9.37,117.64705882352939,108.27979499025481,117.65,108.66,38.83,88.09,12.46,37.09,27.53,33.61,19.12,33.9,6.95,7.53,4.35,15.07,22.89,53.02,South Carolina Gamecocks
Grant Polk,362.4,609.0,-1.23,109.73017170891251,110.96455070074197,109.73,110.06,37.61,87.98,12.43,39.74,22.08,29.44,15.54,34.18,11.94,7.2,2.78,13.57,25.51,49.72,South Carolina Gamecocks
Christ Essandoko,144.8,242.5,-1.29,98.1217284204044,99.40975458216838,98.12,98.53,32.02,81.29,9.44,32.84,24.63,31.61,18.89,40.64,4.52,6.98,2.46,22.58,27.92,59.53,South Carolina Gamecocks
Meechie Johnson,991.2,1693.9,-1.87,108.6959725312781,110.56583693017205,108.7,110.23,36.37,84.12,11.85,37.78,24.11,30.71,12.44,33.36,12.79,8.37,3.54,13.73,25.41,45.8,South Carolina Gamecocks
Eli Ellis,725.5,1236.7,-2.36,111.24900815853186,113.60623468444943,111.25,115.07,38.01,84.64,11.72,35.73,23.52,31.66,13.1,32.72,10.74,8.06,2.85,13.43,26.29,45.82,South Carolina Gamecocks
Elijah Strong,528.1,903.0,-2.64,111.352133044107,113.99277898740456,111.35,115.02,38.82,86.88,12.01,37.6,21.69,26.92,12.46,33.82,14.68,7.34,3.67,12.79,25.03,46.28,South Carolina Gamecocks
Mike Sharavjamts,938.7,1591.1,-3.03,107.78179531520202,110.80750023556017,107.78,110.93,36.66,83.95,11.26,36.6,23.2,29.56,13.14,34.96,12.51,7.73,4.09,15.15,26.66,48.1,South Carolina Gamecocks
Myles Stute,614.0,1042.8,-3.26,108.51262862488306,111.76879388434901,108.51,111.87,36.94,84.91,12.76,39.15,21.88,27.73,13.14,33.29,13.53,9.02,3.55,15.06,25.71,46.43,South Carolina Gamecocks
Kobe Knox,930.8,1588.9,-4.2,106.6942654184504,110.89008872470083,106.69,110.14,36.19,83.93,10.91,36.94,23.4,30.67,13.05,33.56,13.17,8.41,3.26,14.55,25.28,46.61,South Carolina Gamecocks
Nordin Kapic,225.4,379.4,-8.49,99.55413588873361,108.04462712859659,99.55,110.2,33.01,83.32,11.98,39.93,21.56,30.08,13.04,34.07,13.04,7.45,3.46,15.44,26.35,47.11,South Carolina Gamecocks
EJ Walker,341.0,569.1,-14.9,101.20779335272856,116.11208406304729,101.21,116.9,34.91,85.87,11.64,36.85,19.75,27.15,13.75,30.5,16.57,8.29,3.0,14.99,25.74,44.25,South Carolina Gamecocks
Tim Okojie,310.0,523.4,-5.18,93.70975730559682,98.8929889298893,93.71,106.19,30.71,76.28,9.71,25.95,22.59,33.68,16.25,35.66,10.9,9.51,10.1,23.97,26.15,51.91,South Carolina State Bulldogs
Derwin Hodge Jr.,467.3,798.8,-9.92,95.42368619562484,105.34517687392864,95.42,106.24,34.45,80.59,8.8,27.53,17.73,28.16,15.59,28.29,15.09,10.69,6.29,21.62,32.56,43.88,South Carolina State Bulldogs
Jayden Johnson,833.2,1452.0,-13.9,97.2060135923663,111.10151486362771,97.21,110.39,34.26,80.18,9.95,27.12,18.74,28.28,15.03,27.73,13.73,9.95,5.08,21.42,31.85,42.76,South Carolina State Bulldogs
James Morrow,471.1,815.8,-15.12,95.43159709395394,110.54847172228664,95.43,111.56,32.26,74.87,9.97,24.87,20.93,29.06,13.42,27.21,15.02,11.21,5.54,24.75,31.52,40.63,South Carolina State Bulldogs
Florian Tenebay,665.6,1156.1,-15.2,96.65670730377511,111.85452050094355,96.66,113.75,33.32,79.21,8.81,25.12,21.2,32.02,15.88,28.61,12.91,11.25,5.23,21.46,30.18,44.49,South Carolina State Bulldogs
Chris Parker,430.2,723.2,-16.65,95.44408009488593,112.09702285107403,95.44,114.14,33.91,83.72,7.67,24.28,19.95,29.86,18.14,29.58,13.12,9.07,4.6,20.23,32.09,47.72,South Carolina State Bulldogs
Noah Treadwell,631.5,1096.5,-17.48,95.046976192648,112.52707169725294,95.05,112.56,31.56,78.26,9.58,28.82,22.35,31.74,16.15,28.37,11.95,9.49,5.38,22.8,31.93,44.52,South Carolina State Bulldogs
Owen Bronston Jr.,544.6,959.9,-20.54,93.48375498293426,114.0268666041862,93.48,114.12,34.08,84.94,10.11,30.22,15.22,24.91,15.95,27.93,10.84,9.69,4.69,19.18,31.58,43.88,South Carolina State Bulldogs
Jamal Miles,148.7,274.1,-20.67,83.87749471167112,104.54915438183956,83.88,106.32,26.12,75.78,6.62,29.8,25.02,39.36,17.66,27.59,12.14,8.46,7.73,23.18,32.74,45.25,South Carolina State Bulldogs
Teon Tindal,204.4,359.5,-21.4,97.00707927384875,118.41015732818106,97.01,120.28,34.49,81.31,8.69,25.51,19.35,31.68,17.94,27.76,8.41,10.93,5.33,21.59,32.52,45.7,South Carolina State Bulldogs
Cameron Clark,514.8,876.7,-21.98,92.90632231523011,114.88429022800378,92.91,115.3,31.31,79.76,7.66,25.03,22.63,33.94,17.26,28.45,13.37,9.6,4.0,21.37,31.77,45.71,South Carolina State Bulldogs
Rayniel Wright,471.9,820.5,-23.7,89.05474210176781,112.75057315854448,89.05,121.31,29.85,76.28,6.58,22.77,22.77,35.29,14.8,30.23,10.12,10.63,6.2,21.76,32.89,45.03,South Carolina State Bulldogs
Colin McKenzie,88.7,166.5,-37.59,78.90743550834598,116.49331352154533,78.91,118.97,27.31,73.44,6.68,21.85,17.6,30.35,9.1,29.74,0.0,9.1,4.86,21.24,30.96,38.84,South Carolina State Bulldogs
D'Shay Knights Wright,152.8,271.1,-44.53,78.35090010260237,122.88058340929808,78.35,125.73,29.1,81.71,8.58,25.37,11.57,22.01,16.42,31.71,5.97,7.46,2.24,24.25,33.95,48.13,South Carolina State Bulldogs
CJ Rich,29.0,55.1,48.84,128.28507795100222,79.44572748267899,128.29,76.61,44.54,81.96,19.6,40.98,19.6,26.73,7.13,51.67,19.6,8.91,8.91,12.47,23.16,58.8,South Carolina Upstate Spartans
Nic Book,52.7,95.3,27.82,121.64579606440071,93.82582906443785,121.65,88.93,44.98,86.89,12.27,34.76,19.42,27.6,14.31,36.8,0.0,11.24,8.18,14.31,24.53,51.11,South Carolina Upstate Spartans
Chico Johnson,64.9,113.4,20.41,110.67193675889328,90.2654867256637,110.67,89.59,37.77,81.69,10.54,32.5,24.59,40.4,17.57,44.8,11.42,7.03,7.03,16.69,32.5,62.37,South Carolina Upstate Spartans
Jafeth Martinez,548.0,942.2,3.18,103.72550049918554,100.54129374564553,103.73,98.58,37.73,84.6,9.88,30.69,18.39,27.11,15.45,36.78,10.82,8.83,8.41,17.97,26.17,52.23,South Carolina Upstate Spartans
Kanye Jones,177.9,315.7,3.12,104.82714672614306,101.70825789183657,104.83,102.92,37.92,86.03,10.83,35.69,18.16,27.4,15.61,37.28,9.24,8.92,9.56,16.57,25.17,52.89,South Carolina Upstate Spartans
Isaiah Skinner,611.6,1091.0,2.79,105.05916417774333,102.26880110560866,105.06,101.23,36.57,85.73,11.22,33.93,20.7,29.09,16.51,35.75,13.31,10.67,6.38,16.96,26.81,52.26,South Carolina Upstate Spartans
Breylin Garcia,303.6,517.8,2.31,104.56632036723848,102.25737989581324,104.57,102.44,39.43,87.36,8.12,24.55,17.59,24.16,17.78,36.53,16.04,10.24,5.8,18.94,23.58,54.31,South Carolina Upstate Spartans
Learic Davis,581.0,1002.8,2.04,105.01733080950859,102.97911081887614,105.02,100.1,37.46,84.37,9.83,30.38,20.26,29.6,15.73,36.28,10.62,8.46,6.59,17.31,26.75,52.01,South Carolina Upstate Spartans
Tyler Smith,656.2,1112.6,-1.81,101.83181240099066,103.64335822584295,101.83,102.19,37.22,84.7,10.89,29.36,16.51,25.08,14.19,36.32,9.55,9.01,6.16,17.58,27.4,50.51,South Carolina Upstate Spartans
Karmani Gregory,910.9,1599.0,-4.52,104.13922422476716,108.65895789623133,104.14,106.74,37.38,84.06,9.98,30.37,19.4,27.96,14.82,35.15,11.53,8.99,5.64,17.48,24.98,49.97,South Carolina Upstate Spartans
Mason Bendinger,911.2,1581.4,-4.89,100.71220154990117,105.6036199671781,100.71,103.98,37.02,86.15,9.48,29.62,17.19,25.98,15.56,36.21,11.11,8.6,6.27,17.07,24.91,51.77,South Carolina Upstate Spartans
Carmelo Adkins,922.7,1609.8,-5.69,102.18955607944653,107.88303800638658,102.19,106.2,36.67,85.92,9.98,30.69,18.86,27.18,16.58,34.88,11.03,8.88,6.41,17.75,25.76,51.46,South Carolina Upstate Spartans
Coen Collier,398.5,686.4,-12.85,95.55369433014093,108.40345317451643,95.55,108.37,34.96,86.52,10.92,33.36,14.71,23.16,16.75,36.27,10.63,9.03,6.12,19.23,24.47,53.02,South Carolina Upstate Spartans
Trent Hudgens,135.9,240.8,3.15,106.6556428276147,103.50584307178632,106.66,102.52,34.31,72.34,11.16,28.94,26.87,34.73,8.68,35.14,17.78,7.85,3.31,19.84,19.43,43.82,South Dakota Coyotes
Uzziah Buntyn,857.5,1531.8,1.88,109.24164837844428,107.36231504088354,109.24,106.51,36.61,80.31,9.23,28.22,26.79,35.44,13.72,33.23,12.03,9.69,3.12,16.58,21.52,46.95,South Dakota Coyotes
Cameron Fens,751.5,1322.1,-0.4,108.37531367332691,108.77598590081298,108.38,108.3,37.36,81.58,8.53,27.09,25.13,34.64,14.79,34.72,12.98,8.53,4.15,16.75,20.15,49.51,South Dakota Coyotes
Evan Anderson,378.1,664.4,-1.33,108.53649332025057,109.86454542043451,108.54,110.5,38.04,83.03,8.0,24.76,24.45,33.51,16.91,33.21,10.57,9.66,3.02,17.96,19.32,50.12,South Dakota Coyotes
Vince Buzelis,528.3,933.4,-2.04,105.99886661089673,108.04200451947361,106.0,109.67,35.94,82.9,8.74,30.01,25.37,34.87,15.76,33.68,11.23,8.74,4.21,16.3,23.64,49.44,South Dakota Coyotes
Jordan Crawford,914.7,1613.3,-2.68,107.88047685400217,110.5561931941558,107.88,110.36,36.29,81.99,9.48,29.66,25.82,35.3,14.31,33.19,12.51,9.04,3.28,15.54,20.93,47.5,South Dakota Coyotes
Ethan Kizer,417.6,732.6,-2.78,106.25465880599036,109.02966349293644,106.25,107.47,35.78,83.21,10.71,34.42,23.99,33.34,14.5,32.66,10.84,8.81,3.39,15.45,22.23,47.16,South Dakota Coyotes
Isaac Bruns,568.0,1027.8,-3.49,110.48324240062352,113.96924870655106,110.48,114.28,37.22,83.01,7.99,26.01,28.06,37.41,17.44,30.88,7.21,9.55,3.51,16.66,21.14,48.32,South Dakota Coyotes
Silas Bennion,416.1,719.5,-4.03,103.82019344513256,107.84926087861753,103.82,108.13,34.1,79.33,9.6,32.43,26.02,35.91,10.3,35.35,18.09,7.38,3.62,13.92,21.01,45.65,South Dakota Coyotes
Jake Brack,320.2,579.1,-4.97,107.93430086034587,112.90806915190255,107.93,114.37,34.59,82.73,9.04,30.76,29.72,39.28,18.08,29.03,4.17,9.73,3.13,16.69,22.77,47.11,South Dakota Coyotes
Jesse McIntosh,319.7,575.7,-5.61,109.79976130486673,115.41252294165349,109.8,119.52,37.84,82.92,9.37,28.64,24.75,34.83,15.38,29.17,5.83,9.02,4.24,15.91,21.39,44.55,South Dakota Coyotes
Shey Eberwein,231.0,421.0,-13.69,107.86625551726223,121.55147273257509,107.87,126.01,35.79,83.68,7.98,26.6,28.3,38.94,21.04,27.81,0.73,8.22,4.11,18.86,23.7,48.85,South Dakota Coyotes
Caleb Kizer,34.2,61.2,-14.79,93.06190278354799,107.84708249496981,93.06,111.34,36.56,88.08,9.97,29.91,9.97,21.6,19.94,34.9,8.31,11.63,0.0,21.6,18.28,54.84,South Dakota Coyotes
Trey Buchanan,107.8,185.2,2.29,101.03695825578302,98.75188588670963,101.04,95.72,36.69,86.68,12.23,42.01,15.42,20.21,18.61,32.97,0.0,11.17,2.13,22.33,24.46,51.58,South Dakota State Jackrabbits
Matthew Mors,795.2,1339.4,2.19,110.40387540134063,108.21643286573146,110.4,109.5,39.35,86.9,12.02,33.95,19.68,27.11,15.77,38.75,12.99,7.59,3.38,16.0,23.73,54.52,South Dakota State Jackrabbits
Jaden Jackson,911.0,1534.8,1.99,109.28496595075956,107.29683296054976,109.28,108.37,39.22,87.41,12.05,34.7,18.79,25.67,15.65,39.75,13.16,7.6,3.21,16.04,24.62,55.4,South Dakota State Jackrabbits
Luke Haertle,408.1,689.0,1.05,107.12591673660015,106.07591283013423,107.13,107.27,38.82,88.88,11.38,33.42,18.1,25.25,17.66,38.68,10.95,8.46,3.65,16.78,23.64,56.34,South Dakota State Jackrabbits
Joe Sayler,937.3,1578.4,0.06,107.95825699036088,107.89701598299347,107.96,109.17,39.13,87.69,10.77,33.27,18.93,26.45,16.25,39.39,12.55,7.78,3.25,16.0,24.66,55.64,South Dakota State Jackrabbits
Kalen Garry,842.9,1426.8,-0.02,109.04811256126052,109.06421505225994,109.05,109.61,39.21,87.62,11.87,35.06,18.76,26.07,15.67,38.15,13.07,7.8,3.79,15.67,24.38,53.82,South Dakota State Jackrabbits
Damon Wilkinson,702.5,1189.4,-0.4,110.44599949414047,110.84327247573731,110.45,111.46,40.22,89.2,10.54,32.8,19.48,26.64,17.11,37.94,12.9,7.93,3.79,15.26,23.27,55.05,South Dakota State Jackrabbits
Caleb Delzell,234.0,385.0,-0.81,106.60127766664516,107.4158771643254,106.6,106.09,40.52,93.18,10.58,36.14,14.97,21.42,18.84,37.43,9.81,8.52,2.84,15.49,26.07,56.27,South Dakota State Jackrabbits
Alec Squires,408.9,687.6,-1.24,103.00178721231354,104.23688884056395,103.0,104.9,36.91,84.33,12.55,36.04,16.63,23.78,14.3,39.68,10.65,7.59,2.92,18.67,26.55,53.98,South Dakota State Jackrabbits
Jaden Rogers,107.0,191.9,-11.48,100.54988216810683,112.03319502074689,100.55,113.12,36.66,87.46,10.47,34.56,16.76,22.0,15.71,38.75,12.57,7.33,5.24,17.81,20.95,54.46,South Dakota State Jackrabbits
Bubz Alvarez,245.1,420.8,-13.41,105.70698972623076,119.11554921540655,105.71,119.01,38.72,86.47,10.69,32.54,17.58,23.99,14.97,35.16,10.69,6.65,3.8,17.1,25.42,50.13,South Dakota State Jackrabbits
Isaiah Jones,506.9,937.6,19.45,118.37688320756237,98.92233960865306,118.38,100.33,39.32,90.13,12.14,40.93,27.61,36.85,21.59,34.37,14.72,15.36,3.76,13.96,28.36,55.96,South Florida Bulls
Izaiyah Nelson,894.5,1611.5,19.32,118.73931854224085,99.42315809220091,118.74,97.92,39.66,90.47,12.5,38.8,26.91,36.4,21.8,36.27,16.75,13.24,5.11,14.04,26.73,58.07,South Florida Bulls
CJ Brown,883.0,1606.3,16.87,119.19358092902705,102.32079034850874,119.19,101.75,39.36,90.39,13.35,38.68,27.13,36.44,21.42,35.94,15.71,11.67,5.65,13.72,25.02,57.36,South Florida Bulls
Joseph Pinion,981.8,1797.1,15.74,116.65171485749777,100.91009802134312,116.65,99.32,39.64,90.43,12.86,38.64,24.51,33.4,21.14,36.05,17.22,12.31,5.69,14.85,26.39,57.19,South Florida Bulls
Devin Haid,200.3,360.1,15.31,120.63268892794376,105.32089961601754,120.63,107.98,40.77,91.95,14.34,41.62,24.75,32.34,20.53,37.12,20.53,11.81,3.94,13.22,24.75,57.65,South Florida Bulls
Xavier Brown,36.6,72.9,13.54,116.65495432185521,103.11349179779043,116.65,108.22,30.92,84.33,14.05,52.0,40.76,47.79,21.08,28.11,0.0,18.27,5.62,14.05,37.95,49.19,South Florida Bulls
Caleb Sanders,73.5,143.2,13.08,121.53708668453977,108.45839017735335,121.54,113.67,37.89,82.22,11.44,35.03,34.32,46.47,24.31,37.18,6.43,12.15,5.0,20.02,29.31,61.49,South Florida Bulls
Wes Enis,1045.9,1898.7,11.35,115.6902994894468,104.34370182996719,115.69,104.22,37.9,89.06,12.79,39.9,27.11,36.0,20.95,35.53,15.58,11.84,5.47,14.79,26.26,56.48,South Florida Bulls
Josh Omojafo,878.6,1618.1,11.26,113.50983545713227,102.24904681783802,113.51,102.44,37.61,87.22,12.12,37.24,26.17,35.63,20.1,36.68,15.28,11.75,5.69,15.96,24.74,56.78,South Florida Bulls
Adriel Nyorha,258.4,466.4,10.83,118.81824020552342,107.99205625033548,118.82,107.69,40.46,87.99,13.49,40.25,24.41,33.4,20.12,37.25,17.34,10.92,6.21,16.27,28.26,57.37,South Florida Bulls
Gavin Hightower,226.7,425.7,8.67,107.94885392728773,99.27417466635447,107.95,99.94,38.42,86.26,9.19,35.83,21.92,30.4,18.62,35.12,14.61,15.08,5.89,17.91,30.17,53.74,South Florida Bulls
Daimion Collins,440.1,805.4,7.38,112.60725245819503,105.23076923076924,112.61,107.1,37.58,88.18,12.9,39.71,24.55,33.32,19.54,37.2,14.53,9.64,8.27,15.53,27.56,56.74,South Florida Bulls
Tristan Beckford,125.4,229.8,4.62,111.09900882256834,106.4754454584963,111.1,106.74,36.16,88.44,15.25,45.75,23.53,34.42,20.91,35.73,16.12,13.94,7.41,16.12,26.58,56.64,South Florida Bulls
David Idada,342.9,587.8,11.08,105.92192089914427,94.83747609942638,105.92,95.02,38.15,88.89,9.2,31.5,20.44,29.12,18.9,35.08,7.15,8.86,4.6,16.18,25.2,53.98,Southeast Missouri State Redhawks
Marqueas Bell,688.8,1222.1,8.06,111.42448395667279,103.36213604160693,111.42,103.17,38.67,81.01,9.07,27.22,25.02,35.15,14.22,33.68,11.69,8.99,4.5,16.51,29.02,47.9,Southeast Missouri State Redhawks
Luke Almodovar,857.1,1518.0,7.15,109.06343418415953,101.91545574636724,109.06,101.38,38.7,83.18,9.53,30.29,22.14,31.41,13.6,33.24,11.3,9.72,5.65,15.51,29.37,46.84,Southeast Missouri State Redhawks
Landren Blocker,549.2,950.4,6.08,102.35232618923158,96.26942730810983,102.35,95.03,37.32,84.16,9.2,29.8,18.5,27.18,14.53,34.92,11.5,10.14,6.38,17.46,28.02,49.45,Southeast Missouri State Redhawks
Braxton Stacker,893.6,1599.0,5.93,103.58044311489203,97.65128575238873,103.58,96.97,36.08,82.2,9.04,30.41,22.37,31.04,13.77,34.22,9.78,9.66,4.99,16.83,28.67,47.99,Southeast Missouri State Redhawks
Troy Cole Jr.,425.2,743.0,4.87,104.27216803181184,99.400399733511,104.27,101.42,36.16,83.88,8.56,32.22,23.38,32.22,14.68,34.8,9.79,9.24,3.4,15.5,28.96,49.48,Southeast Missouri State Redhawks
BJ Ward,948.5,1673.3,3.37,105.24433849821216,101.87723792829641,105.24,101.31,37.13,82.72,9.54,30.45,21.45,30.99,13.95,33.08,10.85,9.95,4.53,16.51,29.56,47.03,Southeast Missouri State Redhawks
Elliot Lowndes,215.6,372.4,3.16,110.75992854198158,107.60448789449512,110.76,112.68,40.95,86.3,11.54,33.53,17.31,23.64,12.64,31.61,11.82,11.82,7.7,15.12,31.33,44.25,Southeast Missouri State Redhawks
Brendan Terry,783.2,1379.3,3.09,104.08439275087909,100.99832398163666,104.08,99.97,36.35,79.63,9.16,28.42,22.22,32.1,12.19,33.61,13.34,10.03,5.05,17.31,28.35,45.8,Southeast Missouri State Redhawks
Blaize Sagna,215.0,362.4,2.97,100.41265474552958,97.44619004775417,100.41,96.84,35.49,86.66,9.9,34.94,19.53,27.51,15.96,37.96,11.55,9.9,4.4,16.23,25.58,53.92,Southeast Missouri State Redhawks
PJ Farmer,261.5,476.0,0.76,102.69818029700899,101.94174757281553,102.7,101.02,35.14,78.23,8.99,28.86,23.43,32.63,13.18,30.96,10.88,8.58,5.44,19.45,26.15,44.14,Southeast Missouri State Redhawks
Jaheem Webber,103.8,178.4,12.17,92.85714285714286,80.68669527896995,92.86,77.47,36.26,83.52,4.95,20.33,15.38,21.98,13.74,39.56,15.93,14.29,9.34,19.78,23.08,53.3,Southern Illinois Salukis
Damien Mayo Jr.,718.8,1236.0,11.21,109.47844340384304,98.27093426306934,109.48,97.85,41.66,88.65,7.75,25.84,18.41,27.13,17.68,37.87,12.27,11.14,4.92,16.15,24.79,55.55,Southern Illinois Salukis
Davion Sykes,556.9,968.9,6.44,102.22014246347425,95.78445935563182,102.22,97.23,38.68,83.4,6.03,23.19,18.82,26.41,14.56,37.96,11.13,12.89,5.1,18.61,22.88,52.52,Southern Illinois Salukis
Caden Hawkins,51.9,94.3,5.5,108.86553489625437,103.3672670321065,108.87,106.71,42.04,81.92,8.62,29.1,16.17,31.26,15.09,42.04,15.09,7.55,8.62,18.32,26.95,57.13,Southern Illinois Salukis
Jalen Haynes,611.6,1054.5,4.94,102.52268516319066,97.58175192844635,102.52,97.96,37.44,83.04,7.89,25.27,19.76,28.69,15.3,37.53,13.3,11.59,5.23,18.62,23.18,52.83,Southern Illinois Salukis
Drew Steffe,917.5,1590.4,4.55,103.31987367825664,98.76853876036047,103.32,98.67,39.28,86.73,7.73,25.77,17.03,25.96,16.03,38.46,12.38,10.81,4.84,16.97,24.76,54.49,Southern Illinois Salukis
Jorge Moreno,252.8,430.5,4.14,101.63126393615774,97.49367670728904,101.63,99.52,40.37,88.25,4.69,21.59,16.2,27.7,18.54,42.48,7.28,9.86,5.16,17.13,23.47,61.02,Southern Illinois Salukis
Isaiah Stafford,279.6,493.8,3.84,107.54996677401216,103.7111334002006,107.55,105.71,40.48,85.47,7.57,25.76,19.02,28.01,16.15,37.01,4.5,11.04,5.52,17.38,26.79,53.16,Southern Illinois Salukis
Quel'Ron House,843.4,1469.0,1.72,100.99807865607944,99.27773235213955,101.0,99.09,38.83,87.94,6.67,24.62,16.66,24.96,16.53,38.15,11.15,11.02,4.62,16.73,24.42,54.68,Southern Illinois Salukis
Prince Aligbe,633.4,1087.1,1.15,102.35839269659037,101.20658806257742,102.36,101.71,38.73,88.53,7.93,26.1,16.97,26.1,17.61,38.91,10.7,9.59,5.16,16.69,25.36,56.52,Southern Illinois Salukis
Rolyns Aligbe,729.0,1262.6,1.1,103.86836484455344,102.76742526365872,103.87,102.52,39.4,86.86,7.75,26.9,17.32,25.0,16.3,36.55,12.34,10.6,4.19,17.56,25.71,52.85,Southern Illinois Salukis
Max Pikaar,257.6,452.7,-5.87,97.67441860465115,103.54133392080189,97.67,104.1,34.11,79.29,8.64,27.46,20.82,31.01,13.95,36.77,11.52,9.97,5.98,19.93,27.24,50.72,Southern Illinois Salukis
Steven Clay,344.4,583.8,-2.64,102.32518741264664,104.96687307842203,102.33,102.66,35.07,89.96,13.04,39.47,19.14,28.63,18.13,35.92,12.71,8.47,5.42,14.57,24.56,54.05,Southern Indiana Screaming Eagles
Tolu Samuels,687.9,1165.3,-5.51,102.24272990664234,107.74872927702835,102.24,107.82,34.85,86.02,10.99,32.96,21.55,33.05,18.54,35.45,11.76,9.19,6.1,16.83,24.64,53.99,Southern Indiana Screaming Eagles
Josiah Dunham,361.8,609.5,-6.9,101.2596505485575,108.16182864714894,101.26,106.14,34.95,87.12,10.4,32.99,20.97,30.88,19.34,31.69,14.79,9.26,5.04,17.55,25.52,51.03,Southern Indiana Screaming Eagles
Ola Ajiboye,600.0,1011.1,-8.2,98.49024180680004,106.68658946581995,98.49,105.17,32.99,88.57,11.19,35.94,21.31,31.91,19.93,35.35,10.41,9.13,5.7,16.2,24.06,55.28,Southern Indiana Screaming Eagles
Ismail Habib,715.4,1227.6,-9.64,98.68421052631578,108.32448329384854,98.68,107.7,32.81,85.53,11.13,36.71,21.93,31.84,17.14,34.68,9.02,8.12,5.77,16.49,25.42,51.82,Southern Indiana Screaming Eagles
Cardell Bailey,593.5,1031.9,-10.36,97.25353307638231,107.61332816737699,97.25,107.73,33.06,86.59,10.47,35.29,20.65,31.71,18.91,36.07,8.24,8.92,5.33,17.26,23.46,54.98,Southern Indiana Screaming Eagles
Kaden Brown,277.7,506.7,-11.31,97.04411546269249,108.35258836832016,97.04,109.13,33.07,85.36,11.88,38.82,19.01,28.32,13.47,36.84,2.18,8.32,6.73,14.66,25.55,50.31,Southern Indiana Screaming Eagles
Sheridan Sharp,414.8,725.6,-11.49,89.88142565769004,101.37014525600082,89.88,102.05,31.8,85.46,8.02,29.04,18.25,29.45,18.25,35.54,8.71,11.48,6.64,18.81,21.71,53.79,Southern Indiana Screaming Eagles
Devin Curtis,274.4,472.6,-11.57,96.5079365079365,108.07952622673436,96.51,108.15,32.59,85.29,10.58,33.86,20.74,29.63,16.72,35.98,9.1,6.56,6.77,17.35,24.34,52.7,Southern Indiana Screaming Eagles
Trey Thomas,66.4,130.6,-11.81,95.23809523809523,107.04659222179438,95.24,105.9,35.05,91.43,7.62,35.05,17.52,22.86,16.0,37.33,0.0,9.14,6.86,13.71,30.48,53.33,Southern Indiana Screaming Eagles
Ben Ezeagu,79.9,153.7,-11.99,93.84741591468416,105.8405937399161,93.85,107.63,34.13,82.03,7.88,29.53,17.72,29.53,13.78,29.53,5.91,16.41,1.97,17.72,22.31,43.31,Southern Indiana Screaming Eagles
Amaree Brown,370.4,617.3,-12.06,99.26352865834134,111.32060004918436,99.26,108.71,32.34,89.18,10.25,32.34,24.34,34.58,21.29,33.62,13.77,8.01,4.96,15.69,25.3,54.91,Southern Indiana Screaming Eagles
Alem Fejzic,76.2,135.2,-17.76,81.88405797101449,99.64144178146822,81.88,95.65,26.09,92.03,9.42,42.75,20.29,28.99,23.19,32.61,5.8,9.42,4.35,17.39,23.91,55.8,Southern Indiana Screaming Eagles
Braxton Jones,33.0,63.8,-39.45,82.7037773359841,122.14920757634327,82.7,125.65,20.68,77.93,7.95,31.81,33.4,39.76,11.13,28.63,0.0,7.95,6.36,14.31,36.58,39.76,Southern Indiana Screaming Eagles
Jayce Depron,28.0,59.4,29.67,137.87234042553192,108.19808572617562,137.87,110.64,51.06,93.62,20.43,45.96,15.32,17.02,20.43,40.85,0.0,8.51,3.4,18.72,20.43,61.28,Southern Jaguars
Rondae Hill,79.0,161.7,21.08,108.71956009426552,87.64455264759586,108.72,90.49,40.22,82.33,8.17,27.02,20.11,34.56,15.08,33.31,0.0,17.6,4.4,16.34,23.25,48.39,Southern Jaguars
Keith Lamar,99.2,180.6,15.25,110.58888581697539,95.34368070953437,110.59,95.11,40.36,86.81,12.16,33.73,17.69,25.44,14.38,36.49,0.0,13.27,7.74,15.48,27.65,50.87,Southern Jaguars
Terrance Dixon Jr.,693.6,1240.7,4.94,108.34849403678997,103.40671701751567,108.35,104.06,37.76,84.41,9.38,27.41,23.45,33.15,15.52,33.23,16.58,12.29,6.95,15.36,25.79,48.75,Southern Jaguars
DaMariee Jones,749.5,1333.7,4.15,109.30153834580811,105.15105655512582,109.3,105.84,39.34,85.38,8.5,26.4,22.12,32.05,16.1,33.25,15.8,12.34,5.57,15.5,25.65,49.35,Southern Jaguars
Michael Jacobs,1017.2,1822.9,4.13,109.67884096292624,105.54493307839388,109.68,106.43,38.29,83.95,9.14,26.33,23.96,34.59,16.03,32.94,15.64,12.39,5.73,15.64,25.01,48.97,Southern Jaguars
Cam Amboree,740.1,1343.2,3.68,106.02786677594816,102.35239423523943,106.03,102.53,36.21,83.53,10.21,29.21,23.4,32.49,15.27,33.01,11.7,12.22,4.17,16.32,27.27,48.28,Southern Jaguars
Ashton Magee,329.8,604.2,2.68,110.01339584728733,107.32984293193716,110.01,109.85,37.17,81.38,10.05,24.28,25.62,38.85,17.41,33.99,10.21,13.23,3.68,17.58,22.94,51.4,Southern Jaguars
Joe Manning,332.1,616.4,0.24,107.59570589426777,107.35747929186292,107.6,107.11,37.76,79.56,7.62,22.2,24.47,34.84,15.23,32.41,13.13,12.64,4.7,19.12,26.9,47.64,Southern Jaguars
Lionel Bell,74.0,139.4,-0.19,106.09520463727384,106.28550485614805,106.1,101.88,35.83,82.21,14.05,38.64,20.38,33.02,16.16,26.7,7.03,16.86,2.11,18.27,23.89,42.86,Southern Jaguars
AJ Barnes,599.3,1060.4,-0.35,108.97920604914934,109.3261201928731,108.98,109.83,37.52,85.07,9.64,27.5,24.29,34.03,18.24,32.51,18.24,11.81,5.58,17.01,26.47,50.75,Southern Jaguars
Malek Abdelgowad,470.7,856.6,-0.49,106.62933473328084,107.11991122013902,106.63,106.98,36.98,82.13,8.52,25.9,24.15,34.18,16.8,33.72,10.97,12.37,4.32,18.43,26.37,50.52,Southern Jaguars
Puoch Dobuol,164.6,288.2,-1.43,110.30581580342937,111.73564980412196,110.31,115.96,37.83,81.67,12.02,27.93,22.63,30.4,11.67,31.11,21.92,12.37,5.3,15.56,29.34,42.78,Southern Jaguars
Fazl Oshodi,648.8,1186.3,-2.75,111.0735989196489,113.82627181073856,111.07,114.11,38.91,86.26,11.06,30.3,22.2,31.06,17.3,30.72,14.1,12.66,5.4,16.29,24.39,48.02,Southern Jaguars
Brandon Hardy,620.4,1113.6,-3.96,103.26417517064269,107.22037008032576,103.26,107.95,35.95,83.35,9.28,27.3,22.08,31.45,14.15,31.72,12.25,12.71,5.5,15.86,26.94,45.87,Southern Jaguars
Isaac Taveras,551.1,988.5,3.78,108.60501331190034,104.82351143482911,108.61,103.38,39.38,82.28,5.32,19.39,24.51,34.76,19.09,34.86,7.64,11.65,6.23,20.29,27.33,53.95,Southern Miss Golden Eagles
Curt Lewis,795.2,1348.7,2.85,106.71116054875789,103.86048149452343,106.71,103.89,36.63,81.13,7.86,25.29,25.58,34.11,15.5,37.45,9.64,9.64,5.12,18.17,28.11,52.95,Southern Miss Golden Eagles
Chiante' Tramble,418.2,718.1,2.31,106.29701866815269,103.98830653581123,106.3,104.07,35.39,80.38,9.61,29.53,25.91,34.55,12.82,37.61,11.84,9.33,5.71,16.02,26.47,50.43,Southern Miss Golden Eagles
Tegra Izay,362.7,619.4,1.81,111.01163831692031,109.19862300856617,111.01,111.01,37.44,78.95,8.3,24.25,27.83,36.79,13.84,36.14,11.56,7.65,7.0,17.42,27.51,49.98,Southern Miss Golden Eagles
Djahi Binet,912.7,1580.8,1.75,103.79291862408174,102.04502546366075,103.79,101.4,36.45,80.97,6.49,22.7,24.4,33.17,16.14,36.7,10.78,11.16,4.92,19.42,26.3,52.84,Southern Miss Golden Eagles
Tylik Weeks,1121.2,1946.5,1.14,105.98836837732473,104.85015874654759,105.99,103.84,37.22,80.88,6.08,20.91,25.46,34.0,15.59,35.69,10.63,10.74,4.96,18.56,26.79,51.28,Southern Miss Golden Eagles
Dylan Brumfield,1060.8,1849.8,1.12,106.83916178155111,105.7197072377338,106.84,105.11,37.19,79.94,6.31,20.86,26.14,35.31,16.06,34.93,11.05,10.73,5.12,19.35,27.28,50.99,Southern Miss Golden Eagles
Israel Hart,706.9,1243.5,-0.73,106.75215387697857,107.4800290486565,106.75,106.75,37.11,81.11,6.81,22.36,25.73,36.06,15.87,33.9,12.42,10.26,4.89,17.63,27.25,49.77,Southern Miss Golden Eagles
Brewer Carruth,318.5,558.5,-4.74,101.14477495287572,105.88748364587876,101.14,111.63,33.47,79.26,8.28,27.03,25.93,34.76,16.37,36.41,10.48,11.59,4.05,20.6,29.79,52.78,Southern Miss Golden Eagles
Dalyn Brandon,135.0,231.2,-5.22,102.42883833388285,107.6481225401553,102.43,111.22,32.97,78.25,9.23,28.13,27.26,35.61,14.51,36.49,14.07,11.87,6.15,19.34,32.53,51.0,Southern Miss Golden Eagles
EJ Paymon,44.7,77.5,-12.09,103.05343511450383,115.14556754988551,103.05,111.96,39.44,86.51,10.18,29.26,13.99,20.36,13.99,34.35,2.54,8.91,8.91,17.81,36.9,48.34,Southern Miss Golden Eagles
Fallou Diagne,150.1,249.2,-13.84,95.9935736519731,109.83064435314161,95.99,110.05,34.14,87.96,10.84,38.56,16.87,24.5,12.85,36.95,9.64,8.03,2.41,13.25,27.71,49.8,Southern Miss Golden Eagles
Felipe Patino,83.4,143.0,-17.11,87.20112517580873,104.31154381084839,87.2,105.49,31.65,92.83,7.74,38.68,16.17,22.5,16.17,45.01,1.41,9.85,6.33,12.66,25.32,61.18,Southern Miss Golden Eagles
IJ Ezuma,54.9,92.5,-23.32,88.76712328767124,112.0896717373899,88.77,115.07,32.88,88.77,5.48,25.21,17.53,32.88,18.63,32.88,0.0,14.25,1.1,14.25,38.36,51.51,Southern Miss Golden Eagles
Robert Cowherd,38.6,64.2,-39.38,78.08764940239044,117.46758199847444,78.09,122.71,28.69,78.09,7.97,35.06,12.75,15.94,3.19,47.81,3.19,3.19,7.97,17.53,25.5,51.0,Southern Miss Golden Eagles
Brayden Johnson,35.0,61.8,38.3,128.2051282051282,89.90600735594606,128.21,88.14,43.27,81.73,19.23,41.67,22.44,38.46,12.82,36.86,16.03,8.01,4.81,12.82,20.83,49.68,Southern Utah Thunderbirds
Zeplin Kidd,37.8,71.8,21.79,107.99865001687479,86.20689655172414,108.0,81.0,40.5,83.7,12.15,39.15,14.85,22.95,9.45,44.55,1.35,6.75,2.7,14.85,17.55,54.0,Southern Utah Thunderbirds
Logan Stephens,168.8,308.2,9.94,107.00389105058366,97.06216523291673,107.0,96.95,36.32,79.77,9.73,29.51,24.64,33.72,13.62,37.94,12.32,9.08,6.16,17.83,22.05,51.56,Southern Utah Thunderbirds
Tanner Hayhurst,791.8,1401.9,0.23,107.61313220940549,107.38351254480287,107.61,106.34,38.47,81.28,11.64,29.74,19.02,26.26,13.63,35.28,13.7,7.81,5.82,19.88,24.06,48.91,Southern Utah Thunderbirds
Jaiden Feroah,849.9,1510.7,-0.86,107.46623126020482,108.3307042159972,107.47,107.6,38.86,84.18,11.15,31.07,18.6,25.53,15.04,35.23,13.19,7.32,6.99,18.74,23.62,50.27,Southern Utah Thunderbirds
5242946,28.8,51.6,-2.02,105.52027357107963,107.53720595295246,105.52,109.43,37.13,84.03,13.68,39.08,17.59,25.4,11.72,33.22,0.0,15.63,3.91,15.63,25.4,44.94,Southern Utah Thunderbirds
Jalen Lee,295.3,544.2,-2.72,102.5404582968325,105.25834057937853,102.54,106.04,37.07,85.76,11.43,33.93,16.97,24.16,16.23,35.96,7.93,9.59,6.45,19.0,22.68,52.19,Southern Utah Thunderbirds
Kai Burdick,397.0,698.7,-2.93,107.73302811359898,110.66571224051538,107.73,110.59,39.92,83.7,11.02,30.76,16.88,23.18,14.45,35.2,12.73,7.87,5.72,19.74,23.46,49.65,Southern Utah Thunderbirds
Isaiah Cottrell,719.4,1281.0,-5.54,100.82063305978899,106.36099576973312,100.82,106.6,36.34,81.83,9.38,29.0,18.76,26.57,13.52,36.11,11.88,7.89,7.58,19.07,20.87,49.63,Southern Utah Thunderbirds
Elijah Duval,708.8,1273.9,-5.55,103.47798840670532,109.02440463314389,103.48,108.57,37.99,82.25,9.01,27.49,18.49,26.32,14.26,35.01,11.44,8.38,7.28,19.5,24.83,49.27,Southern Utah Thunderbirds
Dylan Jones,633.5,1136.4,-9.25,104.36461784907067,113.61781894365421,104.36,113.05,37.13,83.12,10.88,33.71,19.22,25.37,15.8,32.65,12.38,7.99,5.79,20.63,22.82,48.45,Southern Utah Thunderbirds
Cale Barclay,435.1,773.4,-10.29,99.59683921948073,109.88370209595386,99.6,109.4,35.35,81.02,8.9,29.93,20.0,27.74,15.48,34.58,8.77,8.0,4.26,21.29,25.8,50.06,Southern Utah Thunderbirds
Lorenzo Abellar,315.9,576.8,-11.44,98.95104895104895,110.38988952413705,98.95,112.24,33.74,80.42,10.31,33.04,21.15,27.97,14.86,35.49,11.36,7.69,4.02,21.15,21.68,50.35,Southern Utah Thunderbirds
Zach Bell,208.7,395.6,-32.38,92.91756091402601,125.30059486140995,92.92,124.98,34.84,82.82,9.59,30.8,13.63,19.69,13.13,30.3,3.53,6.06,5.05,20.96,22.47,43.43,Southern Utah Thunderbirds
Ilia Ermakov,78.2,133.3,18.07,100.16819286114745,82.09376765204293,100.17,81.48,38.12,82.98,9.72,29.9,14.2,21.68,17.19,36.63,0.75,16.45,8.97,23.92,22.43,53.82,St. Bonaventure Bonnies
Andrew Osasuyi,363.8,602.0,14.41,116.13819609809084,101.72990380248545,116.14,102.94,42.28,84.72,11.03,25.07,20.55,27.24,15.37,35.09,17.04,14.54,10.86,17.71,26.74,50.46,St. Bonaventure Bonnies
Joe Grahovac,582.4,966.0,8.55,117.86179921773142,109.31600441784603,117.86,110.98,43.7,91.16,11.26,29.2,19.19,26.08,17.84,37.97,12.52,10.22,8.55,14.29,21.07,55.81,St. Bonaventure Bonnies
Cayden Charles,1062.4,1784.2,5.59,115.10429756220155,109.51584098547383,115.1,108.74,41.66,87.74,10.95,27.48,20.83,27.81,17.59,33.68,14.86,11.5,6.26,16.64,23.68,51.27,St. Bonaventure Bonnies
Dasonte Bowen,1063.4,1787.6,4.99,114.42432353310193,109.43221516057073,114.42,108.74,41.71,88.61,10.43,26.77,20.58,27.16,17.45,34.29,14.83,11.49,6.3,15.95,23.42,51.74,St. Bonaventure Bonnies
Darryl Simmons II,1125.6,1889.8,4.7,114.83606125993369,110.13860437894066,114.84,108.94,42.47,89.15,11.0,28.05,18.89,25.05,17.53,33.89,15.16,10.89,6.63,16.47,23.63,51.42,St. Bonaventure Bonnies
Frank Mitchell,1070.8,1798.0,2.36,113.57566868228426,111.2182308476897,113.58,110.14,42.12,88.95,9.85,26.68,19.48,26.07,17.82,33.98,14.45,10.46,5.98,16.49,23.47,51.8,St. Bonaventure Bonnies
Amar'e Marshall,132.3,232.0,-0.51,104.28860274555709,104.80349344978166,104.29,102.16,38.74,85.56,6.81,22.99,20.01,26.82,19.58,34.9,2.98,11.49,6.39,21.28,28.09,54.48,St. Bonaventure Bonnies
Daniel Egbuniwe,658.3,1106.0,-4.04,109.88961780444664,113.93098411539162,109.89,111.77,40.03,87.68,10.57,29.38,19.26,24.81,17.2,31.79,16.3,11.02,5.73,17.73,24.27,48.99,St. Bonaventure Bonnies
Achille Lonati,222.3,375.7,-6.35,109.90930466913001,116.25914453305212,109.91,118.51,40.85,87.6,9.94,32.78,18.27,25.53,16.66,35.74,10.75,9.14,8.87,16.93,24.99,52.4,St. Bonaventure Bonnies
Lefteris Liotopoulos,194.2,344.4,24.01,112.38109283976108,88.36777007220991,112.38,91.14,36.58,84.36,12.09,34.22,27.14,41.0,19.47,38.35,16.22,12.39,9.14,15.63,28.32,57.82,St. John's Red Storm
Dylan Darling,697.3,1233.4,20.81,112.07659505994046,91.27121933282945,112.08,89.87,38.86,85.36,9.17,29.37,25.18,35.72,17.62,37.33,17.54,12.15,7.08,15.29,24.46,54.95,St. John's Red Storm
Kelvin Odih,37.4,74.8,20.58,102.11027910142954,81.52531229454306,102.11,84.41,36.76,87.13,6.81,29.95,21.78,29.95,20.42,36.76,4.08,12.25,1.36,19.06,35.4,57.18,St. John's Red Storm
Sadiku Ibine Ayo,206.0,370.1,18.29,109.78030251180617,91.49106428380902,109.78,93.9,36.68,85.42,12.05,32.58,24.37,35.32,19.16,36.68,12.05,12.59,7.12,16.97,21.63,55.84,St. John's Red Storm
Ruben Prey,352.9,625.6,17.85,113.82244340985712,95.97708010027458,113.82,96.81,39.65,86.85,11.88,31.95,22.64,32.75,17.5,34.36,14.77,11.88,6.74,15.09,26.49,51.86,St. John's Red Storm
Oziyah Sellers,1016.9,1789.6,17.39,115.16881308736512,97.78114180788585,115.17,97.12,40.1,87.94,10.8,31.02,24.17,33.14,17.6,36.64,17.04,9.8,7.46,13.92,22.78,54.24,St. John's Red Storm
Bryce Hopkins,1015.3,1782.5,17.26,115.48203814881677,98.22470236003542,115.48,97.79,39.97,87.1,9.74,28.94,25.81,35.99,18.25,35.88,17.35,10.52,6.49,14.05,23.17,54.13,St. John's Red Storm
Dillon Mitchell,980.6,1710.4,16.93,113.91294172712381,96.98102735624462,113.91,97.12,40.02,88.87,9.24,30.48,24.63,34.64,19.31,36.16,17.49,10.94,6.96,13.98,24.4,55.47,St. John's Red Storm
Zuby Ejiofor,1049.8,1843.4,16.65,114.37215521549456,97.71774061768069,114.37,96.92,39.38,87.31,9.78,30.09,25.82,35.71,18.69,36.25,17.18,10.37,6.75,14.42,23.12,54.94,St. John's Red Storm
Ian Jackson,610.4,1084.7,12.85,113.30186059427938,100.44760702398715,113.3,101.27,39.53,87.75,10.55,31.01,23.7,32.21,18.33,33.97,15.74,10.27,6.57,15.27,23.6,52.3,St. John's Red Storm
Joson Sanon,726.4,1292.7,8.81,111.085521265162,102.27826392001715,111.09,100.72,37.16,84.83,9.6,29.79,27.18,38.08,18.58,35.54,14.59,10.36,5.76,15.66,25.26,54.12,St. John's Red Storm
Hayden Tibbits,218.9,395.4,20.82,128.68769074262462,107.87025396027157,128.69,109.1,46.03,86.47,18.06,44.51,18.57,28.48,9.92,37.13,16.28,10.43,2.8,9.92,25.69,47.05,St. Thomas-Minnesota Tommies
Carter Bjerke,759.7,1288.2,19.16,118.2683782429359,99.10702073196944,118.27,97.76,43.17,85.81,15.11,40.94,16.81,24.52,11.33,38.7,15.57,9.87,3.16,13.88,21.9,50.03,St. Thomas-Minnesota Tommies
Austin Herro,582.2,1008.1,18.27,115.63362609786701,97.3648731462189,115.63,99.67,40.75,80.5,13.75,36.34,20.38,31.12,11.54,40.15,15.56,11.54,4.22,16.26,23.49,51.69,St. Thomas-Minnesota Tommies
Ryan Lafferty,139.5,239.7,16.8,109.97708810664444,93.17873184999478,109.98,92.9,42.07,86.65,14.16,44.16,11.66,15.83,7.5,37.91,0.0,12.5,6.25,13.33,20.41,45.41,St. Thomas-Minnesota Tommies
Nolan Minessale,958.8,1675.7,16.67,117.39253689032122,100.72500522123103,117.39,100.74,42.31,83.2,13.61,37.6,19.16,28.47,10.32,37.48,14.38,10.92,3.94,13.61,22.62,47.8,St. Thomas-Minnesota Tommies
Ben Oosterbaan,749.8,1287.6,13.87,115.47882888137175,101.61143322538734,115.48,101.87,42.85,85.07,13.45,39.12,16.33,25.04,11.28,38.26,14.93,10.58,3.58,14.31,24.11,49.54,St. Thomas-Minnesota Tommies
Isaiah Johnson-Arigu,639.6,1153.6,12.46,116.47590229355787,104.01405132159533,116.48,106.48,41.31,80.16,12.63,35.43,21.23,31.05,9.82,36.57,15.17,11.93,4.21,14.91,23.33,46.39,St. Thomas-Minnesota Tommies
Nick Janowski,973.8,1696.5,11.35,114.80745158677563,103.45336046477335,114.81,103.32,41.29,83.0,13.31,38.29,18.91,27.98,10.25,37.64,14.02,10.07,3.53,13.96,21.91,47.89,St. Thomas-Minnesota Tommies
Ryan Dufault,531.7,916.0,8.84,117.95221843003414,109.11372377860826,117.95,109.22,42.59,83.99,12.56,38.44,20.2,30.03,11.69,34.95,14.31,10.27,3.6,13.43,25.34,46.64,St. Thomas-Minnesota Tommies
Jermaine Coleman,402.3,714.3,3.69,110.30458297751208,106.61524157167945,110.3,110.16,40.42,83.4,12.81,39.85,16.65,25.05,9.54,37.15,12.81,10.96,3.7,14.23,23.77,46.69,St. Thomas-Minnesota Tommies
Jaylen Thompson,198.7,321.1,14.51,123.55456993505464,109.04357148326824,123.55,112.78,43.09,87.44,13.94,35.48,23.44,29.78,16.16,33.9,17.42,12.36,4.44,14.57,28.83,50.06,Stanford Cardinal
Ebuka Okorie,1000.4,1705.1,7.69,113.73798182296385,106.04366503854527,113.74,105.32,38.69,87.79,14.09,38.46,22.27,30.51,16.19,32.91,12.45,11.75,5.67,13.91,26.07,49.1,Stanford Cardinal
AJ Rohosy,616.0,1029.6,7.66,114.12963956494171,106.47454185000727,114.13,107.4,41.07,87.3,14.83,36.87,17.17,26.73,15.8,33.85,12.0,10.83,4.29,15.8,27.8,49.65,Stanford Cardinal
Chisom Okpara,452.0,792.2,6.61,111.34447196012664,104.73133996377616,111.34,103.32,35.48,81.25,11.66,32.1,28.71,40.0,16.68,32.35,6.52,10.28,5.64,16.43,25.58,49.03,Stanford Cardinal
Aidan Cammann,652.6,1126.8,5.75,113.97725764346711,108.2307914821655,113.98,107.61,37.61,82.21,12.83,34.69,25.93,35.22,14.6,33.01,11.59,11.68,4.51,15.66,26.46,47.61,Stanford Cardinal
Benny Gealer,881.7,1491.1,4.17,111.22058749853876,107.0526847332099,111.22,106.21,37.74,84.9,13.36,36.14,22.38,30.66,15.7,32.87,12.49,11.49,5.28,16.23,26.45,48.57,Stanford Cardinal
Cameron Grant,198.1,354.5,3.89,108.83598250850281,104.94623655913979,108.84,101.62,37.48,90.23,14.44,46.09,19.43,25.82,17.49,32.48,10.0,8.61,5.28,14.99,24.15,49.97,Stanford Cardinal
Jeremy Dent-Smith,638.0,1096.4,3.28,110.67301775417646,107.39541037456088,110.67,107.3,37.29,85.33,13.22,39.38,22.88,31.27,16.5,32.91,10.39,11.3,5.93,16.32,26.44,49.41,Stanford Cardinal
Ryan Agarwal,653.8,1113.7,2.61,110.14230856110233,107.5340784864913,110.14,108.88,37.14,84.84,14.82,39.12,21.05,29.82,15.54,32.89,12.65,11.84,5.06,16.53,26.29,48.43,Stanford Cardinal
Oskar Giltay,448.1,745.7,2.2,106.23883514779735,104.04161664665865,106.24,105.16,34.78,87.09,12.54,39.77,24.13,31.14,17.66,33.3,12.13,13.21,8.09,15.77,26.02,50.96,Stanford Cardinal
Donavin Young,302.8,493.6,-1.21,108.79475490447166,110.00901713255185,108.79,112.48,38.93,92.4,15.16,43.64,15.78,19.87,17.42,35.24,16.19,11.06,7.38,15.57,25.41,52.66,Stanford Cardinal
Kristers Skrinda,35.3,66.7,-5.38,102.30547550432276,107.68630511119781,102.31,99.42,33.14,83.57,8.65,37.46,27.38,34.58,17.29,33.14,0.0,10.09,1.44,17.29,12.97,50.43,Stanford Cardinal
Jerald Colonel,752.3,1270.8,21.09,114.9502052682237,93.86267362821397,114.95,93.58,41.01,92.48,13.91,37.64,19.01,27.58,18.62,38.34,12.18,12.26,7.15,13.04,22.79,56.96,Stephen F. Austin Lumberjacks
Chrishawn Christmas,861.5,1446.9,19.85,116.79083885209714,96.94451657578118,116.79,96.58,42.43,92.58,14.14,37.11,17.8,25.94,19.38,38.63,13.52,11.38,5.59,14.49,21.52,58.01,Stephen F. Austin Lumberjacks
Lateef Patrick,845.5,1417.4,17.68,116.59239842726082,98.91225009346459,116.59,97.09,42.71,91.99,13.84,35.93,17.34,24.81,17.4,37.12,12.79,11.04,5.8,13.63,21.81,54.52,Stephen F. Austin Lumberjacks
Keon Thompson,874.4,1471.7,16.4,116.12859968487041,99.73138645912252,116.13,97.09,42.37,92.33,13.81,37.08,17.57,25.61,18.04,36.74,12.81,10.93,5.83,13.54,22.8,54.78,Stephen F. Austin Lumberjacks
Kam Burton,560.7,922.7,15.42,115.14110956111172,99.71814027310292,115.14,97.76,42.92,93.79,14.27,37.66,15.02,21.89,18.56,36.27,13.74,10.62,5.26,14.38,23.07,54.83,Stephen F. Austin Lumberjacks
Ahamed Mohammed,461.3,763.8,14.52,114.53275690056535,100.00966588265618,114.53,103.23,40.71,91.12,13.97,39.51,19.16,27.93,18.36,36.58,15.7,10.64,4.39,13.97,24.48,54.94,Stephen F. Austin Lumberjacks
Narit Chotikavanic,660.0,1107.3,13.56,113.84979143895964,100.29026581034444,113.85,97.88,40.78,91.45,13.38,38.1,18.92,27.57,17.76,34.98,14.01,10.71,5.62,13.21,23.64,52.74,Stephen F. Austin Lumberjacks
Eltramon Smith Jr.,92.3,156.4,12.39,108.43183609141056,96.04153147306944,108.43,93.3,39.09,91.41,16.39,46.02,13.87,22.06,13.24,35.93,18.91,8.83,6.93,11.35,27.74,49.17,Stephen F. Austin Lumberjacks
Marcus Scurry,174.6,290.8,10.21,109.26163038839096,99.05619534158801,109.26,97.65,41.31,92.53,14.34,40.97,12.29,22.19,18.1,36.53,17.41,8.54,4.44,15.02,24.24,54.63,Stephen F. Austin Lumberjacks
Gediminas Alisas,401.2,653.8,4.64,114.16506428382914,109.52953496489934,114.17,106.47,43.43,92.3,13.42,37.55,13.87,20.66,17.49,33.33,17.34,8.14,2.41,15.38,23.98,50.82,Stephen F. Austin Lumberjacks
Christian Green,145.6,229.2,1.17,115.56629682522245,114.39714007149821,115.57,116.01,46.14,96.23,13.18,36.91,10.11,16.26,18.89,30.32,21.53,8.79,4.83,14.94,28.56,49.21,Stephen F. Austin Lumberjacks
5177678,30.3,56.8,11.78,125.66371681415929,113.88523872098115,125.66,115.04,40.71,72.57,17.7,28.32,26.55,35.4,8.85,33.63,30.09,14.16,0.0,19.47,24.78,42.48,Stetson Hatters
5314558,27.6,52.6,5.44,121.60898035547241,116.16650532429817,121.61,112.25,37.42,67.35,14.97,22.45,31.81,41.16,11.23,29.93,28.06,14.97,0.0,24.32,26.19,41.16,Stetson Hatters
Collin Kuhl,717.2,1220.3,-0.73,108.37681278501294,109.11097035205654,108.38,109.69,39.36,83.07,12.08,35.0,17.58,26.13,13.23,35.0,16.02,9.7,2.3,17.75,24.4,48.23,Stetson Hatters
Jake Johnson,869.3,1470.0,-3.34,112.19870513674645,115.53764624214821,112.2,116.57,39.29,82.41,14.21,36.97,19.41,27.4,12.85,33.96,16.88,8.61,2.8,17.42,23.44,46.81,Stetson Hatters
Ethan Copeland,1010.4,1731.8,-3.92,109.45618288881191,113.3715473801239,109.46,113.32,39.08,84.92,14.14,38.33,17.15,24.94,13.97,34.64,16.05,9.18,3.12,17.2,21.88,48.61,Stetson Hatters
Finley Sheridan,567.3,940.4,-3.99,109.85304745844375,113.84517900517478,109.85,115.42,39.51,83.3,13.7,37.47,17.13,23.66,13.38,35.55,23.02,8.03,3.43,18.84,25.7,48.93,Stetson Hatters
Calvin Sirmans III,726.6,1249.9,-7.58,108.69521652872687,116.27535537454081,108.7,116.71,38.72,83.37,13.95,38.4,17.31,25.57,13.63,34.47,15.23,9.3,3.21,18.12,21.16,48.1,Stetson Hatters
Daniel Macgregor,346.3,588.8,-9.92,107.44225834046193,117.359413202934,107.44,119.08,36.1,82.29,13.69,37.47,21.56,30.8,14.2,33.53,23.27,9.24,3.25,17.28,26.35,47.73,Stetson Hatters
Jamie Phillips Jr.,487.0,850.6,-10.9,102.3686679174484,113.26870377464124,102.37,112.69,37.41,82.32,12.08,36.94,15.48,24.39,12.66,34.12,5.28,8.68,3.28,18.76,21.46,46.78,Stetson Hatters
Alex Doyle,529.4,888.0,-14.2,106.86205438917852,121.06551151866334,106.86,121.29,37.2,85.56,16.01,41.26,16.46,24.24,15.1,32.92,15.22,9.47,2.82,18.04,21.08,48.02,Stetson Hatters
Sean Morgan,212.3,371.0,-14.85,96.92171182854413,111.76901071119687,96.92,114.67,36.04,84.91,10.92,34.95,13.92,24.3,15.02,33.31,0.55,9.56,3.28,18.57,21.84,48.33,Stetson Hatters
J.R. Leonard,200.9,350.1,-20.26,101.26943374696904,121.53274235058622,101.27,121.24,36.51,88.15,12.84,39.94,15.4,27.96,19.11,32.52,4.85,7.42,3.14,17.69,23.96,51.63,Stetson Hatters
Janusz Ratowski,166.7,288.2,-20.51,94.97206703910615,115.47742157876593,94.97,116.97,34.22,85.89,11.52,41.9,15.01,22.35,15.01,34.92,9.78,9.08,3.49,18.51,20.6,49.93,Stetson Hatters
Matar Diop,389.1,635.9,-21.24,104.04080031384856,125.28563548971714,104.04,124.75,36.25,82.39,16.48,38.13,15.06,23.54,14.12,31.86,13.65,7.53,3.92,20.56,20.87,45.98,Stetson Hatters
William Batchelder,80.1,148.1,12.79,102.32085380315095,89.5321440592393,102.32,90.12,35.91,81.31,15.59,38.62,14.91,25.07,14.91,41.33,0.0,7.45,6.1,21.68,28.46,56.24,Stonehill Skyhawks
Chas Stinson,770.9,1295.2,0.21,99.74774219637595,99.53367775391342,99.75,99.05,35.59,83.88,10.01,31.12,18.56,25.34,15.1,39.51,12.32,7.86,5.47,19.18,24.26,54.61,Stonehill Skyhawks
Rex Sunderland,759.0,1252.1,-0.48,100.43310779793624,100.91083413231065,100.43,100.83,36.25,84.63,12.29,36.09,15.65,22.11,14.21,39.52,12.69,7.42,5.51,19.08,23.63,53.73,Stonehill Skyhawks
Ridvan Tutic,591.9,976.2,-1.83,96.09425022410039,97.92072108982896,96.09,97.94,35.14,83.6,10.55,31.45,15.26,22.03,15.98,42.52,13.63,6.66,4.81,21.92,22.03,58.5,Stonehill Skyhawks
Davante Hackett,801.3,1338.1,-4.41,100.8547646597738,105.26118914470608,100.85,105.04,35.76,84.51,11.94,35.68,17.39,25.23,15.23,38.52,13.14,6.87,5.82,18.74,24.56,53.75,Stonehill Skyhawks
Hermann Koffi,981.9,1632.4,-4.55,96.99712555806985,101.54775966007577,97.0,101.22,35.17,84.46,11.62,35.17,15.04,21.77,14.68,39.63,11.74,7.09,5.38,19.88,24.22,54.31,Stonehill Skyhawks
Trenton Ruth,297.5,502.3,-4.79,96.15480524662112,100.9438648782911,96.15,101.34,34.91,87.78,11.57,37.7,14.76,25.73,15.76,40.1,10.97,5.98,4.99,15.76,24.54,55.86,Stonehill Skyhawks
Raymond Espinal-Guzman,716.6,1185.8,-6.26,96.31896625010626,102.57697456492636,96.32,104.23,35.45,86.29,12.24,36.39,13.18,19.38,16.49,41.32,10.63,6.38,6.12,21.0,23.21,57.81,Stonehill Skyhawks
Ethan Meuser,349.8,558.6,-8.03,91.888775555457,99.92320549306591,91.89,98.1,32.46,85.86,10.11,37.25,16.85,26.79,14.19,38.85,17.38,7.45,5.68,15.61,22.53,53.04,Stonehill Skyhawks
Pearse McGuinn,189.1,327.4,-9.58,91.30203988776825,100.88427527873895,91.3,99.49,32.76,83.42,10.31,29.73,15.47,22.14,14.26,40.95,3.03,6.37,4.85,20.32,22.45,55.21,Stonehill Skyhawks
Anthony Holden,162.7,281.3,-15.13,105.05050505050507,120.17630655752451,105.05,117.35,36.89,86.78,13.0,38.3,18.27,26.35,14.4,35.84,10.19,7.03,4.22,15.11,26.0,50.24,Stonehill Skyhawks
Cory Lovell,43.5,74.3,-18.29,97.23609723609724,115.52837240910634,97.24,113.22,34.63,89.24,10.66,31.97,17.32,22.64,18.65,43.96,0.0,4.0,0.0,18.65,31.97,62.61,Stonehill Skyhawks
Collin O'Connor,138.6,237.0,12.0,102.16685857845704,90.16480595427964,102.17,88.77,35.59,89.61,12.14,38.1,18.84,28.05,18.0,38.1,0.0,13.82,6.7,15.07,20.52,56.1,Stony Brook Seawolves
Jonah Butler,320.2,548.7,3.01,104.84975796876425,101.84132757444874,104.85,102.29,36.72,88.23,12.6,39.27,18.81,25.94,18.81,37.08,13.33,10.96,5.11,18.27,25.57,55.89,Stony Brook Seawolves
Oleg Kojenets,295.2,496.7,0.81,100.66305003013865,99.84871406959152,100.66,99.46,37.97,84.79,10.85,31.95,13.86,18.49,12.66,37.17,10.05,9.44,6.83,19.09,23.71,49.83,Stony Brook Seawolves
Richard Goods,727.5,1195.9,0.6,107.12721356610975,106.52474542178267,107.13,106.04,37.63,88.86,15.77,43.97,16.1,23.11,14.93,36.04,14.1,10.68,5.42,15.1,22.53,50.97,Stony Brook Seawolves
Quin Gorman,529.7,879.2,0.51,105.5218189521254,105.01302642503363,105.52,103.6,37.06,90.27,14.24,41.12,17.17,24.29,16.16,36.94,11.86,9.94,6.44,14.35,22.26,53.1,Stony Brook Seawolves
Andrej Shoshkikj,768.0,1277.3,-0.18,103.84143132783723,104.02374540522476,103.84,103.14,36.95,86.85,14.27,40.62,15.67,21.13,13.8,36.33,13.72,10.29,5.54,16.92,22.22,50.13,Stony Brook Seawolves
Rob Brown III,917.7,1529.0,-0.61,105.61571228823203,106.22903374334014,105.62,105.03,36.61,87.02,14.63,40.45,17.75,24.32,14.7,35.7,12.94,10.21,5.85,16.13,23.09,50.4,Stony Brook Seawolves
Erik Pratt,923.6,1539.3,-0.95,106.81803521898988,107.76679971209842,106.82,106.24,37.35,86.63,13.8,38.96,18.32,25.03,14.58,35.03,13.87,9.8,5.81,16.06,23.41,49.61,Stony Brook Seawolves
Tomas Valentiny,540.3,914.7,-3.82,101.39235987147445,105.2116200631052,101.39,106.23,35.92,85.79,12.96,38.89,16.59,22.74,14.28,36.8,12.74,9.23,5.6,17.69,22.3,51.08,Stony Brook Seawolves
Ethan Simmon,398.6,679.9,-9.59,99.2563139680436,108.85053250091809,99.26,109.12,35.05,86.15,14.28,41.68,14.87,23.27,14.73,35.79,15.46,9.28,5.15,17.52,25.92,50.52,Stony Brook Seawolves
Toby Onyekonwu,212.0,373.2,-10.21,93.59406608226568,103.79932131212988,93.59,105.19,33.45,89.01,9.98,36.95,16.72,24.28,16.99,35.6,8.63,10.25,4.59,16.45,25.62,52.59,Stony Brook Seawolves
Bryce Zephir,100.1,163.0,15.97,99.20449227889564,83.23281061519903,99.2,86.1,37.44,81.11,8.11,28.7,16.22,30.57,14.97,43.05,3.12,8.73,10.61,19.34,27.45,58.02,Syracuse Orange
Ibrahim Souare,224.4,374.2,13.01,112.6798621900966,99.66953073364178,112.68,101.87,41.34,82.69,12.16,35.67,17.83,26.21,14.05,40.53,10.27,6.21,9.19,18.92,27.29,54.58,Syracuse Orange
Naithan George,979.0,1670.6,3.73,111.58400907964099,107.85034115618204,111.58,107.4,40.38,84.4,11.35,32.38,19.47,29.69,14.22,34.05,13.32,8.78,7.94,15.71,23.18,48.27,Syracuse Orange
Nate Kingz,960.0,1634.2,2.94,109.55977721828032,106.61759067556169,109.56,106.08,39.98,85.63,10.13,31.31,19.47,29.6,15.01,34.67,12.51,8.55,8.85,15.32,23.19,49.68,Syracuse Orange
Donnie Freeman,677.3,1162.1,1.96,109.39937180829469,107.43837456136549,109.4,105.98,39.14,82.82,10.85,31.02,20.26,28.97,12.91,34.79,15.64,8.03,7.52,16.32,23.16,47.7,Syracuse Orange
Luke Fennell,50.4,88.7,0.35,92.07161125319693,91.72259507829978,92.07,93.21,36.37,95.48,6.82,32.96,12.5,23.87,29.55,43.19,0.0,10.23,10.23,22.73,21.6,72.74,Syracuse Orange
Sadiq White Jr.,445.2,742.1,-2.01,104.76125604522852,106.76796960911726,104.76,109.12,38.55,85.96,10.08,30.38,17.57,26.97,16.35,33.92,11.17,11.31,9.13,17.57,26.56,50.27,Syracuse Orange
Tyler Betsey,525.1,873.3,-2.01,110.45841971895875,112.47082930161079,110.46,113.8,39.97,84.66,11.17,34.32,19.35,31.33,15.2,34.78,12.09,8.52,6.45,15.66,29.6,49.98,Syracuse Orange
J.J. Starling,838.5,1420.5,-3.32,105.37281282553808,108.69031330035435,105.37,109.4,38.42,85.88,9.53,30.44,19.0,29.87,15.61,34.04,13.0,8.9,8.76,15.54,22.95,49.65,Syracuse Orange
William Kyle III,858.6,1439.3,-3.8,104.94914781152416,108.74941630203558,104.95,109.69,38.8,86.6,9.49,30.35,17.86,29.1,16.26,33.77,11.51,8.93,8.93,15.84,21.07,50.03,Syracuse Orange
Kiyan Anthony,505.0,855.0,-6.25,102.12765957446808,108.37581937363439,102.13,109.17,36.51,83.58,9.51,32.05,19.6,31.11,16.08,34.51,7.63,7.87,8.1,17.73,24.77,50.59,Syracuse Orange
RJ Jones,37.7,67.1,15.22,125.85895117540686,110.64156742220514,125.86,104.16,49.19,91.14,11.57,31.83,15.91,21.7,14.47,33.27,31.83,10.13,7.23,13.02,33.27,47.74,TCU Horned Frogs
Jace Posey,290.2,504.6,12.81,114.67562888277828,101.86167647342528,114.68,107.55,38.29,80.25,9.57,25.87,28.52,41.14,17.31,34.22,10.18,10.39,5.7,17.52,25.26,51.53,TCU Horned Frogs
Jayden Pierre,1056.4,1811.7,10.75,111.6028691538216,100.85233121508668,111.6,101.95,38.85,86.13,11.04,31.91,22.86,32.35,16.48,34.46,15.04,11.43,6.55,14.98,23.53,50.94,TCU Horned Frogs
David Punch,1004.1,1750.0,8.85,108.50065301318944,99.65303452590865,108.5,100.58,38.58,87.66,9.82,31.0,21.53,31.17,18.03,34.5,14.29,11.88,6.77,15.56,21.81,52.53,TCU Horned Frogs
Xavier Edmonds,793.6,1360.3,8.67,112.37328348551297,103.7037037037037,112.37,99.14,40.62,87.43,11.22,31.06,19.92,29.05,17.4,31.42,18.12,10.86,6.11,16.18,22.5,48.82,TCU Horned Frogs
Liutauras Lelevicius,791.8,1398.2,8.14,109.82288925243616,101.68272688048326,109.82,100.58,39.05,88.06,11.59,34.14,20.13,28.74,16.08,34.28,15.43,10.31,6.97,14.37,23.19,50.36,TCU Horned Frogs
Brock Harding,1107.6,1929.7,7.61,108.84037176355011,101.2270336947348,108.84,100.77,38.21,87.07,10.29,31.75,22.13,32.01,17.74,33.66,15.15,11.69,6.46,15.46,22.08,51.4,TCU Horned Frogs
Micah Robinson,922.0,1605.0,6.26,108.37080867850099,102.11300095346476,108.37,104.77,37.18,86.85,10.79,33.14,23.23,33.14,17.23,34.52,15.78,11.74,6.06,14.64,24.36,51.75,TCU Horned Frogs
Tanner Toolson,726.8,1303.9,1.24,109.2527236458493,108.01280208513005,109.25,108.1,37.29,87.0,10.2,31.23,24.47,35.6,19.1,32.53,15.88,9.21,5.68,15.19,25.4,51.63,TCU Horned Frogs
Vianney Salatchoum,112.9,199.1,0.92,92.14777356370277,91.22886644729378,92.15,112.94,29.78,81.47,6.74,30.9,25.85,34.27,15.17,45.51,6.74,12.92,8.43,17.42,28.09,60.68,TCU Horned Frogs
Kayden Edwards,76.5,136.5,-2.51,98.71003925967472,101.22038765254844,98.71,105.44,37.39,86.75,10.47,36.64,13.46,23.18,17.95,37.39,16.45,8.23,1.5,20.19,23.93,55.34,TCU Horned Frogs
Cam McDowell,434.3,789.7,9.64,110.09753480003788,100.45720091440182,110.1,99.87,39.52,83.58,5.68,21.72,25.38,32.7,15.53,30.81,8.33,14.39,3.79,16.41,27.78,46.34,Tarleton State Texans
Freddy Hicks,675.8,1187.4,6.89,108.25371438191841,101.36287995281528,108.25,101.27,37.88,80.56,7.24,20.54,25.25,33.84,14.82,29.8,7.24,14.31,3.62,18.18,28.54,44.62,Tarleton State Texans
Cameron Thomas,87.3,159.6,5.3,108.52713178294573,103.2298923369221,108.53,101.09,43.41,92.4,9.3,25.43,12.4,18.6,16.74,27.91,3.72,17.36,4.34,15.5,19.22,44.65,Tarleton State Texans
Leroy Kelly IV,437.4,797.7,5.17,106.38364681131662,101.21356186663331,106.38,101.61,38.06,79.88,6.78,19.09,23.49,31.78,14.44,29.26,8.04,16.58,2.89,19.47,28.64,43.7,Tarleton State Texans
Kade Douglas,428.4,773.1,4.05,105.18494588919398,101.13305276788604,105.18,100.92,36.18,79.73,7.49,22.1,25.33,34.24,14.21,28.43,8.53,14.08,3.75,18.22,30.11,42.64,Tarleton State Texans
Jordan Mizell,773.9,1336.3,2.84,102.8936504081747,100.05058737563937,102.89,99.76,36.17,81.37,6.2,18.46,24.36,33.55,16.51,30.19,8.52,14.2,4.48,19.2,27.72,46.7,Tarleton State Texans
Andy Sigiscar,337.6,572.4,2.83,99.59811287786127,96.76433343522118,99.6,96.8,37.22,80.55,5.59,18.0,19.57,25.86,12.93,35.65,9.44,11.71,6.47,20.09,26.04,48.58,Tarleton State Texans
Dior Johnson,485.6,889.3,2.71,111.70330890517432,108.98841215158157,111.7,106.26,35.86,77.39,6.55,16.66,33.42,41.75,15.88,30.31,9.11,10.88,4.22,18.65,31.09,46.19,Tarleton State Texans
Kaia Isaac,728.6,1309.0,1.7,104.08641136037464,102.38182625997257,104.09,100.08,37.92,80.9,5.82,19.87,22.43,30.52,14.65,31.5,7.7,12.99,4.46,19.26,26.97,46.15,Tarleton State Texans
Chris Mpaka,401.0,696.1,1.4,105.71489879121665,104.31771453305917,105.71,103.43,38.05,83.69,4.58,15.45,25.03,34.05,21.46,30.61,8.01,14.16,4.86,21.6,28.61,52.07,Tarleton State Texans
Damion Porter Jr.,81.3,153.5,-5.01,87.35632183908046,92.36234458259325,87.36,93.92,25.62,72.91,1.97,13.79,34.15,45.98,18.39,35.47,8.54,13.79,6.57,23.65,35.47,53.86,Tarleton State Texans
DJ Dormu,325.6,566.3,-9.74,99.7205728257073,109.45939913396722,99.72,107.06,35.28,83.3,6.29,21.31,22.88,30.74,16.07,29.69,13.97,12.4,4.02,18.16,31.61,45.76,Tarleton State Texans
Ocypher Owens,464.6,804.3,-11.35,95.66108643662453,107.00843002457461,95.66,106.84,32.92,79.01,6.21,19.75,23.6,32.67,16.27,30.56,7.58,12.67,5.34,21.74,26.96,46.83,Tarleton State Texans
Matyas Vrabel,63.2,113.2,-14.49,94.31467606875276,108.8014153029633,94.31,108.42,37.9,91.67,7.05,22.92,11.46,19.39,16.75,26.44,4.41,12.34,1.76,15.87,24.68,43.19,Tarleton State Texans
Ayuba Bryant Jr.,208.4,336.6,10.21,114.16616855947399,103.95747194329591,114.17,105.2,37.06,77.7,10.76,26.3,29.29,40.65,11.36,36.16,6.28,8.37,6.58,14.35,27.79,47.52,Temple Owls
Jamai Felt,413.6,659.2,7.3,109.19672256681214,101.90125497858268,109.2,103.84,38.9,86.53,9.19,29.41,22.21,30.94,17.0,39.21,11.49,8.42,6.28,15.77,27.41,56.21,Temple Owls
Jordan Mason,1074.5,1751.1,6.99,112.10111304050785,105.1109106270854,112.1,104.47,37.52,84.43,10.19,30.46,26.87,35.41,14.86,35.7,11.56,9.11,5.98,13.61,25.79,50.56,Temple Owls
Gavin Griffiths,876.1,1454.8,6.52,110.06785004454802,103.55228459642531,110.07,102.94,38.59,86.97,10.76,32.62,22.14,29.88,15.01,37.28,12.54,8.02,6.65,13.84,24.88,52.29,Temple Owls
Masiah Gilyard,540.6,877.7,5.63,113.12528682882055,107.49342309977088,113.13,108.99,38.55,89.72,11.13,33.62,24.9,33.96,20.54,34.99,12.74,9.41,4.82,14.69,29.49,55.53,Temple Owls
Derrian Ford,1098.9,1800.8,4.51,112.97807205884389,108.46608695652174,112.98,107.99,38.12,84.61,10.25,30.03,26.49,34.85,14.24,36.07,11.03,7.7,6.09,13.08,26.1,50.31,Temple Owls
Babatunde Durodola,611.7,996.1,4.1,114.01803956744905,109.9173344793589,114.02,108.34,38.47,85.61,10.86,31.69,26.21,34.48,14.95,34.19,13.75,8.47,5.38,12.96,26.41,49.14,Temple Owls
Aiden Tobiason,1123.1,1844.2,3.49,111.54278288413899,108.05380971126827,111.54,107.75,38.01,85.17,10.02,30.48,25.5,33.95,15.16,35.2,11.37,8.39,6.17,13.86,26.48,50.36,Temple Owls
Cam Wallace,108.9,185.0,1.38,115.02476609796368,113.64843335103558,115.02,117.78,34.12,80.35,11.56,28.62,35.22,50.63,14.86,36.32,6.6,11.01,7.15,10.46,25.87,51.18,Temple Owls
AJ Smith,116.4,195.6,-0.77,123.6087468901401,124.37562437562437,123.61,130.42,39.28,75.42,9.95,20.43,35.09,53.95,13.09,34.57,0.0,8.38,3.67,12.05,28.81,47.66,Temple Owls
Mohamed Keita,99.0,161.1,-7.84,107.5,115.34309946029298,107.5,116.88,37.5,88.75,13.12,31.25,19.38,25.0,15.0,31.87,11.88,11.88,10.0,14.37,21.25,46.87,Temple Owls
Spencer Mahoney,53.4,79.9,-10.35,108.72313527180783,119.06976744186046,108.72,121.37,31.61,92.29,6.32,39.19,39.19,45.51,24.02,36.66,11.38,11.38,5.06,10.11,29.08,60.68,Temple Owls
Jalen Pitre,758.8,1382.1,11.41,111.43589188408936,100.02175962863566,111.44,99.53,40.13,86.39,7.87,25.62,23.24,30.17,17.61,34.57,12.49,13.71,5.41,16.89,23.24,52.18,Tennessee State Tigers
Damon Howard Jr.,121.4,209.0,11.3,108.74251497005989,97.44447098160974,108.74,97.72,40.72,90.54,8.62,28.74,18.2,23.95,17.72,35.45,14.37,12.93,3.83,15.81,28.26,53.17,Tennessee State Tigers
Carlous Williams,554.4,994.9,9.87,109.63187090267272,99.76211343433079,109.63,100.45,39.74,86.94,7.16,27.13,23.0,30.26,18.15,35.6,9.28,11.8,4.64,16.84,24.41,53.75,Tennessee State Tigers
Aaron Nkrumah,954.4,1738.8,9.24,109.78946458915355,100.5469501428387,109.79,100.86,39.4,85.83,8.18,24.94,22.81,29.84,17.51,33.35,11.75,14.17,4.9,17.51,24.94,50.86,Tennessee State Tigers
Travis Harper II,947.1,1707.8,9.11,113.30502167155554,104.19358627980735,113.31,103.56,40.75,86.98,8.87,27.2,22.88,29.01,17.69,33.27,12.26,12.61,5.2,16.93,23.93,50.96,Tennessee State Tigers
Dante Harris,987.2,1777.5,9.02,112.40718125798345,103.38218714768882,112.41,102.97,40.48,86.86,8.09,25.49,23.3,30.26,17.8,33.69,11.96,12.91,5.05,16.56,24.42,51.49,Tennessee State Tigers
Antoine Lorick III,631.4,1133.4,4.06,109.84506204130209,105.78366445916114,109.85,105.61,39.67,87.1,8.11,23.89,22.3,28.83,18.95,31.65,13.75,14.81,5.91,18.16,25.74,50.6,Tennessee State Tigers
5182573,34.4,64.4,3.84,135.5397951142632,131.6998468606432,135.54,135.54,48.86,75.65,14.18,22.06,23.64,34.67,7.88,33.1,29.94,6.3,11.03,15.76,23.64,40.98,Tennessee State Tigers
JC Brooks,165.0,305.1,3.74,102.63072426112375,98.89201256821563,102.63,97.11,37.35,84.44,6.5,23.38,21.44,27.28,17.54,34.43,7.79,13.32,2.27,20.14,27.93,51.97,Tennessee State Tigers
Kavien Jones,272.3,474.6,3.34,107.21996945600083,103.88242111362797,107.22,103.85,40.02,88.05,9.06,25.7,18.12,23.38,17.48,33.91,10.53,12.22,5.48,18.33,26.33,51.39,Tennessee State Tigers
5242985,31.8,53.8,2.35,129.33025404157044,126.984126984127,129.33,125.64,46.19,79.45,16.63,27.71,20.32,27.71,9.24,33.26,24.02,7.39,11.09,16.63,25.87,42.5,Tennessee State Tigers
Jabrion Spikes,284.1,522.1,0.97,94.53730325032893,93.57055445730961,94.54,96.88,34.89,85.57,5.26,23.0,19.49,27.09,19.3,37.23,7.02,15.4,5.07,20.86,26.51,56.53,Tennessee State Tigers
Khalil London,340.8,627.8,-1.1,99.55866565941712,100.65401180411548,99.56,100.35,37.22,88.58,7.79,29.74,17.34,23.7,18.93,37.06,8.27,11.45,5.09,19.08,27.04,55.99,Tennessee State Tigers
4596531,30.3,52.7,-5.99,137.41176470588235,143.4034416826004,137.41,141.18,52.71,79.06,13.18,18.82,18.82,28.24,5.65,26.35,32.0,5.65,13.18,13.18,33.88,32.0,Tennessee State Tigers
5242989,27.5,52.8,-12.05,122.78177458033572,134.8314606741573,122.78,138.13,47.96,72.9,9.59,15.35,17.27,28.78,5.76,30.7,26.86,7.67,15.35,19.18,26.86,36.46,Tennessee State Tigers
Dani Pounds,466.5,794.0,2.49,107.54509803921567,105.0535697354698,107.55,104.28,36.52,80.06,9.16,28.24,25.35,33.25,14.31,36.39,10.79,8.16,4.02,18.45,26.6,50.7,Tennessee Tech Golden Eagles
Ty Owens,772.9,1309.0,0.83,105.4139215124606,104.58764658695901,105.41,104.57,36.74,83.34,9.85,31.32,22.08,28.65,15.58,36.89,10.92,8.17,4.2,18.64,22.92,52.47,Tennessee Tech Golden Eagles
Jacobe Whitted,303.8,508.9,-0.12,104.67695037208615,104.79921645445643,104.68,105.47,38.24,86.94,9.27,32.72,18.92,25.43,17.94,36.47,11.43,7.49,4.53,18.92,23.26,54.41,Tennessee Tech Golden Eagles
Ja'Quavian Florence,432.0,768.6,-0.5,102.67100977198697,103.16712684749065,102.67,103.45,36.74,83.78,7.82,28.14,21.37,28.66,16.29,37.79,8.6,9.12,4.3,18.89,26.19,54.08,Tennessee Tech Golden Eagles
Mekhi Cameron,750.3,1274.3,-0.67,105.60822880474254,106.2765936586992,105.61,106.39,36.98,83.31,10.36,32.35,21.28,28.03,15.23,36.75,11.23,7.69,3.61,18.61,21.59,51.98,Tennessee Tech Golden Eagles
JaJuan Nicholls,500.4,849.2,-1.1,108.07307012374778,109.1764705882353,108.07,109.37,39.48,86.86,9.78,32.41,19.33,25.93,17.21,37.01,11.31,7.54,4.01,18.03,20.39,54.22,Tennessee Tech Golden Eagles
C.J. McPherson,278.6,488.0,-2.55,101.07858243451464,103.63329756247126,101.08,104.16,35.95,82.59,10.27,31.02,18.9,26.71,14.79,39.86,6.99,8.63,4.73,19.52,23.83,54.65,Tennessee Tech Golden Eagles
Brandon Muntu,702.4,1196.4,-2.93,103.39121509813367,106.32309712927639,103.39,106.83,36.53,83.2,10.05,32.76,20.28,26.73,15.25,37.79,10.98,7.54,4.44,19.35,22.54,53.04,Tennessee Tech Golden Eagles
Malik Ferguson,354.0,585.8,-5.21,106.77724504341066,111.9919041996964,106.78,114.73,38.53,86.91,10.37,31.45,19.35,25.74,17.28,34.56,14.34,8.29,4.32,18.14,28.51,51.84,Tennessee Tech Golden Eagles
Owen Varnado,91.3,174.7,-6.95,86.65511265164645,93.60374414976599,86.66,95.32,32.93,84.34,8.09,35.82,12.71,20.8,18.49,43.91,1.16,8.67,6.35,24.26,23.69,62.4,Tennessee Tech Golden Eagles
Grant Slatten,359.9,619.2,-6.99,104.03587443946188,111.02223644216924,104.04,113.17,35.39,79.58,8.81,27.72,24.46,30.98,14.19,36.69,12.39,7.34,3.59,19.89,21.36,50.88,Tennessee Tech Golden Eagles
Mekhi Turner,165.8,284.1,-9.5,95.48502458649978,104.98051104374188,95.49,108.36,32.19,82.61,10.01,33.97,21.1,26.82,16.81,40.77,11.44,7.15,5.72,21.46,25.03,57.58,Tennessee Tech Golden Eagles
Jah'Kim Payne,255.0,446.7,-10.79,101.76036342986939,112.55172413793105,101.76,115.84,37.02,84.27,10.22,32.94,17.49,24.99,17.26,37.48,11.36,7.5,5.0,21.12,25.89,54.74,Tennessee Tech Golden Eagles
Ethan Burg,274.7,462.2,23.85,114.64968152866241,90.7976767730591,114.65,93.56,42.39,87.63,10.32,26.58,19.55,32.51,22.4,42.17,14.06,9.22,3.29,19.33,25.04,64.57,Tennessee Volunteers
J.P. Estrella,518.9,870.7,23.49,122.18039711502544,98.6945918806484,122.18,98.85,45.52,92.99,10.23,28.5,20.92,29.77,24.71,40.8,22.3,9.77,4.6,17.59,26.32,65.51,Tennessee Volunteers
Troy Henderson,163.2,288.9,18.34,117.45113506880531,99.11141490088858,117.45,101.67,41.37,85.2,12.62,35.41,22.09,31.9,20.33,37.16,13.32,14.73,4.56,19.98,25.59,57.49,Tennessee Volunteers
Ja'Kobi Gillespie,1147.3,1912.9,17.6,120.66474928748974,103.06084947760803,120.66,102.19,43.05,91.15,10.36,29.2,24.21,34.3,23.95,38.83,17.8,10.93,5.57,16.5,25.98,62.78,Tennessee Volunteers
DeWayne Brown II,453.8,759.2,15.58,118.17403333113761,102.59449492954037,118.17,102.63,42.82,89.45,10.67,29.25,21.87,31.35,22.53,39.0,19.37,11.07,4.87,18.18,26.61,61.53,Tennessee Volunteers
Jaylen Carey,620.0,1013.9,15.35,115.08308268823038,99.73364900858242,115.08,99.7,41.02,93.19,9.86,28.99,23.17,35.3,26.53,38.46,16.27,12.23,4.54,16.57,24.75,64.99,Tennessee Volunteers
Bishop Boswell,801.6,1299.6,13.91,118.40461316674676,104.49312747853538,118.4,104.33,41.29,90.65,9.61,27.45,26.22,36.52,25.3,39.21,18.99,10.84,5.31,17.3,27.29,64.51,Tennessee Volunteers
Nate Ament,958.3,1593.1,13.79,115.81417175035196,102.02314413917972,115.81,101.36,39.98,87.16,9.76,27.72,26.09,36.92,22.71,39.86,16.52,10.57,5.82,18.02,26.09,62.57,Tennessee Volunteers
Cade Phillips,162.5,282.2,13.66,110.41977039698538,96.75685361046406,110.42,94.65,39.26,84.48,10.52,30.5,21.38,31.2,20.33,38.21,0.0,11.57,8.41,21.03,27.69,58.54,Tennessee Volunteers
Amaree Abram,245.0,414.7,11.63,109.84256699915875,98.21590565467191,109.84,97.58,40.86,87.25,9.85,29.8,18.27,28.36,20.43,38.46,6.49,10.34,4.33,19.71,27.64,58.89,Tennessee Volunteers
Amari Evans,418.4,704.2,10.61,113.64207052408797,103.0326457462136,113.64,105.18,42.47,92.26,7.89,26.11,20.81,32.0,23.96,39.89,20.52,11.77,5.45,16.5,26.26,63.85,Tennessee Volunteers
Felix Okpara,823.9,1357.4,9.65,114.7824805687553,105.1293857629616,114.78,105.13,40.67,88.33,9.21,27.63,24.24,34.33,22.32,39.49,16.21,10.39,6.04,17.68,26.52,61.81,Tennessee Volunteers
Federiko Federiko,226.3,404.1,20.08,121.9929012751413,101.91678354371201,121.99,114.63,39.96,82.82,16.04,41.8,26.03,38.39,16.56,34.7,8.68,13.67,4.73,15.51,35.49,51.26,Texas A&M Aggies
Ali Dibba,416.1,736.3,13.48,116.64117892395385,103.15642736234192,116.64,108.02,40.32,88.98,13.9,38.93,22.1,31.7,17.8,34.06,18.35,13.21,4.17,13.76,31.84,51.86,Texas A&M Aggies
Mackenzie Mgbako,130.4,239.7,13.04,121.97125256673512,108.93292359860125,121.97,105.54,43.12,92.4,16.84,43.53,18.89,24.64,22.18,34.5,7.39,9.86,3.7,18.07,22.59,56.68,Texas A&M Aggies
Josh Holloway,370.0,672.8,12.79,117.51671442215854,104.7264311286298,117.52,110.64,41.41,85.27,12.84,35.45,21.85,31.33,16.66,35.76,14.82,11.92,4.58,16.5,28.27,52.42,Texas A&M Aggies
Jamie Vinson,166.4,317.5,10.58,112.59070249581373,102.01384029235673,112.59,104.62,41.15,92.18,13.4,39.23,16.9,25.2,18.5,35.72,10.53,10.21,6.06,14.35,25.2,54.22,Texas A&M Aggies
Marcus Hill,663.1,1187.2,8.48,114.39450026441035,105.91861123341091,114.39,106.86,39.77,85.54,13.62,38.41,21.24,29.19,15.23,34.01,14.47,11.0,3.72,15.82,26.4,49.24,Texas A&M Aggies
Jacari Lane,546.9,969.9,8.42,115.21538933797197,106.79964677159629,115.22,105.19,39.39,89.02,15.86,45.02,20.57,27.42,16.17,34.69,14.84,11.15,4.3,14.12,24.86,50.86,Texas A&M Aggies
Zach Clemence,468.0,828.1,4.36,114.74064845482998,110.37792441511698,114.74,111.82,40.23,86.06,14.34,38.41,19.93,28.08,16.29,35.13,15.07,9.12,3.52,16.9,29.17,51.42,Texas A&M Aggies
Rashaun Agee,766.6,1354.6,2.1,112.43077819877585,110.33399409058609,112.43,107.48,38.76,87.66,14.72,42.26,20.18,27.98,16.61,34.32,17.05,10.57,3.57,15.67,23.24,50.93,Texas A&M Aggies
Rubén Dominguez,681.2,1217.0,1.55,112.67376966007103,111.12728482605169,112.67,108.45,38.07,86.13,15.34,43.11,21.19,28.01,15.5,33.61,14.53,10.39,3.49,16.07,22.57,49.11,Texas A&M Aggies
Rylan Griffen,704.2,1267.2,0.44,111.84274800211026,111.40329906765479,111.84,109.26,37.91,84.41,13.83,40.09,22.2,31.34,14.46,33.69,15.94,10.16,4.61,15.16,25.56,48.15,Texas A&M Aggies
Pop Isaacs,610.6,1097.7,-4.28,114.13678439831041,118.41588731093407,114.14,115.22,39.09,87.44,15.37,41.43,20.58,29.84,17.44,32.08,16.45,8.81,3.86,15.82,27.41,49.52,Texas A&M Aggies
Cedric Horton,82.8,166.7,22.6,112.7185051235684,90.12235153685467,112.72,91.02,43.4,83.18,11.45,26.52,14.47,26.52,15.07,37.37,6.63,12.06,8.44,19.29,30.14,52.44,Texas A&M-Corpus Christi Islanders
Cenker Evran,462.1,745.8,11.71,106.0972334139135,94.39014593653769,106.1,94.68,37.6,85.95,10.61,28.47,20.28,29.01,18.67,38.54,18.13,11.15,3.49,18.94,28.34,57.21,Texas A&M-Corpus Christi Islanders
Sheldon Williams,743.0,1256.7,10.15,109.65416154973656,99.5004995004995,109.65,98.64,39.22,83.11,10.06,26.86,21.15,31.22,16.4,37.0,14.42,9.9,4.2,18.46,28.29,53.4,Texas A&M-Corpus Christi Islanders
Mason Gibson,552.1,954.4,9.83,107.95291415446454,98.12015249112659,107.95,97.41,38.21,84.46,10.23,27.88,21.3,32.05,18.79,34.24,14.3,13.89,4.18,19.11,29.96,53.03,Texas A&M-Corpus Christi Islanders
Nick Shogbonyo,651.2,1102.4,9.75,108.4375710711849,98.68837630031659,108.44,99.25,38.48,79.33,10.1,25.93,21.38,31.84,14.19,37.66,16.65,9.01,4.0,19.74,30.48,51.85,Texas A&M-Corpus Christi Islanders
Daniel Michelini-Jackson,485.2,803.7,8.51,107.82943569676075,99.31464174454828,107.83,99.01,38.88,85.72,11.18,28.94,18.88,27.45,18.26,36.15,13.91,10.19,4.6,19.5,28.08,54.41,Texas A&M-Corpus Christi Islanders
Franck Yetna,584.4,999.1,5.09,107.39467543221338,102.3081721771678,107.39,102.88,39.04,84.11,10.04,27.5,19.27,28.81,16.16,34.33,13.95,11.94,4.42,18.37,27.7,50.49,Texas A&M-Corpus Christi Islanders
D'Avian Houston,532.1,903.4,4.97,104.47309817721937,99.50137886849215,104.47,98.2,36.95,81.49,9.68,26.28,20.89,31.56,16.39,36.51,13.42,9.79,3.3,19.9,30.02,52.9,Texas A&M-Corpus Christi Islanders
Leo Torbor,546.1,919.3,4.9,102.89282457933855,97.99721537967227,102.89,101.12,37.47,85.1,8.51,25.97,19.45,29.51,18.01,34.26,12.82,13.93,4.53,18.9,28.29,52.27,Texas A&M-Corpus Christi Islanders
Jamal Ambrose,66.4,118.8,3.38,93.89671361502347,90.512767282541,93.9,93.04,32.44,75.97,9.39,28.17,19.63,29.02,10.24,38.41,5.98,10.24,6.83,20.49,30.73,48.65,Texas A&M-Corpus Christi Islanders
Bryson Wheatfall,246.7,433.1,3.12,98.10163895767008,94.98501724430372,98.1,99.04,33.25,80.42,5.9,20.75,25.7,37.26,14.86,36.08,12.73,10.85,6.13,16.74,36.08,50.94,Texas A&M-Corpus Christi Islanders
Kobi Pearson,243.6,439.9,1.4,97.65001140771162,96.24639076034649,97.65,96.97,34.91,73.69,6.16,18.94,21.67,33.77,14.6,30.8,8.21,12.55,5.93,24.87,33.08,45.4,Texas A&M-Corpus Christi Islanders
Kam Parker,408.1,706.6,0.22,101.37889475736415,101.1549464910112,101.38,101.52,36.16,82.38,9.22,27.08,19.85,29.63,17.44,34.6,10.21,10.35,4.11,20.98,28.78,52.04,Texas A&M-Corpus Christi Islanders
Jaden Haire,227.7,412.2,-3.53,94.03031240334056,97.5609756097561,94.03,101.45,33.65,81.16,6.93,23.51,19.8,33.41,18.56,36.37,9.65,11.63,4.21,21.53,32.91,54.93,Texas A&M-Corpus Christi Islanders
Declan Duru Jr.,49.8,92.0,47.12,125.98425196850394,78.86435331230285,125.98,84.36,40.49,91.11,7.87,34.87,37.12,49.49,33.75,41.62,2.25,11.25,4.5,19.12,29.25,75.37,Texas Longhorns
Lassina Traore,294.3,521.2,13.34,117.46943943895192,104.12926391382406,117.47,107.34,38.18,83.77,10.91,32.14,30.2,40.33,19.48,37.79,6.43,11.49,3.9,16.56,30.78,57.27,Texas Longhorns
Simeon Wilcher,589.4,1034.1,12.53,120.62114526705831,108.08996307485732,120.62,109.89,40.08,82.1,10.34,29.16,30.13,38.91,17.36,36.86,11.6,9.07,4.49,16.77,27.89,54.22,Texas Longhorns
Chendall Weaver,658.6,1135.1,11.96,125.53304904051174,113.56935374669665,125.53,115.49,41.93,83.6,10.75,29.58,30.92,40.51,18.57,35.36,12.26,8.8,4.71,15.72,27.99,53.93,Texas Longhorns
Matas Vokietaitis,826.8,1421.8,10.26,119.4427407342504,109.18201707953983,119.44,108.44,41.29,82.99,10.02,27.2,26.85,36.1,15.91,37.71,12.27,7.15,4.28,15.77,26.29,53.62,Texas Longhorns
Jordan Pope,910.6,1571.0,8.46,118.31655702623445,109.85604959179433,118.32,109.0,39.69,83.06,10.59,29.48,28.34,36.46,15.22,36.52,10.08,7.8,4.76,14.84,25.36,51.74,Texas Longhorns
Tramon Mark,876.5,1492.7,7.38,118.10731509898487,110.72664359861592,118.11,112.24,41.35,86.61,10.32,29.95,25.09,33.59,17.87,36.83,12.61,8.23,4.32,15.31,26.91,54.7,Texas Longhorns
Dailyn Swain,1024.6,1769.6,6.33,118.03943091147042,111.71155837340254,118.04,110.83,40.53,82.69,9.91,27.69,27.08,35.97,16.04,36.48,11.93,7.54,3.94,16.27,26.74,52.52,Texas Longhorns
Camden Heide,693.6,1191.3,4.05,117.11711711711712,113.06385471587579,117.12,113.75,40.75,83.94,12.04,31.49,23.57,31.32,14.48,36.04,12.46,7.41,4.29,15.66,28.37,50.52,Texas Longhorns
Nic Codie,313.6,520.0,-7.8,114.77679637144904,122.57939581719597,114.78,120.89,40.68,89.57,10.12,29.03,23.3,29.6,18.52,33.61,12.8,6.68,5.92,14.9,24.44,52.13,Texas Longhorns
Zytarious Mortle,471.7,844.2,4.18,107.19736996595044,103.01762772632208,107.2,101.21,38.98,80.31,8.1,23.72,21.13,29.59,13.15,34.64,12.68,10.21,4.81,18.79,27.94,47.79,Texas Southern Tigers
Jordan Gorecki,367.9,614.5,1.55,105.74263868553766,104.18786374180947,105.74,104.12,39.53,84.43,10.9,28.47,15.78,21.47,13.83,36.6,14.97,8.95,5.86,19.2,27.49,50.43,Texas Southern Tigers
Bryce Roberts,665.8,1176.7,-1.16,105.18744182110518,106.34348262103398,105.19,105.44,36.9,81.32,8.8,26.74,22.59,31.48,14.72,35.46,14.47,8.89,4.74,18.45,25.73,50.18,Texas Southern Tigers
Cameron Patterson,96.9,182.0,-2.55,97.31543624161073,99.86504723346829,97.32,103.47,36.35,77.74,8.39,19.02,16.22,26.85,10.07,33.56,0.0,9.51,3.36,19.57,32.44,43.63,Texas Southern Tigers
Troy Hupstead,668.2,1179.3,-2.59,104.71115978350144,107.29833546734955,104.71,105.89,36.64,82.22,9.1,27.04,22.32,31.76,14.66,34.71,11.71,10.36,3.79,17.35,24.77,49.37,Texas Southern Tigers
Alex Anderson,563.8,994.3,-4.27,105.13367641521276,109.40412028408805,105.13,109.05,36.55,81.54,7.43,24.1,24.6,34.64,15.26,35.14,13.36,8.74,4.82,17.27,27.92,50.4,Texas Southern Tigers
Anthony Andrews,278.6,489.2,-5.24,105.01583409949944,110.25313219125543,105.02,110.12,38.61,81.52,7.76,20.84,20.02,29.01,14.1,34.12,11.85,9.19,4.9,18.8,24.52,48.22,Texas Southern Tigers
Zaire Hayes,692.4,1203.0,-5.96,103.00892301307326,108.97209099044727,103.01,108.65,36.02,81.43,8.72,26.98,22.25,30.71,14.86,34.11,13.45,10.04,4.57,18.84,28.22,48.97,Texas Southern Tigers
Duane Posey,472.0,845.2,-7.59,104.38500133598552,111.97218375224682,104.39,112.82,37.29,81.23,7.48,22.44,22.33,30.52,14.61,32.3,11.04,9.98,4.99,18.88,30.52,46.91,Texas Southern Tigers
Jaylen Wysinger,545.0,964.6,-9.17,101.43842160989591,110.60818895999167,101.44,109.81,36.26,80.06,9.92,27.06,19.01,26.55,12.19,32.85,12.09,10.02,3.72,19.52,28.61,45.04,Texas Southern Tigers
Josh Akpovwa,178.9,315.1,-11.15,87.5,98.64603481624758,87.5,95.62,31.25,74.06,9.38,27.5,15.62,25.0,11.25,36.88,11.88,8.12,5.31,25.31,28.75,48.13,Texas Southern Tigers
Ahmed Nedal Abdelrahman,118.6,223.6,-18.41,91.57550468027517,109.99002106663711,91.58,111.88,30.22,75.79,8.57,30.68,22.56,32.93,10.38,32.03,3.61,8.57,4.51,18.95,22.1,42.41,Texas Southern Tigers
Oumar Koureissi,127.4,235.6,-20.98,90.88000000000001,111.8615449556775,90.88,113.07,29.87,73.81,3.41,20.91,27.73,36.27,13.23,33.71,10.67,9.81,3.41,22.19,26.88,46.94,Texas Southern Tigers
Kolby Granger,37.8,67.7,-55.9,74.96251874062968,130.86150490730643,74.96,134.93,28.49,79.46,7.5,23.99,10.49,17.99,13.49,25.49,0.0,7.5,1.5,25.49,29.99,38.98,Texas Southern Tigers
Dimp Pernell,229.5,387.0,12.33,112.61435382038397,100.2850479398808,112.61,99.73,41.23,84.27,8.76,21.9,21.39,30.41,17.01,37.62,0.0,10.57,6.18,18.3,26.03,54.63,Texas State Bobcats
Franck Emmou,681.4,1135.8,9.76,114.0709627500829,104.31504897986017,114.07,105.23,41.38,84.89,7.52,20.34,23.79,30.51,16.54,36.79,11.23,11.05,5.22,17.15,26.17,53.33,Texas State Bobcats
Robert Fields,445.0,754.9,8.97,112.81537176274018,103.84665878954968,112.82,105.73,39.7,83.68,7.49,21.12,25.93,34.09,18.58,37.16,12.03,10.96,4.54,18.71,23.39,55.74,Texas State Bobcats
DJ Hall,921.8,1542.2,6.17,110.13694190098047,103.96432914471016,110.14,103.91,40.19,84.21,6.03,18.67,23.73,30.79,16.47,34.88,11.93,12.64,4.34,17.63,25.48,51.35,Texas State Bobcats
Kyndall Davis,677.2,1139.9,5.95,104.82456140350878,98.87265868316007,104.82,98.86,38.42,82.81,6.93,20.88,21.05,28.07,15.53,36.49,12.81,11.93,5.18,19.39,26.58,52.02,Texas State Bobcats
Makai Willis,398.5,677.7,4.39,107.55953924219415,103.16702182379306,107.56,104.0,40.3,83.56,6.67,18.37,20.3,26.82,14.96,34.52,9.63,12.74,6.22,18.67,28.74,49.48,Texas State Bobcats
Kaden Gumbs,853.9,1431.2,4.05,106.06565134334636,102.01772253268571,106.07,102.7,38.7,83.7,6.59,20.12,22.08,28.11,15.14,35.12,10.87,12.76,5.26,18.09,26.57,50.26,Texas State Bobcats
Mark Drone,871.9,1476.2,3.7,107.22349545878957,103.52225694737731,107.22,104.03,39.05,83.86,7.4,21.32,21.73,29.54,16.64,34.7,12.09,12.36,5.57,18.74,27.23,51.34,Texas State Bobcats
Tay Knox,430.3,711.0,-1.24,100.86161420784245,102.10611441229211,100.86,102.13,37.28,83.28,7.31,22.93,18.99,26.02,13.93,35.45,12.24,12.52,5.77,18.29,27.85,49.38,Texas State Bobcats
Jaelyn Lee,123.1,213.6,-1.37,102.7601864021986,104.12844036697248,102.76,108.5,38.71,82.21,9.08,23.42,16.25,24.38,17.68,36.8,8.6,9.56,4.78,23.9,28.68,54.48,Texas State Bobcats
Jalen Bolden,484.0,823.7,-2.44,103.47575553239747,105.9148833854292,103.48,108.01,38.62,84.23,6.99,23.05,19.25,26.24,16.43,38.13,13.49,11.03,5.03,19.74,28.69,54.56,Texas State Bobcats
Ky Pernell,31.8,55.6,-23.38,97.12230215827337,120.50359712230217,97.12,120.5,32.37,80.94,7.19,21.58,25.18,28.78,16.19,32.37,0.0,14.39,7.19,21.58,19.78,48.56,Texas State Bobcats
Leon Horner,176.7,302.1,18.14,123.68766404199474,105.54442217768872,123.69,103.67,43.64,86.94,15.42,33.46,21.0,28.87,15.42,38.71,14.44,6.89,4.59,14.76,26.9,54.13,Texas Tech Red Raiders
Luke Bamgboye,332.3,544.2,16.05,113.47387717690192,97.42621667664257,113.47,96.98,38.68,86.71,17.23,44.0,18.88,25.66,15.77,41.43,15.95,7.52,8.62,16.87,26.76,57.2,Texas Tech Red Raiders
JT Toppin,856.5,1466.3,13.55,118.04883021560732,104.50314809745413,118.05,103.78,43.02,91.75,16.17,42.2,15.83,21.95,16.58,36.84,14.82,8.83,5.23,14.41,22.7,53.42,Texas Tech Red Raiders
Donovan Atwell,1156.5,1957.1,11.6,118.83662514185167,107.24066443141973,118.84,106.85,42.89,89.71,17.03,42.59,16.01,22.08,15.91,37.18,17.03,8.57,5.61,15.71,23.97,53.09,Texas Tech Red Raiders
Jaylen Petty,967.6,1646.9,10.89,117.44961369237517,106.56099977139372,117.45,105.72,41.31,88.66,17.05,43.36,17.78,24.25,15.54,36.35,17.54,9.19,5.14,15.36,24.01,51.89,Texas Tech Red Raiders
Christian Anderson,1243.1,2109.0,10.7,118.80813196696091,108.10939188467063,118.81,107.73,42.74,89.13,16.71,42.03,16.61,23.38,16.09,36.83,16.0,8.28,5.68,15.86,23.67,52.92,Texas Tech Red Raiders
Nolan Groves,97.2,168.9,7.63,115.18642012731131,107.56108139366778,115.19,112.76,41.22,98.21,18.79,49.11,13.94,25.46,25.46,31.52,9.09,15.16,3.64,15.16,29.1,56.98,Texas Tech Red Raiders
Tyeree Bryan,551.5,940.1,7.46,116.18523367982256,108.72039168982401,116.19,109.77,42.11,92.24,18.28,46.5,13.68,21.06,18.17,37.09,12.19,9.51,5.45,15.93,21.38,55.26,Texas Tech Red Raiders
LeJuan Watts,881.5,1490.9,7.0,118.8649535997856,111.86463439199625,118.86,111.63,42.68,88.58,16.68,41.88,16.82,22.92,15.81,35.78,16.55,8.04,4.89,16.35,23.38,51.59,Texas Tech Red Raiders
Marial Akuentok,86.3,140.4,3.66,130.466472303207,126.80717645009581,130.47,132.65,45.92,94.02,24.05,52.48,14.58,23.32,23.32,35.71,16.03,8.75,4.37,18.22,31.34,59.03,Texas Tech Red Raiders
Josiah Moseley,182.8,304.3,-8.35,110.62057476051646,118.97236404895047,110.62,122.28,42.98,84.96,12.99,37.98,11.66,18.33,13.99,35.32,22.32,8.66,6.33,20.32,21.66,49.31,Texas Tech Red Raiders
5314551,38.5,60.1,31.41,107.38255033557047,75.97027250206442,107.38,77.18,36.91,85.57,20.13,48.66,13.42,26.85,15.1,46.98,25.17,8.39,6.71,16.78,30.2,62.08,The Citadel Bulldogs
Gabe Hernandez,112.8,184.3,-0.98,108.03362270910843,109.01803607214428,108.03,112.44,40.24,89.84,12.68,39.69,14.88,23.7,15.98,41.34,3.86,6.61,3.86,14.88,22.6,57.32,The Citadel Bulldogs
5314553,69.1,110.2,-2.2,106.9042316258352,109.10772075820618,106.9,105.12,36.53,86.41,17.82,44.54,16.04,26.73,14.25,39.2,16.04,4.45,3.56,15.14,24.94,53.45,The Citadel Bulldogs
5243243,53.6,83.4,-3.95,105.920856887831,109.87020827044974,105.92,108.3,34.51,86.88,20.23,51.18,16.66,22.61,11.9,40.46,21.42,4.76,2.38,14.28,24.99,52.36,The Citadel Bulldogs
Keynan Davis,340.8,559.3,-6.55,108.27365671305678,114.82828999911261,108.27,116.56,38.73,89.18,15.85,45.4,14.95,24.68,15.67,32.79,8.65,8.47,4.14,14.77,25.22,48.46,The Citadel Bulldogs
5176171,68.0,105.1,-7.3,96.32920271218144,103.6319612590799,96.33,100.07,32.73,84.17,15.9,43.96,14.96,21.51,14.96,44.89,18.7,2.81,2.81,20.58,20.58,59.85,The Citadel Bulldogs
Sola Adebisi,827.6,1354.8,-8.03,109.17216036046018,117.20233814607882,109.17,117.37,38.93,86.94,14.11,41.96,17.21,25.63,14.85,33.09,14.77,9.31,4.14,15.73,22.97,47.94,The Citadel Bulldogs
Logan Applegate,440.4,722.3,-8.55,111.31598716110088,119.86806091655554,111.32,116.64,41.25,91.51,15.02,47.8,13.79,21.03,16.66,32.78,14.75,8.06,3.55,15.16,25.27,49.44,The Citadel Bulldogs
5114809,78.3,122.4,-8.65,93.36016096579478,102.01119635081899,93.36,98.99,32.19,86.92,14.49,45.07,14.49,24.14,16.1,43.46,15.29,4.02,3.22,17.71,26.56,59.56,The Citadel Bulldogs
Dante Kearse,303.7,498.0,-9.72,111.18532600318554,120.90284592737979,111.19,126.6,37.82,86.73,13.98,43.57,21.58,32.27,16.44,31.44,11.51,9.04,3.29,14.39,27.33,47.88,The Citadel Bulldogs
4897421,75.8,118.6,-10.72,97.11176224361657,107.83273190405434,97.11,106.32,33.49,84.55,17.58,45.21,12.56,18.42,13.39,40.18,17.58,3.35,3.35,20.09,26.79,53.57,The Citadel Bulldogs
Eze Wali,721.4,1142.8,-12.62,103.3063338202098,115.92196894329338,103.31,118.62,36.21,87.46,13.63,44.17,17.26,26.03,14.96,34.26,11.95,9.29,4.16,15.14,24.26,49.22,The Citadel Bulldogs
Christian Moore,649.8,1034.3,-12.64,108.37865152317244,121.02080955734162,108.38,119.93,38.12,87.49,14.15,42.74,18.0,27.14,16.65,33.88,12.32,7.8,3.56,16.27,23.68,50.53,The Citadel Bulldogs
Carter Kingsbury,760.5,1205.4,-12.93,107.29658356033353,120.2242310158658,107.3,120.85,38.51,89.5,13.64,43.0,16.64,24.04,16.39,32.85,12.14,8.57,3.66,15.47,23.71,49.24,The Citadel Bulldogs
Braxton Williams,828.2,1347.2,-13.49,108.26464691468031,121.75848636616584,108.26,121.85,38.61,88.66,13.89,42.4,17.15,24.65,15.15,32.08,13.89,8.76,3.64,14.78,24.13,47.23,The Citadel Bulldogs
Marcos Gonzales,319.5,539.0,-19.14,105.97738287560581,125.12237191739312,105.98,123.89,36.56,83.27,12.37,36.37,20.49,28.62,13.66,31.2,10.71,8.12,2.77,16.8,24.74,44.86,The Citadel Bulldogs
Cassius Bonjasky,95.4,145.5,-19.98,112.43851018973999,132.4147202150899,112.44,138.44,40.76,97.68,16.16,54.81,14.76,19.68,22.49,31.62,6.32,6.32,0.7,15.46,23.19,54.11,The Citadel Bulldogs
Simeon German,253.9,381.2,-31.5,87.41442864665613,118.9153871283894,87.41,119.8,32.12,88.47,9.48,38.18,13.69,23.17,16.32,33.44,10.01,6.32,4.74,16.85,26.33,49.76,The Citadel Bulldogs
Chris Riddle,38.9,68.2,20.52,123.12202271894468,102.60168559912057,123.12,102.6,48.37,83.55,14.66,26.38,11.73,16.12,14.66,32.25,0.0,10.26,5.86,23.45,19.05,46.91,Toledo Rockets
Mynor Strong,527.6,916.6,12.16,118.501402871761,106.34212305611901,118.5,108.16,43.79,87.91,11.11,27.62,19.81,27.07,15.4,35.65,18.93,10.89,3.96,14.63,23.99,51.05,Toledo Rockets
Will James Jr.,286.3,513.1,10.37,117.97669960182864,107.6068582468003,117.98,109.52,45.03,87.89,9.83,27.53,18.09,23.01,14.94,35.2,15.34,12.19,5.51,16.12,21.24,50.14,Toledo Rockets
Sean Craig,1006.6,1757.2,9.49,117.49280278197416,107.99909101238497,117.49,108.37,43.44,87.39,10.38,28.1,20.24,27.02,14.54,33.18,15.73,11.69,3.59,14.31,21.38,47.72,Toledo Rockets
Leroy Blyden Jr.,1061.5,1861.6,6.51,117.18645249524013,110.67470138814161,117.19,110.32,43.12,87.69,10.89,29.12,20.06,26.71,14.86,32.66,16.09,11.16,3.7,14.48,21.13,47.52,Toledo Rockets
Austin Parks,799.0,1380.3,4.57,114.35175988297546,109.78312202564754,114.35,109.15,43.41,89.0,10.19,26.94,17.34,23.62,14.59,32.87,16.83,11.34,4.12,14.38,19.0,47.46,Toledo Rockets
Sonny Wilson,1157.2,2002.6,3.04,114.99999999999999,111.96030271672048,115.0,112.25,42.65,87.45,10.55,28.5,19.15,26.0,14.65,32.4,15.75,10.95,3.95,14.85,21.6,47.05,Toledo Rockets
Phoenix Glassnor,32.7,65.2,-0.41,95.68627450980392,96.0960960960961,95.69,100.39,37.65,83.14,7.84,20.39,12.55,15.69,9.41,34.51,10.98,12.55,3.14,18.82,21.96,43.92,Toledo Rockets
Kyler Vanderjagt,722.3,1260.8,-1.22,113.28596591921152,114.51048951048949,113.29,114.08,41.64,87.56,10.05,28.02,19.95,26.36,14.17,31.35,14.25,10.61,3.8,14.09,21.06,45.52,Toledo Rockets
Jaylan Ouwinga,588.1,1024.0,-2.09,111.00787324563548,113.10176721511273,111.01,113.45,42.06,86.17,11.15,29.15,15.75,21.71,12.91,32.18,14.96,10.66,5.48,16.43,22.01,45.09,Toledo Rockets
London Praytor,53.6,95.6,-14.66,103.75275938189846,118.40796019900498,103.75,131.35,39.74,96.03,9.93,40.84,14.35,17.66,25.39,41.94,12.14,8.83,3.31,20.97,22.08,67.33,Toledo Rockets
Tyler Ode,34.4,60.4,-27.55,105.62770562770562,133.17479191438764,105.63,145.45,39.83,93.51,12.12,43.29,13.85,17.32,27.71,32.9,5.19,15.58,0.0,25.97,24.24,60.61,Toledo Rockets
5312322,34.6,62.9,52.08,137.4900079936051,85.40925266903915,137.49,86.33,52.76,92.73,12.79,27.18,19.18,28.78,22.38,43.17,23.98,11.19,3.2,15.99,11.19,65.55,Towson Tigers
5175148,39.6,69.6,24.39,121.38521956444126,96.99601882012306,121.39,95.68,47.13,87.11,10.0,29.99,17.14,27.13,21.42,41.41,19.99,8.57,5.71,21.42,21.42,62.83,Towson Tigers
4707808,27.9,52.2,17.35,124.58073790129373,107.22833891814265,124.58,107.33,46.0,78.58,13.42,24.92,19.17,24.92,9.58,44.08,24.92,5.75,3.83,19.17,17.25,53.66,Towson Tigers
5242587,32.3,58.2,12.19,115.20542143159678,103.01178524661721,115.21,99.96,44.05,93.18,11.86,28.8,15.25,32.19,23.72,40.66,16.94,5.08,3.39,15.25,18.64,64.38,Towson Tigers
5107976,39.8,72.3,9.2,109.6841374522735,100.48176187198898,109.68,101.35,43.04,86.08,9.72,27.77,13.88,26.38,20.83,44.43,12.5,5.55,4.17,22.21,16.66,65.26,Towson Tigers
Ryan Conway,168.9,267.9,8.17,109.85579131073757,101.68848415860367,109.86,98.47,40.78,96.26,13.59,43.72,14.7,19.47,16.53,40.78,12.49,6.25,6.61,11.02,22.04,57.31,Towson Tigers
Jack Doumbia Jr.,665.2,1075.6,7.84,105.9608809916971,98.1161877772874,105.96,98.24,38.89,92.47,8.84,30.23,19.35,28.19,21.96,40.19,9.58,11.26,5.77,16.09,24.28,62.15,Towson Tigers
Mor Seck,435.1,681.0,7.52,105.04420176807072,97.52557869530514,105.04,99.84,39.37,92.27,10.25,32.09,16.05,23.48,19.91,42.64,10.25,8.32,6.24,16.49,21.99,62.55,Towson Tigers
Jaquan Womack,529.2,871.3,7.06,106.46257532055859,99.40323464122007,106.46,98.47,37.92,92.64,10.51,34.04,20.1,27.76,20.33,40.44,11.88,9.6,5.37,14.51,22.39,60.77,Towson Tigers
Chike Ndefo,330.8,532.5,6.86,104.8193925457507,97.96068682962758,104.82,101.95,37.56,89.49,8.24,28.36,21.46,31.81,23.57,41.97,7.28,9.96,5.56,18.97,27.21,65.54,Towson Tigers
Abdou Samb,49.4,81.2,3.77,113.36032388663966,109.58904109589041,113.36,112.11,43.6,103.39,17.44,46.09,8.72,11.21,22.42,42.35,0.0,9.97,4.98,13.7,18.69,64.77,Towson Tigers
Dylan Williamson,1073.7,1712.2,3.25,106.62790697674419,103.37797204335773,106.63,102.44,39.24,93.43,10.0,33.14,18.14,25.58,21.22,39.36,10.58,9.48,5.0,15.64,24.24,60.58,Towson Tigers
Caleb Embeya,614.0,989.2,0.7,105.68759548198052,104.98660885091186,105.69,103.08,37.97,91.36,8.92,31.56,20.84,29.15,21.54,37.67,11.02,10.22,4.21,16.33,25.14,59.21,Towson Tigers
Jaiden Cole,47.6,83.9,-0.6,99.24985574148874,99.84591679506933,99.25,93.48,36.93,90.02,13.85,43.85,11.54,16.16,18.47,43.85,1.15,6.92,3.46,20.77,16.16,62.32,Towson Tigers
Tyler Tejada,1002.4,1604.1,-1.05,104.51986188446823,105.57056517733044,104.52,105.14,37.83,91.83,9.95,32.54,18.91,26.5,20.53,38.57,10.27,9.02,5.35,16.11,23.95,59.1,Towson Tigers
Tyler Schmidt,379.4,603.8,-2.61,105.87032112906525,108.47969149515866,105.87,105.87,40.09,93.6,10.31,35.67,15.38,22.09,20.94,36.0,8.84,8.51,4.25,16.85,25.53,56.94,Towson Tigers
Tyler Coleman,556.5,878.8,-4.44,107.46097665759702,111.90550202051601,107.46,113.42,39.3,92.57,10.08,30.47,18.79,25.78,19.59,36.66,11.91,8.48,4.35,14.78,26.69,56.25,Towson Tigers
Emmanuel Clarton,29.7,56.5,31.48,109.8109810981098,78.32898172323759,109.81,81.01,39.6,88.21,10.8,41.4,19.8,32.4,28.8,43.2,1.8,16.2,3.6,25.2,36.0,72.0,Troy Trojans
Evan Griffin,57.5,105.8,25.48,104.21028146080485,78.73259721555449,104.21,76.3,33.5,80.95,11.17,37.22,26.05,38.15,16.75,35.36,6.51,17.68,2.79,17.68,26.98,52.11,Troy Trojans
Javen Colbert,81.7,154.3,17.41,108.37601189492814,90.96692111959288,108.38,94.5,37.67,93.18,11.23,41.63,21.81,31.06,28.42,40.97,1.32,14.54,5.29,20.49,21.81,69.39,Troy Trojans
Jerrell Bellamy,546.1,924.8,15.25,117.40923425244603,102.1581173408524,117.41,101.56,40.65,85.07,13.05,37.2,23.07,30.08,17.79,37.09,17.9,10.57,6.79,18.44,26.31,54.88,Troy Trojans
Kerrington Kiel,527.1,902.9,13.14,113.16611772654338,100.02724053391448,113.17,103.37,37.95,90.87,12.27,41.89,25.0,33.44,23.53,38.4,11.6,11.49,5.52,16.78,27.25,61.93,Troy Trojans
Austin Cross,510.5,871.8,10.28,111.10148693518119,100.82023239917976,111.1,102.21,35.92,85.81,13.4,39.73,25.87,35.22,18.71,38.69,13.17,10.28,5.66,16.17,25.06,57.4,Troy Trojans
Cooper Campbell,1107.0,1864.2,10.27,116.28811762969721,106.01388851650266,116.29,106.09,39.12,85.86,14.11,40.09,23.93,32.25,17.39,34.93,14.38,11.27,4.29,16.21,23.24,52.32,Troy Trojans
Thomas Dowd,1178.7,1986.8,10.11,115.21120374801643,105.09906466861109,115.21,105.29,39.34,86.6,13.9,40.2,22.62,30.13,18.09,36.07,14.61,10.73,4.74,17.18,23.78,54.16,Troy Trojans
Theo Seng,775.0,1316.6,7.56,111.84903060345653,104.29343833009928,111.85,105.95,37.67,87.04,13.47,39.89,23.04,31.46,17.38,36.29,11.18,11.56,3.98,15.39,20.98,53.67,Troy Trojans
Cobi Campbell,884.9,1473.8,7.4,113.89761439850581,106.49944919922041,113.9,106.7,39.6,85.44,14.67,40.14,20.04,27.51,15.62,34.64,15.42,11.34,5.16,17.12,22.48,50.26,Troy Trojans
Victor Valdes,931.5,1575.0,6.57,112.03083533426008,105.46127344647185,112.03,104.45,37.98,84.17,12.57,37.91,23.51,31.34,16.05,35.45,14.09,10.87,4.99,17.0,23.25,51.5,Troy Trojans
Corbin Green,56.6,100.0,-6.12,102.9263370332997,109.04584882280051,102.93,111.0,35.32,95.86,10.09,42.38,22.2,36.33,30.27,35.32,4.04,13.12,8.07,17.15,21.19,65.59,Troy Trojans
Percy Daniels,476.8,801.1,3.17,113.28639855980968,110.11733317163386,113.29,116.76,34.2,77.54,12.09,34.59,32.79,40.25,11.7,36.13,11.32,11.57,8.49,15.04,28.03,47.83,Tulane Green Wave
Scotty Middleton,780.9,1321.3,-1.26,106.65458116171915,107.9133962764949,106.65,107.49,33.99,80.29,12.99,37.69,25.68,33.54,12.01,34.07,11.56,11.25,7.25,15.79,25.68,46.08,Tulane Green Wave
Luke Rasmussen,231.1,391.5,-2.63,107.99691437387504,110.62480177608627,108.0,112.11,35.23,80.74,13.63,39.34,23.91,31.88,11.06,35.74,22.11,11.31,5.91,15.17,27.77,46.8,Tulane Green Wave
Josiah Moore,374.0,632.3,-2.88,101.17013148900239,104.05163698576871,101.17,107.6,32.17,78.01,9.01,29.92,27.83,37.15,12.71,36.03,7.4,12.38,7.24,17.05,25.09,48.74,Tulane Green Wave
Rowan Brumbaugh,1102.8,1884.8,-2.88,106.28738535158845,109.1698432867429,106.29,109.64,33.87,79.38,11.59,35.89,26.96,34.56,11.59,33.92,12.55,11.59,6.49,15.79,26.16,45.51,Tulane Green Wave
Curtis Williams Jr.,973.7,1662.6,-3.05,106.586375611592,109.63265551317095,106.59,109.9,34.57,81.17,11.68,36.73,25.77,33.42,11.56,33.3,12.16,11.8,6.68,14.51,25.65,44.86,Tulane Green Wave
KJ Greene,423.7,719.4,-3.88,106.48502119969416,110.36208214608381,106.49,110.38,34.48,79.93,10.98,33.36,26.55,36.98,12.65,33.5,10.98,10.7,6.95,15.15,26.0,46.15,Tulane Green Wave
Tyler Ringgold,763.2,1303.7,-5.29,102.19421456229595,107.48813329458491,102.19,105.31,33.56,81.32,10.71,35.23,24.37,33.1,12.0,33.63,11.92,12.07,5.77,14.96,24.98,45.63,Tulane Green Wave
Asher Woods,953.4,1615.0,-6.24,103.41357690223703,109.65265308649619,103.41,109.67,33.07,81.31,11.33,36.6,25.95,33.75,12.51,33.62,12.45,11.64,6.5,15.17,25.88,46.13,Tulane Green Wave
Davion Bradford,36.6,59.3,-23.99,94.61235216819973,118.60276198212836,94.61,127.9,28.03,82.35,14.02,43.8,24.53,29.79,15.77,40.3,8.76,8.76,10.51,19.27,26.28,56.07,Tulane Green Wave
Tyler Behrend,719.2,1256.8,24.01,127.9821716377818,103.96738590036789,127.98,104.03,42.18,86.83,14.88,37.41,28.73,35.26,17.67,38.84,18.94,9.15,3.26,14.09,19.98,56.51,Tulsa Golden Hurricane
David Green,852.4,1486.7,20.96,123.28009519180816,102.32008774150003,123.28,101.63,40.69,84.53,15.28,38.14,26.61,34.26,15.62,38.88,16.42,8.71,4.22,14.82,21.85,54.5,Tulsa Golden Hurricane
Jaylen Lawal,430.0,729.2,19.38,122.25208462545656,102.87195579507468,122.25,103.92,39.69,86.28,15.99,41.49,26.88,35.56,19.16,39.97,13.37,9.92,3.45,15.99,25.08,59.13,Tulsa Golden Hurricane
KJ Martin Jr.,273.0,463.0,16.12,121.86457099795459,105.74787366596239,121.86,105.07,40.05,85.48,18.09,44.57,23.68,30.57,16.58,37.46,11.63,8.83,4.09,16.58,22.18,54.04,Tulsa Golden Hurricane
Ade Popoola,966.4,1666.9,16.08,122.04037179047249,105.95826800144734,122.04,104.85,40.58,86.71,15.4,40.04,25.48,33.0,17.13,36.58,17.01,9.67,3.7,14.74,21.96,53.71,Tulsa Golden Hurricane
Tylen Riley,924.6,1613.2,15.89,122.02720626792929,106.14177152111624,122.03,105.12,40.1,84.33,14.5,37.39,27.33,34.67,15.98,37.39,16.41,8.33,3.45,15.18,22.33,53.37,Tulsa Golden Hurricane
Miles Barnstable,1017.9,1770.6,15.12,121.31798780058321,106.19418932114402,121.32,105.71,39.73,84.47,14.26,37.58,27.61,35.67,16.45,37.87,15.5,8.4,3.21,15.05,23.61,54.32,Tulsa Golden Hurricane
Myles Rigsby,522.2,886.2,11.22,115.95520945830728,104.73843396437772,115.96,106.29,37.97,85.37,14.78,41.95,25.24,33.42,17.28,39.67,13.53,8.75,3.07,16.03,24.21,56.95,Tulsa Golden Hurricane
Ian Smikle,446.0,754.4,7.88,114.5423919146547,106.66666666666667,114.54,105.96,37.65,86.27,14.14,40.56,25.1,34.75,18.23,38.05,11.36,8.46,3.83,15.46,27.22,56.28,Tulsa Golden Hurricane
Romad Dean,522.4,877.9,4.34,119.73443223443223,115.39006489274277,119.73,116.53,39.26,88.14,14.54,41.21,26.67,33.88,20.38,36.17,12.59,9.04,2.4,16.14,25.76,56.55,Tulsa Golden Hurricane
Ari Gooch,120.4,228.9,14.77,110.71107110711071,95.94565909573338,110.71,101.71,40.05,94.96,7.2,26.55,23.4,32.4,22.5,38.7,12.15,16.2,6.75,12.15,20.7,61.2,UAB Blazers
Dayjaun Anderson,460.4,798.0,11.28,109.35976089350324,98.07836286498627,109.36,98.91,40.02,93.75,8.68,33.47,20.64,29.57,18.63,38.63,15.6,11.33,6.04,10.82,19.76,57.26,UAB Blazers
KyeRon Lindsay-Martin,548.6,993.6,11.24,116.04732712732411,104.80349344978166,116.05,105.35,41.68,90.52,7.67,22.5,25.03,34.41,18.77,38.45,13.02,10.7,4.64,11.91,20.79,57.22,UAB Blazers
Quaran McPherson,265.8,478.9,10.3,111.23889179299529,100.93847758081336,111.24,101.2,40.15,87.82,7.74,24.26,23.21,31.36,16.31,39.31,14.43,11.29,5.23,13.59,17.77,55.62,UAB Blazers
Chance Westry,882.4,1552.0,10.18,112.29740159506045,102.11557391599027,112.3,101.75,40.46,89.92,7.59,26.56,23.8,33.96,17.75,38.46,15.37,10.36,4.63,11.71,20.45,56.21,UAB Blazers
Ahmad Robinson,534.5,973.7,9.49,112.22836569371222,102.74288643937453,112.23,103.07,39.09,88.26,8.95,27.26,25.1,34.46,17.38,36.93,9.26,12.04,4.83,12.76,19.65,54.31,UAB Blazers
Salim London,555.2,967.9,8.98,109.4574129197347,100.47272262680464,109.46,102.67,40.32,90.14,7.31,25.07,21.52,31.54,17.55,40.11,14.1,10.76,4.91,12.43,17.02,57.66,UAB Blazers
Daniel Rivera,842.7,1474.3,7.56,109.6039435662077,102.04185204608123,109.6,102.53,40.25,90.57,7.75,27.74,21.35,30.6,17.34,38.62,13.6,9.99,5.44,12.24,18.56,55.96,UAB Blazers
Evan Chatman,843.4,1484.1,5.69,106.89084709139402,101.20028241939278,106.89,101.62,38.22,89.33,7.43,28.5,23.03,32.55,17.56,38.29,13.17,11.61,5.06,12.76,19.18,55.85,UAB Blazers
Jacob Meyer,702.2,1259.9,5.17,110.76752299397398,105.59561408736072,110.77,105.38,40.68,89.52,7.22,25.21,22.2,31.08,17.21,36.55,12.77,11.02,4.68,12.92,20.22,53.76,UAB Blazers
Ife West-Ingram,94.5,170.7,19.71,121.5160005898835,101.80337405468296,121.52,103.23,48.37,87.3,11.21,27.13,13.57,23.01,12.39,33.03,0.0,12.39,4.13,14.16,27.13,45.42,UAlbany Great Danes
Nas Muhammad,255.6,460.3,7.35,119.44489443274475,112.09439528023599,119.44,110.81,46.44,92.66,12.31,34.34,14.26,21.82,15.55,31.32,4.54,10.58,5.4,12.53,26.14,46.87,UAlbany Great Danes
Isaac Abidde,762.6,1243.0,4.63,110.59759675280311,105.97093046664253,110.6,105.78,42.68,88.65,12.62,34.4,12.62,18.81,15.51,35.93,13.66,10.53,6.67,17.92,25.16,51.44,UAlbany Great Danes
Miles Rose,431.3,725.0,2.91,108.41753163902203,105.5063269316967,108.42,105.52,43.17,89.93,10.9,31.45,11.17,19.45,17.1,34.9,12.97,11.03,6.48,17.93,25.1,52.0,UAlbany Great Danes
Okechukwu Okeke,910.6,1484.6,0.85,111.42587346553353,110.58048025829017,111.43,110.89,43.17,88.76,12.07,33.18,13.02,19.96,16.66,35.88,13.83,8.84,7.01,18.41,23.81,52.54,UAlbany Great Danes
Abdoulaye Fall,211.8,331.3,-0.56,107.93793568698,108.49414982525451,107.94,107.04,39.88,86.35,9.89,31.18,18.29,23.69,16.19,36.88,16.79,7.8,3.9,18.59,23.69,53.07,UAlbany Great Danes
Tarique Foster,430.3,702.3,-1.26,107.31535342852105,108.5706068449813,107.32,106.47,39.06,83.06,11.85,33.28,17.35,24.68,14.1,33.99,16.36,11.56,6.63,19.32,25.1,48.09,UAlbany Great Danes
Amir Lindsey,1108.6,1822.4,-2.42,106.88738454792119,109.30762681607207,106.89,109.08,40.67,88.31,11.51,33.11,14.03,21.16,16.83,34.59,13.1,10.31,5.97,18.47,25.71,51.42,UAlbany Great Danes
Zacharie Matulu,549.5,911.9,-2.47,107.26614929989782,109.73220117570214,107.27,111.35,41.54,91.36,11.71,36.01,12.48,18.89,19.55,35.46,11.38,10.72,5.85,19.22,25.74,55.01,UAlbany Great Danes
Jaden Kempson,700.1,1162.1,-4.3,106.51910772955216,110.8185068619265,106.52,111.88,40.55,87.41,11.41,31.73,14.01,22.13,16.69,34.58,10.38,10.98,6.66,18.76,25.94,51.27,UAlbany Great Danes
Yaya Keita,111.6,198.2,-8.43,94.17658108954289,102.60317460317461,94.18,101.19,38.07,95.18,6.01,30.06,12.02,17.53,22.04,32.56,2.5,15.03,3.01,18.53,29.56,54.6,UAlbany Great Danes
Ma'Kye Taylor,390.7,653.9,-10.03,99.95017820871497,109.98398291510946,99.95,110.53,37.56,86.31,9.2,31.27,15.64,25.6,19.47,33.42,10.58,11.04,4.6,21.0,28.21,52.89,UAlbany Great Danes
Jalen Stokes,344.4,621.9,7.35,109.94871794871794,102.60047281323877,109.95,106.83,37.91,82.71,11.49,31.02,22.65,33.64,15.75,32.16,17.39,12.96,2.79,17.07,26.58,47.91,UC Davis Aggies
Nils Cooper,641.0,1134.4,5.62,109.78973148291153,104.16941839475189,109.79,104.41,37.07,80.14,10.68,30.54,24.98,33.27,13.59,32.83,15.27,11.3,3.88,17.65,25.86,46.42,UC Davis Aggies
Niko Rocak,749.8,1322.9,5.46,105.8602554470323,100.39549741405538,105.86,99.17,35.46,78.81,10.89,32.08,24.04,33.06,12.92,33.28,14.58,10.89,4.51,18.41,24.04,46.2,UC Davis Aggies
Carl Daughtery Jr.,598.9,1084.8,4.89,105.36261609015278,100.47703546654989,105.36,100.48,34.29,81.21,12.35,35.86,24.43,31.99,13.92,34.66,18.71,10.79,3.6,17.51,26.64,48.58,UC Davis Aggies
Marcus Wilson,844.3,1498.7,3.67,106.9994646680942,103.33011743570977,107.0,103.92,35.53,80.43,12.18,34.6,23.76,31.05,12.25,33.59,15.32,10.31,3.75,17.06,24.89,45.84,UC Davis Aggies
Brayden Fagbemi,763.1,1382.5,3.11,104.88521379610486,101.77988566894487,104.89,102.35,34.67,79.21,11.68,35.03,23.86,32.93,12.33,32.57,15.89,12.33,3.92,17.48,26.04,44.9,UC Davis Aggies
Isaiah Chappell,768.1,1394.2,2.79,104.32776365832117,101.53588183877702,104.33,102.6,34.68,79.6,12.4,36.48,22.57,30.35,11.1,34.75,15.21,10.53,3.53,17.09,25.31,45.85,UC Davis Aggies
Chase Rawlins,88.9,165.6,2.01,98.84266499843604,96.83535073647367,98.84,103.85,34.41,82.58,10.63,35.66,19.39,28.78,18.77,30.03,11.89,18.77,7.51,22.52,22.52,48.8,UC Davis Aggies
Connor Sevilla,929.7,1661.4,0.5,106.3361623781939,105.83643460107109,106.34,104.72,34.91,78.85,12.45,35.15,24.07,31.91,11.56,32.81,14.97,10.18,3.23,17.54,26.4,44.37,UC Davis Aggies
Omer Suljanovic,460.4,811.0,-0.62,101.53731713364739,102.16158209412846,101.54,103.27,34.84,79.97,11.41,34.84,20.46,26.78,13.89,32.85,13.76,11.53,3.35,21.2,28.51,46.74,UC Davis Aggies
Cyril Franklin Jr.,122.5,229.5,-3.49,104.73086863692549,108.22236313675755,104.73,115.07,35.06,78.21,8.99,31.46,25.62,36.41,12.59,33.26,20.68,10.34,4.05,17.08,29.67,45.85,UC Davis Aggies
Abdullah Amzil,33.2,62.4,-7.66,101.9317714755446,109.58904109589041,101.93,115.08,27.95,78.91,9.86,42.75,36.17,44.39,16.44,34.53,6.58,9.86,3.29,16.44,24.66,50.97,UC Davis Aggies
Elijah Chol,411.5,719.6,23.18,114.09092490173572,90.90593664341972,114.09,91.13,43.69,89.05,9.6,26.85,17.11,26.57,17.81,42.85,14.19,9.32,10.3,16.14,21.43,60.66,UC Irvine Anteaters
Jovan Jester Jr.,507.2,917.1,15.69,106.06019189240902,90.37028981567072,106.06,90.86,38.93,83.65,7.54,22.09,20.67,30.29,16.51,38.6,12.68,14.1,8.2,18.48,24.27,55.11,UC Irvine Anteaters
Ben Egbo,85.4,173.8,15.49,107.07011929007857,91.58134243458474,107.07,93.69,42.48,84.38,6.4,22.11,15.71,26.77,16.29,32.0,4.07,12.8,6.98,19.2,25.02,48.29,UC Irvine Anteaters
Jurian Dixon,995.9,1789.6,12.08,107.90227089529422,95.81847285798534,107.9,94.84,39.58,85.17,8.34,24.29,20.4,29.24,16.4,39.3,15.34,10.9,8.06,17.34,22.01,55.7,UC Irvine Anteaters
Kyle Evans,929.0,1654.2,11.98,108.80316518298714,96.81893700367338,108.8,95.2,39.92,85.9,8.75,24.22,20.2,28.41,16.01,40.34,16.25,9.89,8.27,16.61,20.92,56.35,UC Irvine Anteaters
Tama Isaac,876.7,1561.9,11.9,106.65478785179057,94.75650605514042,106.65,93.61,39.39,84.64,8.78,24.5,19.09,28.19,15.53,41.17,14.76,9.1,8.4,17.5,20.49,56.7,UC Irvine Anteaters
Derin Saran,977.3,1742.8,9.66,105.44334132146527,95.78488791437061,105.44,94.72,38.97,86.9,7.82,23.45,19.69,28.3,17.35,39.37,13.87,10.78,7.93,17.0,22.02,56.72,UC Irvine Anteaters
Nes Emeneke,260.5,451.1,9.27,102.34493617499861,93.07406598208433,102.34,95.82,39.59,87.27,6.52,22.27,16.65,26.32,18.89,38.24,12.6,13.72,8.77,19.12,21.82,57.13,UC Irvine Anteaters
Harrison Carrington,549.3,985.5,7.48,105.44389455610543,97.96376054435638,105.44,97.06,39.09,83.32,7.27,21.71,20.0,27.88,15.35,36.46,15.35,12.42,6.87,18.79,21.92,51.81,UC Irvine Anteaters
Akiva McBirney-Griffin,306.0,545.1,4.16,98.69456531802612,94.532563741308,98.69,96.29,38.51,85.55,7.41,21.11,14.26,21.85,15.18,41.11,12.22,12.04,6.67,19.26,22.78,56.29,UC Irvine Anteaters
Andre Henry,651.0,1143.2,3.93,105.44753897355055,101.51796439882057,105.45,101.77,38.36,84.69,8.32,24.61,20.41,28.73,15.33,39.15,16.38,10.86,7.09,16.99,23.03,54.48,UC Irvine Anteaters
Tyler Jones,359.4,638.2,-5.37,102.87491526775389,108.24127179645097,102.87,112.13,35.57,84.21,9.41,32.22,22.33,28.87,16.59,35.57,15.63,7.34,6.06,18.66,31.1,52.16,UC Riverside Highlanders
Andrew Henderson,919.5,1629.8,-5.58,103.48940334566805,109.06628916107589,103.49,108.38,35.9,82.63,10.15,32.6,21.53,29.48,15.11,33.88,11.56,7.83,5.87,18.47,27.1,48.99,UC Riverside Highlanders
Marqui Worthy Jr.,975.8,1721.9,-5.78,103.10740596008279,108.88594357622455,103.11,108.2,36.07,83.89,10.19,32.94,20.78,28.19,15.34,33.69,12.74,7.82,5.56,18.06,27.56,49.03,UC Riverside Highlanders
BJ Kolly,637.0,1116.0,-6.66,97.61761225355572,104.28137993032924,97.62,103.6,35.72,85.2,8.66,30.81,17.51,24.38,16.17,34.83,11.97,8.22,6.07,19.38,27.15,51.0,UC Riverside Highlanders
De'Undrae Perteete Jr.,605.6,1066.2,-8.43,102.75642227639227,111.18408707074498,102.76,111.1,36.0,85.6,10.69,33.94,20.06,27.75,16.03,33.38,10.97,7.97,5.44,17.25,25.69,49.41,UC Riverside Highlanders
Ben Waller,328.0,588.7,-8.49,102.35049092531985,110.8376474582025,102.35,111.02,34.51,85.35,11.05,34.34,22.27,29.41,18.02,33.83,14.96,7.48,5.78,18.7,29.58,51.85,UC Riverside Highlanders
Jailen Daniel-Dalton,497.9,866.8,-8.9,103.81202855408804,112.71335232996573,103.81,113.18,35.37,81.04,10.52,31.21,22.54,29.94,14.91,35.03,11.91,6.71,5.09,19.65,27.63,49.94,UC Riverside Highlanders
Osiris Grady,843.3,1482.9,-9.41,101.09229652389715,110.50132992155146,101.09,110.82,34.98,82.32,10.33,31.94,20.8,28.84,14.38,33.7,12.43,8.17,5.67,18.37,26.61,48.08,UC Riverside Highlanders
Dylan Godfrey,182.9,336.1,-10.33,106.18665859930418,116.51906609090244,106.19,120.41,36.91,82.89,11.8,34.19,20.57,29.65,15.13,32.07,7.56,9.68,6.35,18.15,23.9,47.2,UC Riverside Highlanders
Denzel Hines,53.4,97.0,-16.33,100.02604845011722,116.35621331972443,100.03,118.78,33.34,71.89,14.59,32.3,18.75,21.88,6.25,38.55,0.0,8.34,6.25,23.96,19.8,44.8,UC Riverside Highlanders
Emanuel Prospere II,580.9,995.8,14.31,112.68028846153845,98.36643258073448,112.68,97.86,40.56,85.34,13.72,36.46,17.83,26.44,14.12,40.36,12.42,11.32,3.81,16.23,23.94,54.48,UC San Diego Tritons
Aidan Burke,697.5,1199.9,10.67,112.2506763984144,101.58546177091527,112.25,102.94,39.93,83.89,13.26,36.75,19.13,28.61,13.67,38.42,13.0,10.82,2.94,16.19,23.49,52.09,UC San Diego Tritons
Leo Beath,955.3,1669.6,9.35,109.59968907889623,100.24897261301258,109.6,99.91,39.22,84.97,12.26,36.41,18.89,27.62,13.33,39.1,14.83,10.7,3.83,15.25,22.48,52.43,UC San Diego Tritons
Jaden Vance,272.6,488.9,9.05,105.62833324703568,96.58028994292064,105.63,99.0,36.87,80.36,11.18,30.86,20.71,30.45,13.05,38.32,19.05,10.98,4.14,18.23,24.65,51.37,UC San Diego Tritons
Tom Beattie,987.1,1734.8,7.54,105.5885439880379,98.0443134875928,105.59,97.59,37.73,83.27,11.79,36.0,18.35,26.86,12.71,39.85,14.55,9.83,4.31,16.68,22.43,52.56,UC San Diego Tritons
Bol Dengdit,740.6,1264.8,6.11,106.23028391167193,100.11890606420928,106.23,99.61,38.25,83.6,12.62,36.44,17.11,25.24,13.17,39.35,14.91,10.25,4.34,17.59,21.53,52.52,UC San Diego Tritons
Hudson Mayes,732.9,1307.4,5.79,107.69142265431744,101.90499799774983,107.69,102.48,38.66,83.76,10.97,35.28,19.41,26.92,13.04,39.2,15.42,10.35,3.99,16.49,23.7,52.24,UC San Diego Tritons
Alex Chaikin,791.3,1417.3,4.93,106.30554972356356,101.37478435627013,106.31,99.73,38.14,84.26,11.9,36.46,18.13,25.47,12.95,39.4,15.47,9.94,4.2,16.59,22.74,52.35,UC San Diego Tritons
Dimitrije Vukicevic,164.5,280.1,3.94,104.31918008784773,100.37466236821469,104.32,105.42,38.07,83.82,10.61,30.75,17.57,26.35,14.28,42.83,22.33,9.52,3.29,17.94,24.52,57.11,UC San Diego Tritons
Cade Pendleton,141.0,242.6,1.36,104.57248308386305,103.21243523316062,104.57,102.11,38.55,92.68,13.53,42.24,13.94,18.86,15.99,37.73,9.02,9.43,4.1,14.35,22.96,53.72,UC San Diego Tritons
Trap Johnson,196.8,355.8,-2.22,99.79035639412997,102.01342281879195,99.79,100.91,35.5,81.34,10.9,37.74,17.89,25.16,13.42,38.02,10.62,10.06,3.07,20.13,22.92,51.44,UC San Diego Tritons
Ryder Elisaldez,33.8,60.2,-17.76,103.20432792342903,120.96106048053024,103.2,121.51,34.96,81.56,11.65,31.63,21.64,28.3,18.31,31.63,3.33,11.65,1.66,23.3,33.29,49.94,UC San Diego Tritons
Evans Kipruto,209.1,347.8,34.32,120.6205841649064,86.29621744375844,120.62,88.57,37.58,80.12,14.86,37.58,30.59,38.17,16.9,43.7,13.98,10.78,5.24,18.65,27.68,60.6,UC Santa Barbara Gauchos
Luke Zuffelato,52.9,98.4,30.72,110.62289997415353,79.90012484394506,110.62,82.71,39.29,83.74,11.37,35.15,20.68,32.05,18.61,43.42,5.17,10.34,5.17,19.64,15.51,62.03,UC Santa Barbara Gauchos
Koat Keat Tong,65.6,113.6,23.78,114.13285777975926,90.35621198957429,114.13,92.73,39.23,85.6,14.27,38.34,21.4,30.32,14.27,40.12,16.94,12.48,2.67,14.27,26.75,54.39,UC Santa Barbara Gauchos
Jason Fontenet II,113.2,189.9,21.44,128.51832182687198,107.07756594411073,128.52,108.87,45.14,92.94,13.28,33.46,24.96,36.11,20.71,35.58,0.0,10.09,3.19,10.62,28.15,56.29,UC Santa Barbara Gauchos
4684812,30.6,50.8,19.73,105.42018896071606,85.68646543330087,105.42,87.52,35.8,77.57,19.89,41.77,13.92,17.9,7.96,43.76,23.87,3.98,5.97,21.88,37.79,51.72,UC Santa Barbara Gauchos
Zachiah Clark,103.6,180.4,16.0,118.98414480145922,102.98548342919747,118.98,105.51,40.41,79.14,13.47,32.55,24.69,29.75,12.35,35.36,11.22,14.03,3.37,19.08,25.26,47.71,UC Santa Barbara Gauchos
Marvin McGhee IV,477.0,806.8,15.8,117.25168035847648,101.44703958532597,117.25,102.32,38.96,81.28,14.07,35.47,25.27,32.86,14.56,36.35,17.43,11.58,3.49,17.67,28.38,50.91,UC Santa Barbara Gauchos
Miro Little,420.0,704.2,15.7,117.16842961757527,101.47147896105749,117.17,100.75,39.2,83.77,13.44,34.67,25.33,32.97,15.0,37.92,11.04,9.48,4.67,15.57,25.47,52.92,UC Santa Barbara Gauchos
Zion Sensley,681.1,1142.9,13.13,118.0136577603925,104.88707966134724,118.01,107.05,40.4,84.07,13.97,37.22,23.25,29.26,16.88,38.98,13.17,9.02,3.71,18.92,26.7,55.86,UC Santa Barbara Gauchos
Michael Simcoe,248.3,418.1,11.69,116.40147619335713,104.71575463893157,116.4,107.21,38.96,85.18,14.52,38.48,23.96,31.7,18.88,33.64,11.13,14.52,2.9,18.63,24.2,52.52,UC Santa Barbara Gauchos
CJ Shaw,771.7,1308.2,9.05,116.22499375444394,107.17950667021398,116.22,108.38,38.9,81.02,13.14,34.98,25.29,32.52,16.22,35.44,14.3,9.84,3.46,19.76,27.67,51.66,UC Santa Barbara Gauchos
Colin Smith,769.1,1285.2,7.85,113.63503876571517,105.78177640162801,113.64,105.55,38.63,83.17,12.75,34.28,23.63,30.86,15.78,36.22,13.37,8.71,3.81,17.95,26.66,52.0,UC Santa Barbara Gauchos
Aidan Mahaney,896.4,1490.3,6.21,113.84615384615384,107.63146823727388,113.85,106.96,38.93,84.08,13.18,35.92,22.81,29.43,16.39,34.92,13.11,9.16,2.94,18.33,26.69,51.31,UC Santa Barbara Gauchos
Hosana Kitenge,563.4,909.3,5.56,114.09323046832556,108.52928899401697,114.09,105.94,41.62,84.75,12.93,32.92,17.93,24.77,15.1,34.77,13.15,8.69,3.15,18.58,25.97,49.87,UC Santa Barbara Gauchos
4704078,26.8,50.2,31.66,137.18765311122,105.53018772196853,137.19,101.91,49.0,86.23,11.76,27.44,27.44,37.24,17.64,39.2,21.56,7.84,0.0,13.72,23.52,56.84,UCF Knights
Kris Parker,107.3,197.2,23.08,125.73473038589317,102.65442193986665,125.73,104.27,44.98,90.98,13.8,34.24,21.98,27.6,21.47,36.29,5.11,9.2,5.11,17.38,28.62,57.76,UCF Knights
John Bol,534.6,921.6,10.52,115.26505014462194,104.74738675958189,115.27,104.02,42.82,87.8,11.57,28.87,18.06,24.55,17.19,37.3,15.25,8.0,5.3,17.73,22.38,54.49,UCF Knights
Jamichael Stillwell,785.0,1394.4,7.53,114.20577843935509,106.67813743413271,114.21,106.75,42.25,89.46,10.11,28.41,19.58,27.33,17.79,34.51,15.21,9.33,3.52,15.35,23.39,52.3,UCF Knights
Devan Cambridge,524.7,936.9,6.01,116.98817672682016,110.97949406407118,116.99,114.07,41.77,88.85,13.85,34.41,19.59,28.03,18.07,35.28,15.69,6.82,4.55,15.91,27.16,53.35,UCF Knights
Themus Fulks,970.1,1715.4,5.83,113.61879057553432,107.79175401816912,113.62,108.02,41.37,88.29,10.91,28.77,19.96,27.72,18.09,34.49,15.06,8.4,3.85,16.63,24.39,52.58,UCF Knights
Riley Kugel,796.1,1417.2,5.44,113.78756595549437,108.3464122595094,113.79,108.42,41.79,89.79,10.59,29.86,19.62,27.74,18.85,34.38,14.12,8.19,4.16,15.88,24.56,53.23,UCF Knights
Carmelo Pacheco,424.6,753.7,4.93,115.3910288477572,110.46223893892903,115.39,111.66,40.95,90.71,14.81,38.42,18.68,26.01,19.48,35.62,13.07,6.0,4.14,16.41,25.75,55.1,UCF Knights
Chris Johnson,447.2,792.0,4.01,114.81621826449413,110.8061208392491,114.82,110.9,41.81,88.29,10.99,30.44,20.21,26.78,14.4,36.0,19.33,7.7,4.67,13.39,26.65,50.4,UCF Knights
Jordan Burks,829.5,1480.2,1.93,112.47291440953413,110.54565063530046,112.47,111.05,40.9,88.03,10.29,28.91,20.38,27.63,17.74,35.14,14.63,8.13,4.67,16.59,23.9,52.88,UCF Knights
Jeremy Foumena,241.5,410.7,-4.34,109.58230958230959,113.92023170216619,109.58,115.97,43.0,91.15,10.57,29.24,13.02,19.66,15.23,32.92,17.2,5.9,4.18,14.74,22.11,48.15,UCF Knights
George Beale Jr.,176.2,311.5,-5.27,109.88659958473086,115.1520038706556,109.89,114.04,38.33,88.8,14.69,40.89,18.53,24.92,16.61,33.22,13.74,6.39,7.03,15.97,25.56,49.83,UCF Knights
Elijah Hulsewe,69.6,119.9,-32.3,88.26649692340335,120.56592167315974,88.27,124.76,30.55,93.36,11.88,37.34,15.28,22.92,22.07,31.4,7.64,8.49,2.55,17.82,39.89,53.47,UCF Knights
Steven Jamerson II,293.0,469.6,22.24,117.60945989133909,95.36480229897292,117.61,95.45,41.55,86.93,12.36,30.04,22.16,31.11,17.9,30.89,14.7,12.78,4.9,16.19,29.19,48.79,UCLA Bruins
Jamar Brown,479.3,809.9,13.28,116.27620221948212,102.99208704253215,116.28,102.71,40.69,87.67,11.34,32.68,23.55,29.59,16.4,31.32,15.04,11.59,4.32,14.67,26.76,47.72,UCLA Bruins
Brandon Williams,341.0,569.1,12.86,118.4303977272727,105.5698073829297,118.43,107.78,40.66,86.12,11.72,31.61,25.39,34.09,15.45,33.2,15.27,9.94,4.08,13.14,28.76,48.65,UCLA Bruins
Skyy Clark,574.5,952.2,11.82,119.91592222806095,108.09676234454531,119.92,108.25,42.88,86.39,13.35,33.21,20.81,27.33,13.14,30.37,17.87,11.25,3.89,13.77,25.12,43.51,UCLA Bruins
Trent Perry,897.6,1469.9,9.41,117.90088850381393,108.49466210348876,117.9,108.25,41.45,87.66,12.23,31.94,22.76,29.7,14.61,31.94,19.98,10.46,4.42,12.84,26.03,46.55,UCLA Bruins
Tyler Bilodeau,800.0,1314.5,7.9,116.84936150977512,108.94493210149241,116.85,106.83,42.11,89.2,12.28,32.85,20.34,26.07,14.77,31.64,19.36,10.02,4.07,13.18,25.01,46.41,UCLA Bruins
Eric Dailey Jr.,807.4,1328.9,7.69,116.78174722305612,109.09296667232502,116.78,108.53,41.8,86.99,11.71,30.02,21.47,28.82,13.36,33.32,19.74,9.91,4.43,12.68,26.19,46.68,UCLA Bruins
Eric Freeny,245.5,383.4,7.28,115.3010858835143,108.02429254425635,115.3,110.04,41.33,92.4,12.11,32.64,20.53,27.64,18.43,34.49,20.53,11.06,4.21,12.9,26.59,52.92,UCLA Bruins
Donovan Dent,1013.2,1661.4,6.34,115.30360474213155,108.96393955812414,115.3,108.92,41.64,88.58,12.04,31.35,19.98,27.2,14.26,32.62,19.2,9.87,4.33,12.76,25.88,46.88,UCLA Bruins
Xavier Booker,614.0,984.1,2.49,111.39060395863507,108.90435312642862,111.39,108.95,40.96,89.64,11.89,31.4,17.58,22.66,13.72,33.84,16.97,8.94,5.18,13.31,21.34,47.56,UCLA Bruins
Dwayne Koroma,72.4,120.4,38.45,110.43203371970496,71.98364008179959,110.43,74.18,39.62,89.36,10.12,38.78,21.07,29.5,19.39,39.62,0.0,16.02,5.06,16.02,23.6,59.01,UConn Huskies
Jayden Ross,551.2,897.4,26.46,119.21090508847685,92.75202860679411,119.21,95.17,42.67,89.07,12.3,36.69,21.56,30.14,19.42,39.17,16.93,11.97,8.35,16.03,28.11,58.59,UConn Huskies
Jaylin Stewart,442.2,721.7,24.37,117.48232164111181,93.11255099592032,117.48,95.08,43.55,87.38,12.04,33.19,18.34,27.17,16.52,38.23,14.28,11.9,8.96,16.24,26.61,54.75,UConn Huskies
Tarris Reed Jr.,778.4,1278.9,22.95,119.23360926508882,96.28318584070796,119.23,95.14,43.84,87.6,12.36,34.74,19.2,26.27,17.33,37.93,24.02,9.72,8.63,17.26,26.04,55.26,UConn Huskies
Silas Demary Jr.,963.3,1581.2,21.95,119.74912715840694,97.79564192236482,119.75,97.63,44.17,90.3,12.89,36.34,18.52,25.34,18.2,36.97,21.23,10.05,7.58,15.86,27.11,55.17,UConn Huskies
Alex Karaban,1167.2,1905.0,19.73,117.40938180206717,97.67699992071672,117.41,96.35,42.91,89.67,12.72,36.49,18.87,25.91,18.56,37.64,19.86,9.91,7.98,16.58,27.48,56.2,UConn Huskies
Braylon Mullins,797.8,1312.5,17.62,117.42070673397467,99.79811831028834,117.42,99.82,44.12,90.14,13.18,36.96,16.0,21.72,17.98,37.64,25.15,9.68,7.54,17.53,27.28,55.62,UConn Huskies
Malachi Smith,519.4,852.0,17.59,113.44783269073491,95.86133710647329,113.45,94.99,40.78,86.46,12.62,35.4,19.28,28.51,17.64,38.79,15.89,11.1,8.53,17.64,26.17,56.43,UConn Huskies
Alec Millender,32.3,56.1,17.46,112.14953271028038,94.68512728896829,112.15,94.35,42.72,94.35,10.68,39.16,16.02,23.14,21.36,32.04,7.12,19.58,7.12,16.02,24.92,53.4,UConn Huskies
Solo Ball,960.3,1582.6,15.32,114.86570893191754,99.54606482961448,114.87,97.25,42.22,90.01,12.05,36.54,18.36,24.98,18.55,37.48,18.55,9.43,7.43,16.68,26.67,56.03,UConn Huskies
Eric Reibe,494.9,796.9,11.49,115.17568373787171,103.68930821552831,115.18,103.87,43.08,94.07,13.82,39.44,15.2,21.73,19.97,36.93,15.7,10.68,7.16,15.57,28.51,56.9,UConn Huskies
Ante Beljan,131.4,220.9,17.05,112.35955056179776,95.31410329494926,112.36,93.93,40.0,79.55,11.24,26.52,21.12,26.97,15.28,35.96,11.24,12.58,3.6,22.92,26.07,51.24,UIC Flames
Elijah Crawford,520.3,855.2,11.16,113.15681804898006,101.99426867068249,113.16,101.93,40.91,85.92,9.23,26.77,22.09,30.63,17.07,35.42,19.64,11.69,4.79,16.6,21.04,52.49,UIC Flames
Sam Silverstein,617.6,1013.7,5.87,109.88411047968832,104.01450909269154,109.88,105.32,37.32,85.07,9.53,29.48,25.71,36.03,20.25,32.06,12.71,12.71,5.26,18.07,27.1,52.31,UIC Flames
Mekhi Lowery,746.3,1239.7,4.72,109.61343857518722,104.8951048951049,109.61,105.65,39.43,87.19,8.74,28.33,22.02,31.57,19.02,33.6,14.25,11.5,5.34,16.84,26.31,52.62,UIC Flames
Andy Johnson,816.6,1362.6,4.44,107.9409490851526,103.50565989429987,107.94,104.19,37.92,85.7,9.2,28.72,22.9,31.96,17.89,34.68,12.81,10.6,5.52,17.01,24.59,52.57,UIC Flames
Abdul Momoh,672.8,1103.0,4.05,108.40817800243715,104.35732823384782,108.41,103.44,39.36,85.39,9.39,26.9,20.31,29.43,17.96,34.39,14.44,11.46,5.78,18.59,22.66,52.35,UIC Flames
Rashund Washington Jr.,644.2,1065.5,2.63,109.10545762632087,106.47953216374269,109.11,107.13,39.82,88.58,9.13,30.22,20.33,27.21,18.55,33.23,13.09,11.2,4.8,17.04,22.78,51.78,UIC Flames
Josiah Hammons,390.1,644.4,1.55,110.63014748132542,109.07662082514736,110.63,106.34,39.23,87.19,11.49,32.94,20.69,29.88,18.85,32.18,14.25,11.8,4.6,17.47,24.98,51.03,UIC Flames
Jayce Nathaniel,555.5,904.9,0.35,105.48674519323605,105.1379243560302,105.49,104.82,37.3,90.7,10.59,35.09,20.3,27.48,20.41,32.77,13.46,11.48,5.3,16.66,25.38,53.18,UIC Flames
Ahmad Henderson II,602.0,1005.1,-3.58,102.19517603291533,105.77067952388128,102.2,103.77,36.66,87.61,8.77,30.45,20.1,26.71,20.01,31.34,11.63,11.04,5.12,19.71,27.1,51.35,UIC Flames
Tai Walters-Whitaker,43.4,70.1,-27.47,95.67358424199789,123.14378848243388,95.67,119.59,37.99,94.27,5.63,30.95,14.07,23.92,21.1,33.77,2.81,9.85,1.41,15.48,14.07,54.87,UIC Flames
Alex Huguet Carrasco,89.9,160.2,-6.59,92.42618741976892,99.01290812452544,92.43,104.62,30.17,82.8,8.34,35.3,23.75,30.81,16.69,41.08,0.64,10.27,3.21,19.26,18.61,57.77,UL Monroe Warhawks
Dylan Diaz,472.4,849.1,-11.58,103.00936180266382,114.58761373642501,103.01,115.29,35.08,81.04,11.93,33.31,20.91,28.23,11.46,32.49,12.64,8.15,4.73,17.01,19.73,43.95,UL Monroe Warhawks
Wiggy Ball,287.2,504.1,-12.36,99.16025544325439,111.52416356877323,99.16,114.65,32.58,80.25,9.45,33.99,24.54,34.8,13.88,35.8,6.84,7.84,3.22,17.1,20.31,49.68,UL Monroe Warhawks
Przemek Hartman,208.8,373.5,-15.0,100.58560110230796,115.58737390172469,100.59,122.36,35.55,81.85,11.02,30.86,18.46,28.94,14.33,32.79,4.41,8.54,3.58,18.74,21.77,47.12,UL Monroe Warhawks
Lavell Brodnex,771.2,1364.4,-15.91,105.78415794568335,121.6956505753888,105.78,120.91,34.99,81.75,10.74,32.8,25.06,34.12,13.66,31.34,12.2,7.52,5.19,15.71,19.94,45.0,UL Monroe Warhawks
Renars Sondors,748.8,1318.5,-16.27,99.81571326488398,116.09054756806363,99.82,114.18,33.7,81.91,11.21,35.95,21.21,28.73,12.11,33.17,11.88,8.05,4.44,16.55,19.11,45.28,UL Monroe Warhawks
MJ Russell,1082.2,1920.9,-16.97,101.73778142803134,118.70793378550452,101.74,119.1,34.16,82.39,10.69,33.95,22.74,30.92,13.61,32.49,10.9,8.08,4.95,16.53,20.81,46.1,UL Monroe Warhawks
Krystian Lewis,1089.3,1932.8,-17.95,100.92549506230289,118.87595945998422,100.93,118.71,33.61,82.0,10.75,33.76,22.96,30.82,13.39,32.21,10.5,8.27,4.71,16.75,21.1,45.6,UL Monroe Warhawks
Alex Molofeev,633.9,1116.2,-18.62,97.03843730308758,115.65641928795951,97.04,116.75,32.77,81.29,10.26,34.39,21.24,29.17,13.05,33.49,9.09,9.0,4.68,17.91,20.7,46.54,UL Monroe Warhawks
Micah Caster,339.8,594.6,-22.22,97.4086266565375,119.63305826666107,97.41,120.54,31.4,82.21,10.3,35.11,24.31,31.4,14.35,31.4,11.31,9.12,3.04,17.22,22.96,45.75,UL Monroe Warhawks
Ayomide Bamisile,291.2,505.8,-24.72,96.81427364445108,121.53392330383481,96.81,122.86,30.42,81.51,8.75,30.22,27.24,35.58,15.9,30.02,13.12,8.55,6.96,17.49,25.25,45.92,UL Monroe Warhawks
Jose Roberto Tanchyn,554.3,903.8,20.77,118.1999115435648,97.4313551815766,118.2,97.3,42.79,87.68,13.38,35.16,19.24,24.77,12.72,41.24,12.72,7.85,3.65,13.27,20.23,53.96,UMBC Retrievers
Josh Odunowo,629.5,1036.9,20.05,117.50870034801393,97.45701138290143,117.51,96.58,42.43,86.69,12.0,31.2,20.64,26.4,12.86,40.9,11.9,6.91,4.51,13.63,19.87,53.76,UMBC Retrievers
Caden Diggs,665.8,1126.2,18.98,114.8572063562618,95.87583148558758,114.86,96.1,39.83,82.94,12.62,32.27,22.58,30.67,11.11,41.96,10.85,8.09,4.18,13.6,20.89,53.07,UMBC Retrievers
DJ Armstrong Jr.,979.7,1632.8,17.13,113.28226932936283,96.15590207248347,113.28,96.64,40.22,85.28,12.65,33.83,20.2,26.59,11.79,41.63,10.07,7.67,3.93,13.88,19.83,53.42,UMBC Retrievers
Ace Valentine,941.8,1559.0,16.78,114.96898778694289,98.18714108771535,114.97,97.58,41.43,86.96,12.72,33.76,19.37,25.83,12.15,40.54,11.57,7.55,4.03,12.92,19.89,52.69,UMBC Retrievers
Cougar Downing,325.1,537.2,16.42,113.77909124492058,97.35965858462691,113.78,95.86,40.64,85.7,13.48,35.83,19.02,26.6,12.19,37.5,10.34,9.6,3.32,13.85,19.02,49.69,UMBC Retrievers
Jah'Likai King,941.7,1573.1,12.22,112.8693994280267,100.65172468605945,112.87,100.6,40.29,84.91,11.69,32.09,20.59,26.69,11.57,40.74,9.47,7.12,4.45,13.98,19.26,52.31,UMBC Retrievers
Riley Jacobs,460.8,775.8,9.03,107.51437617109258,98.48606602166437,107.51,98.99,39.03,85.55,10.47,31.53,19.0,26.62,13.05,40.83,9.05,7.11,4.91,14.86,18.35,53.88,UMBC Retrievers
Tim Eze,47.0,88.9,3.74,108.70161954433159,104.959630911188,108.7,99.92,40.63,84.55,13.18,32.94,14.27,18.67,17.57,30.74,7.69,13.18,3.29,24.16,9.88,48.31,UMBC Retrievers
Daylon Dickerson,269.4,460.9,3.69,109.23868870224871,105.54891953523726,109.24,105.34,38.36,83.88,12.79,35.76,19.72,27.09,14.09,39.45,4.33,5.85,5.64,17.34,20.37,53.54,UMBC Retrievers
Paul Greene,119.3,209.8,-8.39,101.34486071085496,109.73158330377201,101.34,111.43,32.66,77.81,10.57,30.26,25.46,34.58,12.97,37.94,7.68,9.13,1.44,18.73,19.69,50.91,UMBC Retrievers
Keenan Bey,26.0,50.1,61.77,144.7776628748707,83.01158301158301,144.78,88.93,47.57,80.66,8.27,24.82,41.37,53.77,20.68,51.71,0.0,10.34,2.07,14.48,22.75,72.39,UMass Lowell River Hawks
Jerrell Roberson II,64.3,126.1,23.09,114.58972784939635,91.50326797385621,114.59,97.4,38.47,75.3,8.18,22.92,29.47,43.38,17.19,40.11,0.82,12.28,3.27,21.28,27.83,57.3,UMass Lowell River Hawks
Isaiah Walter,96.4,178.4,3.08,102.73972602739727,99.65588437715073,102.74,103.31,36.53,78.2,6.28,25.11,23.4,41.1,18.84,41.1,1.71,10.27,3.42,21.12,18.26,59.94,UMass Lowell River Hawks
Angel Montas Jr.,851.4,1465.1,2.41,112.1552814133889,109.74591435047118,112.16,110.04,41.9,87.62,8.68,25.7,19.62,29.66,18.25,36.7,14.83,7.86,4.51,16.54,20.3,54.95,UMass Lowell River Hawks
Austin Green,703.3,1211.5,0.09,111.06072473925053,110.97110041521205,111.06,110.73,40.9,85.91,9.32,26.14,19.95,30.18,17.56,36.2,11.38,7.17,4.86,17.31,19.29,53.76,UMass Lowell River Hawks
Shawn Simmons II,650.2,1119.0,-1.96,107.73838794760606,109.69427633488912,107.74,109.79,39.25,86.91,8.23,25.93,20.92,30.58,18.33,36.66,13.14,7.69,5.01,16.9,19.4,54.99,UMass Lowell River Hawks
Victor Okojie,508.8,875.5,-2.03,103.95117618406348,105.98212761113324,103.95,106.7,37.82,86.19,8.02,28.42,20.17,31.98,18.57,37.59,12.26,8.25,4.13,17.19,23.95,56.16,UMass Lowell River Hawks
Xavier Spencer,1051.7,1813.8,-2.82,105.16012517749562,107.98296746455,105.16,108.03,38.66,85.64,8.22,26.63,19.58,28.84,17.59,37.28,11.53,7.44,4.52,18.25,21.01,54.87,UMass Lowell River Hawks
Darrel Yepdo,978.7,1692.1,-3.56,108.28742373082163,111.84317193603066,108.29,112.37,39.69,85.95,8.77,26.78,20.08,30.57,18.25,36.02,11.85,7.4,4.44,17.77,19.9,54.27,UMass Lowell River Hawks
Jared Frey,294.3,518.3,-8.07,99.9711066165848,108.04542159942014,99.97,107.68,33.9,78.59,7.51,26.77,24.66,37.37,16.76,34.67,3.66,6.55,5.01,20.42,22.15,51.43,UMass Lowell River Hawks
Khalil Farmer,421.0,720.6,-8.44,104.98906363920423,113.43387068816087,104.99,113.6,37.08,84.3,7.78,26.53,23.05,35.69,18.47,34.86,8.89,7.5,3.06,17.22,26.53,53.33,UMass Lowell River Hawks
JJ Massaquoi,461.8,796.7,-12.78,101.76492677431467,114.54104912048837,101.76,113.91,38.43,84.87,7.89,26.16,17.02,25.54,17.65,33.92,8.76,6.76,3.0,20.65,21.53,51.57,UMass Lowell River Hawks
Corey Jones,134.3,240.4,6.84,110.74986890403775,103.90681373054325,110.75,105.72,36.5,78.03,12.17,31.04,25.59,35.66,12.59,37.76,8.39,6.71,2.94,17.62,28.95,50.35,UNC Asheville Bulldogs
Daniel Thomas,596.0,991.7,3.95,107.91385113760028,103.96524446899878,107.91,104.78,36.95,83.31,9.62,28.75,24.4,35.13,17.51,36.44,12.65,8.81,5.47,17.51,26.02,53.95,UNC Asheville Bulldogs
DJ Patrick,970.8,1620.6,2.88,107.60450408761375,104.72884363187534,107.6,104.7,38.5,84.53,10.12,28.94,20.48,30.23,16.04,36.59,10.74,8.27,5.74,17.15,25.98,52.63,UNC Asheville Bulldogs
Justin Wright,1047.6,1757.4,2.6,108.85694575455096,106.26033206353769,108.86,104.07,38.41,83.06,10.36,29.0,21.68,31.03,15.15,34.8,10.59,7.72,5.29,17.35,25.29,49.95,UNC Asheville Bulldogs
Toyaz Solomon,1062.1,1797.6,2.08,108.51122816745217,106.42928898314545,108.51,105.74,37.93,83.17,10.2,28.61,22.46,32.16,15.53,35.26,10.48,8.15,5.54,17.08,26.34,50.79,UNC Asheville Bulldogs
Kameron Taylor,1102.4,1866.3,-0.13,107.63768386769534,107.76366202863481,107.64,107.0,37.96,82.17,9.45,27.34,22.26,32.14,15.11,35.29,9.93,7.96,5.23,17.67,26.0,50.4,UNC Asheville Bulldogs
Myles Mayfield,722.0,1222.1,-0.77,107.33570123390889,108.10810810810811,107.34,108.9,38.02,80.32,9.94,26.44,21.35,32.27,13.71,36.05,8.62,7.23,4.11,18.07,26.44,49.76,UNC Asheville Bulldogs
Jakel Powell,112.8,202.5,-1.8,109.69196093163033,111.48977604673806,109.69,114.7,40.07,80.64,10.02,27.55,19.53,27.05,13.52,34.06,6.51,8.01,4.51,20.04,26.05,47.58,UNC Asheville Bulldogs
David Hermes,91.0,145.9,-3.27,96.76343009676344,100.03522367030646,96.76,94.76,30.7,82.08,10.01,34.03,25.36,30.7,14.01,36.04,2.0,7.34,2.67,17.35,33.37,50.05,UNC Asheville Bulldogs
Julian Clarke,261.4,456.5,-5.38,100.3085553997195,105.6910569105691,100.31,110.86,33.44,74.95,9.65,29.85,23.79,34.78,12.34,37.03,7.18,7.41,3.59,20.87,36.13,49.37,UNC Asheville Bulldogs
Sage Tolentino,232.9,389.2,-5.85,99.18857513794222,105.04228397024224,99.19,107.24,37.39,84.65,8.57,29.34,15.84,24.67,15.06,35.57,10.13,9.35,6.23,18.7,27.78,50.63,UNC Asheville Bulldogs
Clyde Bailey II,77.6,140.6,44.72,133.40467273051541,88.68393047179852,133.4,89.17,43.52,84.89,14.27,37.1,32.1,37.81,17.83,45.66,22.12,9.99,2.14,14.98,24.97,63.49,UNC Greensboro Spartans
4896620,36.7,54.6,11.04,101.7428167687235,90.70698088039128,101.74,96.09,41.45,92.32,3.77,24.49,15.07,32.03,20.73,45.22,16.96,9.42,11.3,13.19,20.73,65.95,UNC Greensboro Spartans
Assane Mandian,145.0,250.4,6.22,107.13571856885868,100.91743119266054,107.14,101.14,35.98,79.15,12.39,35.58,22.79,29.58,11.99,37.58,5.6,9.19,2.8,18.79,19.59,49.57,UNC Greensboro Spartans
Landon King,147.9,258.7,4.33,115.26479750778816,110.92985318107668,115.26,112.54,39.33,81.0,11.29,31.15,25.31,34.27,14.02,40.11,8.57,6.62,3.89,16.74,23.36,54.13,UNC Greensboro Spartans
5314573,37.0,54.4,2.91,98.88059701492537,95.97102761430511,98.88,98.88,41.04,93.28,3.73,26.12,13.06,29.85,20.52,42.91,16.79,9.33,9.33,13.06,20.52,63.43,UNC Greensboro Spartans
5314576,32.6,50.2,2.66,109.92366412213741,107.26474890297418,109.92,111.96,44.78,93.64,4.07,30.53,16.28,30.53,18.32,36.64,16.28,12.21,8.14,10.18,22.39,54.96,UNC Greensboro Spartans
Clinton Efinda,466.5,805.3,-1.23,114.87077038331877,116.10313416705264,114.87,117.37,38.83,81.03,12.74,33.46,24.47,35.46,11.61,35.96,12.99,7.74,2.62,13.73,27.84,47.57,UNC Greensboro Spartans
Valentino Pinedo,776.9,1322.6,-1.77,114.15232860208577,115.92332510912885,114.15,114.98,38.63,82.83,11.45,31.55,25.45,35.99,13.7,35.31,12.95,8.81,2.86,13.78,22.97,49.01,UNC Greensboro Spartans
Donald Whitehead Jr.,812.3,1422.5,-2.86,112.51280963991661,115.37453019840922,112.51,116.61,37.46,82.41,11.45,32.79,26.15,36.89,14.49,36.33,11.17,7.99,2.05,14.56,23.82,50.82,UNC Greensboro Spartans
Chane Bynum,43.0,78.4,-3.34,111.9496855345912,115.28497409326424,111.95,111.95,37.74,88.05,17.61,45.28,18.87,25.16,13.84,37.74,21.38,7.55,1.26,13.84,36.48,51.58,UNC Greensboro Spartans
Noah Norgaard,786.2,1336.2,-3.42,111.97488413813726,115.39686405275285,111.97,115.11,39.47,85.59,12.18,34.24,20.86,30.5,14.5,37.08,14.35,7.85,2.54,14.43,23.1,51.58,UNC Greensboro Spartans
KJ Younger,895.9,1544.6,-4.18,112.40779300437428,116.59120048038692,112.41,115.96,38.42,84.39,12.07,33.51,23.5,32.73,14.4,35.83,13.11,8.07,2.26,14.46,21.76,50.23,UNC Greensboro Spartans
Justin Neely,1016.4,1757.7,-4.53,112.73391145595619,117.26495241607218,112.73,117.93,38.28,82.84,11.47,32.41,24.7,34.69,14.09,37.2,11.98,7.42,2.45,14.78,23.16,51.29,UNC Greensboro Spartans
Lilian Marville,771.6,1323.6,-8.62,112.39470063886323,121.01247609852142,112.39,120.46,38.14,82.54,12.51,32.57,23.59,32.94,13.12,34.37,11.76,7.54,2.64,14.93,22.84,47.49,UNC Greensboro Spartans
Domas Kauzonas,304.1,520.7,-9.26,106.93925692942796,116.19503496175325,106.94,121.68,38.53,84.92,12.38,34.79,17.5,25.95,16.32,37.94,10.62,5.31,1.77,19.07,24.38,54.26,UNC Greensboro Spartans
Antwann Jones,72.3,127.0,-12.9,100.25455257489719,113.15529179030663,100.25,112.0,36.03,83.02,10.97,32.9,17.23,25.85,12.53,39.16,0.0,7.05,3.92,17.23,27.41,51.69,UNC Greensboro Spartans
Gavin Walsh,357.9,604.0,34.47,124.94821443367303,90.48052270283684,124.95,90.65,41.26,87.83,12.1,32.81,30.33,43.42,22.21,41.76,6.3,8.29,3.31,13.75,24.03,63.97,UNC Wilmington Seahawks
Patrick Wessler,875.4,1450.6,20.18,117.71763536328265,97.53730437947348,117.72,96.46,40.79,88.31,12.0,32.98,24.13,35.45,19.2,40.52,16.04,8.43,4.52,14.05,24.13,59.72,UNC Wilmington Seahawks
Greedy Williams,1002.3,1669.0,16.49,114.40232886167882,97.91255457862313,114.4,98.26,38.65,87.03,11.88,33.67,25.21,35.89,19.63,41.3,14.77,7.86,4.14,15.55,24.85,60.93,UNC Wilmington Seahawks
Noah Ross,964.0,1604.0,16.17,115.65010040160644,99.48122338366241,115.65,100.78,40.35,88.98,12.36,33.26,22.59,33.63,19.83,41.54,14.5,8.03,3.89,14.87,25.41,61.37,UNC Wilmington Seahawks
Madison Durr,691.7,1168.6,12.6,113.02780638516991,100.42876341218883,113.03,101.01,37.33,85.05,10.21,30.64,28.15,40.51,18.45,38.96,11.16,8.75,2.92,14.16,27.98,57.41,UNC Wilmington Seahawks
Nolan Hodge,1061.4,1772.1,12.36,115.47278747912715,103.11511145489065,115.47,103.76,38.72,87.45,12.45,34.36,25.59,37.02,19.53,39.28,14.6,7.92,4.3,14.49,25.13,58.81,UNC Wilmington Seahawks
Christian May,945.4,1571.7,9.87,113.32116203837161,103.45535841246267,113.32,104.87,38.44,86.86,12.11,34.4,24.34,35.75,18.83,38.69,13.64,7.75,3.78,14.99,25.3,57.52,UNC Wilmington Seahawks
Jahnathan Lamothe,279.1,460.5,-5.93,105.50259965337953,111.43152511018009,105.5,110.92,37.05,91.85,12.35,37.91,19.06,29.46,21.23,38.34,18.2,7.58,2.6,15.38,29.46,59.57,UNC Wilmington Seahawks
Makoi Mabor Makoi,257.2,416.9,-8.62,97.6311844077961,106.24775152896031,97.63,106.27,34.54,96.19,11.51,37.18,17.03,25.19,24.71,37.66,10.31,7.92,2.88,16.55,29.03,62.37,UNC Wilmington Seahawks
Jacob Bannarbie,436.3,778.4,6.07,115.71207430340557,109.64687819856704,115.71,110.55,40.12,80.5,10.71,26.32,24.77,35.09,15.87,34.31,16.9,9.55,5.93,18.7,28.25,50.18,UNLV Rebels
Kimani Hamilton,887.4,1536.2,-0.21,107.46210649047805,107.6767082065875,107.46,106.62,37.83,82.13,10.17,29.47,21.63,31.61,14.7,32.52,13.41,11.14,7.06,17.55,31.03,47.22,UNLV Rebels
Walter Brown,587.0,1012.0,-0.66,111.91802626343015,112.57790646316926,111.92,114.11,40.39,84.26,10.45,28.75,20.69,31.04,15.62,34.32,14.62,9.65,7.16,16.61,29.65,49.94,UNLV Rebels
Howie Fleming Jr.,787.5,1373.2,-0.8,109.78148704672593,110.58422893132428,109.78,109.35,38.24,80.45,10.93,29.33,22.38,33.53,14.05,32.88,14.05,9.99,6.59,17.67,30.12,46.93,UNLV Rebels
Naas Cunningham,236.5,441.1,-1.37,111.648846370287,113.02014955191507,111.65,111.42,39.39,82.61,10.58,30.84,22.28,33.76,14.18,30.84,7.43,9.9,3.83,15.53,29.94,45.02,UNLV Rebels
Tyrin Jones,772.4,1355.4,-1.85,109.81321386919419,111.65833578359306,109.81,112.48,38.43,81.75,10.07,28.8,22.88,35.62,14.44,32.95,13.11,10.89,7.92,15.77,29.25,47.39,UNLV Rebels
Dra Gibbs-Lawhorn,1067.4,1859.6,-2.33,109.25906011399076,111.59213746000161,109.26,111.57,38.39,82.0,10.43,29.14,22.05,32.69,14.63,33.18,13.93,10.16,6.56,17.1,30.86,47.81,UNLV Rebels
Al Green,307.9,546.0,-3.75,112.29107027426355,116.04467447561973,112.29,118.02,36.94,79.05,10.9,30.47,27.52,41.0,15.7,30.1,10.53,10.9,5.17,17.18,30.47,45.8,UNLV Rebels
Ladji Dembele,90.2,166.4,-5.93,109.68811209883984,115.62078777894263,109.69,116.32,36.16,81.36,10.85,36.76,26.52,37.97,16.27,31.34,0.0,11.45,3.01,16.88,32.54,47.61,UNLV Rebels
Issac Williamson,636.0,1118.1,-7.72,102.32432675448455,110.04603785334608,102.32,111.23,35.88,82.45,9.35,30.48,21.22,31.83,15.11,33.99,11.42,10.34,6.56,17.53,30.3,49.1,UNLV Rebels
Emmanuel Stephen,321.6,528.1,-11.85,96.57116016909347,108.4228107850155,96.57,106.72,34.95,82.48,8.27,29.31,18.41,28.18,13.9,34.95,13.15,10.52,6.39,18.04,29.5,48.85,UNLV Rebels
Rodney Rice,197.2,364.6,15.18,114.49601308525865,99.31719428926132,114.5,98.14,37.62,80.42,10.63,28.08,28.62,40.07,14.18,34.62,0.0,9.0,10.9,14.72,23.99,48.8,USC Trojans
Amarion Dickerson,140.4,263.5,10.08,116.01845748187212,105.93747012142651,116.02,104.34,36.16,72.7,10.17,25.99,33.52,45.58,13.56,35.03,0.0,8.29,9.04,19.21,32.02,48.59,USC Trojans
Gabe Dynes,298.4,525.0,8.17,108.65421273351123,100.48051762690898,108.65,100.65,38.12,84.06,7.05,27.07,25.35,33.55,17.73,37.17,16.58,9.34,9.91,17.73,23.64,54.9,USC Trojans
Chad Baker-Mazara,691.4,1211.8,8.09,110.76721257712097,102.67273067098624,110.77,101.34,37.39,81.17,9.59,27.55,26.4,35.5,15.58,36.32,10.66,8.44,8.44,17.55,23.94,51.9,USC Trojans
Jacob Cofie,842.1,1475.5,6.26,110.40310994675906,104.14755936003262,110.4,103.64,37.32,80.93,8.92,25.56,26.84,36.17,15.55,36.37,13.05,8.86,7.91,17.44,25.35,51.92,USC Trojans
Jordan Marsh,413.6,765.1,6.14,111.17918292329023,105.04354737225552,111.18,102.28,37.27,79.84,9.54,27.99,27.09,37.02,14.83,34.95,11.87,9.03,8.9,17.41,26.44,49.78,USC Trojans
Jaden Brownell,273.6,498.3,3.41,112.5878013037546,109.1742205398944,112.59,110.77,39.01,83.28,11.52,34.97,23.04,30.52,14.15,35.58,13.14,9.1,7.68,16.37,24.66,49.73,USC Trojans
Jerry Easter II,417.8,754.4,3.17,110.04126547455297,106.86922925807085,110.04,109.5,35.96,76.89,7.38,24.56,30.73,39.32,12.75,36.23,8.19,7.78,7.38,17.18,24.69,48.98,USC Trojans
Ezra Ausar,818.8,1425.4,0.05,107.11788561040414,107.06555213374396,107.12,106.35,37.48,81.81,8.04,25.31,24.12,33.0,15.03,35.24,13.63,9.58,7.62,17.55,25.03,50.27,USC Trojans
Ryan Cornish,248.9,446.2,-2.33,106.72958094596112,109.06246507989721,106.73,109.65,37.75,85.16,7.19,25.39,24.04,35.5,17.53,31.46,16.63,10.34,6.29,15.5,28.31,48.99,USC Trojans
Terrance Williams II,334.6,585.3,-2.57,106.26901486909202,108.83542686821374,106.27,109.53,35.31,83.64,9.77,29.65,25.88,34.79,16.63,33.08,10.8,9.08,8.4,16.45,26.22,49.71,USC Trojans
Kam Woods,546.7,945.7,-5.43,104.81556287870734,110.24326101249177,104.82,111.41,37.42,84.62,7.76,26.68,22.22,31.04,17.54,34.23,19.88,10.31,7.87,18.18,23.92,51.77,USC Trojans
Alijah Arenas,330.3,586.6,-6.4,104.27796059660668,110.6766405984359,104.28,111.29,36.92,83.42,8.55,26.5,21.88,30.94,16.24,34.36,18.46,9.91,8.03,18.12,24.62,50.6,USC Trojans
Amari Reed,282.0,499.6,18.06,107.15183193446248,89.0881913303438,107.15,89.86,37.39,83.03,8.85,28.14,23.52,32.77,20.71,36.59,12.67,12.87,7.24,22.11,29.75,57.3,UT Arlington Mavericks
Bahsil Laster,575.9,994.2,13.73,105.5385079732381,91.80492709904475,105.54,91.86,34.01,77.77,7.45,23.74,30.08,40.44,17.41,38.13,10.26,11.17,5.94,20.42,28.27,55.54,UT Arlington Mavericks
Raysean Seamster,872.2,1501.6,8.14,104.30091413157501,96.15608716642528,104.3,96.18,36.23,79.99,6.79,22.78,25.04,34.83,17.72,36.57,9.86,11.99,5.73,21.18,26.91,54.29,UT Arlington Mavericks
Cameron Jackson,489.5,824.6,6.24,103.0006384337093,96.75566171801772,103.0,97.29,36.85,84.03,7.78,26.63,21.52,30.04,18.97,38.79,7.54,9.97,5.84,20.67,24.2,57.76,UT Arlington Mavericks
Cash Chavis,800.2,1382.5,5.21,102.60674644781082,97.39507959479016,102.61,97.33,36.81,82.65,6.65,23.07,22.34,31.96,17.57,35.07,10.2,12.51,5.42,19.74,28.63,52.64,UT Arlington Mavericks
Jordan Lowery,442.6,743.4,5.02,100.12532601700369,95.10134571075567,100.13,96.47,33.47,82.11,7.72,28.32,25.47,34.82,20.19,39.56,9.08,10.57,6.91,21.54,25.47,59.75,UT Arlington Mavericks
Marcell McCreary,893.4,1519.3,4.78,103.30421572350932,98.51925946575275,103.3,99.21,35.93,81.9,7.4,25.89,24.04,33.09,17.5,36.06,10.5,11.63,4.95,19.88,26.68,53.56,UT Arlington Mavericks
Tyran Mason,464.6,801.2,0.73,100.71581062413664,99.98449371995657,100.72,101.22,35.29,79.74,6.4,24.24,23.73,33.66,16.95,36.29,9.04,11.18,5.78,21.22,30.14,53.24,UT Arlington Mavericks
Jayden Smoot,234.8,405.0,-0.16,102.50598161440625,102.6634382566586,102.51,106.79,36.27,84.37,7.3,26.7,22.67,29.72,20.65,36.27,5.79,10.58,5.29,22.16,23.93,56.92,UT Arlington Mavericks
Marcus Rigsby Jr.,508.0,862.5,-4.04,96.10702027165782,100.14322543683758,96.11,102.56,34.03,81.91,7.74,27.58,20.3,29.69,18.19,36.03,9.86,10.33,5.52,22.18,30.04,54.22,UT Arlington Mavericks
Miles Goodman,370.0,620.8,-7.16,93.06819096691088,100.2296257503122,93.07,100.15,32.69,80.51,5.64,22.06,22.06,31.88,16.26,34.3,11.11,12.24,4.51,20.61,29.63,50.56,UT Arlington Mavericks
Damien King,383.4,621.0,15.27,104.82180293501048,89.54983922829582,104.82,89.82,38.06,91.6,12.58,42.09,16.13,25.16,22.58,39.03,13.55,13.87,5.97,19.03,24.35,61.61,UT Martin Skyhawks
Filip Radakovic,691.2,1142.3,14.26,107.65208603378957,93.39641151976281,107.65,94.12,35.94,86.56,12.22,40.78,23.55,33.66,22.85,38.49,13.8,13.62,5.62,20.3,22.06,61.34,UT Martin Skyhawks
Andrija Bukumirovic,866.4,1433.4,11.65,108.01217920835147,96.36532107204671,108.01,95.9,37.16,84.7,11.9,38.83,21.78,32.36,20.46,37.65,13.22,12.94,6.26,20.39,24.71,58.11,UT Martin Skyhawks
Matas Deniusas,800.1,1321.6,11.09,106.34609586976185,95.25256361564755,106.35,94.51,36.4,86.22,12.06,40.7,21.48,30.75,21.25,38.06,13.04,12.81,5.5,20.43,23.67,59.31,UT Martin Skyhawks
Ty Price,78.6,135.6,10.19,96.8383017163505,86.64531926916558,96.84,83.11,31.8,87.44,10.12,41.19,23.13,32.52,25.29,38.3,2.89,15.18,9.39,22.4,23.85,63.59,UT Martin Skyhawks
Dragos Lungu,122.8,225.0,8.95,107.56972111553785,98.61668897813476,107.57,97.83,36.3,74.81,12.39,33.64,22.58,37.18,18.15,38.07,0.0,13.72,4.87,25.68,26.12,56.22,UT Martin Skyhawks
AJ Hopkins,287.8,480.8,8.86,99.17699760391707,90.31454375583931,99.18,90.63,34.17,86.05,13.96,44.38,16.88,25.42,19.79,40.0,12.08,12.29,8.33,21.67,26.04,59.79,UT Martin Skyhawks
Pedro Santos,512.8,847.0,8.6,99.8112317130722,91.20982986767487,99.81,91.08,34.57,86.36,10.85,37.87,19.82,30.2,21.0,36.69,14.63,15.1,7.31,20.29,24.66,57.69,UT Martin Skyhawks
Filip Petkovski,731.1,1191.7,7.44,104.19149158565904,96.75585777141534,104.19,96.08,36.46,87.22,12.79,41.73,18.48,28.85,21.66,37.96,12.46,12.21,6.1,20.74,25.42,59.62,UT Martin Skyhawks
Luca Colceag,318.7,544.8,5.79,98.17309466691272,92.38634288844257,98.17,93.38,33.03,80.09,12.73,40.6,19.38,30.26,18.27,39.12,11.81,12.73,7.94,23.81,24.17,57.39,UT Martin Skyhawks
Lamine Niang,183.6,308.4,3.47,94.14799290665808,90.67927913234935,94.15,89.63,35.14,89.31,10.96,35.47,12.9,23.86,21.28,38.05,12.25,13.86,10.32,20.64,22.25,59.33,UT Martin Skyhawks
Afan Trnka,634.4,1091.4,2.45,100.59593658682495,98.14384092671136,100.6,99.03,33.13,81.18,11.78,39.76,22.55,33.04,19.24,37.64,9.66,12.61,7.45,22.36,25.95,56.88,UT Martin Skyhawks
Vladimir Khryapa,388.8,652.9,0.69,91.55693261037955,90.86434710180592,91.56,92.95,31.91,85.98,10.22,40.9,17.51,27.89,22.0,38.42,13.79,15.65,6.35,22.77,26.03,60.42,UT Martin Skyhawks
Marshal Destremau,146.5,257.7,18.02,116.55523400858196,98.53704577630958,116.56,104.18,38.32,83.42,15.57,39.92,24.35,31.53,15.97,37.12,15.57,11.18,5.19,17.56,36.72,53.09,UT Rio Grande Valley Vaqueros
Koree Cotton,822.4,1388.6,14.13,112.69740998104865,98.56498859534116,112.7,99.05,40.57,84.25,12.42,35.38,19.13,24.19,13.14,39.64,19.49,9.17,4.48,17.4,25.49,52.78,UT Rio Grande Valley Vaqueros
Demarris Winters,132.4,233.7,11.61,113.09264897781644,101.48436677545006,113.09,104.83,43.06,89.17,13.05,41.76,13.92,19.14,14.79,37.41,18.7,10.0,3.04,16.53,30.01,52.2,UT Rio Grande Valley Vaqueros
Jaylen Washington,847.0,1397.5,11.38,115.19999999999999,103.81657647393905,115.2,104.84,41.13,85.64,13.02,37.03,19.92,25.53,14.02,36.6,20.71,8.84,4.17,16.25,28.33,50.62,UT Rio Grande Valley Vaqueros
Kwo Agwa,308.2,505.0,10.91,111.36653895274584,100.4561824729892,111.37,106.87,39.85,82.76,13.28,34.33,18.39,25.54,14.3,39.85,17.78,10.01,5.31,19.41,28.4,54.15,UT Rio Grande Valley Vaqueros
Julien Gomez,682.7,1133.9,10.64,113.26667990906884,102.62734820622373,113.27,102.85,41.14,84.93,12.8,34.7,18.19,23.92,13.95,37.26,21.81,9.89,3.8,17.66,27.28,51.21,UT Rio Grande Valley Vaqueros
Dane Christensen,332.9,569.9,8.27,113.78126532614026,105.5085477465032,113.78,108.97,42.62,88.28,15.34,38.16,13.2,19.8,14.98,36.38,15.16,9.99,4.64,17.3,30.14,51.36,UT Rio Grande Valley Vaqueros
Always Wright,428.7,739.8,8.21,107.38892848657638,99.1757779646762,107.39,100.06,38.83,85.53,14.12,39.24,15.61,21.31,15.34,41.0,13.3,10.73,5.02,19.69,24.84,56.34,UT Rio Grande Valley Vaqueros
Filip Brankovic,715.3,1185.4,8.06,110.43608521970707,102.37112740800922,110.44,99.62,40.36,86.63,13.15,38.45,16.56,21.3,13.57,37.95,18.97,8.82,4.08,16.81,22.97,51.52,UT Rio Grande Valley Vaqueros
Marvin McGhee III,915.9,1521.6,6.71,110.01577287066246,103.30551357034894,110.02,103.31,39.63,85.96,13.41,37.79,17.35,22.08,13.41,38.38,17.94,8.22,4.21,16.96,25.96,51.79,UT Rio Grande Valley Vaqueros
Zae Blake,516.1,883.6,6.07,109.21075061083016,103.13635979372728,109.21,103.98,38.3,85.12,14.77,39.77,17.84,22.96,14.77,37.96,13.98,9.77,4.43,18.75,27.5,52.73,UT Rio Grande Valley Vaqueros
Kye Dickson,107.7,203.8,2.66,112.73846153846154,110.07827788649706,112.74,110.77,38.89,82.22,15.75,35.94,19.2,27.08,12.31,32.98,0.0,11.82,1.97,17.23,28.06,45.29,UT Rio Grande Valley Vaqueros
Jalen Ricks,158.8,254.3,-2.11,104.32697112021584,106.43444605708756,104.33,109.92,36.77,85.94,15.59,44.37,15.19,21.19,17.19,36.77,24.78,9.99,6.4,21.19,31.58,53.96,UT Rio Grande Valley Vaqueros
Mouhamed Mbaye,153.2,245.0,2.5,97.61184690791532,95.11439704266161,97.61,99.28,33.79,90.52,9.59,30.87,20.44,29.62,19.61,38.79,11.26,10.01,7.51,15.02,35.46,58.4,UTEP Miners
Elijah Jones,846.2,1402.2,-0.59,107.43214437970725,108.01911272571093,107.43,107.22,37.73,83.13,12.65,33.25,19.33,27.28,12.93,33.89,14.35,10.52,5.68,16.84,25.58,46.82,UTEP Miners
LA Hayes,290.6,491.3,-0.68,101.84531612382777,102.52195798448815,101.85,100.64,34.08,82.28,9.28,31.46,24.4,33.48,15.53,31.26,11.09,13.92,5.85,17.34,29.24,46.79,UTEP Miners
KJ Thomas,858.4,1413.3,-0.97,104.72984942426926,105.70383847662114,104.73,106.01,35.78,83.19,11.69,32.38,21.47,30.47,13.82,34.15,13.75,11.12,4.53,16.16,26.29,47.97,UTEP Miners
Bobby Montgomery Jr.,68.1,117.8,-3.25,92.54054054054053,95.79341940857977,92.54,99.46,32.0,77.84,7.78,24.22,20.76,30.27,12.97,39.78,7.78,10.38,6.05,20.76,26.81,52.75,UTEP Miners
Caleb Blackwell,812.4,1356.3,-3.33,103.07191106366531,106.39790305312513,103.07,106.09,36.44,83.12,11.04,32.25,19.14,27.17,13.55,35.34,13.25,10.53,5.52,17.52,26.65,48.89,UTEP Miners
Kaseem Watson,944.2,1566.8,-3.61,104.81102399923357,108.42182467553174,104.81,108.58,36.02,82.26,11.75,32.13,21.01,30.21,13.22,33.28,13.92,11.05,5.17,16.61,27.4,46.5,UTEP Miners
Jamal West Jr.,930.7,1539.7,-3.72,103.23124837788735,106.94665669798134,103.23,106.74,36.53,84.41,10.51,32.38,19.66,28.03,14.08,35.1,13.11,10.77,5.45,16.35,26.41,49.18,UTEP Miners
David Tubek,85.6,142.1,-4.1,95.74468085106383,99.8429045208588,95.74,101.42,34.04,85.11,10.64,31.91,17.02,28.37,20.57,26.95,2.13,16.31,2.84,21.99,34.04,47.52,UTEP Miners
Trey Horton III,367.5,608.9,-13.34,95.4653937947494,108.80786562884064,95.47,109.29,34.57,86.91,11.36,37.36,14.98,22.71,15.47,33.41,12.51,10.04,5.93,17.78,28.15,48.88,UTEP Miners
Cassius Brooks,373.5,627.1,-13.55,98.29384264993809,111.84027363480888,98.29,112.36,33.4,79.75,9.75,32.13,21.74,30.85,13.11,35.16,10.39,9.43,6.07,18.7,30.05,48.27,UTEP Miners
Tyreese Watson,135.5,223.9,-18.31,95.7708659655404,114.08199643493762,95.77,114.57,34.46,80.55,8.06,25.06,18.8,27.75,12.98,25.06,0.0,13.87,4.03,19.24,29.98,38.04,UTEP Miners
C.J. Smith,65.6,113.1,-32.98,88.48007008322382,121.45568207189106,88.48,119.14,28.03,82.35,11.39,33.29,21.02,29.79,21.02,22.78,10.51,8.76,5.26,24.53,33.29,43.8,UTEP Miners
Pierce Spencer,49.4,84.2,10.61,93.33333333333333,82.72647829886395,93.33,86.06,36.36,94.55,8.48,32.73,12.12,24.24,23.03,41.21,0.0,12.12,4.85,16.97,25.45,64.24,UTSA Roadrunners
Macaleab Rich,156.0,286.8,-11.2,94.25004395990855,105.44511668107172,94.25,107.26,35.17,80.53,8.09,27.78,15.83,23.21,11.96,33.06,5.98,10.9,7.39,20.4,27.78,45.02,UTSA Roadrunners
Kaidon Rayfield,481.6,842.2,-13.56,96.56486277311424,110.12107397649567,96.56,110.73,33.46,88.59,10.24,37.03,19.41,29.29,19.29,35.48,7.14,10.36,6.19,16.79,24.65,54.77,UTSA Roadrunners
Baboucarr Njie,717.8,1250.9,-14.14,100.83095869119023,114.97063598645045,100.83,114.3,36.43,89.91,10.2,34.12,17.77,25.27,17.85,33.48,9.96,10.12,6.93,15.94,25.67,51.33,UTSA Roadrunners
LJ Brown,183.1,319.6,-14.17,101.97578075207139,116.14687355968658,101.98,120.46,35.37,88.91,10.83,36.97,20.4,28.04,16.25,36.01,13.38,11.79,6.37,14.02,29.0,52.26,UTSA Roadrunners
Brent Moss,729.5,1271.8,-16.67,100.33113239347253,117.00510581907473,100.33,119.05,36.17,90.18,11.02,36.09,16.97,24.35,17.92,33.63,10.95,9.83,6.03,16.18,24.03,51.55,UTSA Roadrunners
Jamir Simpson,1008.2,1765.2,-18.37,98.70195906721847,117.07400201655851,98.7,116.44,34.8,87.8,10.96,35.65,18.14,26.05,17.01,34.24,9.77,9.1,5.76,16.84,24.41,51.25,UTSA Roadrunners
Matheo Coffi,545.4,938.6,-18.98,99.36170212765958,118.33751267139732,99.36,117.98,36.38,90.11,12.02,38.94,14.57,21.28,17.02,35.32,10.85,7.02,4.68,16.81,22.98,52.34,UTSA Roadrunners
Daniel Akitoby,308.3,538.0,-19.81,98.90006580802857,118.70635795663358,98.9,121.46,35.72,88.75,11.66,34.6,15.79,23.69,17.49,33.28,12.41,10.15,4.32,17.49,21.81,50.77,UTSA Roadrunners
Dorian Hayes,751.1,1306.4,-22.11,96.80934447227055,118.91581266162245,96.81,118.68,34.33,88.93,11.32,37.93,16.82,23.78,17.28,33.65,9.18,8.87,6.42,17.05,23.25,50.93,UTSA Roadrunners
Austin Nunez,605.2,1061.3,-24.37,94.21321692849975,118.58402871882652,94.21,116.44,34.08,87.4,9.71,35.48,16.34,24.37,17.37,31.56,8.03,9.8,5.6,18.39,25.68,48.93,UTSA Roadrunners
Mo Njie,142.9,243.9,-25.97,90.253074499441,116.22376176196877,90.25,114.24,31.71,84.97,9.76,37.81,17.07,24.8,15.45,31.3,12.2,9.35,9.35,18.7,23.58,46.75,UTSA Roadrunners
Jordy Barnes,64.6,106.6,37.19,131.01045296167246,93.81663113006397,131.01,91.99,44.6,91.06,17.65,46.46,24.16,32.52,18.58,41.81,5.57,10.22,2.79,12.08,27.87,60.39,Utah State Aggies
Garry Clark,537.4,895.7,24.93,120.386081054769,95.45416351567094,120.39,94.8,43.39,84.56,10.24,31.6,23.37,34.38,17.25,36.61,13.46,12.91,4.12,16.36,30.26,53.86,Utah State Aggies
MJ Collins Jr.,1033.0,1776.4,23.4,122.5562536014954,99.15305590394723,122.56,98.89,43.12,86.75,12.65,35.42,23.67,33.11,16.64,34.12,17.88,13.49,4.27,14.17,26.76,50.76,Utah State Aggies
Drake Allen,834.8,1432.4,21.04,122.61096605744126,101.56974607563481,122.61,101.03,42.89,85.36,13.16,35.3,23.67,32.72,15.32,33.35,18.66,13.37,4.11,14.41,26.74,48.67,Utah State Aggies
Adlan Elamin,642.9,1093.2,18.82,120.96276486319688,102.1393433245624,120.96,102.04,43.52,87.13,13.44,36.57,20.48,28.43,15.73,32.92,22.03,12.71,3.93,15.09,26.15,48.65,Utah State Aggies
Mason Falslev,1067.2,1826.4,17.45,117.22612186928141,99.77635388224964,117.23,99.31,41.73,85.16,11.14,33.49,22.61,31.35,15.35,35.12,16.77,13.11,3.88,15.3,27.09,50.47,Utah State Aggies
Karson Templin,642.4,1117.0,16.95,118.07823015925901,101.12536929703886,118.08,99.6,40.87,84.32,11.37,35.01,24.97,35.45,15.73,35.01,17.15,12.26,4.62,14.57,29.59,50.74,Utah State Aggies
Elijah Perryman,443.1,755.5,15.71,111.47389597968404,95.75986984095361,111.47,95.12,40.9,83.64,9.89,31.53,19.79,28.89,15.43,37.33,14.38,12.27,3.96,18.07,29.02,52.76,Utah State Aggies
Zach Keller,435.7,731.3,13.81,114.72327624517142,100.91617667168057,114.72,100.91,40.75,83.68,12.85,34.87,20.37,28.3,13.13,34.32,20.78,12.58,3.28,16.0,26.12,47.45,Utah State Aggies
Kolby King,611.6,1040.3,13.72,116.84461690487093,103.12934298174153,116.84,103.73,40.11,81.46,12.73,34.9,23.91,35.57,13.88,36.44,15.81,10.51,4.05,15.52,29.6,50.32,Utah State Aggies
Tucker Anderson,237.8,402.6,13.51,116.20642259152818,102.69703141393569,116.21,103.96,41.23,88.22,13.49,39.24,20.24,28.49,17.74,32.49,7.25,15.49,4.5,15.99,27.49,50.23,Utah State Aggies
Boston Harker,47.8,92.0,43.23,109.66340933767644,66.43071059079772,109.66,66.23,36.92,84.69,8.69,30.4,27.14,39.09,19.54,43.43,0.0,15.2,3.26,16.29,27.14,62.97,Utah Tech Trailblazers
Dallin Grant,38.2,66.6,31.61,122.10371460095624,90.49079754601227,122.1,86.8,48.55,92.68,10.3,39.72,14.71,30.89,19.12,41.19,5.88,7.36,5.88,11.77,38.25,60.31,Utah Tech Trailblazers
Dario Domingos,133.4,231.7,13.27,108.87269609944276,95.60021727322108,108.87,94.3,41.58,88.73,7.72,28.29,18.0,29.15,20.15,34.29,11.57,9.43,6.86,17.57,30.0,54.44,Utah Tech Trailblazers
4684152,27.0,50.5,8.72,104.19681620839363,95.47993905535805,104.2,90.69,28.94,63.68,7.72,15.44,38.59,52.1,15.44,36.66,11.58,7.72,1.93,27.01,13.51,52.1,Utah Tech Trailblazers
Madiba Owona,352.5,616.3,6.96,109.58904109589041,102.62655786952462,109.59,102.46,39.88,82.35,11.19,31.77,18.64,26.91,13.62,34.69,4.86,10.54,3.4,18.48,26.42,48.31,Utah Tech Trailblazers
Britton Berrett,668.1,1133.0,4.75,110.45295399995597,105.6984277911682,110.45,105.26,39.46,83.76,12.6,33.12,18.94,25.28,12.86,35.76,14.18,8.81,4.49,17.09,21.84,48.62,Utah Tech Trailblazers
Tanner Davis,742.4,1265.6,1.85,107.20842979165003,105.36196175055733,107.21,107.53,39.2,84.62,9.5,31.13,19.32,26.5,14.13,35.12,11.57,10.86,4.39,16.92,22.11,49.25,Utah Tech Trailblazers
Ethan Potter,922.4,1577.2,0.94,108.88991541757595,107.94782416681123,108.89,109.02,39.19,82.13,11.15,31.86,19.37,25.55,10.9,34.98,13.83,9.81,4.01,16.63,21.41,45.88,Utah Tech Trailblazers
Noah Bolanga,973.8,1665.0,0.8,108.23863207618356,107.43468323797858,108.24,108.54,39.54,83.49,11.47,33.08,17.69,24.09,12.92,34.41,14.19,10.14,4.65,17.99,23.72,47.33,Utah Tech Trailblazers
Chance Trujillo,943.7,1618.2,0.52,107.69807079977522,107.18218524409642,107.7,109.38,38.83,84.6,10.93,33.59,19.1,25.72,13.92,34.15,12.3,10.05,4.0,17.11,23.1,48.07,Utah Tech Trailblazers
Jusaun Holt,888.4,1547.6,-0.28,106.66753547167967,106.95118629948254,106.67,108.75,38.31,81.71,11.14,31.41,18.9,25.61,12.51,35.19,14.2,9.9,4.76,18.64,23.33,47.7,Utah Tech Trailblazers
Samuel Ariyibi,277.6,483.5,-1.04,100.71329713616524,101.74944701387491,100.71,107.74,34.28,82.4,12.35,35.13,19.8,28.53,18.31,35.13,11.71,11.71,4.68,22.36,27.25,53.44,Utah Tech Trailblazers
4897982,33.4,60.3,-6.98,96.01301871440194,102.99704516673702,96.01,99.27,29.29,63.47,9.76,22.78,27.66,35.8,11.39,34.17,14.65,9.76,1.63,30.92,16.27,45.56,Utah Tech Trailblazers
Jacob Patrick,203.0,361.6,15.14,115.584505578269,100.44150110375276,115.58,100.89,41.3,86.76,11.64,35.2,21.34,30.21,17.19,38.25,0.0,8.59,5.54,16.08,23.56,55.44,Utah Utes
Keanu Dawes,917.9,1573.5,-4.73,110.60840952953461,115.34165257077203,110.61,114.34,39.8,85.87,11.14,31.32,19.87,26.96,14.68,34.55,13.41,8.16,4.62,16.01,22.72,49.23,Utah Utes
Obomate Abbey,436.8,721.4,-6.33,105.6110251722683,111.94259354177345,105.61,115.17,37.83,88.74,14.06,38.67,15.89,21.94,16.03,38.39,11.53,6.61,6.05,16.88,27.28,54.42,Utah Utes
Terrence Brown,942.5,1627.2,-7.33,108.1627031493894,115.49495635006323,108.16,114.59,38.69,83.68,10.1,29.2,20.69,27.79,14.02,33.3,13.04,8.39,4.47,17.14,23.63,47.32,Utah Utes
Don McHenry,917.8,1561.4,-8.29,110.701930588104,118.99210471305214,110.7,117.97,39.98,86.6,11.73,32.78,19.0,26.34,14.22,34.18,13.33,7.59,4.85,15.11,23.47,48.4,Utah Utes
Seydou Traore,825.4,1402.6,-8.56,107.70269789926421,116.26327267527081,107.7,115.59,38.74,85.52,10.95,31.64,19.27,26.59,14.93,34.41,14.0,7.82,5.12,16.78,23.1,49.34,Utah Utes
Kendyl Sanders,590.7,981.4,-9.09,106.7156375137093,115.80339879922661,106.72,116.1,36.63,82.74,11.53,31.93,21.93,29.89,13.98,34.99,12.14,7.04,5.0,17.04,27.04,48.97,Utah Utes
Josh Hayes,402.1,674.3,-10.03,109.6504332237825,119.68202561460328,109.65,121.45,40.78,84.85,12.7,32.12,15.39,21.51,12.4,34.21,13.15,5.23,6.42,17.33,25.55,46.61,Utah Utes
James Okonkwo,580.0,963.2,-11.69,105.35320803629293,117.04781704781703,105.35,116.76,37.43,87.21,11.1,32.35,19.39,25.41,15.87,35.15,16.38,8.71,4.67,16.59,22.61,51.02,Utah Utes
Ibrahima Traore,46.6,80.8,-31.08,110.803324099723,141.8792781580585,110.8,140.35,46.78,89.87,6.16,12.31,11.08,13.54,16.0,22.16,12.31,11.08,1.23,19.7,23.39,38.16,Utah Utes
Lucas Langarita,60.4,99.9,-50.33,84.97875531117221,135.3044349787021,84.98,134.97,30.99,78.98,10.0,32.99,13.0,19.0,12.0,27.99,15.0,4.0,4.0,23.99,27.99,39.99,Utah Utes
Jahki Howard,37.3,68.8,-56.36,79.50849295265631,135.86559532505478,79.51,134.44,28.91,85.29,5.78,27.47,15.9,18.79,20.24,20.24,5.78,7.23,5.78,26.02,34.69,40.48,Utah Utes
Tyler Medaris,54.0,97.1,45.69,113.48981171008512,67.79661016949153,113.49,68.09,43.33,76.35,12.38,33.02,14.44,23.73,14.44,44.36,18.57,14.44,4.13,26.82,18.57,58.8,Utah Valley Wolverines
Tyler Hendricks,740.4,1283.7,19.72,115.00706693256404,95.28660423931356,115.01,94.17,43.06,84.18,9.14,27.88,19.75,28.73,16.65,34.0,16.96,13.71,8.29,18.82,26.18,50.65,Utah Valley Wolverines
Isaac Davis,599.9,1031.8,18.23,114.79219068151873,96.5638939267683,114.79,94.38,42.74,82.41,9.1,26.25,20.22,30.18,16.77,31.91,18.4,14.28,5.75,20.03,24.34,48.68,Utah Valley Wolverines
Jackson Holcombe,928.6,1619.8,16.92,114.51129200073444,97.59439470611133,114.51,95.91,41.74,83.24,9.36,26.93,21.67,32.07,17.14,32.68,17.14,13.83,6.55,18.67,24.97,49.82,Utah Valley Wolverines
Noah Taitz,511.6,893.9,14.0,111.78239399707577,97.77954229645805,111.78,95.12,41.38,82.76,8.83,28.25,20.19,27.7,15.56,33.88,16.77,13.02,6.73,19.64,23.84,49.44,Utah Valley Wolverines
Trevan Leonhardt,1077.6,1865.7,13.26,112.69868902071589,99.43551306633056,112.7,99.31,40.98,82.54,9.27,27.0,21.48,31.23,16.55,33.32,17.3,13.28,7.18,19.18,25.5,49.87,Utah Valley Wolverines
Braden Housley,652.4,1135.5,12.6,110.57512280006168,97.97750830784129,110.58,98.06,40.27,81.94,8.02,24.41,22.03,33.57,17.18,33.3,17.53,13.39,8.46,19.3,26.78,50.48,Utah Valley Wolverines
Isaac Hawkins,424.2,731.7,11.94,109.40783354576457,97.46509421173918,109.41,99.07,40.79,82.68,9.37,27.83,18.46,26.32,15.57,36.65,16.95,12.95,11.71,20.39,26.73,52.22,Utah Valley Wolverines
Tyler Weaver,130.2,236.3,8.23,113.2310244711738,105.00162039537646,113.23,100.79,39.4,77.56,10.78,25.72,23.64,31.52,12.03,29.86,22.4,15.35,5.81,19.49,26.55,41.89,Utah Valley Wolverines
Sherman Weatherspoon IV,471.8,807.7,5.83,111.19758428540298,105.37005693183568,111.2,106.59,39.72,83.68,10.34,29.89,21.42,32.0,17.68,33.87,17.43,12.7,6.35,18.8,28.76,51.55,Utah Valley Wolverines
Hayden Welling,501.2,883.5,0.91,106.74734558739583,105.83316966415084,106.75,107.66,37.79,81.74,8.11,27.29,23.06,32.42,16.1,35.16,17.7,11.87,7.31,18.95,27.86,51.26,Utah Valley Wolverines
Jordan Tillery,56.8,101.2,46.43,135.16160626836435,88.73379860418744,135.16,87.17,46.03,82.27,15.67,33.3,27.42,35.26,12.73,42.12,7.84,9.79,3.92,13.71,23.51,54.85,VCU Rams
Keyshawn Mitchell,188.4,324.9,22.03,124.08088235294119,102.04870506378043,124.08,101.1,41.67,84.87,18.69,42.28,22.06,31.86,14.4,35.54,14.4,10.11,6.13,14.4,25.12,49.94,VCU Rams
Michael Belle,793.1,1361.3,19.08,121.22332753966201,102.1450459652707,121.22,103.55,39.42,82.1,13.54,34.17,28.85,38.31,15.16,37.5,14.87,10.43,7.1,14.87,26.77,52.66,VCU Rams
Brandon Jennings,883.1,1512.5,13.27,116.37666495264318,103.10636755937676,116.38,103.84,38.68,84.93,12.81,35.23,26.21,35.36,16.52,37.42,13.73,11.54,5.97,14.8,25.48,53.94,VCU Rams
Lazar Djokovic,958.8,1650.6,12.83,114.726338070759,101.89807158354702,114.73,101.54,38.22,84.12,12.1,35.44,26.19,35.08,16.15,38.28,13.12,10.28,6.05,15.36,21.95,54.43,VCU Rams
Nyk Lewis,813.0,1390.4,12.63,116.08576219185902,103.45640077574177,116.09,101.82,38.89,86.33,14.2,38.67,24.12,32.68,16.27,36.6,12.77,10.99,5.99,14.41,23.76,52.87,VCU Rams
Terrence Hill Jr.,892.8,1517.0,11.65,115.36461718445341,103.71806874414871,115.36,100.81,39.13,85.08,13.65,37.83,23.46,32.24,15.47,36.01,15.66,9.68,6.5,15.08,24.5,51.48,VCU Rams
Ahmad Nowell,275.4,485.5,10.91,114.95916468520623,104.04802216407573,114.96,104.83,37.42,81.46,14.68,38.87,25.43,35.98,14.68,34.53,12.2,11.17,6.62,16.13,30.6,49.21,VCU Rams
Barry Evans,943.6,1612.7,8.16,112.79718318636462,104.64129814440622,112.8,105.69,38.45,86.93,13.4,37.2,22.5,30.79,16.7,36.77,12.9,11.03,7.04,15.14,25.36,53.47,VCU Rams
Tyrell Ward,403.0,708.8,7.89,108.5287622252603,100.64232229674579,108.53,99.41,35.48,82.45,13.04,39.4,24.54,35.48,17.11,35.76,13.88,11.5,5.33,17.81,26.08,52.87,VCU Rams
Jadrian Tracey,771.3,1328.9,4.64,112.75567125325401,108.1183972589702,112.76,105.62,38.23,86.13,13.46,38.08,22.83,31.24,16.36,34.06,12.5,10.34,5.21,15.4,24.32,50.42,VCU Rams
Christian Fermin,46.6,77.4,-5.06,111.86113789778204,116.92107827216628,111.86,115.72,36.0,86.15,21.86,45.0,18.0,37.29,20.57,29.57,0.0,6.43,9.0,16.71,27.0,50.14,VCU Rams
Mason Hagedorn,48.5,93.6,6.27,98.83247352701602,92.55850644228241,98.83,95.57,35.84,92.32,15.2,51.05,11.95,18.46,15.2,41.27,0.0,13.03,9.77,14.12,21.72,56.47,VMI Keydets
Walker Andrews,327.3,564.4,3.55,106.7695482481719,103.21903428971308,106.77,105.87,36.07,90.62,18.12,50.78,16.51,23.15,16.15,40.55,8.43,10.23,4.85,14.54,21.0,56.7,VMI Keydets
Linus Holmstrom,782.9,1356.4,-5.24,106.97159719660642,112.21219377417573,106.97,112.36,36.22,88.38,16.3,48.54,18.22,25.08,13.94,34.38,12.98,11.21,3.69,13.65,26.26,48.32,VMI Keydets
Jaylen Pazon,224.1,409.5,-6.38,103.01910043130007,109.39674472075997,103.02,111.4,33.27,86.75,14.79,46.58,21.69,32.04,16.02,37.22,3.2,10.84,5.67,14.05,23.91,53.24,VMI Keydets
Kaden Stuckey,492.7,834.7,-11.69,103.11685978622114,114.80272027322567,103.12,114.73,34.37,90.54,15.21,47.91,19.16,26.47,17.73,34.85,11.62,9.82,4.19,14.61,25.39,52.58,VMI Keydets
Alexander Daushvili,81.0,148.6,-13.87,106.46133244057583,120.33124894372148,106.46,119.18,31.47,78.34,9.37,36.83,34.15,44.19,15.4,25.44,17.41,9.37,2.68,16.07,24.77,40.84,VMI Keydets
AJ Clark,509.6,878.4,-14.96,102.54365226308144,117.49985781720981,102.54,117.7,33.95,88.42,15.5,48.88,19.14,26.55,16.86,32.13,9.34,10.48,3.87,15.84,26.89,48.99,VMI Keydets
Mario Tatum Jr.,708.4,1202.8,-15.62,106.05651641301415,121.67616828263495,106.06,121.42,35.88,89.36,16.36,49.0,17.94,24.67,15.28,32.64,11.88,9.55,3.07,14.2,24.92,47.92,VMI Keydets
TJ Johnson,1007.7,1710.3,-15.78,104.65473594872621,120.43337324416667,104.65,120.69,35.0,88.44,16.1,48.87,18.55,25.81,14.93,32.54,12.53,9.89,2.99,14.22,25.05,47.47,VMI Keydets
Tan Yildizoglu,887.3,1513.6,-16.03,104.39324319857195,120.42783573220652,104.39,120.59,35.37,88.79,15.74,48.79,17.92,24.99,14.94,32.26,13.09,10.25,2.84,14.28,26.11,47.2,VMI Keydets
Cal Liston,646.7,1105.9,-16.57,102.45231607629428,119.0213599225731,102.45,120.07,35.33,88.19,16.26,49.95,15.53,21.8,12.62,35.06,11.72,9.54,3.18,14.08,23.25,47.68,VMI Keydets
5313883,30.6,52.5,20.47,137.18765311122,116.72070402964334,137.19,123.47,50.96,92.11,7.84,27.44,27.44,37.24,23.52,33.32,0.0,9.8,9.8,13.72,35.28,56.84,Valparaiso Beacons
Sader Servilus,214.0,345.3,10.24,108.26253665137959,98.02415695035957,108.26,105.56,36.39,86.31,11.43,37.29,24.06,35.79,20.15,38.79,15.34,10.22,5.41,16.84,27.97,58.94,Valparaiso Beacons
Carter Hopoi,397.7,659.5,9.82,109.85829651074204,100.03394817245672,109.86,101.02,37.33,86.85,12.34,34.59,22.86,34.74,17.83,34.13,12.34,10.67,5.18,14.48,24.38,51.96,Valparaiso Beacons
Tucker Tornatta,203.3,335.8,5.32,108.38096652067404,103.06198655713219,108.38,102.44,37.12,85.52,11.58,34.74,22.57,32.37,17.22,37.71,7.72,8.61,5.34,16.33,31.18,54.93,Valparaiso Beacons
Owen Dease,766.2,1263.8,4.68,107.89843456233055,103.21509075809705,107.9,103.31,36.1,85.57,11.95,31.9,23.75,32.54,17.81,35.54,13.3,8.47,4.67,16.78,26.2,53.35,Valparaiso Beacons
Brody Whitaker,699.4,1152.5,4.59,108.64348357258169,104.04848694001683,108.64,105.24,36.48,84.21,11.26,31.59,24.43,35.08,17.45,36.48,13.44,9.34,5.32,16.58,26.09,53.93,Valparaiso Beacons
Kyonte Thomas,72.7,110.5,1.35,107.44366036876849,106.09125646212631,107.44,107.44,41.88,93.79,10.93,29.14,12.75,24.58,18.21,31.87,11.84,5.46,3.64,12.75,19.12,50.08,Valparaiso Beacons
Rakim Chaney,759.6,1249.0,1.16,105.98256338310452,104.82130007195968,105.98,105.1,36.16,86.1,11.38,32.39,22.29,32.47,17.32,36.4,12.51,8.9,4.65,15.79,25.81,53.72,Valparaiso Beacons
JT Pettigrew,785.8,1303.4,0.72,105.20459646632263,104.48190552902594,105.2,104.51,34.84,85.33,10.82,31.08,24.71,34.76,18.11,36.76,11.97,8.29,4.83,16.27,26.4,54.87,Valparaiso Beacons
Mark Brown Jr.,257.6,415.6,-1.88,102.40346967050178,104.2830540037244,102.4,104.57,33.01,86.5,12.29,35.66,24.09,33.49,18.55,37.11,7.71,8.67,6.26,16.14,27.71,55.66,Valparaiso Beacons
Shon Tupuola,677.9,1091.7,-6.35,102.27981428868407,108.62605299607185,102.28,110.5,35.29,85.0,10.44,29.94,21.25,30.21,16.45,36.22,12.47,8.32,5.36,17.09,24.76,52.67,Valparaiso Beacons
Justus McNair,470.9,795.9,-9.09,103.3996553344822,112.48976506896769,103.4,111.92,35.09,83.6,10.4,30.83,22.81,33.21,16.17,32.71,13.91,8.77,3.89,16.79,25.44,48.88,Valparaiso Beacons
Isaiah Barnes,299.4,488.6,-13.9,94.48329448329449,108.3813567890001,94.48,111.06,31.91,82.47,10.36,33.77,20.31,32.12,15.95,37.3,6.63,9.74,5.18,18.23,26.73,53.25,Valparaiso Beacons
Tyler Harris,360.6,661.5,26.42,121.69211438144917,95.27381845461366,121.69,96.71,42.65,91.23,14.93,40.36,21.48,30.0,17.82,38.23,10.51,12.79,8.68,12.34,26.96,56.05,Vanderbilt Commodores
Jayden Leverett,66.1,106.4,25.14,135.9320339830085,110.79104808331486,135.93,124.94,43.98,85.96,17.99,34.98,29.99,37.98,19.99,37.98,15.99,12.99,5.0,15.99,29.99,57.97,Vanderbilt Commodores
Tyler Nickel,1021.6,1799.2,16.76,123.48030083488581,106.7226302903113,123.48,105.26,42.06,87.71,14.79,40.3,24.56,30.64,15.12,34.22,15.79,10.93,6.57,12.86,25.45,49.34,Vanderbilt Commodores
Duke Miles,754.2,1329.8,16.24,121.50623275111599,105.27119355700599,121.51,102.17,42.16,86.54,13.93,39.27,23.26,28.97,12.74,34.3,13.63,11.85,6.22,12.45,25.19,47.04,Vanderbilt Commodores
Devin McGlockton,838.6,1476.0,16.11,120.08302536323596,103.97116823065416,120.08,103.21,41.31,88.22,13.77,40.3,23.69,29.77,15.05,35.57,15.12,10.73,6.75,12.69,26.87,50.62,Vanderbilt Commodores
AK Okereke,874.8,1523.0,15.35,121.27789013301764,105.92727332317322,121.28,106.28,40.84,86.22,14.4,40.25,25.19,31.63,14.27,35.98,15.92,10.72,6.12,13.02,27.49,50.25,Vanderbilt Commodores
Tyler Tanner,1103.8,1927.2,15.13,120.87585966632687,105.74502771437888,120.88,104.62,40.98,87.02,14.14,39.17,24.77,30.92,14.81,34.27,16.05,10.99,6.3,13.11,26.22,49.08,Vanderbilt Commodores
Frankie Collins,181.3,348.0,15.06,115.91270414799828,100.84993929005073,115.91,102.04,39.6,82.09,11.85,39.02,24.86,35.27,13.87,36.42,1.45,13.01,7.52,15.03,32.09,50.29,Vanderbilt Commodores
Jalen Washington,684.8,1190.3,14.37,120.48746838353645,106.1162466759529,120.49,105.1,41.05,85.54,13.55,36.37,24.83,31.86,15.72,33.19,16.97,11.04,7.61,15.05,26.17,48.91,Vanderbilt Commodores
Chandler Bing,455.6,791.7,9.03,122.66597510373443,113.6384622487611,122.67,119.68,39.42,80.39,11.93,33.07,31.9,40.46,14.78,34.49,17.89,8.43,6.09,15.17,30.21,49.27,Vanderbilt Commodores
Mike James,203.4,347.1,8.56,119.86326278274784,111.3013698630137,119.86,113.46,36.37,78.26,13.09,35.2,34.04,43.93,14.26,32.88,19.49,10.47,5.82,15.13,32.88,47.14,Vanderbilt Commodores
Momo Nkugwa,363.0,585.4,17.23,118.98482424661681,101.7506855093862,118.98,104.28,42.54,84.22,15.22,40.99,18.68,29.57,12.62,41.68,12.97,8.13,5.02,14.35,28.54,54.3,Vermont Catamounts
David Simon,184.3,298.2,17.22,114.97167977005662,97.75561097256858,114.97,99.42,41.25,83.52,16.23,38.55,16.23,24.01,10.82,45.65,5.41,5.41,7.44,15.89,29.76,56.47,Vermont Catamounts
Noah Barnett,689.2,1100.6,11.97,113.91502380897609,101.94512372961209,113.92,104.53,39.11,85.02,12.61,37.36,23.1,32.11,14.72,39.29,11.5,7.82,4.51,14.45,26.68,54.01,Vermont Catamounts
Jackson Skipper,240.0,388.9,10.45,110.38391471560625,99.932478055368,110.38,109.84,37.51,81.51,14.03,35.9,21.32,32.12,13.22,45.07,4.59,6.75,6.21,16.46,31.04,58.29,Vermont Catamounts
Sean Blake,967.8,1574.7,8.35,113.25586910125682,104.91071428571428,113.26,104.02,40.34,86.25,13.47,38.19,19.1,25.61,12.58,39.21,12.33,6.7,4.55,14.16,25.67,51.79,Vermont Catamounts
TJ Hurley,1049.0,1696.3,8.09,111.72920570745599,103.63609598115708,111.73,103.88,39.37,86.17,12.04,37.77,20.95,28.86,13.58,39.96,11.57,6.91,4.43,13.69,25.73,53.54,Vermont Catamounts
Ben Johnson,616.0,986.9,6.81,114.49906658369633,107.6899272783537,114.5,103.95,42.41,88.61,15.63,41.12,14.04,20.41,12.55,38.73,13.74,5.48,4.88,14.24,24.89,51.28,Vermont Catamounts
TJ Long,853.4,1399.4,6.53,112.5536499795195,106.0215053763441,112.55,105.36,39.11,85.7,12.32,38.11,22.01,30.56,14.18,37.33,9.9,8.12,3.63,13.96,25.65,51.51,Vermont Catamounts
Lucas Mari,597.0,960.3,6.01,108.97016915474913,102.96023640416819,108.97,103.85,38.9,86.59,12.55,39.43,18.61,26.25,13.7,41.62,10.46,6.9,4.5,14.64,24.68,55.32,Vermont Catamounts
Gus Yalden,786.7,1265.8,4.54,111.63257817177512,107.09017801216383,111.63,102.36,41.72,89.31,13.37,38.86,14.83,21.86,13.67,38.24,14.52,6.88,3.63,13.98,22.48,51.91,Vermont Catamounts
Ben Michaels,398.1,629.2,-2.2,103.84959713518352,106.05178370404874,103.85,111.17,37.76,85.13,11.72,37.93,16.6,23.76,12.7,41.18,11.23,7.49,4.88,16.28,28.49,53.88,Vermont Catamounts
Chris Jeffrey,161.1,269.1,15.09,120.70442646358876,105.61655022230288,120.7,110.8,41.5,84.53,16.75,43.79,20.94,28.56,15.61,34.65,12.18,11.04,3.05,17.52,28.56,50.26,Villanova Wildcats
Duke Brennan,955.9,1560.1,12.99,115.73271405621213,102.7462503430795,115.73,101.23,41.23,90.86,14.82,40.21,18.45,27.42,18.58,34.87,16.86,11.01,2.54,14.7,22.84,53.45,Villanova Wildcats
Matt Hodge,769.1,1255.6,12.15,118.23398339676217,106.08223585000502,118.23,104.04,42.04,92.13,15.22,42.12,18.93,27.37,19.72,34.63,14.2,10.02,3.94,14.59,22.16,54.35,Villanova Wildcats
Malachi Palmer,567.6,962.4,11.3,116.30673257381513,105.00778875865062,116.31,108.69,41.02,86.17,15.12,38.91,19.14,28.44,15.75,34.47,15.97,12.16,2.75,16.07,25.8,50.22,Villanova Wildcats
Bryce Lindsay,903.9,1484.9,10.07,116.54135338345866,106.47389666762376,116.54,105.8,41.15,89.69,15.1,40.88,19.13,27.93,17.99,34.17,14.77,10.07,3.42,15.04,24.1,52.16,Villanova Wildcats
Devin Askew,723.2,1202.1,7.75,112.47788531584972,104.72727272727273,112.48,104.9,39.3,86.59,14.49,40.21,19.4,27.89,15.74,32.72,14.99,11.41,3.08,15.9,25.48,48.46,Villanova Wildcats
Tyler Perkins,952.3,1574.6,7.6,114.82528303674344,107.22439530613875,114.83,106.05,40.3,90.32,14.65,41.31,19.58,28.36,17.94,33.66,16.48,10.42,3.35,14.15,23.75,51.6,Villanova Wildcats
Tafara Gapare,135.3,221.9,7.05,110.74991592870754,103.70202649156572,110.75,102.68,38.56,84.3,14.8,42.15,18.83,26.45,14.35,33.18,1.35,12.55,3.59,17.49,28.7,47.53,Villanova Wildcats
Acaden Lewis,964.3,1599.7,6.97,114.5259224661373,107.55522088353415,114.53,106.74,41.66,91.05,14.32,40.48,16.88,25.53,17.5,33.38,15.57,11.15,2.86,14.32,22.92,50.88,Villanova Wildcats
Braden Pierce,176.0,297.6,-18.03,98.52902776568891,116.55844155844154,98.53,124.99,35.86,86.34,13.93,43.52,12.88,17.76,12.53,30.64,14.27,10.79,4.87,17.76,31.33,43.17,Villanova Wildcats
Zion Stanford,45.6,70.6,-25.15,88.09257185516984,113.24570273003035,88.09,125.42,31.35,71.67,4.48,23.89,20.9,31.35,11.94,34.34,2.99,8.96,2.99,25.38,34.34,46.28,Villanova Wildcats
Elijah Gertrude,75.8,122.4,34.54,122.69938650306749,88.16326530612245,122.7,88.34,43.35,86.71,16.36,44.99,19.63,24.54,15.54,46.63,17.18,10.63,9.0,17.18,21.27,62.17,Virginia Cavaliers
Johann Grunloh,710.6,1170.5,23.6,121.01626448389497,97.4207115574439,121.02,96.52,41.76,93.55,16.16,45.24,21.26,29.34,22.79,38.69,16.84,9.69,8.16,15.31,25.68,61.48,Virginia Cavaliers
Thijs De Ridder,955.1,1574.5,21.38,119.75592360725888,98.37265163927907,119.76,98.01,42.22,93.13,15.09,43.11,20.16,28.21,21.11,40.13,17.56,9.32,9.0,14.58,25.55,61.24,Virginia Cavaliers
Dallin Hall,973.2,1585.0,20.41,119.7237630177468,99.31043168865517,119.72,99.69,41.4,91.78,15.42,44.12,21.43,29.14,20.42,39.76,18.58,9.67,9.73,14.79,25.6,60.18,Virginia Cavaliers
Chance Mallory,808.8,1363.9,19.89,122.10936208511653,102.2170190970952,122.11,102.64,42.25,88.09,14.91,40.63,22.7,30.64,18.37,38.13,18.29,10.21,9.92,15.72,25.71,56.5,Virginia Cavaliers
Sam Lewis,873.5,1445.2,18.29,118.7872075314966,100.49625646257327,118.79,100.58,41.05,89.78,15.37,40.98,21.32,28.8,19.24,38.97,18.41,9.55,9.35,15.78,25.2,58.21,Virginia Cavaliers
Martin Carrere,29.8,57.8,16.48,121.16250511665984,104.6831955922865,121.16,93.33,44.21,86.78,11.46,29.47,21.29,27.83,14.74,32.75,13.1,13.1,6.55,14.74,27.83,47.49,Virginia Cavaliers
Jacari White,508.7,843.4,15.78,123.2742495769128,107.49696628880932,123.27,107.84,42.87,93.35,16.03,44.54,21.38,26.01,20.78,35.51,16.75,11.04,9.74,15.08,24.7,56.29,Virginia Cavaliers
Malik Thomas,789.6,1298.9,15.55,115.81222977146386,100.26294071358654,115.81,100.83,41.15,92.5,14.44,41.54,18.99,27.18,20.77,41.07,16.91,8.18,9.57,15.36,27.18,61.84,Virginia Cavaliers
Ugonna Onyenso,640.0,1050.8,13.29,116.7812996007888,103.48886482414426,116.78,105.72,41.85,89.65,14.33,40.4,18.76,24.82,17.03,40.31,18.66,9.72,11.64,15.58,25.59,57.34,Virginia Cavaliers
Devin Tillis,446.8,729.4,11.96,116.81428034059431,104.85810485810487,116.81,104.37,41.45,88.77,15.73,43.22,18.19,24.21,17.51,38.44,20.93,8.62,9.99,17.23,26.54,55.95,Virginia Cavaliers
Tyler Johnson,402.3,689.8,13.72,119.46328091184533,105.74227141972837,119.46,104.75,43.0,88.15,12.7,33.47,20.78,28.28,15.44,33.47,4.04,11.54,6.2,13.85,24.96,48.91,Virginia Tech Hokies
Jaden Schutt,750.4,1288.7,9.69,115.27710843373494,105.58375634517768,115.28,104.25,38.86,85.51,12.65,35.32,24.91,32.77,15.88,34.16,12.49,8.94,4.63,14.8,25.29,50.04,Virginia Tech Hokies
Christian Gurdak,487.1,799.9,9.01,108.73322648565413,99.72643620989803,108.73,100.81,37.84,88.12,10.43,32.31,22.63,30.04,18.23,36.45,13.7,8.92,4.27,15.84,24.39,54.68,Virginia Tech Hokies
Amani Hansberry,916.2,1544.9,8.5,115.25674178056889,106.76144979048799,115.26,105.17,40.22,88.08,13.49,36.3,21.33,28.2,16.06,33.73,12.01,9.77,4.3,14.58,22.61,49.79,Virginia Tech Hokies
Neoklis Avdalas,942.3,1600.0,6.3,111.28726413628027,104.9870415455902,111.29,103.89,38.61,86.79,12.56,35.87,21.51,28.72,15.85,35.31,10.82,9.01,4.66,15.42,22.57,51.16,Virginia Tech Hokies
Antonio Dorn,191.0,319.9,5.63,115.51670309085232,109.88494951866635,115.52,109.58,43.08,91.16,14.67,36.22,14.67,21.23,14.99,37.15,10.3,7.18,6.56,13.74,28.1,52.14,Virginia Tech Hokies
Ben Hammond,967.6,1635.3,4.04,111.96799169250033,107.9244590003367,111.97,107.69,38.18,85.76,12.71,34.94,22.91,30.36,15.15,32.8,13.26,9.41,4.95,14.97,24.74,47.95,Virginia Tech Hokies
Sin'Cere Jones,61.4,107.6,-1.67,98.58172518019065,100.25527964724994,98.58,100.44,30.69,82.77,11.16,37.2,26.04,36.27,18.6,37.2,9.3,7.44,3.72,18.6,25.11,55.8,Virginia Tech Hokies
Tobi Lawal,625.1,1067.2,-2.81,110.10117531602684,112.90890731042904,110.1,112.34,37.95,85.61,12.24,35.8,21.96,28.32,14.21,32.53,12.9,8.51,4.95,15.14,25.42,46.74,Virginia Tech Hokies
Izaiah Pasha,130.8,225.5,-3.49,102.47271107150813,105.96026490066225,102.47,106.93,36.53,81.09,11.14,29.41,18.27,27.62,13.81,34.75,9.8,12.47,5.35,19.6,22.28,48.56,Virginia Tech Hokies
Jailen Bedford,783.7,1311.7,-3.7,112.46177370030581,116.16459184643162,112.46,116.82,39.45,88.99,12.61,35.47,20.95,27.52,16.67,31.73,12.61,8.56,4.2,14.6,25.69,48.4,Virginia Tech Hokies
Makhai Anderson,203.2,338.0,7.66,103.2507624786134,95.59526435767334,103.25,96.7,36.3,87.78,9.52,31.84,21.13,28.86,21.72,41.06,10.12,10.41,2.98,20.23,32.14,62.78,Wagner Seahawks
Zavier Fitch,382.7,635.6,7.38,114.33108376339818,106.95353913314625,114.33,108.93,41.45,88.29,11.91,30.01,19.53,26.99,17.15,40.97,9.37,7.46,4.76,16.04,26.52,58.12,Wagner Seahawks
John Awoke,672.4,1111.8,2.67,107.8828777825585,105.20910085515887,107.88,106.71,38.59,86.6,10.42,32.97,20.29,27.27,18.3,38.59,13.04,7.52,3.99,18.75,25.18,56.89,Wagner Seahawks
Nick Jones,827.6,1368.1,1.5,106.155087667816,104.65941989402961,106.16,105.42,37.34,85.76,10.12,29.56,21.35,29.05,17.17,37.27,13.72,8.36,3.89,17.61,28.17,54.44,Wagner Seahawks
Binael Basil,601.0,994.2,0.97,102.01827492720153,101.0477533749748,102.02,100.71,36.75,85.55,8.74,29.32,19.78,28.52,17.97,37.96,13.46,8.33,3.72,18.88,26.41,55.93,Wagner Seahawks
Eddie Placer,677.4,1117.1,0.65,106.265081776745,105.61707087461336,106.27,105.28,38.07,86.87,11.53,32.8,18.59,25.38,17.96,37.09,11.62,8.31,3.49,19.04,26.72,55.05,Wagner Seahawks
Sam Smith,100.3,172.9,0.58,116.27906976744187,115.70010073391855,116.28,116.86,41.86,92.44,14.53,39.53,18.02,23.26,22.09,41.28,0.0,5.81,2.91,18.6,30.23,63.37,Wagner Seahawks
Michael Cooper,380.6,638.9,-0.78,105.88700118530225,106.66666666666667,105.89,108.73,36.82,87.55,11.69,33.98,20.55,26.87,20.39,36.19,13.75,9.32,3.63,20.07,29.24,56.58,Wagner Seahawks
Bryan Akanmu,560.9,913.4,-1.11,104.22527517548413,105.33245556287032,104.23,104.88,38.24,87.18,10.49,30.48,17.26,22.61,16.39,36.71,13.44,8.52,3.5,18.46,26.33,53.1,Wagner Seahawks
Jaden Baker,635.4,1066.7,-2.29,106.10352819984547,108.38963963963965,106.1,108.16,39.05,89.25,11.05,33.15,16.95,25.0,19.1,36.9,10.49,7.96,3.65,17.98,27.72,56.0,Wagner Seahawks
Travis Gray,388.6,626.5,-4.3,102.31814548361311,106.61354581673305,102.32,106.95,35.65,88.73,10.71,33.25,20.3,28.78,20.3,39.65,15.67,7.51,4.0,17.91,24.94,59.95,Wagner Seahawks
Huascar Cuevas,49.9,83.1,-9.93,116.9076052796983,126.83770539060248,116.91,138.28,41.48,95.54,16.34,30.17,17.6,22.63,17.6,37.71,0.0,8.8,3.77,11.31,33.94,55.31,Wagner Seahawks
Elijah Brown,107.2,177.1,-29.5,92.64458169567659,122.14174122993893,92.64,120.72,34.81,81.41,8.98,30.88,14.04,20.21,11.79,30.32,6.74,7.86,0.0,20.77,30.32,42.11,Wagner Seahawks
Marqus Marion,235.6,420.2,15.29,113.29961321035407,98.00773119238775,113.3,98.07,38.56,86.88,10.95,35.7,25.23,32.13,17.61,36.18,5.71,11.43,5.95,15.47,27.61,53.79,Wake Forest Demon Deacons
Nate Calmese,640.0,1179.2,5.93,113.7994538642281,107.87165820822626,113.8,107.53,39.88,86.7,14.82,40.64,19.22,25.32,14.48,32.26,10.84,12.19,5.17,15.75,24.39,46.74,Wake Forest Demon Deacons
Tre'Von Spillers,1009.0,1793.8,3.5,112.08161554049332,108.58143607705779,112.08,109.17,38.8,84.91,12.24,36.06,22.25,28.23,14.2,33.93,12.86,11.07,5.59,15.88,27.45,48.13,Wake Forest Demon Deacons
Juke Harris,1213.8,2131.2,3.34,113.1375724714222,109.79398970534781,113.14,109.9,38.49,84.83,13.0,36.99,23.14,29.76,14.08,33.47,13.57,10.61,4.93,15.12,25.77,47.55,Wake Forest Demon Deacons
Mekhi Mason,675.0,1200.5,3.02,112.21840716857885,109.20314021169501,112.22,110.38,38.77,86.34,12.39,38.19,22.28,29.81,14.74,33.92,12.14,11.47,5.28,14.24,28.05,48.66,Wake Forest Demon Deacons
Omaha Biliew,695.8,1222.4,2.77,110.8433734939759,108.07267662180709,110.84,107.74,37.98,85.11,13.15,39.29,21.73,28.59,14.29,33.0,12.5,10.95,4.74,15.6,25.57,47.29,Wake Forest Demon Deacons
Sebastian Akins,525.4,926.6,0.22,108.5703461153357,108.3553020928606,108.57,109.0,36.91,80.86,8.98,30.96,25.76,33.23,12.77,32.47,12.45,10.72,5.52,16.13,28.69,45.24,Wake Forest Demon Deacons
Isaac Carr,269.9,444.8,-0.65,113.0965844831486,113.74301675977654,113.1,115.13,35.51,86.18,13.8,40.26,28.27,35.29,16.74,35.29,14.7,7.24,4.52,13.8,30.31,52.03,Wake Forest Demon Deacons
Cooper Schwieger,678.1,1190.6,-2.5,110.91135974281423,113.40657507973901,110.91,115.06,38.24,85.62,12.86,37.22,21.57,28.68,14.81,31.39,13.37,11.25,5.08,15.57,24.28,46.2,Wake Forest Demon Deacons
Myles Colvin,937.8,1679.4,-2.78,109.27859515899382,112.05904764750707,109.28,111.24,37.26,82.46,12.1,35.12,22.66,29.43,13.59,30.97,11.75,10.86,5.58,17.15,26.82,44.56,Wake Forest Demon Deacons
Jaylen Cross,43.2,74.1,-14.03,104.11537108688005,118.14345991561181,104.12,128.03,36.58,85.82,12.66,33.77,18.29,23.92,19.7,33.77,12.66,8.44,4.22,22.51,28.14,53.47,Wake Forest Demon Deacons
Jasir Rencher,56.4,103.9,9.67,109.31076178960097,99.64071856287426,109.31,100.6,32.89,85.13,11.61,27.09,31.92,43.53,19.35,32.89,0.97,9.67,10.64,13.54,33.86,52.24,Washington Huskies
Franck Kepnang,579.2,953.8,7.33,112.26860917469519,104.93908375654553,112.27,104.12,41.57,89.19,9.19,26.53,19.95,24.96,17.55,37.07,11.59,9.29,7.31,16.5,22.77,54.62,Washington Huskies
Hannes Steinbach,997.5,1678.1,6.78,114.25512616537551,107.47391518516861,114.26,107.06,42.76,91.36,10.11,32.77,18.62,24.21,17.9,36.7,15.7,8.39,5.77,15.05,23.91,54.6,Washington Huskies
Desmond Claude,297.2,525.0,5.54,113.41619016114551,107.8798349169786,113.42,106.23,38.37,89.03,9.07,26.27,27.6,33.84,19.85,35.54,6.62,8.88,5.67,14.74,25.14,55.39,Washington Huskies
JJ Mandaquit,401.9,699.6,5.22,108.73370244686551,103.51360045751868,108.73,103.45,36.86,86.16,10.14,31.86,24.86,32.15,17.29,36.29,8.43,8.43,5.29,15.86,27.15,53.58,Washington Huskies
Wesley Yates III,844.2,1435.4,5.13,112.2799708363712,107.15221835846715,112.28,106.45,40.76,88.88,10.28,31.32,20.48,27.36,17.98,36.66,11.94,8.26,5.55,16.11,24.58,54.64,Washington Huskies
Zoom Diallo,934.7,1585.8,4.75,112.60324065317447,107.85241248817408,112.6,107.81,41.67,91.1,9.84,31.15,19.42,24.97,17.72,37.26,14.56,8.57,5.42,14.75,24.46,54.98,Washington Huskies
Courtland Muldrew,239.8,401.6,4.64,112.64772441538848,108.00813759940817,112.65,110.13,42.75,88.76,10.31,29.67,16.85,23.13,14.33,39.48,20.37,7.04,5.53,14.58,27.66,53.81,Washington Huskies
Bryson Tucker,447.1,749.1,1.4,113.29934353027424,111.89465592727517,113.3,111.57,42.92,92.11,9.46,31.46,17.99,22.79,17.99,35.06,15.73,7.73,5.73,15.06,23.73,53.05,Washington Huskies
Quimari Peterson,972.5,1656.3,1.4,110.07018706509626,108.66572884996444,110.07,108.2,39.94,88.98,9.94,32.29,20.24,26.87,17.23,35.3,13.8,8.8,5.36,15.48,25.3,52.53,Washington Huskies
Nikola Dzepina,138.8,236.6,-5.55,113.18739989321944,118.74150726455524,113.19,121.3,42.71,97.38,11.53,45.7,16.23,23.49,18.37,37.59,22.64,5.55,6.83,9.82,24.35,55.96,Washington Huskies
Lathan Sommerville,307.6,532.5,-8.84,99.15492957746478,107.99643142226604,99.15,107.98,35.87,83.57,7.89,28.36,19.53,26.29,15.59,35.87,9.01,7.89,4.13,19.53,23.47,51.46,Washington Huskies
Jacob Ognacevic,150.0,235.0,-15.42,102.58566323313012,118.00172265288545,102.59,115.2,39.1,91.23,10.51,39.94,13.87,19.34,19.34,32.37,17.66,6.73,2.94,18.92,29.43,51.71,Washington Huskies
Ace Glass,905.1,1574.2,1.32,110.93242518840853,109.61621526500184,110.93,108.03,39.73,84.19,13.81,36.33,17.66,23.59,14.76,35.13,15.26,8.07,4.41,19.36,24.47,49.89,Washington State Cougars
Tomas Thrastarson,434.0,763.2,0.59,107.54185314105752,106.9532565065389,107.54,109.53,36.73,80.36,13.13,35.01,20.95,28.51,14.06,39.25,8.75,7.96,4.38,20.16,25.33,53.31,Washington State Cougars
Parker Gerrits,278.1,476.0,0.49,110.96148666846216,110.47345767575322,110.96,116.13,37.71,84.89,14.0,39.86,21.55,29.09,16.37,35.55,10.99,9.7,3.66,17.67,23.92,51.92,Washington State Cougars
ND Okafor,735.2,1252.7,0.47,110.0340373016979,109.56382553021209,110.03,109.0,39.73,82.25,12.82,32.48,17.76,23.97,14.17,34.95,14.09,8.36,5.41,20.54,25.72,49.12,Washington State Cougars
Simon Hildebrandt,446.4,768.4,0.15,110.68789269785462,110.54034722673775,110.69,110.69,39.33,84.9,14.58,41.15,17.45,23.83,13.28,35.68,14.32,7.81,3.39,17.06,27.22,48.96,Washington State Cougars
Adria Rodriguez,632.1,1080.5,-0.48,106.05604097619765,106.53484557991268,106.06,106.89,37.36,83.53,13.44,37.27,17.89,25.31,15.76,36.43,13.26,8.53,3.24,20.21,26.79,52.19,Washington State Cougars
Rihards Vavers,726.0,1247.7,-2.39,110.97311806418013,113.36259595534443,110.97,113.3,38.3,84.69,14.5,41.02,19.87,25.48,14.5,34.93,16.02,8.17,4.17,17.71,27.16,49.43,Washington State Cougars
Eemeli Yalaho,900.0,1558.0,-3.42,111.50073525847164,114.91762006437428,111.5,116.54,39.3,83.84,14.35,38.27,18.55,24.37,14.29,34.58,14.22,7.82,4.52,18.87,24.76,48.87,Washington State Cougars
Jerone Morton,784.4,1345.5,-4.44,112.69927502294823,117.13969775156654,112.7,119.07,40.09,84.07,14.31,37.69,18.21,23.9,12.96,34.92,14.31,7.87,5.32,17.53,26.23,47.88,Washington State Cougars
Kase Wynott,44.1,80.5,-11.33,96.64948453608248,107.97840431913619,96.65,115.98,34.79,81.19,14.18,39.95,12.89,20.62,7.73,33.51,0.0,15.46,5.15,16.75,20.62,41.24,Washington State Cougars
Emmanuel Ugbo,388.9,656.2,-12.1,102.81782691044026,114.920944905547,102.82,118.28,34.94,81.48,12.99,38.34,19.95,29.22,14.84,36.49,10.82,6.96,2.78,19.48,26.28,51.33,Washington State Cougars
David Hansen,129.3,241.0,13.35,112.04134366925065,98.68831980012493,112.04,97.98,40.1,89.72,14.06,39.28,17.78,26.87,16.54,40.1,7.86,9.51,2.07,14.06,24.39,56.64,Weber State Wildcats
Duce Paschal,363.6,639.5,13.18,116.48010197984304,103.30007674597084,116.48,107.24,41.43,89.39,10.04,29.16,23.58,31.39,18.64,35.85,15.93,12.43,2.23,14.34,26.45,54.49,Weber State Wildcats
ArDarius Grayson,366.1,649.8,12.44,118.91297518064718,106.4736266636504,118.91,110.9,41.47,86.55,10.52,31.26,25.45,33.93,18.06,38.01,13.51,11.15,2.51,15.39,26.08,56.07,Weber State Wildcats
Malek Gomma,765.2,1322.2,9.0,115.27311999090549,106.27618220930673,115.27,106.71,41.0,87.61,11.29,28.42,21.98,30.39,16.67,35.39,12.28,10.08,1.74,14.63,23.42,52.06,Weber State Wildcats
Declan Cutler,169.9,291.4,7.42,109.28013876843019,101.85892538833716,109.28,104.08,41.28,90.89,9.37,35.39,17.35,24.28,17.0,39.9,13.18,9.02,3.12,14.57,30.53,56.9,Weber State Wildcats
Jace Whiting,610.7,1108.3,5.6,111.16885464446302,105.56656458295801,111.17,105.93,39.59,84.05,9.4,27.84,22.6,32.81,15.82,35.07,9.31,10.12,2.35,16.18,27.66,50.89,Weber State Wildcats
Viljami Vartiainen,735.6,1290.8,4.0,114.12772166967476,110.12329275679478,114.13,108.21,40.17,86.56,11.29,30.57,22.5,30.57,15.59,34.18,13.29,9.29,1.77,14.52,27.34,49.77,Weber State Wildcats
Edwin Suarez Jr.,636.2,1121.1,2.76,113.15925368777926,110.39493211066073,113.16,111.9,40.5,84.78,8.71,24.79,23.44,32.42,16.7,33.5,13.83,11.59,2.69,16.52,26.04,50.2,Weber State Wildcats
Tijan Saine Jr.,994.8,1740.6,2.31,111.74592264845282,109.43668059357441,111.75,108.77,39.46,85.74,9.79,28.07,23.03,31.1,15.98,34.25,12.49,9.97,1.89,15.46,25.83,50.23,Weber State Wildcats
Trevor Hennig,587.3,1047.1,2.24,111.0371075166508,108.79463215911814,111.04,107.99,40.25,83.82,9.13,26.26,21.41,30.45,15.03,35.78,9.99,10.56,2.47,16.75,24.74,50.81,Weber State Wildcats
Nigel Burris,704.2,1243.5,-1.65,111.24865231801301,112.89506185337407,111.25,111.33,39.05,84.02,9.5,28.75,23.64,31.47,15.25,34.58,12.06,9.26,1.84,16.29,27.47,49.83,Weber State Wildcats
Eric Baldassarre,31.0,59.6,27.98,140.58577405857739,112.60504201680672,140.59,112.13,53.56,105.44,20.08,40.17,13.39,16.74,28.45,38.49,0.0,8.37,8.37,15.06,16.74,66.94,West Georgia Wolves
JaVar Daniel,495.0,891.3,1.98,111.11736560652969,109.13563681091357,111.12,109.88,41.99,88.83,10.13,27.69,17.0,25.89,14.64,34.34,12.72,9.46,6.53,13.51,22.29,48.98,West Georgia Wolves
Josh Smith,726.8,1297.5,1.85,110.94620381257107,109.09511152201547,110.95,109.17,40.01,89.74,10.41,30.15,20.51,29.22,17.42,34.54,10.79,9.48,6.48,13.8,24.83,51.96,West Georgia Wolves
Xavier Shegog,230.2,401.7,0.55,104.5950748921046,104.0483605055871,104.6,108.15,38.59,91.65,12.44,33.0,14.98,21.33,18.79,40.62,4.57,8.38,8.38,17.01,24.88,59.41,West Georgia Wolves
Matija Žužic,317.6,561.9,-0.25,112.44115669132482,112.69098295504725,112.44,114.41,41.43,93.07,9.68,30.31,19.91,27.8,18.83,34.43,16.5,9.86,6.81,12.55,24.39,53.26,West Georgia Wolves
Shelton Williams-Dryden,968.4,1704.6,-2.5,108.59728506787332,111.10131899767927,108.6,110.76,40.48,89.27,9.25,28.58,18.39,26.42,16.64,35.03,11.83,8.67,6.68,14.82,23.55,51.67,West Georgia Wolves
Malcolm Noel,544.5,955.3,-3.05,107.69917780871575,110.74612857813233,107.7,111.59,39.19,86.37,9.04,27.84,20.28,28.47,15.03,34.46,15.45,8.83,6.09,15.13,22.49,49.49,West Georgia Wolves
Chas Lewless,274.0,487.8,-3.86,106.21828061721432,110.08045918105877,106.22,110.11,39.99,87.35,10.46,28.71,15.79,23.17,15.38,35.27,0.0,9.02,7.18,17.02,25.84,50.65,West Georgia Wolves
5115866,28.1,54.1,-4.24,114.33840479483632,118.57341361741547,114.34,118.03,42.42,88.52,11.07,35.04,18.44,20.29,11.07,27.66,25.82,14.75,1.84,12.91,25.82,38.73,West Georgia Wolves
Brady Hardewig,470.7,802.5,-5.16,106.07100517876084,111.23553564762972,106.07,111.56,41.31,88.97,10.98,29.82,12.48,18.22,14.48,36.94,14.1,8.11,7.74,16.85,22.59,51.42,West Georgia Wolves
Kolten Griffin,919.9,1592.3,-6.89,105.586749898052,112.4750483315782,105.59,112.24,39.71,88.9,8.85,28.73,17.32,25.22,16.56,35.38,10.41,8.47,6.78,15.68,25.28,51.94,West Georgia Wolves
Kenneth Chime,570.6,970.4,-7.24,105.32247323395319,112.56218905472637,105.32,111.26,39.03,89.75,9.84,30.84,17.42,24.38,18.44,36.27,10.55,8.5,7.17,17.11,25.92,54.71,West Georgia Wolves
5179291,28.8,54.0,-9.3,117.53731343283582,126.83823529411764,117.54,128.73,41.04,91.42,9.33,29.85,26.12,29.85,20.52,26.12,20.52,11.19,1.87,14.93,27.99,46.64,West Georgia Wolves
Jackson Fields,107.2,189.4,23.21,129.47799385875126,106.26702997275204,129.48,99.8,43.5,90.58,17.4,40.43,25.08,32.75,22.01,35.31,6.14,8.19,4.09,15.86,26.61,57.32,West Virginia Mountaineers
Morris Ugusuk,206.3,341.6,16.02,111.07846018219219,95.05758856976236,111.08,95.8,34.68,83.75,11.75,37.61,29.97,43.49,18.81,41.14,2.94,8.52,5.0,14.4,20.57,59.95,West Virginia Mountaineers
Jasper Floyd,856.6,1421.7,11.94,106.32440867567898,94.38487584650113,106.32,93.84,37.17,83.67,10.73,34.79,21.25,29.95,16.2,37.38,11.08,11.5,4.63,18.31,22.72,53.58,West Virginia Mountaineers
Treysen Eaglestaff,927.8,1505.6,9.37,106.68518610380806,97.3169470893295,106.69,96.5,38.1,85.52,11.31,36.25,19.18,27.98,16.34,37.63,12.9,9.92,4.23,17.53,23.35,53.97,West Virginia Mountaineers
Harlan Obioha,627.3,1021.5,7.91,101.6175351611399,93.70424597364568,101.62,94.25,34.85,81.29,10.7,34.17,21.21,31.32,16.0,38.19,10.01,10.41,3.93,19.83,22.48,54.19,West Virginia Mountaineers
Honor Huff,1114.5,1840.5,4.87,106.63279782734998,101.76713189304346,106.63,100.69,37.45,84.42,12.32,37.02,19.4,28.59,15.84,36.1,11.57,9.89,4.38,17.84,23.24,51.94,West Virginia Mountaineers
Brenen Lorient,878.5,1451.6,4.56,103.46006564551422,98.89823891732455,103.46,97.44,36.11,82.26,10.8,33.99,20.45,28.99,14.84,35.9,11.56,10.12,4.38,18.8,23.04,50.74,West Virginia Mountaineers
DJ Thomas,493.4,784.3,3.57,108.76597380136437,105.19303365796402,108.77,106.2,39.33,89.68,13.84,40.87,16.27,25.24,16.65,35.74,13.2,9.35,3.46,14.99,22.8,52.39,West Virginia Mountaineers
Amir Jenkins,509.0,831.3,-0.37,106.87484870491406,107.2485428187117,106.87,108.57,38.13,88.11,13.19,39.46,17.43,28.08,17.79,35.46,10.41,8.47,3.63,16.34,24.09,53.25,West Virginia Mountaineers
Chance Moore,551.0,909.2,-5.4,104.37747470303562,109.77890221097788,104.38,109.77,37.18,84.36,11.44,36.52,18.59,29.92,17.27,34.98,12.21,9.24,3.96,18.7,25.52,52.25,West Virginia Mountaineers
Fischer Brown,63.7,120.9,46.24,134.94589433481858,88.70967741935483,134.95,93.36,50.92,90.81,16.97,39.89,16.13,22.92,17.82,33.95,0.0,15.28,5.09,16.13,22.07,51.77,Western Carolina Catamounts
Tahlan Pettway,619.0,1061.8,9.45,115.1685393258427,105.72186434255401,115.17,104.49,41.29,91.67,13.86,39.7,18.73,26.22,19.19,36.33,13.58,8.71,4.21,15.07,28.37,55.52,Western Carolina Catamounts
Justin Johnson,433.5,741.2,6.08,115.71763267800755,109.63677791180805,115.72,111.1,42.65,91.13,11.41,31.92,19.01,28.39,20.51,37.21,12.63,8.01,5.3,15.89,29.34,57.72,Western Carolina Catamounts
Abdulai Fanta Kabba,466.3,793.1,5.9,111.39240506329114,105.49119336912499,111.39,106.33,41.01,91.39,12.53,35.32,16.84,25.32,20.13,39.11,11.01,10.0,3.92,16.71,28.61,59.24,Western Carolina Catamounts
Tayeshaun Smith,259.6,440.4,5.54,114.84240687679083,109.30559460219287,114.84,111.4,41.49,93.52,14.21,40.11,17.65,25.21,20.63,34.84,13.3,9.4,5.73,15.13,32.32,55.47,Western Carolina Catamounts
Tidjiane Dioumassi,664.6,1097.7,3.25,115.94596429298758,112.70059605685465,115.95,111.24,41.18,91.96,13.12,36.75,20.46,27.79,20.64,36.11,15.84,8.33,3.17,15.48,29.14,56.75,Western Carolina Catamounts
Samuel Dada,602.0,1031.3,2.9,116.72591026995869,113.82989135754136,116.73,111.73,41.41,92.04,13.16,39.1,20.75,27.28,20.75,34.11,14.22,7.97,3.46,15.76,26.8,54.86,Western Carolina Catamounts
Marcus Kell,859.0,1466.1,0.87,113.79105490961554,112.923119090037,113.79,111.89,41.28,91.32,12.97,37.41,18.26,26.14,19.35,35.92,13.1,8.08,3.67,15.62,27.16,55.27,Western Carolina Catamounts
Cord Stansberry,858.4,1488.2,0.01,111.81778828543838,111.80419011458402,111.82,109.82,39.43,90.24,13.05,37.69,19.91,27.84,19.25,35.83,12.85,8.32,3.13,15.78,27.84,55.08,Western Carolina Catamounts
CJ Hyland,274.9,491.9,-1.3,109.52429877735538,110.82616784834313,109.52,113.22,38.43,88.56,10.69,34.93,21.99,27.54,19.73,34.73,8.63,10.07,4.11,18.08,29.38,54.46,Western Carolina Catamounts
Julien Soumaoro,671.0,1157.8,-5.17,109.27359365229954,114.44389178434722,109.27,114.1,39.5,92.02,13.2,38.72,17.08,24.24,20.53,34.58,11.13,9.31,3.36,16.99,29.15,55.11,Western Carolina Catamounts
Chase McKey,32.7,65.5,-9.65,86.7579908675799,96.40397857689365,86.76,95.89,30.44,73.06,15.22,39.57,10.65,18.26,13.7,38.05,0.0,15.22,3.04,31.96,25.88,51.75,Western Carolina Catamounts
Karyiek Dixon,498.5,829.7,-11.12,98.15433715713726,109.27511759739477,98.15,109.11,35.41,85.87,7.11,24.09,20.23,29.75,18.67,34.08,7.11,8.31,2.65,18.67,25.65,52.75,Western Illinois Leathernecks
Francis Okwuosah,645.7,1088.8,-14.9,97.56994735269099,112.46932550512578,97.57,112.74,34.03,82.12,9.56,28.97,19.96,29.7,13.43,31.91,7.72,8.09,3.4,17.2,25.29,45.34,Western Illinois Leathernecks
Makai Kvamme,758.8,1298.5,-16.82,96.87083244747676,113.69390103567318,96.87,114.58,35.1,85.43,8.74,28.14,17.94,27.91,15.93,30.54,9.35,8.97,2.94,17.24,24.43,46.47,Western Illinois Leathernecks
Ifiok Peter,133.2,222.0,-17.41,97.54959159859978,114.95754408883083,97.55,123.22,35.01,82.15,8.4,25.2,19.14,32.67,14.94,32.67,13.54,7.93,4.2,17.27,22.4,47.61,Western Illinois Leathernecks
Antwaun Massey,578.5,970.9,-17.51,93.88037163113306,111.38742099264324,93.88,110.06,34.09,83.85,8.19,25.9,17.51,27.54,15.36,32.35,8.8,8.6,3.07,18.43,24.78,47.71,Western Illinois Leathernecks
Lucas Lorenzen,1007.8,1697.4,-19.7,95.68870218881274,115.38914400094195,95.69,115.56,33.9,82.89,8.55,27.59,19.34,29.18,14.8,31.19,8.31,7.72,2.95,18.04,24.94,45.99,Western Illinois Leathernecks
Tyran Cook,388.0,660.0,-22.0,92.34191049583926,114.34558108209234,92.34,117.19,33.13,81.6,7.98,28.07,18.1,28.07,12.27,32.83,7.06,7.82,3.37,17.33,24.7,45.1,Western Illinois Leathernecks
Goanar Biliew,512.4,848.7,-22.08,92.44550612123021,114.52156725962097,92.45,117.65,32.97,81.93,9.56,30.22,16.96,27.47,13.62,32.85,9.2,7.05,2.63,18.63,22.81,46.47,Western Illinois Leathernecks
Isaiah Griffin,872.9,1464.4,-22.26,94.49415003441156,116.75617069575972,94.49,118.58,32.97,83.76,8.47,27.6,20.1,30.28,15.97,31.25,7.5,8.19,2.89,17.83,24.43,47.22,Western Illinois Leathernecks
Marcus Pigram,196.9,328.2,-23.34,94.59666309505587,117.93239351220251,94.6,119.09,32.45,82.96,10.1,29.39,19.59,28.78,12.86,29.08,8.88,7.35,3.06,16.23,23.27,41.94,Western Illinois Leathernecks
Nick Hittle,67.0,116.5,-38.16,91.06678230702515,129.2242295430393,91.07,131.83,33.82,87.6,7.81,26.02,15.61,24.28,17.35,32.09,5.2,4.34,1.73,18.21,25.15,49.44,Western Illinois Leathernecks
Danny Stephens,244.8,417.5,-38.36,83.92965433596119,122.29450029568302,83.93,125.41,29.11,81.75,8.73,30.32,16.98,26.68,11.89,28.87,12.13,7.28,3.64,17.47,24.74,40.76,Western Illinois Leathernecks
Louie Semona,59.9,108.2,18.49,116.65098777046097,98.15950920245399,116.65,101.6,41.39,81.84,17.87,33.87,15.99,26.34,13.17,37.63,2.82,17.87,2.82,18.81,29.16,50.8,Western Kentucky Hilltoppers
Cade Stinnett,72.7,121.1,13.2,114.16400425985091,100.96153846153845,114.16,107.35,35.78,97.12,11.93,34.93,30.67,38.34,23.0,38.34,17.04,12.78,2.56,7.67,26.41,61.34,Western Kentucky Hilltoppers
Bryant Selebangue,150.4,287.8,12.56,112.56385834271366,100.00871156024043,112.56,99.4,38.44,85.2,9.7,28.05,25.98,38.44,18.01,40.87,0.0,10.39,4.85,14.55,22.17,58.88,Western Kentucky Hilltoppers
Blaise Keita,339.2,598.0,8.35,112.8088563370796,104.45468509984639,112.81,105.91,38.56,91.43,12.63,33.84,23.07,30.81,20.71,37.88,14.48,11.45,2.19,14.65,28.29,58.59,Western Kentucky Hilltoppers
LJ Hackman,609.4,1063.5,7.35,112.53245220675005,105.17935749742438,112.53,106.02,37.01,85.06,11.05,31.91,27.47,36.82,16.52,37.95,12.74,11.23,3.21,13.97,26.91,54.47,Western Kentucky Hilltoppers
Teagan Moore,754.1,1350.9,6.44,113.40587756310607,106.96572655266858,113.41,106.97,37.31,86.61,11.62,33.09,27.17,35.83,18.14,36.27,12.36,10.88,2.96,14.51,27.83,54.41,Western Kentucky Hilltoppers
Terrion Murdix,506.3,898.0,6.12,113.89710557598207,107.77469369445146,113.9,106.27,37.71,85.7,10.17,30.3,28.2,36.16,16.81,33.95,15.48,11.72,2.54,13.93,27.98,50.76,Western Kentucky Hilltoppers
Grant Newell,761.7,1345.5,2.44,109.39764408606148,106.95306403062173,109.4,106.95,34.93,86.88,11.15,34.78,28.32,37.01,18.21,37.9,13.67,9.96,2.68,13.75,26.09,56.11,Western Kentucky Hilltoppers
Armelo Boone,631.0,1127.5,2.3,109.66045905405704,107.36223626813852,109.66,106.57,36.76,88.63,11.22,33.4,24.83,34.73,19.18,36.05,12.37,10.43,3.71,14.05,29.6,55.23,Western Kentucky Hilltoppers
Ryan Myers,646.7,1153.3,1.5,108.17799806055382,106.67946006062326,108.18,105.42,34.91,84.22,12.24,34.65,26.03,35.77,16.98,36.46,13.36,9.14,3.45,15.77,27.5,53.44,Western Kentucky Hilltoppers
Leeroy Odiahi,252.0,425.8,1.04,109.59548447789275,108.55803048065651,109.6,108.89,35.75,85.61,10.82,34.1,27.28,35.75,16.46,35.51,14.35,9.41,4.47,13.88,33.16,51.97,Western Kentucky Hilltoppers
Cam Haffner,332.6,605.8,-8.36,107.84193032130986,116.19703697555713,107.84,114.9,34.31,85.52,12.8,38.57,26.26,34.63,17.4,35.45,10.51,8.54,3.28,15.43,26.1,52.85,Western Kentucky Hilltoppers
Noah Boyde,251.5,438.2,-9.95,102.42403550699896,112.3698363657169,102.42,111.76,34.82,87.4,10.93,34.37,21.85,33.23,20.26,33.23,11.15,10.7,3.41,17.07,22.76,53.49,Western Kentucky Hilltoppers
Kade Unseld,168.5,288.2,-12.67,98.0123372172721,110.68165846802529,98.01,107.95,32.56,88.76,11.65,38.73,21.25,30.16,19.53,32.56,14.05,9.6,2.74,16.45,25.36,52.09,Western Kentucky Hilltoppers
Jack Edelen,175.0,310.1,-16.58,98.8019038240604,115.38156747761312,98.8,119.48,31.84,89.28,12.47,36.11,22.65,30.86,18.38,35.78,13.13,8.53,4.92,14.44,28.89,54.16,Western Kentucky Hilltoppers
Junior Sileu,46.4,79.7,2.09,111.43131604226704,109.33660933660934,111.43,113.99,40.99,93.5,12.81,43.55,16.65,21.77,16.65,34.58,16.65,7.68,1.28,12.81,21.77,51.23,Western Michigan Broncos
EJ Ryans,830.1,1433.9,-6.3,106.84102528431816,113.14091918256035,106.84,112.54,38.19,86.95,10.71,30.74,19.75,26.01,16.21,37.14,11.13,6.05,3.9,16.9,26.78,53.35,Western Michigan Broncos
Hudson Ward,236.4,417.0,-6.37,103.40915875574662,109.78031898886549,103.41,108.9,37.26,82.63,9.31,29.61,19.58,26.51,16.48,39.64,3.34,6.93,3.82,21.26,26.03,56.12,Western Michigan Broncos
Michael Sulaka,255.7,450.6,-6.63,107.89299137740439,114.52762923351159,107.89,113.64,36.48,81.14,9.29,26.09,25.65,32.72,14.15,35.37,10.83,5.75,3.76,17.47,30.51,49.52,Western Michigan Broncos
Jalen Griffith,596.8,1048.9,-7.21,108.39723563381615,115.60527136993208,108.4,113.98,39.38,87.19,12.12,33.32,17.51,25.37,16.19,34.08,10.6,7.1,3.22,16.95,26.03,50.27,Western Michigan Broncos
Jayden Brewer,785.2,1388.4,-7.39,103.85517574802586,111.24590342030456,103.86,110.01,36.74,81.08,9.17,25.57,21.2,29.58,14.11,37.82,9.6,5.94,4.37,18.98,24.57,51.93,Western Michigan Broncos
Declan Peterson,240.8,398.7,-7.74,98.90855275328359,106.65305862090962,98.91,103.1,37.24,89.54,12.09,33.79,12.33,20.47,19.49,35.52,13.57,7.65,3.95,20.23,29.6,55.01,Western Michigan Broncos
Trey Lewis,529.9,914.9,-7.83,105.76449334866152,113.59668267132257,105.76,113.98,37.88,88.36,11.28,33.07,18.72,24.74,16.42,37.01,11.82,5.8,3.39,16.31,29.45,53.43,Western Michigan Broncos
Justice Williams,537.3,907.6,-8.15,109.24207802218979,117.39094491443687,109.24,117.28,38.32,87.99,11.34,31.61,21.25,28.3,15.97,35.79,16.19,5.62,3.41,14.54,27.2,51.76,Western Michigan Broncos
Brady Swartz,493.8,858.1,-8.75,105.67084802589744,114.41997063142438,105.67,112.61,38.73,88.56,11.21,31.68,17.0,23.35,15.72,36.07,11.33,5.78,4.28,16.07,24.28,51.79,Western Michigan Broncos
Max Burton,729.8,1276.4,-10.6,105.91412579748717,116.5124666771209,105.91,116.33,38.28,85.33,9.55,27.24,19.81,26.77,15.19,36.95,8.92,6.26,3.84,17.14,25.05,52.14,Western Michigan Broncos
Carson Vis,440.1,758.8,-15.45,103.81439244986237,119.26848661542539,103.81,117.97,35.52,84.15,9.44,27.0,23.33,31.98,17.04,34.87,8.91,7.34,2.62,17.7,27.4,51.91,Western Michigan Broncos
Sharod Barnes,324.1,580.2,-18.37,99.51025007584622,117.87886575858819,99.51,119.27,32.94,79.92,8.15,26.87,25.48,32.42,14.56,34.15,9.71,7.63,3.29,19.24,31.21,48.71,Western Michigan Broncos
Will Berg,745.3,1259.2,16.42,117.19212405792526,100.77116713948935,117.19,99.51,40.8,90.04,11.21,31.49,24.39,34.25,21.23,39.14,11.13,8.13,5.37,14.92,24.31,60.37,Wichita State Shockers
TJ Williams,736.0,1233.2,13.93,119.77557326394536,105.84834334000446,119.78,106.44,41.39,91.56,10.98,30.66,26.02,36.43,22.52,37.08,10.98,9.03,4.47,13.66,24.56,59.6,Wichita State Shockers
Karon Boyd,1181.6,1984.6,12.58,113.8058059568262,101.22428373091002,113.81,100.83,40.33,90.77,10.71,30.83,22.43,32.24,21.42,39.38,11.47,8.8,5.13,15.34,24.29,60.8,Wichita State Shockers
Kenyon Giles,1255.8,2113.9,12.09,113.75999243176767,101.67246232820003,113.76,101.65,40.4,90.68,10.74,30.37,22.23,31.98,21.1,39.35,11.73,8.66,5.3,15.23,24.45,60.45,Wichita State Shockers
Noah Hill,74.0,128.0,11.35,108.19539765845782,96.8413088708152,108.2,103.35,38.76,100.93,8.88,37.14,21.8,37.14,28.26,41.18,8.88,11.3,4.04,9.69,36.33,69.44,Wichita State Shockers
Dre Kindell,581.9,987.5,10.08,113.4744555261551,103.39094069632691,113.47,104.42,39.39,88.64,10.69,29.0,24.02,34.19,20.86,38.88,10.08,8.75,5.5,15.98,28.09,59.74,Wichita State Shockers
Michael Gray Jr.,941.7,1595.4,9.96,111.74337168584292,101.78276918243934,111.74,101.3,39.83,91.98,9.82,31.77,22.26,32.02,21.64,39.14,11.57,8.44,5.32,14.44,23.64,60.78,Wichita State Shockers
Dillon Battie,513.8,880.5,7.82,106.21366894294259,98.38875557079191,106.21,97.18,39.28,90.07,9.14,29.23,18.51,27.32,19.53,40.75,13.32,8.47,5.76,16.48,23.7,60.28,Wichita State Shockers
Jaret Valencia,140.0,228.1,2.8,104.03180011357182,101.22829309614569,104.03,108.57,37.25,93.13,11.81,36.34,17.72,24.99,19.99,44.07,5.91,6.81,7.72,14.99,32.25,64.06,Wichita State Shockers
Emmanuel Okorafor,581.0,971.5,2.47,106.80064225410473,104.33448408131953,106.8,105.66,39.26,91.37,9.53,29.11,18.75,27.55,20.51,39.26,12.02,9.01,5.49,16.06,23.83,59.77,Wichita State Shockers
Brian Amuneke,254.1,428.5,-4.02,100.88809946714032,104.90596422614598,100.89,107.99,37.42,94.26,8.53,33.16,17.53,26.05,21.08,39.31,10.18,8.53,6.39,14.45,26.29,60.39,Wichita State Shockers
Finn Lally,224.8,402.1,14.34,117.35393048461442,103.01601092217948,117.35,103.4,39.87,82.72,12.21,34.63,25.41,36.38,13.95,38.62,18.69,9.97,3.99,13.95,28.15,52.57,William & Mary Tribe
Ryan Jackson Jr.,466.0,862.2,13.65,114.11182959300115,100.46554399678142,114.11,102.29,39.91,82.98,11.0,32.54,23.29,33.12,12.05,36.52,14.28,12.41,5.62,13.34,23.76,48.57,William & Mary Tribe
Jo'el Emanuel,573.1,1065.4,12.91,115.37371255787585,102.46369717735355,115.37,103.85,39.02,77.2,10.49,29.95,26.84,36.66,10.02,33.54,16.25,12.47,5.39,15.4,25.99,43.56,William & Mary Tribe
Chase Lowe,640.8,1159.9,11.3,114.4158745455342,103.11465670881779,114.42,106.44,38.99,81.48,11.91,34.69,24.53,33.47,13.32,37.93,16.56,10.78,6.57,15.94,24.0,51.25,William & Mary Tribe
Tunde Vahlberg Fasasi,730.6,1329.1,10.62,114.86191929339071,104.24523018332523,114.86,105.84,38.21,80.14,11.68,35.71,26.76,34.95,12.43,35.94,16.76,11.15,5.46,15.69,23.81,48.37,William & Mary Tribe
Kyle Pulliam,628.6,1146.4,7.13,111.14976517655244,104.01767163134528,111.15,103.41,36.35,78.97,12.09,35.14,26.35,35.48,12.87,36.27,17.57,11.05,5.57,17.05,24.96,49.14,William & Mary Tribe
Kyle Frazier,64.7,120.7,5.84,96.59806803863923,90.76042518397384,96.6,93.24,34.44,77.28,5.04,33.6,22.68,31.92,11.76,42.0,7.56,10.08,5.88,19.32,21.84,53.76,William & Mary Tribe
Kilian Brockhoff,610.1,1107.1,5.21,110.3081875689426,105.09864323087727,110.31,104.46,37.82,79.87,11.17,34.49,23.5,32.33,11.98,34.31,14.59,10.9,5.76,16.75,23.14,46.29,William & Mary Tribe
Cade Haskins,462.7,848.0,4.95,107.13232257683913,102.18332891363917,107.13,102.29,37.64,82.0,12.03,37.76,19.82,25.72,12.86,35.28,14.51,10.5,4.96,18.64,22.42,48.14,William & Mary Tribe
Reese Miller,636.0,1195.1,4.61,112.2633191989588,107.65061496768813,112.26,108.4,36.95,78.0,10.83,32.83,27.54,37.11,10.58,33.84,16.63,10.83,4.45,14.95,25.44,44.42,William & Mary Tribe
Jhei-R Jones,384.2,724.0,4.18,107.78025655326269,103.59574395292346,107.78,105.55,36.67,78.92,10.88,36.11,23.56,32.35,11.29,32.07,12.13,12.83,5.02,17.01,25.24,43.36,William & Mary Tribe
5106734,43.0,75.6,-2.65,108.46560846560847,111.11111111111111,108.47,111.11,37.04,91.27,14.55,50.26,19.84,21.16,10.58,38.36,11.9,5.29,7.94,9.26,18.52,48.94,William & Mary Tribe
5242596,43.3,76.1,-15.28,116.23931623931625,131.5207081884287,116.24,142.22,45.13,87.52,13.68,32.82,12.31,20.51,16.41,34.19,16.41,4.1,8.21,19.15,19.15,50.6,William & Mary Tribe
5106588,47.4,90.6,-19.06,102.9082774049217,121.97114075687449,102.91,125.28,36.91,81.66,8.95,33.56,20.13,26.85,12.3,33.56,10.07,8.95,6.71,17.9,21.25,45.86,William & Mary Tribe
5242594,41.1,73.5,-28.08,105.29823392202597,133.37964571031608,105.3,127.96,35.99,81.31,14.66,41.32,18.66,25.32,10.66,26.66,14.66,5.33,4.0,17.33,19.99,37.32,William & Mary Tribe
5174608,49.4,86.3,-29.24,97.06546275395034,126.30324694667858,97.07,119.64,36.12,83.52,10.16,38.37,14.67,18.06,7.9,30.47,9.03,5.64,5.64,15.8,24.83,38.37,William & Mary Tribe
5176465,35.9,68.2,-29.46,92.85965529370384,122.32415902140671,92.86,112.56,30.95,80.2,9.85,42.21,21.1,23.92,8.44,26.73,7.03,8.44,2.81,16.88,26.73,35.17,William & Mary Tribe
5312326,43.8,84.1,-29.88,99.45421467556095,129.33294494611127,99.45,134.63,37.6,77.62,6.06,26.68,18.19,26.68,14.55,30.32,6.06,8.49,4.85,24.26,24.26,44.87,William & Mary Tribe
Tai Hamilton,132.4,243.7,36.64,117.94871794871796,81.31044010262482,117.95,88.03,39.32,90.17,14.96,41.88,24.36,34.19,23.5,51.28,4.7,11.97,7.69,17.09,28.63,74.78,Winthrop Eagles
Josh Meo,550.8,1007.1,17.78,118.42704590313275,100.65037877865197,118.43,104.56,38.06,85.63,14.07,37.75,28.24,40.69,19.43,40.69,11.24,10.32,4.35,14.47,28.34,60.12,Winthrop Eagles
Tommy Kamarad,527.8,944.9,14.95,116.85057838903991,101.90146023741991,116.85,103.42,39.02,88.6,13.86,38.7,24.95,34.33,19.72,36.78,12.79,10.66,3.84,14.82,28.36,56.5,Winthrop Eagles
Seifeldin Hendawy,487.4,868.4,14.38,114.85976424133327,100.47956154373145,114.86,102.2,38.21,88.38,14.87,41.46,23.58,32.29,21.72,40.53,11.38,8.83,4.65,18.0,28.45,62.25,Winthrop Eagles
Kody Clouet,889.4,1594.3,13.45,118.29783255683502,104.84621818239204,118.3,103.53,38.58,86.14,13.9,38.83,27.24,37.58,19.07,38.52,13.09,8.85,4.24,15.08,26.3,57.59,Winthrop Eagles
Isaiah Wilson,618.2,1093.8,13.33,112.48790824082178,99.16080743932865,112.49,100.7,37.04,84.3,11.15,35.19,27.27,38.88,18.89,39.43,13.63,10.69,3.87,16.12,25.43,58.32,Winthrop Eagles
Kareem Rozier,882.8,1585.6,11.58,118.36619541707157,106.7825645580864,118.37,105.51,39.06,87.4,14.11,40.25,26.14,34.98,18.43,36.36,11.54,9.84,3.89,14.42,28.15,54.79,Winthrop Eagles
Ed Nnamoko,327.8,584.4,10.66,111.22825513969426,100.56704469646431,111.23,105.96,36.37,86.98,14.76,40.94,23.72,34.44,20.21,42.7,10.72,10.19,3.87,16.87,29.52,62.91,Winthrop Eagles
Logan Duncomb,710.0,1267.6,9.34,119.29416327322086,109.95846459457832,119.29,106.26,39.71,86.17,13.19,38.08,26.68,36.46,18.23,33.82,14.12,9.23,3.72,14.74,24.9,52.05,Winthrop Eagles
Daylen Berry,617.9,1118.0,7.97,116.09993525195918,108.12747754809521,116.1,107.79,38.85,87.7,13.57,39.74,24.83,34.92,19.2,36.71,9.29,9.73,4.47,14.91,25.54,55.91,Winthrop Eagles
Pharrell Boyogueno,277.4,489.2,4.89,114.163177780047,109.2694904849601,114.16,109.06,37.17,89.25,13.48,41.87,26.35,35.54,21.04,31.86,10.01,11.44,4.08,14.91,24.51,52.9,Winthrop Eagles
Zach Kinziger,61.0,106.2,19.22,104.49927431059507,85.28198074277854,104.5,89.99,36.77,88.05,14.51,48.38,16.45,25.16,14.51,46.44,25.16,11.61,3.87,14.51,31.93,60.95,Wisconsin Badgers
Jack Janicki,397.3,688.5,14.11,113.86700860963546,99.7552900532604,113.87,101.56,38.54,85.44,14.8,44.26,21.98,30.04,13.63,40.45,12.46,8.35,4.54,13.92,27.55,54.08,Wisconsin Badgers
Austin Rapp,668.6,1156.5,14.07,120.11468236004225,106.04352726957427,120.11,105.46,41.65,92.52,17.68,49.93,19.14,23.37,14.92,35.78,15.0,9.49,3.79,11.3,23.28,50.7,Wisconsin Badgers
Nolan Winter,943.5,1627.4,13.4,119.5370002748679,106.13834456326883,119.54,104.88,40.68,88.69,15.27,43.61,22.91,28.95,14.84,37.08,15.15,7.7,4.64,12.4,22.66,51.92,Wisconsin Badgers
Nick Boyd,1097.9,1887.5,10.49,119.33224498393807,108.83846123096193,119.33,107.54,40.29,89.37,16.54,45.13,22.22,27.59,14.64,35.55,16.22,7.85,4.21,12.16,23.33,50.19,Wisconsin Badgers
John Blackwell,1129.4,1946.9,9.5,118.0672,108.56907301489154,118.07,107.88,39.73,88.93,16.54,45.93,22.07,27.39,14.28,35.74,15.67,8.19,4.45,12.34,24.01,50.02,Wisconsin Badgers
Aleksas Bieliauskas,693.6,1159.9,8.6,118.99589150121534,110.39606098561741,119.0,109.96,40.7,90.09,17.81,48.01,19.79,25.04,15.14,37.6,18.93,6.88,4.73,13.16,22.54,52.74,Wisconsin Badgers
Will Garlock,169.1,294.5,7.87,114.7127835230729,106.84363334715886,114.71,111.93,39.28,85.51,17.03,42.41,19.12,25.38,12.17,36.85,14.25,9.39,4.87,14.6,30.94,49.02,Wisconsin Badgers
Andrew Rohde,885.7,1519.0,7.46,116.91310114456942,109.45487633385721,116.91,108.33,40.22,89.34,16.11,46.5,20.37,25.48,14.54,35.57,16.05,7.93,4.45,13.1,23.64,50.11,Wisconsin Badgers
Braeden Carrington,590.1,1019.4,6.22,120.1851262335627,113.96291293135208,120.19,113.62,39.47,87.86,18.12,47.51,23.12,29.68,14.69,33.89,18.12,7.93,4.9,12.73,25.66,48.58,Wisconsin Badgers
Hayden Jones,152.8,267.5,5.83,113.38464426506476,107.55489393375512,113.38,108.5,40.55,87.48,15.02,45.05,17.27,24.78,13.14,35.29,20.65,9.39,6.01,13.89,29.66,48.43,Wisconsin Badgers
Callum Richard,39.0,62.5,31.34,118.7178472497032,87.37864077669903,118.72,85.48,44.32,83.89,17.41,41.16,12.66,20.58,20.58,41.16,3.17,4.75,11.08,26.91,22.16,61.74,Wofford Terriers
Luke Flynn,534.4,918.3,8.32,115.71506253398587,107.39499005097173,115.72,107.12,39.15,89.61,14.14,40.78,23.27,32.63,18.27,36.32,8.81,9.9,4.24,13.16,23.6,54.59,Wofford Terriers
Rex Stirling,427.7,724.7,4.11,114.25784651827082,110.1506713587755,114.26,112.31,41.8,90.43,12.96,39.29,17.7,26.89,17.97,36.37,13.52,9.75,2.65,14.77,25.22,54.34,Wofford Terriers
Cayden Vasko,1016.9,1726.2,3.72,116.61302659873863,112.89056823136173,116.61,112.11,40.35,88.56,13.8,39.49,22.11,30.65,16.22,34.64,14.66,8.83,3.93,13.1,25.29,50.86,Wofford Terriers
Kahmare Holmes,806.2,1376.5,3.62,115.64761576551248,112.03259129928706,115.65,111.73,39.47,87.79,14.0,39.9,22.71,32.43,15.96,33.45,13.28,10.23,4.21,12.77,25.25,49.41,Wofford Terriers
Nils Machowski,1071.0,1822.6,2.11,115.6640987816205,113.55371900826445,115.66,112.6,40.38,88.51,13.82,39.23,21.09,29.94,15.95,34.64,14.31,8.47,4.21,13.22,24.75,50.59,Wofford Terriers
Jayden Tyler,310.2,541.3,-1.2,115.23699421965318,116.43677630668452,115.24,116.72,38.29,80.09,13.87,35.88,24.79,36.07,11.65,33.11,16.46,8.32,4.62,14.43,27.01,44.76,Wofford Terriers
Brian Sumpter,688.2,1155.7,-1.57,113.95002267769594,115.51877288385295,113.95,115.16,39.22,86.05,12.87,35.77,22.63,31.01,14.34,34.73,13.3,7.34,5.44,13.56,25.66,49.07,Wofford Terriers
Chace Watley,769.7,1316.0,-5.48,109.18754745634016,114.67026595441325,109.19,114.5,37.89,87.17,12.15,37.66,21.26,30.37,15.79,34.93,13.36,7.14,4.71,14.2,26.88,50.72,Wofford Terriers
Brendan Rigsbee,372.5,620.4,-9.67,108.09942577199534,117.76600477211147,108.1,116.93,37.59,83.52,10.76,35.02,22.17,31.64,14.62,33.73,13.17,5.94,5.3,16.06,27.63,48.35,Wofford Terriers
Maximo Ortega,173.0,298.4,-10.93,112.50645105797352,123.43864805290228,112.51,130.05,34.41,78.79,11.01,34.75,32.69,46.1,16.86,34.06,9.29,5.85,4.13,16.17,27.18,50.92,Wofford Terriers
5241699,28.1,53.1,37.66,146.3649494463168,108.70566559189314,146.36,113.63,48.15,78.96,19.26,26.96,30.81,44.29,15.41,40.44,30.81,5.78,11.56,15.41,15.41,55.85,Wright State Raiders
Alex Bruskotter,67.8,116.1,30.72,128.32418742085267,97.6038689821939,128.32,93.71,50.65,91.18,12.66,33.77,14.35,18.57,14.35,28.7,12.66,10.98,4.22,14.35,21.11,43.05,Wright State Raiders
Michael Imariagbe,712.0,1193.2,14.13,119.41045258396048,105.2853232259423,119.41,104.23,42.69,86.89,11.76,30.1,22.26,30.94,17.26,34.52,13.09,10.42,5.67,15.68,23.77,51.78,Wright State Raiders
Sam Alamutu,353.5,610.7,12.67,117.57819033283158,104.9043589846413,117.58,109.38,44.15,88.14,10.37,27.26,18.9,27.43,16.56,33.62,11.71,13.71,6.36,15.39,24.42,50.18,Wright State Raiders
Bryan Etumnu,172.6,283.8,12.49,109.62754743499647,97.1388202048746,109.63,96.63,41.46,87.14,13.35,35.49,13.35,19.68,14.76,36.89,1.41,10.19,6.68,18.27,28.81,51.65,Wright State Raiders
Dominic Pangonis,798.0,1370.6,12.21,118.12501138620173,105.91672753834915,118.13,105.66,41.54,84.46,10.57,28.78,24.48,32.72,16.32,35.34,14.21,10.86,6.12,16.32,24.63,51.66,Wright State Raiders
Logan Woods,553.6,952.0,11.84,117.17022844509948,105.32659103413944,117.17,105.8,42.21,85.17,10.32,29.27,22.42,29.9,15.79,35.9,10.95,10.0,6.84,16.42,27.69,51.69,Wright State Raiders
Kellen Pickett,691.9,1182.8,11.12,116.27955859169732,105.16024823599422,116.28,104.0,40.69,83.99,9.33,28.08,25.56,34.05,16.98,34.98,14.63,10.85,6.39,16.82,23.46,51.96,Wright State Raiders
Andrea Holden,452.5,773.3,11.12,110.57521121289614,99.45750452079565,110.58,99.7,41.04,86.88,9.84,29.26,18.65,26.8,16.44,35.61,11.26,11.65,8.42,16.83,27.45,52.05,Wright State Raiders
Michael Cooper,700.1,1180.5,10.38,118.99430618642441,108.61060867370547,118.99,110.12,41.88,86.84,12.03,32.24,23.2,31.31,16.38,34.21,11.69,10.49,6.23,14.67,25.5,50.59,Wright State Raiders
TJ Burch,727.1,1280.6,8.39,113.25631486195418,104.86366555730717,113.26,105.5,41.12,85.29,8.46,25.61,22.56,32.11,16.13,32.9,13.55,13.24,6.81,15.59,25.46,49.03,Wright State Raiders
Solomon Callaghan,849.2,1438.0,1.44,114.03554490019283,112.59960332649013,114.04,112.44,39.75,84.5,11.26,30.99,23.28,31.9,15.98,33.15,12.09,9.8,5.7,16.33,25.09,49.13,Wright State Raiders
Matija Belic,197.7,351.8,20.75,110.1989703631557,89.4503739199884,110.2,85.71,40.07,87.38,9.74,32.0,20.31,29.5,22.26,37.57,3.62,11.13,5.01,20.87,33.39,59.83,Wyoming Cowboys
Abou Magassa,269.3,443.0,9.26,113.36755188573979,104.10958904109589,113.37,101.76,37.71,87.93,11.16,32.14,26.78,34.81,22.32,35.26,8.93,10.71,3.35,17.85,36.15,57.58,Wyoming Cowboys
Jared Harris,83.6,152.8,9.13,109.466984884646,100.33670033670035,109.47,94.83,36.91,86.56,12.09,38.19,23.55,35.0,23.55,33.09,3.82,10.82,2.55,20.37,32.46,56.64,Wyoming Cowboys
Gavin Gores,471.3,802.1,8.38,115.36530253577706,106.9803436000619,115.37,108.46,40.17,84.48,11.17,32.76,23.85,32.14,16.7,37.03,13.93,9.16,4.52,16.95,27.74,53.73,Wyoming Cowboys
Nasir Meyer,818.4,1384.4,6.81,116.0928887684106,109.28251768442327,116.09,109.44,40.55,85.66,13.45,37.59,21.54,29.28,15.98,33.83,14.1,9.33,3.69,16.41,30.14,49.81,Wyoming Cowboys
Uriyah Rojas,510.3,858.9,6.17,112.11909746452665,105.95023019989509,112.12,105.72,38.38,88.86,13.72,41.52,21.63,28.84,18.84,36.29,13.38,9.77,3.02,16.28,31.75,55.13,Wyoming Cowboys
Khaden Bennett,895.4,1506.1,5.91,112.3004384150881,106.39396412451492,112.3,105.68,38.78,86.56,12.57,36.13,22.17,30.11,16.94,34.15,14.03,10.06,3.44,16.08,31.7,51.09,Wyoming Cowboys
Adam Harakow,601.2,1016.6,5.61,116.37909724625499,110.7713384054603,116.38,111.93,39.16,86.62,11.87,36.58,26.2,34.21,17.01,35.1,13.35,9.1,2.37,14.14,30.55,52.11,Wyoming Cowboys
Damarion Dennis,733.8,1242.2,4.74,115.03320587643388,110.29707752998954,115.03,110.28,40.09,87.02,11.11,34.61,23.75,31.39,17.15,33.89,14.57,9.42,3.86,15.21,30.91,51.04,Wyoming Cowboys
Kiani Saxon,469.8,764.3,2.28,109.67720750008209,107.40004561895142,109.68,108.23,38.62,84.06,13.4,36.12,19.05,27.19,14.19,35.99,14.05,9.46,4.33,17.21,30.87,50.18,Wyoming Cowboys
4712838,28.2,50.8,1.11,110.88709677419355,109.77371208473761,110.89,114.92,44.35,90.73,10.08,40.32,12.1,32.26,22.18,34.27,0.0,12.1,4.03,16.13,30.24,56.45,Wyoming Cowboys
Leland Walker,897.3,1511.8,0.87,111.39123700298252,110.5192413003435,111.39,109.74,38.69,87.07,11.53,35.99,22.48,29.86,17.27,33.88,14.11,8.9,3.76,16.02,31.18,51.15,Wyoming Cowboys
Simm-Marten Saadi,254.1,425.0,-9.27,108.08913844534129,117.35478528333137,108.09,116.04,37.9,91.01,15.91,51.24,16.38,19.42,16.14,31.12,15.44,8.19,2.57,15.91,31.58,47.26,Wyoming Cowboys
Pape N'Diaye,240.8,411.2,1.29,106.20359884233044,104.91032049397235,106.2,112.24,37.0,91.36,11.58,35.99,20.64,26.68,16.11,35.49,15.1,12.33,8.05,12.08,26.17,51.6,Xavier Musketeers
Malik Messina-Moore,1044.1,1849.0,-0.48,110.27650330910714,110.76141720584063,110.28,110.98,40.12,88.73,13.53,35.73,16.51,22.36,13.05,34.32,15.86,9.26,5.47,13.7,23.93,47.37,Xavier Musketeers
Filip Borovicanin,985.2,1744.6,-0.69,111.79963481086365,112.48857404021936,111.8,113.24,41.18,90.06,13.17,35.54,16.28,22.26,14.03,34.45,15.36,8.86,5.87,13.4,23.35,48.48,Xavier Musketeers
Isaiah Walker,497.6,875.4,-0.77,109.10777436373122,109.87588303171879,109.11,113.17,37.34,85.92,12.06,34.55,22.38,30.38,13.91,35.83,14.38,8.81,4.99,13.57,28.06,49.74,Xavier Musketeers
Tre Carroll,967.0,1730.2,-0.84,109.48536102725579,110.32090199479619,109.49,110.24,40.1,88.17,12.83,35.36,16.47,22.36,13.0,35.53,14.16,8.32,5.6,14.21,23.57,48.53,Xavier Musketeers
Jovan Milicevic,818.9,1460.4,-1.68,112.32068369111812,113.99930867611477,112.32,111.85,40.15,88.78,14.38,36.9,17.63,23.47,13.9,34.46,15.4,8.34,4.82,13.97,25.16,48.36,Xavier Musketeers
All Wright,697.6,1217.2,-1.88,111.4907983037589,113.36994835642264,111.49,113.88,40.84,90.74,14.57,37.38,15.23,21.57,13.42,34.09,14.49,8.81,5.43,12.43,24.37,47.51,Xavier Musketeers
Anthony Robinson,254.2,446.3,-4.77,96.75049448996891,101.52171498389426,96.75,103.31,33.91,85.22,11.53,31.42,17.41,28.26,15.15,32.1,8.59,11.75,7.23,16.5,26.9,47.25,Xavier Musketeers
Roddie Anderson III,730.6,1305.9,-5.74,107.31669924495037,113.05312272918499,107.32,113.3,38.17,89.92,12.03,35.49,18.93,25.91,15.41,32.2,14.1,9.97,5.29,13.18,25.45,47.61,Xavier Musketeers
Daniel Ogunyemi,28.4,52.9,57.49,158.12591508052708,100.64043915827996,158.13,107.37,62.47,95.66,21.47,37.09,11.71,21.47,11.71,46.85,1.95,9.76,7.81,5.86,21.47,58.56,Yale Bulldogs
Courtney Wallace,48.4,84.5,27.93,129.35016938712658,101.42450142450143,129.35,109.64,51.74,92.39,12.32,34.49,13.55,16.01,17.25,38.19,1.23,12.32,8.62,17.25,13.55,55.44,Yale Bulldogs
Trevor Mullin,803.9,1340.8,21.43,124.22683284729834,102.79254323575653,124.23,102.01,44.13,88.34,12.78,31.43,23.18,31.43,16.64,38.12,15.97,7.65,4.53,13.37,21.47,54.76,Yale Bulldogs
Isaac Celiscar,923.7,1507.0,17.45,123.49422682817108,106.04033496853475,123.49,106.97,44.52,88.71,13.06,32.19,21.39,29.39,16.13,37.12,15.86,8.46,4.53,13.46,22.86,53.25,Yale Bulldogs
Casey Simmons,787.8,1281.2,16.5,120.37833190025795,103.88294659730745,120.38,104.2,43.3,89.27,11.73,30.25,22.04,30.33,17.43,38.54,15.63,7.35,5.55,13.76,23.45,55.97,Yale Bulldogs
Nick Townsend,953.7,1565.6,16.31,122.01532359546982,105.70966657596081,122.02,105.19,43.71,88.25,12.3,31.22,22.3,30.65,16.76,36.64,15.04,8.35,4.78,13.95,23.0,53.4,Yale Bulldogs
Riley Fox,532.1,884.7,14.88,120.1184266177922,105.23930897762675,120.12,104.78,43.42,90.0,13.99,37.11,19.29,26.51,14.21,35.19,14.21,8.01,3.16,11.62,25.49,49.4,Yale Bulldogs
Samson Aletan,714.0,1137.1,13.63,120.25358397207924,106.61998030419082,120.25,107.62,43.56,88.45,11.57,28.54,21.56,30.84,17.76,37.2,16.08,7.95,5.21,14.67,24.3,54.96,Yale Bulldogs
Jordan Brathwaite,573.0,950.2,13.08,123.34384858044164,110.26856240126381,123.34,110.09,43.43,89.59,13.88,36.07,22.61,29.44,15.67,34.49,15.04,9.99,3.89,12.09,25.55,50.16,Yale Bulldogs
Jack Sullivan,102.8,174.1,9.97,103.56363636363636,93.5904707884288,103.56,96.0,39.56,91.35,12.22,42.47,12.22,14.55,13.96,43.05,4.65,9.31,9.89,15.71,20.95,57.01,Yale Bulldogs
Devon Arlington,419.6,672.6,-2.01,113.39433028348583,115.40587346622941,113.39,117.44,41.4,88.65,12.75,34.5,17.85,25.8,15.45,33.3,12.3,9.9,4.95,14.55,27.45,48.75,Yale Bulldogs
Imanuel Zorgvol,464.0,785.7,12.76,115.06356748426865,102.3053391781513,115.06,104.15,40.2,79.49,14.0,36.47,20.68,27.22,13.36,35.7,12.2,10.27,9.12,20.93,28.77,49.06,Youngstown State Penguins
Bryson Dawkins,856.1,1473.5,8.31,111.81892111683385,103.5086228867556,111.82,103.21,39.51,85.05,13.76,40.25,19.04,25.48,15.59,34.43,14.64,10.57,5.56,18.43,25.21,50.02,Youngstown State Penguins
Rich Rolf,818.4,1406.9,8.15,112.88604898828541,104.74072756381749,112.89,104.51,40.18,86.4,14.77,42.1,17.75,24.14,16.12,35.29,13.92,9.73,5.75,18.25,25.77,51.41,Youngstown State Penguins
Jason Nelson,771.2,1339.0,7.56,111.98776416167719,104.42907867688282,111.99,104.23,39.17,84.16,13.28,38.35,20.37,27.38,15.15,34.25,13.65,10.82,4.85,17.98,24.77,49.4,Youngstown State Penguins
Jaiden Haynes,315.0,541.3,6.58,117.02424073558093,110.44241282675611,117.02,111.64,40.49,86.93,16.16,45.88,19.88,27.12,16.35,32.51,16.16,10.59,5.76,16.53,26.01,48.86,Youngstown State Penguins
Tae Blackshear,411.0,718.8,5.72,112.32535620417762,106.60324566312256,112.33,105.41,38.46,83.55,15.08,43.02,20.33,28.22,13.97,32.65,13.56,10.51,5.26,17.01,25.45,46.62,Youngstown State Penguins
Cris Carroll,961.5,1647.9,5.72,110.5896201500083,104.86502973921002,110.59,103.77,38.57,83.36,13.76,40.51,19.68,26.38,14.97,34.35,14.43,10.02,4.83,19.08,24.33,49.32,Youngstown State Penguins
Tyler Robinett,129.2,226.7,4.19,104.21017917994944,100.02212878955521,104.21,99.37,39.57,94.1,13.63,48.37,11.43,18.91,19.35,35.62,8.35,10.55,4.4,16.27,24.62,54.97,Youngstown State Penguins
Cam Polak,478.8,829.3,3.46,108.86987026340461,105.40865384615385,108.87,106.09,38.35,85.77,14.4,43.43,17.78,23.35,15.12,32.78,12.94,10.77,4.23,18.27,23.35,47.9,Youngstown State Penguins
Drew King,538.0,933.8,2.33,110.83723827839324,108.51153927588398,110.84,111.05,37.6,82.23,15.49,43.77,20.15,28.28,14.63,33.37,12.13,10.73,6.18,18.96,25.89,48.0,Youngstown State Penguins
Vlad Salaridze,461.6,795.7,1.85,112.90373108611887,111.0550863481659,112.9,110.4,38.85,87.72,14.91,43.11,20.3,27.44,18.55,31.7,14.54,11.53,2.76,17.79,23.81,50.25,Youngstown State Penguins
