Combo,Mins,Avg_Poss,NetRtg,ORtg,DRtg,PF_100,PA_100,FGM_100,FGA_100,FG3M_100,FG3A_100,FTM_100,FTA_100,ORB_100,DRB_100,AST_100,STL_100,BLK_100,TOV_100,Foul_100,REB_100,Team
Ali Abdou Dibba,735.0,1459.0,-0.47,89.86301369863014,90.3292181069959,89.86,90.21,52.05,97.67,5.89,16.37,0.0,0.0,13.97,29.86,0.0,9.79,2.88,16.3,25.07,43.83,Abilene Christian Wildcats
Leonardo Bettiol,690.0,1354.0,-1.11,89.36484490398819,90.47267355982275,89.36,90.47,51.99,99.63,5.76,16.47,0.0,0.0,14.99,30.58,0.0,9.31,3.32,15.36,24.96,45.57,Abilene Christian Wildcats
Kavion McClain,775.0,1531.5,-3.83,86.46714378659726,90.30144167758847,86.47,89.66,50.81,98.57,5.53,16.72,0.0,0.0,14.44,29.8,0.0,9.82,3.06,15.88,24.46,44.24,Abilene Christian Wildcats
Airion Simmons,815.0,1617.0,-4.29,86.41975308641975,90.70631970260223,86.42,90.37,50.56,98.09,5.74,16.91,0.0,0.0,14.07,29.44,0.0,10.0,2.96,15.99,24.57,43.51,Abilene Christian Wildcats
Hunter Jack Madden,815.0,1617.0,-4.29,86.41975308641975,90.70631970260223,86.42,90.37,50.56,98.09,5.74,16.91,0.0,0.0,14.07,29.44,0.0,10.0,2.96,15.99,24.57,43.51,Abilene Christian Wildcats
Nasir DeGruy,40.0,85.5,-12.19,85.54216867469879,97.72727272727273,85.54,103.61,45.78,89.16,9.64,20.48,0.0,0.0,7.23,22.89,0.0,13.25,1.2,18.07,26.51,30.12,Abilene Christian Wildcats
Cameron Steele,165.0,345.5,-24.01,66.95402298850574,90.96209912536443,66.95,89.66,41.95,93.97,5.46,19.83,0.0,0.0,10.63,24.43,0.0,12.93,2.59,16.67,22.41,35.06,Abilene Christian Wildcats
JV Seat,40.0,75.5,-43.68,57.692307692307686,101.36986301369863,57.69,94.87,35.9,97.44,3.85,21.79,0.0,0.0,15.38,24.36,0.0,12.82,0.0,17.95,17.95,39.74,Abilene Christian Wildcats
Jeffrey Mills,565.0,985.0,-10.04,97.29166666666667,107.32673267326733,97.29,112.92,48.96,97.6,13.65,36.04,0.0,0.0,15.31,27.6,0.0,8.54,4.79,17.71,25.94,42.91,Air Force Falcons
Rytis Petraitis,725.0,1246.0,-10.49,96.34854771784232,106.83760683760684,96.35,114.11,47.8,96.51,13.94,37.93,0.0,0.0,13.53,27.8,0.0,8.3,4.98,17.01,26.56,41.33,Air Force Falcons
Beau Becker,765.0,1322.0,-11.56,95.53990610328638,107.10102489019033,95.54,114.48,47.97,96.64,13.3,36.85,0.0,0.0,13.93,27.54,0.0,8.37,4.85,17.29,26.84,41.47,Air Force Falcons
Ethan Taylor,765.0,1322.0,-11.56,95.53990610328638,107.10102489019033,95.54,114.48,47.97,96.64,13.3,36.85,0.0,0.0,13.93,27.54,0.0,8.37,4.85,17.29,26.84,41.47,Air Force Falcons
Kellan Boylan,645.0,1115.5,-12.35,95.34883720930233,107.69896193771626,95.35,115.81,47.53,95.53,13.3,36.93,0.0,0.0,12.65,28.0,0.0,7.81,5.12,17.12,27.07,40.65,Air Force Falcons
Byron Brown,320.0,543.5,-12.77,92.7063339731286,105.47703180212014,92.71,114.59,47.02,97.12,12.67,38.2,0.0,0.0,14.01,26.49,0.0,9.21,4.41,16.89,28.02,40.5,Air Force Falcons
Chase Beasley,40.0,76.0,-29.2,82.1917808219178,111.39240506329114,82.19,120.55,50.68,98.63,2.74,19.18,0.0,0.0,20.55,23.29,0.0,9.59,2.74,21.92,31.51,43.84,Air Force Falcons
Kaleb Thornton,119.7,220.5,12.59,98.63013698630137,86.03603603603604,98.63,87.21,55.71,112.79,11.42,39.27,0.0,0.0,22.83,41.1,0.0,4.11,5.48,10.05,26.48,63.93,Akron Zips
Mikal Dawson,399.7,741.5,9.29,95.00674763832659,85.71428571428571,95.01,85.83,52.36,101.75,10.12,31.17,0.0,0.0,15.65,37.79,0.0,6.61,4.59,13.9,23.35,53.44,Akron Zips
Greg Tribble,759.7,1421.0,9.23,95.93837535014006,86.7043847241867,95.94,85.85,52.38,100.77,9.94,31.09,0.0,0.0,14.99,36.41,0.0,7.0,3.99,14.22,23.18,51.4,Akron Zips
Nate Johnson,360.0,679.0,9.18,96.0352422907489,86.85376661742984,96.04,86.34,51.98,99.27,9.54,30.69,0.0,0.0,13.8,35.39,0.0,7.78,3.96,14.54,23.49,49.19,Akron Zips
Ali Ali,799.7,1497.5,8.99,95.80279813457695,86.81392235609103,95.8,86.41,52.56,101.07,9.93,31.25,0.0,0.0,15.12,36.58,0.0,7.0,4.26,14.06,23.52,51.7,Akron Zips
Enrique Freeman,799.7,1497.5,8.99,95.80279813457695,86.81392235609103,95.8,86.41,52.56,101.07,9.93,31.25,0.0,0.0,15.12,36.58,0.0,7.0,4.26,14.06,23.52,51.7,Akron Zips
Sammy Hunter,760.0,1430.5,7.94,95.53695955369595,87.59635599159074,95.54,87.17,52.65,100.07,9.76,30.47,0.0,0.0,14.44,35.98,0.0,7.25,4.32,14.37,23.5,50.42,Akron Zips
Lorenzo Downey,479.9,949.0,7.52,86.94736842105263,79.43037974683544,86.95,79.26,53.05,99.79,5.47,18.53,0.0,0.0,18.84,32.84,0.0,9.05,5.16,19.05,24.74,51.68,Alabama A&M Bulldogs
Darius Osborne,479.9,984.0,5.52,85.43788187372708,79.91886409736308,85.44,80.24,52.75,100.41,5.09,17.82,0.0,0.0,18.74,31.67,0.0,9.67,4.48,18.33,25.36,50.41,Alabama A&M Bulldogs
Cameron Tucker,599.9,1212.5,3.48,85.78512396694215,82.3045267489712,85.79,82.64,52.64,99.42,5.54,18.18,0.0,0.0,18.35,31.24,0.0,8.84,4.88,18.93,26.03,49.59,Alabama A&M Bulldogs
EJ Williams,599.9,1212.5,3.48,85.78512396694215,82.3045267489712,85.79,82.64,52.64,99.42,5.54,18.18,0.0,0.0,18.35,31.24,0.0,8.84,4.88,18.93,26.03,49.59,Alabama A&M Bulldogs
Omari Peek,519.9,1049.0,3.22,85.70057581573897,82.48106060606061,85.7,83.59,52.3,99.9,5.57,18.33,0.0,0.0,19.0,30.9,0.0,8.64,5.18,19.1,27.26,49.9,Alabama A&M Bulldogs
Chad Moodie,40.0,75.5,-1.56,81.33333333333333,82.89473684210526,81.33,84.0,48.0,86.67,5.33,12.0,0.0,0.0,12.0,33.33,0.0,8.0,5.33,25.33,29.33,45.33,Alabama A&M Bulldogs
Dailin Smith,240.0,498.5,-4.59,85.77154308617234,90.36144578313254,85.77,90.18,52.71,97.8,6.61,19.44,0.0,0.0,16.43,28.06,0.0,8.42,4.21,18.64,26.05,44.49,Alabama A&M Bulldogs
Austin Harvell,40.0,81.5,-10.89,81.70731707317073,92.5925925925926,81.71,91.46,54.88,98.78,4.88,14.63,0.0,0.0,17.07,29.27,0.0,2.44,6.1,18.29,30.49,46.34,Alabama A&M Bulldogs
,40.0,80.0,-20.41,73.41772151898735,93.82716049382715,73.42,96.2,44.3,86.08,2.53,16.46,0.0,0.0,15.19,25.32,0.0,11.39,3.8,29.11,20.25,40.51,Alabama A&M Bulldogs
Latrell Wrightsell Jr.,365.0,812.0,14.73,106.31313131313132,91.58653846153845,106.31,96.21,55.68,103.54,13.64,38.01,0.0,0.0,16.16,29.8,0.0,8.96,5.3,12.63,24.75,45.96,Alabama Crimson Tide
Rylan Griffen,645.0,1394.0,10.18,104.88694383661561,94.70712773465067,104.89,97.88,55.87,100.73,13.06,36.62,0.0,0.0,15.54,30.63,0.0,8.32,4.52,14.81,24.22,46.17,Alabama Crimson Tide
Aaron Estrada,770.0,1673.0,8.57,103.09842041312271,94.52941176470588,103.1,97.63,55.1,100.97,12.45,35.66,0.0,0.0,15.31,30.74,0.0,8.02,4.68,14.34,24.06,46.05,Alabama Crimson Tide
Grant Nelson,770.0,1673.0,8.57,103.09842041312271,94.52941176470588,103.1,97.63,55.1,100.97,12.45,35.66,0.0,0.0,15.31,30.74,0.0,8.02,4.68,14.34,24.06,46.05,Alabama Crimson Tide
Mark Sears,770.0,1673.0,8.57,103.09842041312271,94.52941176470588,103.1,97.63,55.1,100.97,12.45,35.66,0.0,0.0,15.31,30.74,0.0,8.02,4.68,14.34,24.06,46.05,Alabama Crimson Tide
Mohamed Wague,40.0,81.0,8.37,98.73417721518987,90.36144578313254,98.73,94.94,50.63,93.67,15.19,37.97,0.0,0.0,13.92,40.51,0.0,6.33,6.33,20.25,18.99,54.43,Alabama Crimson Tide
Nick Pringle,285.0,599.0,4.04,96.33943427620633,92.29480737018424,96.34,91.68,52.08,97.5,11.31,32.45,0.0,0.0,13.48,32.11,0.0,7.65,5.16,15.97,22.13,45.59,Alabama Crimson Tide
Jarin Stevenson,205.0,460.0,-0.98,101.78173719376392,102.76008492569002,101.78,107.8,56.57,103.12,9.58,32.52,0.0,0.0,15.81,29.18,0.0,6.24,3.12,12.69,25.84,44.99,Alabama Crimson Tide
Eric Coleman,50.0,91.5,6.34,96.66666666666667,90.32258064516128,96.67,93.33,51.11,106.67,12.22,36.67,0.0,0.0,23.33,26.67,0.0,12.22,3.33,16.67,23.33,50.0,Alabama State Hornets
Isaiah Range,694.2,1324.5,-1.82,83.3081570996979,85.13207547169812,83.31,85.2,46.37,106.5,8.46,33.23,0.0,0.0,20.85,32.02,0.0,11.03,4.91,14.35,23.49,52.87,Alabama State Hornets
CJ Hines,734.2,1404.0,-2.09,83.464005702067,85.55160142348754,83.46,85.67,46.47,106.41,8.41,33.14,0.0,0.0,21.17,32.15,0.0,10.76,4.99,14.75,23.52,53.32,Alabama State Hornets
Micah Octave,644.4,1247.0,-2.09,82.35765838011227,84.44266238973537,82.36,84.44,46.19,106.17,8.02,32.56,0.0,0.0,20.93,32.88,0.0,10.59,5.21,14.76,23.9,53.81,Alabama State Hornets
TJ Madlock,734.2,1404.0,-2.09,83.464005702067,85.55160142348754,83.46,85.67,46.47,106.41,8.41,33.14,0.0,0.0,21.17,32.15,0.0,10.76,4.99,14.75,23.52,53.32,Alabama State Hornets
Ubong Okon,734.2,1404.0,-2.09,83.464005702067,85.55160142348754,83.46,85.67,46.47,106.41,8.41,33.14,0.0,0.0,21.17,32.15,0.0,10.76,4.99,14.75,23.52,53.32,Alabama State Hornets
Kendal Parker,40.0,79.5,-6.42,86.07594936708861,92.5,86.08,93.67,48.1,105.06,7.59,31.65,0.0,0.0,26.58,34.18,0.0,6.33,6.33,21.52,24.05,60.76,Alabama State Hornets
Tadarius Jacobs,39.8,65.5,-13.64,86.36363636363636,100.0,86.36,98.48,45.45,110.61,10.61,39.39,0.0,0.0,22.73,25.76,0.0,12.12,3.03,12.12,16.67,48.49,Alabama State Hornets
Mike Pajeaud,365.0,688.5,6.5,100.0,93.50073855243723,100.0,90.43,58.0,106.57,7.57,21.71,0.0,0.0,19.57,31.0,0.0,9.14,3.29,13.0,22.86,50.57,Alcorn State Braves
Jalen Hawkins,584.5,1051.0,2.95,97.08372530573848,94.12897016361886,97.08,92.0,56.44,101.88,6.96,19.94,0.0,0.0,17.5,31.7,0.0,8.47,2.73,15.62,22.77,49.2,Alcorn State Braves
Byron Joshua,664.5,1201.0,2.93,96.6199505358615,93.69217830109335,96.62,91.84,55.65,103.79,6.84,20.45,0.0,0.0,19.7,31.74,0.0,8.99,2.56,15.91,22.26,51.44,Alcorn State Braves
Jeremiah Gambrell,664.5,1201.0,2.93,96.6199505358615,93.69217830109335,96.62,91.84,55.65,103.79,6.84,20.45,0.0,0.0,19.7,31.74,0.0,8.99,2.56,15.91,22.26,51.44,Alcorn State Braves
Jeremiah Kendall,664.5,1174.5,1.37,95.69983136593592,94.3250214961307,95.7,92.5,54.89,103.46,6.75,20.49,0.0,0.0,19.48,31.37,0.0,9.11,2.45,16.02,22.01,50.85,Alcorn State Braves
Stephen Byard,200.0,380.0,-0.26,99.47368421052632,99.73684210526315,99.47,99.74,58.95,100.79,5.79,18.16,0.0,0.0,16.32,32.37,0.0,7.11,2.37,15.53,21.32,48.69,Alcorn State Braves
Dekedran Thorn,120.0,217.5,-3.66,94.95412844036697,98.61751152073732,94.95,98.17,53.21,112.39,5.5,22.48,0.0,0.0,28.44,30.73,0.0,9.63,1.38,16.06,19.72,59.17,Alcorn State Braves
Djahi Binet,179.5,294.0,-4.65,89.52702702702703,94.17808219178082,89.53,92.91,51.01,101.35,5.74,19.59,0.0,0.0,22.3,32.43,0.0,7.77,1.01,20.95,22.97,54.73,Alcorn State Braves
Jalyke Gaines-Wyatt,40.0,67.5,-17.89,98.52941176470588,116.4179104477612,98.53,114.71,60.29,101.47,4.41,19.12,0.0,0.0,13.24,27.94,0.0,2.94,1.47,11.76,22.06,41.18,Alcorn State Braves
Willie Anderson Jr.,40.0,67.5,-17.89,98.52941176470588,116.4179104477612,98.53,114.71,60.29,101.47,4.41,19.12,0.0,0.0,13.24,27.94,0.0,2.94,1.47,11.76,22.06,41.18,Alcorn State Braves
Matt Mayock,605.0,1046.0,3.38,91.56279961649089,88.17921830314586,91.56,88.69,49.57,96.26,11.51,32.89,0.0,0.0,11.79,35.67,0.0,7.57,2.4,15.53,23.11,47.46,American University Eagles
Lincoln Ball,765.0,1318.5,2.66,92.3076923076923,89.6525679758308,92.31,90.4,49.66,96.5,11.5,33.21,0.0,0.0,11.96,35.03,0.0,7.69,2.28,15.46,23.08,46.99,American University Eagles
Lorenzo Donadio,765.0,1318.5,2.66,92.3076923076923,89.6525679758308,92.31,90.4,49.66,96.5,11.5,33.21,0.0,0.0,11.96,35.03,0.0,7.69,2.28,15.46,23.08,46.99,American University Eagles
Matt Rogers,765.0,1318.5,2.66,92.3076923076923,89.6525679758308,92.31,90.4,49.66,96.5,11.5,33.21,0.0,0.0,11.96,35.03,0.0,7.69,2.28,15.46,23.08,46.99,American University Eagles
Elijah Stephens,645.0,1127.5,2.49,94.4692239072257,91.9753086419753,94.47,93.04,50.4,97.41,12.13,33.9,0.0,0.0,12.76,33.72,0.0,7.85,2.23,15.34,23.28,46.48,American University Eagles
Greg Jones,280.0,463.5,1.43,88.74458874458875,87.31182795698925,88.74,87.88,48.05,94.81,9.96,32.25,0.0,0.0,10.39,36.8,0.0,7.58,2.16,15.58,22.51,47.19,American University Eagles
CJ Huntley,40.0,76.5,31.24,105.26315789473684,74.02597402597402,105.26,75.0,53.95,98.68,10.53,22.37,0.0,0.0,11.84,51.32,0.0,5.26,9.21,13.16,17.11,63.16,Appalachian State Mountaineers
Xavion Brown,690.0,1309.5,8.92,96.13095238095238,87.2156862745098,96.13,82.74,53.35,101.71,7.81,21.06,0.0,0.0,15.7,38.39,0.0,6.99,8.48,13.99,14.96,54.09,Appalachian State Mountaineers
Donovan Gregory,815.0,1542.5,8.19,95.69620253164557,87.50830564784053,95.7,83.35,53.1,101.46,7.53,21.65,0.0,0.0,15.57,38.42,0.0,6.96,8.35,14.11,15.19,53.99,Appalachian State Mountaineers
Terence Harcum,815.0,1542.5,8.19,95.69620253164557,87.50830564784053,95.7,83.35,53.1,101.46,7.53,21.65,0.0,0.0,15.57,38.42,0.0,6.96,8.35,14.11,15.19,53.99,Appalachian State Mountaineers
TreVon Spillers,815.0,1542.5,8.19,95.69620253164557,87.50830564784053,95.7,83.35,53.1,101.46,7.53,21.65,0.0,0.0,15.57,38.42,0.0,6.96,8.35,14.11,15.19,53.99,Appalachian State Mountaineers
Justin Abson,775.0,1466.0,6.98,95.2127659574468,88.23529411764706,95.21,83.78,53.06,101.6,7.38,21.61,0.0,0.0,15.76,37.77,0.0,7.05,8.31,14.16,15.09,53.53,Appalachian State Mountaineers
Myles Tate,125.0,233.0,4.09,93.22033898305084,89.13043478260869,93.22,86.86,51.69,100.0,5.93,25.0,0.0,0.0,14.83,38.56,0.0,6.78,7.63,14.83,16.53,53.39,Appalachian State Mountaineers
Jose Perez,680.0,1343.5,-5.23,89.94038748137109,95.16728624535315,89.94,95.38,48.51,98.81,9.31,30.1,0.0,0.0,11.1,29.28,0.0,10.43,4.92,12.3,22.06,40.38,Arizona State Sun Devils
Alonzo Gaffney,725.0,1433.5,-5.38,88.50735809390329,93.88888888888889,88.51,94.74,47.02,99.51,9.46,30.62,0.0,0.0,12.26,30.41,0.0,10.44,4.56,12.75,22.35,42.67,Arizona State Sun Devils
Frankie Collins,845.0,1672.0,-6.69,88.0794701986755,94.77124183006535,88.08,96.03,47.44,99.22,9.03,29.56,0.0,0.0,11.86,29.92,0.0,10.23,4.58,12.64,22.58,41.78,Arizona State Sun Devils
Adam Miller,765.0,1509.5,-6.7,87.51668891855807,94.21433267587113,87.52,95.66,47.13,98.8,8.88,29.57,0.0,0.0,11.62,29.77,0.0,10.21,4.54,12.82,22.96,41.39,Arizona State Sun Devils
Shawn Phillips Jr.,365.0,721.5,-7.63,87.32394366197182,94.95225102319236,87.32,98.03,47.75,98.73,8.03,25.77,0.0,0.0,12.54,31.41,0.0,9.58,3.94,13.8,23.52,43.95,Arizona State Sun Devils
Jamiya Neal,805.0,1598.0,-7.79,87.37373737373737,95.16129032258065,87.37,96.84,47.1,99.75,9.03,29.73,0.0,0.0,12.06,29.8,0.0,10.29,4.55,12.31,22.6,41.86,Arizona State Sun Devils
Bobby Hurley,40.0,82.0,-24.22,80.72289156626506,104.93827160493827,80.72,102.41,46.99,102.41,8.43,31.33,0.0,0.0,12.05,24.1,0.0,8.43,6.02,9.64,19.28,36.15,Arizona State Sun Devils
Grant Weitman,40.0,79.5,20.75,127.16049382716051,106.41025641025641,127.16,102.47,61.73,102.47,17.28,30.86,0.0,0.0,14.81,28.4,0.0,9.88,3.7,12.35,16.05,43.21,Arizona Wildcats
Caleb Love,895.0,1822.0,11.58,101.18598382749326,89.60313024035774,101.19,86.42,55.85,102.48,9.38,25.01,0.0,0.0,16.28,33.91,0.0,8.84,3.94,13.8,19.3,50.19,Arizona Wildcats
Keshad Johnson,895.0,1822.0,11.58,101.18598382749326,89.60313024035774,101.19,86.42,55.85,102.48,9.38,25.01,0.0,0.0,16.28,33.91,0.0,8.84,3.94,13.8,19.3,50.19,Arizona Wildcats
Oumar Ballo,895.0,1822.0,11.58,101.18598382749326,89.60313024035774,101.19,86.42,55.85,102.48,9.38,25.01,0.0,0.0,16.28,33.91,0.0,8.84,3.94,13.8,19.3,50.19,Arizona Wildcats
Pelle Larsson,895.0,1822.0,11.58,101.18598382749326,89.60313024035774,101.19,86.42,55.85,102.48,9.38,25.01,0.0,0.0,16.28,33.91,0.0,8.84,3.94,13.8,19.3,50.19,Arizona Wildcats
Kylan Boswell,855.0,1742.5,11.16,100.0,88.83693746347166,100.0,85.68,55.58,102.48,9.02,24.75,0.0,0.0,16.35,34.16,0.0,8.79,3.95,13.87,19.45,50.51,Arizona Wildcats
Layden Blocker,120.0,254.5,-2.81,95.63492063492063,98.44357976653697,95.63,100.4,57.94,99.21,4.76,13.1,0.0,0.0,14.68,26.59,0.0,10.71,5.56,15.48,22.62,41.27,Arkansas Razorbacks
El Ellis,570.0,1180.0,-3.39,92.79661016949152,96.1864406779661,92.8,96.19,55.17,98.22,7.12,22.97,0.0,0.0,11.53,30.0,0.0,7.37,6.69,13.31,24.41,41.53,Arkansas Razorbacks
Khalif Battle,530.0,1108.5,-4.13,92.43243243243244,96.5672990063234,92.43,96.31,55.5,97.84,6.4,21.44,0.0,0.0,12.07,29.37,0.0,7.39,6.67,14.23,24.05,41.44,Arkansas Razorbacks
Tramon Mark,770.0,1599.5,-7.62,90.13116801998751,97.74718397997498,90.13,97.56,53.53,98.38,6.62,21.86,0.0,0.0,12.18,29.67,0.0,7.68,6.62,13.8,23.67,41.85,Arkansas Razorbacks
Chandler Lawson,730.0,1498.5,-7.73,90.66666666666666,98.39679358717434,90.67,98.2,53.8,98.4,6.87,22.4,0.0,0.0,12.47,29.53,0.0,7.47,6.6,14.07,23.6,42.0,Arkansas Razorbacks
Jeremiah Davenport,80.0,164.0,-9.27,90.12345679012346,99.3975903614458,90.12,101.85,52.47,99.38,6.17,17.9,0.0,0.0,12.35,27.78,0.0,10.49,8.64,12.96,19.14,40.13,Arkansas Razorbacks
Trevon Brazile,410.0,858.5,-11.34,88.77314814814815,100.11723329425557,88.77,98.84,52.43,96.41,6.37,21.76,0.0,0.0,9.95,30.21,0.0,6.94,7.29,13.54,21.99,40.16,Arkansas Razorbacks
Davonte Davis,400.0,804.0,-11.84,87.03703703703704,98.87218045112782,87.04,97.41,51.85,101.23,7.41,25.31,0.0,0.0,13.95,29.14,0.0,6.54,6.79,12.72,25.8,43.09,Arkansas Razorbacks
Jalen Graham,200.0,407.0,-19.69,82.26600985221675,101.96078431372548,82.27,102.46,47.54,98.28,6.4,20.94,0.0,0.0,15.02,29.31,0.0,9.61,5.91,16.75,21.67,44.33,Arkansas Razorbacks
Makhi Mitchell,80.0,169.5,-20.45,78.3625730994152,98.80952380952381,78.36,97.08,46.2,98.25,4.68,21.05,0.0,0.0,12.28,29.82,0.0,8.19,8.77,14.04,22.22,42.1,Arkansas Razorbacks
Keyon Menifield Jr.,120.0,227.5,-31.06,73.36244541484717,104.42477876106196,73.36,103.06,41.05,97.82,6.55,29.26,0.0,0.0,16.16,32.31,0.0,5.68,8.3,18.34,20.09,48.47,Arkansas Razorbacks
Denijay Harris,40.0,68.5,-42.07,72.85714285714285,114.92537313432835,72.86,110.0,41.43,98.57,7.14,31.43,0.0,0.0,18.57,27.14,0.0,4.29,11.43,20.0,18.57,45.71,Arkansas Razorbacks
Taryn Todd,360.0,690.0,5.09,99.27745664739885,94.18604651162791,99.28,93.64,52.75,106.21,10.26,31.21,0.0,0.0,18.64,33.82,0.0,8.24,5.78,12.43,19.22,52.46,Arkansas State Red Wolves
Dyondre Dominguez,525.0,1037.5,4.9,103.74280230326296,98.83833494675702,103.74,97.98,56.05,106.05,12.86,33.88,0.0,0.0,19.1,31.19,0.0,6.62,5.37,13.05,21.98,50.29,Arkansas State Red Wolves
Caleb Fields,845.0,1653.5,4.18,101.38304269392664,97.20194647201946,101.38,96.09,54.6,105.59,11.85,33.19,0.0,0.0,18.4,32.17,0.0,7.04,5.47,12.81,20.93,50.57,Arkansas State Red Wolves
Izaiyah Nelson,845.0,1653.5,4.18,101.38304269392664,97.20194647201946,101.38,96.09,54.6,105.59,11.85,33.19,0.0,0.0,18.4,32.17,0.0,7.04,5.47,12.81,20.93,50.57,Arkansas State Red Wolves
Derrian Ford,805.0,1571.0,4.08,101.77327422419253,97.69673704414588,101.77,96.71,54.72,106.59,11.78,33.31,0.0,0.0,18.87,31.98,0.0,6.84,5.19,12.29,21.03,50.85,Arkansas State Red Wolves
Avery Felts,525.0,1046.0,3.72,102.18009478672985,98.45708775313405,102.18,96.78,55.64,103.7,12.99,34.31,0.0,0.0,17.54,31.37,0.0,6.54,5.69,13.84,21.9,48.91,Arkansas State Red Wolves
Freddy Hicks,320.0,616.0,2.99,97.42351046698873,94.43535188216039,97.42,92.91,52.17,104.83,10.14,32.05,0.0,0.0,17.23,33.82,0.0,7.73,5.64,12.4,19.16,51.05,Arkansas State Red Wolves
Robert Lewis,119.9,243.5,-1.39,88.60759493670885,90.0,88.61,94.94,46.41,99.16,11.81,39.66,0.0,0.0,16.46,42.19,0.0,4.64,2.95,17.3,22.36,58.65,Arkansas-Pine Bluff Golden Lions
Ismael Plet,639.8,1302.5,-1.75,93.3282208588957,95.08070714834741,93.33,94.86,51.0,96.7,12.73,35.58,0.0,0.0,12.88,35.58,0.0,5.37,2.15,16.18,21.78,48.46,Arkansas-Pine Bluff Golden Lions
Joe French,639.8,1302.5,-1.75,93.3282208588957,95.08070714834741,93.33,94.86,51.0,96.7,12.73,35.58,0.0,0.0,12.88,35.58,0.0,5.37,2.15,16.18,21.78,48.46,Arkansas-Pine Bluff Golden Lions
Kylen Milton,639.8,1302.5,-1.75,93.3282208588957,95.08070714834741,93.33,94.86,51.0,96.7,12.73,35.58,0.0,0.0,12.88,35.58,0.0,5.37,2.15,16.18,21.78,48.46,Arkansas-Pine Bluff Golden Lions
Lonnell Martin Jr.,639.8,1302.5,-1.75,93.3282208588957,95.08070714834741,93.33,94.86,51.0,96.7,12.73,35.58,0.0,0.0,12.88,35.58,0.0,5.37,2.15,16.18,21.78,48.46,Arkansas-Pine Bluff Golden Lions
Trejon Ware,439.9,891.0,-1.84,96.00443951165371,97.8433598183882,96.0,95.67,52.72,95.67,13.54,35.07,0.0,0.0,11.65,32.96,0.0,5.44,1.89,15.98,21.53,44.61,Arkansas-Pine Bluff Golden Lions
Rashad Williams,80.0,168.0,-2.69,85.54216867469879,88.23529411764706,85.54,90.36,48.19,98.8,9.64,32.53,0.0,0.0,14.46,40.36,0.0,6.02,2.41,15.66,22.29,54.82,Arkansas-Pine Bluff Golden Lions
Kwabena Davis,85.0,139.5,-5.79,89.20863309352518,95.0,89.21,95.68,48.2,97.84,9.35,29.5,0.0,0.0,14.39,34.53,0.0,3.6,9.35,16.55,28.06,48.92,Army Black Knights
Matt Dove,85.0,139.5,-5.79,89.20863309352518,95.0,89.21,95.68,48.2,97.84,9.35,29.5,0.0,0.0,14.39,34.53,0.0,3.6,9.35,16.55,28.06,48.92,Army Black Knights
Zach Lezanic,85.0,139.5,-5.79,89.20863309352518,95.0,89.21,95.68,48.2,97.84,9.35,29.5,0.0,0.0,14.39,34.53,0.0,3.6,9.35,16.55,28.06,48.92,Army Black Knights
Zach Rocco,85.0,139.5,-5.79,89.20863309352518,95.0,89.21,95.68,48.2,97.84,9.35,29.5,0.0,0.0,14.39,34.53,0.0,3.6,9.35,16.55,28.06,48.92,Army Black Knights
Jared Cross,604.8,1042.5,-5.86,84.66019417475728,90.52132701421802,84.66,92.72,44.37,97.38,11.65,34.76,0.0,0.0,13.69,35.24,0.0,7.86,5.24,16.31,23.5,48.93,Army Black Knights
Charlie Peterson,125.0,200.5,-7.81,84.65346534653465,92.46231155778895,84.65,91.09,46.04,96.04,8.91,28.71,0.0,0.0,14.36,34.65,0.0,4.95,10.4,18.32,26.24,49.01,Army Black Knights
Abe Johnson,644.0,1113.0,-8.14,83.97085610200364,92.10992907801419,83.97,94.63,43.99,97.45,11.48,34.88,0.0,0.0,13.57,34.7,0.0,7.74,5.28,16.12,23.32,48.27,Army Black Knights
Josh Scovens,684.0,1174.0,-8.37,83.4625322997416,91.82813816343723,83.46,93.88,43.84,97.16,11.28,34.45,0.0,0.0,13.61,34.71,0.0,7.75,5.68,16.45,23.26,48.32,Army Black Knights
Ryan Curry,684.0,1174.0,-8.37,83.4625322997416,91.82813816343723,83.46,93.88,43.84,97.16,11.28,34.45,0.0,0.0,13.61,34.71,0.0,7.75,5.68,16.45,23.26,48.32,Army Black Knights
TJ Small,684.0,1174.0,-8.37,83.4625322997416,91.82813816343723,83.46,93.88,43.84,97.16,11.28,34.45,0.0,0.0,13.61,34.71,0.0,7.75,5.68,16.45,23.26,48.32,Army Black Knights
Kendall Hailey,40.0,61.0,-11.84,74.60317460317461,86.4406779661017,74.6,80.95,41.27,92.06,7.94,26.98,0.0,0.0,14.29,34.92,0.0,7.94,12.7,22.22,22.22,49.21,Army Black Knights
Isaiah Caldwell,39.2,70.5,-41.54,73.52941176470588,115.06849315068493,73.53,123.53,38.24,98.53,8.82,36.76,0.0,0.0,11.76,26.47,0.0,5.88,5.88,13.24,20.59,38.23,Army Black Knights
Chad Baker-Mazara,320.0,663.5,19.42,105.2870090634441,85.86466165413535,105.29,86.25,56.95,99.4,10.88,25.68,0.0,0.0,12.84,31.42,0.0,7.85,8.76,13.44,27.04,44.26,Auburn Tigers
Aden Holloway,560.0,1140.0,18.92,102.81195079086116,83.88791593695272,102.81,84.18,56.59,100.09,10.11,26.63,0.0,0.0,13.53,32.25,0.0,9.49,8.17,13.44,25.04,45.78,Auburn Tigers
Denver Jones,800.0,1639.0,17.45,101.64734594264795,84.19768151311774,101.65,84.2,56.56,101.28,9.82,26.48,0.0,0.0,14.4,32.46,0.0,9.09,7.93,13.12,24.53,46.86,Auburn Tigers
Jaylin Williams,760.0,1541.5,16.79,99.80595084087969,83.01886792452831,99.81,82.54,55.95,101.62,9.31,26.52,0.0,0.0,14.62,32.99,0.0,9.31,8.28,13.0,23.87,47.61,Auburn Tigers
Johni Broome,840.0,1712.5,16.19,100.58343057176195,84.39509059029807,100.58,84.25,56.01,101.05,9.74,26.72,0.0,0.0,14.24,32.44,0.0,9.16,7.93,13.19,24.39,46.68,Auburn Tigers
Chris Moore,520.0,1049.0,14.16,97.6235741444867,83.46080305927343,97.62,82.98,55.42,102.09,9.03,27.38,0.0,0.0,15.11,33.08,0.0,9.98,7.41,13.02,22.72,48.19,Auburn Tigers
Chaney Johnson,80.0,171.0,11.19,107.73809523809523,96.55172413793103,107.74,100.0,56.55,95.83,13.69,28.57,0.0,0.0,10.71,27.38,0.0,7.74,4.76,14.88,29.17,38.09,Auburn Tigers
Tre Donaldson,280.0,572.5,10.77,96.18055555555556,85.41300527240774,96.18,84.38,54.86,102.95,9.03,26.91,0.0,0.0,15.62,32.81,0.0,8.51,7.47,12.67,23.09,48.43,Auburn Tigers
K.D. Johnson,40.0,73.5,-11.56,77.33333333333333,88.88888888888889,77.33,85.33,44.0,96.0,8.0,32.0,0.0,0.0,10.67,32.0,0.0,10.67,8.0,14.67,21.33,42.67,Auburn Tigers
JaVar Daniel,165.0,316.0,4.81,107.00636942675159,102.20125786163523,107.01,103.5,57.64,112.1,9.55,23.89,0.0,0.0,20.38,29.94,0.0,6.37,4.14,8.28,23.25,50.32,Austin Peay Governors
Sai Witt,540.0,1015.0,4.59,107.26202158979392,102.67062314540058,107.26,101.86,59.76,106.28,10.79,26.79,0.0,0.0,16.19,30.23,0.0,7.65,2.26,9.91,23.16,46.42,Austin Peay Governors
Dez White,744.8,1379.5,3.84,105.94202898550724,102.10297316896302,105.94,102.03,58.12,107.03,10.87,27.54,0.0,0.0,17.25,30.0,0.0,8.26,2.75,10.22,23.55,47.25,Austin Peay Governors
Dezi Jones,580.0,1094.0,2.79,106.4604185623294,103.6730945821855,106.46,102.73,59.14,106.19,10.46,26.57,0.0,0.0,16.01,29.85,0.0,7.37,2.37,9.83,22.75,45.86,Austin Peay Governors
Ja'Monta Black,784.8,1458.5,2.53,105.41095890410959,102.88263555250514,105.41,102.67,57.74,106.92,10.62,27.33,0.0,0.0,17.05,29.73,0.0,8.01,2.81,10.14,23.22,46.78,Austin Peay Governors
Isaac Haney,704.8,1312.5,2.35,106.24048706240488,103.89016018306636,106.24,103.65,58.3,106.77,10.5,26.56,0.0,0.0,17.05,29.22,0.0,7.91,2.66,10.27,23.06,46.27,Austin Peay Governors
DeMarcus Sharp,324.8,589.5,-0.67,100.34071550255537,101.01351351351352,100.34,101.87,52.98,108.35,10.56,29.98,0.0,0.0,18.57,29.98,0.0,8.86,4.09,10.22,23.68,48.55,Austin Peay Governors
Jordan Wilmore,79.8,127.5,-19.64,86.61417322834646,106.25,86.61,107.09,41.73,99.21,11.81,40.16,0.0,0.0,15.75,25.2,0.0,14.96,3.94,16.54,23.62,40.95,Austin Peay Governors
Jaxson Robinson,240.0,460.0,5.22,102.66075388026607,97.44136460554371,102.66,101.33,51.88,99.78,14.41,42.35,0.0,0.0,14.86,33.26,0.0,6.43,3.33,15.08,22.84,48.12,BYU Cougars
Aly Khalifa,720.0,1425.0,4.68,97.64285714285714,92.96551724137932,97.64,96.29,51.07,99.71,13.0,40.14,0.0,0.0,14.64,33.64,0.0,6.79,4.0,14.93,24.43,48.28,BYU Cougars
Noah Waterman,760.0,1507.5,4.08,96.69811320754717,92.61920313520575,96.7,95.55,51.01,99.8,12.8,39.42,0.0,0.0,14.15,33.49,0.0,6.74,4.11,14.35,24.33,47.64,BYU Cougars
Dallin Hall,800.0,1582.0,3.89,97.29903536977493,93.41205717837165,97.3,96.66,50.87,100.06,13.05,40.13,0.0,0.0,14.53,33.63,0.0,6.69,3.92,14.47,24.24,48.16,BYU Cougars
Spencer Johnson,800.0,1582.0,3.89,97.29903536977493,93.41205717837165,97.3,96.66,50.87,100.06,13.05,40.13,0.0,0.0,14.53,33.63,0.0,6.69,3.92,14.47,24.24,48.16,BYU Cougars
Trevin Knell,560.0,1122.0,3.35,95.1086956521739,91.75438596491227,95.11,94.75,50.45,100.18,12.5,39.22,0.0,0.0,14.4,33.79,0.0,6.79,4.17,14.22,24.82,48.19,BYU Cougars
Richie Saunders,40.0,74.5,0.88,109.85915492957747,108.97435897435896,109.86,119.72,47.89,105.63,18.31,54.93,0.0,0.0,22.54,36.62,0.0,5.63,0.0,16.9,22.54,59.16,BYU Cougars
Fousseyni Traore,80.0,157.0,-3.29,94.19354838709677,97.48427672955975,94.19,100.0,49.03,103.23,13.55,40.0,0.0,0.0,13.55,33.55,0.0,5.81,3.23,10.32,22.58,47.1,BYU Cougars
Mickey Pearson Jr.,694.8,1335.5,-1.08,92.91512915129151,93.9969604863222,92.92,91.29,53.14,98.3,9.3,26.72,0.0,0.0,12.84,32.47,0.0,7.01,3.91,14.54,20.66,45.31,Ball State Cardinals
Mason Jones,569.8,1090.0,-2.05,91.88458070333634,93.93090569561157,91.88,90.71,52.3,96.66,9.2,26.78,0.0,0.0,11.9,33.18,0.0,6.94,4.51,15.24,19.48,45.08,Ball State Cardinals
Trent Middleton,205.0,393.5,-2.13,93.23308270676691,95.36082474226805,93.23,92.73,51.13,98.5,9.27,26.57,0.0,0.0,14.54,33.33,0.0,7.52,2.51,16.04,20.3,47.87,Ball State Cardinals
Jalin Anderson,734.8,1406.0,-2.46,92.49122807017544,94.95313626532084,92.49,92.42,52.56,97.96,9.33,26.81,0.0,0.0,12.84,32.49,0.0,6.81,3.93,14.88,20.49,45.33,Ball State Cardinals
Basheer Jihad,694.8,1330.0,-2.56,92.34200743494424,94.90494296577947,92.34,92.79,52.34,97.47,9.44,26.91,0.0,0.0,12.34,32.42,0.0,6.84,3.72,14.87,20.89,44.76,Ball State Cardinals
Davion Bailey,654.8,1242.5,-3.72,92.2893481717011,96.00651996740017,92.29,93.64,52.62,98.49,9.38,27.03,0.0,0.0,12.96,31.96,0.0,6.44,3.97,14.47,20.83,44.92,Ball State Cardinals
Ben Hendriks,120.0,232.5,-5.54,93.58974358974359,99.13419913419914,93.59,97.86,53.85,101.28,9.4,26.07,0.0,0.0,16.67,31.2,0.0,5.56,4.7,15.38,20.51,47.87,Ball State Cardinals
Ja'Kobe Walter,829.9,1537.0,-0.93,95.41108986615679,96.3455149501661,95.41,92.42,53.92,100.06,9.56,27.34,0.0,0.0,15.42,30.4,0.0,8.29,3.06,15.36,21.41,45.82,Baylor Bears
Jalen Bridges,829.9,1537.0,-0.93,95.41108986615679,96.3455149501661,95.41,92.42,53.92,100.06,9.56,27.34,0.0,0.0,15.42,30.4,0.0,8.29,3.06,15.36,21.41,45.82,Baylor Bears
Jayden Nunn,829.9,1537.0,-0.93,95.41108986615679,96.3455149501661,95.41,92.42,53.92,100.06,9.56,27.34,0.0,0.0,15.42,30.4,0.0,8.29,3.06,15.36,21.41,45.82,Baylor Bears
RayJ Dennis,829.9,1537.0,-0.93,95.41108986615679,96.3455149501661,95.41,92.42,53.92,100.06,9.56,27.34,0.0,0.0,15.42,30.4,0.0,8.29,3.06,15.36,21.41,45.82,Baylor Bears
Yves Missi,829.9,1537.0,-0.93,95.41108986615679,96.3455149501661,95.41,92.42,53.92,100.06,9.56,27.34,0.0,0.0,15.42,30.4,0.0,8.29,3.06,15.36,21.41,45.82,Baylor Bears
Bash Wieland,489.0,900.0,-3.32,98.87133182844244,102.18818380743981,98.87,105.42,51.24,101.35,10.38,30.02,0.0,0.0,12.64,33.75,0.0,6.77,2.14,11.29,22.8,46.39,Bellarmine Knights
Ben Johnson,649.0,1174.5,-5.28,97.4003466204506,102.67782426778243,97.4,106.33,50.09,100.78,10.75,30.94,0.0,0.0,11.79,33.97,0.0,6.07,2.08,11.01,22.88,45.76,Bellarmine Knights
Garrett Tipton,649.0,1174.5,-5.28,97.4003466204506,102.67782426778243,97.4,106.33,50.09,100.78,10.75,30.94,0.0,0.0,11.79,33.97,0.0,6.07,2.08,11.01,22.88,45.76,Bellarmine Knights
Langdon Hatton,649.0,1174.5,-5.28,97.4003466204506,102.67782426778243,97.4,106.33,50.09,100.78,10.75,30.94,0.0,0.0,11.79,33.97,0.0,6.07,2.08,11.01,22.88,45.76,Bellarmine Knights
Peter Suder,649.0,1174.5,-5.28,97.4003466204506,102.67782426778243,97.4,106.33,50.09,100.78,10.75,30.94,0.0,0.0,11.79,33.97,0.0,6.07,2.08,11.01,22.88,45.76,Bellarmine Knights
Alec Pfriem,120.0,201.5,-11.04,90.9090909090909,101.95121951219512,90.91,105.56,45.45,98.99,12.12,36.87,0.0,0.0,8.08,33.84,0.0,3.54,1.01,9.09,21.72,41.92,Bellarmine Knights
Billy Smith,40.0,73.0,-13.38,97.14285714285714,110.5263157894737,97.14,120.0,48.57,98.57,11.43,25.71,0.0,0.0,11.43,37.14,0.0,4.29,4.29,12.86,27.14,48.57,Bellarmine Knights
Ja'Kobi Gillespie,520.0,1017.5,12.16,100.390625,88.22947576656776,100.39,87.11,52.44,97.85,12.21,33.2,0.0,0.0,12.7,38.57,0.0,8.3,4.0,14.84,18.85,51.27,Belmont Bruins
Brigham Rogers,80.0,156.0,9.84,102.45398773006136,92.61744966442953,102.45,84.66,53.99,93.87,11.66,26.99,0.0,0.0,13.5,38.04,0.0,8.59,3.07,19.63,12.88,51.54,Belmont Bruins
Jayce Willingham,880.0,1723.5,4.77,97.50869061413673,92.73678094131319,97.51,92.47,50.81,95.77,12.11,32.39,0.0,0.0,10.83,35.57,0.0,8.86,3.77,15.06,19.35,46.4,Belmont Bruins
Cade Tyson,840.0,1649.0,4.73,97.39235900545785,92.66221952698605,97.39,92.66,50.82,95.76,12.19,32.57,0.0,0.0,10.37,35.42,0.0,8.73,3.76,14.61,19.71,45.79,Belmont Bruins
Keishawn Davidson,800.0,1561.0,4.69,97.88867562380038,93.20076972418217,97.89,92.96,50.74,95.71,12.28,32.57,0.0,0.0,10.88,35.57,0.0,8.96,3.9,15.16,19.58,46.45,Belmont Bruins
Malik Dia,800.0,1567.5,4.24,96.99296225207934,92.74809160305344,96.99,93.28,50.48,95.97,12.16,32.95,0.0,0.0,10.56,35.32,0.0,8.89,3.84,14.59,20.03,45.88,Belmont Bruins
Isaiah Walker,480.0,943.0,-2.98,93.94904458598727,96.92796610169492,93.95,97.13,49.15,93.63,11.57,30.89,0.0,0.0,9.55,32.59,0.0,9.55,3.29,15.92,18.9,42.14,Belmont Bruins
Zion Harmon,444.9,891.0,5.7,94.3820224719101,88.67713004484304,94.38,88.88,54.72,97.98,8.09,23.15,0.0,0.0,13.48,29.66,0.0,11.57,5.51,15.51,23.93,43.14,Bethune-Cookman Wildcats
Elijah Hulsewe,165.0,350.0,5.19,94.01709401709401,88.82521489971347,94.02,88.32,58.4,100.0,5.7,16.24,0.0,0.0,16.24,30.77,0.0,9.97,4.84,16.24,25.64,47.01,Bethune-Cookman Wildcats
Jakobi Heady,734.9,1472.0,3.97,91.0580204778157,87.08586883029074,91.06,87.92,53.45,97.95,7.51,21.3,0.0,0.0,14.4,30.85,0.0,10.38,4.98,16.45,24.57,45.25,Bethune-Cookman Wildcats
Reggie Ward Jr.,734.9,1472.0,3.97,91.0580204778157,87.08586883029074,91.06,87.92,53.45,97.95,7.51,21.3,0.0,0.0,14.4,30.85,0.0,10.38,4.98,16.45,24.57,45.25,Bethune-Cookman Wildcats
Dhashon Dyson,774.9,1547.5,3.85,90.65541855937703,86.8082368082368,90.66,87.54,53.41,98.25,7.4,21.22,0.0,0.0,14.6,30.63,0.0,10.64,4.87,16.35,24.53,45.23,Bethune-Cookman Wildcats
James Henderson Jr.,609.9,1197.5,3.44,89.66386554621849,86.2240663900415,89.66,87.31,51.93,97.73,7.9,22.69,0.0,0.0,14.12,30.59,0.0,10.84,4.87,16.39,24.2,44.71,Bethune-Cookman Wildcats
Damani McEntire,40.0,75.5,1.56,82.89473684210526,81.33333333333333,82.89,80.26,52.63,103.95,5.26,19.74,0.0,0.0,18.42,26.32,0.0,15.79,2.63,14.47,23.68,44.74,Bethune-Cookman Wildcats
Derrick Carter-Hollinger Jr.,40.0,75.5,1.56,82.89473684210526,81.33333333333333,82.89,80.26,52.63,103.95,5.26,19.74,0.0,0.0,18.42,26.32,0.0,15.79,2.63,14.47,23.68,44.74,Bethune-Cookman Wildcats
Seneca Willoughby,330.0,656.5,1.27,85.56067588325654,84.29003021148036,85.56,85.71,51.61,98.62,6.45,18.59,0.0,0.0,16.13,31.95,0.0,9.37,3.99,17.51,25.35,48.08,Bethune-Cookman Wildcats
Evan Ashe,45.0,87.0,1.14,87.95180722891565,86.81318681318682,87.95,95.18,48.19,98.8,8.43,30.12,0.0,0.0,16.87,33.73,0.0,10.84,0.0,18.07,26.51,50.6,Binghamton Bearcats
Nehemiah Benson,569.8,1068.0,0.74,91.66666666666666,90.92592592592592,91.67,92.99,50.66,98.86,7.39,23.96,0.0,0.0,14.68,36.74,0.0,6.72,3.98,15.81,21.88,51.42,Binghamton Bearcats
Dan Petcash,570.0,1074.5,-1.6,89.8876404494382,91.48936170212765,89.89,92.6,50.84,98.22,6.55,22.0,0.0,0.0,14.98,36.99,0.0,5.99,4.03,16.76,21.72,51.97,Binghamton Bearcats
Tymu Chenery,444.8,859.5,-1.68,93.3411214953271,95.01738122827346,93.34,95.79,51.87,98.95,7.59,22.78,0.0,0.0,14.72,35.98,0.0,6.07,4.56,15.77,21.14,50.7,Binghamton Bearcats
Armon Harried,649.8,1223.5,-2.83,90.84913437757626,93.67909238249594,90.85,95.3,50.7,98.76,6.84,22.59,0.0,0.0,14.84,35.7,0.0,6.27,3.96,16.08,21.68,50.54,Binghamton Bearcats
Tariq Balogun,604.8,1136.5,-3.16,91.06194690265487,94.22572178477691,91.06,95.31,50.88,98.76,6.73,22.04,0.0,0.0,14.69,35.84,0.0,5.93,4.25,15.93,21.33,50.53,Binghamton Bearcats
Symir Torrence,284.8,520.5,-8.09,89.453125,97.54253308128544,89.45,100.78,50.0,100.0,5.27,20.12,0.0,0.0,15.62,32.62,0.0,6.25,3.32,15.62,22.66,48.24,Binghamton Bearcats
Gavin Walsh,80.0,148.0,-25.74,82.31292517006803,108.0536912751678,82.31,109.52,45.58,96.6,6.12,24.49,0.0,0.0,12.93,27.89,0.0,6.12,2.04,16.33,19.73,40.82,Binghamton Bearcats
Chibuzo Agbo,770.0,1424.5,7.99,100.34843205574913,92.36209335219236,100.35,91.01,55.4,104.6,11.01,31.64,0.0,0.0,18.89,34.01,0.0,7.04,3.0,14.29,22.37,52.9,Boise State Broncos
Max Rice,770.0,1424.5,7.99,100.34843205574913,92.36209335219236,100.35,91.01,55.4,104.6,11.01,31.64,0.0,0.0,18.89,34.01,0.0,7.04,3.0,14.29,22.37,52.9,Boise State Broncos
O'Mar Stanley,770.0,1424.5,7.99,100.34843205574913,92.36209335219236,100.35,91.01,55.4,104.6,11.01,31.64,0.0,0.0,18.89,34.01,0.0,7.04,3.0,14.29,22.37,52.9,Boise State Broncos
Roddie Anderson III,770.0,1424.5,7.99,100.34843205574913,92.36209335219236,100.35,91.01,55.4,104.6,11.01,31.64,0.0,0.0,18.89,34.01,0.0,7.04,3.0,14.29,22.37,52.9,Boise State Broncos
Tyson Degenhart,770.0,1424.5,7.99,100.34843205574913,92.36209335219236,100.35,91.01,55.4,104.6,11.01,31.64,0.0,0.0,18.89,34.01,0.0,7.04,3.0,14.29,22.37,52.9,Boise State Broncos
Chas Kelley III,160.0,286.5,4.36,97.50889679715303,93.15068493150685,97.51,96.8,48.4,94.31,11.39,30.25,0.0,0.0,16.73,37.72,0.0,8.19,3.91,22.42,18.86,54.45,Boston College Eagles
Mason Madsen,525.0,967.5,3.32,99.26315789473684,95.93908629441624,99.26,99.47,50.21,99.16,12.74,34.84,0.0,0.0,13.47,34.84,0.0,7.68,4.11,14.32,22.21,48.31,Boston College Eagles
Claudell Harris Jr.,730.0,1367.5,1.56,96.98085419734905,95.42483660130719,96.98,96.76,50.59,100.22,11.56,32.62,0.0,0.0,13.4,33.21,0.0,7.29,4.42,13.18,22.31,46.61,Boston College Eagles
Quinten Post,890.0,1645.0,0.97,96.80981595092024,95.8433734939759,96.81,97.61,49.94,99.45,11.53,32.09,0.0,0.0,14.36,34.6,0.0,7.3,4.42,14.91,21.66,48.96,Boston College Eagles
Devin McGlockton,930.0,1722.0,0.86,97.1830985915493,96.32183908045977,97.18,98.36,50.0,99.3,11.62,32.16,0.0,0.0,14.03,34.15,0.0,7.39,4.23,14.73,21.65,48.18,Boston College Eagles
Jaeden Zackery,930.0,1722.0,0.86,97.1830985915493,96.32183908045977,97.18,98.36,50.0,99.3,11.62,32.16,0.0,0.0,14.03,34.15,0.0,7.39,4.23,14.73,21.65,48.18,Boston College Eagles
Elijah Strong,40.0,77.0,-0.84,105.40540540540539,106.25,105.41,114.86,51.35,95.95,13.51,33.78,0.0,0.0,6.76,24.32,0.0,9.46,0.0,10.81,21.62,31.08,Boston College Eagles
Prince Aligbe,405.0,754.5,-2.26,94.56233421750663,96.82119205298014,94.56,96.95,49.73,99.47,10.21,28.78,0.0,0.0,14.72,33.29,0.0,7.03,4.38,15.25,20.95,48.01,Boston College Eagles
Abe Atiyeh,40.0,68.0,-26.76,100.0,126.7605633802817,100.0,138.46,44.62,101.54,13.85,30.77,0.0,0.0,15.38,38.46,0.0,6.15,1.54,13.85,20.0,53.84,Boston College Eagles
Anthony Morales,40.0,81.0,12.11,110.8433734939759,98.73417721518987,110.84,93.98,65.06,100.0,13.25,28.92,0.0,0.0,8.43,30.12,0.0,6.02,6.02,8.43,19.28,38.55,Boston University Terriers
Matai Baptiste,159.7,281.5,2.67,91.75627240143369,89.08450704225352,91.76,90.68,48.75,99.28,10.75,30.11,0.0,0.0,14.7,36.2,0.0,9.68,5.38,15.41,22.94,50.9,Boston University Terriers
Otto Landrum,694.9,1268.0,2.59,91.12519809825673,88.54003139717426,91.13,89.38,49.29,98.42,10.86,31.46,0.0,0.0,13.71,34.55,0.0,8.48,5.15,15.29,24.01,48.26,Boston University Terriers
Kyrone Alexander,814.6,1478.5,2.29,90.56347589952478,88.27493261455525,90.56,88.93,49.02,98.78,10.66,31.5,0.0,0.0,13.92,34.83,0.0,8.62,5.02,15.14,23.69,48.75,Boston University Terriers
Miles Brewster,814.6,1478.5,2.29,90.56347589952478,88.27493261455525,90.56,88.93,49.02,98.78,10.66,31.5,0.0,0.0,13.92,34.83,0.0,8.62,5.02,15.14,23.69,48.75,Boston University Terriers
Nico Nobili,774.6,1407.5,1.95,89.8220640569395,87.87234042553192,89.82,88.19,48.83,99.0,10.46,31.81,0.0,0.0,13.95,34.8,0.0,8.54,4.84,14.95,23.56,48.75,Boston University Terriers
Ethan Okwuosa,774.6,1397.5,1.67,89.35251798561151,87.68683274021353,89.35,88.63,48.06,98.71,10.5,31.65,0.0,0.0,14.24,35.11,0.0,8.78,4.96,15.54,23.96,49.35,Boston University Terriers
DaJion Humphrey,40.0,83.0,9.91,101.16279069767442,91.25,101.16,84.88,58.14,93.02,4.65,17.44,0.0,0.0,6.98,34.88,0.0,10.47,1.16,13.95,13.95,41.86,Bowling Green Falcons
Jason Spurgin,825.0,1583.5,-4.42,90.20332717190388,94.62435233160622,90.2,90.02,52.13,102.53,7.33,24.77,0.0,0.0,16.14,31.55,0.0,8.01,2.83,13.62,20.15,47.69,Bowling Green Falcons
Marcus Hill,825.0,1583.5,-4.42,90.20332717190388,94.62435233160622,90.2,90.02,52.13,102.53,7.33,24.77,0.0,0.0,16.14,31.55,0.0,8.01,2.83,13.62,20.15,47.69,Bowling Green Falcons
Rashaun Agee,825.0,1583.5,-4.42,90.20332717190388,94.62435233160622,90.2,90.02,52.13,102.53,7.33,24.77,0.0,0.0,16.14,31.55,0.0,8.01,2.83,13.62,20.15,47.69,Bowling Green Falcons
Trey Thomas,825.0,1583.5,-4.42,90.20332717190388,94.62435233160622,90.2,90.02,52.13,102.53,7.33,24.77,0.0,0.0,16.14,31.55,0.0,8.01,2.83,13.62,20.15,47.69,Bowling Green Falcons
Da'Shawn Phillip,785.0,1500.5,-5.22,89.59011060507483,94.80874316939891,89.59,90.31,51.79,103.06,7.48,25.18,0.0,0.0,16.66,31.36,0.0,7.87,2.93,13.6,20.49,48.02,Bowling Green Falcons
Connor Linke,40.0,73.5,27.27,117.8082191780822,90.54054054054053,117.81,91.78,67.12,116.44,9.59,24.66,0.0,0.0,24.66,31.51,0.0,13.7,9.59,8.22,26.03,56.17,Bradley Braves
Goanar Biliew,40.0,73.5,27.27,117.8082191780822,90.54054054054053,117.81,91.78,67.12,116.44,9.59,24.66,0.0,0.0,24.66,31.51,0.0,13.7,9.59,8.22,26.03,56.17,Bradley Braves
Almar Atlason,685.0,1248.0,19.39,105.8968058968059,86.50980392156863,105.9,90.34,52.66,97.62,13.76,34.64,0.0,0.0,13.43,35.87,0.0,10.07,5.65,15.81,22.6,49.3,Bradley Braves
Darius Hannah,885.0,1637.5,14.8,103.90576565406076,89.10950661853188,103.91,91.82,53.32,98.64,12.59,32.73,0.0,0.0,14.26,34.1,0.0,10.23,5.39,15.62,22.57,48.36,Bradley Braves
Duke Deen,885.0,1637.5,14.8,103.90576565406076,89.10950661853188,103.91,91.82,53.32,98.64,12.59,32.73,0.0,0.0,14.26,34.1,0.0,10.23,5.39,15.62,22.57,48.36,Bradley Braves
Malevy Leons,885.0,1637.5,14.8,103.90576565406076,89.10950661853188,103.91,91.82,53.32,98.64,12.59,32.73,0.0,0.0,14.26,34.1,0.0,10.23,5.39,15.62,22.57,48.36,Bradley Braves
Connor Hickman,845.0,1564.0,14.2,103.24675324675326,89.04282115869017,103.25,91.82,52.66,97.79,12.73,33.12,0.0,0.0,13.77,34.22,0.0,10.06,5.19,15.97,22.4,47.99,Bradley Braves
Demarion Burch,40.0,82.5,4.11,97.70114942528735,93.58974358974359,97.7,83.91,58.62,91.95,9.2,24.14,0.0,0.0,13.79,31.03,0.0,9.2,6.9,21.84,14.94,44.82,Bradley Braves
Christian Davis,120.0,233.5,-9.9,91.37931034482759,101.27659574468085,91.38,102.59,50.43,100.86,8.62,28.45,0.0,0.0,15.52,26.72,0.0,10.34,2.16,14.66,24.14,42.24,Bradley Braves
Malachi Ndur,40.0,77.5,36.32,120.27027027027026,83.9506172839506,120.27,91.89,52.7,91.89,21.62,39.19,0.0,0.0,8.11,29.73,0.0,16.22,1.35,16.22,28.38,37.84,Brown Bears
Kimo Ferrari,80.0,153.0,13.76,107.43243243243244,93.67088607594937,107.43,100.0,50.68,95.27,16.89,37.16,0.0,0.0,11.49,30.41,0.0,12.84,1.35,16.22,27.03,41.9,Brown Bears
Felix Kloman,279.6,522.5,4.52,100.587084148728,96.06741573033707,100.59,100.39,52.84,103.72,11.94,34.25,0.0,0.0,17.42,30.33,0.0,9.2,5.09,13.7,25.44,47.75,Brown Bears
Kino Lilly Jr.,649.6,1209.5,2.56,96.8280467445743,94.26699426699426,96.83,96.08,50.92,101.25,12.02,33.39,0.0,0.0,17.03,32.47,0.0,8.01,4.92,15.78,22.62,49.5,Brown Bears
Nana Owusu-Anane,649.6,1209.5,2.56,96.8280467445743,94.26699426699426,96.83,96.08,50.92,101.25,12.02,33.39,0.0,0.0,17.03,32.47,0.0,8.01,4.92,15.78,22.62,49.5,Brown Bears
AJ Lesburt Jr.,330.0,611.5,2.49,93.96411092985318,91.47540983606557,93.96,91.03,49.59,99.51,12.07,32.46,0.0,0.0,16.97,34.42,0.0,6.85,5.22,17.46,19.9,51.39,Brown Bears
Lyndel Erold,330.0,611.5,2.49,93.96411092985318,91.47540983606557,93.96,91.03,49.59,99.51,12.07,32.46,0.0,0.0,16.97,34.42,0.0,6.85,5.22,17.46,19.9,51.39,Brown Bears
Kalu Anya,609.6,1132.0,0.28,95.2846975088968,95.0,95.28,96.35,50.8,101.87,11.39,33.01,0.0,0.0,17.62,32.65,0.0,7.47,5.16,15.75,22.24,50.27,Brown Bears
Aaron Cooley,279.6,520.5,-2.19,96.86888454011742,99.05660377358491,96.87,102.74,52.25,104.7,10.57,33.66,0.0,0.0,18.4,30.53,0.0,8.22,5.09,13.7,25.05,48.93,Brown Bears
Miles Latimer,159.8,337.5,14.13,100.8955223880597,86.76470588235294,100.9,88.06,51.64,91.64,11.34,27.46,0.0,0.0,7.46,37.61,0.0,7.16,9.25,15.82,18.21,45.07,Bryant Bulldogs
Rafael Pinzon,159.8,337.0,7.15,94.57831325301204,87.42690058479532,94.58,90.06,50.3,93.37,9.04,24.1,0.0,0.0,9.34,35.84,0.0,7.53,9.94,15.96,21.99,45.18,Bryant Bulldogs
Sherif Gross-Bullock,639.6,1353.0,5.61,92.03276247207744,86.42699926632429,92.03,87.71,49.66,96.2,8.49,26.43,0.0,0.0,10.5,36.41,0.0,8.19,7.82,14.3,19.21,46.91,Bryant Bulldogs
Tyler Brelsford,679.6,1443.5,4.69,91.62595952547103,86.93259972489685,91.63,88.21,49.83,96.23,8.3,26.17,0.0,0.0,10.4,35.87,0.0,8.16,7.68,14.17,19.4,46.27,Bryant Bulldogs
Earl Timberlake,519.8,1106.5,3.96,90.73569482288828,86.78057553956835,90.74,87.65,49.68,97.09,8.08,26.79,0.0,0.0,10.72,35.88,0.0,8.36,6.99,13.62,18.62,46.6,Bryant Bulldogs
Doug Edert,80.0,181.5,3.93,97.26775956284153,93.33333333333333,97.27,91.8,54.64,93.44,9.84,28.42,0.0,0.0,5.46,31.15,0.0,7.1,4.37,12.02,15.3,36.61,Bryant Bulldogs
Daniel Rivera,639.6,1352.5,3.85,90.44776119402985,86.5934065934066,90.45,88.21,49.33,96.64,7.91,25.6,0.0,0.0,10.97,35.97,0.0,8.28,7.99,14.33,20.15,46.94,Bryant Bulldogs
Connor Withers,519.8,1106.0,1.81,88.79781420765028,86.983842010772,88.8,88.25,49.27,97.63,7.38,25.77,0.0,0.0,11.29,35.34,0.0,8.47,7.19,13.66,19.76,46.63,Bryant Bulldogs
Alek Delev,40.0,66.0,11.04,84.05797101449275,73.01587301587301,84.06,66.67,47.83,104.35,7.25,39.13,0.0,0.0,20.29,36.23,0.0,7.25,8.7,15.94,14.49,56.52,Bucknell Bison
Josh Bascoe,240.0,449.0,7.23,94.39461883408072,87.16814159292035,94.39,88.34,50.9,98.43,10.99,32.29,0.0,0.0,13.23,35.65,0.0,8.52,4.71,14.8,23.77,48.88,Bucknell Bison
Noah Williamson,729.5,1318.0,6.83,93.50152905198776,86.67168674698796,93.5,88.0,48.55,97.48,12.23,33.79,0.0,0.0,12.84,35.17,0.0,9.02,4.28,15.37,24.01,48.01,Bucknell Bison
Elvin Edmonds IV,814.5,1468.5,6.58,92.04389574759945,85.4631507775524,92.04,86.69,48.01,97.87,11.8,34.09,0.0,0.0,13.24,35.6,0.0,8.64,4.87,15.36,23.73,48.84,Bucknell Bison
Jack Forrest,814.5,1468.5,6.58,92.04389574759945,85.4631507775524,92.04,86.69,48.01,97.87,11.8,34.09,0.0,0.0,13.24,35.6,0.0,8.64,4.87,15.36,23.73,48.84,Bucknell Bison
Josh Adoh,614.5,1085.5,6.53,90.56429232192414,84.03669724770643,90.56,84.74,46.81,98.06,11.84,35.15,0.0,0.0,13.69,35.62,0.0,8.6,5.18,15.63,23.13,49.31,Bucknell Bison
Ruot Bijiek,774.5,1402.5,6.42,92.44060475161987,86.01694915254238,92.44,87.69,48.02,97.55,12.02,33.84,0.0,0.0,12.89,35.57,0.0,8.71,4.68,15.33,24.19,48.46,Bucknell Bison
Ian Motta,45.0,84.5,-0.83,75.30864197530865,76.13636363636364,75.31,82.72,39.51,98.77,8.64,34.57,0.0,0.0,13.58,41.98,0.0,3.7,11.11,14.81,27.16,55.56,Bucknell Bison
Shawn Fulcher,359.3,714.5,-8.93,89.12429378531074,98.05825242718447,89.12,99.86,47.6,94.21,8.9,27.54,0.0,0.0,11.86,32.34,0.0,7.77,4.8,17.66,21.61,44.2,Buffalo Bulls
Jonnivius Smith,679.8,1313.5,-13.1,88.63287250384025,101.73584905660378,88.63,103.53,46.47,96.24,9.45,32.03,0.0,0.0,13.29,31.18,0.0,6.99,5.38,17.05,20.66,44.47,Buffalo Bulls
Isaiah Adams,719.3,1391.0,-13.31,88.40579710144928,101.71184022824535,88.41,103.33,46.59,96.16,9.35,31.59,0.0,0.0,13.55,31.45,0.0,7.25,5.36,17.39,20.51,45.0,Buffalo Bulls
Ryan Sabol,719.3,1391.0,-13.31,88.40579710144928,101.71184022824535,88.41,103.33,46.59,96.16,9.35,31.59,0.0,0.0,13.55,31.45,0.0,7.25,5.36,17.39,20.51,45.0,Buffalo Bulls
Sy Chatman,719.3,1391.0,-13.31,88.40579710144928,101.71184022824535,88.41,103.33,46.59,96.16,9.35,31.59,0.0,0.0,13.55,31.45,0.0,7.25,5.36,17.39,20.51,45.0,Buffalo Bulls
Zaakir Williamson,39.5,77.5,-16.68,84.61538461538461,101.29870129870129,84.62,100.0,48.72,94.87,7.69,24.36,0.0,0.0,17.95,35.9,0.0,11.54,5.13,23.08,17.95,53.85,Buffalo Bulls
Anquan Boldin Jr.,360.0,676.5,-17.93,87.64880952380952,105.58002936857562,87.65,106.99,45.54,98.21,9.82,35.86,0.0,0.0,15.33,30.51,0.0,6.7,5.95,17.11,19.35,45.84,Buffalo Bulls
Landon Moore,40.0,83.5,8.27,122.22222222222223,113.95348837209302,122.22,120.99,59.26,101.23,16.05,27.16,0.0,0.0,7.41,27.16,0.0,3.7,1.23,6.17,25.93,34.57,Butler Bulldogs
DJ Davis,855.0,1604.0,-2.74,95.70093457943926,98.44042420461633,95.7,98.32,50.65,99.63,10.78,30.65,0.0,0.0,13.64,32.9,0.0,8.04,3.8,14.02,19.07,46.54,Butler Bulldogs
Jahmyl Telfort,855.0,1604.0,-2.74,95.70093457943926,98.44042420461633,95.7,98.32,50.65,99.63,10.78,30.65,0.0,0.0,13.64,32.9,0.0,8.04,3.8,14.02,19.07,46.54,Butler Bulldogs
Jalen Thomas,855.0,1604.0,-2.74,95.70093457943926,98.44042420461633,95.7,98.32,50.65,99.63,10.78,30.65,0.0,0.0,13.64,32.9,0.0,8.04,3.8,14.02,19.07,46.54,Butler Bulldogs
Pierre Brooks,855.0,1604.0,-2.74,95.70093457943926,98.44042420461633,95.7,98.32,50.65,99.63,10.78,30.65,0.0,0.0,13.64,32.9,0.0,8.04,3.8,14.02,19.07,46.54,Butler Bulldogs
Posh Alexander,815.0,1520.5,-3.27,94.29133858267717,97.5609756097561,94.29,97.11,50.2,99.54,10.5,30.84,0.0,0.0,13.98,33.2,0.0,8.27,3.94,14.44,18.7,47.18,Butler Bulldogs
Paul Bizimana,80.0,147.5,-1.82,83.80281690140845,85.62091503267973,83.8,92.25,41.55,93.66,10.56,33.8,0.0,0.0,14.08,38.73,0.0,9.15,4.23,20.42,28.17,52.81,Cal Poly Mustangs
Joel Armotrading,120.0,223.5,-5.04,94.52054794520548,99.56140350877193,94.52,103.65,52.05,99.54,10.5,25.57,0.0,0.0,13.24,29.22,0.0,6.39,5.94,13.7,25.11,42.46,Cal Poly Mustangs
Isaac Spears,200.0,376.5,-10.54,83.01369863013699,93.55670103092784,83.01,99.45,43.29,96.99,9.86,27.12,0.0,0.0,14.52,31.51,0.0,6.3,5.21,17.53,25.75,46.03,Cal Poly Mustangs
Kobe Sanders,680.0,1293.0,-10.65,85.46739984289081,96.11576542269611,85.47,99.14,46.66,97.41,9.27,27.02,0.0,0.0,14.06,28.52,0.0,7.23,4.32,16.65,26.08,42.58,Cal Poly Mustangs
Justin Page,280.0,512.5,-11.55,92.88537549407114,104.43159922928709,92.89,107.11,50.0,98.02,10.28,26.48,0.0,0.0,11.26,28.26,0.0,3.75,5.14,13.24,24.7,39.52,Cal Poly Mustangs
Quentin Jones,800.0,1516.5,-13.21,84.125920964501,97.33766233766234,84.13,100.4,46.01,97.59,9.04,26.46,0.0,0.0,14.4,28.94,0.0,6.9,4.55,16.81,25.45,43.34,Cal Poly Mustangs
Jarred Hyder,520.0,998.0,-14.01,85.39553752535497,99.4059405940594,85.4,101.83,47.57,98.07,8.92,26.88,0.0,0.0,13.89,27.59,0.0,6.8,3.85,15.82,25.86,41.48,Cal Poly Mustangs
Aaron Price Jr.,440.0,851.0,-14.57,80.09535160905841,94.66975666280418,80.1,97.38,44.58,96.66,8.34,25.03,0.0,0.0,14.9,28.25,0.0,8.1,5.24,18.24,25.27,43.15,Cal Poly Mustangs
Tuukka Jaakkola,680.0,1293.0,-14.61,82.33908948194663,96.95121951219512,82.34,99.84,44.98,97.25,8.79,26.61,0.0,0.0,14.6,28.89,0.0,6.99,4.32,17.35,25.51,43.49,Cal Poly Mustangs
Hayden Jory,40.0,78.0,-22.45,82.43243243243244,104.8780487804878,82.43,116.22,43.24,91.89,9.46,27.03,0.0,0.0,12.16,35.14,0.0,2.7,4.05,20.27,25.68,47.3,Cal Poly Mustangs
Aidan Prukop,120.0,217.5,-23.38,74.31192660550458,97.6958525345622,74.31,97.25,41.74,100.46,6.88,22.02,0.0,0.0,20.64,29.82,0.0,8.72,5.5,20.18,21.56,50.46,Cal Poly Mustangs
Cole Haller,40.0,75.5,-39.56,67.10526315789474,106.66666666666667,67.11,105.26,40.79,109.21,5.26,22.37,0.0,0.0,26.32,26.32,0.0,7.89,1.32,17.11,21.05,52.64,Cal Poly Mustangs
Tom Mark,610.0,1163.5,5.71,88.94736842105263,83.23504633529907,88.95,86.67,51.32,100.53,5.88,18.6,0.0,0.0,16.93,31.14,0.0,9.82,4.56,16.4,27.11,48.07,Cal State Bakersfield Roadrunners
Corey Stephenson,735.0,1403.5,4.59,89.05908096280088,84.4707520891365,89.06,88.48,51.13,100.15,6.35,19.26,0.0,0.0,16.92,30.85,0.0,9.26,4.89,16.78,28.08,47.77,Cal State Bakersfield Roadrunners
Marvin McGhee III,775.0,1479.5,2.09,87.71566597653553,85.62913907284768,87.72,89.23,50.59,100.48,6.07,19.12,0.0,0.0,16.91,30.23,0.0,9.11,4.9,16.43,27.54,47.14,Cal State Bakersfield Roadrunners
Fidelis Okereke,855.0,1631.5,2.05,88.33124215809285,86.27920910724986,88.33,90.34,50.56,100.13,6.34,19.32,0.0,0.0,16.69,30.24,0.0,8.97,4.83,16.56,27.85,46.93,Cal State Bakersfield Roadrunners
Kaleb Higgins,855.0,1631.5,2.05,88.33124215809285,86.27920910724986,88.33,90.34,50.56,100.13,6.34,19.32,0.0,0.0,16.69,30.24,0.0,8.97,4.83,16.56,27.85,46.93,Cal State Bakersfield Roadrunners
Jaden Alexander,40.0,73.5,-2.08,94.11764705882352,96.20253164556962,94.12,111.76,47.06,97.06,10.29,22.06,0.0,0.0,22.06,36.76,0.0,5.88,5.88,25.0,32.35,58.82,Cal State Bakersfield Roadrunners
Modestas Kancleris,245.0,468.0,-6.99,86.78414096916299,93.7759336099585,86.78,99.56,48.68,99.12,7.49,21.15,0.0,0.0,16.08,27.97,0.0,6.83,5.51,16.96,29.74,44.05,Cal State Bakersfield Roadrunners
Cameron Wilbon,160.0,306.5,-8.54,86.66666666666667,95.2076677316294,86.67,99.33,48.67,99.0,6.67,20.0,0.0,0.0,13.33,26.0,0.0,7.67,4.0,14.33,27.33,39.33,Cal State Bakersfield Roadrunners
Jalen Cooper,160.0,287.0,7.42,96.80851063829788,89.38356164383562,96.81,92.55,49.65,98.58,12.41,32.27,0.0,0.0,12.06,39.01,0.0,7.09,5.32,13.48,22.7,51.07,Cal State Fullerton Titans
Kendrick De Luna,280.0,541.5,0.43,90.70631970260223,90.27522935779817,90.71,91.45,49.26,98.88,9.67,27.51,0.0,0.0,13.01,34.39,0.0,9.29,5.39,14.13,23.05,47.4,Cal State Fullerton Titans
Antwan Robinson,280.0,533.5,0.36,93.15589353612167,92.79112754158965,93.16,95.44,49.05,97.53,10.65,28.9,0.0,0.0,11.41,35.17,0.0,7.6,4.56,13.88,23.38,46.58,Cal State Fullerton Titans
John Mikey Square,805.0,1551.0,-3.34,86.9201030927835,90.25806451612904,86.92,90.14,48.84,96.59,8.89,26.1,0.0,0.0,11.34,31.25,0.0,8.76,3.8,14.76,24.1,42.59,Cal State Fullerton Titans
Tory San Antonio,805.0,1551.0,-3.34,86.9201030927835,90.25806451612904,86.92,90.14,48.84,96.59,8.89,26.1,0.0,0.0,11.34,31.25,0.0,8.76,3.8,14.76,24.1,42.59,Cal State Fullerton Titans
DJ Brewton,645.0,1250.0,-4.52,86.0223642172524,90.5448717948718,86.02,90.26,48.88,97.2,8.39,25.8,0.0,0.0,11.5,30.11,0.0,8.71,3.35,14.3,24.52,41.61,Cal State Fullerton Titans
Max Jones,400.0,802.5,-4.53,82.67326732673267,87.20200752823087,82.67,86.01,48.39,95.54,8.29,25.25,0.0,0.0,11.14,29.95,0.0,10.15,3.59,15.59,24.01,41.09,Cal State Fullerton Titans
Vincent Lee,445.0,852.0,-5.55,83.64269141531324,89.19239904988123,83.64,87.12,49.07,94.32,8.0,24.36,0.0,0.0,10.09,29.23,0.0,8.35,3.25,15.78,24.25,39.32,Cal State Fullerton Titans
Grayson Carper,205.0,386.5,-10.01,85.05154639175258,95.06493506493506,85.05,94.33,47.68,95.88,7.73,22.42,0.0,0.0,11.08,26.8,0.0,9.02,2.58,15.21,26.03,37.88,Cal State Fullerton Titans
Jordan Brinson,80.0,178.5,17.96,95.42857142857143,77.47252747252747,95.43,80.57,57.14,102.86,5.14,15.43,0.0,0.0,21.71,34.29,0.0,9.14,2.86,18.86,26.29,56.0,Cal State Northridge Matadors
Jasman Sangha,284.6,597.5,1.42,90.67796610169492,89.25619834710744,90.68,91.53,52.2,102.37,5.76,18.81,0.0,0.0,18.14,32.71,0.0,8.98,3.05,15.76,26.95,50.85,Cal State Northridge Matadors
Mahmoud Fofana,359.7,728.0,-1.21,89.08839779005525,90.30054644808743,89.09,91.3,50.69,99.31,5.8,20.3,0.0,0.0,16.16,33.29,0.0,8.43,3.04,16.85,24.59,49.45,Cal State Northridge Matadors
De'Sean Allen-Eikens,884.1,1805.0,-3.37,88.1403118040089,91.51047409040794,88.14,92.43,50.67,100.17,5.73,19.04,0.0,0.0,16.93,33.24,0.0,8.24,3.9,16.76,25.45,50.17,Cal State Northridge Matadors
Dionte Bostick,884.1,1805.0,-3.37,88.1403118040089,91.51047409040794,88.14,92.43,50.67,100.17,5.73,19.04,0.0,0.0,16.93,33.24,0.0,8.24,3.9,16.76,25.45,50.17,Cal State Northridge Matadors
Keonte Jones,884.1,1805.0,-3.37,88.1403118040089,91.51047409040794,88.14,92.43,50.67,100.17,5.73,19.04,0.0,0.0,16.93,33.24,0.0,8.24,3.9,16.76,25.45,50.17,Cal State Northridge Matadors
Gianni Hunt,804.1,1626.5,-5.72,87.35348550277607,93.07598039215686,87.35,93.71,49.97,99.88,5.8,19.43,0.0,0.0,16.41,33.13,0.0,8.14,4.01,16.53,25.35,49.54,Cal State Northridge Matadors
Dearon Tucker,239.8,479.5,-12.62,83.60995850622407,96.22641509433963,83.61,95.23,48.76,98.76,5.6,17.43,0.0,0.0,16.6,33.82,0.0,7.05,6.22,17.84,24.9,50.42,Cal State Northridge Matadors
Dominique Daniels Jr.,400.0,734.5,7.91,94.6938775510204,86.78474114441417,94.69,86.67,51.29,106.39,10.48,30.48,0.0,0.0,21.5,32.65,0.0,6.53,4.35,15.1,22.04,54.15,California Baptist Lancers
Brantly Stevenson,765.0,1395.5,0.46,91.0192444761226,90.56195965417866,91.02,89.59,50.11,104.56,9.55,28.58,0.0,0.0,20.24,33.93,0.0,5.2,4.13,15.68,22.17,54.17,California Baptist Lancers
Hunter Goodrick,890.0,1607.5,-1.48,91.20743034055727,92.6875,91.21,91.83,50.15,103.72,9.41,27.99,0.0,0.0,19.69,33.81,0.0,5.26,3.9,15.98,22.17,53.5,California Baptist Lancers
Yvan Ouedraogo,890.0,1607.5,-1.48,91.20743034055727,92.6875,91.21,91.83,50.15,103.72,9.41,27.99,0.0,0.0,19.69,33.81,0.0,5.26,3.9,15.98,22.17,53.5,California Baptist Lancers
Blondeau Tchoukuiegno,850.0,1528.0,-1.86,90.56603773584906,92.42922975641869,90.57,91.35,50.1,103.9,8.91,27.46,0.0,0.0,19.78,34.09,0.0,5.2,4.03,15.88,22.12,53.87,California Baptist Lancers
Scotty Washington,530.0,952.5,-8.12,89.56158663883089,97.67687434002113,89.56,96.56,49.37,101.36,9.39,26.93,0.0,0.0,18.16,34.24,0.0,4.38,3.34,16.81,22.34,52.4,California Baptist Lancers
Chris Chiles,125.0,212.0,-14.15,92.45283018867924,106.60377358490567,92.45,106.6,50.47,98.11,8.49,24.06,0.0,0.0,16.04,33.02,0.0,5.66,2.36,17.92,22.17,49.06,California Baptist Lancers
Fardaws Aimaq,855.0,1697.5,-4.17,90.47051816557475,94.63869463869464,90.47,96.72,48.18,100.42,10.84,32.52,0.0,0.0,13.76,34.19,0.0,7.98,3.04,13.34,21.2,47.95,California Golden Bears
Jalen Celestine,855.0,1697.5,-4.17,90.47051816557475,94.63869463869464,90.47,96.72,48.18,100.42,10.84,32.52,0.0,0.0,13.76,34.19,0.0,7.98,3.04,13.34,21.2,47.95,California Golden Bears
Jalen Cone,855.0,1697.5,-4.17,90.47051816557475,94.63869463869464,90.47,96.72,48.18,100.42,10.84,32.52,0.0,0.0,13.76,34.19,0.0,7.98,3.04,13.34,21.2,47.95,California Golden Bears
Jaylon Tyson,855.0,1697.5,-4.17,90.47051816557475,94.63869463869464,90.47,96.72,48.18,100.42,10.84,32.52,0.0,0.0,13.76,34.19,0.0,7.98,3.04,13.34,21.2,47.95,California Golden Bears
Keonte Kennedy,855.0,1697.5,-4.17,90.47051816557475,94.63869463869464,90.47,96.72,48.18,100.42,10.84,32.52,0.0,0.0,13.76,34.19,0.0,7.98,3.04,13.34,21.2,47.95,California Golden Bears
Alex Kotov,40.0,67.0,2.99,95.52238805970148,92.53731343283582,95.52,92.54,43.28,98.51,16.42,44.78,0.0,0.0,7.46,44.78,0.0,4.48,0.0,8.96,16.42,52.24,Campbell Fighting Camels
Elijah Walsh,690.0,1292.0,-6.97,96.91358024691358,103.88198757763976,96.91,103.24,51.47,96.84,10.34,28.47,0.0,0.0,12.58,33.1,0.0,8.02,2.78,15.74,20.22,45.68,Campbell Fighting Camels
Anthony Dell'Orso,770.0,1429.5,-7.35,96.30662020905923,103.65168539325842,96.31,102.86,51.01,97.07,10.66,29.41,0.0,0.0,12.4,33.31,0.0,7.87,2.79,15.33,20.0,45.71,Campbell Fighting Camels
Gediminas Mokseckas,770.0,1429.5,-7.35,96.30662020905923,103.65168539325842,96.31,102.86,51.01,97.07,10.66,29.41,0.0,0.0,12.4,33.31,0.0,7.87,2.79,15.33,20.0,45.71,Campbell Fighting Camels
Jasin Sinani,770.0,1429.5,-7.35,96.30662020905923,103.65168539325842,96.31,102.86,51.01,97.07,10.66,29.41,0.0,0.0,12.4,33.31,0.0,7.87,2.79,15.33,20.0,45.71,Campbell Fighting Camels
Laurynas Vaistaras,770.0,1429.5,-7.35,96.30662020905923,103.65168539325842,96.31,102.86,51.01,97.07,10.66,29.41,0.0,0.0,12.4,33.31,0.0,7.87,2.79,15.33,20.0,45.71,Campbell Fighting Camels
Colby Duggan,40.0,70.5,-24.03,86.11111111111111,110.14492753623189,86.11,105.56,50.0,100.0,11.11,31.94,0.0,0.0,13.89,26.39,0.0,8.33,5.56,13.89,19.44,40.28,Campbell Fighting Camels
TJ Gadsden,484.6,883.0,1.59,92.93044469783352,91.33858267716536,92.93,92.59,48.46,101.82,9.92,28.96,0.0,0.0,18.7,33.3,0.0,7.87,4.22,16.88,21.66,52.0,Canisius Golden Griffins
Devean Williams,404.2,707.5,0.34,93.24712643678161,92.90681502086231,93.25,95.98,46.7,101.58,9.63,30.03,0.0,0.0,19.97,34.63,0.0,8.19,5.75,18.39,21.98,54.6,Canisius Golden Griffins
Bryce Okpoh,165.0,288.5,-2.95,92.95774647887323,95.90443686006826,92.96,98.94,46.13,104.93,8.1,31.34,0.0,0.0,24.65,35.21,0.0,10.21,7.39,19.72,19.72,59.86,Canisius Golden Griffins
Tre Dinkins,889.0,1629.5,-4.53,90.02463054187191,94.5565749235474,90.02,95.2,47.41,101.97,8.68,28.08,0.0,0.0,20.01,32.94,0.0,7.94,4.68,18.04,20.87,52.95,Canisius Golden Griffins
Frank Mitchell,849.6,1551.5,-4.89,89.97412677878395,94.86191393705845,89.97,95.54,47.48,102.39,8.47,28.07,0.0,0.0,20.12,32.79,0.0,8.02,4.46,17.72,20.96,52.91,Canisius Golden Griffins
Siem Uijtendaal,484.0,921.0,-7.23,88.96103896103897,96.18736383442265,88.96,95.56,47.73,101.95,8.77,27.81,0.0,0.0,19.81,31.06,0.0,7.68,3.9,17.86,20.35,50.87,Canisius Golden Griffins
Youri Fritz,524.0,1000.0,-7.4,87.8727634194831,95.27162977867204,87.87,94.14,47.81,101.59,8.35,26.74,0.0,0.0,19.88,32.01,0.0,7.65,4.27,18.29,19.98,51.89,Canisius Golden Griffins
Cam Palesse,644.2,1166.5,-7.42,87.9621668099742,95.38461538461539,87.96,95.96,46.69,101.38,7.82,26.83,0.0,0.0,20.03,33.62,0.0,7.65,4.99,18.66,20.98,53.65,Canisius Golden Griffins
Javion Guy-King,240.0,462.5,-8.3,90.6318082788671,98.92703862660944,90.63,100.44,47.93,98.26,9.8,28.1,0.0,0.0,14.38,35.51,0.0,7.41,3.92,16.12,21.13,49.89,Central Arkansas Bears
Elias Cato,405.0,791.0,-8.43,90.06369426751593,98.49435382685068,90.06,100.0,48.66,99.62,9.3,28.54,0.0,0.0,14.39,33.5,0.0,7.64,4.2,14.78,21.02,47.89,Central Arkansas Bears
Ibbe Klintman,165.0,328.5,-8.62,89.2638036809816,97.88519637462235,89.26,99.39,49.69,101.53,8.59,29.14,0.0,0.0,14.42,30.67,0.0,7.98,4.6,12.88,20.86,45.09,Central Arkansas Bears
UbongAbasi Etim,525.0,1034.5,-10.35,89.55512572533848,99.90338164251207,89.56,100.0,48.16,97.97,9.77,27.37,0.0,0.0,13.15,33.17,0.0,7.45,3.97,15.18,20.89,46.32,Central Arkansas Bears
Masai Olowokere,645.0,1278.5,-10.39,90.234375,100.62646828504307,90.23,100.39,49.14,98.59,9.45,27.42,0.0,0.0,13.36,32.34,0.0,7.27,4.06,14.77,20.62,45.7,Central Arkansas Bears
Tucker Anderson,645.0,1278.5,-10.39,90.234375,100.62646828504307,90.23,100.39,49.14,98.59,9.45,27.42,0.0,0.0,13.36,32.34,0.0,7.27,4.06,14.77,20.62,45.7,Central Arkansas Bears
Daniel Sofield,120.0,244.0,-10.63,93.08943089430895,103.71900826446281,93.09,102.03,53.25,101.22,8.13,27.64,0.0,0.0,14.23,28.86,0.0,6.5,4.47,13.01,19.51,43.09,Central Arkansas Bears
Carl Daughtery Jr.,240.0,487.5,-13.66,90.5050505050505,104.16666666666667,90.51,101.01,49.9,96.97,9.7,25.66,0.0,0.0,11.72,30.51,0.0,6.67,3.84,14.75,20.0,42.23,Central Arkansas Bears
Johannes Kirsipuu,240.0,487.5,-13.66,90.5050505050505,104.16666666666667,90.51,101.01,49.9,96.97,9.7,25.66,0.0,0.0,11.72,30.51,0.0,6.67,3.84,14.75,20.0,42.23,Central Arkansas Bears
Davonte Sweatman,120.0,226.0,10.84,96.94323144104804,86.09865470852019,96.94,83.84,54.59,103.06,8.3,29.26,0.0,0.0,17.9,36.24,0.0,10.48,6.55,14.85,20.09,54.14,Central Connecticut Blue Devils
Allan Jeanne-Rose,689.8,1274.5,6.1,93.56089992242048,87.46031746031746,93.56,85.49,51.36,100.54,9.0,28.24,0.0,0.0,14.97,36.0,0.0,9.54,6.28,14.43,17.53,50.97,Central Connecticut Blue Devils
Jayden Brown,729.8,1352.0,5.89,93.63103953147876,87.74289985052317,93.63,85.94,51.61,100.44,9.0,28.04,0.0,0.0,15.08,36.09,0.0,9.37,6.22,14.64,17.79,51.17,Central Connecticut Blue Devils
Jordan Jones,729.8,1352.0,5.89,93.63103953147876,87.74289985052317,93.63,85.94,51.61,100.44,9.0,28.04,0.0,0.0,15.08,36.09,0.0,9.37,6.22,14.64,17.79,51.17,Central Connecticut Blue Devils
Kellen Amos,729.8,1352.0,5.89,93.63103953147876,87.74289985052317,93.63,85.94,51.61,100.44,9.0,28.04,0.0,0.0,15.08,36.09,0.0,9.37,6.22,14.64,17.79,51.17,Central Connecticut Blue Devils
Tre Breland,649.8,1203.5,4.73,93.08072487644151,88.34870075440067,93.08,86.82,51.32,99.84,9.14,27.59,0.0,0.0,14.66,36.16,0.0,8.98,6.1,14.83,17.63,50.82,Central Connecticut Blue Devils
Hunter Harding,85.0,154.0,6.29,85.8974358974359,79.60526315789474,85.9,77.56,46.15,114.1,9.62,33.33,0.0,0.0,25.64,36.54,0.0,6.41,7.69,11.54,20.51,62.18,Central Michigan Chippewas
Markus Harding,619.9,1146.5,4.29,89.69162995594714,85.40587219343696,89.69,87.14,48.19,98.77,8.72,28.02,0.0,0.0,12.95,35.77,0.0,7.93,4.41,14.19,22.82,48.72,Central Michigan Chippewas
Cayden Vasko,754.6,1378.5,4.24,88.47283406754772,84.22939068100358,88.47,86.27,47.8,100.44,8.3,28.12,0.0,0.0,14.24,37.59,0.0,7.34,5.29,13.8,22.61,51.83,Central Michigan Chippewas
Anthony Pritchard,659.6,1212.5,3.32,88.43594009983362,85.11856091578088,88.44,86.61,47.92,99.58,8.32,28.2,0.0,0.0,13.06,36.36,0.0,7.82,4.83,13.48,22.96,49.42,Central Michigan Chippewas
Brian Taylor,794.6,1454.0,3.31,88.6726893676164,85.3641933287951,88.67,87.14,47.74,100.28,8.55,28.35,0.0,0.0,14.32,36.9,0.0,7.37,5.21,14.04,22.59,51.22,Central Michigan Chippewas
Derrick Butler,794.6,1454.0,3.31,88.6726893676164,85.3641933287951,88.67,87.14,47.74,100.28,8.55,28.35,0.0,0.0,14.32,36.9,0.0,7.37,5.21,14.04,22.59,51.22,Central Michigan Chippewas
Paul McMillan IV,135.0,241.5,3.29,89.87341772151899,86.58536585365853,89.87,89.87,46.84,103.8,9.7,29.11,0.0,0.0,20.68,39.66,0.0,5.06,7.17,16.88,20.68,60.34,Central Michigan Chippewas
KJ Oduor,89.7,153.5,-6.78,83.78378378378379,90.56603773584906,83.78,97.3,45.95,97.3,6.08,25.68,0.0,0.0,12.84,45.95,0.0,4.05,8.78,15.54,22.97,58.79,Central Michigan Chippewas
Aidan Rubio,40.0,75.5,-14.55,92.20779220779221,106.75675675675676,92.21,102.6,46.75,97.4,12.99,32.47,0.0,0.0,15.58,24.68,0.0,7.79,3.9,18.18,22.08,40.26,Central Michigan Chippewas
Kobe Rodgers,325.0,597.5,19.07,106.53266331658291,87.45819397993311,106.53,87.6,53.27,103.35,14.74,35.85,0.0,0.0,16.42,34.84,0.0,11.39,5.19,13.07,20.44,51.26,Charleston Cougars
Ante Brzovic,845.0,1585.0,14.52,108.41772151898735,93.8993710691824,108.42,94.49,54.43,106.71,14.68,39.68,0.0,0.0,18.92,35.76,0.0,7.78,3.86,12.22,20.44,54.68,Charleston Cougars
Ben Burnham,845.0,1585.0,14.52,108.41772151898735,93.8993710691824,108.42,94.49,54.43,106.71,14.68,39.68,0.0,0.0,18.92,35.76,0.0,7.78,3.86,12.22,20.44,54.68,Charleston Cougars
Frankie Policelli,845.0,1585.0,14.52,108.41772151898735,93.8993710691824,108.42,94.49,54.43,106.71,14.68,39.68,0.0,0.0,18.92,35.76,0.0,7.78,3.86,12.22,20.44,54.68,Charleston Cougars
Reyne Smith,845.0,1585.0,14.52,108.41772151898735,93.8993710691824,108.42,94.49,54.43,106.71,14.68,39.68,0.0,0.0,18.92,35.76,0.0,7.78,3.86,12.22,20.44,54.68,Charleston Cougars
CJ Fulton,520.0,987.5,11.78,109.56256358087488,97.78225806451613,109.56,98.68,55.14,108.75,14.65,42.01,0.0,0.0,20.45,36.32,0.0,5.6,3.05,11.7,20.45,56.77,Charleston Cougars
Jaiden Thompson,80.0,155.5,-5.7,84.86842105263158,90.56603773584906,84.87,94.74,44.74,93.42,6.58,23.68,0.0,0.0,16.45,34.87,0.0,9.21,6.58,23.03,27.63,51.32,Charleston Southern Buccaneers
RJ Johnson,559.0,1052.5,-5.74,87.80952380952381,93.55450236966824,87.81,94.0,48.67,101.14,8.76,27.71,0.0,0.0,16.86,35.24,0.0,4.67,3.62,15.71,22.95,52.1,Charleston Southern Buccaneers
Kalib Clinton,199.3,382.0,-6.42,89.24731182795699,95.66326530612244,89.25,100.81,48.12,101.88,6.99,23.92,0.0,0.0,18.01,35.75,0.0,5.38,4.57,16.13,26.08,53.76,Charleston Southern Buccaneers
Taje' Kelly,639.2,1213.0,-6.87,86.81592039800995,93.68852459016394,86.82,94.78,48.01,101.41,8.54,27.69,0.0,0.0,17.91,34.99,0.0,5.22,3.9,16.5,23.55,52.9,Charleston Southern Buccaneers
A'lahn Sumler,559.2,1057.5,-7.06,87.09677419354838,94.1564561734213,87.1,94.78,48.48,102.56,8.82,28.27,0.0,0.0,18.12,35.01,0.0,4.65,3.51,15.56,22.96,53.13,Charleston Southern Buccaneers
Reginald Duhart Jr.,678.5,1286.5,-7.58,86.47380766223613,94.04945904173107,86.47,95.15,47.69,101.09,8.52,27.83,0.0,0.0,17.28,35.03,0.0,5.24,3.83,16.18,23.46,52.31,Charleston Southern Buccaneers
DJ Patrick,438.6,833.5,-7.72,85.45673076923077,93.17365269461078,85.46,93.51,47.12,100.48,9.98,30.41,0.0,0.0,15.87,35.58,0.0,4.93,3.61,15.38,23.92,51.45,Charleston Southern Buccaneers
Quentin Bolton Jr.,159.4,303.0,-11.85,82.6086956521739,94.46254071661238,82.61,96.99,44.48,100.0,7.02,26.42,0.0,0.0,18.39,34.11,0.0,7.36,4.35,18.39,22.41,52.5,Charleston Southern Buccaneers
Nobal Days,79.3,149.0,-25.26,78.1456953642384,103.4013605442177,78.15,100.66,44.37,99.34,5.3,29.14,0.0,0.0,13.91,31.13,0.0,6.62,2.65,14.57,18.54,45.04,Charleston Southern Buccaneers
Isaiah Folkes,685.0,1210.5,1.36,96.41693811074919,95.0544844928751,96.42,92.35,54.4,101.63,9.12,28.75,0.0,0.0,14.9,33.06,0.0,6.84,4.64,13.27,21.66,47.96,Charlotte 49ers
Lu'Cye Patterson,725.0,1279.0,0.14,95.37750385208012,95.23809523809523,95.38,92.45,53.78,101.69,9.09,28.74,0.0,0.0,15.1,32.97,0.0,6.86,4.62,13.41,21.49,48.07,Charlotte 49ers
Dishon Jackson,765.0,1351.5,-0.16,95.33187454412837,95.4954954954955,95.33,92.78,53.83,101.46,9.04,28.59,0.0,0.0,14.95,33.11,0.0,6.56,4.67,13.49,21.88,48.06,Charlotte 49ers
Igor Milicic Jr.,765.0,1351.5,-0.16,95.33187454412837,95.4954954954955,95.33,92.78,53.83,101.46,9.04,28.59,0.0,0.0,14.95,33.11,0.0,6.56,4.67,13.49,21.88,48.06,Charlotte 49ers
Nik Graves,765.0,1351.5,-0.16,95.33187454412837,95.4954954954955,95.33,92.78,53.83,101.46,9.04,28.59,0.0,0.0,14.95,33.11,0.0,6.56,4.67,13.49,21.88,48.06,Charlotte 49ers
Dean Reiber,40.0,72.5,-5.48,94.52054794520548,100.0,94.52,98.63,54.79,97.26,8.22,26.03,0.0,0.0,12.33,35.62,0.0,1.37,5.48,15.07,28.77,47.95,Charlotte 49ers
Robert Braswell IV,40.0,72.5,-5.48,94.52054794520548,100.0,94.52,98.63,54.79,97.26,8.22,26.03,0.0,0.0,12.33,35.62,0.0,1.37,5.48,15.07,28.77,47.95,Charlotte 49ers
Jackson Threadgill,40.0,68.5,-21.36,77.14285714285715,98.50746268656717,77.14,94.29,42.86,102.86,8.57,28.57,0.0,0.0,18.57,31.43,0.0,7.14,4.29,15.71,18.57,50.0,Charlotte 49ers
Noah Melson,120.0,233.0,18.03,108.89830508474576,90.8695652173913,108.9,88.56,55.51,100.85,13.98,36.86,0.0,0.0,15.68,35.59,0.0,10.59,5.51,14.83,19.07,51.27,Chattanooga Mocs
Myles Che,240.0,433.0,8.57,106.49651972157773,97.93103448275862,106.5,98.84,53.13,96.75,14.39,38.28,0.0,0.0,14.39,36.43,0.0,8.58,3.94,17.63,21.58,50.82,Chattanooga Mocs
Trey Bonham,685.0,1289.5,7.7,102.90964777947933,95.20816967792615,102.91,92.8,53.91,98.09,13.4,36.06,0.0,0.0,13.63,35.53,0.0,8.96,4.82,15.54,19.75,49.16,Chattanooga Mocs
Sam Alexis,765.0,1428.0,7.51,102.97783933518005,95.46742209631728,102.98,93.35,53.46,98.13,13.78,36.98,0.0,0.0,14.13,35.8,0.0,8.73,4.64,16.0,19.94,49.93,Chattanooga Mocs
Tyler Millin,765.0,1417.0,7.14,102.92887029288703,95.78571428571429,102.93,93.51,53.49,99.09,13.81,37.24,0.0,0.0,14.16,35.56,0.0,8.51,4.74,15.06,19.94,49.72,Chattanooga Mocs
Honor Huff,805.0,1497.5,5.69,102.3102310231023,96.62162162162163,102.31,94.39,53.14,98.61,13.8,37.29,0.0,0.0,14.26,35.45,0.0,8.38,4.55,15.64,19.8,49.71,Chattanooga Mocs
Randy Brady,445.0,831.0,2.61,99.29245283018868,96.68304668304668,99.29,92.81,52.48,98.47,14.15,37.26,0.0,0.0,14.39,35.61,0.0,6.96,4.25,15.92,19.34,50.0,Chattanooga Mocs
Demetrius Davis,160.0,289.0,-15.58,93.79310344827586,109.375,93.79,108.62,47.93,100.0,13.45,42.07,0.0,0.0,15.86,32.41,0.0,7.24,3.45,15.86,18.62,48.27,Chattanooga Mocs
Jan Zidek,40.0,69.5,-31.86,88.73239436619718,120.58823529411764,88.73,115.49,46.48,108.45,14.08,43.66,0.0,0.0,16.9,28.17,0.0,1.41,2.82,8.45,16.9,45.07,Chattanooga Mocs
Ody Oguama,40.0,70.0,48.42,129.5774647887324,81.15942028985508,129.58,78.87,67.61,108.45,11.27,38.03,0.0,0.0,21.13,36.62,0.0,14.08,7.04,12.68,21.13,57.75,Cincinnati Bearcats
Aziz Bandaogo,725.0,1363.0,2.28,92.4962852897474,90.21739130434783,92.5,92.5,49.63,101.86,9.29,30.39,0.0,0.0,18.87,31.58,0.0,9.29,6.17,17.01,21.47,50.45,Cincinnati Bearcats
Day Day Thomas,850.0,1603.0,2.1,91.51477058453803,89.41176470588236,91.51,90.76,49.28,100.82,8.86,28.98,0.0,0.0,17.98,31.8,0.0,9.3,5.78,17.16,21.06,49.78,Cincinnati Bearcats
John Newman III,850.0,1603.0,2.1,91.51477058453803,89.41176470588236,91.51,90.76,49.28,100.82,8.86,28.98,0.0,0.0,17.98,31.8,0.0,9.3,5.78,17.16,21.06,49.78,Cincinnati Bearcats
Simas Lukosius,850.0,1603.0,2.1,91.51477058453803,89.41176470588236,91.51,90.76,49.28,100.82,8.86,28.98,0.0,0.0,17.98,31.8,0.0,9.3,5.78,17.16,21.06,49.78,Cincinnati Bearcats
Dan Skillings Jr.,490.0,935.0,0.79,88.79310344827587,88.00424628450106,88.79,89.33,48.28,99.35,8.3,27.69,0.0,0.0,16.59,32.33,0.0,9.27,5.06,17.24,20.37,48.92,Cincinnati Bearcats
Viktor Lakhin,445.0,838.0,-0.62,89.72520908004779,90.3456495828367,89.73,90.56,48.27,100.12,8.6,27.36,0.0,0.0,17.8,31.18,0.0,8.96,5.85,17.68,21.15,48.98,Cincinnati Bearcats
Jack Clark,399.1,756.0,7.01,98.28042328042328,91.26984126984127,98.28,91.27,53.04,96.3,11.9,31.35,0.0,0.0,10.05,35.85,0.0,5.69,4.1,13.76,19.84,45.9,Clemson Tigers
Chase Hunter,849.1,1606.5,0.97,95.6575682382134,94.69081823860087,95.66,94.04,53.29,99.01,10.17,30.52,0.0,0.0,11.85,34.31,0.0,5.65,4.22,12.84,20.22,46.16,Clemson Tigers
Ian Schieffelin,849.1,1606.5,0.97,95.6575682382134,94.69081823860087,95.66,94.04,53.29,99.01,10.17,30.52,0.0,0.0,11.85,34.31,0.0,5.65,4.22,12.84,20.22,46.16,Clemson Tigers
Joseph Girard III,849.1,1606.5,0.97,95.6575682382134,94.69081823860087,95.66,94.04,53.29,99.01,10.17,30.52,0.0,0.0,11.85,34.31,0.0,5.65,4.22,12.84,20.22,46.16,Clemson Tigers
PJ Hall,849.1,1606.5,0.97,95.6575682382134,94.69081823860087,95.66,94.04,53.29,99.01,10.17,30.52,0.0,0.0,11.85,34.31,0.0,5.65,4.22,12.84,20.22,46.16,Clemson Tigers
Chauncey Wiggins,400.0,760.0,-2.76,93.6842105263158,96.44736842105263,93.68,96.45,52.63,100.0,9.21,30.66,0.0,0.0,12.24,34.08,0.0,5.66,4.34,12.24,21.18,46.32,Clemson Tigers
Dillon Hunter,50.0,90.5,-18.79,90.625,109.41176470588236,90.62,96.88,60.42,112.5,4.17,22.92,0.0,0.0,22.92,23.96,0.0,5.21,4.17,10.42,15.62,46.88,Clemson Tigers
Chase Robinson,120.0,210.5,6.24,104.39024390243902,98.14814814814815,104.39,103.41,54.15,105.37,9.27,28.29,0.0,0.0,17.07,29.76,0.0,6.83,7.8,11.71,25.85,46.83,Cleveland State Vikings
Jayson Woodrich,650.0,1283.0,3.22,97.1764705882353,93.95817195972114,97.18,95.14,53.33,104.0,7.69,24.63,0.0,0.0,16.39,28.55,0.0,9.33,4.31,12.39,22.98,44.94,Cleveland State Vikings
Dylan Arnett,890.0,1724.5,1.8,97.36842105263158,95.57216791259344,97.37,97.19,52.81,104.15,8.13,25.38,0.0,0.0,16.84,28.36,0.0,9.24,4.62,12.69,23.45,45.2,Cleveland State Vikings
Tae Williams,890.0,1724.5,1.8,97.36842105263158,95.57216791259344,97.37,97.19,52.81,104.15,8.13,25.38,0.0,0.0,16.84,28.36,0.0,9.24,4.62,12.69,23.45,45.2,Cleveland State Vikings
Drew Lowder,770.0,1514.0,1.21,96.41196013289036,95.20682862770848,96.41,96.35,52.62,103.99,7.97,24.98,0.0,0.0,16.81,28.17,0.0,9.57,4.19,12.82,23.12,44.98,Cleveland State Vikings
Tristan Enaruna,850.0,1648.0,1.21,96.93815064298836,95.7306073361395,96.94,97.49,52.54,103.74,8.02,25.6,0.0,0.0,16.53,28.05,0.0,9.37,4.72,12.8,23.58,44.58,Cleveland State Vikings
Tevin Smith,280.0,518.0,0.17,99.21875,99.04580152671755,99.22,101.37,52.34,105.86,9.57,26.56,0.0,0.0,18.95,28.91,0.0,8.59,5.08,13.09,24.22,47.86,Cleveland State Vikings
Jimmy Nichols,120.0,240.0,-2.92,88.75,91.66666666666666,88.75,91.67,51.25,99.58,4.17,15.42,0.0,0.0,17.5,35.42,0.0,7.08,4.58,17.92,22.5,52.92,Coastal Carolina Chanticleers
Kylan Blackmon,680.0,1344.5,-8.68,86.12975391498881,94.80712166172107,86.13,95.3,48.32,96.87,7.31,22.52,0.0,0.0,14.77,36.99,0.0,6.49,3.43,17.9,19.76,51.76,Coastal Carolina Chanticleers
Ginika Ojiako,765.0,1518.5,-10.24,86.79867986798679,97.04336399474376,86.8,97.49,48.51,97.03,7.33,22.97,0.0,0.0,14.26,36.44,0.0,6.67,3.04,17.23,19.47,50.7,Coastal Carolina Chanticleers
Jacob Meyer,805.0,1596.5,-10.85,86.58307210031349,97.4342928660826,86.58,97.62,48.53,97.12,7.15,23.07,0.0,0.0,14.48,36.24,0.0,6.65,3.07,17.37,19.31,50.72,Coastal Carolina Chanticleers
Jon Sanders,400.0,789.5,-10.89,83.94904458598727,94.83627204030228,83.95,95.92,47.52,97.71,5.86,20.64,0.0,0.0,15.67,34.9,0.0,6.62,3.95,17.96,20.0,50.57,Coastal Carolina Chanticleers
Ian Granja,285.0,574.0,-11.24,88.4083044982699,99.64912280701755,88.41,98.27,49.48,95.67,8.3,25.78,0.0,0.0,12.98,38.41,0.0,6.4,2.08,17.3,16.96,51.39,Coastal Carolina Chanticleers
Braeden MacVicar,645.0,1278.0,-12.15,85.57993730407524,97.734375,85.58,98.04,47.65,97.18,7.68,24.69,0.0,0.0,14.26,36.91,0.0,6.27,2.98,17.08,18.42,51.17,Coastal Carolina Chanticleers
Henry Abraham,40.0,77.0,-14.29,77.92207792207793,92.20779220779221,77.92,92.21,42.86,103.9,3.9,20.78,0.0,0.0,15.58,42.86,0.0,3.9,6.49,11.69,14.29,58.44,Coastal Carolina Chanticleers
Kevin Easley Jr.,205.0,408.0,-16.91,92.1760391198044,109.09090909090908,92.18,108.56,50.86,97.56,8.07,26.16,0.0,0.0,13.2,32.03,0.0,8.07,0.98,15.65,20.78,45.23,Coastal Carolina Chanticleers
Miroslav Stafl,80.0,156.5,-18.48,89.30817610062893,107.79220779220779,89.31,104.4,51.57,93.71,5.66,22.64,0.0,0.0,13.84,30.19,0.0,8.81,1.89,20.13,20.13,44.03,Coastal Carolina Chanticleers
Brady Cummins,679.5,1238.0,19.0,99.19614147909968,80.1948051948052,99.2,79.42,52.73,98.63,10.61,28.86,0.0,0.0,11.41,39.47,0.0,8.84,5.95,12.78,18.09,50.88,Colgate Raiders
Jalen Cox,559.5,997.0,18.09,101.29224652087476,83.19838056680162,101.29,81.71,53.58,97.32,9.74,26.14,0.0,0.0,10.74,39.07,0.0,8.45,5.86,13.42,17.2,49.81,Colgate Raiders
Keegan Records,759.5,1385.0,16.81,99.6415770609319,82.83636363636364,99.64,81.65,52.97,98.35,10.54,27.96,0.0,0.0,11.25,38.85,0.0,8.46,5.73,12.9,17.99,50.1,Colgate Raiders
Ryan Moffatt,759.5,1388.0,15.71,98.35596854896355,82.64342774146695,98.36,81.34,52.61,98.0,10.51,28.23,0.0,0.0,11.37,38.88,0.0,8.43,5.72,13.37,17.94,50.25,Colgate Raiders
Braeden Smith,839.5,1529.0,15.53,98.44357976653697,82.9155672823219,98.44,81.52,52.53,97.86,10.38,27.95,0.0,0.0,11.15,38.72,0.0,8.56,5.71,13.29,17.9,49.87,Colgate Raiders
Parker Jones,40.0,70.5,12.93,104.10958904109589,91.17647058823529,104.11,84.93,58.9,95.89,6.85,23.29,0.0,0.0,5.48,35.62,0.0,10.96,8.22,9.59,17.81,41.1,Colgate Raiders
Nicolas Louis-Jacques,280.0,532.0,10.71,93.09701492537313,82.38636363636364,93.1,81.16,50.56,98.88,11.57,31.34,0.0,0.0,11.94,38.06,0.0,8.77,5.41,13.06,19.22,50.0,Colgate Raiders
Jeff Woodward,200.0,363.5,8.7,95.36784741144415,86.66666666666667,95.37,85.01,50.68,97.82,10.63,28.88,0.0,0.0,12.53,37.6,0.0,9.26,5.45,14.71,17.98,50.13,Colgate Raiders
Alex Capitano,40.0,71.0,-10.57,86.48648648648648,97.05882352941177,86.49,89.19,47.3,86.49,6.76,17.57,0.0,0.0,5.41,33.78,0.0,5.41,2.7,18.92,14.86,39.19,Colgate Raiders
Sam Thomson,40.0,71.0,-10.57,86.48648648648648,97.05882352941177,86.49,89.19,47.3,86.49,6.76,17.57,0.0,0.0,5.41,33.78,0.0,5.41,2.7,18.92,14.86,39.19,Colgate Raiders
Tristan da Silva,810.0,1539.5,6.04,99.74276527331189,93.7007874015748,99.74,91.83,55.37,98.91,8.94,22.83,0.0,0.0,13.76,35.56,0.0,7.01,2.77,14.86,19.1,49.32,Colorado Buffaloes
Cody Williams,450.0,867.0,5.14,100.7918552036199,95.6470588235294,100.79,91.97,57.13,97.74,8.6,21.38,0.0,0.0,12.22,33.94,0.0,6.79,3.51,14.48,19.0,46.16,Colorado Buffaloes
Luke O'Brien,480.0,906.0,3.52,96.1706783369803,92.65033407572383,96.17,91.03,52.95,98.25,8.42,21.88,0.0,0.0,14.0,36.87,0.0,6.35,2.08,15.75,18.27,50.87,Colorado Buffaloes
Eddie Lampkin Jr.,930.0,1775.0,2.63,97.32739420935413,94.69783352337514,97.33,92.48,54.23,98.0,8.52,21.94,0.0,0.0,13.47,35.24,0.0,6.79,2.73,15.48,18.71,48.71,Colorado Buffaloes
KJ Simpson,930.0,1775.0,2.63,97.32739420935413,94.69783352337514,97.33,92.48,54.23,98.0,8.52,21.94,0.0,0.0,13.47,35.24,0.0,6.79,2.73,15.48,18.71,48.71,Colorado Buffaloes
J'Vonne Hadley,890.0,1695.5,1.2,96.78925861062464,95.58998808104887,96.79,93.64,53.82,97.78,8.58,22.12,0.0,0.0,13.54,35.08,0.0,6.83,2.74,15.76,18.62,48.62,Colorado Buffaloes
Julian Hammond III,160.0,317.0,-15.78,82.29813664596274,98.07692307692307,82.3,95.03,46.58,94.72,6.21,18.32,0.0,0.0,13.66,33.54,0.0,6.83,2.17,18.94,17.7,47.2,Colorado Buffaloes
Josiah Strong,730.0,1330.5,4.88,96.9172932330827,92.03606311044328,96.92,92.11,53.01,100.0,9.17,29.55,0.0,0.0,13.01,33.68,0.0,8.05,4.14,13.01,23.53,46.69,Colorado State Rams
Isaiah Stevens,850.0,1556.5,4.4,96.32731958762886,91.92825112107623,96.33,92.46,52.38,99.42,9.02,29.12,0.0,0.0,13.14,34.02,0.0,8.18,4.32,13.72,23.52,47.16,Colorado State Rams
Joel Scott,850.0,1556.5,4.4,96.32731958762886,91.92825112107623,96.33,92.46,52.38,99.42,9.02,29.12,0.0,0.0,13.14,34.02,0.0,8.18,4.32,13.72,23.52,47.16,Colorado State Rams
Nique Clifford,850.0,1556.5,4.4,96.32731958762886,91.92825112107623,96.33,92.46,52.38,99.42,9.02,29.12,0.0,0.0,13.14,34.02,0.0,8.18,4.32,13.72,23.52,47.16,Colorado State Rams
Patrick Cartier,850.0,1556.5,4.4,96.32731958762886,91.92825112107623,96.33,92.46,52.38,99.42,9.02,29.12,0.0,0.0,13.14,34.02,0.0,8.18,4.32,13.72,23.52,47.16,Colorado State Rams
Jalen Lake,120.0,226.0,1.49,92.7927927927928,91.30434782608695,92.79,94.59,48.65,95.95,8.11,26.58,0.0,0.0,13.96,36.04,0.0,9.01,5.41,18.02,23.42,50.0,Colorado State Rams
Geronimo Rubio De La Rosa,439.3,833.5,-1.85,95.04830917874396,96.9010727056019,95.05,98.19,50.36,97.95,11.35,30.19,0.0,0.0,14.37,31.04,0.0,9.78,3.62,16.43,22.34,45.41,Columbia Lions
Josh Odunowo,519.3,991.5,-4.08,93.71196754563894,97.79338014042126,93.71,98.88,49.8,97.67,10.85,29.31,0.0,0.0,13.69,30.73,0.0,9.23,3.45,16.02,21.7,44.42,Columbia Lions
Avery Brown,559.3,1065.0,-4.65,93.95085066162571,98.6007462686567,93.95,99.91,49.43,97.16,11.15,29.96,0.0,0.0,13.52,31.1,0.0,9.07,3.4,16.35,21.83,44.62,Columbia Lions
Blair Thompson,559.3,1065.0,-4.65,93.95085066162571,98.6007462686567,93.95,99.91,49.43,97.16,11.15,29.96,0.0,0.0,13.52,31.1,0.0,9.07,3.4,16.35,21.83,44.62,Columbia Lions
Zavian McLean,559.3,1065.0,-4.65,93.95085066162571,98.6007462686567,93.95,99.91,49.43,97.16,11.15,29.96,0.0,0.0,13.52,31.1,0.0,9.07,3.4,16.35,21.83,44.62,Columbia Lions
Zine Eddine Bedri,40.0,73.5,-12.11,97.22222222222221,109.33333333333333,97.22,113.89,44.44,90.28,15.28,38.89,0.0,0.0,11.11,36.11,0.0,6.94,2.78,20.83,23.61,47.22,Columbia Lions
Kenny Noland,120.0,231.5,-14.72,90.0,104.72103004291846,90.0,106.09,46.09,94.35,10.43,29.13,0.0,0.0,10.43,31.3,0.0,6.52,2.61,16.09,20.0,41.73,Columbia Lions
Toto Fagbenle,209.7,405.0,0.37,81.7948717948718,81.42857142857143,81.79,87.69,44.36,92.56,8.46,25.13,0.0,0.0,16.92,30.0,0.0,9.74,4.36,24.36,26.67,46.92,Coppin State Eagles
Darryon Prescott,449.7,859.0,-8.48,81.59144893111639,90.06849315068493,81.59,93.71,45.96,96.32,8.31,27.67,0.0,0.0,16.03,28.5,0.0,8.43,3.92,19.71,25.65,44.53,Coppin State Eagles
Aa'Reyon Munir-Jones,330.0,633.5,-8.73,79.7752808988764,88.50931677018633,79.78,91.49,44.3,96.63,8.51,26.0,0.0,0.0,17.98,28.41,0.0,9.31,3.69,21.35,25.2,46.39,Coppin State Eagles
Camaren Sparrow,450.0,853.0,-10.56,81.26491646778044,91.82027649769586,81.26,95.11,45.58,97.37,8.83,28.4,0.0,0.0,16.71,28.4,0.0,8.0,3.82,19.33,25.3,45.11,Coppin State Eagles
Greg Spurlock,609.7,1155.0,-12.35,80.31634446397187,92.66211604095564,80.32,95.43,44.99,95.96,8.35,26.89,0.0,0.0,16.17,27.5,0.0,8.96,3.69,20.21,25.04,43.67,Coppin State Eagles
Ryan Archey,279.7,521.5,-16.76,80.97087378640776,97.72727272727273,80.97,100.19,45.83,95.15,8.16,27.96,0.0,0.0,13.98,26.41,0.0,8.54,3.69,18.83,24.85,40.39,Coppin State Eagles
Isaiah Gross,80.0,153.0,-17.03,75.64102564102564,92.66666666666666,75.64,89.1,42.31,96.15,7.69,24.36,0.0,0.0,15.38,25.64,0.0,12.18,2.56,19.23,21.15,41.02,Coppin State Eagles
Justin Winston,399.7,743.0,-18.31,80.35230352303523,98.66310160427807,80.35,100.0,44.85,95.53,8.67,27.91,0.0,0.0,14.77,26.15,0.0,8.94,3.39,19.24,23.98,40.92,Coppin State Eagles
Luka Tekavcic,80.0,156.0,-22.76,75.97402597402598,98.73417721518987,75.97,101.3,46.75,98.7,4.55,20.78,0.0,0.0,18.83,24.68,0.0,9.09,3.9,20.13,28.57,43.51,Coppin State Eagles
Malik Battle,160.0,296.0,-23.65,76.6891891891892,100.33783783783782,76.69,100.34,42.23,94.93,8.45,24.66,0.0,0.0,16.55,24.66,0.0,10.47,3.04,21.62,23.31,41.21,Coppin State Eagles
AK Okereke,40.0,80.5,36.43,113.69863013698631,77.27272727272727,113.7,93.15,54.79,93.15,12.33,34.25,0.0,0.0,8.22,42.47,0.0,6.85,4.11,15.07,34.25,50.69,Cornell Big Red
Chris Manon,559.6,1090.5,11.08,101.5813953488372,90.50632911392405,101.58,93.12,52.0,98.14,13.67,39.53,0.0,0.0,12.0,32.84,0.0,10.6,3.81,13.86,24.19,44.84,Cornell Big Red
Cooper Noard,559.6,1090.5,11.08,101.5813953488372,90.50632911392405,101.58,93.12,52.0,98.14,13.67,39.53,0.0,0.0,12.0,32.84,0.0,10.6,3.81,13.86,24.19,44.84,Cornell Big Red
Nazir Williams,559.6,1090.5,11.08,101.5813953488372,90.50632911392405,101.58,93.12,52.0,98.14,13.67,39.53,0.0,0.0,12.0,32.84,0.0,10.6,3.81,13.86,24.19,44.84,Cornell Big Red
Sean Hansen,599.6,1167.5,10.32,100.9573542210618,90.64080944350759,100.96,93.56,51.61,98.17,13.93,40.03,0.0,0.0,12.1,32.99,0.0,10.18,3.92,13.93,24.28,45.09,Cornell Big Red
Isaiah Gray,519.6,1010.0,9.05,100.69860279441119,91.65029469548134,100.7,93.11,51.8,98.5,13.77,39.92,0.0,0.0,12.28,32.14,0.0,10.88,3.79,13.77,23.45,44.42,Cornell Big Red
Darius Ervin,40.0,77.0,-0.61,91.8918918918919,92.5,91.89,100.0,45.95,98.65,17.57,47.3,0.0,0.0,13.51,35.14,0.0,4.05,5.41,14.86,25.68,48.65,Cornell Big Red
Evan Williams,40.0,77.0,-0.61,91.8918918918919,92.5,91.89,100.0,45.95,98.65,17.57,47.3,0.0,0.0,13.51,35.14,0.0,4.05,5.41,14.86,25.68,48.65,Cornell Big Red
Keller Boothby,40.0,77.0,-0.61,91.8918918918919,92.5,91.89,100.0,45.95,98.65,17.57,47.3,0.0,0.0,13.51,35.14,0.0,4.05,5.41,14.86,25.68,48.65,Cornell Big Red
Max Watson,40.0,77.0,-0.61,91.8918918918919,92.5,91.89,100.0,45.95,98.65,17.57,47.3,0.0,0.0,13.51,35.14,0.0,4.05,5.41,14.86,25.68,48.65,Cornell Big Red
Baylor Scheierman,865.0,1586.0,8.27,103.07210031347962,94.8002536461636,103.07,93.73,52.29,97.55,13.35,38.37,0.0,0.0,11.66,38.87,0.0,5.83,5.58,14.11,15.86,50.53,Creighton Bluejays
Mason Miller,865.0,1586.0,8.27,103.07210031347962,94.8002536461636,103.07,93.73,52.29,97.55,13.35,38.37,0.0,0.0,11.66,38.87,0.0,5.83,5.58,14.11,15.86,50.53,Creighton Bluejays
Ryan Kalkbrenner,865.0,1586.0,8.27,103.07210031347962,94.8002536461636,103.07,93.73,52.29,97.55,13.35,38.37,0.0,0.0,11.66,38.87,0.0,5.83,5.58,14.11,15.86,50.53,Creighton Bluejays
Steven Ashworth,865.0,1586.0,8.27,103.07210031347962,94.8002536461636,103.07,93.73,52.29,97.55,13.35,38.37,0.0,0.0,11.66,38.87,0.0,5.83,5.58,14.11,15.86,50.53,Creighton Bluejays
Trey Alexander,865.0,1586.0,8.27,103.07210031347962,94.8002536461636,103.07,93.73,52.29,97.55,13.35,38.37,0.0,0.0,11.66,38.87,0.0,5.83,5.58,14.11,15.86,50.53,Creighton Bluejays
Ben Brown,40.0,69.5,7.27,108.69565217391303,101.42857142857142,108.7,102.9,52.17,102.9,17.39,28.99,0.0,0.0,21.74,34.78,0.0,5.8,4.35,18.84,23.19,56.52,Dartmouth Big Green
Robert McRae III,40.0,67.0,-15.15,84.84848484848484,100.0,84.85,103.03,42.42,89.39,12.12,31.82,0.0,0.0,10.61,37.88,0.0,1.52,3.03,21.21,24.24,48.49,Dartmouth Big Green
Nikola Dimitrijevic,80.0,140.5,-15.69,90.64748201438849,106.33802816901408,90.65,108.63,44.6,96.4,15.11,36.69,0.0,0.0,14.39,35.25,0.0,3.6,5.76,17.99,22.3,49.64,Dartmouth Big Green
Romeo Myrthil,359.7,655.0,-15.79,88.38612368024133,104.17310664605873,88.39,101.66,46.61,93.97,9.95,27.0,0.0,0.0,12.37,33.94,0.0,6.49,4.98,18.4,18.4,46.31,Dartmouth Big Green
Connor Christensen,120.0,212.5,-17.0,87.20379146919431,104.20560747663552,87.2,105.69,45.5,96.68,11.85,27.96,0.0,0.0,13.74,33.18,0.0,6.64,5.21,17.06,25.12,46.92,Dartmouth Big Green
Dusan Neskovic,319.7,575.0,-18.52,85.86206896551725,104.3859649122807,85.86,102.59,45.34,92.93,10.17,29.31,0.0,0.0,11.21,34.66,0.0,5.52,4.48,18.28,20.17,45.87,Dartmouth Big Green
Brandon Mitchell-Day,479.7,869.0,-19.73,85.25714285714285,104.98261877172655,85.26,103.54,45.14,93.6,10.06,28.46,0.0,0.0,11.54,33.83,0.0,6.17,5.26,17.94,19.89,45.37,Dartmouth Big Green
Jaren Johnson,439.7,795.5,-20.02,84.28927680798004,104.30925221799747,84.29,102.62,45.01,92.77,9.35,27.31,0.0,0.0,10.97,33.92,0.0,6.23,4.99,18.2,19.83,44.89,Dartmouth Big Green
Jackson Munro,399.7,723.5,-20.08,84.65753424657534,104.74198047419804,84.66,102.88,44.79,92.33,9.73,28.9,0.0,0.0,10.82,34.38,0.0,5.62,5.07,18.49,18.77,45.2,Dartmouth Big Green
Jayden Williams,200.0,362.5,-25.48,79.72222222222223,105.20547945205479,79.72,106.67,42.5,91.94,8.89,26.94,0.0,0.0,9.17,33.33,0.0,6.39,5.83,17.22,21.94,42.5,Dartmouth Big Green
Izaiah Robinson,80.0,139.0,-27.92,76.42857142857142,104.34782608695652,76.43,102.86,42.14,92.14,10.0,30.71,0.0,0.0,11.43,33.57,0.0,5.0,5.71,19.29,22.14,45.0,Dartmouth Big Green
Patrick Tivnan Jr.,40.0,71.0,-38.25,72.85714285714285,111.11111111111111,72.86,114.29,37.14,90.0,12.86,44.29,0.0,0.0,7.14,35.71,0.0,1.43,7.14,17.14,21.43,42.85,Dartmouth Big Green
David Skogman,210.0,414.5,5.84,91.72749391727494,85.88516746411483,91.73,87.35,50.12,100.24,9.98,27.98,0.0,0.0,11.92,33.82,0.0,8.03,3.16,11.68,20.92,45.74,Davidson Wildcats
Bobby Durkin,660.0,1232.0,0.52,88.9795918367347,88.45843422114609,88.98,89.47,49.8,99.43,8.49,28.65,0.0,0.0,13.31,33.96,0.0,8.41,5.63,13.88,22.29,47.27,Davidson Wildcats
Connor Kochera,780.0,1465.0,-0.48,88.22314049586777,88.70094722598105,88.22,90.29,49.04,98.76,8.82,28.93,0.0,0.0,12.88,33.4,0.0,8.13,5.17,14.12,22.87,46.28,Davidson Wildcats
Grant Huffman,780.0,1465.0,-0.48,88.22314049586777,88.70094722598105,88.22,90.29,49.04,98.76,8.82,28.93,0.0,0.0,12.88,33.4,0.0,8.13,5.17,14.12,22.87,46.28,Davidson Wildcats
Reed Bailey,780.0,1465.0,-0.48,88.22314049586777,88.70094722598105,88.22,90.29,49.04,98.76,8.82,28.93,0.0,0.0,12.88,33.4,0.0,8.13,5.17,14.12,22.87,46.28,Davidson Wildcats
Sean Logan,570.0,1050.5,-2.97,86.83957732949087,89.81132075471699,86.84,91.45,48.61,98.17,8.36,29.3,0.0,0.0,13.26,33.24,0.0,8.17,5.96,15.08,23.63,46.5,Davidson Wildcats
Angelo Brizzi,80.0,157.0,-5.13,86.8421052631579,91.9753086419753,86.84,98.03,45.39,94.74,12.5,34.87,0.0,0.0,10.53,28.29,0.0,5.92,2.63,15.79,26.97,38.82,Davidson Wildcats
Chris Sosnik,40.0,76.0,-7.05,78.66666666666666,85.71428571428571,78.67,88.0,44.0,96.0,6.67,21.33,0.0,0.0,10.67,34.67,0.0,8.0,2.67,14.67,24.0,45.34,Davidson Wildcats
Koby Brea,85.0,163.0,7.99,113.69047619047619,105.69620253164558,113.69,99.4,56.55,95.24,17.86,32.74,0.0,0.0,10.71,33.33,0.0,5.95,2.38,15.48,16.07,44.04,Dayton Flyers
DaRon Holmes II,765.0,1401.0,6.9,99.37194696441033,92.47626004382761,99.37,88.35,53.18,98.33,12.21,31.12,0.0,0.0,12.0,35.17,0.0,7.26,4.61,13.68,17.86,47.17,Dayton Flyers
Enoch Cheeks,765.0,1401.0,6.9,99.37194696441033,92.47626004382761,99.37,88.35,53.18,98.33,12.21,31.12,0.0,0.0,12.0,35.17,0.0,7.26,4.61,13.68,17.86,47.17,Dayton Flyers
Kobe Elvis,765.0,1401.0,6.9,99.37194696441033,92.47626004382761,99.37,88.35,53.18,98.33,12.21,31.12,0.0,0.0,12.0,35.17,0.0,7.26,4.61,13.68,17.86,47.17,Dayton Flyers
Nate Santos,765.0,1401.0,6.9,99.37194696441033,92.47626004382761,99.37,88.35,53.18,98.33,12.21,31.12,0.0,0.0,12.0,35.17,0.0,7.26,4.61,13.68,17.86,47.17,Dayton Flyers
Javon Bennett,680.0,1238.0,6.72,97.4703557312253,90.7514450867052,97.47,86.88,52.73,98.74,11.46,30.91,0.0,0.0,12.17,35.42,0.0,7.43,4.9,13.44,18.1,47.59,Dayton Flyers
Jalen Terry,720.0,1356.0,-27.22,84.19497784342688,111.4138438880707,84.19,111.74,45.94,94.17,8.2,24.45,0.0,0.0,11.23,29.03,0.0,7.46,3.99,17.06,19.42,40.26,DePaul Blue Demons
Chico Carter Jr.,520.0,971.0,-28.94,84.9896480331263,113.9344262295082,84.99,115.11,46.07,94.31,7.97,25.26,0.0,0.0,11.8,28.67,0.0,6.83,3.52,17.49,18.01,40.47,DePaul Blue Demons
Da'Sean Nelson,400.0,763.5,-29.87,82.83093053735256,112.69633507853402,82.83,112.84,46.26,95.15,6.55,23.07,0.0,0.0,12.06,27.65,0.0,6.42,3.01,16.91,19.66,39.71,DePaul Blue Demons
Elijah Fisher,840.0,1590.0,-29.93,82.54865034526051,112.47637051039699,82.55,112.05,45.7,93.97,7.6,24.11,0.0,0.0,11.3,28.37,0.0,7.34,3.52,17.33,18.52,39.67,DePaul Blue Demons
Churchill Abass,520.0,986.0,-30.59,82.73092369477911,113.31967213114753,82.73,111.04,46.18,93.17,8.03,24.2,0.0,0.0,10.94,28.71,0.0,7.53,3.31,17.77,17.37,39.65,DePaul Blue Demons
Jaden Henley,680.0,1295.0,-30.62,81.504221028396,112.12121212121211,81.5,110.74,45.59,93.4,7.6,24.48,0.0,0.0,10.9,28.32,0.0,8.06,2.99,17.5,17.5,39.22,DePaul Blue Demons
Jeremiah Oden,520.0,988.5,-33.07,78.88888888888889,111.95542046605877,78.89,111.62,44.24,94.04,6.77,22.73,0.0,0.0,11.21,27.47,0.0,7.27,4.14,17.17,19.39,38.68,DePaul Blue Demons
Cavan Reilly,720.0,1334.0,5.07,96.24342599549212,91.1742707554226,96.24,91.59,51.09,99.1,9.54,28.47,0.0,0.0,13.9,36.51,0.0,6.31,4.36,14.8,20.21,50.41,Delaware Blue Hens
Christian Ray,800.0,1480.5,3.1,95.27027027027027,92.16745442268738,95.27,92.23,50.88,98.92,9.12,27.97,0.0,0.0,13.99,36.55,0.0,6.22,4.32,15.07,19.86,50.54,Delaware Blue Hens
Jyare Davis,800.0,1480.5,3.1,95.27027027027027,92.16745442268738,95.27,92.23,50.88,98.92,9.12,27.97,0.0,0.0,13.99,36.55,0.0,6.22,4.32,15.07,19.86,50.54,Delaware Blue Hens
Niels Lane,800.0,1480.5,3.1,95.27027027027027,92.16745442268738,95.27,92.23,50.88,98.92,9.12,27.97,0.0,0.0,13.99,36.55,0.0,6.22,4.32,15.07,19.86,50.54,Delaware Blue Hens
Gerald Drumgoole Jr.,640.0,1182.0,1.7,94.42096365173288,92.71803556308214,94.42,92.56,51.06,98.82,8.71,26.71,0.0,0.0,13.44,36.26,0.0,5.75,4.48,14.62,19.78,49.7,Delaware Blue Hens
Jalun Trent,240.0,445.0,0.93,94.61883408071749,93.69369369369369,94.62,93.27,49.78,98.65,8.97,29.82,0.0,0.0,15.7,37.44,0.0,7.17,3.81,17.04,19.06,53.14,Delaware Blue Hens
Deywilk Tavarez,645.0,1243.5,0.8,88.4126984126984,87.6120619396903,88.41,85.32,52.46,101.98,6.43,19.13,0.0,0.0,19.68,29.37,0.0,10.48,2.38,17.7,21.59,49.05,Delaware State Hornets
Alston Andrews,645.0,1239.5,0.44,88.31478537360891,87.87878787878788,88.31,85.29,52.46,102.54,6.36,19.24,0.0,0.0,20.27,29.17,0.0,10.25,2.46,17.73,21.78,49.44,Delaware State Hornets
Raymond Somerville,445.0,845.0,-0.01,87.98133022170362,87.9951980792317,87.98,85.53,51.69,101.28,6.65,19.37,0.0,0.0,19.49,30.57,0.0,9.45,2.57,18.2,21.47,50.06,Delaware State Hornets
Jevin Muniz,685.0,1316.5,-0.25,87.7994011976048,88.04934464148035,87.8,85.48,52.1,101.65,6.44,19.01,0.0,0.0,19.69,29.12,0.0,10.33,2.4,18.04,21.78,48.81,Delaware State Hornets
Martaz Robinson,685.0,1316.5,-0.25,87.7994011976048,88.04934464148035,87.8,85.48,52.1,101.65,6.44,19.01,0.0,0.0,19.69,29.12,0.0,10.33,2.4,18.04,21.78,48.81,Delaware State Hornets
Wesley Oba,240.0,471.5,-0.67,87.47390396659708,88.14655172413794,87.47,85.39,52.82,102.3,6.05,18.37,0.0,0.0,20.04,26.51,0.0,11.9,2.09,17.75,22.34,46.55,Delaware State Hornets
Kyle Johnson,40.0,77.0,-11.3,79.48717948717949,90.78947368421053,79.49,88.46,46.15,87.18,7.69,15.38,0.0,0.0,10.26,28.21,0.0,11.54,1.28,23.08,21.79,38.47,Delaware State Hornets
Dean Shepherd,40.0,73.0,-18.08,77.63157894736842,95.71428571428572,77.63,88.16,46.05,96.05,6.58,17.11,0.0,0.0,19.74,25.0,0.0,7.89,2.63,23.68,25.0,44.74,Delaware State Hornets
Isaiah Addo-Ankrah,580.0,1162.0,-3.28,100.4295532646048,103.70689655172414,100.43,103.35,54.64,101.98,10.91,31.01,0.0,0.0,14.69,28.87,0.0,7.99,4.9,12.71,22.42,43.56,Denver Pioneers
Pedro Lopez-Sanvicente,740.0,1452.0,-4.06,98.06896551724138,102.13204951856947,98.07,102.41,52.28,102.0,11.17,33.38,0.0,0.0,14.48,30.41,0.0,8.0,4.9,12.48,22.97,44.89,Denver Pioneers
Jaxon Brenchley,780.0,1531.5,-4.64,97.57853403141361,102.21498371335504,97.58,102.68,52.16,102.03,11.19,33.44,0.0,0.0,14.66,30.24,0.0,7.79,4.71,12.63,23.17,44.9,Denver Pioneers
Tommy Bruner,780.0,1531.5,-4.64,97.57853403141361,102.21498371335504,97.58,102.68,52.16,102.03,11.19,33.44,0.0,0.0,14.66,30.24,0.0,7.79,4.71,12.63,23.17,44.9,Denver Pioneers
Touko Tainamo,780.0,1531.5,-4.64,97.57853403141361,102.21498371335504,97.58,102.68,52.16,102.03,11.19,33.44,0.0,0.0,14.66,30.24,0.0,7.79,4.71,12.63,23.17,44.9,Denver Pioneers
DeAndre Craig,160.0,290.0,-7.46,88.46153846153845,95.91836734693877,88.46,98.6,42.66,102.1,12.24,43.01,0.0,0.0,13.64,36.71,0.0,8.04,4.9,11.54,25.17,50.35,Denver Pioneers
Carlos Fuentes,40.0,79.5,-15.24,88.46153846153845,103.7037037037037,88.46,107.69,50.0,102.56,11.54,34.62,0.0,0.0,17.95,26.92,0.0,3.85,1.28,15.38,26.92,44.87,Denver Pioneers
Drake Muller,40.0,79.5,-15.24,88.46153846153845,103.7037037037037,88.46,107.69,50.0,102.56,11.54,34.62,0.0,0.0,17.95,26.92,0.0,3.85,1.28,15.38,26.92,44.87,Denver Pioneers
Mak Manciel,606.5,1167.0,-12.62,91.72413793103448,104.34412265758093,91.72,105.6,50.78,96.38,8.79,28.1,0.0,0.0,12.67,25.34,0.0,9.74,3.45,16.29,23.45,38.01,Detroit Mercy Titans
Jayden Stone,649.4,1239.5,-12.84,92.22042139384116,105.06024096385542,92.22,106.0,51.22,96.11,8.27,27.15,0.0,0.0,12.72,25.53,0.0,10.05,3.89,16.61,22.61,38.25,Detroit Mercy Titans
Emmanuel Kuac,726.5,1396.5,-15.35,89.92080633549317,105.27065527065527,89.92,106.41,49.96,96.33,8.21,27.29,0.0,0.0,13.17,25.85,0.0,9.65,3.74,16.85,22.97,39.02,Detroit Mercy Titans
Tyree Davis,120.0,221.0,-15.42,81.48148148148148,96.90265486725663,81.48,101.39,42.13,97.22,8.33,30.09,0.0,0.0,17.13,30.09,0.0,11.57,3.7,19.91,23.15,47.22,Detroit Mercy Titans
Marcus Tankersley,806.5,1537.5,-15.59,88.55461085676913,104.13971539456664,88.55,105.3,49.12,96.21,7.98,27.21,0.0,0.0,13.6,26.55,0.0,9.61,3.79,17.4,22.96,40.15,Detroit Mercy Titans
Edoardo Del Cadia,766.5,1457.5,-15.87,88.30006882312456,104.17236662106704,88.3,104.82,49.35,95.94,7.71,26.7,0.0,0.0,13.49,26.7,0.0,9.29,3.85,17.55,22.92,40.19,Detroit Mercy Titans
Kyle LeGreair,77.1,157.5,-19.84,85.16129032258064,105.0,85.16,108.39,47.1,96.77,6.45,21.94,0.0,0.0,15.48,23.87,0.0,11.61,3.87,18.71,28.39,39.35,Detroit Mercy Titans
Donovann Toatley,80.0,136.0,-23.37,77.37226277372264,100.74074074074073,77.37,99.27,42.34,97.81,7.3,31.39,0.0,0.0,13.87,30.66,0.0,6.57,3.65,16.06,21.17,44.53,Detroit Mercy Titans
Ryan Hurst,120.0,220.5,-29.08,73.63636363636363,102.71493212669682,73.64,103.18,41.36,96.36,5.91,27.27,0.0,0.0,17.27,32.73,0.0,6.36,3.64,20.91,20.91,50.0,Detroit Mercy Titans
Jamail Pink,80.0,154.5,-29.63,69.73684210526315,99.36305732484077,69.74,102.63,38.82,93.42,4.61,22.37,0.0,0.0,20.39,34.21,0.0,10.53,5.92,26.97,21.05,54.6,Detroit Mercy Titans
Conor Enright,905.0,1714.0,11.18,102.89687137891077,91.7156286721504,102.9,90.44,54.58,100.81,11.47,30.19,0.0,0.0,12.28,35.11,0.0,7.88,1.8,11.47,20.34,47.39,Drake Bulldogs
Atin Wright,950.0,1806.0,10.51,102.58099945085118,92.071468453378,102.58,90.55,55.08,100.55,10.98,29.16,0.0,0.0,12.03,34.87,0.0,7.85,1.76,11.48,20.26,46.9,Drake Bulldogs
Darnell Brodie,950.0,1806.0,10.51,102.58099945085118,92.071468453378,102.58,90.55,55.08,100.55,10.98,29.16,0.0,0.0,12.03,34.87,0.0,7.85,1.76,11.48,20.26,46.9,Drake Bulldogs
Kevin Overton,950.0,1806.0,10.51,102.58099945085118,92.071468453378,102.58,90.55,55.08,100.55,10.98,29.16,0.0,0.0,12.03,34.87,0.0,7.85,1.76,11.48,20.26,46.9,Drake Bulldogs
Tucker DeVries,950.0,1806.0,10.51,102.58099945085118,92.071468453378,102.58,90.55,55.08,100.55,10.98,29.16,0.0,0.0,12.03,34.87,0.0,7.85,1.76,11.48,20.26,46.9,Drake Bulldogs
Kyron Gibson,45.0,92.0,-2.03,96.84210526315789,98.87640449438202,96.84,92.63,64.21,95.79,2.11,10.53,0.0,0.0,7.37,30.53,0.0,7.37,1.05,11.58,18.95,37.9,Drake Bulldogs
Lamar Oden Jr.,40.0,68.5,17.85,101.42857142857142,83.5820895522388,101.43,80.0,54.29,92.86,11.43,22.86,0.0,0.0,11.43,38.57,0.0,7.14,1.43,18.57,14.29,50.0,Drexel Dragons
Justin Moore,690.0,1260.5,8.53,101.81102362204723,93.28537170263789,101.81,91.89,55.12,104.41,10.31,27.17,0.0,0.0,16.85,36.54,0.0,6.22,4.72,12.44,21.5,53.39,Drexel Dragons
Amari Williams,770.0,1401.5,7.62,100.5661712668082,92.94964028776978,100.57,91.44,54.64,103.26,10.19,26.82,0.0,0.0,16.28,36.59,0.0,6.23,4.6,13.02,20.88,52.87,Drexel Dragons
Lucas Monroe,770.0,1401.5,7.62,100.5661712668082,92.94964028776978,100.57,91.44,54.64,103.26,10.19,26.82,0.0,0.0,16.28,36.59,0.0,6.23,4.6,13.02,20.88,52.87,Drexel Dragons
Luke House,770.0,1401.5,7.62,100.5661712668082,92.94964028776978,100.57,91.44,54.64,103.26,10.19,26.82,0.0,0.0,16.28,36.59,0.0,6.23,4.6,13.02,20.88,52.87,Drexel Dragons
Mate Okros,770.0,1401.5,7.62,100.5661712668082,92.94964028776978,100.57,91.44,54.64,103.26,10.19,26.82,0.0,0.0,16.28,36.59,0.0,6.23,4.6,13.02,20.88,52.87,Drexel Dragons
Jamie Bergens,40.0,72.5,-17.75,78.08219178082192,95.83333333333334,78.08,94.52,46.58,93.15,6.85,24.66,0.0,0.0,10.96,35.62,0.0,5.48,5.48,17.81,16.44,46.58,Drexel Dragons
Mark Mitchell,720.0,1357.0,13.18,102.04828090709583,88.8641425389755,102.05,87.56,53.69,101.1,11.27,29.77,0.0,0.0,14.92,34.82,0.0,7.97,4.61,13.83,20.92,49.74,Duke Blue Devils
Jeremy Roach,720.0,1354.0,12.32,102.41758241758241,90.09679821295606,102.42,88.64,54.21,102.93,10.99,29.74,0.0,0.0,15.97,33.7,0.0,8.42,4.76,13.04,20.59,49.67,Duke Blue Devils
Jared McCain,840.0,1587.5,9.92,100.93399750933997,91.01338432122371,100.93,88.92,53.67,101.62,11.15,29.39,0.0,0.0,14.69,33.5,0.0,8.03,4.67,13.08,20.67,48.19,Duke Blue Devils
Kyle Filipowski,840.0,1587.5,9.92,100.93399750933997,91.01338432122371,100.93,88.92,53.67,101.62,11.15,29.39,0.0,0.0,14.69,33.5,0.0,8.03,4.67,13.08,20.67,48.19,Duke Blue Devils
Caleb Foster,440.0,832.5,8.92,100.82352941176471,91.90184049079755,100.82,88.12,54.0,99.41,12.82,29.41,0.0,0.0,13.41,32.94,0.0,7.76,4.47,14.0,21.18,46.35,Duke Blue Devils
Tyrese Proctor,560.0,1068.5,6.65,99.07493061979649,92.42424242424242,99.07,90.29,52.91,102.22,10.08,28.58,0.0,0.0,13.97,33.02,0.0,7.68,4.72,11.75,20.17,46.99,Duke Blue Devils
Ryan Young,40.0,70.5,-7.08,95.77464788732394,102.85714285714285,95.77,101.41,53.52,115.49,5.63,22.54,0.0,0.0,23.94,28.17,0.0,11.27,7.04,8.45,21.13,52.11,Duke Blue Devils
Jaylen Blakes,40.0,80.0,-17.17,88.09523809523809,105.26315789473684,88.1,95.24,51.19,91.67,13.1,33.33,0.0,0.0,4.76,25.0,0.0,7.14,3.57,13.1,19.05,29.76,Duke Blue Devils
Jakub Necas,40.0,71.0,11.67,91.66666666666666,80.0,91.67,77.78,47.22,90.28,12.5,25.0,0.0,0.0,12.5,37.5,0.0,9.72,6.94,22.22,19.44,50.0,Duquesne Dukes
Matus Hronsky,80.0,148.0,7.16,87.58169934640523,80.41958041958041,87.58,75.16,50.98,96.08,6.54,20.26,0.0,0.0,11.76,34.64,0.0,7.19,7.84,15.69,23.53,46.4,Duquesne Dukes
Dusan Mahorcic,600.0,1075.5,7.07,93.49670122525919,86.42201834862385,93.5,88.78,49.86,98.87,10.74,29.59,0.0,0.0,15.46,35.34,0.0,9.61,5.84,16.59,23.09,50.8,Duquesne Dukes
Jake DiMichele,680.0,1239.5,5.77,94.06986190089359,88.30128205128204,94.07,89.52,50.85,100.41,10.15,28.92,0.0,0.0,15.43,34.04,0.0,9.5,6.26,15.03,22.42,49.47,Duquesne Dukes
Tre Williams,680.0,1247.0,4.65,93.20388349514563,88.55325914149444,93.2,90.13,50.89,99.35,9.55,28.72,0.0,0.0,14.89,33.33,0.0,9.95,6.15,15.53,23.38,48.22,Duquesne Dukes
Dae Dae Grant,680.0,1260.5,4.06,92.93172690763052,88.87147335423198,92.93,91.08,49.8,98.31,10.04,29.48,0.0,0.0,14.78,32.61,0.0,10.52,5.3,16.47,22.97,47.39,Duquesne Dukes
Jimmy Clark III,840.0,1552.0,3.78,91.6015625,87.8188775510204,91.6,89.65,49.67,99.28,9.64,28.91,0.0,0.0,15.43,33.07,0.0,10.09,5.73,16.15,23.18,48.5,Duquesne Dukes
David Dixon,200.0,381.5,1.33,91.62303664921467,90.28871391076116,91.62,90.05,50.26,98.43,9.69,26.7,0.0,0.0,15.45,30.89,0.0,11.52,5.5,17.02,21.2,46.34,Duquesne Dukes
Fousseyni Drame,120.0,216.5,0.64,87.85046728971963,87.21461187214612,87.85,89.25,46.26,101.87,11.21,31.78,0.0,0.0,19.63,32.24,0.0,10.75,3.74,17.76,21.5,51.87,Duquesne Dukes
Halil Barre,120.0,231.0,0.06,85.52631578947368,85.47008547008546,85.53,87.72,43.86,93.42,10.09,30.26,0.0,0.0,14.04,30.7,0.0,11.4,5.7,20.61,21.93,44.74,Duquesne Dukes
Kareem Rozier,320.0,604.0,-0.92,83.7248322147651,84.640522875817,83.72,86.91,46.98,98.99,7.72,27.68,0.0,0.0,16.78,32.05,0.0,10.4,5.54,17.79,25.17,48.83,Duquesne Dukes
Andrei Savrasov,40.0,88.5,-1.21,77.90697674418605,79.12087912087912,77.91,83.72,40.7,91.86,6.98,24.42,0.0,0.0,12.79,31.4,0.0,10.47,4.65,20.93,24.42,44.19,Duquesne Dukes
Callum Richard,40.0,71.5,23.09,121.73913043478262,98.64864864864865,121.74,105.8,55.07,117.39,18.84,47.83,0.0,0.0,26.09,30.43,0.0,14.49,1.45,8.7,21.74,56.52,East Carolina Pirates
Bobby Pettiford Jr.,240.0,423.5,-5.61,89.64705882352942,95.260663507109,89.65,94.59,48.71,101.41,8.71,27.06,0.0,0.0,16.94,32.94,0.0,9.41,4.24,15.53,19.53,49.88,East Carolina Pirates
Jaden Walker,490.0,886.0,-5.68,89.70588235294117,95.38288288288288,89.71,95.81,48.64,102.26,9.05,29.07,0.0,0.0,16.52,29.75,0.0,11.09,4.07,14.25,20.02,46.27,East Carolina Pirates
Cam Hayes,560.0,1014.0,-6.2,90.64039408866995,96.84106614017769,90.64,96.65,48.97,102.46,9.46,29.26,0.0,0.0,16.75,31.23,0.0,10.15,3.84,14.29,20.3,47.98,East Carolina Pirates
Brandon Johnson,810.0,1472.0,-6.65,89.1378139850645,95.78518014955813,89.14,95.66,48.81,101.97,8.83,27.83,0.0,0.0,16.56,31.03,0.0,10.25,4.01,14.6,20.16,47.59,East Carolina Pirates
RJ Felton,810.0,1472.0,-6.65,89.1378139850645,95.78518014955813,89.14,95.66,48.81,101.97,8.83,27.83,0.0,0.0,16.56,31.03,0.0,10.25,4.01,14.6,20.16,47.59,East Carolina Pirates
Cyr Malonga,530.0,975.5,-7.35,87.00102354145342,94.35318275154005,87.0,94.06,48.62,101.64,8.29,26.82,0.0,0.0,16.79,30.71,0.0,10.75,4.4,15.15,19.96,47.5,East Carolina Pirates
Ezra Ausar,485.0,882.5,-9.24,86.55367231638418,95.79545454545455,86.55,95.25,48.02,102.71,7.8,26.21,0.0,0.0,16.61,31.64,0.0,9.38,3.5,13.9,20.45,48.25,East Carolina Pirates
Kalib LaCount,85.0,163.0,-11.59,88.41463414634147,100.0,88.41,98.78,51.83,90.24,8.54,20.73,0.0,0.0,9.15,30.49,0.0,8.54,5.49,18.9,20.73,39.64,East Carolina Pirates
Karon Boyd,645.0,1221.5,2.4,92.0260374288039,89.62108731466228,92.03,88.53,50.04,105.53,10.01,31.57,0.0,0.0,22.21,31.41,0.0,11.15,6.43,16.68,22.62,53.62,East Tennessee State Buccaneers
Tyler Rice,40.0,76.5,0.15,101.38888888888889,101.23456790123457,101.39,113.89,50.0,106.94,11.11,34.72,0.0,0.0,20.83,29.17,0.0,5.56,9.72,13.89,23.61,50.0,East Tennessee State Buccaneers
Ebby Asamoah,884.8,1675.5,-0.26,92.5311203319502,92.78846153846155,92.53,91.52,50.09,105.51,10.08,31.95,0.0,0.0,21.64,31.24,0.0,10.02,6.46,16.12,22.29,52.88,East Tennessee State Buccaneers
Jaden Seymour,884.8,1675.5,-0.26,92.5311203319502,92.78846153846155,92.53,91.52,50.09,105.51,10.08,31.95,0.0,0.0,21.64,31.24,0.0,10.02,6.46,16.12,22.29,52.88,East Tennessee State Buccaneers
Jadyn Parker,884.8,1675.5,-0.26,92.5311203319502,92.78846153846155,92.53,91.52,50.09,105.51,10.08,31.95,0.0,0.0,21.64,31.24,0.0,10.02,6.46,16.12,22.29,52.88,East Tennessee State Buccaneers
Quimari Peterson,884.8,1675.5,-0.26,92.5311203319502,92.78846153846155,92.53,91.52,50.09,105.51,10.08,31.95,0.0,0.0,21.64,31.24,0.0,10.02,6.46,16.12,22.29,52.88,East Tennessee State Buccaneers
Allen Strothers,159.9,300.5,-3.91,95.40983606557377,99.32432432432432,95.41,96.39,51.8,106.56,10.82,32.46,0.0,0.0,21.97,32.46,0.0,6.56,6.23,15.41,21.31,54.43,East Tennessee State Buccaneers
Gabe Sisk,40.0,77.0,-28.11,81.48148148148148,109.58904109589041,81.48,98.77,44.44,100.0,7.41,33.33,0.0,0.0,12.35,25.93,0.0,9.88,4.94,12.35,19.75,38.28,East Tennessee State Buccaneers
Dan Luers,439.3,828.5,0.31,88.38630806845967,88.08104886769964,88.39,90.34,48.9,103.18,6.6,23.11,0.0,0.0,15.65,32.52,0.0,10.76,4.52,12.47,24.94,48.17,Eastern Illinois Panthers
Rodolfo Bolis,519.8,995.5,-0.54,88.4263959390863,88.96620278330019,88.43,90.86,50.15,103.76,6.7,23.25,0.0,0.0,15.23,31.47,0.0,10.56,4.26,11.47,24.57,46.7,Eastern Illinois Panthers
Kyndall Davis,719.3,1379.0,-1.19,89.61228968544258,90.79798705966931,89.61,92.39,49.31,102.05,7.75,23.85,0.0,0.0,14.12,31.02,0.0,10.68,4.02,12.07,24.14,45.14,Eastern Illinois Panthers
Corey Sawyer,639.3,1233.5,-1.32,89.64955175224124,90.96774193548387,89.65,91.93,50.12,103.34,7.58,23.47,0.0,0.0,14.59,30.24,0.0,10.92,3.67,11.25,23.47,44.83,Eastern Illinois Panthers
Tiger Booker,759.3,1455.5,-1.56,88.97364771151179,90.53778080326754,88.97,92.23,49.24,102.57,7.56,23.58,0.0,0.0,14.42,30.93,0.0,10.68,3.88,11.86,24.34,45.35,Eastern Illinois Panthers
Nakyel Shelton,479.5,923.5,-3.17,88.44056706652127,91.61290322580645,88.44,92.91,48.53,101.09,8.18,23.88,0.0,0.0,12.87,30.1,0.0,10.69,3.6,11.78,24.43,42.97,Eastern Illinois Panthers
Kooper Jacobi,160.0,316.0,-5.3,89.71061093247589,95.01557632398755,89.71,98.07,48.23,101.93,9.0,23.47,0.0,0.0,13.18,28.94,0.0,10.29,1.61,11.25,23.47,42.12,Eastern Illinois Panthers
Jermaine Hamlin,80.0,146.0,-6.6,86.01398601398601,92.61744966442953,86.01,96.5,43.36,100.0,9.79,25.17,0.0,0.0,16.08,32.87,0.0,9.79,4.9,16.08,30.07,48.95,Eastern Illinois Panthers
Collin Cooper,40.0,86.0,12.72,109.19540229885058,96.47058823529412,109.2,94.25,58.62,105.75,12.64,28.74,0.0,0.0,19.54,35.63,0.0,6.9,4.6,13.79,17.24,55.17,Eastern Kentucky Colonels
John Ukomadu,40.0,86.0,12.72,109.19540229885058,96.47058823529412,109.2,94.25,58.62,105.75,12.64,28.74,0.0,0.0,19.54,35.63,0.0,6.9,4.6,13.79,17.24,55.17,Eastern Kentucky Colonels
Devontae Blanton,679.0,1305.0,7.28,103.45092024539878,96.17151607963247,103.45,96.32,56.06,105.52,10.12,25.46,0.0,0.0,18.4,34.74,0.0,6.21,7.44,12.88,20.02,53.14,Eastern Kentucky Colonels
Isaiah Cozart,679.0,1305.0,7.28,103.45092024539878,96.17151607963247,103.45,96.32,56.06,105.52,10.12,25.46,0.0,0.0,18.4,34.74,0.0,6.21,7.44,12.88,20.02,53.14,Eastern Kentucky Colonels
Michael Moreno,679.0,1305.0,7.28,103.45092024539878,96.17151607963247,103.45,96.32,56.06,105.52,10.12,25.46,0.0,0.0,18.4,34.74,0.0,6.21,7.44,12.88,20.02,53.14,Eastern Kentucky Colonels
Leland Walker,639.0,1219.0,6.89,103.04026294165982,96.15069615069615,103.04,96.47,55.88,105.51,9.94,25.23,0.0,0.0,18.32,34.68,0.0,6.16,7.64,12.82,20.21,53.0,Eastern Kentucky Colonels
Tayshawn Comer,639.0,1219.0,6.89,103.04026294165982,96.15069615069615,103.04,96.47,55.88,105.51,9.94,25.23,0.0,0.0,18.32,34.68,0.0,6.16,7.64,12.82,20.21,53.0,Eastern Kentucky Colonels
Yusuf Jihad,170.0,311.5,5.04,89.29765886287625,84.25925925925925,89.3,91.3,47.49,104.01,6.35,24.08,0.0,0.0,15.38,38.13,0.0,8.36,4.35,11.37,27.76,53.51,Eastern Michigan Eagles
Legend Geeter,405.0,740.0,-4.52,88.44566712517194,92.96148738379813,88.45,96.29,46.22,99.31,7.84,26.69,0.0,0.0,16.23,34.11,0.0,9.08,3.58,16.92,23.8,50.34,Eastern Michigan Eagles
Connor Serven,410.0,721.5,-4.97,85.29411764705883,90.26063100137173,85.29,92.16,45.24,100.98,7.42,27.17,0.0,0.0,16.81,35.29,0.0,9.38,4.2,15.83,22.97,52.1,Eastern Michigan Eagles
Julius Ellerbe,170.0,326.5,-6.55,85.9375,92.49249249249249,85.94,96.25,47.19,97.19,5.94,23.12,0.0,0.0,11.25,32.5,0.0,7.81,3.12,14.06,25.62,43.75,Eastern Michigan Eagles
Tyson Acuff,610.0,1143.0,-7.54,88.82978723404256,96.37305699481865,88.83,98.94,47.07,100.27,7.27,25.53,0.0,0.0,15.43,32.45,0.0,7.89,3.01,15.16,23.4,47.88,Eastern Michigan Eagles
Arne Osojnik,565.0,1024.0,-7.82,87.25296442687747,95.07722007722008,87.25,97.33,45.75,101.28,7.41,26.68,0.0,0.0,17.0,33.5,0.0,8.2,3.66,15.71,22.53,50.5,Eastern Michigan Eagles
Cyril Martynov,125.0,249.5,-7.95,90.49586776859503,98.44357976653697,90.5,104.55,48.76,99.59,5.79,21.9,0.0,0.0,13.22,33.47,0.0,6.61,2.89,13.64,26.45,46.69,Eastern Michigan Eagles
Jalin Billingsley,525.0,958.0,-8.74,86.81434599156118,95.55785123966942,86.81,97.57,45.78,100.95,7.38,26.58,0.0,0.0,16.88,33.54,0.0,7.59,3.9,15.93,22.57,50.42,Eastern Michigan Eagles
Orlando Lovejoy,575.0,1062.0,-10.97,85.03336510962822,96.0,85.03,98.38,45.47,99.14,6.39,25.07,0.0,0.0,14.3,31.17,0.0,8.01,3.43,15.16,22.97,45.47,Eastern Michigan Eagles
Javantae Randle,120.0,216.5,-21.32,80.09049773755656,101.41509433962264,80.09,97.29,42.99,100.0,6.33,27.15,0.0,0.0,14.48,29.86,0.0,5.88,2.26,14.48,16.74,44.34,Eastern Michigan Eagles
Casey Jones,725.0,1440.5,6.85,102.37610319076713,95.52556818181817,102.38,91.31,58.18,95.59,9.78,26.14,0.0,0.0,11.74,33.06,0.0,6.99,4.55,16.16,21.05,44.8,Eastern Washington Eagles
Cedric Coward,765.0,1519.5,6.04,101.73969072164948,95.6960322797579,101.74,91.69,57.67,95.68,9.73,26.35,0.0,0.0,11.92,32.54,0.0,7.28,4.64,16.24,21.33,44.46,Eastern Washington Eagles
Ellis Magnuson,765.0,1519.5,6.04,101.73969072164948,95.6960322797579,101.74,91.69,57.67,95.68,9.73,26.35,0.0,0.0,11.92,32.54,0.0,7.28,4.64,16.24,21.33,44.46,Eastern Washington Eagles
Ethan Price,765.0,1519.5,6.04,101.73969072164948,95.6960322797579,101.74,91.69,57.67,95.68,9.73,26.35,0.0,0.0,11.92,32.54,0.0,7.28,4.64,16.24,21.33,44.46,Eastern Washington Eagles
Jake Kyman,765.0,1519.5,6.04,101.73969072164948,95.6960322797579,101.74,91.69,57.67,95.68,9.73,26.35,0.0,0.0,11.92,32.54,0.0,7.28,4.64,16.24,21.33,44.46,Eastern Washington Eagles
Dane Erikstrup,40.0,79.0,-8.86,89.87341772151899,98.73417721518987,89.87,98.73,48.1,97.47,8.86,30.38,0.0,0.0,15.19,22.78,0.0,12.66,6.33,17.72,26.58,37.97,Eastern Washington Eagles
Kendall Campbell,40.0,72.5,26.12,106.94444444444444,80.82191780821918,106.94,81.94,50.0,115.28,19.44,47.22,0.0,0.0,30.56,50.0,0.0,4.17,6.94,15.28,19.44,80.56,Elon Phoenix
Deandre Smart,160.0,292.5,-4.82,96.84210526315789,101.66666666666666,96.84,107.02,48.07,108.07,13.33,40.35,0.0,0.0,21.05,32.63,0.0,7.72,3.86,12.98,24.91,53.68,Elon Phoenix
LA Pratt,280.0,516.5,-7.14,97.4559686888454,104.59770114942528,97.46,106.85,50.29,103.33,13.31,36.4,0.0,0.0,18.59,29.94,0.0,7.44,3.13,15.26,24.46,48.53,Elon Phoenix
Rob Higgins,240.0,441.5,-7.68,96.75925925925925,104.43458980044346,96.76,109.03,49.07,103.7,12.96,36.81,0.0,0.0,18.52,30.32,0.0,6.71,3.94,14.81,25.46,48.84,Elon Phoenix
Max Mackinnon,760.0,1383.0,-9.6,92.86229271809661,102.46555474981871,92.86,101.87,48.74,100.65,11.97,35.18,0.0,0.0,16.51,31.07,0.0,8.51,2.81,15.86,20.91,47.58,Elon Phoenix
Nick Dorn,520.0,937.5,-9.94,91.78947368421052,101.72972972972974,91.79,99.05,48.63,98.74,11.58,33.68,0.0,0.0,15.05,31.16,0.0,9.37,2.63,16.32,18.74,46.21,Elon Phoenix
Zac Ervin,80.0,151.0,-10.64,93.87755102040816,104.51612903225806,93.88,110.2,48.3,99.32,12.24,40.14,0.0,0.0,14.97,29.25,0.0,8.16,1.36,15.65,22.45,44.22,Elon Phoenix
TK Simpkins,560.0,1017.0,-10.92,91.17361784675073,102.09371884346959,91.17,99.32,48.98,99.61,11.35,33.66,0.0,0.0,15.91,30.84,0.0,8.83,2.42,16.29,19.79,46.75,Elon Phoenix
Isaac Harrell,400.0,715.5,-10.99,89.43758573388203,100.42735042735043,89.44,96.71,47.74,99.04,10.97,33.33,0.0,0.0,15.36,32.24,0.0,9.33,2.88,16.32,18.11,47.6,Elon Phoenix
Sam Sherry,720.0,1310.5,-11.58,92.09125475285171,103.67534456355283,92.09,102.97,48.67,99.85,11.56,34.52,0.0,0.0,15.74,30.04,0.0,8.75,2.59,15.89,20.99,45.78,Elon Phoenix
JaDun Michael,40.0,77.5,-15.49,92.10526315789474,107.59493670886076,92.11,111.84,47.37,93.42,14.47,46.05,0.0,0.0,14.47,31.58,0.0,6.58,0.0,21.05,22.37,46.05,Elon Phoenix
Ben Humrichous,565.0,1057.0,-5.38,94.42870632672332,99.81042654028435,94.43,99.43,51.56,97.26,9.73,25.97,0.0,0.0,12.09,33.14,0.0,8.5,3.59,14.83,20.11,45.23,Evansville Purple Aces
Gage Bobe,680.0,1256.5,-8.89,90.24,99.12905779889152,90.24,100.16,48.72,97.6,9.36,27.12,0.0,0.0,12.56,33.76,0.0,7.68,3.36,14.96,21.44,46.32,Evansville Purple Aces
Antonio Thomas,885.0,1662.5,-10.85,89.69072164948454,100.53699284009548,89.69,102.18,47.91,96.06,9.58,27.05,0.0,0.0,12.13,32.69,0.0,7.76,3.64,16.07,21.16,44.82,Evansville Purple Aces
Kenny Strawbridge Jr.,885.0,1662.5,-10.85,89.69072164948454,100.53699284009548,89.69,102.18,47.91,96.06,9.58,27.05,0.0,0.0,12.13,32.69,0.0,7.76,3.64,16.07,21.16,44.82,Evansville Purple Aces
Yacine Toumi,885.0,1662.5,-10.85,89.69072164948454,100.53699284009548,89.69,102.18,47.91,96.06,9.58,27.05,0.0,0.0,12.13,32.69,0.0,7.76,3.64,16.07,21.16,44.82,Evansville Purple Aces
Joshua Hughes,280.0,527.0,-15.22,83.85214007782102,99.07407407407408,83.85,104.09,43.0,95.14,9.92,28.99,0.0,0.0,13.23,32.3,0.0,5.84,4.28,18.09,23.35,45.53,Evansville Purple Aces
Cameron Haffner,205.0,406.0,-16.87,87.96992481203007,104.84261501210655,87.97,108.52,45.36,91.23,10.28,26.82,0.0,0.0,10.78,29.32,0.0,8.02,4.51,19.55,20.3,40.1,Evansville Purple Aces
Chuck Bailey III,40.0,78.5,-56.6,63.1578947368421,119.75308641975309,63.16,127.63,30.26,85.53,5.26,28.95,0.0,0.0,5.26,28.95,0.0,10.53,0.0,19.74,21.05,34.21,Evansville Purple Aces
Jack Brown,40.0,70.0,14.37,104.22535211267605,89.85507246376811,104.23,87.32,50.7,98.59,14.08,35.21,0.0,0.0,12.68,32.39,0.0,11.27,0.0,14.08,18.31,45.07,Fairfield Stags
James Johns Jr.,400.0,751.0,10.79,103.72836218375498,92.9427430093209,103.73,92.94,52.6,101.86,14.65,35.15,0.0,0.0,15.18,29.03,0.0,11.85,2.13,13.32,18.91,44.21,Fairfield Stags
Birima Seck,360.0,675.0,7.59,102.48901903367495,94.90254872563717,102.49,92.68,53.15,102.2,14.79,34.55,0.0,0.0,14.93,29.87,0.0,12.88,2.64,12.74,17.42,44.8,Fairfield Stags
Jasper Floyd,840.0,1590.0,6.31,101.56347717323327,95.2561669829222,101.56,94.18,53.47,101.56,12.88,33.08,0.0,0.0,14.63,30.27,0.0,11.13,2.69,13.07,19.95,44.9,Fairfield Stags
Caleb Fields,920.0,1739.0,6.13,100.62821245002856,94.49913144180661,100.63,93.2,52.94,101.54,12.62,33.12,0.0,0.0,14.62,30.21,0.0,11.31,2.63,13.08,19.59,44.83,Fairfield Stags
Jalen Leach,920.0,1739.0,6.13,100.62821245002856,94.49913144180661,100.63,93.2,52.94,101.54,12.62,33.12,0.0,0.0,14.62,30.21,0.0,11.31,2.63,13.08,19.59,44.83,Fairfield Stags
Peyton Smith,400.0,781.0,5.77,101.27877237851663,95.51282051282051,101.28,95.27,53.32,98.98,12.28,31.71,0.0,0.0,13.55,29.67,0.0,9.46,2.43,14.58,21.23,43.22,Fairfield Stags
Brycen Goodine,80.0,149.0,4.49,90.78947368421053,86.3013698630137,90.79,82.89,47.37,101.32,9.87,33.55,0.0,0.0,14.47,29.61,0.0,13.16,1.97,13.16,15.79,44.08,Fairfield Stags
Louis Bleechmore,520.0,988.0,2.6,98.3,95.69672131147541,98.3,93.4,53.2,101.3,11.1,31.6,0.0,0.0,14.2,31.1,0.0,10.9,3.0,12.9,20.1,45.3,Fairfield Stags
Alexis Yetna,120.0,213.0,0.17,91.16279069767442,90.99526066350711,91.16,89.3,51.63,109.77,6.51,33.02,0.0,0.0,18.14,32.56,0.0,13.02,4.19,8.37,20.93,50.7,Fairfield Stags
Terrence Brown,569.8,1146.0,-1.28,90.595340811044,91.87996469549867,90.6,89.82,50.3,102.5,9.4,28.04,0.0,0.0,17.26,31.92,0.0,10.09,3.45,14.75,21.83,49.18,Fairleigh Dickinson Knights
Heru Bligen,160.0,320.5,-1.74,90.40247678018576,92.13836477987421,90.4,90.71,49.85,103.41,9.91,33.75,0.0,0.0,18.58,32.2,0.0,8.98,3.72,15.17,20.43,50.78,Fairleigh Dickinson Knights
Ansley Almonor,649.8,1302.0,-1.84,89.10060975609755,90.94427244582043,89.1,89.56,49.24,102.06,9.53,29.42,0.0,0.0,17.53,32.32,0.0,10.14,3.2,15.47,21.88,49.85,Fairleigh Dickinson Knights
Jo'el Emanuel,649.8,1302.0,-1.84,89.10060975609755,90.94427244582043,89.1,89.56,49.24,102.06,9.53,29.42,0.0,0.0,17.53,32.32,0.0,10.14,3.2,15.47,21.88,49.85,Fairleigh Dickinson Knights
Sean Moore,689.8,1379.0,-3.37,87.9942487419123,91.36795903438187,87.99,89.79,48.81,102.16,9.2,29.4,0.0,0.0,17.76,32.28,0.0,9.85,3.24,15.6,21.57,50.04,Fairleigh Dickinson Knights
Joe Munden Jr.,569.8,1135.5,-5.59,86.05056669572798,91.63701067615658,86.05,89.8,48.04,101.92,8.63,28.16,0.0,0.0,17.79,32.26,0.0,9.76,3.14,15.87,21.53,50.05,Fairleigh Dickinson Knights
DeVante Jamison,120.0,233.0,-13.89,75.0,88.88888888888889,75.0,89.66,41.38,100.43,8.19,36.21,0.0,0.0,20.26,34.05,0.0,8.62,2.16,19.83,20.26,54.31,Fairleigh Dickinson Knights
Sebastien Lamaute,40.0,77.0,-29.05,69.62025316455697,98.66666666666667,69.62,93.67,41.77,103.8,3.8,29.11,0.0,0.0,21.52,31.65,0.0,5.06,3.8,17.72,16.46,53.17,Fairleigh Dickinson Knights
,40.0,80.0,20.41,93.82716049382715,73.41772151898735,93.83,71.6,50.62,87.65,8.64,14.81,0.0,0.0,12.35,25.93,0.0,18.52,4.94,24.69,20.99,38.28,Florida A&M Rattlers
Morrell Schramm,39.4,83.5,8.41,83.72093023255815,75.30864197530865,83.72,70.93,53.49,87.21,5.81,16.28,0.0,0.0,8.14,38.37,0.0,3.49,6.98,20.93,23.26,46.51,Florida A&M Rattlers
Chase Barrs,45.0,85.0,-1.41,89.28571428571429,90.69767441860465,89.29,92.86,47.62,88.1,7.14,23.81,0.0,0.0,11.9,38.1,0.0,4.76,4.76,23.81,26.19,50.0,Florida A&M Rattlers
Hantz Louis-Jeune,279.4,536.5,-3.25,94.90566037735849,98.15837937384899,94.91,100.57,52.26,98.49,8.87,24.53,0.0,0.0,16.98,34.15,0.0,5.85,2.83,18.49,22.83,51.13,Florida A&M Rattlers
Shannon Grant,529.4,1010.0,-5.86,87.28728728728728,93.1439764936337,87.29,95.2,48.45,96.2,7.31,22.62,0.0,0.0,15.92,33.93,0.0,7.01,3.7,19.72,22.82,49.85,Florida A&M Rattlers
Keith Lamar,569.4,1097.5,-6.38,88.21362799263352,94.58972046889089,88.21,96.59,48.8,96.04,7.46,22.47,0.0,0.0,15.65,33.52,0.0,7.0,3.5,19.61,22.56,49.17,Florida A&M Rattlers
Roderick Coffee III,125.0,224.5,-7.2,93.24324324324324,100.44052863436124,93.24,102.7,46.4,93.69,13.51,33.33,0.0,0.0,18.02,35.14,0.0,4.5,2.7,24.32,25.68,53.16,Florida A&M Rattlers
Jalen Speer,604.4,1145.5,-7.75,88.18342151675485,95.93777009507347,88.18,97.88,48.32,96.91,8.11,23.9,0.0,0.0,16.67,33.6,0.0,6.79,3.26,19.75,22.57,50.27,Florida A&M Rattlers
K'Jei Parker,530.0,1004.0,-8.38,87.79011099899093,96.16519174041298,87.79,98.69,47.73,96.37,7.87,23.92,0.0,0.0,16.25,33.4,0.0,6.96,3.13,19.88,22.7,49.65,Florida A&M Rattlers
Jordan Chatman,405.0,745.5,-11.86,83.22056833558862,95.07978723404256,83.22,96.75,45.33,96.89,7.17,23.55,0.0,0.0,17.46,34.1,0.0,7.31,3.65,20.57,22.46,51.56,Florida A&M Rattlers
Ja'Derryus Eatmon,120.0,220.5,-14.06,92.69406392694064,106.75675675675676,92.69,108.22,47.49,96.8,11.42,29.68,0.0,0.0,18.26,33.79,0.0,5.02,1.83,21.46,22.83,52.05,Florida A&M Rattlers
Giancarlo Rosado,40.0,69.5,20.1,112.85714285714286,92.7536231884058,112.86,91.43,55.71,105.71,15.71,37.14,0.0,0.0,18.57,31.43,0.0,10.0,1.43,12.86,12.86,50.0,Florida Atlantic Owls
Nicholas Boyd,455.0,889.0,8.11,103.65853658536585,95.54794520547945,103.66,92.79,55.32,104.32,12.31,33.26,0.0,0.0,16.85,31.82,0.0,9.31,3.77,12.53,19.18,48.67,Florida Atlantic Owls
Bryan Greenlee,495.0,964.0,7.85,104.902962206333,97.04952581664911,104.9,94.08,55.67,105.11,12.46,33.5,0.0,0.0,17.47,31.87,0.0,9.09,3.98,12.36,18.49,49.34,Florida Atlantic Owls
Alijah Martin,775.0,1519.0,6.0,100.25990903183886,94.26284189459639,100.26,91.81,55.04,101.95,10.46,30.02,0.0,0.0,15.2,32.42,0.0,8.38,3.9,13.26,19.88,47.62,Florida Atlantic Owls
Johnell Davis,815.0,1594.0,5.95,101.17574257425743,95.22900763358778,101.18,92.64,55.26,102.54,10.64,30.32,0.0,0.0,15.66,32.43,0.0,8.29,4.02,13.12,19.43,48.09,Florida Atlantic Owls
Vladislav Goldin,815.0,1594.0,5.95,101.17574257425743,95.22900763358778,101.18,92.64,55.26,102.54,10.64,30.32,0.0,0.0,15.66,32.43,0.0,8.29,4.02,13.12,19.43,48.09,Florida Atlantic Owls
Brandon Weatherspoon,360.0,705.0,3.21,98.0392156862745,94.82758620689656,98.04,92.44,55.18,100.28,8.54,26.61,0.0,0.0,14.15,33.19,0.0,7.0,4.34,13.87,19.75,47.34,Florida Atlantic Owls
Jalen Gaffney,320.0,635.5,1.37,96.42857142857143,95.05582137161085,96.43,92.55,55.12,99.69,7.76,25.47,0.0,0.0,13.66,33.39,0.0,6.68,4.66,13.98,20.5,47.05,Florida Atlantic Owls
Micah Handlogten,895.0,1886.5,2.73,97.88695192815636,95.15957446808511,97.89,94.51,55.36,104.38,8.98,26.04,0.0,0.0,16.85,31.64,0.0,7.4,5.86,12.47,22.08,48.49,Florida Gators
Tyrese Samuel,895.0,1886.5,2.73,97.88695192815636,95.15957446808511,97.89,94.51,55.36,104.38,8.98,26.04,0.0,0.0,16.85,31.64,0.0,7.4,5.86,12.47,22.08,48.49,Florida Gators
Walter Clayton Jr.,895.0,1886.5,2.73,97.88695192815636,95.15957446808511,97.89,94.51,55.36,104.38,8.98,26.04,0.0,0.0,16.85,31.64,0.0,7.4,5.86,12.47,22.08,48.49,Florida Gators
Will Richard,895.0,1886.5,2.73,97.88695192815636,95.15957446808511,97.89,94.51,55.36,104.38,8.98,26.04,0.0,0.0,16.85,31.64,0.0,7.4,5.86,12.47,22.08,48.49,Florida Gators
Zyon Pullin,895.0,1886.5,2.73,97.88695192815636,95.15957446808511,97.89,94.51,55.36,104.38,8.98,26.04,0.0,0.0,16.85,31.64,0.0,7.4,5.86,12.47,22.08,48.49,Florida Gators
Dakota Rivers,40.0,79.5,9.97,112.5,102.53164556962024,112.5,101.25,60.0,101.25,11.25,27.5,0.0,0.0,11.25,33.75,0.0,8.75,8.75,10.0,26.25,45.0,Florida Gulf Coast Eagles
Franco Miller Jr.,40.0,79.5,9.97,112.5,102.53164556962024,112.5,101.25,60.0,101.25,11.25,27.5,0.0,0.0,11.25,33.75,0.0,8.75,8.75,10.0,26.25,45.0,Florida Gulf Coast Eagles
Isaiah Thompson,600.0,1082.0,4.69,101.02420856610802,96.3302752293578,101.02,97.77,51.68,98.79,11.27,30.54,0.0,0.0,13.78,35.66,0.0,9.22,4.66,14.99,20.11,49.44,Florida Gulf Coast Eagles
Cyrus Largie,600.0,1060.5,4.15,101.98863636363636,97.84037558685445,101.99,98.67,52.94,100.0,11.27,30.21,0.0,0.0,15.34,35.13,0.0,8.9,4.45,15.34,19.98,50.47,Florida Gulf Coast Eagles
Keeshawn Kellman,680.0,1223.0,2.69,100.3281378178835,97.6365118174409,100.33,98.28,52.17,99.75,11.16,30.27,0.0,0.0,14.93,35.19,0.0,8.61,4.35,15.18,20.02,50.12,Florida Gulf Coast Eagles
Dallion Johnson,640.0,1143.5,2.17,99.47322212467077,97.29965156794425,99.47,98.07,51.62,99.65,11.15,30.47,0.0,0.0,15.19,35.29,0.0,8.6,4.04,15.54,19.58,50.48,Florida Gulf Coast Eagles
Zach Anderson,640.0,1143.5,2.17,99.47322212467077,97.29965156794425,99.47,98.07,51.62,99.65,11.15,30.47,0.0,0.0,15.19,35.29,0.0,8.6,4.04,15.54,19.58,50.48,Florida Gulf Coast Eagles
Rahmir Barno,160.0,303.5,-9.46,92.20779220779221,101.67224080267559,92.21,98.7,51.3,102.27,10.39,29.55,0.0,0.0,17.53,33.77,0.0,5.52,2.92,15.26,19.81,51.3,Florida Gulf Coast Eagles
Petar Krivokapic,40.0,83.5,6.01,103.65853658536585,97.6470588235294,103.66,101.22,48.78,93.9,17.07,34.15,0.0,0.0,12.2,36.59,0.0,4.88,9.76,18.29,21.95,48.79,Florida International Panthers
Jayden Brewer,40.0,72.5,5.98,91.8918918918919,85.91549295774648,91.89,82.43,47.3,112.16,14.86,43.24,0.0,0.0,20.27,28.38,0.0,12.16,10.81,8.11,21.62,48.65,Florida International Panthers
Dante Wilcox,440.0,851.0,-3.24,91.49940968122786,94.73684210526315,91.5,95.63,47.7,99.76,10.86,33.18,0.0,0.0,14.64,28.45,0.0,10.86,7.67,14.88,22.31,43.09,Florida International Panthers
Jaidon Lipscomb,680.0,1314.5,-6.53,91.73047473200613,98.2615268329554,91.73,99.54,47.47,97.86,11.49,32.92,0.0,0.0,14.24,27.11,0.0,11.33,6.13,16.39,21.29,41.35,Florida International Panthers
Javaunte Hawkins,720.0,1389.5,-6.55,91.3768115942029,97.92709077912795,91.38,99.28,47.54,98.26,11.09,32.39,0.0,0.0,14.35,26.88,0.0,11.52,6.09,16.09,21.45,41.23,Florida International Panthers
Seth Pinkney,720.0,1389.5,-6.55,91.3768115942029,97.92709077912795,91.38,99.28,47.54,98.26,11.09,32.39,0.0,0.0,14.35,26.88,0.0,11.52,6.09,16.09,21.45,41.23,Florida International Panthers
Jonathan Aybar,40.0,75.0,-6.97,85.13513513513513,92.10526315789474,85.14,94.59,48.65,105.41,4.05,22.97,0.0,0.0,16.22,22.97,0.0,14.86,5.41,10.81,24.32,39.19,Florida International Panthers
Arturo Dean,640.0,1233.5,-8.11,90.52287581699346,98.63234111021721,90.52,100.16,47.47,97.71,10.46,31.62,0.0,0.0,14.13,26.14,0.0,11.93,5.56,16.42,21.41,40.27,Florida International Panthers
Dashon Gittens,280.0,538.5,-11.76,91.18198874296435,102.94117647058823,91.18,105.07,47.28,95.87,11.44,31.14,0.0,0.0,13.88,24.39,0.0,12.57,3.56,18.01,20.08,38.27,Florida International Panthers
Isaac Spainhour,40.0,81.5,6.25,100.0,93.75,100.0,90.36,51.81,107.23,14.46,39.76,0.0,0.0,18.07,28.92,0.0,12.05,7.23,10.84,16.87,46.99,Florida State Seminoles
Jaylan Gainey,40.0,81.5,6.25,100.0,93.75,100.0,90.36,51.81,107.23,14.46,39.76,0.0,0.0,18.07,28.92,0.0,12.05,7.23,10.84,16.87,46.99,Florida State Seminoles
Josh Nickelberry,40.0,81.5,6.25,100.0,93.75,100.0,90.36,51.81,107.23,14.46,39.76,0.0,0.0,18.07,28.92,0.0,12.05,7.23,10.84,16.87,46.99,Florida State Seminoles
Chandler Jackson,40.0,83.0,2.67,97.67441860465115,95.0,97.67,88.37,56.98,93.02,8.14,20.93,0.0,0.0,5.81,25.58,0.0,11.63,0.0,12.79,18.6,31.39,Florida State Seminoles
De'Ante Green,560.0,1159.0,0.63,91.77489177489177,91.14359415305245,91.77,91.77,51.26,97.32,6.75,21.21,0.0,0.0,11.95,27.01,0.0,10.74,5.19,14.63,24.85,38.96,Florida State Seminoles
Jamir Watkins,880.0,1813.5,-1.44,92.71523178807946,94.15977961432506,92.72,94.32,52.21,98.34,6.9,21.85,0.0,0.0,12.42,26.66,0.0,10.93,4.91,14.07,23.73,39.08,Florida State Seminoles
Darin Green Jr.,840.0,1730.5,-1.65,92.46813441483198,94.12103746397695,92.47,94.61,51.97,98.61,6.84,21.9,0.0,0.0,12.75,26.71,0.0,10.89,5.16,14.14,23.99,39.46,Florida State Seminoles
Baba Miller,840.0,1732.0,-1.81,92.36552920763447,94.17867435158502,92.37,94.51,52.23,97.92,6.54,20.99,0.0,0.0,12.15,26.55,0.0,10.87,4.8,14.23,24.06,38.7,Florida State Seminoles
Jalen Warley,840.0,1732.0,-1.81,92.36552920763447,94.17867435158502,92.37,94.51,52.23,97.92,6.54,20.99,0.0,0.0,12.15,26.55,0.0,10.87,4.8,14.23,24.06,38.7,Florida State Seminoles
Cam Corhen,280.0,573.0,-6.8,93.55400696864112,100.34965034965036,93.55,100.0,54.18,99.13,6.1,20.56,0.0,0.0,12.54,25.61,0.0,11.15,4.01,13.41,22.47,38.15,Florida State Seminoles
Jahmere Tripp,245.0,452.0,2.17,91.03139013452915,88.8646288209607,91.03,91.26,49.1,105.83,10.99,33.63,0.0,0.0,23.09,32.29,0.0,9.87,6.05,17.26,27.58,55.38,Fordham Rams
Abdou Tsimbila,500.0,965.0,1.89,91.01479915433404,89.1260162601626,91.01,92.71,49.05,105.18,11.21,33.51,0.0,0.0,20.93,30.97,0.0,9.73,6.55,15.75,26.64,51.9,Fordham Rams
Antrell Charlton,620.0,1204.0,0.88,89.9830220713073,89.10569105691057,89.98,93.04,48.47,104.75,10.78,32.94,0.0,0.0,20.03,31.49,0.0,9.42,6.11,15.28,26.57,51.52,Fordham Rams
Kyle Rose,819.9,1565.5,-1.75,89.94121489222731,91.6875,89.94,95.82,47.94,104.18,10.97,34.36,0.0,0.0,19.4,30.83,0.0,9.93,6.07,15.22,26.39,50.23,Fordham Rams
Japhet Medor,374.9,719.0,-2.86,94.42857142857143,97.289972899729,94.43,102.57,49.71,104.14,12.14,36.57,0.0,0.0,18.57,29.0,0.0,11.0,6.57,14.43,25.71,47.57,Fordham Rams
Will Richardson,534.9,1031.0,-3.34,91.5506958250497,94.88636363636364,91.55,99.6,48.61,103.88,11.13,34.49,0.0,0.0,18.19,29.92,0.0,10.24,5.96,14.31,25.75,48.11,Fordham Rams
Romad Dean,604.9,1125.5,-3.71,88.95927601809954,92.67015706806284,88.96,96.11,47.33,103.98,10.59,34.3,0.0,0.0,19.64,31.04,0.0,10.05,5.61,15.66,26.52,50.68,Fordham Rams
Albe Evans,40.0,82.5,-4.15,63.29113924050633,67.44186046511628,63.29,73.42,32.91,98.73,8.86,36.71,0.0,0.0,13.92,34.18,0.0,6.33,7.59,15.19,27.85,48.1,Fordham Rams
Ogheneyole Akuwovo,40.0,82.5,-4.15,63.29113924050633,67.44186046511628,63.29,73.42,32.91,98.73,8.86,36.71,0.0,0.0,13.92,34.18,0.0,6.33,7.59,15.19,27.85,48.1,Fordham Rams
Elijah Gray,319.9,600.5,-7.57,88.2051282051282,95.77922077922078,88.21,100.85,46.15,102.56,10.6,35.73,0.0,0.0,16.92,30.6,0.0,10.26,5.3,14.36,25.98,47.52,Fordham Rams
Eduardo Andre,280.0,484.0,-10.96,96.90721649484536,107.86749482401656,96.91,107.42,48.87,98.14,11.13,30.72,0.0,0.0,13.61,30.93,0.0,8.66,4.12,15.46,22.27,44.54,Fresno State Bulldogs
Donavan Yap Jr.,40.0,82.0,-10.98,84.14634146341463,95.1219512195122,84.15,95.12,47.56,81.71,8.54,26.83,0.0,0.0,7.32,29.27,0.0,9.76,7.32,25.61,23.17,36.59,Fresno State Bulldogs
Enoch Boakye,645.0,1151.0,-12.48,91.27806563039724,103.75874125874125,91.28,102.5,48.45,95.51,10.1,28.84,0.0,0.0,12.0,31.95,0.0,8.2,3.45,16.49,22.28,43.95,Fresno State Bulldogs
Isaiah Pope,770.0,1354.0,-12.92,92.09748892171345,105.02215657311669,92.1,105.02,48.3,97.56,10.34,30.72,0.0,0.0,13.22,30.87,0.0,8.12,3.1,15.66,23.04,44.09,Fresno State Bulldogs
Isaiah Hill,810.0,1433.5,-14.02,90.801393728223,104.81843575418995,90.8,104.6,47.87,97.28,10.24,30.8,0.0,0.0,12.82,31.22,0.0,8.01,3.14,15.54,22.72,44.04,Fresno State Bulldogs
Xavier DuSell,810.0,1433.5,-14.02,90.801393728223,104.81843575418995,90.8,104.6,47.87,97.28,10.24,30.8,0.0,0.0,12.82,31.22,0.0,8.01,3.14,15.54,22.72,44.04,Fresno State Bulldogs
Jalen Weaver,365.0,635.5,-15.08,88.55799373040753,103.63349131121642,88.56,102.82,47.02,98.9,10.34,32.92,0.0,0.0,12.54,31.35,0.0,7.21,1.88,13.64,21.79,43.89,Fresno State Bulldogs
Leo Colimerio,330.0,594.0,-21.3,85.20408163265306,106.5,85.2,108.67,45.92,99.83,9.69,33.16,0.0,0.0,13.95,30.95,0.0,7.48,2.55,14.12,24.15,44.9,Fresno State Bulldogs
Alex Williams,365.0,703.5,6.76,100.0,93.23741007194245,100.0,91.01,51.83,99.72,13.62,35.81,0.0,0.0,13.2,32.44,0.0,9.27,2.95,13.48,19.1,45.64,Furman Paladins
Marcus Foster,650.0,1244.5,4.78,98.48121502797763,93.69951534733441,98.48,92.73,51.48,101.36,13.19,38.37,0.0,0.0,14.23,32.93,0.0,8.47,3.36,12.87,20.78,47.16,Furman Paladins
JP Pegues,770.0,1476.0,4.25,97.91245791245792,93.66053169734151,97.91,92.53,51.45,101.75,12.73,37.98,0.0,0.0,14.61,32.86,0.0,8.69,3.3,12.86,20.2,47.47,Furman Paladins
Ben VanderWal,365.0,694.0,4.19,101.43266475644698,97.2463768115942,101.43,96.13,53.15,102.44,13.47,40.11,0.0,0.0,14.18,31.23,0.0,7.74,4.01,11.75,20.92,45.41,Furman Paladins
Tyrese Hughey,525.0,1007.0,3.4,96.07072691552064,92.67068273092369,96.07,90.67,50.88,101.87,11.98,35.95,0.0,0.0,15.82,33.6,0.0,9.33,3.14,13.95,18.96,49.42,Furman Paladins
Carter Whitt,445.0,858.0,1.98,96.43268124280783,94.45100354191264,96.43,92.06,51.09,102.19,12.43,36.71,0.0,0.0,15.65,32.11,0.0,9.78,3.11,13.46,18.53,47.76,Furman Paladins
Garrett Hien,445.0,846.5,-0.2,95.29411764705881,95.49228944246738,95.29,94.71,51.18,104.59,11.65,40.0,0.0,0.0,17.18,32.82,0.0,8.35,3.88,12.59,20.71,50.0,Furman Paladins
PJay Smith Jr.,445.0,846.5,-0.2,95.29411764705881,95.49228944246738,95.29,94.71,51.18,104.59,11.65,40.0,0.0,0.0,17.18,32.82,0.0,8.35,3.88,12.59,20.71,50.0,Furman Paladins
Cooper Bowser,40.0,74.0,-22.96,88.31168831168831,111.26760563380283,88.31,102.6,51.95,114.29,9.09,40.26,0.0,0.0,29.87,28.57,0.0,10.39,6.49,15.58,15.58,58.44,Furman Paladins
Cheickna Sissoko,40.0,71.0,4.96,96.0,91.04477611940298,96.0,81.33,46.67,94.67,18.67,33.33,0.0,0.0,12.0,26.67,0.0,5.33,1.33,17.33,20.0,38.67,Gardner-Webb Runnin' Bulldogs
Lucas Stieber,680.0,1351.5,2.93,92.08364451082898,89.14956011730204,92.08,90.81,50.34,100.22,10.01,25.69,0.0,0.0,14.86,32.86,0.0,7.17,2.91,14.64,24.72,47.72,Gardner-Webb Runnin' Bulldogs
Julien Soumaoro,565.0,1116.5,2.64,91.84043517679056,89.20353982300885,91.84,91.39,49.95,100.0,9.88,26.65,0.0,0.0,15.05,33.09,0.0,7.43,2.81,15.05,24.93,48.14,Gardner-Webb Runnin' Bulldogs
Ademide Badmus,605.0,1200.0,2.48,92.58635214827295,90.10717230008244,92.59,92.08,50.46,101.18,9.77,26.2,0.0,0.0,16.09,33.45,0.0,7.08,3.2,14.91,25.19,49.54,Gardner-Webb Runnin' Bulldogs
DQ Nicholas,725.0,1437.0,1.93,91.57894736842105,89.648033126294,91.58,91.16,50.11,100.21,9.82,25.82,0.0,0.0,15.16,33.12,0.0,7.02,2.88,14.95,24.7,48.28,Gardner-Webb Runnin' Bulldogs
Quest Aldridge,725.0,1437.0,1.93,91.57894736842105,89.648033126294,91.58,91.16,50.11,100.21,9.82,25.82,0.0,0.0,15.16,33.12,0.0,7.02,2.88,14.95,24.7,48.28,Gardner-Webb Runnin' Bulldogs
Caleb Robinson,205.0,406.0,-3.36,89.2156862745098,92.57425742574257,89.22,91.67,49.75,100.74,9.07,24.02,0.0,0.0,16.42,34.07,0.0,5.39,2.94,15.69,24.02,50.49,Gardner-Webb Runnin' Bulldogs
Isaiah Richards,80.0,166.0,-3.59,82.20858895705521,85.79881656804734,82.21,88.96,49.08,95.71,6.13,19.63,0.0,0.0,9.82,33.74,0.0,7.36,1.23,14.11,23.31,43.56,Gardner-Webb Runnin' Bulldogs
Woody Newton,160.0,266.5,9.5,91.28787878787878,81.78438661710037,91.29,83.33,48.48,100.76,7.95,28.79,0.0,0.0,17.05,35.23,0.0,10.23,5.68,16.29,24.62,52.28,George Mason Patriots
Baraka Okojie,360.0,622.5,2.93,91.8918918918919,88.96103896103897,91.89,87.12,50.87,99.21,8.27,27.34,0.0,0.0,17.01,35.14,0.0,7.79,5.41,17.81,23.05,52.15,George Mason Patriots
Darius Maddox,600.0,1076.5,2.79,94.24326833797586,91.44981412639405,94.24,91.36,52.55,100.46,8.73,27.02,0.0,0.0,15.97,33.8,0.0,8.26,3.62,15.51,23.03,49.77,George Mason Patriots
Amari Kelly,760.0,1364.0,1.78,94.10050983248361,92.32472324723247,94.1,91.11,52.8,100.07,8.74,27.09,0.0,0.0,16.1,33.72,0.0,7.87,3.86,16.02,22.8,49.82,George Mason Patriots
Jared Billups,760.0,1364.0,1.78,94.10050983248361,92.32472324723247,94.1,91.11,52.8,100.07,8.74,27.09,0.0,0.0,16.1,33.72,0.0,7.87,3.86,16.02,22.8,49.82,George Mason Patriots
Ronald Polite III,560.0,1029.0,0.0,95.28846153846153,95.28487229862476,95.29,93.27,54.23,100.19,9.04,27.02,0.0,0.0,15.67,32.79,0.0,7.5,3.17,15.48,22.4,48.46,George Mason Patriots
Keyshawn Hall,600.0,1097.5,-0.17,94.77006311992785,94.93554327808471,94.77,92.97,53.83,99.91,8.93,26.69,0.0,0.0,15.87,33.36,0.0,7.3,3.43,15.96,22.36,49.23,George Mason Patriots
Antoine Smith Jr.,160.0,302.0,-0.64,102.65780730897009,103.30033003300329,102.66,103.99,53.16,95.02,14.62,37.54,0.0,0.0,9.63,29.24,0.0,7.64,3.65,14.62,20.6,38.87,George Washington Revolutionaries
Trey Autry,280.0,507.0,-7.1,96.44268774703558,103.54330708661416,96.44,103.95,50.2,98.42,12.65,33.79,0.0,0.0,11.66,32.61,0.0,6.32,4.15,13.24,19.76,44.27,George Washington Revolutionaries
Jacoi Hutchinson,400.0,739.0,-9.61,95.6639566395664,105.27027027027027,95.66,105.56,49.59,97.83,12.47,34.69,0.0,0.0,11.65,31.17,0.0,7.05,4.2,13.82,19.92,42.82,George Washington Revolutionaries
Babatunde Akingbola,780.0,1491.5,-9.69,93.35106382978722,103.04259634888437,93.35,101.33,50.33,99.07,11.04,31.38,0.0,0.0,13.03,31.72,0.0,6.91,4.92,13.96,19.48,44.75,George Washington Revolutionaries
James Bishop IV,780.0,1491.5,-9.69,93.35106382978722,103.04259634888437,93.35,101.33,50.33,99.07,11.04,31.38,0.0,0.0,13.03,31.72,0.0,6.91,4.92,13.96,19.48,44.75,George Washington Revolutionaries
Darren Buchanan Jr.,620.0,1189.0,-9.84,92.29494614747308,102.13492741246797,92.29,99.09,50.37,99.25,10.69,29.91,0.0,0.0,13.59,32.56,0.0,6.63,5.3,14.33,18.64,46.15,George Washington Revolutionaries
Garrett Johnson,420.0,827.0,-11.27,91.17997616209773,102.45398773006136,91.18,99.52,50.54,100.48,9.77,28.96,0.0,0.0,14.18,31.94,0.0,7.03,5.36,13.71,19.31,46.12,George Washington Revolutionaries
Maximus Edwards,460.0,910.5,-12.44,90.11943539630836,102.55555555555556,90.12,100.22,49.84,100.22,9.45,29.53,0.0,0.0,14.22,31.16,0.0,7.17,5.43,14.01,19.87,45.38,George Washington Revolutionaries
Rowan Brumbaugh,520.0,956.5,-13.82,92.0,105.81516095534786,92.0,107.26,49.79,102.74,10.74,31.37,0.0,0.0,18.63,26.84,0.0,8.11,4.0,15.89,23.47,45.47,Georgetown Hoyas
Ismael Massoud,480.0,889.0,-14.2,91.80887372013652,106.00667408231368,91.81,108.42,49.49,105.12,10.47,33.45,0.0,0.0,19.45,26.51,0.0,8.42,4.44,14.33,23.66,45.96,Georgetown Hoyas
Jayden Epps,760.0,1430.5,-15.67,91.66077738515901,107.33056708160443,91.66,109.68,49.47,103.6,10.74,32.37,0.0,0.0,19.01,27.49,0.0,7.07,3.46,15.41,23.67,46.5,Georgetown Hoyas
Dontrez Styles,840.0,1565.5,-16.04,91.6774193548387,107.71663504111322,91.68,109.87,49.23,103.61,10.71,32.19,0.0,0.0,18.9,27.16,0.0,7.35,3.55,15.29,23.29,46.06,Georgetown Hoyas
Supreme Cook,840.0,1565.5,-16.04,91.6774193548387,107.71663504111322,91.68,109.87,49.23,103.61,10.71,32.19,0.0,0.0,18.9,27.16,0.0,7.35,3.55,15.29,23.29,46.06,Georgetown Hoyas
Jay Heath,480.0,892.5,-18.57,92.06349206349206,110.6312292358804,92.06,113.27,47.96,105.1,10.88,32.43,0.0,0.0,19.05,26.98,0.0,6.92,3.51,13.95,22.9,46.03,Georgetown Hoyas
Wayne Bristol Jr.,280.0,528.0,-19.88,90.2671755725191,110.15037593984962,90.27,111.83,49.24,100.19,10.69,30.73,0.0,0.0,17.94,28.24,0.0,5.73,1.53,17.75,21.95,46.18,Georgetown Hoyas
Dylan James,160.0,319.0,-1.12,92.38095238095238,93.49845201238391,92.38,95.87,50.16,104.76,9.84,28.89,0.0,0.0,17.46,33.33,0.0,8.25,2.54,12.7,20.95,50.79,Georgia Bulldogs
Blue Cain,200.0,393.5,-1.41,91.53846153846153,92.9471032745592,91.54,94.62,50.0,104.62,9.74,30.26,0.0,0.0,17.95,32.56,0.0,9.23,2.82,13.33,20.26,50.51,Georgia Bulldogs
RJ Sunahara,325.0,656.0,-3.57,94.57831325301204,98.14814814814815,94.58,95.78,52.56,101.36,10.99,30.27,0.0,0.0,15.51,29.97,0.0,8.13,3.92,14.16,20.63,45.48,Georgia Bulldogs
Silas Demary Jr.,765.0,1502.5,-5.67,94.39683586025049,100.06720430107528,94.4,98.15,52.54,101.32,9.95,29.4,0.0,0.0,15.69,30.45,0.0,7.91,3.49,14.37,20.7,46.14,Georgia Bulldogs
Noah Thomasson,805.0,1573.0,-6.11,93.82093316519547,99.93589743589743,93.82,98.3,51.83,101.39,10.15,30.71,0.0,0.0,15.83,30.77,0.0,7.88,3.53,14.44,20.74,46.6,Georgia Bulldogs
Russel Tchewa,805.0,1573.0,-6.11,93.82093316519547,99.93589743589743,93.82,98.3,51.83,101.39,10.15,30.71,0.0,0.0,15.83,30.77,0.0,7.88,3.53,14.44,20.74,46.6,Georgia Bulldogs
Jabri Abdur-Rahim,565.0,1103.5,-7.31,95.36128456735058,102.67034990791896,95.36,99.46,53.26,100.8,9.9,29.97,0.0,0.0,15.43,29.88,0.0,7.31,3.93,14.63,20.96,45.31,Georgia Bulldogs
Jalen DeLoach,160.0,304.0,-8.6,97.0873786407767,105.68561872909699,97.09,102.27,55.66,101.29,8.74,29.45,0.0,0.0,14.89,31.07,0.0,7.12,2.59,13.59,20.06,45.96,Georgia Bulldogs
Justin Hill,120.0,225.5,-13.71,85.39823008849558,99.11111111111111,85.4,98.67,44.25,96.46,11.5,40.71,0.0,0.0,13.27,31.42,0.0,7.52,2.65,16.81,20.8,44.69,Georgia Bulldogs
Matthew-Alexander Moncrieffe,40.0,70.5,-16.06,81.15942028985508,97.22222222222221,81.16,101.45,36.23,102.9,14.49,59.42,0.0,0.0,18.84,37.68,0.0,7.25,4.35,15.94,21.74,56.52,Georgia Bulldogs
RJ Melendez,80.0,144.5,-16.69,93.87755102040816,110.56338028169014,93.88,106.8,49.66,97.96,10.88,30.61,0.0,0.0,17.01,29.25,0.0,8.84,6.12,19.05,21.77,46.26,Georgia Bulldogs
Carlos Curry,40.0,81.5,31.63,111.39240506329114,79.76190476190477,111.39,84.81,49.37,86.08,18.99,36.71,0.0,0.0,12.66,41.77,0.0,12.66,10.13,26.58,24.05,54.43,Georgia Southern Eagles
Malik Tidwell,40.0,84.5,18.95,108.23529411764706,89.28571428571429,108.24,88.24,58.82,97.65,14.12,34.12,0.0,0.0,10.59,40.0,0.0,4.71,4.71,12.94,22.35,50.59,Georgia Southern Eagles
Jamar Franklin,245.0,511.0,13.45,99.5959595959596,86.14800759013282,99.6,91.72,52.73,98.18,11.11,27.68,0.0,0.0,13.54,33.74,0.0,7.68,5.66,15.35,24.04,47.28,Georgia Southern Eagles
Eugene Brown III,730.0,1487.0,3.5,95.30386740331491,91.8086500655308,95.3,96.75,50.76,97.86,11.33,31.7,0.0,0.0,13.47,31.56,0.0,8.36,5.32,15.61,25.97,45.03,Georgia Southern Eagles
Tyren Moore,810.0,1648.0,3.26,96.57534246575342,93.31360946745562,96.58,98.19,51.0,97.88,11.77,31.63,0.0,0.0,13.89,31.44,0.0,8.47,5.54,16.0,25.72,45.33,Georgia Southern Eagles
Avantae Parker,645.0,1324.0,3.14,96.13003095975232,92.99410029498524,96.13,97.6,51.63,98.84,11.46,31.89,0.0,0.0,13.93,31.81,0.0,8.05,4.95,15.09,26.01,45.74,Georgia Southern Eagles
Eren Banks,770.0,1563.5,2.4,95.92373438527285,93.52428393524283,95.92,98.75,50.56,97.9,11.64,31.49,0.0,0.0,14.07,30.97,0.0,8.68,5.59,16.17,25.9,45.04,Georgia Southern Eagles
Cam Bryant,485.0,975.0,-0.93,94.75341028331584,95.68706118355065,94.75,100.1,49.95,96.85,12.17,32.53,0.0,0.0,13.33,31.16,0.0,8.81,5.67,16.47,25.92,44.49,Georgia Southern Eagles
Nate Brafford,160.0,323.0,-1.38,103.16455696202532,104.54545454545455,103.16,109.18,52.53,100.63,13.61,34.81,0.0,0.0,18.04,28.16,0.0,9.18,6.01,17.41,26.58,46.2,Georgia Southern Eagles
Collin Kuhl,125.0,242.5,-5.56,94.04255319148936,99.6,94.04,105.96,48.09,96.6,11.06,28.51,0.0,0.0,14.04,25.96,0.0,9.36,7.23,17.45,24.68,40.0,Georgia Southern Eagles
Dwon Odom,725.0,1425.0,-0.11,96.3302752293578,96.44103279832518,96.33,97.53,52.08,103.67,9.39,28.16,0.0,0.0,15.24,35.57,0.0,6.85,3.67,11.57,20.96,50.81,Georgia State Panthers
Lucas Taylor,725.0,1430.0,-0.84,96.11581920903954,96.95290858725761,96.12,98.87,51.77,102.9,9.39,28.25,0.0,0.0,14.69,35.45,0.0,7.2,3.46,11.79,21.4,50.14,Georgia State Panthers
Jay'Den Turner,765.0,1502.5,-0.86,95.83892617449663,96.69966996699671,95.84,98.32,51.74,103.36,9.4,28.52,0.0,0.0,15.23,35.1,0.0,7.11,3.49,11.88,21.28,50.33,Georgia State Panthers
Leslie Nkereuwem,765.0,1502.5,-0.86,95.83892617449663,96.69966996699671,95.84,98.32,51.74,103.36,9.4,28.52,0.0,0.0,15.23,35.1,0.0,7.11,3.49,11.88,21.28,50.33,Georgia State Panthers
Toneari Lane,725.0,1428.0,-1.06,95.12367491166079,96.18320610687023,95.12,97.95,51.59,103.75,9.4,28.83,0.0,0.0,15.34,34.98,0.0,7.07,3.6,11.59,21.63,50.32,Georgia State Panthers
Brenden Tucker,120.0,224.5,-4.5,95.4954954954955,100.0,95.5,102.25,50.45,101.8,9.46,30.63,0.0,0.0,18.02,30.63,0.0,8.56,1.8,16.22,20.27,48.65,Georgia State Panthers
Tafara Gapare,400.0,744.5,-3.07,94.4141689373297,97.48344370860927,94.41,100.27,49.18,97.68,11.31,32.02,0.0,0.0,15.12,37.47,0.0,5.45,4.63,17.44,20.84,52.59,Georgia Tech Yellow Jackets
Ebenezer Dowuona,335.0,631.5,-3.47,94.98381877022653,98.44961240310077,94.98,102.75,49.51,98.87,12.14,34.63,0.0,0.0,14.24,34.95,0.0,5.18,5.18,15.37,21.84,49.19,Georgia Tech Yellow Jackets
Baye Ndongo,855.0,1599.0,-5.35,94.15501905972046,99.50738916256158,94.16,102.67,49.17,99.43,11.5,33.16,0.0,0.0,15.12,35.01,0.0,5.27,4.96,15.69,21.47,50.13,Georgia Tech Yellow Jackets
Kowacie Reeves Jr.,855.0,1599.0,-5.35,94.15501905972046,99.50738916256158,94.16,102.67,49.17,99.43,11.5,33.16,0.0,0.0,15.12,35.01,0.0,5.27,4.96,15.69,21.47,50.13,Georgia Tech Yellow Jackets
Miles Kelly,855.0,1599.0,-5.35,94.15501905972046,99.50738916256158,94.16,102.67,49.17,99.43,11.5,33.16,0.0,0.0,15.12,35.01,0.0,5.27,4.96,15.69,21.47,50.13,Georgia Tech Yellow Jackets
Naithan George,855.0,1599.0,-5.35,94.15501905972046,99.50738916256158,94.16,102.67,49.17,99.43,11.5,33.16,0.0,0.0,15.12,35.01,0.0,5.27,4.96,15.69,21.47,50.13,Georgia Tech Yellow Jackets
Ibrahima Sacko,120.0,223.0,-18.38,90.990990990991,109.375,90.99,110.36,48.2,106.76,10.36,32.88,0.0,0.0,17.57,27.03,0.0,4.95,5.41,10.81,22.52,44.6,Georgia Tech Yellow Jackets
Ben Gregg,600.0,1125.5,20.49,111.9718309859155,91.4798206278027,111.97,89.79,60.12,102.46,9.95,24.56,0.0,0.0,12.68,35.83,0.0,8.36,5.46,10.21,20.07,48.51,Gonzaga Bulldogs
Anton Watson,720.0,1374.0,20.23,110.46176046176046,90.23494860499267,110.46,88.67,59.38,101.73,9.6,24.6,0.0,0.0,12.48,35.43,0.0,8.95,5.27,10.75,20.06,47.91,Gonzaga Bulldogs
Graham Ike,720.0,1374.0,20.23,110.46176046176046,90.23494860499267,110.46,88.67,59.38,101.73,9.6,24.6,0.0,0.0,12.48,35.43,0.0,8.95,5.27,10.75,20.06,47.91,Gonzaga Bulldogs
Nolan Hickman,720.0,1374.0,20.23,110.46176046176046,90.23494860499267,110.46,88.67,59.38,101.73,9.6,24.6,0.0,0.0,12.48,35.43,0.0,8.95,5.27,10.75,20.06,47.91,Gonzaga Bulldogs
Ryan Nembhard,720.0,1374.0,20.23,110.46176046176046,90.23494860499267,110.46,88.67,59.38,101.73,9.6,24.6,0.0,0.0,12.48,35.43,0.0,8.95,5.27,10.75,20.06,47.91,Gonzaga Bulldogs
Dusty Stromer,120.0,248.5,18.98,103.60000000000001,84.61538461538461,103.6,83.6,56.0,98.4,8.0,24.8,0.0,0.0,11.6,33.6,0.0,11.6,4.4,13.2,20.0,45.2,Gonzaga Bulldogs
Jalen Johnson,160.0,301.0,13.7,95.69536423841059,82.0,95.7,81.46,53.64,97.35,8.94,21.19,0.0,0.0,15.56,33.44,0.0,10.6,3.97,18.21,20.2,49.0,Grambling Tigers
Antwan Burnett,769.9,1425.5,5.37,91.14186851211072,85.77524893314367,91.14,83.46,52.46,99.1,7.96,20.55,0.0,0.0,16.96,32.39,0.0,9.69,4.71,17.85,20.48,49.35,Grambling Tigers
Tra'Michael Moton,730.0,1363.5,4.47,90.02890173410405,85.55472822040208,90.03,83.02,52.24,99.42,8.02,20.95,0.0,0.0,16.55,31.72,0.0,9.97,4.99,17.12,20.3,48.27,Grambling Tigers
Jonathan Aku,809.9,1507.5,4.33,89.46335078534031,85.137861466039,89.46,82.85,51.83,99.21,7.66,20.48,0.0,0.0,16.95,32.0,0.0,9.88,4.84,17.74,20.62,48.95,Grambling Tigers
Kintavious Dozier,809.9,1507.5,4.33,89.46335078534031,85.137861466039,89.46,82.85,51.83,99.21,7.66,20.48,0.0,0.0,16.95,32.0,0.0,9.88,4.84,17.74,20.62,48.95,Grambling Tigers
Mikale Stevenson,79.9,144.0,2.78,84.02777777777779,81.25,84.03,81.25,47.92,97.22,4.17,15.97,0.0,0.0,20.83,34.72,0.0,9.03,3.47,23.61,23.61,55.55,Grambling Tigers
Jourdan Smith,649.9,1206.5,2.0,87.92822185970635,85.93091828138164,87.93,83.2,51.39,99.67,7.34,20.31,0.0,0.0,17.29,31.65,0.0,9.71,5.06,17.62,20.72,48.94,Grambling Tigers
Zahad Munford,40.0,82.0,-13.83,60.24096385542169,74.07407407407408,60.24,72.29,40.96,101.2,2.41,19.28,0.0,0.0,16.87,25.3,0.0,13.25,7.23,15.66,22.89,42.17,Grambling Tigers
Collin Moore,884.6,1766.0,10.83,95.16935036091061,84.34430964760254,95.17,81.07,55.41,100.83,8.5,24.65,0.0,0.0,16.1,31.76,0.0,10.22,6.39,15.27,22.71,47.86,Grand Canyon Lopes
Duke Brennan,884.6,1766.0,10.83,95.16935036091061,84.34430964760254,95.17,81.07,55.41,100.83,8.5,24.65,0.0,0.0,16.1,31.76,0.0,10.22,6.39,15.27,22.71,47.86,Grand Canyon Lopes
Gabe McGlothan,884.6,1766.0,10.83,95.16935036091061,84.34430964760254,95.17,81.07,55.41,100.83,8.5,24.65,0.0,0.0,16.1,31.76,0.0,10.22,6.39,15.27,22.71,47.86,Grand Canyon Lopes
Ray Harrison,884.6,1766.0,10.83,95.16935036091061,84.34430964760254,95.17,81.07,55.41,100.83,8.5,24.65,0.0,0.0,16.1,31.76,0.0,10.22,6.39,15.27,22.71,47.86,Grand Canyon Lopes
Tyon Grant-Foster,884.6,1766.0,10.83,95.16935036091061,84.34430964760254,95.17,81.07,55.41,100.83,8.5,24.65,0.0,0.0,16.1,31.76,0.0,10.22,6.39,15.27,22.71,47.86,Grand Canyon Lopes
Noah Reynolds,604.4,1116.5,11.29,102.17588395285584,90.88495575221239,102.18,93.11,52.58,97.55,14.14,37.99,0.0,0.0,13.06,33.27,0.0,6.35,2.72,15.5,24.12,46.33,Green Bay Phoenix
Marcus Hall,80.0,141.5,10.45,102.17391304347827,91.72413793103448,102.17,96.38,50.72,93.48,15.22,34.78,0.0,0.0,15.22,34.06,0.0,6.52,2.17,21.74,28.99,49.28,Green Bay Phoenix
Clarence Cummings III,604.0,1097.0,9.69,101.10294117647058,91.41048824593129,101.1,92.92,52.11,97.98,14.15,38.88,0.0,0.0,13.14,33.82,0.0,5.97,2.57,15.17,23.07,46.96,Green Bay Phoenix
Will Eames,200.0,365.0,8.9,97.78393351800554,88.88888888888889,97.78,90.86,50.69,95.57,13.57,37.95,0.0,0.0,11.63,32.41,0.0,7.48,2.77,16.07,21.61,44.04,Green Bay Phoenix
Rich Byhre,804.0,1490.5,7.15,99.1864406779661,92.03187250996015,99.19,93.97,51.53,97.29,13.56,37.42,0.0,0.0,12.81,33.02,0.0,5.9,2.51,15.53,23.86,45.83,Green Bay Phoenix
Elijah Jones,684.0,1282.5,5.22,98.26771653543307,93.05019305019306,98.27,94.88,51.42,97.4,13.23,36.61,0.0,0.0,12.76,32.83,0.0,5.59,2.36,15.35,24.41,45.59,Green Bay Phoenix
Preston Ruedinger,644.2,1212.5,4.47,97.07112970711297,92.60162601626017,97.07,95.31,50.79,97.91,13.31,37.91,0.0,0.0,12.97,32.47,0.0,5.44,2.43,15.06,24.77,45.44,Green Bay Phoenix
David Douglas Jr.,399.5,747.0,3.46,97.0469798657718,93.59145527369826,97.05,94.09,51.01,96.24,12.48,35.3,0.0,0.0,11.95,32.75,0.0,5.5,2.42,15.7,22.42,44.7,Green Bay Phoenix
Ford Cooper,360.0,673.0,-8.35,84.82142857142857,93.17507418397626,84.82,93.45,46.58,103.27,8.63,29.91,0.0,0.0,16.96,35.42,0.0,5.95,6.99,13.69,19.35,52.38,Hampton Pirates
Jerry Deng,400.0,749.5,-11.22,83.17757009345794,94.39999999999999,83.18,94.53,45.66,102.8,8.54,30.44,0.0,0.0,16.82,34.58,0.0,6.14,6.54,14.02,19.23,51.4,Hampton Pirates
Ja'Von Benson,480.0,905.0,-12.95,90.68736141906874,103.63436123348018,90.69,104.32,48.67,100.89,9.65,31.37,0.0,0.0,15.52,33.48,0.0,6.1,4.88,14.63,20.29,49.0,Hampton Pirates
Joshua Lusane,200.0,372.0,-13.5,87.56756756756758,101.06951871657755,87.57,102.16,45.41,99.73,10.27,29.46,0.0,0.0,17.3,34.86,0.0,5.68,6.49,17.57,19.73,52.16,Hampton Pirates
Jordan Nesbitt,720.0,1359.5,-13.78,88.71681415929203,102.49449743213499,88.72,103.02,47.35,100.66,9.73,30.9,0.0,0.0,16.0,33.33,0.0,6.19,5.6,15.34,19.84,49.33,Hampton Pirates
Tedrick Wilcox,800.0,1504.5,-14.04,88.94070619586942,102.9840848806366,88.94,103.46,47.5,101.27,9.79,30.98,0.0,0.0,16.59,32.84,0.0,6.06,5.26,15.32,19.59,49.43,Hampton Pirates
Kyrese Mullen,520.0,982.5,-17.4,92.25280326197758,109.65447154471543,92.25,109.99,48.62,101.02,10.7,31.6,0.0,0.0,17.13,30.17,0.0,6.12,4.18,16.11,19.16,47.3,Hampton Pirates
Tristan Maxwell,520.0,976.5,-18.32,92.09445585215606,110.41879468845761,92.09,110.99,48.36,100.72,10.68,31.83,0.0,0.0,17.15,30.39,0.0,5.95,3.59,16.43,19.4,47.54,Hampton Pirates
Tyler Simon,85.0,147.5,-3.52,94.48275862068965,98.0,94.48,101.38,44.83,99.31,13.1,37.93,0.0,0.0,17.93,31.72,0.0,12.41,7.59,18.62,17.93,49.65,Harvard Crimson
Justice Ajogbor,444.7,838.5,-5.82,89.44900351699883,95.26699029126213,89.45,92.03,48.89,97.19,9.61,28.84,0.0,0.0,14.19,30.83,0.0,9.73,5.86,17.0,19.23,45.02,Harvard Crimson
Chisom Okpara,484.7,914.5,-7.17,89.37768240343348,96.54403567447045,89.38,92.92,49.14,97.32,8.91,28.76,0.0,0.0,13.41,30.79,0.0,9.23,5.47,16.09,19.31,44.2,Harvard Crimson
Louis Lesmond,524.7,989.5,-8.83,88.59126984126983,97.42533470648816,88.59,93.85,48.61,97.22,8.93,28.37,0.0,0.0,13.79,30.75,0.0,9.42,5.56,16.57,19.35,44.54,Harvard Crimson
Malik Mack,524.7,989.5,-8.83,88.59126984126983,97.42533470648816,88.59,93.85,48.61,97.22,8.93,28.37,0.0,0.0,13.79,30.75,0.0,9.42,5.56,16.57,19.35,44.54,Harvard Crimson
Chandler Pigge,399.7,767.5,-9.36,87.32394366197182,96.684350132626,87.32,93.34,48.4,96.29,8.19,26.38,0.0,0.0,12.93,30.47,0.0,9.22,5.25,16.65,20.1,43.4,Harvard Crimson
Christian Rich,40.0,74.5,-14.23,90.2439024390244,104.4776119402985,90.24,85.37,57.32,102.44,8.54,30.49,0.0,0.0,14.63,31.71,0.0,6.1,4.88,12.2,14.63,46.34,Harvard Crimson
Thomas Batties II,80.0,151.0,-25.65,83.87096774193549,109.52380952380953,83.87,103.87,47.1,97.42,5.16,25.81,0.0,0.0,11.61,30.32,0.0,7.74,3.87,14.19,20.0,41.93,Harvard Crimson
Denham Wojcik,40.0,75.0,-29.16,78.94736842105263,108.10810810810811,78.95,105.26,42.11,96.05,9.21,23.68,0.0,0.0,18.42,30.26,0.0,11.84,6.58,22.37,19.74,48.68,Harvard Crimson
Ryan Rapp,734.8,1347.0,3.51,94.73684210526315,91.2267657992565,94.74,90.96,51.82,97.11,10.9,30.1,0.0,0.0,14.75,35.43,0.0,5.49,3.34,17.64,23.72,50.18,Hawai'i Rainbow Warriors
Juan Munoz,650.0,1235.5,3.31,95.30364372469636,91.99029126213593,95.3,92.06,53.2,96.52,9.88,27.21,0.0,0.0,13.04,33.77,0.0,5.67,2.83,16.52,23.72,46.81,Hawai'i Rainbow Warriors
Bernardo da Silva,894.8,1669.0,1.51,93.65269461077844,92.14628297362111,93.65,92.04,52.22,97.66,9.94,29.22,0.0,0.0,14.49,33.71,0.0,5.69,3.11,16.83,23.65,48.2,Hawai'i Rainbow Warriors
Justin McKoy,894.8,1669.0,1.51,93.65269461077844,92.14628297362111,93.65,92.04,52.22,97.66,9.94,29.22,0.0,0.0,14.49,33.71,0.0,5.69,3.11,16.83,23.65,48.2,Hawai'i Rainbow Warriors
Noel Coleman,894.8,1669.0,1.51,93.65269461077844,92.14628297362111,93.65,92.04,52.22,97.66,9.94,29.22,0.0,0.0,14.49,33.71,0.0,5.69,3.11,16.83,23.65,48.2,Hawai'i Rainbow Warriors
Tom Beattie,120.0,248.5,-3.19,90.36144578313254,93.54838709677419,90.36,93.17,55.82,100.0,5.62,22.89,0.0,0.0,12.85,27.71,0.0,6.43,2.01,12.85,24.9,40.56,Hawai'i Rainbow Warriors
JoVon McClanahan,284.8,507.0,-5.92,88.3629191321499,94.28007889546352,88.36,94.28,49.11,100.79,9.66,34.91,0.0,0.0,18.15,31.95,0.0,5.92,3.75,17.36,22.68,50.1,Hawai'i Rainbow Warriors
Duke Miles,494.0,984.0,8.2,100.20140986908359,92.0,100.2,90.33,57.6,105.64,10.27,30.72,0.0,0.0,18.73,31.92,0.0,6.55,3.73,13.09,23.97,50.65,High Point Panthers
Abdoulaye Thiam,734.0,1472.0,7.01,100.20120724346076,93.18651066758432,100.2,90.81,58.42,104.96,9.66,29.18,0.0,0.0,18.11,31.46,0.0,6.04,3.55,13.15,24.08,49.57,High Point Panthers
Juslin Bodo Bodo,734.0,1472.0,7.01,100.20120724346076,93.18651066758432,100.2,90.81,58.42,104.96,9.66,29.18,0.0,0.0,18.11,31.46,0.0,6.04,3.55,13.15,24.08,49.57,High Point Panthers
Kimani Hamilton,734.0,1472.0,7.01,100.20120724346076,93.18651066758432,100.2,90.81,58.42,104.96,9.66,29.18,0.0,0.0,18.11,31.46,0.0,6.04,3.55,13.15,24.08,49.57,High Point Panthers
Trae Benham,734.0,1472.0,7.01,100.20120724346076,93.18651066758432,100.2,90.81,58.42,104.96,9.66,29.18,0.0,0.0,18.11,31.46,0.0,6.04,3.55,13.15,24.08,49.57,High Point Panthers
Kezza Giffa,240.0,488.0,4.59,100.20080321285141,95.60669456066945,100.2,91.77,60.04,103.61,8.43,26.1,0.0,0.0,16.87,30.52,0.0,5.02,3.21,13.25,24.3,47.39,High Point Panthers
German Plotnikov,640.0,1141.0,12.32,103.53045013239188,91.20974760661444,103.53,92.5,52.16,97.53,13.59,35.22,0.0,0.0,11.65,35.39,0.0,8.65,4.5,14.12,19.95,47.04,Hofstra Pride
Darlinstone Dubar,800.0,1439.0,9.26,101.1204481792717,91.86206896551724,101.12,93.28,50.77,97.55,13.17,36.27,0.0,0.0,11.62,35.08,0.0,8.75,4.55,14.08,19.68,46.7,Hofstra Pride
Jacco Fritz,800.0,1439.0,9.26,101.1204481792717,91.86206896551724,101.12,93.28,50.77,97.55,13.17,36.27,0.0,0.0,11.62,35.08,0.0,8.75,4.55,14.08,19.68,46.7,Hofstra Pride
Jaquan Carlos,800.0,1439.0,9.26,101.1204481792717,91.86206896551724,101.12,93.28,50.77,97.55,13.17,36.27,0.0,0.0,11.62,35.08,0.0,8.75,4.55,14.08,19.68,46.7,Hofstra Pride
Tyler Thomas,800.0,1439.0,9.26,101.1204481792717,91.86206896551724,101.12,93.28,50.77,97.55,13.17,36.27,0.0,0.0,11.62,35.08,0.0,8.75,4.55,14.08,19.68,46.7,Hofstra Pride
Bryce Washington,160.0,298.0,-2.49,91.86440677966101,94.35215946843853,91.86,96.27,45.42,97.63,11.53,40.34,0.0,0.0,11.53,33.9,0.0,9.15,4.75,13.9,18.64,45.43,Hofstra Pride
Joe Nugent,723.0,1309.5,-7.04,92.12538226299695,99.16094584286805,92.13,99.39,49.16,96.94,10.32,26.76,0.0,0.0,11.24,34.94,0.0,5.35,4.97,14.3,22.94,46.18,Holy Cross Crusaders
DeAndre Williams,483.0,877.5,-8.48,90.04576659038902,98.5244040862656,90.05,99.31,47.6,96.57,9.73,25.74,0.0,0.0,11.1,34.67,0.0,5.95,5.49,14.53,22.43,45.77,Holy Cross Crusaders
Caleb Kenney,803.0,1453.5,-8.95,90.28925619834712,99.24398625429554,90.29,99.45,48.07,97.52,10.06,27.69,0.0,0.0,11.64,34.99,0.0,5.58,5.1,14.12,22.59,46.63,Holy Cross Crusaders
Will Batchelder,803.0,1453.5,-8.95,90.28925619834712,99.24398625429554,90.29,99.45,48.07,97.52,10.06,27.69,0.0,0.0,11.64,34.99,0.0,5.58,5.1,14.12,22.59,46.63,Holy Cross Crusaders
Louth-M Coulibaly,40.0,67.0,-8.96,79.1044776119403,88.05970149253731,79.1,88.06,41.79,108.96,7.46,44.78,0.0,0.0,17.91,38.81,0.0,8.96,7.46,8.96,25.37,56.72,Holy Cross Crusaders
Joe Octave,684.9,1252.0,-9.29,90.39231385108086,99.6812749003984,90.39,100.16,48.12,97.76,10.01,27.94,0.0,0.0,11.37,34.75,0.0,5.6,5.12,13.61,22.98,46.12,Holy Cross Crusaders
Bo Montgomery,438.2,780.0,-10.89,90.01280409731113,100.89858793324775,90.01,100.64,48.02,98.72,10.63,30.09,0.0,0.0,12.8,35.6,0.0,5.25,4.48,14.08,21.51,48.4,Holy Cross Crusaders
Kahlil Singleton,40.0,74.5,-21.72,72.72727272727273,94.44444444444444,72.73,88.31,40.26,92.21,6.49,22.08,0.0,0.0,11.69,33.77,0.0,5.19,6.49,19.48,20.78,45.46,Holy Cross Crusaders
Tristan Moore,40.0,80.5,-9.85,92.6829268292683,102.53164556962024,92.68,98.78,51.22,92.68,7.32,17.07,0.0,0.0,12.2,31.71,0.0,4.88,0.0,19.51,18.29,43.91,Houston Christian Huskies
Dominic Capriotti,599.8,1198.0,-16.85,87.97364085667215,104.82233502538072,87.97,102.06,50.16,99.34,7.33,21.58,0.0,0.0,16.8,29.0,0.0,6.01,3.05,17.46,18.53,45.8,Houston Christian Huskies
Bonke Maring,679.8,1360.0,-17.37,87.02898550724638,104.40298507462687,87.03,101.38,49.57,98.12,7.17,21.01,0.0,0.0,15.94,29.13,0.0,6.09,2.97,17.83,18.19,45.07,Houston Christian Huskies
Jay Alvarez,679.8,1360.0,-17.37,87.02898550724638,104.40298507462687,87.03,101.38,49.57,98.12,7.17,21.01,0.0,0.0,15.94,29.13,0.0,6.09,2.97,17.83,18.19,45.07,Houston Christian Huskies
Michael Imariagbe,679.8,1360.0,-17.37,87.02898550724638,104.40298507462687,87.03,101.38,49.57,98.12,7.17,21.01,0.0,0.0,15.94,29.13,0.0,6.09,2.97,17.83,18.19,45.07,Houston Christian Huskies
Marcus Greene,639.8,1279.5,-17.85,86.67180277349769,104.52022204599525,86.67,101.54,49.46,98.46,7.16,21.26,0.0,0.0,16.18,28.97,0.0,6.16,3.16,17.72,18.18,45.15,Houston Christian Huskies
Nate Hudson,80.0,162.0,-21.15,80.12048192771084,101.26582278481013,80.12,96.39,45.18,89.16,6.02,16.87,0.0,0.0,9.64,30.12,0.0,6.63,2.41,20.48,15.66,39.76,Houston Christian Huskies
Ryan Elvin,40.0,74.0,45.03,105.55555555555556,60.526315789473685,105.56,63.89,51.39,104.17,15.28,40.28,0.0,0.0,18.06,34.72,0.0,15.28,5.56,13.89,23.61,52.78,Houston Cougars
J'Wan Roberts,850.0,1551.0,15.48,97.44597249508841,81.96825396825396,97.45,84.54,52.13,105.5,10.35,29.99,0.0,0.0,17.35,32.02,0.0,12.7,5.96,11.85,24.62,49.37,Houston Cougars
Ja'Vier Francis,850.0,1551.0,15.48,97.44597249508841,81.96825396825396,97.45,84.54,52.13,105.5,10.35,29.99,0.0,0.0,17.35,32.02,0.0,12.7,5.96,11.85,24.62,49.37,Houston Cougars
Jamal Shead,850.0,1551.0,15.48,97.44597249508841,81.96825396825396,97.45,84.54,52.13,105.5,10.35,29.99,0.0,0.0,17.35,32.02,0.0,12.7,5.96,11.85,24.62,49.37,Houston Cougars
L.J. Cryer,850.0,1551.0,15.48,97.44597249508841,81.96825396825396,97.45,84.54,52.13,105.5,10.35,29.99,0.0,0.0,17.35,32.02,0.0,12.7,5.96,11.85,24.62,49.37,Houston Cougars
Emanuel Sharp,810.0,1477.0,13.99,97.0446735395189,83.05537024683122,97.04,85.57,52.16,105.57,10.1,29.48,0.0,0.0,17.32,31.89,0.0,12.58,5.98,11.75,24.67,49.21,Houston Cougars
Miles Stewart,40.0,84.0,9.52,107.14285714285714,97.61904761904762,107.14,97.62,59.52,94.05,14.29,26.19,0.0,0.0,13.1,26.19,0.0,4.76,1.19,19.05,23.81,39.29,Howard Bison
Elijah Williams,40.0,76.0,6.76,100.0,93.24324324324324,100.0,88.46,55.13,92.31,12.82,29.49,0.0,0.0,16.67,33.33,0.0,6.41,3.85,24.36,21.79,50.0,Howard Bison
Thomas Weaver,40.0,76.0,6.76,100.0,93.24324324324324,100.0,88.46,55.13,92.31,12.82,29.49,0.0,0.0,16.67,33.33,0.0,6.41,3.85,24.36,21.79,50.0,Howard Bison
Dom Campbell,280.0,569.0,4.22,95.07908611599298,90.86115992970123,95.08,90.86,54.13,97.01,10.54,26.01,0.0,0.0,17.05,27.94,0.0,7.73,3.16,20.04,24.43,44.99,Howard Bison
Jordan Hairston,280.0,540.0,4.2,95.22935779816514,91.02803738317758,95.23,89.36,55.23,99.63,10.64,26.42,0.0,0.0,19.63,30.64,0.0,7.16,4.22,20.0,24.04,50.27,Howard Bison
Shy Odom,160.0,312.5,3.89,98.73015873015873,94.83870967741936,98.73,93.33,55.56,97.14,11.75,27.62,0.0,0.0,16.83,30.16,0.0,6.98,2.86,19.68,25.71,46.99,Howard Bison
Isiah Warfield,280.0,561.5,3.84,93.98230088495575,90.14336917562724,93.98,89.03,54.69,98.58,10.09,26.55,0.0,0.0,16.64,29.56,0.0,6.73,3.72,18.05,24.42,46.2,Howard Bison
Seth Towns,679.8,1327.5,2.21,94.16604338070307,91.95751138088012,94.17,90.65,54.0,97.08,10.55,27.37,0.0,0.0,16.98,30.22,0.0,7.18,3.44,19.9,23.71,47.2,Howard Bison
Bryce Harris,639.8,1243.5,1.72,93.29608938547486,91.57212317666126,93.3,90.18,53.63,97.29,10.3,27.45,0.0,0.0,17.24,30.49,0.0,7.34,3.59,19.95,23.7,47.73,Howard Bison
Marcus Dockery,599.8,1167.5,1.39,92.85106382978724,91.46551724137932,92.85,90.3,53.53,97.62,10.13,27.32,0.0,0.0,17.28,30.3,0.0,7.4,3.57,19.66,23.83,47.58,Howard Bison
Ose Okojie,199.8,382.0,-1.48,93.24675324675324,94.72295514511873,93.25,93.25,52.99,94.03,10.91,29.09,0.0,0.0,14.55,30.91,0.0,6.75,2.6,20.52,21.82,45.46,Howard Bison
Joshua Strong,159.8,298.0,-4.53,89.3687707641196,93.89830508474576,89.37,92.03,51.16,94.02,9.97,29.9,0.0,0.0,14.95,32.23,0.0,7.31,2.99,20.93,21.26,47.18,Howard Bison
DJ Jackson,200.0,364.5,-14.4,87.5,101.8970189701897,87.5,104.44,47.5,96.11,7.5,24.17,0.0,0.0,16.67,29.72,0.0,9.44,2.78,20.56,23.61,46.39,IUPUI Jaguars
Cooper Dewitt,439.1,818.0,-14.97,86.95652173913044,101.92539109506617,86.96,105.22,48.94,95.53,5.47,19.5,0.0,0.0,16.4,28.82,0.0,9.57,2.86,20.87,23.6,45.22,IUPUI Jaguars
Abdou Samb,758.9,1454.0,-20.61,85.14167242570836,105.74948665297741,85.14,106.77,49.0,96.41,4.56,17.55,0.0,0.0,15.96,25.92,0.0,9.74,2.83,19.56,23.36,41.88,IUPUI Jaguars
Vincent Brady II,758.9,1454.0,-20.61,85.14167242570836,105.74948665297741,85.14,106.77,49.0,96.41,4.56,17.55,0.0,0.0,15.96,25.92,0.0,9.74,2.83,19.56,23.36,41.88,IUPUI Jaguars
Jlynn Counter,599.0,1158.5,-21.54,85.32986111111111,106.86695278969958,85.33,108.07,50.09,96.27,4.25,16.15,0.0,0.0,15.45,23.96,0.0,10.33,2.6,19.18,24.13,39.41,IUPUI Jaguars
Bryce Monroe,638.5,1238.0,-23.84,83.89967637540452,107.74193548387096,83.9,108.09,48.54,95.87,4.94,17.88,0.0,0.0,15.53,26.46,0.0,9.14,2.67,19.66,22.65,41.99,IUPUI Jaguars
Kidtrell Blocker,319.1,628.5,-24.94,80.87774294670847,105.81583198707594,80.88,102.66,49.06,93.1,3.45,14.42,0.0,0.0,13.95,25.08,0.0,7.68,3.29,20.85,22.57,39.03,IUPUI Jaguars
John Egbuta,359.3,710.5,-26.83,82.0979020979021,108.92351274787535,82.1,107.55,48.67,96.22,3.5,15.38,0.0,0.0,15.38,23.36,0.0,9.79,3.08,19.16,23.36,38.74,IUPUI Jaguars
Yves Nkomba,79.6,160.5,-32.17,78.65853658536585,110.828025477707,78.66,106.1,49.39,90.24,5.49,15.85,0.0,0.0,11.59,24.39,0.0,6.71,2.44,21.34,22.56,35.98,IUPUI Jaguars
Qwanzi Samuels,40.0,86.0,-45.84,81.31868131868131,127.16049382716051,81.32,113.19,52.75,94.51,6.59,14.29,0.0,0.0,8.79,17.58,0.0,5.49,0.0,14.29,19.78,26.37,IUPUI Jaguars
Brayden Parker,860.0,1571.0,-2.17,92.01520912547528,94.18158567774935,92.02,93.35,52.66,101.96,8.56,25.41,0.0,0.0,14.83,29.02,0.0,9.13,4.88,12.86,21.17,43.85,Idaho State Bengals
Isaiah Griffin,860.0,1571.0,-2.17,92.01520912547528,94.18158567774935,92.02,93.35,52.66,101.96,8.56,25.41,0.0,0.0,14.83,29.02,0.0,9.13,4.88,12.86,21.17,43.85,Idaho State Bengals
Kiree Huie,860.0,1571.0,-2.17,92.01520912547528,94.18158567774935,92.02,93.35,52.66,101.96,8.56,25.41,0.0,0.0,14.83,29.02,0.0,9.13,4.88,12.86,21.17,43.85,Idaho State Bengals
Maleek Arington,860.0,1571.0,-2.17,92.01520912547528,94.18158567774935,92.02,93.35,52.66,101.96,8.56,25.41,0.0,0.0,14.83,29.02,0.0,9.13,4.88,12.86,21.17,43.85,Idaho State Bengals
Miguel Tomley,860.0,1571.0,-2.17,92.01520912547528,94.18158567774935,92.02,93.35,52.66,101.96,8.56,25.41,0.0,0.0,14.83,29.02,0.0,9.13,4.88,12.86,21.17,43.85,Idaho State Bengals
Kyson Rose,518.4,948.0,-0.66,92.4892703862661,93.15352697095436,92.49,96.35,48.93,94.96,10.09,28.97,0.0,0.0,11.8,31.22,0.0,7.73,3.11,16.85,25.43,43.02,Idaho Vandals
Terren Frank,80.0,142.0,-3.21,84.28571428571429,87.5,84.29,90.0,45.0,87.14,10.71,29.29,0.0,0.0,9.29,32.86,0.0,7.86,3.57,22.14,25.0,42.15,Idaho Vandals
Kristian Gonzalez,40.0,81.0,-3.9,90.0,93.90243902439023,90.0,96.25,47.5,97.5,12.5,30.0,0.0,0.0,15.0,32.5,0.0,6.25,6.25,17.5,25.0,47.5,Idaho Vandals
EJ Neal,278.4,512.5,-4.68,87.07753479125249,91.76245210727969,87.08,95.23,46.32,92.05,9.94,29.62,0.0,0.0,10.74,32.6,0.0,5.96,3.38,18.69,26.04,43.34,Idaho Vandals
Trevon Blassingame,678.4,1243.0,-6.92,89.98371335504885,96.89984101748807,89.98,99.27,48.21,95.52,9.53,28.18,0.0,0.0,11.56,30.94,0.0,7.25,3.34,16.04,24.27,42.5,Idaho Vandals
Julius Mims,758.4,1387.5,-7.18,89.546783625731,96.73063255152807,89.55,99.49,47.66,94.3,9.87,29.02,0.0,0.0,10.96,30.99,0.0,6.94,3.51,16.67,24.93,41.95,Idaho Vandals
Quinn Denker,758.4,1387.5,-7.18,89.546783625731,96.73063255152807,89.55,99.49,47.66,94.3,9.87,29.02,0.0,0.0,10.96,30.99,0.0,6.94,3.51,16.67,24.93,41.95,Idaho Vandals
D'Angelo Minnis,480.0,867.0,-11.07,90.52631578947368,101.59271899886235,90.53,104.44,47.72,93.45,10.06,29.71,0.0,0.0,9.59,29.82,0.0,6.55,3.86,16.14,25.73,39.41,Idaho Vandals
Tyler Linhardt,200.0,369.0,-21.5,83.60655737704919,105.10752688172043,83.61,106.83,45.36,95.63,9.02,29.23,0.0,0.0,10.11,30.05,0.0,6.01,3.83,14.48,22.4,40.16,Idaho Vandals
Luke Goode,240.0,472.0,6.33,100.0,93.66812227074236,100.0,88.27,56.79,103.91,8.85,25.72,0.0,0.0,15.64,31.89,0.0,6.38,4.94,11.73,16.87,47.53,Illinois Fighting Illini
Coleman Hawkins,930.0,1860.0,4.95,102.42232754081095,97.47391543108182,102.42,93.47,57.87,104.63,9.74,26.86,0.0,0.0,16.85,32.44,0.0,4.95,4.21,12.22,19.75,49.29,Illinois Fighting Illini
Marcus Domask,930.0,1860.0,4.95,102.42232754081095,97.47391543108182,102.42,93.47,57.87,104.63,9.74,26.86,0.0,0.0,16.85,32.44,0.0,4.95,4.21,12.22,19.75,49.29,Illinois Fighting Illini
Quincy Guerrier,930.0,1860.0,4.95,102.42232754081095,97.47391543108182,102.42,93.47,57.87,104.63,9.74,26.86,0.0,0.0,16.85,32.44,0.0,4.95,4.21,12.22,19.75,49.29,Illinois Fighting Illini
Ty Rodgers,930.0,1860.0,4.95,102.42232754081095,97.47391543108182,102.42,93.47,57.87,104.63,9.74,26.86,0.0,0.0,16.85,32.44,0.0,4.95,4.21,12.22,19.75,49.29,Illinois Fighting Illini
Terrence Shannon Jr.,690.0,1388.0,4.5,103.25548478414721,98.75275128393251,103.26,95.26,58.24,104.88,10.05,27.25,0.0,0.0,17.27,32.63,0.0,4.46,3.96,12.38,20.74,49.9,Illinois Fighting Illini
Johnny Kinziger,360.0,625.5,-0.9,96.99842022116904,97.89644012944983,97.0,95.58,52.92,100.16,9.16,27.33,0.0,0.0,14.69,35.7,0.0,7.11,3.79,14.53,19.91,50.39,Illinois State Redbirds
Malachi Poindexter,560.0,990.5,-3.56,95.20958083832335,98.77425944841676,95.21,96.51,52.0,98.5,8.68,26.85,0.0,0.0,14.27,34.33,0.0,7.19,3.79,15.77,20.76,48.6,Illinois State Redbirds
Kendall Lewis,800.0,1416.0,-3.74,92.32914923291492,96.06580829756795,92.33,93.65,51.32,99.51,8.16,26.64,0.0,0.0,14.71,33.96,0.0,7.53,3.14,15.2,21.62,48.67,Illinois State Redbirds
Jordan Davis,200.0,354.0,-5.36,86.90807799442896,92.26361031518626,86.91,89.69,50.42,102.23,7.24,26.18,0.0,0.0,14.76,35.38,0.0,7.24,1.39,12.53,22.01,50.14,Illinois State Redbirds
Dalton Banks,840.0,1481.0,-5.38,91.87749667110519,97.26027397260275,91.88,94.54,51.2,99.47,8.12,26.63,0.0,0.0,14.51,33.95,0.0,7.32,3.0,15.05,21.3,48.46,Illinois State Redbirds
Myles Foster,840.0,1481.0,-5.38,91.87749667110519,97.26027397260275,91.88,94.54,51.2,99.47,8.12,26.63,0.0,0.0,14.51,33.95,0.0,7.32,3.0,15.05,21.3,48.46,Illinois State Redbirds
Darius Burford,440.0,771.5,-8.74,89.93630573248407,98.68073878627969,89.94,95.29,50.83,100.0,7.52,25.99,0.0,0.0,14.9,32.61,0.0,7.52,2.17,14.9,22.29,47.51,Illinois State Redbirds
Luke Kasubke,120.0,220.0,-18.4,75.55555555555556,93.95348837209302,75.56,89.78,46.67,96.0,4.89,27.56,0.0,0.0,12.0,32.89,0.0,5.78,2.22,16.0,22.67,44.89,Illinois State Redbirds
Ty Pence,40.0,65.5,-27.64,88.23529411764706,115.87301587301589,88.24,107.35,44.12,97.06,11.76,23.53,0.0,0.0,14.71,23.53,0.0,10.29,1.47,17.65,16.18,38.24,Illinois State Redbirds
Davante Dennis,40.0,86.0,0.89,97.5609756097561,96.66666666666667,97.56,106.1,52.44,100.0,7.32,24.39,0.0,0.0,19.51,30.49,0.0,7.32,4.88,19.51,30.49,50.0,Incarnate Word Cardinals
Marcus Glover,410.0,820.0,-5.84,89.43488943488943,95.27845036319611,89.43,96.68,50.74,97.54,7.74,24.57,0.0,0.0,16.58,31.57,0.0,6.76,5.16,19.04,24.08,48.15,Incarnate Word Cardinals
Alex Anderson,405.0,810.5,-8.15,85.6441717791411,93.79652605459057,85.64,92.76,49.33,97.79,7.12,23.93,0.0,0.0,17.3,33.5,0.0,6.5,5.77,19.51,22.45,50.8,Incarnate Word Cardinals
Josiah Hammons,529.6,1063.0,-9.03,86.8495742667928,95.88400374181478,86.85,96.97,48.06,96.59,8.61,27.34,0.0,0.0,16.08,33.49,0.0,6.15,4.92,19.49,22.52,49.57,Incarnate Word Cardinals
Dylan Hayman,569.6,1146.0,-10.29,85.45135845749343,95.74283231972198,85.45,96.58,48.55,95.97,8.24,26.47,0.0,0.0,16.74,33.48,0.0,6.31,5.17,20.77,23.23,50.22,Incarnate Word Cardinals
Sky Wicks,609.6,1224.0,-10.77,86.12244897959184,96.89288634505316,86.12,96.73,49.31,96.33,7.92,25.47,0.0,0.0,16.0,32.41,0.0,6.61,5.22,19.67,22.45,48.41,Incarnate Word Cardinals
Elijah Davis,205.0,408.0,-10.87,85.03740648379052,95.90361445783132,85.04,99.25,49.88,96.76,7.98,25.19,0.0,0.0,17.71,31.17,0.0,7.23,4.24,20.95,25.69,48.88,Incarnate Word Cardinals
Shon Robinson,199.7,388.5,-11.31,87.40359897172236,98.71134020618557,87.4,98.46,47.56,95.89,9.77,29.05,0.0,0.0,16.2,34.7,0.0,5.4,6.17,20.31,20.05,50.9,Incarnate Word Cardinals
TJ Ford Jr.,120.0,249.0,-11.38,88.6178861788618,100.0,88.62,102.44,47.97,98.78,9.35,32.93,0.0,0.0,17.07,32.93,0.0,5.28,2.44,18.29,24.8,50.0,Incarnate Word Cardinals
Josh Akpovwa,160.0,334.5,-15.58,80.23952095808383,95.82089552238806,80.24,96.11,45.21,97.31,7.78,28.74,0.0,0.0,15.87,33.23,0.0,6.29,3.29,18.56,23.65,49.1,Incarnate Word Cardinals
Josh Morgan,159.7,328.0,-18.28,81.42414860681114,99.69969969969969,81.42,102.79,44.58,88.24,10.84,31.89,0.0,0.0,10.22,28.48,0.0,7.12,5.26,21.98,25.08,38.7,Incarnate Word Cardinals
Breno Silva,40.0,90.0,-24.75,80.68181818181817,105.43478260869566,80.68,110.23,48.86,87.5,7.95,26.14,0.0,0.0,4.55,14.77,0.0,12.5,2.27,17.05,29.55,19.32,Incarnate Word Cardinals
Trey Galloway,800.0,1536.5,-2.64,90.98684210526315,93.6252414681262,90.99,95.66,50.72,98.29,6.91,20.66,0.0,0.0,14.41,33.88,0.0,6.45,4.74,16.12,22.89,48.29,Indiana Hoosiers
Kel'el Ware,800.0,1541.5,-2.98,89.77049180327869,92.74711168164313,89.77,94.75,49.97,98.36,7.02,21.18,0.0,0.0,14.75,34.56,0.0,6.75,5.18,16.39,22.56,49.31,Indiana Hoosiers
Mackenzie Mgbako,880.0,1699.0,-3.38,89.9880810488677,93.37209302325581,89.99,95.71,50.3,98.27,6.73,20.62,0.0,0.0,14.3,34.09,0.0,6.5,4.95,16.03,23.18,48.39,Indiana Hoosiers
Malik Reneau,880.0,1699.0,-3.38,89.9880810488677,93.37209302325581,89.99,95.71,50.3,98.27,6.73,20.62,0.0,0.0,14.3,34.09,0.0,6.5,4.95,16.03,23.18,48.39,Indiana Hoosiers
Gabe Cupps,680.0,1310.0,-3.71,91.1470361816782,94.85238455715367,91.15,96.46,51.12,98.31,6.47,19.94,0.0,0.0,14.32,33.26,0.0,6.16,4.85,16.01,22.71,47.58,Indiana Hoosiers
Anthony Walker,40.0,80.5,-4.85,79.48717948717949,84.33734939759037,79.49,89.74,47.44,97.44,0.0,11.54,0.0,0.0,8.97,35.9,0.0,3.85,2.56,11.54,28.21,44.87,Indiana Hoosiers
Xavier Johnson,280.0,551.5,-4.87,84.35754189944134,89.2226148409894,84.36,94.04,47.11,98.14,6.89,22.16,0.0,0.0,13.97,36.69,0.0,7.45,5.77,15.83,25.14,50.66,Indiana Hoosiers
Payton Sparks,40.0,77.0,-9.86,105.33333333333333,115.18987341772151,105.33,121.33,60.0,97.33,8.0,18.67,0.0,0.0,10.67,22.67,0.0,4.0,2.67,13.33,30.67,33.34,Indiana Hoosiers
Xavier Bledson,160.0,302.0,15.67,103.921568627451,88.25503355704699,103.92,85.95,56.86,91.83,11.11,29.08,0.0,0.0,7.84,36.6,0.0,5.88,2.61,16.01,20.59,44.44,Indiana State Sycamores
Jayson Kent,845.0,1637.5,14.73,105.83586626139818,91.1042944785276,105.84,90.27,54.71,96.23,13.92,37.57,0.0,0.0,11.0,38.18,0.0,7.17,2.31,14.77,19.94,49.18,Indiana State Sycamores
Julian Larry,885.0,1716.0,13.6,104.92753623188406,91.32981839484475,104.93,90.38,54.43,95.83,13.68,37.28,0.0,0.0,10.84,38.14,0.0,7.01,2.32,15.01,20.0,48.98,Indiana State Sycamores
Robbie Avila,925.0,1792.5,13.41,105.26607538802662,91.8585064570466,105.27,90.69,54.82,95.45,13.69,36.75,0.0,0.0,10.48,37.8,0.0,6.98,2.33,15.02,19.79,48.28,Indiana State Sycamores
Isaiah Swope,885.0,1719.5,12.76,104.8498845265589,92.09138840070298,104.85,90.76,54.68,95.61,13.74,36.95,0.0,0.0,10.45,37.76,0.0,6.99,2.42,14.84,19.69,48.21,Indiana State Sycamores
Ryan Conwell,885.0,1718.5,12.4,105.37883169462117,92.97423887587823,105.38,91.84,54.71,95.2,13.88,37.13,0.0,0.0,10.47,37.71,0.0,7.0,2.2,15.27,19.61,48.18,Indiana State Sycamores
Jake Wolfe,40.0,76.5,8.6,112.65822784810126,104.05405405405406,112.66,97.47,63.29,87.34,13.92,25.32,0.0,0.0,2.53,30.38,0.0,6.33,2.53,15.19,15.19,32.91,Indiana State Sycamores
Jean Aranguren,120.0,223.5,12.58,109.90990990990991,97.33333333333334,109.91,98.65,55.41,106.31,14.41,33.33,0.0,0.0,18.02,26.13,0.0,10.81,5.41,11.71,21.62,44.15,Iona Gaels
Osborn Shema,599.3,1115.0,7.33,98.82032667876588,91.48936170212765,98.82,93.65,51.81,106.35,10.62,31.03,0.0,0.0,18.87,28.49,0.0,12.89,4.26,12.52,23.68,47.36,Iona Gaels
Greg Gordon,559.3,1076.5,6.84,97.65258215962442,90.80882352941177,97.65,92.77,52.77,105.73,9.58,27.51,0.0,0.0,19.53,27.7,0.0,13.43,4.23,13.8,24.51,47.23,Iona Gaels
Joel Brown,839.3,1560.5,4.71,97.00715679895902,92.2979797979798,97.01,95.12,50.88,104.62,10.67,30.64,0.0,0.0,17.96,28.63,0.0,12.04,3.97,13.34,23.55,46.59,Iona Gaels
Jeremiah Quigley,599.3,1097.0,3.74,96.8721251149954,93.13459801264679,96.87,94.85,50.51,104.69,10.76,30.82,0.0,0.0,17.76,29.35,0.0,10.95,3.4,13.06,22.45,47.11,Iona Gaels
Idan Tretout,520.0,947.5,3.41,96.42082429501085,93.01130524152107,96.42,98.16,49.13,103.25,11.82,34.06,0.0,0.0,16.38,28.85,0.0,11.71,4.34,13.12,23.75,45.23,Iona Gaels
Wheza Panzo,719.3,1337.0,3.36,94.82889733840304,91.46431199411332,94.83,94.52,50.11,104.33,10.04,30.19,0.0,0.0,17.95,29.05,0.0,12.24,3.73,13.61,23.88,47.0,Iona Gaels
Sultan Adewale,240.0,445.5,-1.88,92.41379310344827,94.2982456140351,92.41,98.85,48.51,100.23,10.8,29.66,0.0,0.0,15.63,28.97,0.0,9.89,3.22,15.4,23.22,44.6,Iona Gaels
Owen Freeman,805.0,1604.5,-0.87,99.31378665003119,100.186799501868,99.31,100.37,55.96,101.19,7.61,21.65,0.0,0.0,12.98,30.13,0.0,7.36,4.49,11.79,22.46,43.11,Iowa Hawkeyes
Josh Dix,685.0,1356.0,-1.47,99.04341427520235,100.51736881005174,99.04,100.07,56.51,101.1,6.99,20.24,0.0,0.0,12.8,30.17,0.0,7.28,4.86,11.7,22.66,42.97,Iowa Hawkeyes
Ben Krikke,845.0,1676.5,-1.85,99.1636798088411,101.01250744490768,99.16,101.31,55.79,101.79,7.65,21.8,0.0,0.0,13.56,30.05,0.0,7.35,4.48,11.77,22.46,43.61,Iowa Hawkeyes
Payton Sandfort,845.0,1676.5,-1.85,99.1636798088411,101.01250744490768,99.16,101.31,55.79,101.79,7.65,21.8,0.0,0.0,13.56,30.05,0.0,7.35,4.48,11.77,22.46,43.61,Iowa Hawkeyes
Tony Perkins,845.0,1676.5,-1.85,99.1636798088411,101.01250744490768,99.16,101.31,55.79,101.79,7.65,21.8,0.0,0.0,13.56,30.05,0.0,7.35,4.48,11.77,22.46,43.61,Iowa Hawkeyes
Patrick McCaffery,160.0,320.5,-3.38,99.68253968253968,103.06748466257669,99.68,106.67,52.7,104.76,10.48,28.57,0.0,0.0,16.83,29.52,0.0,7.62,2.86,12.06,21.59,46.35,Iowa Hawkeyes
Dasonte Bowen,40.0,72.0,-23.4,95.77464788732394,119.17808219178083,95.77,122.54,52.11,115.49,8.45,25.35,0.0,0.0,26.76,28.17,0.0,7.04,4.23,11.27,22.54,54.93,Iowa Hawkeyes
Curtis Jones,40.0,80.0,10.34,96.05263157894737,85.71428571428571,96.05,94.74,48.68,98.68,9.21,27.63,0.0,0.0,15.79,15.79,0.0,23.68,5.26,17.11,23.68,31.58,Iowa State Cyclones
Keshon Gilbert,840.0,1561.0,8.19,92.71565495207668,84.52151573538856,92.72,84.09,51.12,102.11,8.12,24.66,0.0,0.0,16.29,29.27,0.0,12.72,3.9,14.19,23.07,45.56,Iowa State Cyclones
Milan Momcilovic,840.0,1561.0,8.19,92.71565495207668,84.52151573538856,92.72,84.09,51.12,102.11,8.12,24.66,0.0,0.0,16.29,29.27,0.0,12.72,3.9,14.19,23.07,45.56,Iowa State Cyclones
Robert Jones,840.0,1561.0,8.19,92.71565495207668,84.52151573538856,92.72,84.09,51.12,102.11,8.12,24.66,0.0,0.0,16.29,29.27,0.0,12.72,3.9,14.19,23.07,45.56,Iowa State Cyclones
Tre King,840.0,1561.0,8.19,92.71565495207668,84.52151573538856,92.72,84.09,51.12,102.11,8.12,24.66,0.0,0.0,16.29,29.27,0.0,12.72,3.9,14.19,23.07,45.56,Iowa State Cyclones
Tamin Lipsey,800.0,1481.0,8.09,92.54533243787778,84.45349626612357,92.55,83.55,51.24,102.28,8.06,24.51,0.0,0.0,16.32,29.95,0.0,12.16,3.83,14.04,23.04,46.27,Iowa State Cyclones
Keionte Cornelius,365.0,680.5,0.69,95.19650655021834,94.51038575667656,95.2,92.72,53.42,103.49,8.3,23.58,0.0,0.0,19.07,32.17,0.0,9.75,4.22,15.57,18.63,51.24,Jackson State Tigers
Treyon Johnson,485.0,901.0,0.02,98.23204419889503,98.21627647714605,98.23,97.35,53.37,107.18,9.39,26.41,0.0,0.0,21.88,31.38,0.0,9.94,3.76,14.7,18.78,53.26,Jackson State Tigers
Keiveon Hunt,205.0,376.5,0.0,100.0,100.0,100.0,99.73,54.11,109.02,9.28,26.26,0.0,0.0,22.55,30.5,0.0,10.34,3.45,13.53,19.63,53.05,Jackson State Tigers
Jordan O'Neal,685.0,1305.0,-0.36,92.8895612708018,93.24534161490683,92.89,90.85,53.18,104.31,7.72,24.81,0.0,0.0,20.57,31.16,0.0,9.15,4.61,16.26,19.67,51.73,Jackson State Tigers
Ken Evans Jr.,765.0,1468.5,-0.9,93.39177343223196,94.29160935350757,93.39,92.45,52.66,104.52,8.36,25.96,0.0,0.0,20.63,30.55,0.0,9.78,4.59,16.12,19.82,51.18,Jackson State Tigers
Zeke Cook,360.0,712.0,-1.62,91.18881118881119,92.80677009873061,91.19,92.03,51.47,104.76,8.95,29.51,0.0,0.0,21.26,28.95,0.0,10.21,5.17,16.5,21.4,50.21,Jackson State Tigers
Chase Adams,400.0,795.0,-1.75,90.01248439450687,91.7617237008872,90.01,90.39,51.19,102.87,8.24,27.97,0.0,0.0,20.35,29.21,0.0,10.11,5.99,17.48,21.6,49.56,Jackson State Tigers
Coltie Young,520.0,1028.0,-1.96,90.03831417624522,91.99604743083005,90.04,89.18,52.01,102.11,8.05,25.38,0.0,0.0,19.16,30.08,0.0,9.96,4.6,17.05,19.64,49.24,Jackson State Tigers
Jalani Bell,40.0,76.0,-9.51,97.53086419753086,107.04225352112675,97.53,93.83,56.79,111.11,3.7,14.81,0.0,0.0,28.4,30.86,0.0,6.17,2.47,17.28,16.05,59.26,Jackson State Tigers
Jarius Cook,479.8,880.0,-0.01,93.0635838150289,93.07262569832402,93.06,96.3,50.52,104.97,9.36,27.98,0.0,0.0,21.73,33.29,0.0,9.02,4.05,16.76,26.13,55.02,Jacksonville Dolphins
Robert McCray V,639.8,1187.5,-0.07,96.5986394557823,96.66388657214345,96.6,98.55,53.57,105.78,9.61,26.96,0.0,0.0,21.43,31.21,0.0,8.5,3.4,15.65,26.02,52.64,Jacksonville Dolphins
DeeJuan Pruitt,479.8,895.5,-1.16,91.2599318955732,92.41758241758242,91.26,95.46,50.62,103.41,8.4,26.56,0.0,0.0,20.43,33.83,0.0,8.4,4.2,17.03,26.45,54.26,Jacksonville Dolphins
Stephon Payne III,719.8,1332.5,-2.33,94.6969696969697,97.02602230483272,94.7,98.86,52.73,104.85,9.09,25.98,0.0,0.0,20.98,31.36,0.0,8.64,3.56,16.14,25.68,52.34,Jacksonville Dolphins
Gyasi Powell,639.8,1167.0,-2.54,95.8477508650519,98.38709677419355,95.85,100.26,52.77,105.97,9.26,25.95,0.0,0.0,21.54,30.71,0.0,8.91,3.55,15.57,25.26,52.25,Jacksonville Dolphins
Josiah Sabino,40.0,69.0,-3.15,94.02985074626866,97.1830985915493,94.03,102.99,50.75,97.01,10.45,35.82,0.0,0.0,14.93,31.34,0.0,8.96,2.99,17.91,28.36,46.27,Jacksonville Dolphins
Bryce Workman,200.0,358.0,-5.2,103.58126721763085,108.78186968838529,103.58,105.79,58.4,109.09,10.19,23.14,0.0,0.0,22.59,28.1,0.0,8.26,2.2,13.5,23.14,50.69,Jacksonville Dolphins
Zach Bell,200.0,377.5,-6.37,97.63157894736842,104.0,97.63,102.63,57.37,104.74,9.47,22.89,0.0,0.0,19.47,27.63,0.0,8.95,2.63,14.74,24.21,47.1,Jacksonville Dolphins
Marcus Niblack,160.0,320.5,-9.13,87.14733542319749,96.27329192546584,87.15,97.18,52.04,100.0,6.58,21.63,0.0,0.0,18.81,29.47,0.0,7.21,3.45,18.81,27.27,48.28,Jacksonville Dolphins
Jalen Griffith,40.0,75.0,-16.58,80.82191780821918,97.40259740259741,80.82,102.74,42.47,95.89,5.48,20.55,0.0,0.0,17.81,35.62,0.0,10.96,5.48,21.92,23.29,53.43,Jacksonville Dolphins
Matt Mayers,40.0,75.5,-1.51,85.33333333333334,86.8421052631579,85.33,88.0,50.67,105.33,6.67,22.67,0.0,0.0,12.0,33.33,0.0,8.0,5.33,6.67,22.67,45.33,Jacksonville State Gamecocks
Caleb Johnson,160.0,291.0,-3.78,88.31615120274914,92.09621993127148,88.32,92.1,49.48,95.53,6.53,21.31,0.0,0.0,16.49,33.68,0.0,9.97,6.87,20.96,22.34,50.17,Jacksonville State Gamecocks
Quincy Clark,280.0,527.5,-3.8,87.21804511278195,91.01338432122371,87.22,89.47,51.32,100.75,5.64,19.36,0.0,0.0,18.23,33.65,0.0,9.21,4.7,17.48,23.5,51.88,Jacksonville State Gamecocks
Andres Burney,200.0,368.5,-5.51,86.64850136239782,92.16216216216216,86.65,92.92,49.32,96.46,6.27,20.71,0.0,0.0,16.89,32.15,0.0,10.08,6.54,20.44,22.34,49.04,Jacksonville State Gamecocks
Juwan Perdue,680.0,1279.5,-5.53,88.12644564379337,93.6608557844691,88.13,91.13,51.35,100.08,6.4,19.2,0.0,0.0,18.04,31.92,0.0,8.79,5.09,17.96,22.44,49.96,Jacksonville State Gamecocks
KyKy Tandy,680.0,1279.5,-5.53,88.12644564379337,93.6608557844691,88.13,91.13,51.35,100.08,6.4,19.2,0.0,0.0,18.04,31.92,0.0,8.79,5.09,17.96,22.44,49.96,Jacksonville State Gamecocks
Marcellus Brigham Jr.,560.0,1047.5,-5.59,88.37863167760075,93.96887159533074,88.38,90.53,51.83,100.75,6.19,18.46,0.0,0.0,18.09,32.24,0.0,8.53,4.69,17.34,22.12,50.33,Jacksonville State Gamecocks
Mason Nicholson,440.0,835.5,-5.97,89.00584795321637,94.97549019607843,89.01,90.64,52.28,101.17,6.43,18.25,0.0,0.0,19.06,31.7,0.0,8.3,4.44,17.89,22.46,50.76,Jacksonville State Gamecocks
Ivan Reynolds,320.0,615.5,-7.02,89.3312101910828,96.35157545605307,89.33,92.52,51.75,100.48,7.48,19.43,0.0,0.0,18.47,29.78,0.0,8.12,5.25,17.99,22.13,48.25,Jacksonville State Gamecocks
Travis Roberts,40.0,77.5,-12.14,80.26315789473685,92.40506329113924,80.26,96.05,48.68,100.0,5.26,18.42,0.0,0.0,18.42,26.32,0.0,10.53,5.26,18.42,22.37,44.74,Jacksonville State Gamecocks
Xavier Brown,560.0,1124.0,16.57,101.15452930728242,84.58110516934046,101.15,84.28,54.97,101.42,10.92,27.71,0.0,0.0,14.83,34.28,0.0,11.1,3.64,13.41,21.14,49.11,James Madison Dukes
T.J. Bickerstaff,840.0,1659.0,16.46,102.05811138014529,85.59423769507804,102.06,86.32,54.96,103.57,10.77,29.84,0.0,0.0,16.83,34.5,0.0,10.47,3.27,13.26,21.31,51.33,James Madison Dukes
Julien Wooden,880.0,1738.5,16.3,101.73010380622839,85.42742398164084,101.73,85.87,54.9,103.46,10.67,29.35,0.0,0.0,16.72,34.31,0.0,10.61,3.34,13.26,21.22,51.03,James Madison Dukes
Noah Freidel,880.0,1738.5,16.3,101.73010380622839,85.42742398164084,101.73,85.87,54.9,103.46,10.67,29.35,0.0,0.0,16.72,34.31,0.0,10.61,3.34,13.26,21.22,51.03,James Madison Dukes
Terrence Edwards Jr.,880.0,1738.5,16.3,101.73010380622839,85.42742398164084,101.73,85.87,54.9,103.46,10.67,29.35,0.0,0.0,16.72,34.31,0.0,10.61,3.34,13.26,21.22,51.03,James Madison Dukes
Michael Green III,320.0,614.5,15.84,102.79605263157893,86.95652173913044,102.8,88.82,54.77,107.24,10.2,32.4,0.0,0.0,20.23,34.38,0.0,9.7,2.8,12.99,21.38,54.61,James Madison Dukes
Raekwon Horton,40.0,79.5,13.3,95.1219512195122,81.81818181818183,95.12,76.83,53.66,101.22,8.54,19.51,0.0,0.0,14.63,30.49,0.0,13.41,4.88,13.41,19.51,45.12,James Madison Dukes
Jeff Ngandu,80.0,170.0,20.61,98.19277108433735,77.58620689655173,98.19,81.33,52.41,97.59,13.86,32.53,0.0,0.0,10.84,29.52,0.0,11.45,3.61,13.25,27.11,40.36,Kansas City Roos
Jayson Petty,444.5,812.5,10.85,97.52168525402726,86.67481662591688,97.52,87.86,52.66,99.88,11.28,32.96,0.0,0.0,14.99,33.33,0.0,8.18,4.58,15.12,26.52,48.32,Kansas City Roos
Promise C. Idiaru,40.0,95.5,10.34,89.13043478260869,78.78787878787878,89.13,84.78,50.0,93.48,13.04,32.61,0.0,0.0,6.52,23.91,0.0,14.13,1.09,13.04,28.26,30.43,Kansas City Roos
Yulian Ramirez-Montero,40.0,95.5,10.34,89.13043478260869,78.78787878787878,89.13,84.78,50.0,93.48,13.04,32.61,0.0,0.0,6.52,23.91,0.0,14.13,1.09,13.04,28.26,30.43,Kansas City Roos
Cameron Faas,574.5,1051.0,7.96,97.1953578336557,89.23220973782772,97.2,92.17,51.06,102.03,11.9,36.07,0.0,0.0,17.5,34.72,0.0,8.03,4.93,15.47,26.11,52.22,Kansas City Roos
Babacar Diallo,574.5,1054.5,7.26,97.12368168744008,89.8686679174484,97.12,91.85,51.77,100.48,11.6,34.42,0.0,0.0,15.53,32.69,0.0,8.44,4.79,15.05,26.46,48.22,Kansas City Roos
Jamar Brown,654.5,1198.5,6.83,96.95431472081218,90.12345679012346,96.95,92.64,51.35,101.52,11.59,34.94,0.0,0.0,17.01,33.5,0.0,8.29,5.08,15.48,25.97,50.51,Kansas City Roos
Melvyn Ebonkoli,575.0,1073.0,6.31,95.36862003780719,89.0625,95.37,91.59,51.7,100.85,10.59,33.65,0.0,0.0,16.16,32.7,0.0,9.07,4.82,15.31,25.99,48.86,Kansas City Roos
Allen David Mukeba Jr.,119.5,242.0,4.02,94.01709401709401,90.0,94.02,96.15,47.44,97.86,16.24,39.74,0.0,0.0,12.82,28.63,0.0,9.4,2.56,14.96,27.78,41.45,Kansas City Roos
Khristion Courseault,80.0,144.0,3.74,95.68345323741008,91.94630872483222,95.68,98.56,48.2,109.35,11.51,38.85,0.0,0.0,28.06,39.57,0.0,7.19,7.19,18.71,22.3,67.63,Kansas City Roos
Tyler Andrews,290.0,533.5,-1.46,95.60229445506691,97.05882352941177,95.6,100.96,49.9,103.06,11.47,35.76,0.0,0.0,19.12,31.36,0.0,8.99,6.12,16.06,24.86,50.48,Kansas City Roos
Michael Jankovich,40.0,88.5,19.83,98.9010989010989,79.06976744186046,98.9,74.73,61.54,102.2,6.59,14.29,0.0,0.0,8.79,36.26,0.0,9.89,6.59,6.59,18.68,45.05,Kansas Jayhawks
Elmarko Jackson,160.0,301.5,5.37,93.60269360269359,88.23529411764706,93.6,90.91,48.82,93.27,7.41,23.57,0.0,0.0,12.79,38.38,0.0,7.41,5.05,19.53,17.17,51.17,Kansas Jayhawks
Kevin McCullar Jr.,525.0,1020.0,3.67,95.2755905511811,91.6015625,95.28,92.32,53.05,96.36,6.59,20.77,0.0,0.0,11.02,33.07,0.0,8.76,4.13,14.67,20.57,44.09,Kansas Jayhawks
Hunter Dickinson,725.0,1413.0,3.11,93.34748761500354,90.23354564755839,93.35,90.23,52.23,95.97,6.3,20.45,0.0,0.0,10.12,33.33,0.0,9.13,4.03,14.15,19.82,43.45,Kansas Jayhawks
Dajuan Harris Jr.,765.0,1489.0,1.61,92.0752182672935,90.46339825386166,92.08,90.46,51.44,95.9,6.18,20.75,0.0,0.0,10.14,33.65,0.0,8.93,4.3,14.24,19.48,43.79,Kansas Jayhawks
K.J. Adams Jr.,725.0,1400.5,0.47,91.63090128755364,91.16179615110478,91.63,91.49,50.79,95.49,6.15,21.17,0.0,0.0,10.23,33.48,0.0,8.87,4.15,14.74,19.53,43.71,Kansas Jayhawks
Johnny Furphy,645.0,1250.5,0.31,91.03999999999999,90.72741806554757,91.04,90.8,50.72,95.84,6.0,21.12,0.0,0.0,9.44,33.6,0.0,9.04,4.32,13.6,19.52,43.04,Kansas Jayhawks
Nicolas Timberlake,240.0,482.0,-5.93,83.5030549898167,89.4291754756871,83.5,86.15,49.29,96.54,4.68,18.94,0.0,0.0,8.55,32.99,0.0,9.37,4.89,12.02,17.52,41.54,Kansas Jayhawks
David N'Guessan,324.3,625.5,2.44,84.85342019543974,82.41758241758241,84.85,85.5,47.07,91.53,9.61,29.97,0.0,0.0,12.05,31.43,0.0,8.79,6.51,20.52,25.73,43.48,Kansas State Wildcats
Will McNair Jr.,324.3,625.5,2.44,84.85342019543974,82.41758241758241,84.85,85.5,47.07,91.53,9.61,29.97,0.0,0.0,12.05,31.43,0.0,8.79,6.51,20.52,25.73,43.48,Kansas State Wildcats
Arthur Kaluma,813.8,1605.5,-1.73,85.55347091932458,87.28287841191067,85.55,87.99,48.22,92.81,9.13,27.33,0.0,0.0,11.88,32.9,0.0,6.57,5.13,19.07,23.58,44.78,Kansas State Wildcats
Cam Carter,813.8,1605.5,-1.73,85.55347091932458,87.28287841191067,85.55,87.99,48.22,92.81,9.13,27.33,0.0,0.0,11.88,32.9,0.0,6.57,5.13,19.07,23.58,44.78,Kansas State Wildcats
Tylor Perry,813.8,1605.5,-1.73,85.55347091932458,87.28287841191067,85.55,87.99,48.22,92.81,9.13,27.33,0.0,0.0,11.88,32.9,0.0,6.57,5.13,19.07,23.58,44.78,Kansas State Wildcats
Dai Dai Ames,489.6,980.0,-4.47,85.98984771573605,90.46153846153845,85.99,89.54,48.93,93.6,8.83,25.69,0.0,0.0,11.78,33.81,0.0,5.18,4.26,18.17,22.23,45.59,Kansas State Wildcats
Jerrell Colbert,489.6,980.0,-4.47,85.98984771573605,90.46153846153845,85.99,89.54,48.93,93.6,8.83,25.69,0.0,0.0,11.78,33.81,0.0,5.18,4.26,18.17,22.23,45.59,Kansas State Wildcats
RJ Johnson,80.0,174.0,7.26,100.0,92.73743016759776,100.0,98.22,53.25,99.41,11.83,32.54,0.0,0.0,15.38,31.36,0.0,4.73,4.14,15.98,29.59,46.74,Kennesaw State Owls
Jusaun Holt,359.9,743.0,0.79,95.14824797843666,94.35483870967742,95.15,94.61,52.16,101.62,9.3,30.32,0.0,0.0,16.98,33.42,0.0,9.3,4.99,15.36,23.18,50.4,Kennesaw State Owls
Quincy Ademokoya,519.9,1088.0,0.21,96.10750695088045,95.897903372835,96.11,97.5,52.09,101.58,10.1,30.86,0.0,0.0,16.77,32.72,0.0,7.69,4.91,15.2,24.84,49.49,Kennesaw State Owls
Frankquon Sherman,280.0,598.0,-0.81,94.23728813559322,95.04950495049505,94.24,97.63,50.68,100.0,9.83,29.32,0.0,0.0,15.25,32.71,0.0,7.29,4.75,15.25,25.76,47.96,Kennesaw State Owls
Terrell Burden,684.9,1413.0,-1.16,97.78729478943612,98.94736842105263,97.79,100.64,52.25,102.71,10.85,32.62,0.0,0.0,17.13,31.33,0.0,7.71,4.21,14.42,24.63,48.46,Kennesaw State Owls
Demond Robinson,644.9,1330.5,-1.38,97.87556904400607,99.2553983618764,97.88,101.14,52.35,102.66,10.93,32.7,0.0,0.0,16.92,31.18,0.0,7.66,3.87,14.26,24.96,48.1,Kennesaw State Owls
Simeon Cottle,484.9,990.0,-2.52,99.69543147208122,102.2110552763819,99.7,103.25,52.69,103.65,11.68,34.21,0.0,0.0,17.26,30.46,0.0,7.61,3.96,13.6,23.76,47.72,Kennesaw State Owls
Rongie Gordon,205.0,403.5,-4.86,102.00501253132832,106.86274509803921,102.01,109.27,52.88,108.02,12.53,37.59,0.0,0.0,21.3,28.07,0.0,7.02,3.76,13.28,24.56,49.37,Kennesaw State Owls
Jamel King,165.0,325.0,-5.73,103.41614906832297,109.14634146341464,103.42,111.18,52.8,106.52,13.35,38.51,0.0,0.0,18.32,26.71,0.0,7.76,1.86,11.8,23.91,45.03,Kennesaw State Owls
Donovan Hunter,40.0,73.0,9.59,113.69863013698631,104.10958904109589,113.7,104.11,54.79,91.78,15.07,31.51,0.0,0.0,10.96,30.14,0.0,9.59,6.85,19.18,20.55,41.1,Kent State Golden Flashes
Cli'Ron Hornbeak,405.0,741.5,8.19,95.13513513513514,86.94481830417227,95.14,87.3,49.59,103.24,12.03,33.51,0.0,0.0,17.03,33.51,0.0,8.38,4.32,13.78,24.19,50.54,Kent State Golden Flashes
Giovanni Santiago,490.0,902.0,7.29,96.27959413754228,88.98582333696837,96.28,92.0,49.83,100.79,11.72,31.0,0.0,0.0,15.45,32.13,0.0,8.46,4.4,14.66,23.22,47.58,Kent State Golden Flashes
Brenden Moss,125.0,237.5,4.78,96.55172413793103,91.76954732510289,96.55,96.12,52.16,93.97,10.34,26.29,0.0,0.0,12.07,28.02,0.0,8.62,5.17,18.1,21.98,40.09,Kent State Golden Flashes
Julius Rollins,125.0,237.5,4.78,96.55172413793103,91.76954732510289,96.55,96.12,52.16,93.97,10.34,26.29,0.0,0.0,12.07,28.02,0.0,8.62,5.17,18.1,21.98,40.09,Kent State Golden Flashes
Jalen Sullinger,650.0,1199.0,4.63,95.59434746467166,90.9623430962343,95.59,90.36,49.79,102.33,11.89,32.5,0.0,0.0,15.54,32.09,0.0,7.81,3.66,13.22,23.11,47.63,Kent State Golden Flashes
Mike Bekelja,650.0,1199.0,4.63,95.59434746467166,90.9623430962343,95.59,90.36,49.79,102.33,11.89,32.5,0.0,0.0,15.54,32.09,0.0,7.81,3.66,13.22,23.11,47.63,Kent State Golden Flashes
VonCameron Davis,690.0,1282.5,4.35,95.62841530054644,91.27725856697819,95.63,91.49,49.65,101.8,12.02,32.55,0.0,0.0,15.3,31.23,0.0,8.04,3.67,13.51,23.5,46.53,Kent State Golden Flashes
Reggie Bass,245.0,451.5,2.99,98.47826086956522,95.48532731376976,98.48,91.96,51.74,101.52,11.74,31.3,0.0,0.0,14.13,31.09,0.0,6.96,3.26,12.61,22.83,45.22,Kent State Golden Flashes
Chris Payton Jr.,330.0,622.0,-0.16,94.37299035369774,94.53376205787781,94.37,94.53,50.32,99.36,10.77,29.1,0.0,0.0,13.02,29.1,0.0,7.23,3.05,13.67,21.7,42.12,Kent State Golden Flashes
Tyem Freeman,125.0,237.0,-0.83,89.25619834710744,90.08620689655173,89.26,86.36,51.24,96.28,9.09,28.1,0.0,0.0,13.22,30.58,0.0,7.44,4.55,16.94,19.01,43.8,Kent State Golden Flashes
Kareem Watkins,40.0,80.0,22.66,117.72151898734178,95.06172839506173,117.72,97.47,56.96,103.8,13.92,34.18,0.0,0.0,16.46,39.24,0.0,5.06,5.06,12.66,22.78,55.7,Kentucky Wildcats
Reed Sheppard,125.0,261.5,15.6,116.33466135458168,100.73529411764706,116.33,109.16,57.77,107.17,14.74,31.47,0.0,0.0,19.12,35.46,0.0,7.57,9.16,11.95,23.51,54.58,Kentucky Wildcats
Adou Thiero,405.0,867.0,11.52,105.27549824150057,93.75709421112373,105.28,96.83,56.15,98.12,12.19,27.55,0.0,0.0,12.31,31.54,0.0,9.14,7.85,14.19,22.98,43.85,Kentucky Wildcats
Ugonna Onyenso,485.0,1036.5,11.25,107.35294117647058,96.10636277302945,107.35,99.22,56.86,98.33,12.16,28.14,0.0,0.0,12.65,31.76,0.0,8.33,8.14,14.31,23.43,44.41,Kentucky Wildcats
Antonio Reeves,770.0,1631.5,8.58,104.21836228287842,95.63900666262872,104.22,97.95,55.83,98.7,11.48,27.92,0.0,0.0,12.34,32.51,0.0,8.06,7.57,13.65,22.52,44.85,Kentucky Wildcats
Justin Edwards,645.0,1383.5,8.04,104.67494521548575,96.63805436337624,104.67,98.69,56.83,97.81,11.32,27.54,0.0,0.0,11.83,31.34,0.0,8.18,7.16,14.02,22.79,43.17,Kentucky Wildcats
D.J. Wagner,645.0,1370.0,7.35,101.98383541513594,94.63379260333575,101.98,95.89,55.47,97.13,10.87,27.26,0.0,0.0,11.09,31.96,0.0,8.16,7.27,13.96,22.34,43.05,Kentucky Wildcats
Tre Mitchell,450.0,932.5,5.44,101.40845070422534,95.96602972399151,101.41,97.94,53.95,100.11,10.83,28.28,0.0,0.0,12.78,34.56,0.0,7.15,8.13,12.68,21.67,47.34,Kentucky Wildcats
Aaron Bradshaw,285.0,595.0,4.0,98.81756756756756,94.81605351170569,98.82,95.78,54.05,99.32,10.3,27.53,0.0,0.0,11.82,33.78,0.0,7.6,6.59,12.5,20.95,45.6,Kentucky Wildcats
Carlos Stewart,40.0,76.5,22.72,90.66666666666666,67.94871794871796,90.67,70.67,46.67,104.0,8.0,32.0,0.0,0.0,20.0,44.0,0.0,8.0,9.33,16.0,26.67,64.0,LSU Tigers
Jalen Cook,280.0,585.0,-0.45,92.08261617900172,92.52971137521222,92.08,93.8,50.09,99.31,10.33,29.09,0.0,0.0,14.11,32.53,0.0,8.61,3.96,14.8,23.41,46.64,LSU Tigers
Derek Fountain,400.0,801.0,-0.85,89.33500627352572,90.1863354037267,89.34,91.09,50.06,98.75,8.28,25.09,0.0,0.0,15.18,33.12,0.0,8.28,4.89,16.44,20.7,48.3,LSU Tigers
Hunter Dean,40.0,83.0,-2.33,97.67441860465115,100.0,97.67,93.02,60.47,109.3,6.98,25.58,0.0,0.0,26.74,26.74,0.0,9.3,4.65,17.44,18.6,53.48,LSU Tigers
Mwani Wilkinson,40.0,83.0,-2.33,97.67441860465115,100.0,97.67,93.02,60.47,109.3,6.98,25.58,0.0,0.0,26.74,26.74,0.0,9.3,4.65,17.44,18.6,53.48,LSU Tigers
Jordan Wright,760.0,1554.5,-2.34,92.97227595099935,95.31450577663672,92.97,95.74,51.64,98.77,9.67,26.82,0.0,0.0,14.51,31.01,0.0,7.87,4.26,15.73,21.73,45.52,LSU Tigers
Will Baker,760.0,1554.5,-2.34,92.97227595099935,95.31450577663672,92.97,95.74,51.64,98.77,9.67,26.82,0.0,0.0,14.51,31.01,0.0,7.87,4.26,15.73,21.73,45.52,LSU Tigers
Tyrell Ward,280.0,552.5,-2.84,89.07103825136612,91.90647482014388,89.07,93.08,49.73,98.0,8.74,24.95,0.0,0.0,15.12,31.88,0.0,7.83,4.92,17.12,20.4,47.0,LSU Tigers
Trae Hannibal,480.0,969.5,-3.5,93.50515463917526,97.00722394220847,93.51,96.91,52.58,98.45,9.28,25.46,0.0,0.0,14.74,30.1,0.0,7.42,4.43,16.29,20.72,44.84,LSU Tigers
Jalen Reed,320.0,670.5,-4.18,96.7065868263473,100.89153046062407,96.71,101.65,52.4,97.46,11.68,29.04,0.0,0.0,12.13,29.04,0.0,7.19,3.44,14.67,23.35,41.17,LSU Tigers
Mike Williams III,400.0,842.5,-4.4,95.24375743162902,99.64454976303317,95.24,100.0,52.44,97.74,10.7,27.71,0.0,0.0,12.37,29.73,0.0,7.73,3.33,14.63,22.47,42.1,LSU Tigers
Tommy Gardler,40.0,65.0,12.5,112.5,100.0,112.5,103.12,57.81,118.75,10.94,32.81,0.0,0.0,23.44,35.94,0.0,12.5,1.56,4.69,12.5,59.38,La Salle Explorers
Rokas Jocius,560.0,1051.0,1.34,96.40077821011673,95.06517690875232,96.4,99.32,49.61,102.82,11.38,31.23,0.0,0.0,15.86,34.44,0.0,7.68,4.77,13.04,23.05,50.3,La Salle Explorers
Daeshon Shepherd,760.0,1407.0,-2.3,93.5740072202166,95.87123862841148,93.57,98.92,48.52,102.53,10.9,32.2,0.0,0.0,15.45,33.14,0.0,8.01,4.69,12.92,22.45,48.59,La Salle Explorers
Tunde Vahlberg Fasasi,720.0,1356.0,-3.04,93.4032983508246,96.44412191582002,93.4,99.63,48.88,102.55,10.87,31.78,0.0,0.0,15.97,32.83,0.0,7.5,4.57,13.42,23.16,48.8,La Salle Explorers
Jhamir Brickus,800.0,1493.0,-3.22,93.87755102040816,97.0976253298153,93.88,100.14,48.98,103.06,10.95,32.24,0.0,0.0,15.92,32.59,0.0,7.82,4.49,12.86,22.45,48.51,La Salle Explorers
Khalil Brantley,760.0,1428.0,-3.94,93.02987197724039,96.9655172413793,93.03,100.0,48.58,102.35,10.95,32.22,0.0,0.0,15.58,32.43,0.0,7.61,4.62,13.23,22.9,48.01,La Salle Explorers
Anwar Gill,80.0,137.0,-5.09,98.52941176470588,103.6231884057971,98.53,105.15,50.0,108.09,11.76,36.76,0.0,0.0,15.44,30.15,0.0,11.03,3.68,7.35,15.44,45.59,La Salle Explorers
Ryan Zan,240.0,442.0,-14.03,88.00904977375565,102.03619909502262,88.01,102.04,47.51,103.62,9.95,34.62,0.0,0.0,16.06,28.28,0.0,8.14,3.85,12.44,21.04,44.34,La Salle Explorers
Andres Marrero,40.0,86.0,-18.42,98.82352941176471,117.24137931034481,98.82,120.0,56.47,111.76,11.76,32.94,0.0,0.0,23.53,23.53,0.0,4.71,1.18,11.76,22.35,47.06,La Salle Explorers
Ryan Pettit,85.0,139.5,18.78,102.83687943262412,84.05797101449275,102.84,82.27,51.06,97.87,12.06,31.21,0.0,0.0,9.93,36.17,0.0,7.8,4.26,12.06,22.7,46.1,Lafayette Leopards
Eric Sondberg,776.8,1367.5,2.19,90.279823269514,88.09005083514887,90.28,89.32,47.42,98.09,10.31,29.53,0.0,0.0,12.52,34.76,0.0,8.54,5.89,14.43,22.75,47.28,Lafayette Leopards
Justin Vander Baan,776.8,1367.5,2.19,90.279823269514,88.09005083514887,90.28,89.32,47.42,98.09,10.31,29.53,0.0,0.0,12.52,34.76,0.0,8.54,5.89,14.43,22.75,47.28,Lafayette Leopards
Kyle Jenkins,776.8,1367.5,2.19,90.279823269514,88.09005083514887,90.28,89.32,47.42,98.09,10.31,29.53,0.0,0.0,12.52,34.76,0.0,8.54,5.89,14.43,22.75,47.28,Lafayette Leopards
Mark Butler,776.8,1367.5,2.19,90.279823269514,88.09005083514887,90.28,89.32,47.42,98.09,10.31,29.53,0.0,0.0,12.52,34.76,0.0,8.54,5.89,14.43,22.75,47.28,Lafayette Leopards
Devin Hines,691.8,1228.0,0.29,88.82497945768283,88.53914447134787,88.82,90.14,47.0,98.11,10.11,29.33,0.0,0.0,12.82,34.59,0.0,8.63,6.08,14.71,22.76,47.41,Lafayette Leopards
Janko Bulajic,120.0,243.5,16.24,100.40485829959513,84.16666666666667,100.4,81.78,59.11,100.4,8.5,21.46,0.0,0.0,14.57,34.82,0.0,6.48,6.07,14.17,21.46,49.39,Lamar Cardinals
BB Knight,814.2,1569.0,7.15,94.94884910485933,87.80177890724269,94.95,88.36,52.69,100.77,8.63,26.47,0.0,0.0,16.43,31.91,0.0,8.38,4.73,15.66,22.7,48.34,Lamar Cardinals
Chris Pryor,814.2,1569.0,7.15,94.94884910485933,87.80177890724269,94.95,88.36,52.69,100.77,8.63,26.47,0.0,0.0,16.43,31.91,0.0,8.38,4.73,15.66,22.7,48.34,Lamar Cardinals
Cody Pennebaker,814.2,1569.0,7.15,94.94884910485933,87.80177890724269,94.95,88.36,52.69,100.77,8.63,26.47,0.0,0.0,16.43,31.91,0.0,8.38,4.73,15.66,22.7,48.34,Lamar Cardinals
Terry Anderson,814.2,1569.0,7.15,94.94884910485933,87.80177890724269,94.95,88.36,52.69,100.77,8.63,26.47,0.0,0.0,16.43,31.91,0.0,8.38,4.73,15.66,22.7,48.34,Lamar Cardinals
Adam Hamilton,694.2,1325.5,5.47,93.92558845861807,88.45577211394303,93.93,89.6,51.48,100.84,8.66,27.41,0.0,0.0,16.78,31.36,0.0,8.73,4.48,15.95,22.93,48.14,Lamar Cardinals
Darrick Jones Jr.,399.5,726.0,12.75,100.83102493074792,88.08219178082192,100.83,89.06,49.45,94.32,15.65,38.23,0.0,0.0,10.53,37.67,0.0,9.56,4.43,16.2,20.08,48.2,Le Moyne Dolphins
Mike DePersia,684.3,1256.5,5.59,95.38950715421304,89.80079681274901,95.39,89.59,48.81,96.9,13.43,37.84,0.0,0.0,12.88,37.68,0.0,8.74,4.13,15.98,20.43,50.56,Le Moyne Dolphins
Nathan McClure,684.3,1256.5,5.59,95.38950715421304,89.80079681274901,95.39,89.59,48.81,96.9,13.43,37.84,0.0,0.0,12.88,37.68,0.0,8.74,4.13,15.98,20.43,50.56,Le Moyne Dolphins
Kaiyem Cleary,724.3,1337.5,4.8,95.66840926064228,90.86826347305389,95.67,90.66,49.22,97.76,13.07,37.12,0.0,0.0,13.29,37.34,0.0,8.44,4.03,15.53,20.69,50.63,Le Moyne Dolphins
Luke Sutherland,724.3,1337.5,4.8,95.66840926064228,90.86826347305389,95.67,90.66,49.22,97.76,13.07,37.12,0.0,0.0,13.29,37.34,0.0,8.44,4.03,15.53,20.69,50.63,Le Moyne Dolphins
Ocypher Owens,119.8,226.0,-4.58,89.56521739130436,94.14414414414415,89.57,90.87,48.7,96.09,11.74,33.04,0.0,0.0,16.09,36.52,0.0,6.52,3.91,20.0,21.74,52.61,Le Moyne Dolphins
Isaiah Salter,205.0,385.5,-4.61,89.66408268733849,94.27083333333334,89.66,93.54,49.1,105.17,9.04,37.47,0.0,0.0,16.8,37.21,0.0,7.49,3.36,11.63,21.19,54.01,Le Moyne Dolphins
AJ Dancler,40.0,81.0,-7.41,100.0,107.40740740740742,100.0,107.41,55.56,111.11,7.41,25.93,0.0,0.0,19.75,32.1,0.0,3.7,2.47,8.64,24.69,51.85,Le Moyne Dolphins
Nate Fouts,40.0,81.0,-7.41,100.0,107.40740740740742,100.0,107.41,55.56,111.11,7.41,25.93,0.0,0.0,19.75,32.1,0.0,3.7,2.47,8.64,24.69,51.85,Le Moyne Dolphins
JT Tan,40.0,77.5,8.67,110.00000000000001,101.33333333333334,110.0,95.0,60.0,97.5,7.5,22.5,0.0,0.0,8.75,27.5,0.0,12.5,1.25,11.25,22.5,36.25,Lehigh Mountain Hawks
Dominic Parolin,384.1,711.0,7.47,93.20388349514563,85.73466476462197,93.2,83.36,51.73,96.81,10.12,26.49,0.0,0.0,10.96,36.48,0.0,10.26,4.02,14.15,19.56,47.44,Lehigh Mountain Hawks
Keith Higgins Jr.,165.0,313.5,3.25,92.5,89.25081433224756,92.5,85.62,51.56,99.06,8.44,25.94,0.0,0.0,10.62,31.25,0.0,11.56,2.5,11.56,18.44,41.87,Lehigh Mountain Hawks
Cam Gillus,663.8,1234.5,1.89,90.43824701195219,88.55024711696869,90.44,85.66,50.52,96.57,9.32,27.73,0.0,0.0,10.6,35.54,0.0,8.84,3.19,14.02,19.2,46.14,Lehigh Mountain Hawks
Burke Chebuhar,868.8,1641.5,1.13,90.32451923076923,89.19085855466338,90.32,86.78,50.36,96.63,8.95,27.16,0.0,0.0,10.88,34.38,0.0,8.83,2.76,14.24,20.01,45.26,Lehigh Mountain Hawks
Tyler Whitney-Sidney,783.8,1482.0,1.05,90.73333333333333,89.68579234972678,90.73,87.53,50.2,96.13,9.07,27.4,0.0,0.0,10.6,34.27,0.0,8.73,2.6,14.47,20.4,44.87,Lehigh Mountain Hawks
Joshua Ingram,788.8,1487.5,0.77,89.45623342175067,88.68438991138378,89.46,86.27,50.27,96.62,8.95,27.19,0.0,0.0,11.21,35.15,0.0,8.36,2.98,14.59,19.96,46.36,Lehigh Mountain Hawks
Jalin Sinclair,205.0,407.0,-1.14,89.97555012224939,91.11111111111111,89.98,90.22,49.88,96.82,7.82,25.43,0.0,0.0,11.74,30.81,0.0,8.8,1.47,14.91,22.49,42.55,Lehigh Mountain Hawks
Bube Momah,444.7,853.0,-4.89,86.09501738122827,90.98457888493475,86.1,88.88,48.32,96.41,8.11,28.16,0.0,0.0,11.01,33.26,0.0,7.3,1.85,14.6,20.16,44.27,Lehigh Mountain Hawks
Brody Peebles,120.0,214.0,13.61,103.7037037037037,90.09433962264151,103.7,88.43,52.31,97.69,11.11,25.93,0.0,0.0,12.04,35.65,0.0,6.48,5.09,14.35,18.06,47.69,Liberty Flames
Colin Porter,690.0,1250.5,0.88,94.80415667466026,93.92,94.8,93.84,48.44,96.88,12.71,35.33,0.0,0.0,12.87,33.17,0.0,6.79,3.44,15.99,21.82,46.04,Liberty Flames
Kaden Metheny,690.0,1250.5,0.88,94.80415667466026,93.92,94.8,93.84,48.44,96.88,12.71,35.33,0.0,0.0,12.87,33.17,0.0,6.79,3.44,15.99,21.82,46.04,Liberty Flames
Kyle Rode,690.0,1250.5,0.88,94.80415667466026,93.92,94.8,93.84,48.44,96.88,12.71,35.33,0.0,0.0,12.87,33.17,0.0,6.79,3.44,15.99,21.82,46.04,Liberty Flames
Zach Cleveland,690.0,1250.5,0.88,94.80415667466026,93.92,94.8,93.84,48.44,96.88,12.71,35.33,0.0,0.0,12.87,33.17,0.0,6.79,3.44,15.99,21.82,46.04,Liberty Flames
Joseph Venzant,570.0,1036.5,-1.75,92.94685990338164,94.70134874759152,92.95,94.98,47.63,96.71,13.04,37.29,0.0,0.0,13.04,32.66,0.0,6.86,3.09,16.33,22.61,45.7,Liberty Flames
Keith Haymon II,160.0,291.5,-9.66,89.65517241379311,99.31740614334471,89.66,100.34,49.66,100.34,7.93,25.17,0.0,0.0,13.79,27.24,0.0,8.62,3.1,13.45,24.83,41.03,Lindenwood Lions
Tommie Williams,165.0,302.0,-12.79,74.91961414790997,87.71331058020478,74.92,82.64,45.98,102.57,4.18,18.97,0.0,0.0,16.4,29.26,0.0,11.25,2.25,13.83,21.86,45.66,Lindenwood Lions
Isaac Ondekane,160.0,297.0,-15.87,81.3953488372093,97.26962457337885,81.4,94.68,49.17,99.0,4.65,17.94,0.0,0.0,12.62,24.58,0.0,9.97,3.65,13.62,23.92,37.2,Lindenwood Lions
Jaylon McDaniel,605.0,1146.0,-15.91,83.65051903114187,99.55985915492957,83.65,97.84,48.01,98.96,6.66,22.84,0.0,0.0,14.36,29.84,0.0,7.61,3.11,15.4,21.71,44.2,Lindenwood Lions
Darius Beane,685.0,1304.0,-16.2,81.2452543659833,97.44384198295894,81.25,95.52,47.3,97.95,6.45,21.72,0.0,0.0,13.52,29.08,0.0,8.05,2.96,15.57,21.79,42.6,Lindenwood Lions
Jeremiah Talton,645.0,1227.5,-16.33,81.84738955823293,98.18181818181819,81.85,95.42,48.11,98.55,5.94,21.12,0.0,0.0,14.06,29.4,0.0,8.11,3.13,15.5,21.61,43.46,Lindenwood Lions
Keenon Cole,685.0,1297.5,-17.02,82.04736440030558,99.06687402799378,82.05,97.33,47.59,98.55,6.26,21.7,0.0,0.0,13.75,28.65,0.0,7.94,3.21,15.2,21.93,42.4,Lindenwood Lions
Colin Ruffin,520.0,1002.0,-17.1,83.20079522862824,100.3006012024048,83.2,99.5,47.71,96.52,7.16,22.56,0.0,0.0,12.62,29.03,0.0,7.06,3.18,16.1,21.77,41.65,Lindenwood Lions
Cody Head,360.0,676.0,7.51,108.100147275405,100.59435364041605,108.1,99.71,54.93,97.94,12.67,29.31,0.0,0.0,9.57,32.11,0.0,8.1,4.27,11.63,15.76,41.68,Lipscomb Bisons
AJ McGinnis,680.0,1300.0,3.2,107.69817073170731,104.5031055900621,107.7,102.59,56.4,98.7,12.2,29.65,0.0,0.0,9.6,31.25,0.0,7.24,4.19,10.9,16.08,40.85,Lipscomb Bisons
Joe Anderson,680.0,1300.0,3.2,107.69817073170731,104.5031055900621,107.7,102.59,56.4,98.7,12.2,29.65,0.0,0.0,9.6,31.25,0.0,7.24,4.19,10.9,16.08,40.85,Lipscomb Bisons
Owen McCormack,680.0,1300.0,3.2,107.69817073170731,104.5031055900621,107.7,102.59,56.4,98.7,12.2,29.65,0.0,0.0,9.6,31.25,0.0,7.24,4.19,10.9,16.08,40.85,Lipscomb Bisons
Will Pruitt,560.0,1082.0,2.95,106.95970695970696,104.01119402985076,106.96,102.11,56.59,98.9,11.81,28.75,0.0,0.0,9.8,31.78,0.0,7.23,4.12,10.9,16.21,41.58,Lipscomb Bisons
Derrin Boyd,360.0,705.0,0.22,107.98319327731092,107.75862068965519,107.98,105.04,57.98,97.48,11.06,28.15,0.0,0.0,7.84,28.57,0.0,6.44,4.48,10.36,16.81,36.41,Lipscomb Bisons
Grant Asman,80.0,137.0,-1.04,110.07194244604317,111.11111111111111,110.07,107.91,53.96,107.19,18.71,46.04,0.0,0.0,17.27,36.69,0.0,7.19,2.88,10.07,12.95,53.96,Lipscomb Bisons
Jordan Jefferson,720.0,1348.5,14.23,101.26112759643917,87.02742772424018,101.26,87.09,55.04,98.0,8.01,20.85,0.0,0.0,14.54,36.65,0.0,7.57,7.42,16.54,20.47,51.19,Little Rock Trojans
DeAntoni Gordon,800.0,1520.0,12.68,100.65876152832675,87.97634691195795,100.66,88.21,55.2,99.08,7.77,21.67,0.0,0.0,15.22,35.57,0.0,7.64,7.05,16.14,21.28,50.79,Little Rock Trojans
Jamir Chaplin,800.0,1520.0,12.68,100.65876152832675,87.97634691195795,100.66,88.21,55.2,99.08,7.77,21.67,0.0,0.0,15.22,35.57,0.0,7.64,7.05,16.14,21.28,50.79,Little Rock Trojans
Jaylen Crocker-Johnson,800.0,1520.0,12.68,100.65876152832675,87.97634691195795,100.66,88.21,55.2,99.08,7.77,21.67,0.0,0.0,15.22,35.57,0.0,7.64,7.05,16.14,21.28,50.79,Little Rock Trojans
KK Robinson,800.0,1520.0,12.68,100.65876152832675,87.97634691195795,100.66,88.21,55.2,99.08,7.77,21.67,0.0,0.0,15.22,35.57,0.0,7.64,7.05,16.14,21.28,50.79,Little Rock Trojans
Bradley Douglas,80.0,171.5,0.51,95.88235294117648,95.37572254335261,95.88,97.06,56.47,107.65,5.88,28.24,0.0,0.0,20.59,27.06,0.0,8.24,4.12,12.94,27.65,47.65,Little Rock Trojans
Messiah Thompson,684.8,1359.5,1.57,96.43636363636364,94.86607142857143,96.44,92.73,55.71,104.29,6.98,21.24,0.0,0.0,18.18,32.8,0.0,8.51,5.45,13.89,21.02,50.98,Long Beach State Beach
Jadon Jones,644.8,1266.5,0.51,92.79069767441861,92.2767497988737,92.79,88.91,53.72,104.57,6.82,21.47,0.0,0.0,18.37,33.26,0.0,8.37,5.81,13.8,19.92,51.63,Long Beach State Beach
Amari Stroud,120.0,236.5,0.42,100.0,99.58333333333333,100.0,102.58,56.65,104.29,8.15,22.32,0.0,0.0,20.17,24.03,0.0,11.16,6.44,15.88,23.61,44.2,Long Beach State Beach
Marcus Tsohonis,679.8,1369.0,-0.48,93.22766570605188,93.7037037037037,93.23,91.14,54.25,104.97,6.2,20.61,0.0,0.0,18.95,32.56,0.0,9.22,5.48,13.98,20.1,51.51,Long Beach State Beach
Lassina Traore,884.8,1766.5,-1.33,93.03621169916435,94.36133486766398,93.04,91.36,53.93,104.12,6.63,20.89,0.0,0.0,18.5,32.65,0.0,8.75,5.35,14.37,20.28,51.15,Long Beach State Beach
Aboubacar Traore,844.8,1687.5,-1.83,92.87799182720373,94.70517448856799,92.88,91.89,53.59,104.2,6.71,21.19,0.0,0.0,18.74,33.1,0.0,8.64,5.08,14.54,20.26,51.84,Long Beach State Beach
Jason Hart Jr.,40.0,79.0,-4.94,92.5,97.43589743589743,92.5,95.0,51.25,111.25,6.25,23.75,0.0,0.0,26.25,23.75,0.0,12.5,5.0,15.0,17.5,50.0,Long Beach State Beach
Chayce Polynice,40.0,82.5,-6.03,97.5,103.5294117647059,97.5,110.0,57.5,108.75,3.75,20.0,0.0,0.0,25.0,25.0,0.0,11.25,5.0,16.25,25.0,50.0,Long Beach State Beach
Jeffrey Yan,40.0,82.5,-6.03,97.5,103.5294117647059,97.5,110.0,57.5,108.75,3.75,20.0,0.0,0.0,25.0,25.0,0.0,11.25,5.0,16.25,25.0,50.0,Long Beach State Beach
AJ George,565.0,1139.0,-7.08,90.595340811044,97.67649687220732,90.6,94.31,53.15,103.11,5.95,19.07,0.0,0.0,18.46,32.01,0.0,8.54,4.92,15.36,20.53,50.47,Long Beach State Beach
Isa Silva,80.0,176.5,-8.78,81.86813186813187,90.64327485380117,81.87,85.16,50.0,101.65,3.85,20.88,0.0,0.0,19.23,32.42,0.0,10.44,3.85,17.58,20.33,51.65,Long Beach State Beach
Jason Steele,45.0,91.5,2.77,92.13483146067416,89.36170212765957,92.13,94.38,51.69,97.75,4.49,15.73,0.0,0.0,12.36,38.2,0.0,7.87,7.87,14.61,19.1,50.56,Long Island University Sharks
R.J. Greene,525.0,1029.0,-4.22,87.37769080234834,91.6023166023166,87.38,92.86,48.63,99.9,7.05,19.86,0.0,0.0,18.0,33.37,0.0,7.93,4.7,18.1,25.34,51.37,Long Island University Sharks
Terell Strickland,165.0,325.0,-4.37,85.9375,90.30303030303031,85.94,93.12,49.38,104.69,4.38,17.19,0.0,0.0,20.0,34.06,0.0,7.5,4.06,15.31,22.81,54.06,Long Island University Sharks
Tai Strickland,570.0,1113.5,-4.87,88.25654923215899,93.125,88.26,94.22,48.51,97.92,7.68,21.59,0.0,0.0,15.9,34.78,0.0,7.41,5.06,17.98,23.4,50.68,Long Island University Sharks
Eric Acker,525.0,1043.0,-4.94,86.905916585839,91.8483412322275,86.91,93.99,47.91,99.52,7.37,20.76,0.0,0.0,17.65,34.43,0.0,8.05,3.98,18.14,23.86,52.08,Long Island University Sharks
Nikola Djapa,690.0,1347.0,-5.26,87.4439461883408,92.69911504424779,87.44,93.95,48.51,99.55,7.1,20.93,0.0,0.0,17.12,34.38,0.0,7.4,4.63,17.56,23.54,51.5,Long Island University Sharks
Tana Kopa,690.0,1347.0,-5.26,87.4439461883408,92.69911504424779,87.44,93.95,48.51,99.55,7.1,20.93,0.0,0.0,17.12,34.38,0.0,7.4,4.63,17.56,23.54,51.5,Long Island University Sharks
Ahmed Essahaty,240.0,439.0,-11.88,86.96629213483146,98.84526558891456,86.97,96.18,48.31,99.55,7.64,25.84,0.0,0.0,15.73,35.06,0.0,4.49,4.72,16.18,20.45,50.79,Long Island University Sharks
Elijah Tucker,365.0,706.5,2.56,95.47383309759547,92.91784702549575,95.47,92.79,54.03,102.55,9.62,24.05,0.0,0.0,18.1,31.26,0.0,8.49,2.69,15.56,25.18,49.36,Longwood Lancers
Johan Nziemi,40.0,74.0,1.5,85.91549295774648,84.4155844155844,85.92,91.55,46.48,112.68,4.23,16.9,0.0,0.0,30.99,33.8,0.0,11.27,2.82,18.31,33.8,64.79,Longwood Lancers
DA Houston,685.0,1301.0,-0.39,94.88939740655988,95.27498063516654,94.89,93.82,53.85,104.2,8.01,21.05,0.0,0.0,20.14,30.74,0.0,8.31,2.75,15.94,24.64,50.88,Longwood Lancers
Jesper Granlund,769.8,1471.0,-0.6,92.97297297297298,93.57045143638851,92.97,92.43,53.65,103.92,7.43,20.54,0.0,0.0,19.86,30.88,0.0,8.24,2.91,15.95,25.27,50.74,Longwood Lancers
Michael Christmas,769.8,1471.0,-0.6,92.97297297297298,93.57045143638851,92.97,92.43,53.65,103.92,7.43,20.54,0.0,0.0,19.86,30.88,0.0,8.24,2.91,15.95,25.27,50.74,Longwood Lancers
Walyn Napper,769.8,1471.0,-0.6,92.97297297297298,93.57045143638851,92.97,92.43,53.65,103.92,7.43,20.54,0.0,0.0,19.86,30.88,0.0,8.24,2.91,15.95,25.27,50.74,Longwood Lancers
Johnathan Massie,84.8,170.0,-2.6,78.10650887573965,80.7017543859649,78.11,81.66,52.07,101.78,2.96,16.57,0.0,0.0,17.75,31.95,0.0,7.69,4.14,15.98,30.18,49.7,Longwood Lancers
Szymon Zapala,364.8,690.5,-4.12,91.16809116809117,95.28718703976435,91.17,92.17,53.99,104.42,5.56,17.38,0.0,0.0,20.51,30.2,0.0,7.69,3.13,16.1,24.5,50.71,Longwood Lancers
Kentrell Garnett,680.0,1363.5,3.95,93.16493313521545,89.210716871832,93.16,91.53,51.56,101.26,8.25,27.34,0.0,0.0,17.01,30.61,0.0,9.51,4.16,15.75,23.25,47.62,Louisiana Ragin' Cajuns
Themus Fulks,680.0,1363.5,3.95,93.16493313521545,89.210716871832,93.16,91.53,51.56,101.26,8.25,27.34,0.0,0.0,17.01,30.61,0.0,9.51,4.16,15.75,23.25,47.62,Louisiana Ragin' Cajuns
Hosana Kitenge,800.0,1601.5,3.66,92.98356510745892,89.3275755706354,92.98,91.53,51.33,101.2,8.15,27.5,0.0,0.0,16.43,30.59,0.0,10.37,4.24,15.23,22.63,47.02,Louisiana Ragin' Cajuns
Joe Charles,800.0,1601.5,3.66,92.98356510745892,89.3275755706354,92.98,91.53,51.33,101.2,8.15,27.5,0.0,0.0,16.43,30.59,0.0,10.37,4.24,15.23,22.63,47.02,Louisiana Ragin' Cajuns
Kobe Julien,800.0,1601.5,3.66,92.98356510745892,89.3275755706354,92.98,91.53,51.33,101.2,8.15,27.5,0.0,0.0,16.43,30.59,0.0,10.37,4.24,15.23,22.63,47.02,Louisiana Ragin' Cajuns
Brandon Hardy,120.0,238.0,1.95,91.94915254237289,90.0,91.95,91.53,50.0,100.85,7.63,28.39,0.0,0.0,13.14,30.51,0.0,15.25,4.66,12.29,19.07,43.65,Louisiana Ragin' Cajuns
Michael Thomas,120.0,238.0,1.95,91.94915254237289,90.0,91.95,91.53,50.0,100.85,7.63,28.39,0.0,0.0,13.14,30.51,0.0,15.25,4.66,12.29,19.07,43.65,Louisiana Ragin' Cajuns
Tyler Henry,245.0,454.0,10.28,93.27548806941431,82.99776286353467,93.28,80.48,54.23,103.69,8.89,23.43,0.0,0.0,19.74,36.88,0.0,7.16,7.59,16.05,18.44,56.62,Louisiana Tech Bulldogs
Tahlik Chavez,645.0,1203.0,10.1,95.95375722543352,85.85774058577405,95.95,84.72,54.34,101.4,8.67,22.71,0.0,0.0,18.25,36.0,0.0,8.84,7.1,16.85,19.49,54.25,Louisiana Tech Bulldogs
Daniel Batcho,605.0,1138.0,9.65,96.23797025371829,86.58428949691086,96.24,85.83,53.98,102.19,8.92,24.5,0.0,0.0,18.29,35.96,0.0,8.84,7.09,16.1,19.95,54.25,Louisiana Tech Bulldogs
Sean Newman Jr.,605.0,1137.0,9.56,96.23137598597721,86.67255075022065,96.23,86.06,54.43,102.54,8.59,23.75,0.0,0.0,18.14,35.06,0.0,8.76,7.01,15.6,20.33,53.2,Louisiana Tech Bulldogs
Isaiah Crawford,685.0,1284.5,9.27,95.89465530596438,86.61971830985915,95.89,85.75,54.3,102.09,8.68,23.55,0.0,0.0,18.59,35.32,0.0,8.91,7.2,16.5,20.14,53.91,Louisiana Tech Bulldogs
Devin Ree,320.0,606.0,9.03,97.38134206219313,88.35274542429285,97.38,86.91,55.32,100.82,9.0,25.04,0.0,0.0,18.0,33.88,0.0,9.82,7.53,17.18,21.6,51.88,Louisiana Tech Bulldogs
Jordan Crawford,80.0,147.5,7.13,93.33333333333333,86.20689655172413,93.33,83.33,53.33,98.67,9.33,22.0,0.0,0.0,22.0,37.33,0.0,10.0,8.67,23.33,18.67,59.33,Louisiana Tech Bulldogs
Terri Miller Jr.,80.0,146.5,6.35,93.24324324324324,86.89655172413792,93.24,85.14,56.76,101.35,6.76,16.22,0.0,0.0,20.95,30.41,0.0,9.46,8.11,19.59,21.62,51.36,Louisiana Tech Bulldogs
Dravon Mangum,160.0,306.0,5.28,96.65551839464884,91.3738019169329,96.66,95.65,52.17,105.02,7.69,24.08,0.0,0.0,19.4,33.11,0.0,10.03,6.35,14.38,22.41,52.51,Louisiana Tech Bulldogs
Hercy Miller,120.0,245.0,-2.95,94.62809917355372,97.58064516129032,94.63,100.0,50.83,93.8,10.74,23.14,0.0,0.0,8.26,31.4,0.0,7.02,2.48,14.46,19.83,39.66,Louisville Cardinals
JJ Traynor,40.0,78.5,-5.44,88.31168831168831,93.75,88.31,97.4,50.65,97.4,7.79,24.68,0.0,0.0,15.58,31.17,0.0,7.79,5.19,18.18,27.27,46.75,Louisville Cardinals
Ty-Laur Johnson,200.0,384.5,-8.73,101.34408602150538,110.07556675062973,101.34,117.47,52.42,94.89,11.29,27.96,0.0,0.0,14.25,29.84,0.0,6.45,3.23,19.35,23.39,44.09,Louisville Cardinals
Danilo Jovanovich,200.0,382.0,-9.99,93.61702127659575,103.60824742268042,93.62,106.91,49.73,92.55,11.17,27.13,0.0,0.0,8.78,31.65,0.0,6.12,2.93,16.22,20.21,40.43,Louisville Cardinals
Kaleb Glenn,400.0,807.0,-12.56,88.68388683886839,101.24843945068665,88.68,99.75,51.66,99.14,5.66,21.77,0.0,0.0,15.5,30.5,0.0,6.77,2.95,16.36,20.91,46.0,Louisville Cardinals
Brandon Huntley-Hatfield,840.0,1653.5,-13.36,89.00302114803625,102.36077481840194,89.0,102.18,50.69,96.01,7.13,22.48,0.0,0.0,12.45,30.39,0.0,6.71,2.96,16.44,21.27,42.84,Louisville Cardinals
Mike James,840.0,1653.5,-13.36,89.00302114803625,102.36077481840194,89.0,102.18,50.69,96.01,7.13,22.48,0.0,0.0,12.45,30.39,0.0,6.71,2.96,16.44,21.27,42.84,Louisville Cardinals
Skyy Clark,680.0,1317.5,-13.76,86.99619771863118,100.75757575757575,87.0,101.14,49.13,95.67,7.45,23.5,0.0,0.0,11.94,30.72,0.0,6.77,3.04,16.27,21.37,42.66,Louisville Cardinals
Tre White,600.0,1192.0,-14.07,88.70292887029288,102.77544154751892,88.7,102.26,51.21,97.24,6.03,21.17,0.0,0.0,13.81,30.04,0.0,6.69,3.1,16.57,21.76,43.85,Louisville Cardinals
Aidan McCool,40.0,79.5,-16.71,72.61904761904762,89.33333333333333,72.62,79.76,47.62,94.05,4.76,20.24,0.0,0.0,9.52,29.76,0.0,9.52,1.19,15.48,19.05,39.28,Louisville Cardinals
Curtis Williams,160.0,322.5,-21.98,84.13173652694611,106.10932475884245,84.13,98.8,53.59,92.81,3.59,15.27,0.0,0.0,9.58,28.44,0.0,5.69,2.69,16.77,20.36,38.02,Louisville Cardinals
Zan Payne,80.0,152.0,-26.55,80.2547770700637,106.80272108843538,80.25,100.0,48.41,94.9,3.82,17.83,0.0,0.0,7.64,30.57,0.0,7.64,1.91,12.74,18.47,38.21,Louisville Cardinals
Sheldon Edwards,369.7,726.0,11.8,94.41340782122904,82.6086956521739,94.41,84.92,50.42,98.74,11.45,31.28,0.0,0.0,14.8,33.38,0.0,8.66,6.42,16.06,26.96,48.18,Loyola Chicago Ramblers
Braden Norris,769.7,1518.5,7.7,91.14927344782035,83.4537097833224,91.15,83.95,49.27,97.49,10.24,28.53,0.0,0.0,13.67,33.09,0.0,9.58,6.14,16.18,25.56,46.76,Loyola Chicago Ramblers
Desmond Watson,769.7,1518.5,7.7,91.14927344782035,83.4537097833224,91.15,83.95,49.27,97.49,10.24,28.53,0.0,0.0,13.67,33.09,0.0,9.58,6.14,16.18,25.56,46.76,Loyola Chicago Ramblers
Miles Rubin,769.7,1518.5,7.7,91.14927344782035,83.4537097833224,91.15,83.95,49.27,97.49,10.24,28.53,0.0,0.0,13.67,33.09,0.0,9.58,6.14,16.18,25.56,46.76,Loyola Chicago Ramblers
Philip Alston,769.7,1518.5,7.7,91.14927344782035,83.4537097833224,91.15,83.95,49.27,97.49,10.24,28.53,0.0,0.0,13.67,33.09,0.0,9.58,6.14,16.18,25.56,46.76,Loyola Chicago Ramblers
Jayden Dawson,400.0,792.5,3.98,88.22055137844612,84.24396442185514,88.22,83.08,48.25,96.37,9.15,26.07,0.0,0.0,12.66,32.83,0.0,10.4,5.89,16.29,24.31,45.49,Loyola Chicago Ramblers
Jordan Stiemke,404.8,725.0,-7.67,85.8321870701513,93.49930843706777,85.83,92.98,46.08,101.93,9.9,30.12,0.0,0.0,17.47,32.74,0.0,8.53,2.61,15.54,21.46,50.21,Loyola Maryland Greyhounds
Garrett Brennan,285.0,502.5,-7.85,85.14851485148515,93.0,85.15,92.08,46.53,98.02,9.9,27.92,0.0,0.0,17.23,32.87,0.0,9.11,2.77,19.21,23.56,50.1,Loyola Maryland Greyhounds
Tyson Commander,324.8,588.0,-9.33,87.09677419354838,96.42248722316864,87.1,96.1,46.35,102.21,10.02,29.2,0.0,0.0,17.49,32.6,0.0,7.64,2.72,15.28,21.56,50.09,Loyola Maryland Greyhounds
Alonso Faure,240.0,426.5,-10.14,90.33018867924528,100.46620046620048,90.33,101.65,48.82,99.76,10.85,29.48,0.0,0.0,18.4,31.6,0.0,8.25,2.36,18.63,25.94,50.0,Loyola Maryland Greyhounds
Deon Perry,639.8,1144.5,-10.19,85.80192813321648,95.99303135888502,85.8,96.58,46.8,99.3,9.38,28.83,0.0,0.0,17.0,32.43,0.0,8.33,2.28,17.7,22.7,49.43,Loyola Maryland Greyhounds
Golden Dike,564.8,1004.5,-10.21,85.30287984111222,95.50898203592814,85.3,95.03,45.68,98.91,9.43,27.81,0.0,0.0,15.99,32.47,0.0,8.54,2.28,17.08,20.85,48.46,Loyola Maryland Greyhounds
David Brown III,399.8,718.5,-11.8,87.91666666666667,99.72105997210599,87.92,99.31,47.78,98.47,9.17,26.67,0.0,0.0,15.56,32.5,0.0,7.5,1.94,17.08,21.39,48.06,Loyola Maryland Greyhounds
D'Angelo Stines,400.0,711.5,-13.38,86.76056338028168,100.14025245441796,86.76,100.56,47.18,96.34,9.58,27.18,0.0,0.0,16.06,31.69,0.0,8.73,2.11,19.72,23.24,47.75,Loyola Maryland Greyhounds
Milos Ilic,565.0,989.0,-14.39,83.89057750759878,98.284561049445,83.89,98.68,44.78,96.96,9.32,27.76,0.0,0.0,16.62,32.83,0.0,8.11,2.33,19.66,21.78,49.45,Loyola Maryland Greyhounds
Lamaj Lewis,80.0,133.5,8.98,105.22388059701493,96.2406015037594,105.22,95.52,52.24,108.21,11.19,32.84,0.0,0.0,16.42,38.06,0.0,4.48,3.73,8.21,22.39,54.48,Loyola Marymount Lions
Dominick Harris,400.0,748.5,0.68,96.26666666666667,95.58232931726907,96.27,95.2,51.6,98.4,11.87,30.53,0.0,0.0,14.13,34.67,0.0,3.73,2.93,15.73,21.2,48.8,Loyola Marymount Lions
Lars Thiemann,560.0,1003.0,-2.3,99.40357852882704,101.69999999999999,99.4,101.09,51.19,99.9,12.33,31.31,0.0,0.0,14.12,34.0,0.0,3.78,2.78,14.21,20.68,48.12,Loyola Marymount Lions
Keli Leaupepe,320.0,589.0,-4.07,93.2088285229202,97.28353140916808,93.21,97.28,50.25,98.47,11.21,30.56,0.0,0.0,14.26,34.3,0.0,3.4,1.87,15.79,21.56,48.56,Loyola Marymount Lions
Alex Merkviladze,680.0,1213.5,-4.36,97.37058340180772,101.73553719008264,97.37,101.15,51.03,100.08,11.5,30.57,0.0,0.0,13.97,33.61,0.0,4.11,3.12,13.89,20.87,47.58,Loyola Marymount Lions
Will Johnston,680.0,1213.5,-4.36,97.37058340180772,101.73553719008264,97.37,101.15,51.03,100.08,11.5,30.57,0.0,0.0,13.97,33.61,0.0,4.11,3.12,13.89,20.87,47.58,Loyola Marymount Lions
Justice Hill,360.0,624.5,-4.68,101.27388535031847,105.95813204508858,101.27,104.78,51.75,101.59,11.78,30.57,0.0,0.0,13.69,32.96,0.0,4.78,4.3,12.1,20.22,46.65,Loyola Marymount Lions
Aaron McBride,80.0,125.5,-11.7,104.83870967741935,116.53543307086613,104.84,119.35,50.81,107.26,11.29,35.48,0.0,0.0,16.13,33.06,0.0,6.45,4.03,8.87,23.39,49.19,Loyola Marymount Lions
Justin Wright,40.0,74.0,-19.96,78.66666666666666,98.63013698630137,78.67,96.0,46.67,97.33,5.33,18.67,0.0,0.0,9.33,33.33,0.0,4.0,5.33,12.0,20.0,42.66,Loyola Marymount Lions
Michael Graham,200.0,342.5,-20.47,92.17391304347827,112.6470588235294,92.17,111.01,49.86,99.13,9.86,28.41,0.0,0.0,12.46,28.7,0.0,4.93,3.48,13.33,19.42,41.16,Loyola Marymount Lions
Kristians Feierbergs,120.0,242.0,0.41,85.9504132231405,85.53719008264463,85.95,85.54,47.93,97.93,5.37,21.07,0.0,0.0,12.4,33.06,0.0,14.05,3.72,14.46,19.01,45.46,Maine Black Bears
Ja'Shonte Wright-McLeish,649.8,1226.5,-3.7,86.05028386050284,89.75409836065575,86.05,88.81,47.53,98.62,7.14,23.93,0.0,0.0,13.46,32.68,0.0,10.62,4.7,14.84,20.44,46.14,Maine Black Bears
Jaden Clayton,649.8,1226.5,-3.7,86.05028386050284,89.75409836065575,86.05,88.81,47.53,98.62,7.14,23.93,0.0,0.0,13.46,32.68,0.0,10.62,4.7,14.84,20.44,46.14,Maine Black Bears
Kellen Tynes,649.8,1226.5,-3.7,86.05028386050284,89.75409836065575,86.05,88.81,47.53,98.62,7.14,23.93,0.0,0.0,13.46,32.68,0.0,10.62,4.7,14.84,20.44,46.14,Maine Black Bears
Peter Filipovity,649.8,1226.5,-3.7,86.05028386050284,89.75409836065575,86.05,88.81,47.53,98.62,7.14,23.93,0.0,0.0,13.46,32.68,0.0,10.62,4.7,14.84,20.44,46.14,Maine Black Bears
Adam Cisse,529.8,984.5,-4.72,86.07467204843591,90.79754601226993,86.07,89.61,47.43,98.79,7.57,24.62,0.0,0.0,13.72,32.59,0.0,9.79,4.94,14.93,20.79,46.31,Maine Black Bears
DeJuan Clayton,40.0,72.5,6.81,97.22222222222221,90.41095890410958,97.22,91.67,50.0,101.39,9.72,26.39,0.0,0.0,8.33,27.78,0.0,5.56,4.17,6.94,18.06,36.11,Manhattan Jaspers
Shaquil Bender,534.7,995.0,-8.6,89.10191725529768,97.69769769769769,89.1,98.49,46.42,94.05,9.49,28.96,0.0,0.0,12.71,31.48,0.0,10.39,4.74,18.67,18.06,44.19,Manhattan Jaspers
Briggs McClain,200.0,386.5,-9.88,88.31168831168831,98.19587628865979,88.31,98.96,48.57,96.36,8.57,29.35,0.0,0.0,13.51,29.87,0.0,9.35,3.64,17.14,21.04,43.38,Manhattan Jaspers
Seydou Traore,734.7,1376.5,-10.97,88.59840232389253,99.56395348837209,88.6,99.49,46.7,95.06,9.22,28.61,0.0,0.0,12.64,29.85,0.0,9.95,3.92,17.57,18.3,42.49,Manhattan Jaspers
Daniel Rouzan,814.7,1533.0,-11.11,87.97385620915033,99.08854166666666,87.97,99.48,46.47,95.03,9.15,28.95,0.0,0.0,12.81,30.26,0.0,9.93,4.12,17.78,18.3,43.07,Manhattan Jaspers
Jaden Winston,814.7,1533.0,-11.11,87.97385620915033,99.08854166666666,87.97,99.48,46.47,95.03,9.15,28.95,0.0,0.0,12.81,30.26,0.0,9.93,4.12,17.78,18.3,43.07,Manhattan Jaspers
Logan Padgett,485.0,946.5,-12.45,87.12765957446808,99.58027282266528,87.13,100.96,46.17,95.0,9.36,30.43,0.0,0.0,13.72,30.21,0.0,10.0,4.04,18.72,18.94,43.93,Manhattan Jaspers
Perry Cowan,449.7,822.0,-15.03,85.57575757575758,100.61050061050061,85.58,99.88,45.21,95.03,8.61,27.88,0.0,0.0,12.24,29.94,0.0,9.94,4.0,17.21,16.61,42.18,Manhattan Jaspers
Trace Salton,40.0,73.0,26.37,94.36619718309859,68.0,94.37,71.83,52.11,94.37,9.86,29.58,0.0,0.0,14.08,38.03,0.0,7.04,1.41,19.72,21.13,52.11,Marist Red Foxes
Isaiah Brickner,80.0,161.0,9.19,84.66257668711657,75.47169811320755,84.66,73.62,51.53,96.32,6.75,22.09,0.0,0.0,15.95,33.74,0.0,9.2,4.29,19.63,24.54,49.69,Marist Red Foxes
Max Allen II,599.4,1091.5,6.59,89.48339483394834,82.89353958143766,89.48,84.04,48.62,94.19,9.69,25.46,0.0,0.0,10.98,33.67,0.0,10.52,3.69,16.79,20.57,44.65,Marist Red Foxes
Javon Cooley,799.4,1451.0,2.34,88.25573314801946,85.91934381408065,88.26,87.35,47.88,94.3,9.59,26.34,0.0,0.0,11.26,34.4,0.0,8.76,3.47,16.96,21.26,45.66,Marist Red Foxes
Jadin Collins,839.4,1538.5,2.17,87.50817527795945,85.33591731266151,87.51,86.4,48.07,94.38,9.29,25.77,0.0,0.0,11.58,33.88,0.0,8.76,3.47,17.2,21.71,45.46,Marist Red Foxes
Josh Pascarelli,759.4,1399.5,1.7,86.95965417867436,85.2586817859674,86.96,86.67,47.62,94.16,9.37,25.86,0.0,0.0,11.53,33.43,0.0,9.01,3.31,17.36,21.83,44.96,Marist Red Foxes
Jaden Daughtry,799.4,1465.5,0.96,87.17421124828533,86.21860149355058,87.17,87.11,47.87,94.38,9.26,25.58,0.0,0.0,11.45,33.68,0.0,8.85,3.57,17.08,21.74,45.13,Marist Red Foxes
Jackson Price,240.0,447.0,-8.62,82.69662921348313,91.31403118040089,82.7,92.13,46.74,94.83,8.31,26.52,0.0,0.0,13.03,34.38,0.0,4.49,2.92,18.2,24.49,47.41,Marist Red Foxes
Kam Farris,40.0,65.5,-8.71,89.70588235294117,98.4126984126984,89.71,91.18,52.94,95.59,7.35,20.59,0.0,0.0,8.82,32.35,0.0,2.94,4.41,13.24,22.06,41.17,Marist Red Foxes
Al Amadou,40.0,76.0,31.58,119.73684210526316,88.1578947368421,119.74,88.16,57.89,96.05,18.42,34.21,0.0,0.0,13.16,28.95,0.0,13.16,5.26,17.11,22.37,42.11,Marquette Golden Eagles
Jack Riley,40.0,76.0,31.58,119.73684210526316,88.1578947368421,119.74,88.16,57.89,96.05,18.42,34.21,0.0,0.0,13.16,28.95,0.0,13.16,5.26,17.11,22.37,42.11,Marquette Golden Eagles
Tyler Kolek,639.6,1237.0,11.8,100.48859934853421,88.68378812199037,100.49,89.98,51.63,99.59,11.73,32.98,0.0,0.0,13.19,31.43,0.0,11.97,5.37,13.6,19.54,44.62,Marquette Golden Eagles
Oso Ighodaro,884.6,1693.0,10.5,100.29761904761905,89.80070339976554,100.3,91.19,51.73,99.58,11.67,31.37,0.0,0.0,12.68,31.61,0.0,11.49,5.0,13.1,20.24,44.29,Marquette Golden Eagles
David Joplin,924.6,1764.5,9.24,100.4566210045662,91.22115925717502,100.46,92.52,51.66,99.71,11.7,31.74,0.0,0.0,12.67,31.51,0.0,11.19,4.97,12.96,19.92,44.18,Marquette Golden Eagles
Kam Jones,844.6,1608.5,8.43,99.3103448275862,90.8754623921085,99.31,92.41,50.97,99.75,11.35,31.85,0.0,0.0,12.54,31.41,0.0,11.29,4.95,12.79,19.94,43.95,Marquette Golden Eagles
Stevie Mitchell,804.6,1522.0,8.11,101.59045725646124,93.48534201954396,101.59,95.1,51.95,100.27,11.73,31.88,0.0,0.0,12.79,31.48,0.0,11.13,5.04,12.52,19.68,44.27,Marquette Golden Eagles
Ben Gold,120.0,227.5,5.18,109.60698689956332,104.42477876106196,109.61,103.06,55.9,100.44,14.41,33.62,0.0,0.0,13.54,31.44,0.0,8.3,4.8,13.1,17.47,44.98,Marquette Golden Eagles
Chase Ross,325.0,618.0,1.38,92.84552845528455,91.46537842190016,92.85,92.36,49.43,99.51,9.92,28.29,0.0,0.0,11.22,32.36,0.0,9.27,3.9,11.71,20.65,43.58,Marquette Golden Eagles
Jacob Conner,760.0,1498.0,-4.17,90.8361204013378,95.00333111259161,90.84,95.38,48.09,102.41,10.9,34.25,0.0,0.0,16.86,33.78,0.0,9.23,5.08,14.45,20.2,50.64,Marshall Thundering Herd
Kamdyn Curfman,800.0,1581.0,-4.27,90.93214965123653,95.20504731861199,90.93,95.69,47.94,102.22,11.03,34.81,0.0,0.0,16.74,33.8,0.0,9.38,5.01,14.52,20.1,50.54,Marshall Thundering Herd
Kevon Voyles,800.0,1581.0,-4.27,90.93214965123653,95.20504731861199,90.93,95.69,47.94,102.22,11.03,34.81,0.0,0.0,16.74,33.8,0.0,9.38,5.01,14.52,20.1,50.54,Marshall Thundering Herd
Nate Martin,800.0,1581.0,-4.27,90.93214965123653,95.20504731861199,90.93,95.69,47.94,102.22,11.03,34.81,0.0,0.0,16.74,33.8,0.0,9.38,5.01,14.52,20.1,50.54,Marshall Thundering Herd
Obinna Anochili-Killen,800.0,1581.0,-4.27,90.93214965123653,95.20504731861199,90.93,95.69,47.94,102.22,11.03,34.81,0.0,0.0,16.74,33.8,0.0,9.38,5.01,14.52,20.1,50.54,Marshall Thundering Herd
Cameron Crawford,40.0,83.0,-6.13,92.6829268292683,98.80952380952381,92.68,101.22,45.12,98.78,13.41,45.12,0.0,0.0,14.63,34.15,0.0,12.2,3.66,15.85,18.29,48.78,Marshall Thundering Herd
Jahari Long,80.0,150.0,1.96,102.63157894736842,100.67567567567568,102.63,98.03,57.89,100.66,8.55,26.97,0.0,0.0,14.47,30.26,0.0,9.87,2.63,13.82,17.11,44.73,Maryland Terrapins
Julian Reese,855.0,1578.0,-2.4,87.43718592964824,89.83375959079284,87.44,88.25,50.06,100.75,7.41,25.63,0.0,0.0,16.71,32.47,0.0,7.6,5.53,15.95,23.12,49.18,Maryland Terrapins
Jordan Geronimo,685.0,1262.0,-2.87,86.8916797488226,89.75999999999999,86.89,88.07,49.45,100.94,7.61,27.32,0.0,0.0,17.03,31.48,0.0,7.93,5.89,16.09,23.63,48.51,Maryland Terrapins
Jahmir Young,895.0,1661.0,-3.46,87.11985688729875,90.5775075987842,87.12,88.85,49.91,100.6,7.45,25.94,0.0,0.0,16.28,31.96,0.0,7.69,5.37,15.68,23.08,48.24,Maryland Terrapins
Donta Scott,855.0,1574.5,-3.6,86.691776522285,90.29562982005142,86.69,88.2,49.4,100.13,7.6,26.18,0.0,0.0,16.26,32.14,0.0,7.91,5.4,16.13,22.72,48.4,Maryland Terrapins
DeShawn Harris-Smith,765.0,1420.0,-3.74,85.89385474860335,89.63068181818183,85.89,88.13,49.23,100.7,7.33,26.33,0.0,0.0,16.76,32.05,0.0,7.75,5.94,16.06,23.81,48.81,Maryland Terrapins
Mady Traore,170.0,333.5,-6.95,89.08554572271386,96.03658536585365,89.09,92.92,53.98,102.65,6.49,23.3,0.0,0.0,13.86,29.5,0.0,6.19,2.65,11.21,22.12,43.36,Maryland Terrapins
Jamie Kaiser Jr.,170.0,326.0,-7.98,84.66257668711657,92.63803680981594,84.66,92.64,48.47,98.16,7.36,21.47,0.0,0.0,12.58,33.44,0.0,6.44,3.99,14.42,23.01,46.02,Maryland Terrapins
Malang Athian,40.0,73.0,18.08,95.71428571428572,77.63157894736842,95.71,84.29,54.29,107.14,4.29,22.86,0.0,0.0,25.71,32.86,0.0,15.71,4.29,18.57,25.71,58.57,Maryland-Eastern Shore Hawks
Kelechi Okworogwo,80.0,158.0,9.53,98.01324503311258,88.48484848484848,98.01,96.69,55.63,104.64,5.96,23.18,0.0,0.0,21.85,30.46,0.0,12.58,3.97,17.22,28.48,52.31,Maryland-Eastern Shore Hawks
Damani Claxton,39.7,74.5,6.01,96.15384615384616,90.14084507042254,96.15,82.05,57.69,102.56,8.97,24.36,0.0,0.0,20.51,23.08,0.0,16.67,1.28,17.95,16.67,43.59,Maryland-Eastern Shore Hawks
Chace Davis,85.0,163.0,-5.17,77.84431137724552,83.01886792452831,77.84,79.04,47.31,101.8,5.99,23.35,0.0,0.0,17.96,33.53,0.0,8.98,1.8,16.17,18.56,51.49,Maryland-Eastern Shore Hawks
Toby Nnadozie,484.3,937.0,-5.61,83.10160427807487,88.71139510117146,83.1,89.09,48.13,98.29,6.63,25.67,0.0,0.0,16.58,30.91,0.0,8.66,3.1,18.29,24.28,47.49,Maryland-Eastern Shore Hawks
Elijah Wilson,359.3,691.0,-6.8,84.5151953690304,91.31693198263386,84.52,91.32,48.91,97.54,6.37,23.73,0.0,0.0,16.5,30.1,0.0,9.41,4.63,18.96,22.29,46.6,Maryland-Eastern Shore Hawks
Dionte Johnson,569.3,1081.0,-7.68,80.75855689176689,88.43663274745606,80.76,88.44,46.72,97.69,6.75,25.62,0.0,0.0,16.28,31.91,0.0,9.16,3.7,18.59,23.87,48.19,Maryland-Eastern Shore Hawks
Israel Yaw,120.0,226.0,-9.52,88.73873873873875,98.26086956521739,88.74,101.8,50.45,95.5,6.76,22.07,0.0,0.0,14.41,29.28,0.0,8.56,5.86,18.92,23.87,43.69,Maryland-Eastern Shore Hawks
Troy Hupstead,529.3,1003.0,-9.71,79.1295746785361,88.84422110552764,79.13,87.44,46.09,96.83,6.73,25.52,0.0,0.0,15.43,31.65,0.0,8.31,3.46,18.6,22.65,47.08,Maryland-Eastern Shore Hawks
Tyler Mack,330.0,611.0,-9.77,78.43137254901961,88.19672131147541,78.43,87.91,45.42,96.73,6.86,25.98,0.0,0.0,15.03,32.68,0.0,8.01,3.1,18.3,23.86,47.71,Maryland-Eastern Shore Hawks
Devon Ellis,409.6,787.5,-10.08,76.89393939393939,86.97318007662835,76.89,85.98,44.82,97.22,6.57,26.39,0.0,0.0,15.53,32.83,0.0,7.58,3.03,18.31,23.74,48.36,Maryland-Eastern Shore Hawks
Matt Cross,600.0,1116.5,5.12,95.97495527728086,90.85201793721973,95.97,90.61,53.67,105.9,8.68,29.07,0.0,0.0,20.75,33.99,0.0,8.32,3.85,14.85,23.17,54.74,Massachusetts Minutemen
Keon Thompson,720.0,1372.0,3.94,95.99417334304444,92.04959883296864,95.99,91.92,53.82,105.54,8.3,27.97,0.0,0.0,20.17,32.63,0.0,8.45,3.79,14.64,23.38,52.8,Massachusetts Minutemen
Jayden Ndjigue,760.0,1441.0,3.89,95.97780859916783,92.08333333333333,95.98,91.96,53.81,105.76,8.39,27.95,0.0,0.0,20.18,33.01,0.0,8.11,3.81,14.42,23.58,53.19,Massachusetts Minutemen
Josh Cohen,760.0,1441.0,3.89,95.97780859916783,92.08333333333333,95.98,91.96,53.81,105.76,8.39,27.95,0.0,0.0,20.18,33.01,0.0,8.11,3.81,14.42,23.58,53.19,Massachusetts Minutemen
Rahsool Diggins,760.0,1441.0,3.89,95.97780859916783,92.08333333333333,95.98,91.96,53.81,105.76,8.39,27.95,0.0,0.0,20.18,33.01,0.0,8.11,3.81,14.42,23.58,53.19,Massachusetts Minutemen
Jaylen Curry,40.0,69.0,2.9,95.65217391304348,92.7536231884058,95.65,92.75,53.62,110.14,10.14,27.54,0.0,0.0,20.29,40.58,0.0,1.45,4.35,10.14,27.54,60.87,Massachusetts Minutemen
Daniel Hankins-Sanford,160.0,324.5,-0.32,95.98765432098766,96.3076923076923,95.99,96.6,54.32,105.25,7.41,24.07,0.0,0.0,18.21,29.63,0.0,7.41,3.7,12.96,25.0,47.84,Massachusetts Minutemen
Antavion Collum,759.2,1485.5,19.37,100.66137566137566,81.28855380397533,100.66,78.44,56.55,102.45,9.92,25.26,0.0,0.0,15.01,29.89,0.0,12.5,4.7,12.57,23.54,44.9,McNeese Cowboys
Christian Shumate,759.2,1485.5,19.37,100.66137566137566,81.28855380397533,100.66,78.44,56.55,102.45,9.92,25.26,0.0,0.0,15.01,29.89,0.0,12.5,4.7,12.57,23.54,44.9,McNeese Cowboys
Javohn Garcia,759.2,1485.5,19.37,100.66137566137566,81.28855380397533,100.66,78.44,56.55,102.45,9.92,25.26,0.0,0.0,15.01,29.89,0.0,12.5,4.7,12.57,23.54,44.9,McNeese Cowboys
Omar Cooper,759.2,1485.5,19.37,100.66137566137566,81.28855380397533,100.66,78.44,56.55,102.45,9.92,25.26,0.0,0.0,15.01,29.89,0.0,12.5,4.7,12.57,23.54,44.9,McNeese Cowboys
Shahada Wells,759.2,1485.5,19.37,100.66137566137566,81.28855380397533,100.66,78.44,56.55,102.45,9.92,25.26,0.0,0.0,15.01,29.89,0.0,12.5,4.7,12.57,23.54,44.9,McNeese Cowboys
Nae'Qwan Tomlin,440.0,864.5,4.73,98.85974914481186,94.13145539906104,98.86,91.45,53.36,104.45,10.26,31.01,0.0,0.0,19.16,30.9,0.0,10.49,4.33,14.71,21.66,50.06,Memphis Tigers
Jahvon Quinerly,725.0,1463.5,2.89,99.72862957937585,96.83413626978665,99.73,95.45,53.39,101.15,11.06,29.99,0.0,0.0,17.23,30.39,0.0,9.97,5.63,16.08,21.3,47.62,Memphis Tigers
Nick Jourdain,685.0,1394.5,2.75,99.92887624466572,97.18004338394793,99.93,95.59,53.63,100.64,11.02,30.09,0.0,0.0,16.64,29.73,0.0,10.31,5.55,16.0,21.27,46.37,Memphis Tigers
David Jones,765.0,1541.0,2.37,99.2273019961365,96.86069326357097,99.23,95.36,53.44,101.22,10.69,29.62,0.0,0.0,17.51,30.2,0.0,10.11,5.6,16.29,21.44,47.71,Memphis Tigers
Jaykwon Walton,725.0,1472.0,1.51,99.05341446923597,97.54266211604096,99.05,96.62,53.28,101.08,10.68,29.55,0.0,0.0,17.17,30.02,0.0,10.07,5.68,16.09,21.23,47.19,Memphis Tigers
Malcolm Dandridge,445.0,892.0,0.92,98.7736900780379,97.85794813979707,98.77,96.77,53.51,99.22,10.59,27.65,0.0,0.0,17.84,30.55,0.0,9.48,6.8,18.62,21.85,48.39,Memphis Tigers
Jonathan Pierre,40.0,77.5,-7.5,89.87341772151899,97.36842105263158,89.87,93.67,54.43,102.53,3.8,22.78,0.0,0.0,22.78,26.58,0.0,12.66,5.06,20.25,24.05,49.36,Memphis Tigers
David Thomas,280.0,529.5,4.36,105.87121212121211,101.5065913370998,105.87,102.08,57.39,103.6,8.9,22.16,0.0,0.0,15.15,29.92,0.0,7.95,5.87,11.55,24.81,45.07,Mercer Bears
Anthony Benard,400.0,755.5,1.65,92.89544235924933,91.24183006535948,92.9,93.57,49.46,103.89,8.71,26.14,0.0,0.0,19.71,31.9,0.0,9.65,3.75,15.82,24.93,51.61,Mercer Bears
Jah Quinones,400.0,755.5,1.65,92.89544235924933,91.24183006535948,92.9,93.57,49.46,103.89,8.71,26.14,0.0,0.0,19.71,31.9,0.0,9.65,3.75,15.82,24.93,51.61,Mercer Bears
Alex Holt,560.0,1057.0,1.48,98.47328244274809,96.99812382739212,98.47,98.66,53.24,102.77,8.02,21.66,0.0,0.0,16.79,31.49,0.0,8.78,4.68,14.03,24.52,48.28,Mercer Bears
Jake Davis,800.0,1508.5,0.39,96.11780455153949,95.73210768220616,96.12,97.59,51.61,103.48,8.3,23.63,0.0,0.0,17.67,31.53,0.0,8.84,4.28,14.19,24.43,49.2,Mercer Bears
Jalen Cobb,280.0,513.0,-0.83,90.71146245059289,91.53846153846153,90.71,94.07,48.62,103.75,6.72,21.94,0.0,0.0,19.17,32.41,0.0,10.67,3.75,15.42,23.91,51.58,Mercer Bears
Caleb Hunter,400.0,753.0,-0.93,99.33155080213903,100.26385224274405,99.33,101.6,53.74,103.07,7.89,21.12,0.0,0.0,15.64,31.15,0.0,8.02,4.81,12.57,23.93,46.79,Mercer Bears
Jalyn McCreary,400.0,753.0,-0.93,99.33155080213903,100.26385224274405,99.33,101.6,53.74,103.07,7.89,21.12,0.0,0.0,15.64,31.15,0.0,8.02,4.81,12.57,23.93,46.79,Mercer Bears
Amanze Ngumezi,240.0,451.5,-2.2,90.5829596412556,92.77899343544857,90.58,95.07,47.76,105.16,8.97,28.25,0.0,0.0,19.73,31.61,0.0,8.97,3.36,14.57,24.22,51.34,Mercer Bears
Robby Carmody,240.0,466.0,-2.99,90.8695652173913,93.85593220338984,90.87,96.3,48.26,103.04,9.35,27.17,0.0,0.0,18.91,32.39,0.0,7.83,3.04,15.87,24.57,51.3,Mercer Bears
Adam Clark,764.8,1443.0,8.76,90.44673539518901,81.69112508735151,90.45,80.34,49.07,95.95,10.31,31.41,0.0,0.0,12.44,31.2,0.0,12.58,5.15,16.49,20.62,43.64,Merrimack Warriors
Bryan Etumnu,764.8,1443.0,8.76,90.44673539518901,81.69112508735151,90.45,80.34,49.07,95.95,10.31,31.41,0.0,0.0,12.44,31.2,0.0,12.58,5.15,16.49,20.62,43.64,Merrimack Warriors
Devon Savage,764.8,1443.0,8.76,90.44673539518901,81.69112508735151,90.45,80.34,49.07,95.95,10.31,31.41,0.0,0.0,12.44,31.2,0.0,12.58,5.15,16.49,20.62,43.64,Merrimack Warriors
Jordan Derkack,764.8,1443.0,8.76,90.44673539518901,81.69112508735151,90.45,80.34,49.07,95.95,10.31,31.41,0.0,0.0,12.44,31.2,0.0,12.58,5.15,16.49,20.62,43.64,Merrimack Warriors
Samba Diallo,764.8,1443.0,8.76,90.44673539518901,81.69112508735151,90.45,80.34,49.07,95.95,10.31,31.41,0.0,0.0,12.44,31.2,0.0,12.58,5.15,16.49,20.62,43.64,Merrimack Warriors
Reece Potter,405.0,758.5,5.12,93.96782841823055,88.84565499351491,93.97,91.82,50.4,95.17,9.38,26.94,0.0,0.0,9.92,34.45,0.0,7.64,3.89,14.75,24.13,44.37,Miami (OH) RedHawks
Eian Elmer,725.0,1363.5,2.91,90.94955489614243,88.03480783176215,90.95,90.06,48.15,95.47,10.31,29.01,0.0,0.0,10.46,34.42,0.0,8.9,4.45,14.99,22.7,44.88,Miami (OH) RedHawks
Bryce Bultman,765.0,1457.0,2.15,90.13888888888889,87.99185888738128,90.14,90.07,48.12,95.69,10.14,28.47,0.0,0.0,10.28,33.61,0.0,8.75,4.24,14.58,22.92,43.89,Miami (OH) RedHawks
Darweshi Hunter,765.0,1457.0,2.15,90.13888888888889,87.99185888738128,90.14,90.07,48.12,95.69,10.14,28.47,0.0,0.0,10.28,33.61,0.0,8.75,4.24,14.58,22.92,43.89,Miami (OH) RedHawks
Mekhi Cooper,765.0,1457.0,2.15,90.13888888888889,87.99185888738128,90.14,90.07,48.12,95.69,10.14,28.47,0.0,0.0,10.28,33.61,0.0,8.75,4.24,14.58,22.92,43.89,Miami (OH) RedHawks
Anderson Mirambeaux,320.0,605.0,0.2,87.20930232558139,87.00657894736842,87.21,87.87,45.35,95.85,11.46,31.56,0.0,0.0,11.13,34.39,0.0,10.47,5.15,15.28,20.93,45.52,Miami (OH) RedHawks
Evan Ipsaro,40.0,93.5,-9.11,78.26086956521739,87.36842105263159,78.26,90.22,47.83,98.91,7.61,20.65,0.0,0.0,7.61,21.74,0.0,6.52,1.09,8.7,26.09,29.35,Miami (OH) RedHawks
Jaquel Morris,40.0,93.5,-9.11,78.26086956521739,87.36842105263159,78.26,90.22,47.83,98.91,7.61,20.65,0.0,0.0,7.61,21.74,0.0,6.52,1.09,8.7,26.09,29.35,Miami (OH) RedHawks
Michael Nwoko,40.0,72.0,1.27,98.57142857142858,97.2972972972973,98.57,102.86,45.71,91.43,11.43,32.86,0.0,0.0,8.57,40.0,0.0,4.29,2.86,17.14,17.14,48.57,Miami Hurricanes
Christian Watson,40.0,83.0,-2.7,86.58536585365853,89.28571428571429,86.59,91.46,40.24,90.24,17.07,36.59,0.0,0.0,7.32,35.37,0.0,9.76,1.22,17.07,25.61,42.69,Miami Hurricanes
Nijel Pack,645.0,1206.5,-3.57,92.12271973466002,95.69179784589892,92.12,95.77,47.6,99.34,10.61,33.33,0.0,0.0,14.34,35.41,0.0,8.71,3.48,15.01,16.67,49.75,Miami Hurricanes
Bensley Joseph,645.0,1226.0,-4.7,93.8423645320197,98.54132901134521,93.84,99.84,47.21,100.57,11.82,34.81,0.0,0.0,15.19,33.33,0.0,9.11,3.28,14.61,18.47,48.52,Miami Hurricanes
Matthew Cleveland,725.0,1369.5,-4.89,92.55474452554745,97.44338933528122,92.55,97.37,47.01,97.74,11.53,33.14,0.0,0.0,13.07,34.23,0.0,9.05,3.58,15.33,17.37,47.3,Miami Hurricanes
Norchad Omier,805.0,1514.5,-6.14,92.07397622192866,98.21782178217822,92.07,98.28,47.09,99.41,11.43,34.02,0.0,0.0,14.4,33.95,0.0,8.85,3.43,14.99,17.5,48.35,Miami Hurricanes
Kyshawn George,565.0,1049.5,-6.95,94.10085632730733,101.04961832061068,94.1,100.76,47.86,98.57,12.18,33.68,0.0,0.0,13.8,34.73,0.0,7.42,3.52,15.22,17.6,48.53,Miami Hurricanes
Wooga Poplar,720.0,1342.0,-7.46,90.60402684563759,98.06403574087864,90.6,98.21,46.31,99.11,10.89,34.53,0.0,0.0,14.32,34.08,0.0,8.65,3.5,15.21,16.93,48.4,Miami Hurricanes
Paul Djobet,40.0,69.5,-37.43,80.88235294117648,118.30985915492957,80.88,123.53,44.12,110.29,8.82,36.76,0.0,0.0,23.53,22.06,0.0,8.82,0.0,13.24,16.18,45.59,Miami Hurricanes
Malik Hall,840.0,1514.5,5.74,98.40319361277446,92.66055045871559,98.4,94.08,52.56,103.99,8.98,23.82,0.0,0.0,16.63,32.73,0.0,9.78,4.46,12.64,23.22,49.36,Michigan State Spartans
Mady Sissoko,720.0,1291.5,5.22,99.45440374123149,94.23076923076923,99.45,95.48,53.0,104.21,9.35,24.16,0.0,0.0,16.37,32.58,0.0,9.28,4.36,12.16,22.6,48.95,Michigan State Spartans
A.J. Hoggard,880.0,1577.5,4.94,98.20971867007673,93.27467001885607,98.21,94.88,52.3,103.64,9.02,24.1,0.0,0.0,16.3,32.54,0.0,9.72,4.6,12.66,23.21,48.84,Michigan State Spartans
Jaden Akins,880.0,1577.5,4.94,98.20971867007673,93.27467001885607,98.21,94.88,52.3,103.64,9.02,24.1,0.0,0.0,16.3,32.54,0.0,9.72,4.6,12.66,23.21,48.84,Michigan State Spartans
Tyson Walker,880.0,1577.5,4.94,98.20971867007673,93.27467001885607,98.21,94.88,52.3,103.64,9.02,24.1,0.0,0.0,16.3,32.54,0.0,9.72,4.6,12.66,23.21,48.84,Michigan State Spartans
Carson Cooper,120.0,212.5,1.11,94.68599033816425,93.57798165137615,94.69,98.55,50.24,98.55,7.25,21.74,0.0,0.0,13.04,29.95,0.0,9.18,7.25,14.49,28.5,42.99,Michigan State Spartans
Xavier Booker,80.0,136.5,-0.95,89.62962962962962,90.57971014492753,89.63,92.59,45.93,102.22,8.89,30.37,0.0,0.0,17.04,34.07,0.0,14.07,4.44,14.81,20.74,51.11,Michigan State Spartans
Dug McDaniel,600.0,1161.0,-8.12,90.85365853658537,98.9778534923339,90.85,101.22,49.56,98.52,9.15,27.7,0.0,0.0,16.03,32.49,0.0,5.14,4.09,17.51,23.34,48.52,Michigan Wolverines
Olivier Nkamhoua,600.0,1145.0,-10.62,91.45374449339208,102.07792207792208,91.45,103.88,50.22,100.26,9.07,27.14,0.0,0.0,17.09,32.6,0.0,5.02,5.02,16.83,22.03,49.69,Michigan Wolverines
Nimari Burnett,840.0,1596.0,-13.47,89.45041061276058,102.92106898694841,89.45,104.61,48.96,99.75,9.1,26.97,0.0,0.0,16.68,31.9,0.0,5.12,4.3,16.93,22.62,48.58,Michigan Wolverines
Tarris Reed Jr.,840.0,1596.0,-13.47,89.45041061276058,102.92106898694841,89.45,104.61,48.96,99.75,9.1,26.97,0.0,0.0,16.68,31.9,0.0,5.12,4.3,16.93,22.62,48.58,Michigan Wolverines
Terrance Williams II,800.0,1515.0,-13.78,89.96010638297872,103.73525557011796,89.96,105.25,49.4,100.66,9.11,27.06,0.0,0.0,17.02,31.65,0.0,4.92,4.26,16.36,22.54,48.67,Michigan Wolverines
Will Tschetter,200.0,387.0,-20.05,82.50652741514361,102.55754475703324,82.51,104.7,45.17,98.96,8.62,28.2,0.0,0.0,16.19,29.5,0.0,6.01,2.09,17.23,24.8,45.69,Michigan Wolverines
Jaelin Llewellyn,280.0,516.0,-24.63,84.8249027237354,109.45945945945945,84.82,110.31,46.3,99.81,8.95,25.1,0.0,0.0,17.12,31.32,0.0,5.64,4.86,17.32,21.21,48.44,Michigan Wolverines
Tray Jackson,40.0,64.0,-25.25,95.38461538461539,120.63492063492063,95.38,116.92,49.23,95.38,12.31,16.92,0.0,0.0,12.31,33.85,0.0,1.54,4.62,16.92,20.0,46.16,Michigan Wolverines
Jalen Jordan,40.0,89.5,-0.9,80.0,80.89887640449437,80.0,80.0,46.67,103.33,11.11,31.11,0.0,0.0,15.56,32.22,0.0,5.56,4.44,12.22,20.0,47.78,Middle Tennessee Blue Raiders
Elias King,730.0,1401.5,-9.17,84.71337579617835,93.88489208633094,84.71,92.36,47.06,96.11,10.54,31.14,0.0,0.0,14.23,31.63,0.0,5.87,4.88,18.12,20.74,45.86,Middle Tennessee Blue Raiders
Jared Coleman-Jones,730.0,1401.5,-9.17,84.71337579617835,93.88489208633094,84.71,92.36,47.06,96.11,10.54,31.14,0.0,0.0,14.23,31.63,0.0,5.87,4.88,18.12,20.74,45.86,Middle Tennessee Blue Raiders
Jestin Porter,730.0,1401.5,-9.17,84.71337579617835,93.88489208633094,84.71,92.36,47.06,96.11,10.54,31.14,0.0,0.0,14.23,31.63,0.0,5.87,4.88,18.12,20.74,45.86,Middle Tennessee Blue Raiders
Justin Bufford,730.0,1401.5,-9.17,84.71337579617835,93.88489208633094,84.71,92.36,47.06,96.11,10.54,31.14,0.0,0.0,14.23,31.63,0.0,5.87,4.88,18.12,20.74,45.86,Middle Tennessee Blue Raiders
Jacob Johnson,690.0,1312.0,-9.74,85.03401360544217,94.77325134511914,85.03,93.2,47.09,95.62,10.51,31.14,0.0,0.0,14.13,31.59,0.0,5.9,4.91,18.52,20.79,45.72,Middle Tennessee Blue Raiders
Angelo Stuart,80.0,156.5,8.58,98.125,89.54248366013073,98.12,85.62,55.0,100.63,9.38,26.88,0.0,0.0,19.38,35.0,0.0,9.38,5.62,18.75,17.5,54.38,Milwaukee Panthers
Langston Wilson,407.1,833.5,7.77,99.27797833935018,91.50717703349282,99.28,92.06,54.99,102.17,9.87,27.32,0.0,0.0,17.69,31.77,0.0,7.1,6.62,15.52,20.82,49.46,Milwaukee Panthers
Dominic Ham,405.0,832.5,3.74,96.80094786729858,93.05724725943972,96.8,90.52,55.21,100.95,8.06,26.3,0.0,0.0,15.76,32.46,0.0,6.04,4.86,14.81,22.63,48.22,Milwaukee Panthers
Elijah Jamison,562.1,1138.5,3.4,96.97777777777777,93.57638888888889,96.98,95.82,52.62,101.69,10.31,30.4,0.0,0.0,18.22,30.93,0.0,7.56,6.22,16.53,22.58,49.15,Milwaukee Panthers
Erik Pratt,897.1,1843.0,3.14,96.63226507332972,93.4959349593496,96.63,93.7,53.72,100.49,8.96,27.49,0.0,0.0,16.19,31.99,0.0,6.14,5.38,15.7,22.32,48.18,Milwaukee Panthers
Kentrell Pullian,897.1,1833.0,3.07,96.18528610354224,93.1185144729656,96.19,92.92,53.79,100.71,8.66,26.65,0.0,0.0,16.19,32.04,0.0,6.38,5.56,15.48,22.23,48.23,Milwaukee Panthers
BJ Freeman,660.0,1358.5,2.4,95.64575645756457,93.24522760646109,95.65,93.73,53.51,100.3,8.34,26.05,0.0,0.0,15.2,31.81,0.0,6.79,4.65,14.91,21.85,47.01,Milwaukee Panthers
Faizon Fields,540.0,1103.5,1.24,94.31920649233544,93.0783242258652,94.32,92.16,53.02,99.73,8.3,27.23,0.0,0.0,14.97,32.46,0.0,5.95,4.87,15.24,22.0,47.43,Milwaukee Panthers
Darius Duffy,357.1,725.5,0.83,99.44979367262724,98.61878453038673,99.45,98.21,54.47,100.0,9.63,27.92,0.0,0.0,17.19,29.85,0.0,7.02,6.19,17.19,22.15,47.04,Milwaukee Panthers
Aaron Franklin,40.0,69.0,-17.39,84.05797101449275,101.44927536231884,84.06,101.45,44.93,97.1,7.25,27.54,0.0,0.0,15.94,27.54,0.0,11.59,8.7,18.84,24.64,43.48,Milwaukee Panthers
Markeith Browning II,40.0,69.0,-17.39,84.05797101449275,101.44927536231884,84.06,101.45,44.93,97.1,7.25,27.54,0.0,0.0,15.94,27.54,0.0,11.59,8.7,18.84,24.64,43.48,Milwaukee Panthers
Joshua Ola-Joseph,320.0,629.0,-1.46,90.76433121019109,92.22222222222223,90.76,92.52,51.43,99.68,7.48,26.91,0.0,0.0,16.4,30.1,0.0,9.08,5.57,16.72,23.25,46.5,Minnesota Golden Gophers
Parker Fox,40.0,77.5,-2.0,92.5925925925926,94.5945945945946,92.59,86.42,58.02,95.06,6.17,24.69,0.0,0.0,9.88,28.4,0.0,13.58,9.88,14.81,18.52,38.28,Minnesota Golden Gophers
Elijah Hawkins,805.0,1513.0,-3.11,95.6320317670417,98.74587458745874,95.63,99.01,52.35,100.66,9.99,28.59,0.0,0.0,15.75,30.05,0.0,8.34,6.02,15.09,21.91,45.8,Minnesota Golden Gophers
Cam Christie,805.0,1510.0,-3.37,95.23494374586366,98.60834990059642,95.23,98.48,52.08,100.46,10.19,28.99,0.0,0.0,15.95,30.64,0.0,8.01,5.96,15.49,22.04,46.59,Minnesota Golden Gophers
Braeden Carrington,80.0,158.5,-3.59,91.92546583850931,95.51282051282051,91.93,92.55,52.8,99.38,7.45,24.22,0.0,0.0,17.39,23.6,0.0,11.18,5.59,18.01,19.25,40.99,Minnesota Golden Gophers
Dawson Garcia,845.0,1591.5,-3.77,94.97171590194846,98.74371859296483,94.97,98.81,52.11,100.31,9.93,28.41,0.0,0.0,15.84,30.3,0.0,8.11,5.78,15.52,22.31,46.14,Minnesota Golden Gophers
Mike Mitchell Jr.,765.0,1433.0,-3.78,95.3146853146853,99.09470752089136,95.31,99.51,52.03,100.42,10.21,28.88,0.0,0.0,15.66,31.05,0.0,7.76,5.8,15.24,22.66,46.71,Minnesota Golden Gophers
Pharrel Payne,525.0,963.5,-6.43,96.88149688149689,103.3160621761658,96.88,103.64,51.66,100.62,11.75,29.42,0.0,0.0,16.11,30.98,0.0,6.65,5.2,15.49,22.66,47.09,Minnesota Golden Gophers
Isaiah Ihnen,40.0,81.5,-11.2,90.0,101.20481927710843,90.0,105.0,52.5,97.5,5.0,17.5,0.0,0.0,13.75,23.75,0.0,10.0,2.5,16.25,27.5,37.5,Minnesota Golden Gophers
Shawn Jones Jr.,320.0,615.0,7.51,99.18962722852513,91.68026101141925,99.19,91.09,53.48,104.05,10.53,28.69,0.0,0.0,19.94,31.28,0.0,10.05,3.57,15.88,22.37,51.22,Mississippi State Bulldogs
Jimmy Bell Jr.,120.0,237.0,6.97,95.0,88.03418803418803,95.0,85.83,54.58,102.5,7.92,20.0,0.0,0.0,17.08,24.58,0.0,11.67,4.17,14.58,23.75,41.66,Mississippi State Bulldogs
Josh Hubbard,605.0,1173.5,1.22,94.76793248945148,93.54561101549054,94.77,91.73,52.57,101.35,8.69,25.4,0.0,0.0,18.06,31.39,0.0,9.79,3.04,16.71,21.27,49.45,Mississippi State Bulldogs
Cameron Matthews,845.0,1638.5,0.22,94.09975669099757,93.87630128597672,94.1,93.25,51.7,102.01,8.64,26.16,0.0,0.0,18.61,31.2,0.0,9.91,3.35,16.61,22.26,49.81,Mississippi State Bulldogs
Shakeel Moore,680.0,1317.0,-0.3,94.76479514415782,95.06079027355622,94.76,94.92,51.29,102.88,9.18,27.39,0.0,0.0,19.58,31.49,0.0,9.48,3.34,16.69,22.46,51.07,Mississippi State Bulldogs
Dashawn Davis,405.0,786.5,-0.41,91.97452229299363,92.38578680203045,91.97,92.74,51.08,101.53,7.64,25.22,0.0,0.0,17.83,30.45,0.0,10.83,3.82,16.31,23.44,48.28,Mississippi State Bulldogs
Tolu Smith,725.0,1401.5,-0.91,93.94586894586895,94.85346676197284,93.95,94.52,51.21,101.92,8.76,27.21,0.0,0.0,18.87,32.34,0.0,9.62,3.21,16.95,22.01,51.21,Mississippi State Bulldogs
D.J. Jeffries,525.0,1023.5,-4.15,91.04186952288218,95.19607843137254,91.04,94.55,50.63,100.78,7.5,24.63,0.0,0.0,17.82,31.16,0.0,9.83,3.21,17.04,22.2,48.98,Mississippi State Bulldogs
Reginald Reynolds,160.0,303.5,-9.14,82.15488215488216,91.29032258064517,82.15,95.29,47.14,95.62,7.41,26.94,0.0,0.0,16.16,30.3,0.0,9.43,4.04,20.54,25.93,46.46,Mississippi Valley State Delta Devils
Danny Washington,440.0,827.5,-14.61,84.18491484184915,98.79951980792316,84.18,100.12,46.11,97.93,9.25,27.62,0.0,0.0,17.27,28.95,0.0,8.88,3.65,19.34,22.99,46.22,Mississippi Valley State Delta Devils
Arecko Gipson,480.0,903.5,-15.86,81.18701007838746,97.04595185995623,81.19,99.33,45.13,95.3,7.61,25.64,0.0,0.0,16.35,29.34,0.0,8.96,3.58,21.05,23.4,45.69,Mississippi Valley State Delta Devils
Ernest Minton,80.0,146.5,-15.92,70.92198581560284,86.8421052631579,70.92,93.62,41.84,80.85,2.13,14.89,0.0,0.0,11.35,31.21,0.0,11.35,4.26,30.5,24.82,42.56,Mississippi Valley State Delta Devils
Rayquan Brown,600.0,1124.0,-15.99,80.48561151079137,96.47887323943662,80.49,98.56,44.96,95.41,8.0,25.27,0.0,0.0,16.91,29.32,0.0,9.26,3.87,21.49,23.83,46.23,Mississippi Valley State Delta Devils
Walter Hamilton,200.0,403.0,-16.02,78.05486284289277,94.07407407407408,78.05,95.01,45.89,101.0,6.73,24.69,0.0,0.0,19.2,29.68,0.0,8.23,2.99,18.2,25.94,48.88,Mississippi Valley State Delta Devils
Donovan Sanders,520.0,963.0,-16.05,80.46218487394958,96.50924024640656,80.46,98.74,44.33,93.59,8.19,23.74,0.0,0.0,16.18,29.31,0.0,9.87,3.99,22.58,23.63,45.49,Mississippi Valley State Delta Devils
Quorien Waldon,320.0,574.5,-16.13,84.56140350877193,100.69084628670122,84.56,102.28,45.09,95.09,10.35,28.25,0.0,0.0,16.67,28.6,0.0,9.47,4.39,21.58,22.11,45.27,Mississippi Valley State Delta Devils
George Ivory III,80.0,150.0,-24.25,69.12751677852349,93.37748344370861,69.13,94.63,41.61,95.3,6.71,22.15,0.0,0.0,20.13,29.53,0.0,9.4,4.7,24.83,27.52,49.66,Mississippi Valley State Delta Devils
Jordan Johnson,80.0,150.0,-24.25,69.12751677852349,93.37748344370861,69.13,94.63,41.61,95.3,6.71,22.15,0.0,0.0,20.13,29.53,0.0,9.4,4.7,24.83,27.52,49.66,Mississippi Valley State Delta Devils
Markell Petro,40.0,74.5,-27.06,70.27027027027027,97.33333333333334,70.27,98.65,43.24,91.89,4.05,20.27,0.0,0.0,18.92,28.38,0.0,8.11,4.05,27.03,17.57,47.3,Mississippi Valley State Delta Devils
Nick Kramer,85.0,155.5,10.84,102.61437908496731,91.77215189873418,102.61,94.77,53.59,105.88,7.19,21.57,0.0,0.0,16.34,37.91,0.0,7.84,7.84,10.46,20.26,54.25,Missouri State Bears
Dawson Carper,40.0,79.0,10.13,84.81012658227847,74.68354430379746,84.81,74.68,48.1,105.06,6.33,21.52,0.0,0.0,22.78,40.51,0.0,5.06,6.33,17.72,16.46,63.29,Missouri State Bears
Damien Mayo Jr.,455.0,852.5,3.39,90.49295774647888,87.10433763188745,90.49,87.21,49.65,100.82,7.63,25.82,0.0,0.0,15.61,39.2,0.0,5.87,7.86,14.79,20.31,54.81,Missouri State Bears
Raphe Ayres,450.0,863.0,-0.32,90.62857142857142,90.951821386604,90.63,88.46,50.29,100.34,7.77,25.14,0.0,0.0,16.11,38.74,0.0,5.6,5.94,15.77,17.03,54.85,Missouri State Bears
N.J. Benson,735.0,1372.5,-2.77,92.61404779145546,95.38123167155426,92.61,94.21,50.69,100.65,7.89,26.07,0.0,0.0,15.21,37.44,0.0,5.65,6.23,14.55,19.26,52.65,Missouri State Bears
Donovan Clay,855.0,1611.5,-5.03,90.54388133498146,95.57632398753894,90.54,94.81,49.44,100.0,7.79,26.08,0.0,0.0,15.2,36.77,0.0,5.62,6.0,15.2,19.16,51.97,Missouri State Bears
Alston Mason,775.0,1440.0,-5.84,90.89645587213343,96.73837612768911,90.9,96.87,49.27,100.69,7.92,26.89,0.0,0.0,15.43,36.41,0.0,5.7,5.98,14.73,20.01,51.84,Missouri State Bears
Chance Moore,480.0,902.5,-13.26,90.98901098901099,104.24581005586593,90.99,102.53,49.23,98.9,8.13,27.8,0.0,0.0,14.07,34.07,0.0,5.49,4.29,15.16,17.8,48.14,Missouri State Bears
Matthew Lee,440.0,831.5,-14.65,91.29916567342073,105.94660194174756,91.3,104.05,49.46,99.52,8.1,27.06,0.0,0.0,14.9,33.85,0.0,5.48,3.69,15.38,17.64,48.75,Missouri State Bears
Cesare Edwards,160.0,312.0,-21.63,81.22977346278317,102.85714285714285,81.23,104.85,43.69,95.79,8.09,31.07,0.0,0.0,13.59,31.39,0.0,5.83,4.85,17.8,21.04,44.98,Missouri State Bears
Jesus Carralero Martin,80.0,151.5,-2.27,82.63888888888889,84.90566037735849,82.64,93.75,45.83,91.67,6.94,25.69,0.0,0.0,10.42,35.42,0.0,6.25,4.86,18.75,30.56,45.84,Missouri Tigers
Trent Pierce,40.0,68.5,-5.99,86.76470588235294,92.7536231884058,86.76,94.12,47.06,102.94,5.88,30.88,0.0,0.0,20.59,41.18,0.0,10.29,7.35,17.65,16.18,61.77,Missouri Tigers
Aidan Shaw,245.0,486.5,-8.31,93.50104821802935,101.81451612903226,93.5,105.87,52.83,100.21,8.18,27.67,0.0,0.0,14.05,23.9,0.0,9.85,5.24,13.84,28.93,37.95,Missouri Tigers
Sean East II,685.0,1333.0,-8.39,91.6793893129771,100.07374631268438,91.68,103.59,52.37,98.55,8.02,26.56,0.0,0.0,12.9,26.87,0.0,9.16,4.73,14.35,28.02,39.77,Missouri Tigers
Nick Honor,765.0,1482.5,-10.41,89.92460589444825,100.33200531208499,89.92,103.56,51.34,97.26,7.88,26.46,0.0,0.0,12.34,27.14,0.0,8.84,5.14,15.08,27.76,39.48,Missouri Tigers
Tamar Bates,765.0,1482.5,-10.41,89.92460589444825,100.33200531208499,89.92,103.56,51.34,97.26,7.88,26.46,0.0,0.0,12.34,27.14,0.0,8.84,5.14,15.08,27.76,39.48,Missouri Tigers
Jordan Butler,520.0,1025.5,-11.18,88.72403560830861,99.90384615384616,88.72,102.77,51.43,95.85,8.01,25.62,0.0,0.0,12.27,26.21,0.0,8.21,5.14,16.42,29.28,38.48,Missouri Tigers
Noah Carter,525.0,1011.0,-11.66,90.29029029029029,101.95503421309873,90.29,104.4,51.45,97.3,8.11,26.53,0.0,0.0,11.41,26.63,0.0,8.81,5.31,14.11,26.83,38.04,Missouri Tigers
Connor Vanover,120.0,222.0,-13.11,91.78082191780823,104.8888888888889,91.78,107.76,52.05,99.09,6.85,26.48,0.0,0.0,11.87,31.05,0.0,10.96,3.65,12.79,24.2,42.92,Missouri Tigers
Curt Lewis,80.0,149.5,-28.17,74.49664429530202,102.66666666666666,74.5,103.36,42.28,85.91,6.71,25.5,0.0,0.0,7.38,29.53,0.0,6.04,8.72,21.48,25.5,36.91,Missouri Tigers
Braedan Allen,40.0,78.5,28.96,110.66666666666667,81.70731707317073,110.67,89.33,57.33,114.67,10.67,36.0,0.0,0.0,24.0,36.0,0.0,12.0,6.67,9.33,25.33,60.0,Monmouth Hawks
Jack Holmstrom,40.0,78.5,28.96,110.66666666666667,81.70731707317073,110.67,89.33,57.33,114.67,10.67,36.0,0.0,0.0,24.0,36.0,0.0,12.0,6.67,9.33,25.33,60.0,Monmouth Hawks
Klemen Vuga,40.0,78.5,28.96,110.66666666666667,81.70731707317073,110.67,89.33,57.33,114.67,10.67,36.0,0.0,0.0,24.0,36.0,0.0,12.0,6.67,9.33,25.33,60.0,Monmouth Hawks
Cornelius Robinson Jr.,40.0,72.0,8.1,95.77464788732394,87.67123287671232,95.77,90.14,52.11,107.04,9.86,26.76,0.0,0.0,21.13,35.21,0.0,8.45,15.49,14.08,19.72,56.34,Monmouth Hawks
Jakari Spence,800.0,1509.0,3.04,97.25752508361204,94.22193040052528,97.26,95.99,52.44,106.09,9.77,30.3,0.0,0.0,18.46,33.24,0.0,8.9,5.22,12.37,22.61,51.7,Monmouth Hawks
Nikita Konstantynovskyi,760.0,1437.0,2.78,97.3314606741573,94.55172413793103,97.33,96.28,52.46,106.04,9.76,30.48,0.0,0.0,18.33,33.15,0.0,8.92,4.71,12.29,22.75,51.48,Monmouth Hawks
Jack Collins,760.0,1430.5,1.62,96.54929577464789,94.93407356002776,96.55,96.34,52.18,105.63,9.72,30.0,0.0,0.0,18.17,33.1,0.0,8.73,5.14,12.54,22.46,51.27,Monmouth Hawks
Jaret Valencia,760.0,1430.5,1.62,96.54929577464789,94.93407356002776,96.55,96.34,52.18,105.63,9.72,30.0,0.0,0.0,18.17,33.1,0.0,8.73,5.14,12.54,22.46,51.27,Monmouth Hawks
Xander Rice,760.0,1430.5,1.62,96.54929577464789,94.93407356002776,96.55,96.34,52.18,105.63,9.72,30.0,0.0,0.0,18.17,33.1,0.0,8.73,5.14,12.54,22.46,51.27,Monmouth Hawks
Te'Jon Sawyer,40.0,68.5,18.76,104.4776119402985,85.71428571428571,104.48,89.55,55.22,101.49,8.96,22.39,0.0,0.0,17.91,35.82,0.0,5.97,4.48,16.42,16.42,53.73,Montana Grizzlies
Aanen Moody,845.0,1574.5,7.35,102.69230769230768,95.34298300818125,102.69,97.12,55.26,97.88,11.03,29.17,0.0,0.0,11.22,33.27,0.0,6.47,3.78,13.33,22.95,44.49,Montana Grizzlies
Brandon Whitney,845.0,1574.5,7.35,102.69230769230768,95.34298300818125,102.69,97.12,55.26,97.88,11.03,29.17,0.0,0.0,11.22,33.27,0.0,6.47,3.78,13.33,22.95,44.49,Montana Grizzlies
Dischon Thomas,845.0,1574.5,7.35,102.69230769230768,95.34298300818125,102.69,97.12,55.26,97.88,11.03,29.17,0.0,0.0,11.22,33.27,0.0,6.47,3.78,13.33,22.95,44.49,Montana Grizzlies
Josh Vazquez,845.0,1574.5,7.35,102.69230769230768,95.34298300818125,102.69,97.12,55.26,97.88,11.03,29.17,0.0,0.0,11.22,33.27,0.0,6.47,3.78,13.33,22.95,44.49,Montana Grizzlies
Laolu Oke,805.0,1506.0,6.83,102.61219022103147,95.78670177748518,102.61,97.45,55.26,97.72,11.12,29.47,0.0,0.0,10.92,33.15,0.0,6.5,3.75,13.19,23.24,44.07,Montana Grizzlies
John Olmsted,40.0,69.0,17.39,110.14492753623189,92.7536231884058,110.14,92.75,49.28,91.3,18.84,39.13,0.0,0.0,8.7,39.13,0.0,8.7,4.35,17.39,17.39,47.83,Montana State Bobcats
Brian Goracke,845.0,1637.5,5.42,98.95191122071517,93.52692075015125,98.95,95.31,52.53,96.79,11.16,28.11,0.0,0.0,11.41,31.2,0.0,10.36,3.02,14.61,24.17,42.61,Montana State Bobcats
Eddie Turner III,845.0,1637.5,5.42,98.95191122071517,93.52692075015125,98.95,95.31,52.53,96.79,11.16,28.11,0.0,0.0,11.41,31.2,0.0,10.36,3.02,14.61,24.17,42.61,Montana State Bobcats
Robert Ford III,845.0,1637.5,5.42,98.95191122071517,93.52692075015125,98.95,95.31,52.53,96.79,11.16,28.11,0.0,0.0,11.41,31.2,0.0,10.36,3.02,14.61,24.17,42.61,Montana State Bobcats
Tyler Patterson,845.0,1637.5,5.42,98.95191122071517,93.52692075015125,98.95,95.31,52.53,96.79,11.16,28.11,0.0,0.0,11.41,31.2,0.0,10.36,3.02,14.61,24.17,42.61,Montana State Bobcats
Brandon Walker,805.0,1568.5,4.89,98.45460399227302,93.56060606060606,98.45,95.43,52.67,97.04,10.82,27.62,0.0,0.0,11.53,30.84,0.0,10.43,2.96,14.49,24.47,42.37,Montana State Bobcats
Jerone Morton,80.0,156.5,24.55,98.10126582278481,73.54838709677419,98.1,72.15,55.06,94.94,10.13,28.48,0.0,0.0,15.82,37.97,0.0,6.96,3.8,20.89,22.15,53.79,Morehead State Eagles
Zach Iyeyemi,120.0,194.5,24.05,104.66321243523315,80.61224489795919,104.66,81.87,53.89,106.22,12.44,33.16,0.0,0.0,20.21,41.97,0.0,9.84,4.66,13.99,21.76,62.18,Morehead State Eagles
Jordan Lathon,680.0,1218.0,19.41,103.3800494641385,83.9738348323794,103.38,84.67,54.41,103.3,12.2,35.04,0.0,0.0,18.47,37.76,0.0,8.99,5.52,15.17,21.1,56.23,Morehead State Eagles
Riley Minix,840.0,1518.5,16.69,102.57766027759419,85.89238845144357,102.58,86.52,53.87,101.45,12.62,34.96,0.0,0.0,17.12,37.01,0.0,8.59,5.88,15.66,21.35,54.13,Morehead State Eagles
Drew Thelwell,800.0,1441.5,16.32,103.20781032078104,86.88750862663906,103.21,87.8,53.97,102.16,12.83,35.5,0.0,0.0,17.36,36.82,0.0,8.51,5.86,15.2,21.48,54.18,Morehead State Eagles
Kalil Thomas,800.0,1439.0,16.22,102.44072524407252,86.21883656509695,102.44,86.82,53.63,101.46,12.69,35.15,0.0,0.0,17.02,37.1,0.0,8.86,6.14,15.55,21.13,54.12,Morehead State Eagles
Dieonte Miles,720.0,1324.0,15.6,102.27272727272727,86.67168674698796,102.27,87.2,53.86,100.76,12.65,35.23,0.0,0.0,16.67,36.29,0.0,8.41,6.06,15.91,21.29,52.96,Morehead State Eagles
Eddie Ricks III,160.0,300.5,5.65,99.33333333333333,93.68770764119601,99.33,94.0,51.67,94.0,14.33,34.67,0.0,0.0,11.67,34.0,0.0,7.0,7.33,17.67,22.33,45.67,Morehead State Eagles
Amahrie Simpkins,529.9,1084.5,-0.21,89.8886827458256,90.10082493125573,89.89,91.19,52.6,96.47,5.29,18.74,0.0,0.0,13.64,28.57,0.0,8.35,4.64,17.16,25.32,42.21,Morgan State Bears
Rob Lawson,325.0,655.0,-0.25,88.95705521472392,89.209726443769,88.96,90.03,51.99,96.47,4.6,18.71,0.0,0.0,12.42,30.98,0.0,7.21,5.21,15.95,23.62,43.4,Morgan State Bears
Kiran Oliver,45.0,97.0,-0.63,89.8989898989899,90.52631578947368,89.9,86.87,60.61,97.98,3.03,15.15,0.0,0.0,16.16,18.18,0.0,14.14,3.03,18.18,33.33,34.34,Morgan State Bears
Trent Edwards,45.0,97.0,-0.63,89.8989898989899,90.52631578947368,89.9,86.87,60.61,97.98,3.03,15.15,0.0,0.0,16.16,18.18,0.0,14.14,3.03,18.18,33.33,34.34,Morgan State Bears
Allen Udemadu,569.7,1165.0,-1.09,88.8504753673293,89.94032395566921,88.85,91.18,52.12,95.85,5.1,18.24,0.0,0.0,13.74,28.52,0.0,8.3,4.84,17.89,25.24,42.26,Morgan State Bears
Will Thomas,524.7,1068.0,-1.14,88.75236294896031,89.8886827458256,88.75,91.59,51.32,95.65,5.29,18.53,0.0,0.0,13.52,29.49,0.0,7.75,5.01,17.86,24.48,43.01,Morgan State Bears
Wynston Tabbs,279.7,581.0,-1.19,90.70175438596492,91.8918918918919,90.7,95.44,51.75,93.68,6.67,19.12,0.0,0.0,14.39,26.32,0.0,8.77,4.91,20.7,25.61,40.71,Morgan State Bears
Kamron Hobbs,489.7,997.0,-1.6,87.61329305135952,89.21078921078922,87.61,89.93,51.56,96.48,4.73,17.72,0.0,0.0,14.0,29.2,0.0,8.16,4.73,17.52,25.28,43.2,Morgan State Bears
Christian Oliver,39.8,80.5,-13.12,74.68354430379746,87.8048780487805,74.68,91.14,45.57,87.34,2.53,11.39,0.0,0.0,15.19,27.85,0.0,7.59,7.59,27.85,24.05,43.04,Morgan State Bears
Dallas Hobbs,85.0,157.0,20.87,98.71794871794873,77.84810126582279,98.72,78.85,50.64,94.23,9.62,25.0,0.0,0.0,17.31,33.33,0.0,12.18,5.77,23.08,17.31,50.64,Mount St. Mary's Mountaineers
Jedy Cordilia,724.7,1389.0,3.48,93.79061371841155,90.30868628858578,93.79,90.83,50.76,93.72,8.66,24.33,0.0,0.0,13.0,34.73,0.0,8.81,5.2,19.28,18.7,47.73,Mount St. Mary's Mountaineers
Dakota Leffew,764.6,1452.0,2.6,95.21497919556172,92.61285909712723,95.21,93.9,50.0,93.62,9.85,25.87,0.0,0.0,13.04,34.19,0.0,8.67,5.13,19.42,19.0,47.23,Mount St. Mary's Mountaineers
Josh Reaves,844.6,1604.0,1.76,94.24280350438048,92.48447204968943,94.24,93.18,50.13,93.49,9.32,24.91,0.0,0.0,12.83,34.48,0.0,8.39,5.07,19.34,18.59,47.31,Mount St. Mary's Mountaineers
George Tinsley,804.6,1519.0,1.59,94.11764705882352,92.52459016393443,94.12,93.26,49.9,93.46,9.39,24.65,0.0,0.0,12.89,34.43,0.0,8.39,5.16,19.43,18.44,47.32,Mount St. Mary's Mountaineers
Dola Adebayo,519.6,983.5,0.23,91.37055837563452,91.14052953156822,91.37,90.86,49.95,95.13,8.32,23.65,0.0,0.0,12.99,36.55,0.0,8.43,4.77,17.87,17.77,49.54,Mount St. Mary's Mountaineers
De'Shayne Montgomery,399.9,762.5,-1.87,94.99341238471673,96.8668407310705,94.99,97.76,50.46,91.7,9.49,25.43,0.0,0.0,11.07,33.6,0.0,6.72,4.87,19.37,19.5,44.67,Mount St. Mary's Mountaineers
Frantisek Barton,80.0,153.0,-11.68,100.6578947368421,112.33766233766234,100.66,113.82,46.71,88.16,15.13,28.95,0.0,0.0,11.84,27.63,0.0,5.92,4.61,23.68,17.11,39.47,Mount St. Mary's Mountaineers
Justin Morgan,720.0,1275.5,0.75,96.57053780202651,95.82018927444796,96.57,94.7,51.52,101.01,8.57,26.19,0.0,0.0,14.42,32.89,0.0,8.96,3.82,13.41,21.36,47.31,Murray State Racers
Brian Moore Jr.,80.0,141.0,-0.88,105.5944055944056,106.4748201438849,105.59,103.5,58.04,104.2,10.49,32.87,0.0,0.0,16.08,30.77,0.0,7.69,4.2,11.89,23.08,46.85,Murray State Racers
JaCobi Wood,840.0,1486.5,-0.91,96.99197860962568,97.9011509817197,96.99,96.66,51.94,101.34,8.62,26.67,0.0,0.0,14.64,32.69,0.0,8.69,3.74,13.3,21.39,47.33,Murray State Racers
Nick Ellington,840.0,1486.5,-0.91,96.99197860962568,97.9011509817197,96.99,96.66,51.94,101.34,8.62,26.67,0.0,0.0,14.64,32.69,0.0,8.69,3.74,13.3,21.39,47.33,Murray State Racers
Quincy Anderson,760.0,1345.5,-0.93,96.08277900960827,97.01046337817638,96.08,95.93,51.29,101.03,8.43,26.02,0.0,0.0,14.49,32.89,0.0,8.8,3.7,13.45,21.21,47.38,Murray State Racers
Rob Perry,800.0,1416.5,-1.52,96.27808988764045,97.79985805535841,96.28,96.77,51.47,101.33,8.64,26.62,0.0,0.0,14.54,32.44,0.0,8.71,3.79,13.2,21.7,46.98,Murray State Racers
Shawn Walker Jr.,160.0,281.0,-5.49,102.4561403508772,107.94223826714801,102.46,104.91,56.14,102.81,8.77,29.12,0.0,0.0,16.14,32.98,0.0,7.37,3.16,13.33,20.0,49.12,Murray State Racers
Jayden Taylor,735.0,1420.5,1.05,92.24860335195531,91.19943222143364,92.25,89.73,51.89,100.63,8.03,24.79,0.0,0.0,12.85,32.26,0.0,9.78,4.68,12.22,21.3,45.11,NC State Wolfpack
Dennis Parker Jr.,285.0,553.5,0.48,86.6906474820144,86.20689655172413,86.69,85.43,50.0,99.82,6.29,22.84,0.0,0.0,13.31,31.65,0.0,10.61,4.86,13.49,22.84,44.96,NC State Wolfpack
DJ Burns Jr.,975.0,1890.5,-0.14,93.87434554973822,94.01389631213254,93.87,92.09,53.04,100.63,8.22,23.66,0.0,0.0,12.72,30.99,0.0,9.01,4.92,12.09,20.21,43.71,NC State Wolfpack
Michael O'Connell,685.0,1332.0,-0.32,97.62611275964392,97.94832826747721,97.63,95.62,54.53,100.67,9.2,24.26,0.0,0.0,12.39,30.27,0.0,8.53,4.97,11.72,19.44,42.66,NC State Wolfpack
Casey Morsell,1015.0,1970.0,-0.6,93.46076458752515,94.05737704918032,93.46,92.35,52.62,100.6,8.3,23.99,0.0,0.0,12.93,31.14,0.0,8.85,4.83,12.32,20.57,44.07,NC State Wolfpack
DJ Horne,810.0,1571.5,-2.06,91.68781725888326,93.74601148691768,91.69,93.21,51.4,100.82,8.31,24.43,0.0,0.0,13.13,31.41,0.0,8.19,4.57,12.31,21.45,44.54,NC State Wolfpack
Mohamed Diarra,485.0,944.5,-2.33,96.15784008307374,98.48812095032397,96.16,94.7,54.52,100.93,8.52,22.74,0.0,0.0,13.4,29.28,0.0,8.1,5.4,12.46,18.07,42.68,NC State Wolfpack
Ben Middlebrooks,85.0,167.5,-3.04,89.22155688622755,92.26190476190477,89.22,92.81,47.9,98.2,9.58,25.75,0.0,0.0,14.37,36.53,0.0,6.59,2.99,16.17,26.35,50.9,NC State Wolfpack
Kjell de Graaf,159.9,315.0,-5.61,86.21794871794873,91.82389937106919,86.22,93.59,47.44,101.6,7.69,29.81,0.0,0.0,16.99,32.69,0.0,7.37,5.45,15.38,25.0,49.68,NJIT Highlanders
Sebastian Robinson,160.0,308.0,-7.0,84.84848484848484,91.84952978056427,84.85,98.65,45.12,102.69,8.08,29.63,0.0,0.0,18.52,28.28,0.0,12.79,6.06,15.82,27.61,46.8,NJIT Highlanders
Adam Hess,559.9,1089.5,-8.08,85.60747663551402,93.68800721370604,85.61,97.1,46.54,101.96,8.22,29.72,0.0,0.0,15.42,31.31,0.0,9.91,4.49,13.46,24.21,46.73,NJIT Highlanders
Levi Lawal,519.9,993.0,-8.33,85.93429158110884,94.26877470355731,85.93,97.95,46.51,101.64,8.83,29.98,0.0,0.0,15.09,31.31,0.0,9.65,4.41,13.45,24.33,46.4,NJIT Highlanders
Mekhi Gray,599.9,1159.0,-8.34,85.31222515391381,93.64944961896697,85.31,97.27,46.53,102.11,8.36,29.9,0.0,0.0,15.48,31.13,0.0,9.76,4.4,13.37,24.54,46.61,NJIT Highlanders
Elijah Buchanan,360.0,692.0,-8.77,87.16417910447761,95.93837535014006,87.16,102.24,46.57,103.58,8.96,31.34,0.0,0.0,17.31,29.4,0.0,10.9,4.03,13.73,25.67,46.71,NJIT Highlanders
Tariq Francis,439.9,851.0,-8.84,85.47619047619047,94.3155452436195,85.48,96.79,47.02,101.9,8.45,30.0,0.0,0.0,14.4,32.14,0.0,8.69,3.81,12.5,23.45,46.54,NJIT Highlanders
Daniel Schreier,160.0,304.5,-9.34,80.52805280528052,89.86928104575163,80.53,90.76,46.53,99.01,7.26,25.74,0.0,0.0,10.56,31.68,0.0,9.57,4.62,11.55,23.76,42.24,NJIT Highlanders
Justin Anderson,40.0,83.0,-13.73,73.17073170731707,86.90476190476191,73.17,89.02,42.68,110.98,6.1,35.37,0.0,0.0,18.29,32.93,0.0,9.76,1.22,7.32,23.17,51.22,NJIT Highlanders
Aidan Kehoe,199.9,359.0,7.1,91.41274238227147,84.31372549019608,91.41,83.38,51.25,103.88,9.42,24.93,0.0,0.0,19.67,37.12,0.0,4.43,3.88,15.79,23.82,56.79,Navy Midshipmen
Jordan Pennick,199.9,354.0,5.78,91.29213483146067,85.51136363636364,91.29,84.55,51.69,103.37,8.15,25.0,0.0,0.0,18.82,37.92,0.0,5.06,4.49,15.45,22.47,56.74,Navy Midshipmen
Lysander Rehnstrom,279.9,500.0,4.32,92.2465208747515,87.92756539235413,92.25,86.88,52.09,105.77,8.75,25.45,0.0,0.0,20.08,35.79,0.0,4.37,3.98,14.31,24.06,55.87,Navy Midshipmen
Kam Summers,199.3,384.5,-2.48,89.14728682170544,91.62303664921467,89.15,90.44,50.13,104.65,8.01,24.55,0.0,0.0,15.25,27.39,0.0,10.59,3.1,10.59,21.19,42.64,Navy Midshipmen
Donovan Draper,764.2,1396.5,-4.52,87.76671408250355,92.28550829127613,87.77,91.04,49.57,105.12,8.11,25.53,0.0,0.0,18.21,30.73,0.0,7.54,3.27,13.09,23.33,48.94,Navy Midshipmen
Austin Benigni,804.2,1468.5,-4.7,88.16768086544963,92.86694101508917,88.17,91.55,50.17,105.81,7.91,25.02,0.0,0.0,18.46,30.02,0.0,7.57,3.25,12.64,23.66,48.48,Navy Midshipmen
Mike Woods,40.0,72.0,-8.33,95.8904109589041,104.22535211267605,95.89,101.37,61.64,119.18,4.11,15.07,0.0,0.0,23.29,16.44,0.0,8.22,2.74,4.11,30.14,39.73,Navy Midshipmen
Mitch Fischer,604.3,1109.5,-8.52,87.11985688729875,95.64032697547684,87.12,94.19,49.82,106.44,7.42,25.04,0.0,0.0,18.07,27.73,0.0,8.59,3.04,11.63,23.61,45.8,Navy Midshipmen
Austin Inge,445.0,825.0,-8.62,84.03361344537815,92.65605875153,84.03,90.88,48.98,105.52,7.08,23.05,0.0,0.0,17.89,28.21,0.0,7.92,3.12,12.36,24.73,46.1,Navy Midshipmen
Mac MacDonald,484.3,873.5,-11.37,88.05460750853243,99.42396313364056,88.05,98.18,49.6,107.62,8.08,26.85,0.0,0.0,19.34,26.39,0.0,8.76,2.5,11.72,24.0,45.73,Navy Midshipmen
Josiah Allick,650.0,1242.5,7.98,98.13765182186235,90.16,98.14,91.26,51.5,97.81,11.9,32.23,0.0,0.0,13.04,36.11,0.0,7.77,2.91,15.22,22.02,49.15,Nebraska Cornhuskers
Juwan Gary,645.0,1250.5,7.04,100.0,92.96,100.0,92.89,52.68,99.2,12.39,34.29,0.0,0.0,12.47,35.01,0.0,8.39,3.28,13.27,22.22,47.48,Nebraska Cornhuskers
Brice Williams,895.0,1714.0,5.29,98.82972498537156,93.54275741710296,98.83,94.09,51.96,97.72,12.4,32.94,0.0,0.0,12.17,34.93,0.0,8.31,3.16,14.45,21.88,47.1,Nebraska Cornhuskers
Keisei Tominaga,895.0,1714.0,5.29,98.82972498537156,93.54275741710296,98.83,94.09,51.96,97.72,12.4,32.94,0.0,0.0,12.17,34.93,0.0,8.31,3.16,14.45,21.88,47.1,Nebraska Cornhuskers
Rienk Mast,895.0,1714.0,5.29,98.82972498537156,93.54275741710296,98.83,94.09,51.96,97.72,12.4,32.94,0.0,0.0,12.17,34.93,0.0,8.31,3.16,14.45,21.88,47.1,Nebraska Cornhuskers
Jamarques Lawrence,495.0,935.0,-0.65,98.17596566523605,98.8272921108742,98.18,99.46,51.61,95.6,13.09,32.08,0.0,0.0,10.62,33.26,0.0,8.91,3.33,15.02,21.24,43.88,Nebraska Cornhuskers
Hunter McIntosh,80.0,144.5,8.31,104.86111111111111,96.55172413793103,104.86,97.22,56.94,101.39,14.58,31.94,0.0,0.0,14.58,34.03,0.0,4.86,6.25,13.19,25.69,48.61,Nevada Wolf Pack
Jarod Lucas,765.0,1422.0,4.4,97.70833333333333,93.30484330484332,97.71,90.97,55.42,101.39,9.65,24.79,0.0,0.0,15.14,31.46,0.0,8.61,4.51,13.75,24.03,46.6,Nevada Wolf Pack
K.J. Hymes,765.0,1422.0,4.4,97.70833333333333,93.30484330484332,97.71,90.97,55.42,101.39,9.65,24.79,0.0,0.0,15.14,31.46,0.0,8.61,4.51,13.75,24.03,46.6,Nevada Wolf Pack
Nick Davidson,765.0,1422.0,4.4,97.70833333333333,93.30484330484332,97.71,90.97,55.42,101.39,9.65,24.79,0.0,0.0,15.14,31.46,0.0,8.61,4.51,13.75,24.03,46.6,Nevada Wolf Pack
Tre Coleman,765.0,1422.0,4.4,97.70833333333333,93.30484330484332,97.71,90.97,55.42,101.39,9.65,24.79,0.0,0.0,15.14,31.46,0.0,8.61,4.51,13.75,24.03,46.6,Nevada Wolf Pack
Kenan Blackshear,685.0,1277.5,3.98,96.91358024691358,92.93089753772836,96.91,90.28,55.25,101.39,9.1,24.0,0.0,0.0,15.2,31.17,0.0,9.03,4.32,13.81,23.84,46.37,Nevada Wolf Pack
Naim Miller,405.0,813.0,-1.27,87.86764705882352,89.13580246913581,87.87,88.48,48.9,95.59,8.58,30.27,0.0,0.0,11.4,34.19,0.0,9.93,2.94,15.81,19.36,45.59,New Hampshire Wildcats
Ahmad Robinson,725.0,1440.5,-6.27,87.72413793103449,93.99021663172607,87.72,92.76,47.52,96.83,9.79,32.83,0.0,0.0,12.41,33.52,0.0,8.69,2.69,15.59,18.21,45.93,New Hampshire Wildcats
Clarence Daniels,725.0,1440.5,-6.27,87.72413793103449,93.99021663172607,87.72,92.76,47.52,96.83,9.79,32.83,0.0,0.0,12.41,33.52,0.0,8.69,2.69,15.59,18.21,45.93,New Hampshire Wildcats
Jaxson Baker,725.0,1440.5,-6.27,87.72413793103449,93.99021663172607,87.72,92.76,47.52,96.83,9.79,32.83,0.0,0.0,12.41,33.52,0.0,8.69,2.69,15.59,18.21,45.93,New Hampshire Wildcats
Rex Sunderland,565.0,1122.0,-8.19,87.84140969162996,96.03246167718666,87.84,93.83,47.4,97.0,9.96,32.78,0.0,0.0,12.86,33.3,0.0,8.28,2.38,15.86,16.65,46.16,New Hampshire Wildcats
Trey Woodyard,480.0,946.0,-8.3,87.46048472075869,95.75821845174973,87.46,95.15,46.47,97.68,10.64,35.09,0.0,0.0,12.75,33.19,0.0,8.11,2.85,15.07,19.07,45.94,New Hampshire Wildcats
Jamal Mashburn Jr.,840.0,1678.5,9.03,99.04988123515439,90.01793185893604,99.05,89.43,54.87,105.58,8.14,25.06,0.0,0.0,17.34,32.6,0.0,10.1,7.07,11.76,21.02,49.94,New Mexico Lobos
Donovan Dent,880.0,1761.0,8.87,99.43278502552467,90.56281978396817,99.43,90.36,54.96,105.56,8.11,24.79,0.0,0.0,17.47,32.44,0.0,10.1,6.86,11.91,21.16,49.91,New Mexico Lobos
JT Toppin,880.0,1761.0,8.87,99.43278502552467,90.56281978396817,99.43,90.36,54.96,105.56,8.11,24.79,0.0,0.0,17.47,32.44,0.0,10.1,6.86,11.91,21.16,49.91,New Mexico Lobos
Jaelen House,880.0,1761.0,8.87,99.43278502552467,90.56281978396817,99.43,90.36,54.96,105.56,8.11,24.79,0.0,0.0,17.47,32.44,0.0,10.1,6.86,11.91,21.16,49.91,New Mexico Lobos
Nelly Junior Joseph,880.0,1761.0,8.87,99.43278502552467,90.56281978396817,99.43,90.36,54.96,105.56,8.11,24.79,0.0,0.0,17.47,32.44,0.0,10.1,6.86,11.91,21.16,49.91,New Mexico Lobos
Jemarl Baker Jr.,40.0,82.5,6.43,107.59493670886076,101.16279069767442,107.59,110.13,56.96,105.06,7.59,18.99,0.0,0.0,20.25,29.11,0.0,10.13,2.53,15.19,24.05,49.36,New Mexico Lobos
Brandon Suggs,120.0,227.5,0.49,88.59649122807018,88.10572687224669,88.6,87.72,48.25,99.12,9.65,27.19,0.0,0.0,17.11,30.7,0.0,10.53,3.07,17.98,28.07,47.81,New Mexico State Aggies
Robert Carpenter,200.0,380.5,0.03,89.76377952755905,89.73684210526316,89.76,89.5,49.87,99.74,9.19,27.03,0.0,0.0,15.75,33.86,0.0,9.45,4.2,16.01,24.93,49.61,New Mexico State Aggies
Jordan Rawls,485.0,900.0,-6.86,86.75645342312009,93.61936193619363,86.76,95.51,47.59,100.45,7.97,26.37,0.0,0.0,16.05,33.33,0.0,7.97,4.38,15.6,25.48,49.38,New Mexico State Aggies
Jaylin Jackson-Posey,280.0,509.5,-7.02,90.4572564612326,97.48062015503875,90.46,100.0,48.71,102.39,9.15,26.84,0.0,0.0,16.3,34.59,0.0,6.16,3.98,13.92,26.84,50.89,New Mexico State Aggies
Kaosi Ezeagu,685.0,1260.5,-7.59,88.2636655948553,95.84964761158966,88.26,98.39,47.67,101.69,8.6,26.93,0.0,0.0,16.08,34.08,0.0,7.07,4.42,14.39,25.24,50.16,New Mexico State Aggies
Christian Cook,605.0,1111.5,-8.42,88.48263254113346,96.89991142604075,88.48,100.0,47.26,102.38,8.87,27.42,0.0,0.0,16.0,34.46,0.0,6.76,4.66,13.62,24.31,50.46,New Mexico State Aggies
Jaden Harris,565.0,1033.0,-9.33,88.18897637795276,97.52380952380952,88.19,100.79,47.54,102.26,8.37,26.87,0.0,0.0,15.85,34.84,0.0,6.3,4.72,13.58,24.61,50.69,New Mexico State Aggies
Femi Odukale,485.0,880.0,-10.84,87.60139049826188,98.43924191750278,87.6,102.32,46.7,102.55,8.34,26.88,0.0,0.0,16.22,34.18,0.0,6.03,4.52,13.67,25.38,50.4,New Mexico State Aggies
Mason Jones,200.0,428.0,-7.01,91.35514018691589,98.36448598130842,91.36,98.36,53.04,103.27,7.01,17.99,0.0,0.0,16.36,27.1,0.0,7.71,5.14,13.08,21.73,43.46,New Orleans Privateers
Jamond Vincent,639.8,1322.5,-8.6,88.45861807137435,97.0632530120482,88.46,97.87,51.63,101.37,6.99,21.03,0.0,0.0,16.25,27.49,0.0,7.82,5.01,14.88,23.84,43.74,New Orleans Privateers
Jah Short,679.8,1427.5,-9.9,86.23340321453529,96.1376404494382,86.23,95.67,51.08,99.79,6.57,21.1,0.0,0.0,14.4,26.21,0.0,8.81,4.47,14.61,23.2,40.61,New Orleans Privateers
Jordan Johnson,719.8,1510.5,-9.95,87.66578249336871,97.62062128222075,87.67,97.94,51.26,101.06,6.83,21.49,0.0,0.0,14.85,25.99,0.0,8.69,4.38,13.79,23.47,40.84,New Orleans Privateers
Tyson Jackson,759.8,1592.5,-10.25,86.80075424261472,97.05144291091592,86.8,97.23,50.91,100.94,6.6,21.24,0.0,0.0,15.08,26.15,0.0,8.55,4.53,14.14,23.51,41.23,New Orleans Privateers
Khaleb Wilson-Rouse,599.8,1248.0,-10.26,87.18775181305399,97.45019920318725,87.19,98.55,50.6,101.93,6.53,22.24,0.0,0.0,15.31,25.71,0.0,8.7,4.27,13.38,24.42,41.02,New Orleans Privateers
James Glisson III,120.0,270.0,-18.16,78.83211678832117,96.99248120300751,78.83,94.16,47.45,98.91,4.74,22.26,0.0,0.0,9.49,19.71,0.0,12.04,2.19,10.58,21.9,29.2,New Orleans Privateers
Carlos Hart,80.0,163.5,-24.12,69.0909090909091,93.20987654320987,69.09,91.52,43.03,96.36,4.24,21.21,0.0,0.0,18.18,27.88,0.0,6.06,6.67,21.82,24.24,46.06,New Orleans Privateers
Randy Tucker,490.0,958.0,2.9,95.85492227979275,92.95478443743428,95.85,91.61,54.4,96.79,7.88,21.14,0.0,0.0,11.81,30.67,0.0,8.19,2.38,15.03,19.38,42.48,Niagara Purple Eagles
Harlan Obioha,855.0,1621.5,1.71,92.05864386072084,90.34869240348692,92.06,88.64,52.29,94.99,7.64,21.62,0.0,0.0,10.63,31.28,0.0,8.0,2.69,15.64,19.24,41.91,Niagara Purple Eagles
Ahmad Henderson II,655.0,1265.5,1.55,91.796875,90.24780175859313,91.8,88.2,52.81,95.7,7.11,20.39,0.0,0.0,10.7,31.41,0.0,7.89,2.73,15.0,19.22,42.11,Niagara Purple Eagles
Yaw Obeng-Mensah,575.0,1122.0,1.27,93.72236958443855,92.45283018867924,93.72,90.98,53.23,96.2,7.69,20.95,0.0,0.0,11.41,30.15,0.0,8.13,2.3,15.21,19.19,41.56,Niagara Purple Eagles
Luke Bumbalough,895.0,1706.0,0.24,91.5893271461717,91.35071090047393,91.59,89.44,51.86,94.84,7.71,21.87,0.0,0.0,10.61,30.74,0.0,8.0,2.61,15.78,19.26,41.35,Niagara Purple Eagles
Dre Bullock,360.0,664.5,-1.04,88.57566765578635,89.61832061068702,88.58,87.09,49.55,91.99,8.16,23.44,0.0,0.0,9.35,32.05,0.0,7.27,3.12,17.36,18.99,41.4,Niagara Purple Eagles
Malik Edwards,45.0,84.5,-2.96,81.92771084337349,84.88372093023256,81.93,87.95,40.96,93.98,9.64,27.71,0.0,0.0,10.84,28.92,0.0,4.82,3.61,16.87,18.07,39.76,Niagara Purple Eagles
Lance Erving,200.0,360.0,-5.15,89.80716253443526,94.9579831932773,89.81,93.39,48.48,92.84,9.09,27.0,0.0,0.0,10.19,27.82,0.0,9.37,2.2,17.36,20.11,38.01,Niagara Purple Eagles
Kwane Marble,400.0,748.0,-5.99,86.23853211009175,92.2237380627558,86.24,88.6,48.89,92.14,7.47,22.67,0.0,0.0,9.04,29.88,0.0,8.13,2.62,16.91,19.27,38.92,Niagara Purple Eagles
Quinn Strander,365.0,723.0,10.77,98.32167832167832,87.55129958960327,98.32,89.51,53.01,94.97,12.73,29.79,0.0,0.0,12.17,33.01,0.0,7.69,3.36,17.2,24.34,45.18,Nicholls Colonels
Robert Brown III,660.0,1284.0,5.08,92.94117647058823,87.85769528228926,92.94,89.1,50.98,94.27,10.82,27.22,0.0,0.0,12.24,32.94,0.0,7.92,4.55,17.96,23.29,45.18,Nicholls Colonels
Byron Ireland,409.4,774.0,4.3,93.24675324675324,88.94601542416453,93.25,89.87,50.78,95.71,10.65,29.09,0.0,0.0,14.55,32.73,0.0,8.7,4.16,18.83,23.77,47.28,Nicholls Colonels
Diante Smith,824.4,1587.0,3.64,93.10126582278481,89.46047678795483,93.1,90.25,51.2,95.57,10.38,27.22,0.0,0.0,12.91,32.15,0.0,8.23,4.68,17.34,23.16,45.06,Nicholls Colonels
Jamal West Jr.,784.4,1488.5,3.28,93.45037137069548,90.17379679144385,93.45,91.09,50.91,96.29,10.47,27.75,0.0,0.0,13.03,31.87,0.0,8.51,4.79,16.75,22.89,44.9,Nicholls Colonels
Mekhi Collins,539.4,1055.5,1.74,91.82509505703422,90.08498583569406,91.83,90.68,51.05,95.15,9.7,25.0,0.0,0.0,12.17,31.65,0.0,8.08,5.04,17.02,22.62,43.82,Nicholls Colonels
Jalen White,299.4,549.5,-0.02,92.98561151079137,93.00184162062615,92.99,90.83,52.34,97.48,8.63,25.0,0.0,0.0,13.31,29.86,0.0,9.17,5.22,15.83,22.48,43.17,Nicholls Colonels
Michael Gray Jr.,240.0,473.5,-2.65,87.26114649681529,89.91596638655463,87.26,90.87,49.68,96.18,8.49,26.11,0.0,0.0,14.01,32.48,0.0,7.43,6.16,17.83,22.93,46.49,Nicholls Colonels
Tyrese Jenkins,160.0,299.5,10.81,96.28378378378379,85.47854785478548,96.28,87.5,51.01,99.66,10.14,26.69,0.0,0.0,16.22,33.11,0.0,10.47,5.07,16.55,26.69,49.33,Norfolk State Spartans
Daryl Anderson,120.0,222.5,9.06,89.68609865470853,80.63063063063063,89.69,80.27,51.12,105.38,7.17,21.97,0.0,0.0,21.97,34.08,0.0,10.76,4.48,16.59,23.77,56.05,Norfolk State Spartans
Nyzaiah Chambers,160.0,302.5,7.22,87.01298701298701,79.7979797979798,87.01,76.95,51.95,102.27,5.19,19.81,0.0,0.0,20.78,34.74,0.0,9.74,4.55,18.51,20.45,55.52,Norfolk State Spartans
Allen Betrand,120.0,228.0,6.45,87.05357142857143,80.60344827586206,87.05,83.48,49.55,104.46,5.36,22.32,0.0,0.0,20.54,34.82,0.0,9.82,6.25,16.07,27.23,55.36,Norfolk State Spartans
Chris Fields Jr.,80.0,152.0,5.67,93.33333333333333,87.66233766233766,93.33,90.0,50.0,98.0,9.33,30.67,0.0,0.0,16.67,32.0,0.0,10.67,4.67,18.67,24.67,48.67,Norfolk State Spartans
Jamarii Thomas,525.0,1011.0,5.46,90.45275590551181,84.99005964214712,90.45,84.15,52.36,100.0,6.79,22.15,0.0,0.0,16.93,30.22,0.0,10.04,5.02,16.93,23.33,47.15,Norfolk State Spartans
George Beale Jr.,40.0,75.0,5.33,86.66666666666667,81.33333333333333,86.67,81.33,46.67,102.67,10.67,25.33,0.0,0.0,22.67,29.33,0.0,16.0,2.67,20.0,18.67,52.0,Norfolk State Spartans
Christian Ings,365.0,706.0,5.05,90.5160390516039,85.46762589928058,90.52,82.85,53.14,99.3,7.11,20.64,0.0,0.0,16.46,28.31,0.0,10.6,4.46,17.15,21.34,44.77,Norfolk State Spartans
Tyrel Bladen,405.0,783.5,4.84,91.44316730523627,86.60714285714286,91.44,86.72,51.98,99.36,7.79,23.37,0.0,0.0,15.96,28.35,0.0,10.73,4.98,16.6,24.01,44.31,Norfolk State Spartans
Jaylani Darden,405.0,788.0,4.59,90.29003783102144,85.69604086845466,90.29,84.62,52.59,99.37,6.56,22.19,0.0,0.0,16.9,28.75,0.0,10.47,5.04,17.53,22.57,45.65,Norfolk State Spartans
Kuluel Mading,445.0,862.0,3.5,88.16091954022988,84.66042154566745,88.16,83.1,51.95,99.77,6.44,21.15,0.0,0.0,16.9,29.43,0.0,10.34,4.71,17.13,21.95,46.33,Norfolk State Spartans
Will Soucie,565.0,1103.5,1.59,98.35616438356163,96.76258992805755,98.36,98.26,54.61,101.28,9.59,25.02,0.0,0.0,12.88,32.69,0.0,5.66,4.02,11.6,23.74,45.57,North Alabama Lions
Dallas Howell,240.0,466.5,1.08,96.78800856531049,95.70815450643777,96.79,95.5,53.32,105.57,11.35,29.34,0.0,0.0,15.63,32.33,0.0,6.42,3.0,10.06,20.99,47.96,North Alabama Lions
Damian Forrest,725.0,1413.0,1.03,98.14814814814815,97.1167369901547,98.15,98.36,54.27,102.49,9.97,26.42,0.0,0.0,13.82,32.62,0.0,5.7,3.92,11.32,23.36,46.44,North Alabama Lions
Jacari Lane,725.0,1413.0,1.03,98.14814814814815,97.1167369901547,98.15,98.36,54.27,102.49,9.97,26.42,0.0,0.0,13.82,32.62,0.0,5.7,3.92,11.32,23.36,46.44,North Alabama Lions
KJ Johnson,725.0,1413.0,1.03,98.14814814814815,97.1167369901547,98.15,98.36,54.27,102.49,9.97,26.42,0.0,0.0,13.82,32.62,0.0,5.7,3.92,11.32,23.36,46.44,North Alabama Lions
Tim Smith Jr.,605.0,1181.0,0.73,97.78534923339012,97.05387205387206,97.79,98.21,54.09,102.47,9.63,26.49,0.0,0.0,14.14,33.13,0.0,5.37,4.0,11.67,23.76,47.27,North Alabama Lions
Eoin Nelson,40.0,75.0,-1.82,109.72222222222223,111.53846153846155,109.72,120.83,58.33,101.39,12.5,27.78,0.0,0.0,11.11,25.0,0.0,6.94,6.94,9.72,26.39,36.11,North Alabama Lions
Jeremy Robinson,240.0,456.5,-2.79,94.56521739130434,97.35099337748345,94.57,95.87,53.04,102.17,9.13,25.65,0.0,0.0,13.04,31.52,0.0,7.17,5.43,10.87,21.3,44.56,North Carolina A&T Aggies
Uchenna Kellman-Nicholes,200.0,384.0,-5.04,92.8388746803069,97.87798408488064,92.84,94.37,53.2,102.3,8.44,23.79,0.0,0.0,12.79,29.16,0.0,7.93,4.86,10.49,20.46,41.95,North Carolina A&T Aggies
Landon Glasper,400.0,757.5,-9.67,90.32679738562092,100.0,90.33,98.04,51.37,104.58,8.24,26.14,0.0,0.0,15.42,32.03,0.0,6.54,5.49,10.85,21.05,47.45,North Carolina A&T Aggies
Camian Shell,680.0,1233.5,-12.07,86.54781199351702,98.62124898621249,86.55,98.54,48.22,104.21,7.37,26.18,0.0,0.0,15.88,33.39,0.0,7.05,4.62,11.67,20.5,49.27,North Carolina A&T Aggies
Jason Murphy,640.0,1170.0,-13.66,85.82342954159593,99.48364888123923,85.82,98.13,48.81,104.58,7.39,25.47,0.0,0.0,16.72,31.92,0.0,7.22,4.58,12.14,20.29,48.64,North Carolina A&T Aggies
Evan Joyner,360.0,645.5,-14.05,86.57407407407408,100.62208398133747,86.57,99.85,48.46,106.02,7.25,27.16,0.0,0.0,17.44,34.26,0.0,6.02,4.63,11.42,20.52,51.7,North Carolina A&T Aggies
Kyle Duke,320.0,554.5,-17.81,80.58076225045372,98.38709677419355,80.58,99.64,44.28,104.54,6.53,26.5,0.0,0.0,17.97,34.85,0.0,7.62,3.63,13.43,19.6,52.82,North Carolina A&T Aggies
Nikolaos Chitikoudis,320.0,573.5,-18.25,81.57894736842105,99.8266897746967,81.58,101.05,44.74,105.61,7.54,28.42,0.0,0.0,18.77,36.32,0.0,6.67,5.26,13.16,20.18,55.09,North Carolina A&T Aggies
Jalal McKie,440.0,785.0,-19.15,81.35376756066411,100.50825921219821,81.35,101.02,45.59,105.62,6.77,27.08,0.0,0.0,18.52,34.74,0.0,7.02,4.21,12.9,20.18,53.26,North Carolina A&T Aggies
Ja'Darius Harris,364.5,690.5,11.97,93.75907111756169,81.79190751445087,93.76,82.15,51.38,103.48,10.3,29.75,0.0,0.0,19.45,35.12,0.0,8.42,2.47,15.97,22.64,54.57,North Carolina Central Eagles
Devin Gordon,524.4,1003.0,9.85,100.78973346495556,90.93655589123867,100.79,89.14,55.68,103.85,11.15,28.43,0.0,0.0,18.76,31.49,0.0,8.19,2.67,14.91,22.7,50.25,North Carolina Central Eagles
Fred Cleveland Jr.,604.3,1148.0,8.46,97.31833910034602,88.85964912280701,97.32,87.63,53.55,103.81,10.81,29.24,0.0,0.0,19.72,32.18,0.0,7.87,2.77,15.92,22.66,51.9,North Carolina Central Eagles
Emmanuel Izunabor,439.3,841.5,6.96,100.0,93.03721488595438,100.0,91.18,55.65,104.47,10.35,28.47,0.0,0.0,19.88,29.65,0.0,7.76,2.82,15.41,23.06,49.53,North Carolina Central Eagles
Po'Boigh King,559.3,1083.0,6.17,97.06422018348624,90.89219330855019,97.06,89.72,54.31,102.48,10.28,28.07,0.0,0.0,18.81,30.09,0.0,7.98,2.66,16.33,23.58,48.9,North Carolina Central Eagles
Keishon Porter,324.9,606.5,5.81,101.78282009724472,95.9731543624161,101.78,92.71,55.27,105.51,11.67,29.34,0.0,0.0,20.58,31.12,0.0,7.29,3.08,15.07,21.88,51.7,North Carolina Central Eagles
Perry Smith Jr.,245.0,474.5,4.62,92.61603375527426,88.0,92.62,88.19,51.48,100.0,9.92,27.0,0.0,0.0,16.67,32.91,0.0,8.65,2.11,16.67,24.05,49.58,North Carolina Central Eagles
Timmy Adedire,159.9,313.0,-5.89,86.17363344051448,92.06349206349206,86.17,93.25,49.2,99.68,7.07,26.37,0.0,0.0,18.65,28.62,0.0,7.72,2.25,18.97,25.72,47.27,North Carolina Central Eagles
Creighton Lebo,40.0,76.0,41.09,109.09090909090908,68.0,109.09,66.23,53.25,111.69,14.29,37.66,0.0,0.0,19.48,41.56,0.0,7.79,7.79,7.79,20.78,61.04,North Carolina Tar Heels
Duwe Farris,40.0,76.0,41.09,109.09090909090908,68.0,109.09,66.23,53.25,111.69,14.29,37.66,0.0,0.0,19.48,41.56,0.0,7.79,7.79,7.79,20.78,61.04,North Carolina Tar Heels
Rob Landry,40.0,76.0,41.09,109.09090909090908,68.0,109.09,66.23,53.25,111.69,14.29,37.66,0.0,0.0,19.48,41.56,0.0,7.79,7.79,7.79,20.78,61.04,North Carolina Tar Heels
Armando Bacot,920.0,1859.0,9.87,95.64524694636218,85.77656675749319,95.65,83.59,53.27,102.76,9.45,27.72,0.0,0.0,15.56,36.7,0.0,6.9,4.67,12.8,20.29,52.26,North Carolina Tar Heels
RJ Davis,920.0,1859.0,9.87,95.64524694636218,85.77656675749319,95.65,83.59,53.27,102.76,9.45,27.72,0.0,0.0,15.56,36.7,0.0,6.9,4.67,12.8,20.29,52.26,North Carolina Tar Heels
Cormac Ryan,880.0,1783.0,8.54,95.0719822812846,86.5340909090909,95.07,84.33,53.27,102.38,9.25,27.3,0.0,0.0,15.39,36.49,0.0,6.87,4.54,13.01,20.27,51.88,North Carolina Tar Heels
Elliot Cadeau,880.0,1783.0,8.54,95.0719822812846,86.5340909090909,95.07,84.33,53.27,102.38,9.25,27.3,0.0,0.0,15.39,36.49,0.0,6.87,4.54,13.01,20.27,51.88,North Carolina Tar Heels
Harrison Ingram,880.0,1783.0,8.54,95.0719822812846,86.5340909090909,95.07,84.33,53.27,102.38,9.25,27.3,0.0,0.0,15.39,36.49,0.0,6.87,4.54,13.01,20.27,51.88,North Carolina Tar Heels
Amar Kuljuhovic,639.9,1177.5,4.25,101.85654008438819,97.6068376068376,101.86,96.37,54.68,105.74,11.22,32.24,0.0,0.0,17.64,34.01,0.0,8.78,3.88,11.9,19.24,51.65,North Dakota Fighting Hawks
B.J. Omot,679.9,1257.0,2.71,100.39588281868568,97.68185451638689,100.4,96.75,54.08,105.86,11.16,33.17,0.0,0.0,17.89,33.65,0.0,8.63,3.8,12.03,19.87,51.54,North Dakota Fighting Hawks
Treysen Eaglestaff,679.9,1257.0,2.71,100.39588281868568,97.68185451638689,100.4,96.75,54.08,105.86,11.16,33.17,0.0,0.0,17.89,33.65,0.0,8.63,3.8,12.03,19.87,51.54,North Dakota Fighting Hawks
Tsotne Tsartsidze,679.9,1257.0,2.71,100.39588281868568,97.68185451638689,100.4,96.75,54.08,105.86,11.16,33.17,0.0,0.0,17.89,33.65,0.0,8.63,3.8,12.03,19.87,51.54,North Dakota Fighting Hawks
Tyree Ihenacho,679.9,1257.0,2.71,100.39588281868568,97.68185451638689,100.4,96.75,54.08,105.86,11.16,33.17,0.0,0.0,17.89,33.65,0.0,8.63,3.8,12.03,19.87,51.54,North Dakota Fighting Hawks
Brady Danielson,40.0,79.5,-20.56,78.2051282051282,98.76543209876543,78.21,102.56,44.87,107.69,10.26,47.44,0.0,0.0,21.79,28.21,0.0,6.41,2.56,14.1,29.49,50.0,North Dakota Fighting Hawks
Jacari White,495.0,890.0,-0.47,98.9749430523918,99.44567627494457,98.97,102.16,51.03,96.92,11.05,30.41,0.0,0.0,12.3,35.65,0.0,4.56,1.82,15.38,20.05,47.95,North Dakota State Bison
Noah Feddersen,665.0,1199.0,-2.16,96.25,98.41402337228715,96.25,98.25,52.17,96.17,10.08,26.58,0.0,0.0,12.0,35.92,0.0,4.42,1.58,15.83,19.67,47.92,North Dakota State Bison
Boden Skunberg,705.0,1274.0,-2.29,95.99056603773585,98.27586206896551,95.99,98.58,51.57,96.23,10.22,27.44,0.0,0.0,11.71,35.77,0.0,4.64,1.57,15.49,19.81,47.48,North Dakota State Bison
Damari Wheeler-Thomas,705.0,1274.0,-2.29,95.99056603773585,98.27586206896551,95.99,98.58,51.57,96.23,10.22,27.44,0.0,0.0,11.71,35.77,0.0,4.64,1.57,15.49,19.81,47.48,North Dakota State Bison
Andrew Morgan,570.0,1016.5,-2.64,94.89695780176643,97.534516765286,94.9,97.06,50.93,95.68,10.4,27.87,0.0,0.0,11.58,36.8,0.0,5.0,1.67,15.9,18.74,48.38,North Dakota State Bison
Tajavis Miller,385.0,716.5,-4.16,93.46314325452016,97.61904761904762,93.46,96.94,52.16,96.24,9.18,24.62,0.0,0.0,10.71,34.21,0.0,4.59,1.11,14.46,21.28,44.92,North Dakota State Bison
Jah Nze,40.0,79.0,11.39,107.59493670886076,96.20253164556962,107.59,96.2,62.03,100.0,10.13,30.38,0.0,0.0,11.39,29.11,0.0,5.06,5.06,11.39,20.25,40.5,North Florida Ospreys
Ametri Moss,40.0,69.5,9.38,112.12121212121211,102.73972602739727,112.12,113.64,51.52,107.58,19.7,45.45,0.0,0.0,18.18,33.33,0.0,7.58,4.55,10.61,24.24,51.51,North Florida Ospreys
Dorian James,655.0,1228.5,5.06,105.54649265905383,100.48740861088545,105.55,100.9,53.92,98.37,15.5,39.64,0.0,0.0,11.09,31.0,0.0,5.63,5.38,12.72,20.88,42.09,North Florida Ospreys
Jasai Miles,655.0,1228.5,5.06,105.54649265905383,100.48740861088545,105.55,100.9,53.92,98.37,15.5,39.64,0.0,0.0,11.09,31.0,0.0,5.63,5.38,12.72,20.88,42.09,North Florida Ospreys
Nate Lliteras,655.0,1228.5,5.06,105.54649265905383,100.48740861088545,105.55,100.9,53.92,98.37,15.5,39.64,0.0,0.0,11.09,31.0,0.0,5.63,5.38,12.72,20.88,42.09,North Florida Ospreys
Jaylen Smith,615.0,1159.0,4.83,105.17241379310344,100.3454231433506,105.17,100.17,54.05,97.84,15.26,39.31,0.0,0.0,10.69,30.86,0.0,5.52,5.43,12.84,20.69,41.55,North Florida Ospreys
Chaz Lanier,615.0,1149.5,4.62,105.40540540540539,100.78125,105.41,101.22,53.36,98.26,15.87,40.28,0.0,0.0,11.07,31.12,0.0,5.67,5.41,12.82,20.92,42.19,North Florida Ospreys
Matthew Stone,160.0,263.5,9.64,93.10344827586206,83.45864661654136,93.1,85.06,50.19,106.9,9.58,31.42,0.0,0.0,22.61,37.93,0.0,7.28,4.21,15.71,21.84,60.54,North Texas Mean Green
Rubin Jones,360.0,682.0,9.4,98.96142433234422,89.56521739130436,98.96,91.69,52.97,102.23,11.72,29.82,0.0,0.0,15.28,30.12,0.0,9.5,4.01,13.06,25.07,45.4,North Texas Mean Green
CJ Noland,325.0,557.5,7.68,95.81818181818181,88.14159292035399,95.82,90.55,50.55,105.27,10.55,30.55,0.0,0.0,21.09,34.0,0.0,9.09,4.73,15.82,24.55,55.09,North Texas Mean Green
Aaron Scott,805.0,1453.5,7.53,96.15384615384616,88.62559241706161,96.15,91.54,51.05,102.03,11.54,30.07,0.0,0.0,16.71,31.54,0.0,9.65,4.27,14.69,24.27,48.25,North Texas Mean Green
Jason Edwards,805.0,1453.5,7.53,96.15384615384616,88.62559241706161,96.15,91.54,51.05,102.03,11.54,30.07,0.0,0.0,16.71,31.54,0.0,9.65,4.27,14.69,24.27,48.25,North Texas Mean Green
Moulaye Sissoko,805.0,1453.5,7.53,96.15384615384616,88.62559241706161,96.15,91.54,51.05,102.03,11.54,30.07,0.0,0.0,16.71,31.54,0.0,9.65,4.27,14.69,24.27,48.25,North Texas Mean Green
John Buggs III,480.0,896.0,7.44,96.36363636363636,88.92543859649122,96.36,92.16,51.36,100.0,12.16,29.77,0.0,0.0,13.98,30.0,0.0,10.0,3.98,13.98,24.09,43.98,North Texas Mean Green
Rondel Walker,285.0,508.0,3.92,93.93939393939394,90.01919385796545,93.94,94.75,48.89,99.19,12.32,29.7,0.0,0.0,15.56,30.1,0.0,11.11,4.65,16.36,24.44,45.66,North Texas Mean Green
Luka Sakota,520.0,941.5,1.48,96.66307857911734,95.17819706498952,96.66,97.74,50.81,97.74,9.8,28.42,0.0,0.0,14.42,32.72,0.0,9.15,5.17,16.68,21.31,47.14,Northeastern Huskies
Rashad King,720.0,1305.5,-0.65,93.92523364485982,94.5742275810098,93.93,97.74,50.0,98.83,9.11,28.58,0.0,0.0,15.42,33.1,0.0,8.8,4.98,16.59,21.65,48.52,Northeastern Huskies
Bryce Johnson,320.0,578.0,-1.16,94.57092819614711,95.72649572649573,94.57,98.07,52.54,99.65,7.36,25.74,0.0,0.0,17.34,31.87,0.0,9.11,4.03,17.69,21.37,49.21,Northeastern Huskies
Chris Doherty,720.0,1306.5,-1.91,94.32348367029549,96.23210248681235,94.32,99.3,50.08,98.68,9.41,28.93,0.0,0.0,15.55,32.35,0.0,8.4,4.74,16.87,21.46,47.9,Northeastern Huskies
Masai Troutman,760.0,1379.0,-2.06,93.37260677466863,95.42857142857143,93.37,98.38,49.63,98.6,9.35,29.38,0.0,0.0,15.54,32.77,0.0,8.62,4.79,16.94,21.43,48.31,Northeastern Huskies
Harold Woods,520.0,948.5,-2.59,93.67631296891747,96.2655601659751,93.68,99.46,48.98,99.25,10.61,32.26,0.0,0.0,15.43,33.33,0.0,8.79,5.36,16.18,21.54,48.76,Northeastern Huskies
Alexander Nwagha,40.0,72.5,-4.43,76.38888888888889,80.82191780821918,76.39,81.94,41.67,97.22,8.33,37.5,0.0,0.0,15.28,40.28,0.0,12.5,5.56,18.06,20.83,55.56,Northeastern Huskies
Joe Pridgen,40.0,74.0,-5.87,74.64788732394366,80.51948051948052,74.65,87.32,40.85,101.41,5.63,25.35,0.0,0.0,19.72,39.44,0.0,5.63,2.82,18.31,23.94,59.16,Northeastern Huskies
Jared Turner,120.0,216.0,-16.61,80.66037735849056,97.27272727272728,80.66,100.94,42.45,95.75,8.49,32.08,0.0,0.0,14.62,30.66,0.0,5.19,3.3,18.87,20.75,45.28,Northeastern Huskies
Glen McClintock,40.0,73.5,-27.18,83.78378378378379,110.95890410958904,83.78,109.46,43.24,94.59,13.51,43.24,0.0,0.0,17.57,27.03,0.0,5.41,1.35,22.97,17.57,44.6,Northeastern Huskies
Oakland Fort,730.0,1422.0,-6.29,90.60967063770147,96.89484827099506,90.61,96.22,50.6,96.99,7.78,25.02,0.0,0.0,11.84,29.5,0.0,7.22,3.78,14.86,23.13,41.34,Northern Arizona Lumberjacks
Carson Basham,690.0,1335.5,-6.55,90.5223880597015,97.06987227648385,90.52,96.42,50.6,97.61,7.24,23.66,0.0,0.0,12.46,30.22,0.0,7.01,4.48,14.85,22.39,42.68,Northern Arizona Lumberjacks
Liam Lloyd,650.0,1258.0,-6.64,90.64976228209191,97.28867623604465,90.65,96.67,50.24,97.15,7.92,25.91,0.0,0.0,12.28,30.03,0.0,7.45,3.88,15.13,22.66,42.31,Northern Arizona Lumberjacks
Jayden Jackson,770.0,1486.5,-9.1,89.7521768251842,98.85135135135134,89.75,97.99,50.1,97.12,7.5,24.72,0.0,0.0,12.19,29.4,0.0,6.97,4.02,15.07,22.71,41.59,Northern Arizona Lumberjacks
Trent McLaughlin,770.0,1486.5,-9.1,89.7521768251842,98.85135135135134,89.75,97.99,50.1,97.12,7.5,24.72,0.0,0.0,12.19,29.4,0.0,6.97,4.02,15.07,22.71,41.59,Northern Arizona Lumberjacks
Diego Campisano,200.0,379.5,-26.29,84.11458333333334,110.4,84.11,107.81,47.92,95.31,7.03,24.48,0.0,0.0,10.94,24.48,0.0,5.21,2.86,15.62,23.96,35.42,Northern Arizona Lumberjacks
C.J. Ford,40.0,64.5,-71.65,71.21212121212122,142.85714285714286,71.21,136.36,39.39,100.0,1.52,18.18,0.0,0.0,19.7,27.27,0.0,1.52,9.09,19.7,13.64,46.97,Northern Arizona Lumberjacks
Brock Wisne,783.4,1489.0,6.05,103.45528455284554,97.4034620505992,103.46,99.12,55.01,98.51,9.69,25.88,0.0,0.0,11.86,33.67,0.0,7.52,3.73,13.35,21.95,45.53,Northern Colorado Bears
Jaron Rillie,783.4,1489.0,6.05,103.45528455284554,97.4034620505992,103.46,99.12,55.01,98.51,9.69,25.88,0.0,0.0,11.86,33.67,0.0,7.52,3.73,13.35,21.95,45.53,Northern Colorado Bears
Riley Abercrombie,783.4,1489.0,6.05,103.45528455284554,97.4034620505992,103.46,99.12,55.01,98.51,9.69,25.88,0.0,0.0,11.86,33.67,0.0,7.52,3.73,13.35,21.95,45.53,Northern Colorado Bears
Saint Thomas,783.4,1489.0,6.05,103.45528455284554,97.4034620505992,103.46,99.12,55.01,98.51,9.69,25.88,0.0,0.0,11.86,33.67,0.0,7.52,3.73,13.35,21.95,45.53,Northern Colorado Bears
Zach Bloch,783.4,1489.0,6.05,103.45528455284554,97.4034620505992,103.46,99.12,55.01,98.51,9.69,25.88,0.0,0.0,11.86,33.67,0.0,7.52,3.73,13.35,21.95,45.53,Northern Colorado Bears
Zion Russell,489.8,939.5,-3.62,88.97216274089935,92.5925925925926,88.97,93.68,49.14,101.71,8.89,29.01,0.0,0.0,16.92,32.66,0.0,6.21,6.1,15.2,22.48,49.58,Northern Illinois Huskies
Harvin Ibarguen,245.0,482.5,-3.8,96.60297239915074,100.40485829959513,96.6,105.31,49.89,97.66,12.53,32.91,0.0,0.0,14.23,31.0,0.0,5.31,5.94,16.56,25.69,45.23,Northern Illinois Huskies
Ethan Butler,239.8,451.5,-7.67,89.26174496644296,96.9298245614035,89.26,98.88,47.87,100.22,9.84,31.1,0.0,0.0,16.78,33.33,0.0,5.37,5.59,16.55,22.82,50.11,Northern Illinois Huskies
Xavier Amos,495.0,966.5,-7.95,88.06282722513089,96.0122699386503,88.06,98.32,48.69,98.12,8.9,28.27,0.0,0.0,13.61,29.53,0.0,6.18,5.45,15.5,23.87,43.14,Northern Illinois Huskies
Yanic Konan Niederhauser,529.8,1015.0,-8.16,85.36102868447082,93.52306182531895,85.36,94.26,48.07,99.6,7.81,27.79,0.0,0.0,15.33,31.45,0.0,6.13,5.44,15.73,22.16,46.78,Northern Illinois Huskies
David Coit,694.8,1337.5,-8.26,88.63636363636364,96.90036900369003,88.64,99.47,48.41,98.56,9.17,29.85,0.0,0.0,14.7,30.53,0.0,5.91,5.38,16.14,23.94,45.23,Northern Illinois Huskies
Quaran McPherson,40.0,88.0,-8.5,83.72093023255815,92.22222222222223,83.72,96.51,48.84,95.35,8.14,26.74,0.0,0.0,5.81,27.91,0.0,6.98,8.14,10.47,27.91,33.72,Northern Illinois Huskies
Will Lovings-Watts,404.8,786.5,-10.06,88.4318766066838,98.49056603773585,88.43,100.64,47.69,96.92,10.03,28.66,0.0,0.0,12.98,29.69,0.0,5.91,4.88,16.07,23.78,42.67,Northern Illinois Huskies
Zarique Nutter,370.0,707.5,-10.34,85.73466476462197,96.07843137254902,85.73,97.86,48.22,97.86,7.85,26.39,0.0,0.0,13.41,29.39,0.0,6.13,5.71,15.55,22.54,42.8,Northern Illinois Huskies
Philmon Gebrewhit,165.0,315.5,-12.19,91.20521172638436,103.39506172839505,91.21,109.12,47.56,97.72,11.07,33.88,0.0,0.0,14.98,29.64,0.0,4.56,3.91,17.26,26.71,44.62,Northern Illinois Huskies
Michael Duax,80.0,145.0,3.45,102.75862068965517,99.3103448275862,102.76,99.31,55.17,93.1,8.97,23.45,0.0,0.0,8.97,35.86,0.0,6.21,2.07,15.86,24.83,44.83,Northern Iowa Panthers
Bowen Born,845.0,1604.0,-3.51,91.33089133089133,94.8407643312102,91.33,90.9,51.71,99.88,8.24,25.15,0.0,0.0,12.21,32.42,0.0,8.3,3.6,12.33,19.78,44.63,Northern Iowa Panthers
Jacob Hutson,885.0,1678.5,-4.02,91.11630625365284,95.1397326852977,91.12,91.53,51.61,99.71,8.18,25.13,0.0,0.0,12.04,32.55,0.0,8.12,3.57,12.33,20.16,44.59,Northern Iowa Panthers
Trey Campbell,885.0,1678.5,-4.02,91.11630625365284,95.1397326852977,91.12,91.53,51.61,99.71,8.18,25.13,0.0,0.0,12.04,32.55,0.0,8.12,3.57,12.33,20.16,44.59,Northern Iowa Panthers
Tytan Anderson,885.0,1678.5,-4.02,91.11630625365284,95.1397326852977,91.12,91.53,51.61,99.71,8.18,25.13,0.0,0.0,12.04,32.55,0.0,8.12,3.57,12.33,20.16,44.59,Northern Iowa Panthers
Nate Heise,845.0,1608.0,-5.18,89.8718730933496,95.05389980976537,89.87,91.46,51.19,100.12,8.05,25.26,0.0,0.0,12.14,32.4,0.0,8.11,3.66,12.02,20.13,44.54,Northern Iowa Panthers
Sam Vinson,79.6,152.0,21.24,96.73202614379085,75.49668874172185,96.73,74.51,53.59,95.42,6.54,16.34,0.0,0.0,14.38,31.37,0.0,15.03,2.61,18.95,22.22,45.75,Northern Kentucky Norse
Randall Pettus II,205.0,418.5,6.59,100.0,93.41176470588235,100.0,96.36,52.91,98.3,10.44,28.16,0.0,0.0,12.14,28.64,0.0,9.47,1.7,13.83,22.09,40.78,Northern Kentucky Norse
LJ Wells,814.0,1596.0,2.4,93.26683291770573,90.8690176322418,93.27,89.96,52.0,99.13,8.1,25.56,0.0,0.0,14.9,31.36,0.0,10.6,2.87,15.77,20.57,46.26,Northern Kentucky Norse
Marques Warrick,899.0,1762.5,2.11,93.61942405420666,91.50513112884835,93.62,90.63,52.46,99.44,8.24,25.58,0.0,0.0,15.02,30.94,0.0,10.56,2.94,15.58,20.78,45.96,Northern Kentucky Norse
Trey Robinson,899.0,1762.5,2.11,93.61942405420666,91.50513112884835,93.62,90.63,52.46,99.44,8.24,25.58,0.0,0.0,15.02,30.94,0.0,10.56,2.94,15.58,20.78,45.96,Northern Kentucky Norse
Keeyan Itejere,694.0,1344.0,0.79,91.6850625459897,90.895410082769,91.69,88.89,52.32,99.78,7.58,24.8,0.0,0.0,15.89,31.64,0.0,10.89,3.31,16.11,20.38,47.53,Northern Kentucky Norse
Michael Bradley,819.4,1610.5,0.31,93.32509270704573,93.01310043668121,93.33,92.15,52.35,99.81,8.41,26.45,0.0,0.0,15.08,30.9,0.0,10.14,2.97,15.27,20.64,45.98,Northern Kentucky Norse
Jeramiah Israel,85.0,166.5,-0.58,97.0059880239521,97.59036144578313,97.01,97.01,56.89,102.4,9.58,25.75,0.0,0.0,16.17,26.95,0.0,10.18,3.59,13.77,22.75,43.12,Northern Kentucky Norse
Jae Slack,84.8,168.5,8.1,96.98795180722891,88.88888888888889,96.99,91.57,51.81,93.98,7.23,19.88,0.0,0.0,12.05,27.71,0.0,14.46,3.01,18.07,19.88,39.76,Northwestern State Demons
Jimel Lane,299.8,582.5,3.27,88.52173913043478,85.2542372881356,88.52,87.48,50.26,103.13,5.91,18.43,0.0,0.0,17.74,31.3,0.0,9.91,3.83,14.61,24.7,49.04,Northwestern State Demons
Chase Forte,739.1,1468.0,2.22,87.97250859106529,85.75286968264686,87.97,87.29,50.17,98.08,7.01,21.17,0.0,0.0,14.71,31.07,0.0,8.52,4.26,16.63,23.99,45.78,Northwestern State Demons
Duane Posey,439.3,885.5,1.53,87.61363636363636,86.08305274971941,87.61,87.16,50.11,94.77,7.73,22.95,0.0,0.0,12.73,30.91,0.0,7.61,4.55,17.95,23.52,43.64,Northwestern State Demons
Justin Wilson,739.1,1473.0,1.24,88.30369357045143,87.06199460916442,88.3,88.37,50.27,97.88,7.18,21.0,0.0,0.0,14.43,30.44,0.0,8.21,4.04,16.55,24.08,44.87,Northwestern State Demons
Braelon Bush,460.0,939.5,0.06,85.49946294307198,85.44303797468355,85.5,87.0,49.3,97.85,6.55,20.84,0.0,0.0,14.39,31.58,0.0,7.52,3.97,16.54,23.52,45.97,Northwestern State Demons
Cliff Davis,694.3,1388.5,-0.06,86.2844702467344,86.34739099356683,86.28,87.66,49.49,97.9,7.26,21.7,0.0,0.0,14.66,30.91,0.0,7.4,4.14,16.76,24.6,45.57,Northwestern State Demons
Chris Mubiru,359.1,706.5,-1.13,88.88888888888889,90.014064697609,88.89,91.17,49.43,95.73,8.69,23.08,0.0,0.0,13.68,28.21,0.0,8.26,3.56,17.95,25.07,41.89,Northwestern State Demons
J.C. Riley Jr.,40.0,84.0,-7.12,71.95121951219512,79.06976744186046,71.95,82.93,40.24,90.24,8.54,30.49,0.0,0.0,13.41,32.93,0.0,7.32,3.66,23.17,24.39,46.34,Northwestern State Demons
Anthony Thomas,40.0,89.0,-22.47,78.65168539325843,101.12359550561798,78.65,101.12,42.7,87.64,11.24,26.97,0.0,0.0,8.99,22.47,0.0,2.25,0.0,21.35,25.84,31.46,Northwestern State Demons
Ty Berry,500.0,936.5,6.23,103.74037403740375,97.5103734439834,103.74,103.41,54.35,101.21,12.43,28.16,0.0,0.0,12.98,28.49,0.0,9.35,3.74,11.77,28.16,41.47,Northwestern Wildcats
Ryan Langborg,780.0,1430.0,5.54,101.13717128642502,95.59532002752925,101.14,98.72,53.59,102.99,12.08,28.43,0.0,0.0,14.21,30.63,0.0,9.03,4.26,11.23,25.94,44.84,Northwestern Wildcats
Matthew Nicholson,540.0,1001.0,4.99,102.23350253807106,97.24680432645035,102.23,100.41,54.82,103.25,12.08,26.7,0.0,0.0,14.01,31.57,0.0,7.21,3.65,10.76,26.9,45.58,Northwestern Wildcats
Boo Buie,860.0,1575.5,4.73,101.02893890675242,96.30325814536342,101.03,98.84,54.21,102.19,11.7,27.85,0.0,0.0,13.44,30.87,0.0,8.55,3.99,11.25,25.72,44.31,Northwestern Wildcats
Brooks Barnhizer,860.0,1575.5,4.73,101.02893890675242,96.30325814536342,101.03,98.84,54.21,102.19,11.7,27.85,0.0,0.0,13.44,30.87,0.0,8.55,3.99,11.25,25.72,44.31,Northwestern Wildcats
Luke Hunger,320.0,574.5,4.3,98.94736842105263,94.64594127806562,98.95,96.14,53.16,100.35,11.05,29.82,0.0,0.0,12.46,29.65,0.0,10.88,4.56,12.11,23.68,42.11,Northwestern Wildcats
Nick Martinelli,360.0,639.0,2.75,97.21362229102168,94.4620253164557,97.21,92.41,54.02,103.56,10.68,27.4,0.0,0.0,14.09,34.21,0.0,7.43,4.33,10.53,22.29,48.3,Northwestern Wildcats
Blake Smith,80.0,145.5,-3.5,100.0,103.4965034965035,100.0,100.0,60.14,94.59,8.11,22.3,0.0,0.0,6.08,33.11,0.0,4.05,1.35,11.49,23.65,39.19,Northwestern Wildcats
Carey Booth,725.0,1303.0,0.27,92.49806651198763,92.23153084539223,92.5,93.66,48.8,99.23,11.52,32.71,0.0,0.0,15.47,38.13,0.0,7.66,2.94,16.24,21.66,53.6,Notre Dame Fighting Irish
Braeden Shrewsberry,440.0,801.5,-2.18,93.97741530740275,96.15384615384616,93.98,97.24,50.56,100.75,11.29,32.5,0.0,0.0,14.81,35.01,0.0,7.28,2.89,14.05,21.58,49.82,Notre Dame Fighting Irish
Kebba Njie,885.0,1574.0,-2.82,90.32051282051282,93.13602015113351,90.32,94.81,47.5,98.72,11.28,33.27,0.0,0.0,15.77,37.24,0.0,8.01,3.14,17.05,21.22,53.01,Notre Dame Fighting Irish
Markus Burton,885.0,1574.0,-2.82,90.32051282051282,93.13602015113351,90.32,94.81,47.5,98.72,11.28,33.27,0.0,0.0,15.77,37.24,0.0,8.01,3.14,17.05,21.22,53.01,Notre Dame Fighting Irish
Tae Davis,805.0,1433.5,-2.88,90.66666666666666,93.5506241331484,90.67,94.67,48.07,98.81,11.16,33.19,0.0,0.0,15.51,36.42,0.0,8.42,3.16,16.7,20.98,51.93,Notre Dame Fighting Irish
J.R. Konieczny,445.0,772.5,-3.52,86.50065530799476,90.02557544757033,86.5,92.27,44.3,96.59,11.27,34.08,0.0,0.0,16.78,39.58,0.0,8.78,3.41,20.18,20.84,56.36,Notre Dame Fighting Irish
Julian Roper II,120.0,208.5,-8.77,81.37254901960785,90.14084507042254,81.37,94.12,39.71,100.0,11.27,38.24,0.0,0.0,20.1,42.16,0.0,6.37,3.43,20.1,21.08,62.26,Notre Dame Fighting Irish
Logan Imes,120.0,203.0,-16.21,82.82828282828282,99.03846153846155,82.83,104.04,42.93,93.43,10.61,32.32,0.0,0.0,15.15,32.32,0.0,9.09,4.04,21.72,20.2,47.47,Notre Dame Fighting Irish
Tuburu Naivalurua,39.6,75.5,22.41,112.82051282051282,90.41095890410958,112.82,84.62,61.54,98.72,11.54,26.92,0.0,0.0,19.23,32.05,0.0,6.41,2.56,20.51,11.54,51.28,Oakland Golden Grizzlies
Osei Price,160.0,317.0,20.24,106.26959247648904,86.03174603174604,106.27,84.95,57.99,99.69,12.23,30.72,0.0,0.0,12.23,35.42,0.0,10.03,7.84,12.54,18.5,47.65,Oakland Golden Grizzlies
DQ Cole,779.2,1489.0,5.41,99.73597359735975,94.32672590567327,99.74,91.09,54.72,101.19,11.75,31.68,0.0,0.0,15.31,34.65,0.0,8.12,4.36,14.13,17.95,49.96,Oakland Golden Grizzlies
Trey Townsend,939.2,1791.0,3.35,98.46407021393307,95.11085844229676,98.46,91.77,54.14,101.21,11.08,30.77,0.0,0.0,15.8,33.46,0.0,8.28,4.17,14.59,18.1,49.26,Oakland Golden Grizzlies
Isaiah Jones,779.2,1482.5,2.81,98.4778292521509,95.66712517193949,98.48,92.06,53.94,101.32,11.25,31.17,0.0,0.0,16.35,33.75,0.0,8.07,3.31,15.02,17.67,50.1,Oakland Golden Grizzlies
Chris Conway,899.7,1715.5,2.51,97.82234957020057,95.31435349940688,97.82,92.09,53.81,101.32,11.06,30.95,0.0,0.0,15.64,33.52,0.0,8.37,4.24,14.33,18.4,49.16,Oakland Golden Grizzlies
Blake Lampman,819.2,1568.0,1.67,96.8671679197995,95.1948051948052,96.87,91.85,53.51,101.38,11.03,31.14,0.0,0.0,15.73,33.65,0.0,8.27,4.57,14.35,18.36,49.38,Oakland Golden Grizzlies
Rocket Watts,120.0,214.5,-5.67,98.63636363636363,104.30622009569377,98.64,99.09,54.55,101.36,8.64,25.45,0.0,0.0,17.73,27.27,0.0,7.27,1.82,16.36,18.64,45.0,Oakland Golden Grizzlies
Jack Gohlke,160.0,302.0,-6.78,92.20779220779221,98.98648648648648,92.21,95.13,51.3,101.3,7.79,26.3,0.0,0.0,18.18,27.6,0.0,9.09,3.25,16.88,18.83,45.78,Oakland Golden Grizzlies
Miles Brown,604.3,1139.0,13.33,99.55791335101681,86.22493461203139,99.56,87.44,52.61,100.09,12.47,34.75,0.0,0.0,12.82,34.48,0.0,10.08,4.69,12.73,20.69,47.3,Ohio Bobcats
AJ Clayton,804.3,1522.5,10.28,99.4729907773386,89.19449901768172,99.47,89.72,52.83,101.12,12.06,33.66,0.0,0.0,13.7,33.14,0.0,9.55,4.61,12.58,21.67,46.84,Ohio Bobcats
Aidan Hadaway,804.3,1522.5,10.28,99.4729907773386,89.19449901768172,99.47,89.72,52.83,101.12,12.06,33.66,0.0,0.0,13.7,33.14,0.0,9.55,4.61,12.58,21.67,46.84,Ohio Bobcats
Jaylin Hunter,804.3,1522.5,10.28,99.4729907773386,89.19449901768172,99.47,89.72,52.83,101.12,12.06,33.66,0.0,0.0,13.7,33.14,0.0,9.55,4.61,12.58,21.67,46.84,Ohio Bobcats
Shereef Mitchell,804.3,1522.5,10.28,99.4729907773386,89.19449901768172,99.47,89.72,52.83,101.12,12.06,33.66,0.0,0.0,13.7,33.14,0.0,9.55,4.61,12.58,21.67,46.84,Ohio Bobcats
Elmore James,200.0,383.5,1.07,99.2248062015504,98.15789473684211,99.22,96.38,53.49,104.13,10.85,30.49,0.0,0.0,16.28,29.2,0.0,8.01,4.39,12.14,24.55,45.48,Ohio Bobcats
Owen Spencer,40.0,87.0,20.71,93.33333333333333,72.61904761904762,93.33,67.78,57.78,87.78,5.56,13.33,0.0,0.0,5.56,28.89,0.0,15.56,4.44,17.78,17.78,34.45,Ohio State Buckeyes
Zed Key,40.0,87.0,20.71,93.33333333333333,72.61904761904762,93.33,67.78,57.78,87.78,5.56,13.33,0.0,0.0,5.56,28.89,0.0,15.56,4.44,17.78,17.78,34.45,Ohio State Buckeyes
Dale Bonner,80.0,167.5,10.28,92.04545454545455,81.76100628930818,92.05,73.86,56.25,91.48,7.39,18.75,0.0,0.0,7.95,34.09,0.0,9.09,3.98,16.48,14.2,42.04,Ohio State Buckeyes
Scotty Middleton,40.0,68.0,1.88,86.95652173913044,85.07462686567165,86.96,82.61,50.72,110.14,4.35,24.64,0.0,0.0,23.19,37.68,0.0,10.14,7.25,13.04,20.29,60.87,Ohio State Buckeyes
Bruce Thornton,850.0,1598.5,0.29,95.17241379310344,94.88139825218477,95.17,95.3,52.98,100.13,8.59,25.58,0.0,0.0,13.73,32.66,0.0,6.77,6.14,13.61,22.95,46.39,Ohio State Buckeyes
Jamison Battle,850.0,1611.0,0.13,95.28535980148884,95.15527950310559,95.29,95.04,53.16,99.44,8.81,25.56,0.0,0.0,13.15,32.82,0.0,6.39,5.96,13.71,22.39,45.97,Ohio State Buckeyes
Evan Mahaffey,850.0,1592.0,-0.89,95.0345694531741,95.91964846202134,95.03,96.04,52.8,100.57,8.8,26.21,0.0,0.0,14.02,33.25,0.0,6.03,6.1,13.45,22.56,47.27,Ohio State Buckeyes
Felix Okpara,850.0,1592.0,-0.89,95.0345694531741,95.91964846202134,95.03,96.04,52.8,100.57,8.8,26.21,0.0,0.0,14.02,33.25,0.0,6.03,6.1,13.45,22.56,47.27,Ohio State Buckeyes
Roddy Gayle Jr.,850.0,1592.0,-0.89,95.0345694531741,95.91964846202134,95.03,96.04,52.8,100.57,8.8,26.21,0.0,0.0,14.02,33.25,0.0,6.03,6.1,13.45,22.56,47.27,Ohio State Buckeyes
Otega Oweh,605.0,1174.0,-2.21,88.7668918918919,90.97938144329896,88.77,89.44,50.08,96.45,8.87,26.6,0.0,0.0,11.4,31.33,0.0,6.17,3.21,14.95,22.13,42.73,Oklahoma Sooners
Javian McCollum,685.0,1308.0,-3.34,90.34954407294833,93.6923076923077,90.35,92.55,50.68,97.34,9.27,27.66,0.0,0.0,12.16,31.31,0.0,5.85,3.5,14.82,22.04,43.47,Oklahoma Sooners
Jalon Moore,770.0,1481.5,-4.0,89.04475617902472,93.04229195088676,89.04,91.12,50.37,96.46,9.08,26.72,0.0,0.0,11.69,30.66,0.0,5.95,3.47,15.23,21.78,42.35,Oklahoma Sooners
Milos Uzan,770.0,1481.5,-4.0,89.04475617902472,93.04229195088676,89.04,91.12,50.37,96.46,9.08,26.72,0.0,0.0,11.69,30.66,0.0,5.95,3.47,15.23,21.78,42.35,Oklahoma Sooners
Sam Godwin,770.0,1481.5,-4.0,89.04475617902472,93.04229195088676,89.04,91.12,50.37,96.46,9.08,26.72,0.0,0.0,11.69,30.66,0.0,5.95,3.47,15.23,21.78,42.35,Oklahoma Sooners
Le'Tre Darthard,85.0,173.5,-8.39,79.55801104972376,87.95180722891565,79.56,80.66,48.07,90.06,7.73,19.89,0.0,0.0,8.29,25.97,0.0,6.63,3.31,18.23,19.89,34.26,Oklahoma Sooners
Rivaldo Soares,165.0,307.5,-10.9,90.09584664536742,100.99337748344371,90.1,97.44,51.44,96.49,9.9,27.16,0.0,0.0,12.78,28.12,0.0,5.11,4.47,16.29,20.45,40.9,Oklahoma Sooners
Jamyron Keller,325.0,620.0,-9.16,92.94871794871796,102.1103896103896,92.95,100.8,51.44,95.35,8.65,27.72,0.0,0.0,11.22,28.21,0.0,7.69,3.85,15.87,20.83,39.43,Oklahoma State Cowboys
John-Michael Wright,605.0,1166.5,-12.15,87.23761544920235,99.38704028021016,87.24,95.3,49.12,96.05,8.9,29.22,0.0,0.0,11.0,27.96,0.0,8.14,3.27,14.95,20.24,38.96,Oklahoma State Cowboys
Quion Williams,610.0,1161.5,-14.23,87.52122241086587,101.7467248908297,87.52,98.9,49.24,95.59,8.23,27.84,0.0,0.0,11.54,28.27,0.0,7.22,3.82,15.96,20.71,39.81,Oklahoma State Cowboys
Brandon Garrison,770.0,1469.0,-14.49,86.34538152610442,100.83102493074792,86.35,97.46,48.39,95.65,8.84,29.32,0.0,0.0,11.24,28.25,0.0,7.7,3.28,15.6,20.35,39.49,Oklahoma State Cowboys
Javon Small,770.0,1469.0,-14.49,86.34538152610442,100.83102493074792,86.35,97.46,48.39,95.65,8.84,29.32,0.0,0.0,11.24,28.25,0.0,7.7,3.28,15.6,20.35,39.49,Oklahoma State Cowboys
Connor Dow,280.0,546.5,-15.25,80.95238095238095,96.1977186311787,80.95,89.24,46.56,96.83,9.17,30.86,0.0,0.0,10.76,27.69,0.0,8.64,2.65,13.93,19.58,38.45,Oklahoma State Cowboys
Bryce Thompson,325.0,610.0,-19.44,82.39095315024232,101.83028286189683,82.39,98.87,45.4,94.99,9.85,32.31,0.0,0.0,11.15,28.76,0.0,7.75,2.26,16.16,19.87,39.91,Oklahoma State Cowboys
Eric Dailey Jr.,165.0,302.5,-23.45,82.83828382838284,106.29139072847681,82.84,105.94,45.54,94.06,8.58,29.7,0.0,0.0,12.21,29.37,0.0,5.94,3.3,18.15,20.79,41.58,Oklahoma State Cowboys
Jason Wade,80.0,159.0,6.29,91.19496855345912,84.90566037735849,91.19,84.91,47.17,106.92,10.69,39.62,0.0,0.0,15.09,35.22,0.0,12.58,5.66,8.18,20.13,50.31,Old Dominion Monarchs
Vasean Allette,280.0,559.0,-1.79,92.02898550724638,93.81625441696113,92.03,96.2,48.01,105.98,8.7,30.98,0.0,0.0,15.22,31.88,0.0,10.51,4.89,9.24,19.75,47.1,Old Dominion Monarchs
Dani Pounds,405.0,842.5,-3.61,87.89346246973365,91.50174621653086,87.89,95.16,46.73,101.82,8.72,27.85,0.0,0.0,14.89,31.36,0.0,10.17,4.48,13.08,21.55,46.25,Old Dominion Monarchs
Chaunce Jenkins,765.0,1558.0,-4.03,88.03139306736429,92.06049149338375,88.03,95.55,47.22,101.57,8.5,28.58,0.0,0.0,13.8,32.57,0.0,9.61,5.36,12.23,21.98,46.37,Old Dominion Monarchs
R.J. Blakney,805.0,1645.5,-4.55,87.80940594059405,92.35820895522389,87.81,95.73,47.09,101.42,8.6,28.34,0.0,0.0,14.11,32.24,0.0,9.84,5.2,12.69,21.78,46.35,Old Dominion Monarchs
Tyrone Williams,805.0,1645.5,-4.55,87.80940594059405,92.35820895522389,87.81,95.73,47.09,101.42,8.6,28.34,0.0,0.0,14.11,32.24,0.0,9.84,5.2,12.69,21.78,46.35,Old Dominion Monarchs
Imo Essien,525.0,1086.5,-5.99,85.6203007518797,91.61406672678089,85.62,95.49,46.62,99.06,8.55,26.97,0.0,0.0,13.53,32.42,0.0,9.49,5.36,14.47,22.84,45.95,Old Dominion Monarchs
Leeroy Odiahi,320.0,644.0,-8.44,86.84627575277337,95.28158295281582,86.85,99.21,47.54,99.52,7.92,26.15,0.0,0.0,12.84,32.65,0.0,8.72,6.02,13.31,22.5,45.49,Old Dominion Monarchs
Devin Ceaser,40.0,87.5,-13.82,83.9080459770115,97.72727272727273,83.91,98.85,44.83,98.85,10.34,24.14,0.0,0.0,19.54,26.44,0.0,13.79,2.3,20.69,18.39,45.98,Old Dominion Monarchs
Moussa Cisse,680.0,1299.5,-4.16,96.68721109399075,100.8455034588778,96.69,101.08,53.39,103.62,9.71,28.04,0.0,0.0,17.87,27.97,0.0,9.4,7.09,14.25,22.57,45.84,Ole Miss Rebels
Allen Flanigan,640.0,1224.0,-5.42,94.65899753492194,100.08123476848093,94.66,101.23,51.52,102.55,9.61,28.02,0.0,0.0,16.52,28.18,0.0,9.61,7.48,13.97,22.84,44.7,Ole Miss Rebels
Jaemyn Brakefield,760.0,1463.5,-5.82,95.2054794520548,101.02249488752557,95.21,101.51,52.4,102.53,9.66,28.15,0.0,0.0,16.78,27.88,0.0,9.18,7.05,14.25,22.88,44.66,Ole Miss Rebels
Jaylen Murray,760.0,1463.5,-5.82,95.2054794520548,101.02249488752557,95.21,101.51,52.4,102.53,9.66,28.15,0.0,0.0,16.78,27.88,0.0,9.18,7.05,14.25,22.88,44.66,Ole Miss Rebels
Matthew Murrell,760.0,1463.5,-5.82,95.2054794520548,101.02249488752557,95.21,101.51,52.4,102.53,9.66,28.15,0.0,0.0,16.78,27.88,0.0,9.18,7.05,14.25,22.88,44.66,Ole Miss Rebels
Brandon Murray,120.0,239.5,-7.99,97.94238683127571,105.93220338983052,97.94,102.88,56.79,102.47,9.88,28.81,0.0,0.0,18.11,26.34,0.0,7.0,4.94,15.64,23.05,44.45,Ole Miss Rebels
Jamarion Sharp,80.0,164.0,-19.08,83.33333333333334,102.40963855421687,83.33,104.94,44.44,93.83,9.26,29.01,0.0,0.0,8.02,27.16,0.0,7.41,6.79,14.2,25.31,35.18,Ole Miss Rebels
Tony Osburn,444.5,845.0,1.34,99.41724941724942,98.07692307692307,99.42,95.1,56.06,100.82,8.28,24.01,0.0,0.0,12.82,33.8,0.0,6.64,3.26,12.0,22.03,46.62,Omaha Mavericks
Frankie Fidler,689.5,1315.0,-2.41,97.3604826546003,99.76993865030674,97.36,98.11,55.35,102.49,7.92,24.36,0.0,0.0,13.73,32.73,0.0,7.09,3.02,11.24,21.95,46.46,Omaha Mavericks
JJ White,689.5,1315.0,-2.41,97.3604826546003,99.76993865030674,97.36,98.11,55.35,102.49,7.92,24.36,0.0,0.0,13.73,32.73,0.0,7.09,3.02,11.24,21.95,46.46,Omaha Mavericks
Marquel Sutton,689.5,1315.0,-2.41,97.3604826546003,99.76993865030674,97.36,98.11,55.35,102.49,7.92,24.36,0.0,0.0,13.73,32.73,0.0,7.09,3.02,11.24,21.95,46.46,Omaha Mavericks
Nick Davis,689.5,1315.0,-2.41,97.3604826546003,99.76993865030674,97.36,98.11,55.35,102.49,7.92,24.36,0.0,0.0,13.73,32.73,0.0,7.09,3.02,11.24,21.95,46.46,Omaha Mavericks
Jaeden Marshall,205.0,387.0,-8.27,92.50645994832041,100.7751937984496,92.51,100.78,52.71,103.88,7.75,26.1,0.0,0.0,14.21,31.78,0.0,8.27,2.33,10.34,21.19,45.99,Omaha Mavericks
Biko Johnson,40.0,83.0,-13.0,98.76543209876543,111.76470588235294,98.77,117.28,60.49,113.58,4.94,19.75,0.0,0.0,20.99,25.93,0.0,6.17,3.7,7.41,24.69,46.92,Omaha Mavericks
Trey Phipps,165.0,328.0,-3.88,93.35347432024169,97.23076923076923,93.35,95.47,51.36,100.0,7.85,21.15,0.0,0.0,11.78,35.35,0.0,5.14,5.74,11.78,23.87,47.13,Oral Roberts Golden Eagles
Issac McBride,684.7,1297.0,-4.46,95.0039032006245,99.46686976389947,95.0,101.95,49.57,99.69,11.4,33.02,0.0,0.0,12.8,33.88,0.0,6.48,3.67,13.11,25.45,46.68,Oral Roberts Golden Eagles
Jailen Bedford,684.7,1297.0,-4.46,95.0039032006245,99.46686976389947,95.0,101.95,49.57,99.69,11.4,33.02,0.0,0.0,12.8,33.88,0.0,6.48,3.67,13.11,25.45,46.68,Oral Roberts Golden Eagles
Kareem Thompson,684.7,1297.0,-4.46,95.0039032006245,99.46686976389947,95.0,101.95,49.57,99.69,11.4,33.02,0.0,0.0,12.8,33.88,0.0,6.48,3.67,13.11,25.45,46.68,Oral Roberts Golden Eagles
Sir Issac Herron,684.7,1297.0,-4.46,95.0039032006245,99.46686976389947,95.0,101.95,49.57,99.69,11.4,33.02,0.0,0.0,12.8,33.88,0.0,6.48,3.67,13.11,25.45,46.68,Oral Roberts Golden Eagles
DeShang Weaver,519.7,969.0,-4.62,95.57894736842105,100.20242914979758,95.58,104.21,48.95,99.58,12.63,37.16,0.0,0.0,13.16,33.37,0.0,6.95,2.95,13.58,26.0,46.53,Oral Roberts Golden Eagles
Mahamadou Diawara,200.0,372.0,7.8,105.39083557951483,97.58713136729223,105.39,98.11,55.53,101.89,12.94,31.0,0.0,0.0,14.82,32.08,0.0,9.97,4.85,12.94,21.83,46.9,Oregon Ducks
Brennan Rigsby,280.0,528.5,4.38,103.26295585412669,98.88059701492537,103.26,101.73,53.36,101.15,13.05,30.9,0.0,0.0,14.4,31.48,0.0,10.17,4.8,13.24,23.03,45.88,Oregon Ducks
Nate Bittle,80.0,157.0,2.65,98.75,96.1038961038961,98.75,92.5,55.0,95.62,10.0,25.62,0.0,0.0,10.0,33.75,0.0,6.25,6.25,14.37,18.12,43.75,Oregon Ducks
Kwame Evans Jr.,680.0,1259.5,1.96,98.08764940239044,96.12341772151899,98.09,96.81,52.75,102.07,9.0,28.61,0.0,0.0,15.22,31.87,0.0,9.88,4.46,13.15,22.07,47.09,Oregon Ducks
Jackson Shelstad,920.0,1729.0,1.45,97.74696707105718,96.29415170816445,97.75,96.07,52.74,101.85,9.65,29.0,0.0,0.0,14.9,31.43,0.0,9.24,4.79,13.06,21.43,46.33,Oregon Ducks
Jermaine Couisnard,920.0,1729.0,1.45,97.74696707105718,96.29415170816445,97.75,96.07,52.74,101.85,9.65,29.0,0.0,0.0,14.9,31.43,0.0,9.24,4.79,13.06,21.43,46.33,Oregon Ducks
Jadrian Tracey,680.0,1278.5,0.59,95.87227414330218,95.28672427337,95.87,94.47,52.26,102.18,8.64,28.43,0.0,0.0,15.03,31.46,0.0,8.88,4.91,12.85,21.03,46.49,Oregon Ducks
N'Faly Dante,720.0,1357.0,-0.28,95.66176470588236,95.93796159527326,95.66,95.51,51.99,101.84,8.75,28.46,0.0,0.0,14.93,31.25,0.0,9.04,4.78,13.09,21.32,46.18,Oregon Ducks
Kario Oquendo,120.0,234.5,-3.53,93.38842975206612,96.91629955947137,93.39,90.91,52.48,104.55,10.74,32.23,0.0,0.0,16.94,27.27,0.0,7.85,4.96,12.4,19.01,44.21,Oregon Ducks
Chol Marial,280.0,506.0,-3.56,98.01192842942345,101.57170923379175,98.01,102.78,53.28,99.6,9.15,27.04,0.0,0.0,13.92,31.81,0.0,7.36,5.37,14.31,23.86,45.73,Oregon State Beavers
Michael Rataj,765.0,1402.0,-5.65,93.78612716763006,99.43661971830986,93.79,102.02,51.3,98.77,9.32,26.01,0.0,0.0,14.81,31.07,0.0,8.09,4.7,16.04,24.86,45.88,Oregon State Beavers
Dexter Akanno,680.0,1250.5,-6.54,93.30104923325263,99.84152139461173,93.3,101.69,51.65,98.31,8.56,24.94,0.0,0.0,14.85,31.64,0.0,7.67,4.6,16.55,24.29,46.49,Oregon State Beavers
KC Ibekwe,525.0,964.0,-7.22,90.84210526315789,98.05725971370143,90.84,100.95,50.0,98.21,9.05,24.84,0.0,0.0,15.37,30.84,0.0,8.42,4.53,17.16,25.16,46.21,Oregon State Beavers
Jordan Pope,845.0,1549.5,-7.33,92.41334205362982,99.7452229299363,92.41,102.42,50.82,98.89,8.83,25.44,0.0,0.0,14.91,31.13,0.0,7.98,4.71,16.02,24.92,46.04,Oregon State Beavers
Tyler Bilodeau,845.0,1549.5,-7.33,92.41334205362982,99.7452229299363,92.41,102.42,50.82,98.89,8.83,25.44,0.0,0.0,14.91,31.13,0.0,7.98,4.71,16.02,24.92,46.04,Oregon State Beavers
Christian Wright,165.0,299.0,-10.73,88.62068965517241,99.35064935064936,88.62,105.52,47.24,101.38,10.0,27.59,0.0,0.0,15.17,28.97,0.0,9.31,5.17,13.79,27.59,44.14,Oregon State Beavers
Justin Rochelin,80.0,147.5,-23.36,79.3103448275862,102.66666666666666,79.31,106.21,46.21,100.0,4.14,20.0,0.0,0.0,15.86,31.72,0.0,6.9,4.83,15.86,25.52,47.58,Oregon State Beavers
Thomas Ndong,40.0,79.5,-33.43,75.0,108.43373493975903,75.0,118.42,44.74,102.63,3.95,22.37,0.0,0.0,15.79,30.26,0.0,6.58,2.63,13.16,28.95,46.05,Oregon State Beavers
Nick Blake,205.0,396.0,-14.89,91.95979899497488,106.85279187817258,91.96,105.78,50.75,99.25,9.3,26.63,0.0,0.0,11.56,25.88,0.0,6.78,2.01,12.31,21.61,37.44,Pacific Tigers
Burke Smith,40.0,73.5,-21.99,105.40540540540539,127.3972602739726,105.41,125.68,50.0,95.95,14.86,33.78,0.0,0.0,12.16,27.03,0.0,4.05,4.05,16.22,16.22,39.19,Pacific Tigers
Moe Odum,645.0,1226.5,-22.92,86.11111111111111,109.03173311635477,86.11,109.48,48.94,100.08,7.76,23.61,0.0,0.0,12.66,27.21,0.0,6.54,3.19,12.58,23.04,39.87,Pacific Tigers
Donovan Williams,605.0,1163.5,-24.36,84.86159169550173,109.22288642186166,84.86,110.64,48.44,100.78,7.61,24.39,0.0,0.0,13.41,27.16,0.0,6.06,3.29,12.63,23.18,40.57,Pacific Tigers
Lesown Hallums Jr.,405.0,772.0,-25.0,88.0,113.0039011703511,88.0,112.13,49.68,100.77,8.0,23.48,0.0,0.0,12.65,25.42,0.0,6.32,2.58,11.87,22.19,38.07,Pacific Tigers
Cam Denson,645.0,1234.0,-25.65,83.0480847595762,108.7026591458501,83.05,109.94,47.76,100.0,7.25,23.39,0.0,0.0,12.88,26.98,0.0,6.68,3.1,12.88,23.23,39.86,Pacific Tigers
Judson Martindale,520.0,990.5,-28.43,81.79043743641913,110.22044088176352,81.79,111.9,47.0,99.49,7.12,22.58,0.0,0.0,13.12,27.16,0.0,6.82,3.46,13.63,23.4,40.28,Pacific Tigers
Makai Richards,320.0,600.5,-30.21,77.49576988155668,107.70491803278688,77.5,111.17,43.99,97.29,7.28,24.37,0.0,0.0,12.35,29.1,0.0,7.11,3.89,15.06,22.84,41.45,Pacific Tigers
Tan Yildizoglu,40.0,81.0,-64.16,55.84415584415584,120.0,55.84,132.47,31.17,94.81,6.49,29.87,0.0,0.0,15.58,23.38,0.0,6.49,2.6,20.78,19.48,38.96,Pacific Tigers
D'Marco Dunn,440.0,873.0,6.13,94.67592592592592,88.54875283446711,94.68,90.39,53.12,98.26,9.95,26.16,0.0,0.0,12.73,30.21,0.0,9.84,4.98,14.47,22.69,42.94,Penn State Nittany Lions
Nick Kern Jr.,640.0,1266.5,3.95,93.91025641025641,89.96108949416343,93.91,92.63,51.84,98.8,10.26,27.16,0.0,0.0,12.66,29.89,0.0,9.29,5.05,13.86,24.2,42.55,Penn State Nittany Lions
Ace Baldwin Jr.,885.0,1765.0,0.12,92.55441008018327,92.43273542600897,92.55,94.44,51.55,99.2,9.62,27.78,0.0,0.0,12.83,28.47,0.0,9.91,4.58,13.63,24.23,41.3,Penn State Nittany Lions
Qudus Wahab,885.0,1765.0,0.12,92.55441008018327,92.43273542600897,92.55,94.44,51.55,99.2,9.62,27.78,0.0,0.0,12.83,28.47,0.0,9.91,4.58,13.63,24.23,41.3,Penn State Nittany Lions
Zach Hicks,885.0,1765.0,0.12,92.55441008018327,92.43273542600897,92.55,94.44,51.55,99.2,9.62,27.78,0.0,0.0,12.83,28.47,0.0,9.91,4.58,13.63,24.23,41.3,Penn State Nittany Lions
Kanye Clary,365.0,737.0,-6.49,91.76954732510289,98.25503355704697,91.77,100.41,50.89,100.69,8.78,28.67,0.0,0.0,12.48,25.79,0.0,10.56,3.7,11.8,25.24,38.27,Penn State Nittany Lions
Puff Johnson,325.0,653.5,-7.87,88.0184331797235,95.88414634146342,88.02,96.62,49.62,99.54,8.91,30.11,0.0,0.0,13.67,26.42,0.0,10.45,4.15,14.13,25.19,40.09,Penn State Nittany Lions
Augustus Gerhart,40.0,71.0,38.25,111.11111111111111,72.85714285714285,111.11,70.83,52.78,100.0,19.44,34.72,0.0,0.0,12.5,44.44,0.0,11.11,2.78,12.5,16.67,56.94,Pennsylvania Quakers
Chris Ubochi,40.0,71.0,38.25,111.11111111111111,72.85714285714285,111.11,70.83,52.78,100.0,19.44,34.72,0.0,0.0,12.5,44.44,0.0,11.11,2.78,12.5,16.67,56.94,Pennsylvania Quakers
Johnnie Walter,40.0,71.0,38.25,111.11111111111111,72.85714285714285,111.11,70.83,52.78,100.0,19.44,34.72,0.0,0.0,12.5,44.44,0.0,11.11,2.78,12.5,16.67,56.94,Pennsylvania Quakers
Niklas Polonowski,40.0,71.0,38.25,111.11111111111111,72.85714285714285,111.11,70.83,52.78,100.0,19.44,34.72,0.0,0.0,12.5,44.44,0.0,11.11,2.78,12.5,16.67,56.94,Pennsylvania Quakers
Cam Thrower,120.0,226.0,12.84,110.32863849765258,97.48953974895397,110.33,109.39,51.64,102.35,16.9,39.91,0.0,0.0,17.37,34.27,0.0,8.45,2.82,15.02,24.41,51.64,Pennsylvania Quakers
Clark Slajchert,280.0,521.0,-4.06,101.18110236220473,105.24344569288388,101.18,110.63,51.57,100.39,12.2,35.04,0.0,0.0,12.6,33.46,0.0,7.09,1.77,12.2,22.44,46.06,Pennsylvania Quakers
Nick Spinoso,518.3,947.5,-6.13,96.59574468085106,102.72251308900525,96.6,104.36,50.21,101.06,11.81,35.43,0.0,0.0,14.15,34.47,0.0,7.45,2.02,13.09,21.28,48.62,Pennsylvania Quakers
George Smith,318.3,577.0,-6.28,96.07843137254902,102.36087689713322,96.08,108.2,47.95,99.47,13.55,39.57,0.0,0.0,13.73,36.01,0.0,7.66,1.96,14.26,20.86,49.74,Pennsylvania Quakers
Eddie Holland III,40.0,77.0,-9.09,83.11688311688312,92.20779220779221,83.12,92.21,45.45,90.91,7.79,25.97,0.0,0.0,9.09,33.77,0.0,7.79,0.0,18.18,27.27,42.86,Pennsylvania Quakers
Reese McMullen,80.0,145.0,-10.33,94.66666666666667,105.0,94.67,98.0,54.67,112.67,7.33,30.67,0.0,0.0,23.33,29.33,0.0,6.67,3.33,10.67,23.33,52.66,Pennsylvania Quakers
Tyler Perkins,438.3,802.0,-11.97,94.63171036204744,106.60024906600249,94.63,106.87,50.06,100.37,10.74,34.96,0.0,0.0,13.73,33.58,0.0,7.12,1.75,13.36,20.97,47.31,Pennsylvania Quakers
Sam Brown,318.3,573.0,-14.98,88.69565217391305,103.67775831873904,88.7,102.96,48.0,100.7,9.91,35.3,0.0,0.0,14.26,34.61,0.0,7.13,1.74,13.57,21.04,48.87,Pennsylvania Quakers
Andrew Laczkowski,278.3,507.5,-15.57,92.1104536489152,107.67716535433071,92.11,107.89,49.9,103.16,9.86,35.11,0.0,0.0,15.58,32.54,0.0,6.71,2.37,12.43,21.5,48.12,Pennsylvania Quakers
Colin Chambers,40.0,77.5,-36.25,103.75000000000001,140.0,103.75,131.25,60.0,101.25,5.0,25.0,0.0,0.0,6.25,25.0,0.0,3.75,1.25,5.0,18.75,31.25,Pennsylvania Quakers
Nils Cooper,80.0,152.5,30.52,98.08917197452229,67.56756756756756,98.09,63.69,54.78,98.09,7.64,22.29,0.0,0.0,16.56,39.49,0.0,7.01,5.1,18.47,21.02,56.05,Pepperdine Waves
Malik Moore,480.0,919.0,-3.46,96.42857142857143,99.89059080962801,96.43,98.81,53.25,98.92,9.31,25.11,0.0,0.0,12.66,31.17,0.0,6.17,3.03,13.74,20.78,43.83,Pepperdine Waves
Ethan Anderson,720.0,1382.0,-6.12,94.83129935391243,100.94821298322391,94.83,99.35,52.4,100.43,9.19,25.2,0.0,0.0,13.42,30.08,0.0,6.53,3.09,12.99,20.6,43.5,Pepperdine Waves
Jevon Porter,720.0,1382.0,-6.12,94.83129935391243,100.94821298322391,94.83,99.35,52.4,100.43,9.19,25.2,0.0,0.0,13.42,30.08,0.0,6.53,3.09,12.99,20.6,43.5,Pepperdine Waves
Michael Ajayi,720.0,1382.0,-6.12,94.83129935391243,100.94821298322391,94.83,99.35,52.4,100.43,9.19,25.2,0.0,0.0,13.42,30.08,0.0,6.53,3.09,12.99,20.6,43.5,Pepperdine Waves
Houston Mallette,640.0,1229.5,-10.57,94.41747572815534,104.98773507767784,94.42,103.88,52.1,100.73,9.39,25.57,0.0,0.0,13.03,28.88,0.0,6.47,2.83,12.3,20.55,41.91,Pepperdine Waves
Boubacar Coulibaly,240.0,463.0,-11.38,91.68443496801706,103.06345733041576,91.68,100.43,50.75,103.41,8.96,25.37,0.0,0.0,14.93,27.93,0.0,7.25,3.2,11.51,20.26,42.86,Pepperdine Waves
Federiko Federiko,680.0,1241.0,7.96,102.67206477732793,94.70729751403368,102.67,95.63,53.04,104.05,13.52,34.9,0.0,0.0,14.98,33.44,0.0,7.94,5.18,10.93,21.54,48.42,Pittsburgh Panthers
Jaland Lowe,760.0,1377.0,5.8,101.23636363636363,95.43147208121827,101.24,95.71,52.22,103.56,13.45,36.0,0.0,0.0,15.13,32.44,0.0,8.51,5.38,11.56,21.53,47.57,Pittsburgh Panthers
Blake Hinson,880.0,1613.5,3.51,99.00497512437812,95.49104385423101,99.0,96.14,51.18,104.04,12.94,35.57,0.0,0.0,15.8,32.46,0.0,8.27,5.53,11.75,21.77,48.26,Pittsburgh Panthers
Carlton Carrington,880.0,1613.5,3.51,99.00497512437812,95.49104385423101,99.0,96.14,51.18,104.04,12.94,35.57,0.0,0.0,15.8,32.46,0.0,8.27,5.53,11.75,21.77,48.26,Pittsburgh Panthers
Zack Austin,880.0,1613.5,3.51,99.00497512437812,95.49104385423101,99.0,96.14,51.18,104.04,12.94,35.57,0.0,0.0,15.8,32.46,0.0,8.27,5.53,11.75,21.77,48.26,Pittsburgh Panthers
Ishmael Leggett,120.0,236.5,-10.0,85.83690987124464,95.83333333333334,85.84,98.71,45.06,106.87,9.87,33.05,0.0,0.0,19.74,32.62,0.0,6.87,6.44,12.88,23.18,52.36,Pittsburgh Panthers
Guillermo Diaz Graham,200.0,372.5,-11.26,86.8632707774799,98.11827956989248,86.86,97.86,45.04,104.02,10.99,37.8,0.0,0.0,18.5,29.22,0.0,9.38,6.7,14.48,22.52,47.72,Pittsburgh Panthers
Chris Austin,285.0,475.0,-6.78,98.75,105.53191489361701,98.75,103.33,48.96,99.58,15.0,40.21,0.0,0.0,13.54,38.96,0.0,3.96,2.5,13.96,17.71,52.5,Portland Pilots
Bol Dengdit,565.0,1018.5,-15.71,94.98069498069498,110.68931068931069,94.98,106.95,49.32,99.61,13.13,35.23,0.0,0.0,12.84,34.17,0.0,4.25,2.03,13.22,17.86,47.01,Portland Pilots
Tyler Robertson,725.0,1309.5,-18.56,93.81598793363499,112.37432327919568,93.82,109.58,48.34,99.4,12.97,35.75,0.0,0.0,13.05,33.63,0.0,4.15,1.96,13.65,17.72,46.68,Portland Pilots
Vukasin Masic,725.0,1309.5,-18.56,93.81598793363499,112.37432327919568,93.82,109.58,48.34,99.4,12.97,35.75,0.0,0.0,13.05,33.63,0.0,4.15,1.96,13.65,17.72,46.68,Portland Pilots
Juan Sebastian Gorosito,645.0,1169.0,-18.75,93.77104377104376,112.52173913043477,93.77,108.92,48.82,99.58,12.88,35.19,0.0,0.0,12.79,33.33,0.0,4.21,2.02,13.22,17.42,46.12,Portland Pilots
Yuto Yamanouchi-Williams,440.0,819.0,-24.66,93.11594202898551,117.77777777777779,93.12,115.22,48.55,99.15,11.96,34.78,0.0,0.0,13.04,30.43,0.0,4.23,1.57,13.89,17.75,43.47,Portland Pilots
Tyler Harris,240.0,447.0,-25.95,87.21973094170403,113.16964285714286,87.22,113.68,43.72,98.65,12.56,35.43,0.0,0.0,13.68,33.41,0.0,3.81,1.79,15.02,18.16,47.09,Portland Pilots
Hunter Woods,40.0,70.5,19.98,101.40845070422534,81.42857142857143,101.41,80.28,54.93,118.31,9.86,32.39,0.0,0.0,30.99,30.99,0.0,14.08,1.41,12.68,23.94,61.98,Portland State Vikings
Cole Farrell,120.0,202.5,10.84,100.0,89.16256157635468,100.0,89.6,51.98,112.38,10.4,27.72,0.0,0.0,23.76,34.65,0.0,7.43,6.44,11.39,22.77,58.41,Portland State Vikings
Isiah Kirby,525.0,1029.5,2.37,93.07992202729045,90.70667957405615,93.08,91.33,51.56,106.24,9.45,27.58,0.0,0.0,20.47,30.99,0.0,10.14,3.51,14.23,24.76,51.46,Portland State Vikings
Keshaun Saunders,40.0,74.0,0.66,87.5,86.8421052631579,87.5,91.67,48.61,83.33,9.72,19.44,0.0,0.0,6.94,19.44,0.0,6.94,2.78,23.61,33.33,26.38,Portland State Vikings
Isaiah Johnson,280.0,543.5,-1.77,92.02226345083488,93.7956204379562,92.02,95.36,48.79,101.48,10.02,29.31,0.0,0.0,15.03,32.28,0.0,8.91,5.75,13.54,22.26,47.31,Portland State Vikings
Bobby Harvey,765.0,1500.0,-2.89,90.28150134048258,93.16976127320955,90.28,94.17,50.07,103.02,8.78,27.48,0.0,0.0,18.3,31.1,0.0,9.45,3.95,15.28,24.13,49.4,Portland State Vikings
KJ Allen,565.0,1124.5,-3.4,89.17710196779964,92.57294429708223,89.18,93.65,50.09,102.86,8.41,27.19,0.0,0.0,18.78,30.59,0.0,10.38,3.04,15.92,24.69,49.37,Portland State Vikings
Kendall Munson,685.0,1356.5,-4.45,89.46587537091987,93.91941391941391,89.47,95.1,50.0,102.89,8.53,26.93,0.0,0.0,18.1,30.71,0.0,9.12,4.08,15.21,24.48,48.81,Portland State Vikings
Ismail Habib,525.0,1058.0,-6.85,88.43601895734598,95.28746465598492,88.44,95.83,49.86,101.61,8.34,27.39,0.0,0.0,17.73,31.66,0.0,9.1,3.79,16.11,23.7,49.39,Portland State Vikings
Jorell Saterfield,280.0,541.0,-9.92,86.40595903165735,96.3302752293578,86.41,97.77,47.86,98.88,7.64,27.93,0.0,0.0,15.83,31.28,0.0,8.75,4.47,16.95,22.91,47.11,Portland State Vikings
Orlando Horton Jr.,160.0,336.0,1.11,87.76119402985074,86.64688427299704,87.76,87.16,53.43,99.7,5.07,17.31,0.0,0.0,14.93,28.36,0.0,11.94,2.99,15.22,24.18,43.29,Prairie View A&M Panthers
Brian Myles,439.9,867.0,-0.36,89.38156359393233,89.73774230330672,89.38,91.83,51.34,101.28,6.07,19.84,0.0,0.0,16.22,27.65,0.0,12.14,4.08,14.94,23.45,43.87,Prairie View A&M Panthers
Nick Gazelas,199.9,392.0,-2.26,84.83290488431876,87.0886075949367,84.83,88.43,48.59,98.97,5.66,19.54,0.0,0.0,15.68,26.48,0.0,12.08,2.83,16.71,24.16,42.16,Prairie View A&M Panthers
Andre Nunley,40.0,71.5,-2.98,81.08108108108108,84.05797101449275,81.08,78.38,45.95,110.81,4.05,20.27,0.0,0.0,18.92,36.49,0.0,10.81,8.11,8.11,16.22,55.41,Prairie View A&M Panthers
Charles Smith IV,519.9,1034.5,-4.03,87.91423001949317,91.94630872483222,87.91,93.47,50.78,100.58,5.75,19.69,0.0,0.0,15.98,27.1,0.0,11.7,4.19,15.4,23.1,43.08,Prairie View A&M Panthers
Kevin McGaskey,359.9,705.5,-4.13,89.32178932178932,93.45403899721448,89.32,96.83,50.22,100.43,6.2,21.21,0.0,0.0,16.59,26.26,0.0,11.83,4.18,16.16,23.38,42.85,Prairie View A&M Panthers
Charles Lane Jr.,160.0,315.5,-5.43,96.42857142857143,101.85758513931889,96.43,106.82,53.9,103.9,7.14,21.43,0.0,0.0,19.16,25.0,0.0,11.04,6.17,15.26,23.38,44.16,Prairie View A&M Panthers
Javontae Hopkins,479.9,956.0,-5.77,87.47368421052632,93.24324324324324,87.47,94.42,50.63,100.21,5.79,19.37,0.0,0.0,15.68,26.53,0.0,11.58,4.32,15.47,23.05,42.21,Prairie View A&M Panthers
Chris Felix Jr.,80.0,151.0,-6.19,79.33333333333333,85.52631578947368,79.33,86.67,44.0,102.0,5.33,25.33,0.0,0.0,14.0,34.0,0.0,12.0,5.33,12.0,21.33,48.0,Prairie View A&M Panthers
McKinley Harris,120.0,257.5,-11.89,81.36882129277566,93.25396825396825,81.37,89.35,52.09,97.34,3.04,13.31,0.0,0.0,13.69,25.86,0.0,10.65,3.42,16.35,21.29,39.55,Prairie View A&M Panthers
Justin Nimmer,40.0,86.0,-15.13,91.76470588235294,106.89655172413792,91.76,109.41,51.76,96.47,7.06,22.35,0.0,0.0,14.12,23.53,0.0,10.59,4.71,17.65,22.35,37.65,Prairie View A&M Panthers
Jamahri Harvey,120.0,227.5,0.79,98.20627802690582,97.41379310344827,98.21,101.35,52.91,103.14,9.42,29.6,0.0,0.0,14.35,26.91,0.0,8.97,4.93,11.21,24.66,41.26,Presbyterian Blue Hose
Kobe Stewart,479.8,927.0,0.53,94.16846652267819,93.64224137931035,94.17,93.84,52.81,100.97,7.67,23.22,0.0,0.0,15.98,28.94,0.0,9.61,4.54,15.01,26.13,44.92,Presbyterian Blue Hose
Trevon Reddish-Rhone,639.8,1240.0,-0.69,93.12297734627832,93.81028938906752,93.12,94.42,52.35,100.08,7.69,23.79,0.0,0.0,14.89,28.8,0.0,9.22,4.45,14.81,25.49,43.69,Presbyterian Blue Hose
Marquis Barnett,599.8,1161.0,-0.85,93.50086655112652,94.34931506849315,93.5,95.49,52.25,100.17,8.06,24.35,0.0,0.0,14.9,28.16,0.0,9.19,4.68,14.73,26.0,43.06,Presbyterian Blue Hose
Kaleb Scott,679.8,1306.5,-1.86,92.71472392638037,94.57601222307105,92.71,94.94,52.07,100.38,7.82,24.0,0.0,0.0,14.95,28.68,0.0,8.9,4.22,14.57,25.0,43.63,Presbyterian Blue Hose
Samage Teel,360.0,679.5,-2.53,89.91228070175438,92.44444444444444,89.91,91.23,50.58,99.12,7.16,24.27,0.0,0.0,13.74,30.85,0.0,9.21,3.07,14.62,21.2,44.59,Presbyterian Blue Hose
Kory Mincy,359.8,693.5,-3.23,94.76744186046511,97.99713876967095,94.77,99.56,53.05,102.18,8.72,24.13,0.0,0.0,16.28,26.31,0.0,7.99,4.94,14.1,27.91,42.59,Presbyterian Blue Hose
Crosby James,120.0,231.0,-12.28,80.16877637130801,92.44444444444444,80.17,87.76,48.95,94.94,5.06,18.99,0.0,0.0,11.39,32.49,0.0,6.33,1.27,16.46,18.57,43.88,Presbyterian Blue Hose
Jonah Pierce,40.0,66.5,-23.94,85.29411764705883,109.23076923076923,85.29,104.41,47.06,105.88,10.29,27.94,0.0,0.0,16.18,26.47,0.0,2.94,0.0,10.29,16.18,42.65,Presbyterian Blue Hose
Blake Peters,560.0,1038.5,7.3,101.32575757575756,94.0254652301665,101.33,90.91,54.45,100.47,13.45,38.45,0.0,0.0,9.28,33.52,0.0,6.82,1.7,8.81,18.47,42.8,Princeton Tigers
Caden Pierce,560.0,1038.5,7.3,101.32575757575756,94.0254652301665,101.33,90.91,54.45,100.47,13.45,38.45,0.0,0.0,9.28,33.52,0.0,6.82,1.7,8.81,18.47,42.8,Princeton Tigers
Matt Allocco,560.0,1038.5,7.3,101.32575757575756,94.0254652301665,101.33,90.91,54.45,100.47,13.45,38.45,0.0,0.0,9.28,33.52,0.0,6.82,1.7,8.81,18.47,42.8,Princeton Tigers
Xaivian Lee,560.0,1038.5,7.3,101.32575757575756,94.0254652301665,101.33,90.91,54.45,100.47,13.45,38.45,0.0,0.0,9.28,33.52,0.0,6.82,1.7,8.81,18.47,42.8,Princeton Tigers
Zach Martini,560.0,1038.5,7.3,101.32575757575756,94.0254652301665,101.33,90.91,54.45,100.47,13.45,38.45,0.0,0.0,9.28,33.52,0.0,6.82,1.7,8.81,18.47,42.8,Princeton Tigers
Bryce Hopkins,125.0,248.5,6.68,83.2,76.51821862348179,83.2,75.6,46.0,94.4,10.8,32.8,0.0,0.0,8.4,40.0,0.0,6.0,4.4,14.0,19.6,48.4,Providence Friars
Devin Carter,890.0,1695.5,1.27,92.46615656268393,91.19385342789597,92.47,90.82,50.15,99.29,11.01,34.08,0.0,0.0,13.36,34.26,0.0,8.42,4.77,14.07,21.42,47.62,Providence Friars
Corey Floyd Jr.,360.0,675.0,0.96,92.62536873156341,91.66666666666666,92.63,90.86,50.44,99.12,9.73,32.01,0.0,0.0,15.19,33.63,0.0,9.29,5.16,16.08,22.57,48.82,Providence Friars
Ticket Gaines,850.0,1619.5,0.44,91.7589175891759,91.32052076875388,91.76,90.59,49.94,98.89,10.7,33.52,0.0,0.0,13.1,34.07,0.0,8.43,4.8,14.21,21.09,47.17,Providence Friars
Jayden Pierre,890.0,1695.0,-0.02,92.17186580341378,92.193968066233,92.17,91.76,50.03,98.94,11.12,34.08,0.0,0.0,13.42,34.02,0.0,8.24,5.0,14.48,21.54,47.44,Providence Friars
Josh Oduro,890.0,1695.0,-0.02,92.17186580341378,92.193968066233,92.17,91.76,50.03,98.94,11.12,34.08,0.0,0.0,13.42,34.02,0.0,8.24,5.0,14.48,21.54,47.44,Providence Friars
Rich Barron,405.0,772.5,-0.04,95.83875162548765,95.87628865979381,95.84,96.75,51.11,100.91,12.74,35.89,0.0,0.0,13.91,32.38,0.0,8.71,4.81,13.0,21.33,46.29,Providence Friars
Rafael Castro,120.0,228.5,-4.84,96.88888888888889,101.72413793103448,96.89,104.89,48.89,101.78,15.56,38.22,0.0,0.0,15.56,29.33,0.0,10.22,4.0,13.78,21.78,44.89,Providence Friars
Garwey Dual,80.0,152.0,-17.71,88.96103896103897,106.66666666666667,88.96,103.9,46.75,99.35,11.69,36.36,0.0,0.0,11.04,27.92,0.0,9.74,2.6,11.69,16.88,38.96,Providence Friars
Donovan Santoro,40.0,76.0,-31.58,88.1578947368421,119.73684210526316,88.16,119.74,44.74,94.74,15.79,34.21,0.0,0.0,14.47,22.37,0.0,9.21,6.58,19.74,19.74,36.84,Providence Friars
Braden Smith,895.0,1697.0,6.52,102.5287356321839,96.00967351874245,102.53,91.26,58.05,104.48,10.34,25.11,0.0,0.0,18.85,35.23,0.0,6.03,4.2,14.37,19.25,54.08,Purdue Boilermakers
Fletcher Loyer,895.0,1697.0,6.52,102.5287356321839,96.00967351874245,102.53,91.26,58.05,104.48,10.34,25.11,0.0,0.0,18.85,35.23,0.0,6.03,4.2,14.37,19.25,54.08,Purdue Boilermakers
Lance Jones,895.0,1697.0,6.52,102.5287356321839,96.00967351874245,102.53,91.26,58.05,104.48,10.34,25.11,0.0,0.0,18.85,35.23,0.0,6.03,4.2,14.37,19.25,54.08,Purdue Boilermakers
Trey Kaufman-Renn,895.0,1697.0,6.52,102.5287356321839,96.00967351874245,102.53,91.26,58.05,104.48,10.34,25.11,0.0,0.0,18.85,35.23,0.0,6.03,4.2,14.37,19.25,54.08,Purdue Boilermakers
Zach Edey,895.0,1697.0,6.52,102.5287356321839,96.00967351874245,102.53,91.26,58.05,104.48,10.34,25.11,0.0,0.0,18.85,35.23,0.0,6.03,4.2,14.37,19.25,54.08,Purdue Boilermakers
Eric Mulder,809.0,1606.5,6.47,99.62640099626401,93.15494710640945,99.63,93.21,51.81,98.94,12.27,32.94,0.0,0.0,12.58,28.83,0.0,10.9,4.11,13.64,21.86,41.41,Purdue Fort Wayne Mastodons
Anthony Roberts,849.0,1683.0,5.59,99.04988123515439,93.46016646848989,99.05,93.35,51.66,98.69,12.17,32.78,0.0,0.0,12.29,28.8,0.0,10.87,4.04,13.6,21.56,41.09,Purdue Fort Wayne Mastodons
Jalen Jackson,849.0,1683.0,5.59,99.04988123515439,93.46016646848989,99.05,93.35,51.66,98.69,12.17,32.78,0.0,0.0,12.29,28.8,0.0,10.87,4.04,13.6,21.56,41.09,Purdue Fort Wayne Mastodons
Quinton Morton-Robertson,849.0,1683.0,5.59,99.04988123515439,93.46016646848989,99.05,93.35,51.66,98.69,12.17,32.78,0.0,0.0,12.29,28.8,0.0,10.87,4.04,13.6,21.56,41.09,Purdue Fort Wayne Mastodons
Rasheed Bello,849.0,1683.0,5.59,99.04988123515439,93.46016646848989,99.05,93.35,51.66,98.69,12.17,32.78,0.0,0.0,12.29,28.8,0.0,10.87,4.04,13.6,21.56,41.09,Purdue Fort Wayne Mastodons
Johnathan DeJurnett,40.0,76.5,-12.82,87.17948717948718,100.0,87.18,96.15,48.72,93.59,10.26,29.49,0.0,0.0,6.41,28.21,0.0,10.26,2.56,12.82,15.38,34.62,Purdue Fort Wayne Mastodons
Jaxon Pollard,480.0,1001.0,0.23,94.32270916334662,94.0881763527054,94.32,93.53,50.8,101.0,10.36,29.68,0.0,0.0,14.64,32.07,0.0,9.56,3.09,13.65,21.41,46.71,Queens University Royals
Deyton Albury,560.0,1158.5,-0.06,96.90721649484536,96.96444058976583,96.91,96.05,52.92,101.72,9.79,29.04,0.0,0.0,14.26,31.87,0.0,8.59,3.52,12.54,21.74,46.13,Queens University Royals
Jacobi Sebock,200.0,404.0,-1.11,102.91970802919708,104.03022670025189,102.92,100.49,58.88,103.89,8.52,25.3,0.0,0.0,13.63,30.41,0.0,6.08,3.65,9.73,21.9,44.04,Queens University Royals
AJ McKee,720.0,1482.0,-1.18,96.84986595174263,98.02989130434783,96.85,96.72,53.02,101.34,9.85,28.62,0.0,0.0,14.08,31.57,0.0,8.51,3.22,12.73,21.31,45.65,Queens University Royals
BJ McLaurin,720.0,1482.0,-1.18,96.84986595174263,98.02989130434783,96.85,96.72,53.02,101.34,9.85,28.62,0.0,0.0,14.08,31.57,0.0,8.51,3.22,12.73,21.31,45.65,Queens University Royals
Bryce Cash,720.0,1482.0,-1.18,96.84986595174263,98.02989130434783,96.85,96.72,53.02,101.34,9.85,28.62,0.0,0.0,14.08,31.57,0.0,8.51,3.22,12.73,21.31,45.65,Queens University Royals
Kalib Mathews,160.0,323.5,-5.23,96.64634146341463,101.88087774294672,96.65,99.09,53.35,100.0,10.06,27.13,0.0,0.0,13.41,30.49,0.0,8.23,2.13,13.41,19.82,43.9,Queens University Royals
Chris Ashby,40.0,77.0,-20.78,97.40259740259741,118.18181818181819,97.4,118.18,50.65,92.21,10.39,32.47,0.0,0.0,9.09,31.17,0.0,7.79,2.6,16.88,16.88,40.26,Queens University Royals
Arion Lewis,40.0,71.5,13.34,95.94594594594594,82.6086956521739,95.95,77.03,50.0,95.95,8.11,28.38,0.0,0.0,12.16,32.43,0.0,18.92,5.41,16.22,16.22,44.59,Quinnipiac Bobcats
JJ Riggins,40.0,71.5,13.34,95.94594594594594,82.6086956521739,95.95,77.03,50.0,95.95,8.11,28.38,0.0,0.0,12.16,32.43,0.0,18.92,5.41,16.22,16.22,44.59,Quinnipiac Bobcats
Alexis Reyes,804.7,1585.5,9.05,98.0392156862745,88.9937106918239,98.04,89.5,53.26,100.95,9.42,26.19,0.0,0.0,16.19,33.33,0.0,9.74,4.17,15.24,21.63,49.52,Quinnipiac Bobcats
Matt Balanc,884.7,1743.5,7.13,97.0217640320733,89.89086731763355,97.02,89.63,53.04,100.63,9.05,26.06,0.0,0.0,15.86,33.05,0.0,10.08,4.18,15.23,21.25,48.91,Quinnipiac Bobcats
Paul Otieno,884.7,1743.5,7.13,97.0217640320733,89.89086731763355,97.02,89.63,53.04,100.63,9.05,26.06,0.0,0.0,15.86,33.05,0.0,10.08,4.18,15.23,21.25,48.91,Quinnipiac Bobcats
Savion Lewis,884.7,1743.5,7.13,97.0217640320733,89.89086731763355,97.02,89.63,53.04,100.63,9.05,26.06,0.0,0.0,15.86,33.05,0.0,10.08,4.18,15.23,21.25,48.91,Quinnipiac Bobcats
Amarri Tice,844.7,1672.0,6.88,97.06937799043062,90.19138755980862,97.07,90.19,53.17,100.84,9.09,25.96,0.0,0.0,16.03,33.07,0.0,9.69,4.13,15.19,21.47,49.1,Quinnipiac Bobcats
Rihards Vavers,40.0,86.5,-33.19,80.21978021978022,113.41463414634146,80.22,102.2,51.65,98.9,3.3,21.98,0.0,0.0,13.19,28.57,0.0,8.79,3.3,14.29,18.68,41.76,Quinnipiac Bobcats
David Vidor,40.0,66.5,23.94,109.23076923076923,85.29411764705883,109.23,89.23,56.92,101.54,13.85,38.46,0.0,0.0,16.92,41.54,0.0,9.23,7.69,15.38,23.08,58.46,Radford Highlanders
Trenton Walters,40.0,66.5,23.94,109.23076923076923,85.29411764705883,109.23,89.23,56.92,101.54,13.85,38.46,0.0,0.0,16.92,41.54,0.0,9.23,7.69,15.38,23.08,58.46,Radford Highlanders
Josiah Harris,360.0,664.0,-1.06,98.93778452200304,100.0,98.94,101.52,55.54,103.19,8.04,23.52,0.0,0.0,15.93,34.75,0.0,5.92,4.55,12.75,24.43,50.68,Radford Highlanders
D'Auntray Pierce,159.9,273.0,-2.25,96.66666666666667,98.91304347826086,96.67,101.11,50.0,98.89,12.22,31.11,0.0,0.0,16.67,33.33,0.0,8.52,5.93,17.78,20.0,50.0,Radford Highlanders
Justin Archer,734.9,1317.5,-3.29,96.4804896710023,99.77409638554217,96.48,101.38,52.64,101.68,8.95,25.63,0.0,0.0,15.68,31.83,0.0,6.89,4.21,14.0,23.87,47.51,Radford Highlanders
Bryan Antoine,654.9,1183.0,-4.17,96.16695059625214,100.33557046979867,96.17,101.87,52.56,101.7,8.69,25.3,0.0,0.0,15.42,31.26,0.0,6.73,4.09,13.71,24.28,46.68,Radford Highlanders
DaQuan Smith,654.9,1174.0,-4.45,96.14065180102916,100.5922165820643,96.14,101.97,52.57,101.89,8.66,24.79,0.0,0.0,15.78,31.05,0.0,6.69,4.03,13.89,23.93,46.83,Radford Highlanders
Kenyon Giles,654.9,1174.0,-4.45,96.14065180102916,100.5922165820643,96.14,101.97,52.57,101.89,8.66,24.79,0.0,0.0,15.78,31.05,0.0,6.69,4.03,13.89,23.93,46.83,Radford Highlanders
Chandler Turner,334.9,592.0,-5.3,93.52640545144804,98.82747068676717,93.53,100.51,50.43,100.85,9.03,26.41,0.0,0.0,15.16,29.47,0.0,7.67,3.24,14.31,24.19,44.63,Radford Highlanders
Truth Harris,40.0,77.0,-9.21,90.78947368421053,100.0,90.79,102.63,50.0,98.68,9.21,27.63,0.0,0.0,13.16,35.53,0.0,7.89,3.95,14.47,23.68,48.69,Radford Highlanders
David Fuchs,600.0,1203.5,-8.54,90.19607843137256,98.73203719357565,90.2,95.42,51.06,98.04,8.33,23.04,0.0,0.0,12.66,33.01,0.0,5.23,3.1,14.62,23.04,45.67,Rhode Island Rams
Brandon Weston,400.0,779.5,-11.33,89.19597989949749,100.52424639580605,89.2,96.36,50.0,97.86,8.04,25.0,0.0,0.0,13.19,31.66,0.0,6.16,4.02,15.33,20.98,44.85,Rhode Island Rams
Jaden House,760.0,1510.0,-11.57,89.56975228161669,101.14401076716015,89.57,97.98,50.46,98.24,8.6,24.51,0.0,0.0,13.23,32.4,0.0,5.02,3.39,14.99,22.62,45.63,Rhode Island Rams
Luis Kortright,760.0,1510.0,-11.57,89.56975228161669,101.14401076716015,89.57,97.98,50.46,98.24,8.6,24.51,0.0,0.0,13.23,32.4,0.0,5.02,3.39,14.99,22.62,45.63,Rhode Island Rams
Zek Montgomery,80.0,168.5,-11.71,85.29411764705883,97.0059880239521,85.29,95.29,48.82,98.24,8.82,31.18,0.0,0.0,12.94,30.0,0.0,6.47,4.71,14.71,21.76,42.94,Rhode Island Rams
Cam Estevez,360.0,730.5,-11.83,89.97289972899729,101.79806362378976,89.97,99.73,50.95,98.64,9.21,23.98,0.0,0.0,13.28,33.2,0.0,3.79,2.71,14.63,24.39,46.48,Rhode Island Rams
Tyson Brown,200.0,390.0,-13.26,90.63291139240506,103.89610389610388,90.63,101.27,50.63,99.49,8.61,27.85,0.0,0.0,15.44,30.89,0.0,5.32,4.81,15.95,20.51,46.33,Rhode Island Rams
David Green,640.0,1258.0,-13.94,89.2103205629398,103.15278900565885,89.21,99.77,50.04,98.05,8.84,24.0,0.0,0.0,13.14,32.6,0.0,4.53,3.05,15.09,22.99,45.74,Rhode Island Rams
Andrew Akuchie,325.0,583.0,-5.32,96.56946826758147,101.88679245283019,96.57,101.89,51.97,101.03,9.09,26.07,0.0,0.0,13.55,35.33,0.0,6.17,6.17,12.52,18.87,48.88,Rice Owls
Alem Huseinovic,775.0,1414.0,-7.64,95.24485450674237,102.8893587033122,95.24,103.62,50.11,100.43,11.0,30.8,0.0,0.0,15.83,32.86,0.0,6.88,4.97,15.4,20.09,48.69,Rice Owls
Max Fiedler,775.0,1414.0,-7.64,95.24485450674237,102.8893587033122,95.24,103.62,50.11,100.43,11.0,30.8,0.0,0.0,15.83,32.86,0.0,6.88,4.97,15.4,20.09,48.69,Rice Owls
Mekhi Mason,775.0,1414.0,-7.64,95.24485450674237,102.8893587033122,95.24,103.62,50.11,100.43,11.0,30.8,0.0,0.0,15.83,32.86,0.0,6.88,4.97,15.4,20.09,48.69,Rice Owls
Travis Evee,775.0,1414.0,-7.64,95.24485450674237,102.8893587033122,95.24,103.62,50.11,100.43,11.0,30.8,0.0,0.0,15.83,32.86,0.0,6.88,4.97,15.4,20.09,48.69,Rice Owls
Keanu Dawes,410.0,764.0,-8.25,95.26315789473684,103.515625,95.26,104.61,49.08,100.0,12.63,34.34,0.0,0.0,17.63,30.53,0.0,7.37,3.95,17.63,20.92,48.16,Rice Owls
Anthony Selden,40.0,67.0,-21.08,83.33333333333334,104.41176470588236,83.33,107.58,45.45,100.0,9.09,31.82,0.0,0.0,15.15,37.88,0.0,7.58,6.06,15.15,21.21,53.03,Rice Owls
Mikkel Tyne,80.0,142.0,8.61,85.0,76.38888888888889,85.0,78.57,44.29,98.57,10.71,30.71,0.0,0.0,10.71,38.57,0.0,12.14,5.0,12.14,17.86,49.28,Richmond Spiders
Dji Bailey,765.0,1408.0,4.34,94.20494699646643,89.86438258386866,94.2,88.98,51.45,97.17,9.4,25.23,0.0,0.0,9.05,35.83,0.0,8.9,3.96,11.87,19.15,44.88,Richmond Spiders
Isaiah Bigelow,765.0,1408.0,4.34,94.20494699646643,89.86438258386866,94.2,88.98,51.45,97.17,9.4,25.23,0.0,0.0,9.05,35.83,0.0,8.9,3.96,11.87,19.15,44.88,Richmond Spiders
Jordan King,765.0,1408.0,4.34,94.20494699646643,89.86438258386866,94.2,88.98,51.45,97.17,9.4,25.23,0.0,0.0,9.05,35.83,0.0,8.9,3.96,11.87,19.15,44.88,Richmond Spiders
Neal Quinn,765.0,1408.0,4.34,94.20494699646643,89.86438258386866,94.2,88.98,51.45,97.17,9.4,25.23,0.0,0.0,9.05,35.83,0.0,8.9,3.96,11.87,19.15,44.88,Richmond Spiders
DeLonnie Hunt,685.0,1266.0,3.81,95.2156862745098,91.40811455847255,95.22,90.12,52.24,97.02,9.25,24.63,0.0,0.0,8.86,35.53,0.0,8.55,3.84,11.84,19.29,44.39,Richmond Spiders
Allen Powell,804.4,1533.0,4.18,94.45893089960886,90.27415143603133,94.46,90.16,53.19,100.65,7.37,19.43,0.0,0.0,15.91,33.18,0.0,8.54,4.5,15.25,22.23,49.09,Rider Broncs
Corey McKeithan,804.4,1533.0,4.18,94.45893089960886,90.27415143603133,94.46,90.16,53.19,100.65,7.37,19.43,0.0,0.0,15.91,33.18,0.0,8.54,4.5,15.25,22.23,49.09,Rider Broncs
Mervin James,804.4,1533.0,4.18,94.45893089960886,90.27415143603133,94.46,90.16,53.19,100.65,7.37,19.43,0.0,0.0,15.91,33.18,0.0,8.54,4.5,15.25,22.23,49.09,Rider Broncs
T.J. Weeks Jr.,804.4,1533.0,4.18,94.45893089960886,90.27415143603133,94.46,90.16,53.19,100.65,7.37,19.43,0.0,0.0,15.91,33.18,0.0,8.54,4.5,15.25,22.23,49.09,Rider Broncs
Tariq Ingraham,804.4,1533.0,4.18,94.45893089960886,90.27415143603133,94.46,90.16,53.19,100.65,7.37,19.43,0.0,0.0,15.91,33.18,0.0,8.54,4.5,15.25,22.23,49.09,Rider Broncs
TJ Wainwright,120.0,225.5,0.89,101.77777777777777,100.88495575221239,101.78,101.33,52.44,103.11,11.56,33.33,0.0,0.0,18.22,28.89,0.0,9.33,4.0,15.11,21.78,47.11,Robert Morris Colonials
Chris Ford,420.0,789.0,-1.16,96.56488549618321,97.72727272727273,96.56,98.47,52.29,101.4,11.45,33.84,0.0,0.0,18.45,31.55,0.0,3.56,3.82,17.05,22.52,50.0,Robert Morris Colonials
Stephaun Walker,699.7,1335.5,-3.77,93.26267978803936,97.03703703703704,93.26,99.17,49.66,100.08,10.75,32.7,0.0,0.0,17.41,30.96,0.0,5.45,3.41,17.34,23.24,48.37,Robert Morris Colonials
Justice Williams,774.7,1457.0,-4.73,93.24512534818942,97.9702300405954,93.25,100.84,48.4,100.63,11.56,34.96,0.0,0.0,17.9,31.89,0.0,5.78,3.9,17.27,23.05,49.79,Robert Morris Colonials
Josh Corbin,859.7,1622.5,-5.05,93.12929419113054,98.17518248175182,93.13,100.81,48.34,99.69,11.68,34.79,0.0,0.0,17.49,31.73,0.0,5.56,3.87,17.8,22.74,49.22,Robert Morris Colonials
Markeese Hastings,859.7,1622.5,-5.05,93.12929419113054,98.17518248175182,93.13,100.81,48.34,99.69,11.68,34.79,0.0,0.0,17.49,31.73,0.0,5.56,3.87,17.8,22.74,49.22,Robert Morris Colonials
Jackson Last,325.0,615.0,-9.79,89.0909090909091,98.88,89.09,102.15,43.8,96.53,12.56,36.53,0.0,0.0,17.36,32.56,0.0,6.12,3.97,20.83,20.99,49.92,Robert Morris Colonials
Alvaro Folgueiras,239.7,445.5,-13.44,87.20930232558139,100.65075921908895,87.21,107.91,41.16,94.88,14.19,40.7,0.0,0.0,14.42,34.19,0.0,6.05,5.12,19.53,23.49,48.61,Robert Morris Colonials
Jamichael Davis,440.0,822.5,0.04,87.25247524752476,87.21624850657109,87.25,90.35,47.9,102.72,6.93,23.14,0.0,0.0,16.96,32.92,0.0,12.0,7.18,14.23,24.01,49.88,Rutgers Scarlet Knights
Jeremiah Williams,440.0,822.5,0.04,87.25247524752476,87.21624850657109,87.25,90.35,47.9,102.72,6.93,23.14,0.0,0.0,16.96,32.92,0.0,12.0,7.18,14.23,24.01,49.88,Rutgers Scarlet Knights
Mawot Mag,485.0,948.5,-2.61,82.23404255319149,84.84848484848484,82.23,86.38,45.32,101.91,6.38,22.66,0.0,0.0,18.19,33.4,0.0,8.62,6.38,16.28,21.81,51.59,Rutgers Scarlet Knights
Derek Simpson,765.0,1474.5,-4.48,84.48393711551606,88.96366083445491,84.48,90.36,46.62,102.73,6.84,23.1,0.0,0.0,17.98,31.99,0.0,10.05,6.49,15.24,22.49,49.97,Rutgers Scarlet Knights
Clifford Omoruyi,845.0,1631.5,-6.27,82.5925925925926,88.86183810103469,82.59,90.12,45.74,102.53,6.73,23.27,0.0,0.0,17.65,31.54,0.0,10.12,6.48,15.12,22.53,49.19,Rutgers Scarlet Knights
Aundre Hyatt,645.0,1259.5,-9.66,82.57756563245823,92.23454833597464,82.58,92.6,45.98,103.1,6.92,24.03,0.0,0.0,18.22,30.23,0.0,9.86,5.81,15.12,22.12,48.45,Rutgers Scarlet Knights
Austin Williams,285.0,566.0,-12.59,75.0,87.58865248226951,75.0,86.97,42.25,102.11,6.16,23.59,0.0,0.0,18.49,30.28,0.0,7.75,4.58,16.37,21.13,48.77,Rutgers Scarlet Knights
Gavin Griffiths,40.0,77.5,-15.17,67.10526315789474,82.27848101265823,67.11,85.53,35.53,98.68,6.58,27.63,0.0,0.0,13.16,30.26,0.0,11.84,7.89,14.47,21.05,43.42,Rutgers Scarlet Knights
Noah Fernandes,160.0,322.5,-17.18,79.38461538461539,96.5625,79.38,95.08,44.92,102.77,6.77,22.77,0.0,0.0,17.54,28.62,0.0,9.54,7.69,14.77,21.85,46.16,Rutgers Scarlet Knights
Oskar Palmquist,80.0,157.0,-22.93,64.96815286624204,87.89808917197452,64.97,87.9,37.58,100.64,5.73,24.84,0.0,0.0,14.65,27.39,0.0,10.83,6.37,14.01,22.93,42.04,Rutgers Scarlet Knights
Antwone Woolfolk,40.0,75.5,-29.75,74.35897435897436,104.10958904109589,74.36,97.44,41.03,102.56,7.69,16.67,0.0,0.0,15.38,24.36,0.0,11.54,11.54,12.82,21.79,39.74,Rutgers Scarlet Knights
Anthony Bittar,40.0,80.5,9.85,102.53164556962024,92.6829268292683,102.53,96.2,54.43,102.53,12.66,26.58,0.0,0.0,12.66,24.05,0.0,12.66,3.8,10.13,18.99,36.71,SE Louisiana Lions
Dylan Canoville,40.0,80.5,9.85,102.53164556962024,92.6829268292683,102.53,96.2,54.43,102.53,12.66,26.58,0.0,0.0,12.66,24.05,0.0,12.66,3.8,10.13,18.99,36.71,SE Louisiana Lions
Brody Rowbury,689.6,1304.0,0.53,91.21466768525592,90.68514241724404,91.21,89.99,50.5,96.18,10.16,27.58,0.0,0.0,13.9,33.0,0.0,9.09,3.74,17.72,21.62,46.9,SE Louisiana Lions
Nick Caldwell,729.6,1376.0,-1.81,90.01447178002894,91.82481751824818,90.01,91.03,50.0,96.02,10.06,27.79,0.0,0.0,13.89,32.85,0.0,8.83,3.84,17.87,21.35,46.74,SE Louisiana Lions
Roger McFarlane,729.6,1376.0,-1.81,90.01447178002894,91.82481751824818,90.01,91.03,50.0,96.02,10.06,27.79,0.0,0.0,13.89,32.85,0.0,8.83,3.84,17.87,21.35,46.74,SE Louisiana Lions
Alec Woodard,689.6,1295.5,-2.51,89.25556408288566,91.77018633540372,89.26,90.71,49.73,95.63,9.9,27.86,0.0,0.0,13.97,33.38,0.0,8.6,3.84,18.34,21.49,47.35,SE Louisiana Lions
Roscoe Eastmond,689.6,1295.5,-2.51,89.25556408288566,91.77018633540372,89.26,90.71,49.73,95.63,9.9,27.86,0.0,0.0,13.97,33.38,0.0,8.6,3.84,18.34,21.49,47.35,SE Louisiana Lions
Avery Wilson,40.0,72.0,-44.18,68.4931506849315,112.67605633802818,68.49,109.59,41.1,93.15,8.22,31.51,0.0,0.0,13.7,30.14,0.0,4.11,5.48,20.55,16.44,43.84,SE Louisiana Lions
Desmond Polk,120.0,232.0,4.25,95.67099567099568,91.41630901287554,95.67,92.21,48.05,98.27,11.69,33.77,0.0,0.0,13.42,29.0,0.0,10.82,5.63,15.15,18.61,42.42,SIU Edwardsville Cougars
Terrance Thompson,560.0,1066.0,1.74,91.95509822263797,90.21636876763876,91.96,89.71,50.7,100.56,9.45,29.19,0.0,0.0,15.25,32.46,0.0,7.58,5.24,14.69,21.8,47.71,SIU Edwardsville Cougars
Damarco Minor,800.0,1556.0,1.29,91.48936170212765,90.19859064702113,91.49,90.78,49.71,101.81,9.41,29.79,0.0,0.0,16.18,31.72,0.0,8.58,5.09,14.38,22.24,47.9,SIU Edwardsville Cougars
Lamar Wright,800.0,1556.0,1.29,91.48936170212765,90.19859064702113,91.49,90.78,49.71,101.81,9.41,29.79,0.0,0.0,16.18,31.72,0.0,8.58,5.09,14.38,22.24,47.9,SIU Edwardsville Cougars
Ray'Sean Taylor,800.0,1556.0,1.29,91.48936170212765,90.19859064702113,91.49,90.78,49.71,101.81,9.41,29.79,0.0,0.0,16.18,31.72,0.0,8.58,5.09,14.38,22.24,47.9,SIU Edwardsville Cougars
Shamar Wright,800.0,1556.0,1.29,91.48936170212765,90.19859064702113,91.49,90.78,49.71,101.81,9.41,29.79,0.0,0.0,16.18,31.72,0.0,8.58,5.09,14.38,22.24,47.9,SIU Edwardsville Cougars
Arnas Sakenis,120.0,258.0,-3.4,85.65737051792829,89.05660377358491,85.66,94.02,47.01,110.36,7.17,28.69,0.0,0.0,22.71,31.08,0.0,10.76,3.98,12.35,27.49,53.79,SIU Edwardsville Cougars
Keon Ambrose-Hylton,280.0,531.5,10.58,97.18574108818011,86.60377358490567,97.19,86.12,53.28,104.13,8.63,26.64,0.0,0.0,19.7,33.02,0.0,11.26,6.94,15.57,22.89,52.72,SMU Mustangs
Chuck Harris,725.0,1395.5,8.23,99.20520231213872,90.97370291400142,99.21,92.49,53.76,108.31,9.39,29.41,0.0,0.0,22.18,31.79,0.0,11.13,6.43,13.87,22.4,53.97,SMU Mustangs
B.J. Edwards,725.0,1394.0,8.13,99.35111751982696,91.22055674518201,99.35,92.14,53.42,106.85,9.66,29.99,0.0,0.0,20.84,32.23,0.0,11.03,6.71,13.99,21.56,53.07,SMU Mustangs
Samuell Williamson,765.0,1472.5,7.4,98.90560875512996,91.50370869858395,98.91,92.82,53.35,108.34,9.51,29.82,0.0,0.0,22.16,31.81,0.0,11.08,6.43,13.82,21.89,53.97,SMU Mustangs
Zhuric Phelps,765.0,1472.5,7.4,98.90560875512996,91.50370869858395,98.91,92.82,53.35,108.34,9.51,29.82,0.0,0.0,22.16,31.81,0.0,11.08,6.43,13.82,21.89,53.97,SMU Mustangs
Tyreek Smith,485.0,941.0,5.66,99.89235737351991,94.22875131164743,99.89,96.66,53.39,110.76,10.01,31.65,0.0,0.0,23.57,31.11,0.0,10.98,6.14,12.81,21.31,54.68,SMU Mustangs
Jalen Smith,40.0,78.5,-5.67,90.66666666666666,96.34146341463415,90.67,105.33,52.0,136.0,6.67,26.67,0.0,0.0,46.67,24.0,0.0,12.0,1.33,10.67,28.0,70.67,SMU Mustangs
Ricardo Wright,40.0,77.0,-7.73,93.58974358974359,101.3157894736842,93.59,98.72,46.15,108.97,11.54,37.18,0.0,0.0,21.79,32.05,0.0,10.26,6.41,12.82,12.82,53.84,SMU Mustangs
Austin Patterson,760.0,1350.5,-6.93,91.88191881918819,98.81129271916791,91.88,98.15,50.63,100.74,9.89,28.04,0.0,0.0,19.04,31.37,0.0,7.97,3.84,18.3,22.95,50.41,Sacramento State Hornets
Bowyn Beatty,560.0,977.5,-7.8,90.2439024390244,98.043254376931,90.24,96.75,49.19,99.09,10.26,29.57,0.0,0.0,19.11,30.18,0.0,8.94,3.35,20.02,23.27,49.29,Sacramento State Hornets
Akol Mawein,720.0,1284.5,-7.81,90.859798605732,98.6697965571205,90.86,97.68,49.65,99.46,10.3,28.2,0.0,0.0,18.13,31.14,0.0,7.9,3.72,18.67,22.77,49.27,Sacramento State Hornets
Emil Skytta,840.0,1474.5,-8.56,90.20931802835922,98.77384196185287,90.21,97.91,49.63,99.73,9.72,27.95,0.0,0.0,18.77,31.26,0.0,7.97,3.65,19.04,23.16,50.03,Sacramento State Hornets
Zee Hamoda,840.0,1474.5,-8.56,90.20931802835922,98.77384196185287,90.21,97.91,49.63,99.73,9.72,27.95,0.0,0.0,18.77,31.26,0.0,7.97,3.65,19.04,23.16,50.03,Sacramento State Hornets
Duncan Powell,400.0,687.0,-11.06,88.93740902474528,100.0,88.94,100.0,50.22,101.16,7.86,25.18,0.0,0.0,19.51,33.04,0.0,6.7,3.93,18.34,23.73,52.55,Sacramento State Hornets
Alex Kovatchev,80.0,124.0,-26.14,72.22222222222221,98.36065573770492,72.22,95.24,38.89,88.89,7.94,26.98,0.0,0.0,15.87,30.16,0.0,7.94,1.59,26.98,25.4,46.03,Sacramento State Hornets
Raymond Espinal-Guzman,120.0,237.0,9.17,100.0,90.83333333333333,100.0,93.16,55.13,98.72,8.97,26.92,0.0,0.0,12.82,35.04,0.0,8.55,5.56,14.1,22.65,47.86,Sacred Heart Pioneers
Aidan Carpenter,479.8,887.5,6.77,101.46067415730337,94.68926553672317,101.46,94.16,54.49,100.67,10.45,26.97,0.0,0.0,15.62,32.58,0.0,9.78,6.52,14.94,21.8,48.2,Sacred Heart Pioneers
Brendan McGuire,439.8,845.5,5.19,97.86729857819904,92.68004722550177,97.87,93.01,52.37,98.46,10.78,27.96,0.0,0.0,13.51,29.62,0.0,11.14,5.81,15.05,21.21,43.13,Sacred Heart Pioneers
Kyle McGee,679.8,1289.0,4.51,99.07120743034056,94.55676516329704,99.07,94.12,53.1,99.92,10.45,27.01,0.0,0.0,14.86,31.81,0.0,10.29,6.42,14.94,21.75,46.67,Sacred Heart Pioneers
Nico Galette,639.8,1222.5,4.27,99.02120717781403,94.74979491386382,99.02,94.21,53.26,100.33,10.28,26.67,0.0,0.0,15.17,31.81,0.0,10.44,6.53,14.85,22.02,46.98,Sacred Heart Pioneers
Alex Sobel,599.8,1133.0,3.73,99.47322212467077,95.74090505767523,99.47,94.73,53.12,100.44,10.89,27.39,0.0,0.0,15.19,31.43,0.0,10.27,6.58,14.75,21.69,46.62,Sacred Heart Pioneers
Joey Reilly,440.0,830.5,1.49,97.0059880239521,95.52058111380146,97.01,94.49,51.5,99.64,10.18,26.11,0.0,0.0,15.09,32.81,0.0,10.3,6.83,15.45,21.68,47.9,Sacred Heart Pioneers
Anthony Finkley,200.0,395.5,2.04,90.53708439897699,88.5,90.54,90.54,49.62,102.56,11.25,38.36,0.0,0.0,15.6,31.46,0.0,10.23,5.37,13.04,21.99,47.06,Saint Joseph's Hawks
Lynn Greer III,680.0,1301.5,0.34,97.94050343249427,97.60061919504643,97.94,96.19,52.17,100.0,11.98,32.95,0.0,0.0,14.26,32.57,0.0,8.16,4.65,14.26,18.69,46.83,Saint Joseph's Hawks
Xzayvier Brown,440.0,826.5,0.11,92.79711884753901,92.6829268292683,92.8,91.24,49.58,100.6,11.76,36.73,0.0,0.0,14.89,31.69,0.0,9.48,5.16,14.29,19.57,46.58,Saint Joseph's Hawks
Cameron Brown,800.0,1544.0,0.03,96.38709677419355,96.35890767230168,96.39,95.61,51.35,99.94,11.87,33.68,0.0,0.0,14.06,31.81,0.0,8.45,5.03,14.13,19.29,45.87,Saint Joseph's Hawks
Erik Reynolds II,800.0,1544.0,0.03,96.38709677419355,96.35890767230168,96.39,95.61,51.35,99.94,11.87,33.68,0.0,0.0,14.06,31.81,0.0,8.45,5.03,14.13,19.29,45.87,Saint Joseph's Hawks
Rasheer Fleming,840.0,1615.0,-0.47,95.67901234567901,96.14906832298136,95.68,95.56,50.93,100.12,11.91,34.51,0.0,0.0,14.51,31.79,0.0,8.83,5.06,14.38,19.38,46.3,Saint Joseph's Hawks
Christ Essandoko,360.0,706.5,-4.11,97.73049645390071,101.8361581920904,97.73,102.27,50.92,98.44,12.34,32.62,0.0,0.0,13.9,30.64,0.0,8.51,5.53,15.46,19.01,44.54,Saint Joseph's Hawks
Charles Coleman,40.0,71.0,-11.67,80.0,91.66666666666666,80.0,94.29,41.43,104.29,12.86,52.86,0.0,0.0,24.29,31.43,0.0,17.14,5.71,20.0,21.43,55.72,Saint Joseph's Hawks
Kacper Klaczek,40.0,71.0,-11.67,80.0,91.66666666666666,80.0,94.29,41.43,104.29,12.86,52.86,0.0,0.0,24.29,31.43,0.0,17.14,5.71,20.0,21.43,55.72,Saint Joseph's Hawks
Cian Medley,600.0,1186.5,-4.98,97.19626168224299,102.17391304347827,97.2,103.82,53.27,97.79,10.62,28.46,0.0,0.0,12.49,32.97,0.0,6.54,4.59,14.7,23.36,45.46,Saint Louis Billikens
Larry Hughes II,720.0,1444.0,-7.02,94.84320557491289,101.8582243633861,94.84,103.14,52.68,97.63,10.17,28.01,0.0,0.0,11.85,31.29,0.0,7.32,4.39,14.22,23.07,43.14,Saint Louis Billikens
Bradley Ezewiro,800.0,1599.0,-7.16,94.58097038437303,101.73805090006208,94.58,103.28,52.05,97.73,10.21,28.23,0.0,0.0,12.6,31.32,0.0,7.18,4.41,14.87,23.5,43.92,Saint Louis Billikens
Gibson Jimerson,800.0,1599.0,-7.16,94.58097038437303,101.73805090006208,94.58,103.28,52.05,97.73,10.21,28.23,0.0,0.0,12.6,31.32,0.0,7.18,4.41,14.87,23.5,43.92,Saint Louis Billikens
Terrence Hargrove Jr.,800.0,1599.0,-7.16,94.58097038437303,101.73805090006208,94.58,103.28,52.05,97.73,10.21,28.23,0.0,0.0,12.6,31.32,0.0,7.18,4.41,14.87,23.5,43.92,Saint Louis Billikens
Tim Dalger,80.0,155.0,-8.53,92.10526315789474,100.63291139240506,92.11,104.61,46.05,98.68,10.53,30.26,0.0,0.0,19.74,31.58,0.0,5.92,4.61,21.05,27.63,51.32,Saint Louis Billikens
Sincere Parker,80.0,168.5,-11.96,90.96385542168674,102.92397660818713,90.96,106.02,51.2,96.39,9.04,28.92,0.0,0.0,10.24,24.1,0.0,12.05,3.61,13.86,24.1,34.34,Saint Louis Billikens
Michael Meadows Jr.,120.0,244.0,-14.34,84.42622950819673,98.77049180327869,84.43,98.77,46.72,98.36,9.02,26.64,0.0,0.0,14.75,28.28,0.0,6.97,4.1,16.39,23.77,43.03,Saint Louis Billikens
Luke Barrett,40.0,74.0,68.45,145.07042253521126,76.62337662337663,145.07,83.1,69.01,107.04,16.9,26.76,0.0,0.0,15.49,42.25,0.0,9.86,5.63,8.45,25.35,57.74,Saint Mary's Gaels
Joshua Jefferson,440.0,756.0,29.01,111.16951379763469,82.15712383488682,111.17,81.08,58.48,108.67,12.61,32.33,0.0,0.0,19.71,36.93,0.0,10.25,5.12,11.04,21.02,56.64,Saint Mary's Gaels
Aidan Mahaney,720.0,1247.0,25.93,111.15537848605577,85.23002421307507,111.16,84.14,58.01,106.85,12.35,30.2,0.0,0.0,19.04,36.97,0.0,9.32,4.7,12.19,21.59,56.01,Saint Mary's Gaels
Alex Ducas,720.0,1247.0,25.93,111.15537848605577,85.23002421307507,111.16,84.14,58.01,106.85,12.35,30.2,0.0,0.0,19.04,36.97,0.0,9.32,4.7,12.19,21.59,56.01,Saint Mary's Gaels
Augustas Marciulionis,720.0,1247.0,25.93,111.15537848605577,85.23002421307507,111.16,84.14,58.01,106.85,12.35,30.2,0.0,0.0,19.04,36.97,0.0,9.32,4.7,12.19,21.59,56.01,Saint Mary's Gaels
Mitchell Saxen,720.0,1247.0,25.93,111.15537848605577,85.23002421307507,111.16,84.14,58.01,106.85,12.35,30.2,0.0,0.0,19.04,36.97,0.0,9.32,4.7,12.19,21.59,56.01,Saint Mary's Gaels
Mason Forbes,240.0,417.0,12.98,105.43735224586288,92.45742092457421,105.44,89.83,55.32,103.55,11.11,26.95,0.0,0.0,18.44,36.17,0.0,7.57,3.78,14.89,21.99,54.61,Saint Mary's Gaels
Corey Washington,639.6,1193.5,6.16,89.97514498757249,83.81355932203391,89.98,81.94,51.86,103.56,7.87,20.71,0.0,0.0,19.88,32.73,0.0,8.86,6.05,16.32,23.78,52.61,Saint Peter's Peacocks
Marcus Randolph,559.4,1035.5,5.5,89.79788257940328,84.30232558139535,89.8,83.73,50.91,102.02,8.37,22.04,0.0,0.0,19.35,30.8,0.0,8.66,7.22,17.32,25.99,50.15,Saint Peter's Peacocks
Mouhamed Sow,719.4,1334.5,3.91,89.05435591958303,85.14328808446456,89.05,84.07,50.78,102.16,7.82,22.11,0.0,0.0,18.62,30.6,0.0,9.01,6.55,16.46,25.02,49.22,Saint Peter's Peacocks
Latrell Reid,924.4,1719.5,3.42,87.7668782458165,84.34935521688159,87.77,83.04,50.26,102.02,7.85,21.93,0.0,0.0,18.98,30.93,0.0,9.17,6.29,16.96,24.58,49.91,Saint Peter's Peacocks
Roy Clarke,524.6,977.0,2.07,88.39103869653768,86.31687242798354,88.39,85.44,50.2,103.16,7.94,22.4,0.0,0.0,20.06,30.14,0.0,10.49,6.72,16.9,24.64,50.2,Saint Peter's Peacocks
Brent Bland,444.7,833.5,1.81,85.0,83.19226118500605,85.0,81.9,49.05,99.88,7.02,21.9,0.0,0.0,16.9,29.88,0.0,9.29,5.0,17.02,23.45,46.78,Saint Peter's Peacocks
Stephon Roberts,205.0,385.0,1.75,83.33333333333334,81.57894736842105,83.33,79.49,48.46,101.54,7.95,21.28,0.0,0.0,20.26,32.05,0.0,9.74,5.38,18.72,23.08,52.31,Saint Peter's Peacocks
Armoni Zeigler,325.0,605.5,1.17,84.30420711974111,83.13659359190557,84.3,79.77,49.19,102.27,7.44,21.36,0.0,0.0,19.09,31.39,0.0,10.52,5.18,16.83,22.33,50.48,Saint Peter's Peacocks
Michael Houge,279.7,513.5,0.75,85.96491228070175,85.21400778210116,85.96,85.38,48.54,99.42,8.38,24.37,0.0,0.0,17.35,29.63,0.0,6.63,7.6,17.93,28.07,46.98,Saint Peter's Peacocks
Cameron Huefner,40.0,80.5,11.22,102.46913580246914,91.25,102.47,90.12,56.79,92.59,11.11,27.16,0.0,0.0,6.17,34.57,0.0,4.94,4.94,13.58,27.16,40.74,Sam Houston Bearkats
Marcus Boykin,440.0,823.5,10.82,97.43276283618582,86.61037394451147,97.43,87.78,51.71,100.73,11.12,28.85,0.0,0.0,19.19,37.04,0.0,8.31,2.93,18.46,24.08,56.23,Sam Houston Bearkats
Damon Nicholas Jr.,720.0,1367.5,8.39,95.58823529411765,87.2,95.59,88.16,51.99,101.03,9.85,26.4,0.0,0.0,17.94,35.29,0.0,8.53,2.72,16.91,24.04,53.23,Sam Houston Bearkats
Davon Barnes,720.0,1367.5,8.39,95.58823529411765,87.2,95.59,88.16,51.99,101.03,9.85,26.4,0.0,0.0,17.94,35.29,0.0,8.53,2.72,16.91,24.04,53.23,Sam Houston Bearkats
Lamar Wilkerson,720.0,1367.5,8.39,95.58823529411765,87.2,95.59,88.16,51.99,101.03,9.85,26.4,0.0,0.0,17.94,35.29,0.0,8.53,2.72,16.91,24.04,53.23,Sam Houston Bearkats
Souleymane Doumbia,680.0,1287.0,8.2,95.15246286161063,86.94980694980696,95.15,88.04,51.68,101.56,9.77,26.35,0.0,0.0,18.69,35.34,0.0,8.76,2.58,17.12,23.85,54.03,Sam Houston Bearkats
Jaden Ray,280.0,544.0,4.71,92.80442804428044,88.09523809523809,92.8,88.75,52.4,101.48,7.93,22.69,0.0,0.0,16.05,32.66,0.0,8.86,2.4,14.58,23.99,48.71,Sam Houston Bearkats
A.J. Staton-McCray,560.0,1131.0,14.53,105.27240773286468,90.74733096085409,105.27,89.63,56.33,100.53,11.86,29.09,0.0,0.0,14.5,30.05,0.0,13.27,4.31,13.97,21.62,44.55,Samford Bulldogs
Jaden Campbell,800.0,1628.0,13.37,102.68784361637142,89.31439159975292,102.69,88.33,55.47,98.59,11.55,29.38,0.0,0.0,13.19,30.79,0.0,11.91,4.46,14.6,22.36,43.98,Samford Bulldogs
Achor Achor,760.0,1549.0,13.02,102.31065468549423,89.28571428571429,102.31,88.25,55.52,98.72,11.3,28.69,0.0,0.0,13.29,30.55,0.0,11.87,4.3,14.57,22.46,43.84,Samford Bulldogs
Dallas Graziani,839.5,1704.5,10.73,101.45772594752187,90.73199527744983,101.46,89.62,55.04,98.66,11.31,29.33,0.0,0.0,13.35,30.38,0.0,11.66,4.26,14.69,22.39,43.73,Samford Bulldogs
Rylan Jones,839.5,1704.5,10.73,101.45772594752187,90.73199527744983,101.46,89.62,55.04,98.66,11.31,29.33,0.0,0.0,13.35,30.38,0.0,11.66,4.26,14.69,22.39,43.73,Samford Bulldogs
Jermaine Marshall,279.5,573.5,3.23,93.93414211438474,90.70175438596492,93.93,89.6,52.51,94.97,10.23,29.81,0.0,0.0,11.09,31.02,0.0,8.49,4.16,16.12,23.92,42.11,Samford Bulldogs
Riley Allenspach,79.5,155.5,-12.2,92.99363057324841,105.1948051948052,92.99,103.18,50.32,98.09,11.46,35.67,0.0,0.0,14.01,28.66,0.0,9.55,3.82,15.92,21.66,42.67,Samford Bulldogs
Lukas Walls,39.5,76.5,-45.69,75.64102564102564,121.33333333333334,75.64,116.67,46.15,100.0,6.41,28.21,0.0,0.0,16.67,21.79,0.0,6.41,0.0,16.67,23.08,38.46,Samford Bulldogs
Reese Waters,445.0,832.0,8.41,97.23557692307693,88.82211538461539,97.24,88.82,54.57,102.28,9.01,28.61,0.0,0.0,17.55,34.13,0.0,9.01,5.29,15.26,23.68,51.68,San Diego State Aztecs
Darrion Trammell,575.0,1052.0,7.6,95.01411100658514,87.41594620557157,95.01,85.61,54.19,105.17,8.56,28.32,0.0,0.0,20.23,34.9,0.0,9.31,6.3,15.05,23.61,55.13,San Diego State Aztecs
Jay Pal,410.0,749.0,7.31,96.02122015915118,88.70967741935483,96.02,87.53,53.58,107.82,8.89,30.11,0.0,0.0,21.35,35.28,0.0,8.89,6.76,13.53,22.68,56.63,San Diego State Aztecs
Jaedon LeDee,855.0,1580.5,7.3,95.90937696664568,88.61323155216286,95.91,87.67,53.93,104.41,8.68,29.01,0.0,0.0,19.19,34.61,0.0,9.0,5.85,14.79,23.41,53.8,San Diego State Aztecs
Lamont Butler,855.0,1580.5,7.3,95.90937696664568,88.61323155216286,95.91,87.67,53.93,104.41,8.68,29.01,0.0,0.0,19.19,34.61,0.0,9.0,5.85,14.79,23.41,53.8,San Diego State Aztecs
Micah Parrish,815.0,1504.5,6.86,95.43650793650794,88.57715430861724,95.44,87.7,53.64,104.23,8.53,29.17,0.0,0.0,19.05,34.59,0.0,8.93,5.82,14.81,23.74,53.64,San Diego State Aztecs
Elijah Saunders,320.0,604.0,6.33,96.69966996699671,90.36544850498339,96.7,89.77,53.8,102.15,8.58,29.04,0.0,0.0,17.33,33.99,0.0,8.75,4.79,15.18,22.77,51.32,San Diego State Aztecs
Emmanuel Callas,320.0,632.0,0.0,96.67721518987342,96.67721518987342,96.68,96.68,53.48,98.58,9.49,25.47,0.0,0.0,14.08,29.27,0.0,8.54,4.91,15.51,25.0,43.35,San Diego Toreros
Wayne McKinney III,680.0,1357.0,-8.58,91.34973900074571,99.92716678805536,91.35,102.31,50.11,99.25,9.1,26.25,0.0,0.0,14.91,27.67,0.0,9.32,4.33,15.66,25.73,42.58,San Diego Toreros
PJ Hayes,720.0,1443.5,-9.73,90.95371669004207,100.68446269678302,90.95,103.16,49.65,98.88,9.19,26.3,0.0,0.0,14.94,27.63,0.0,9.26,4.42,16.06,25.53,42.57,San Diego Toreros
Steven Jamerson II,720.0,1443.5,-9.73,90.95371669004207,100.68446269678302,90.95,103.16,49.65,98.88,9.19,26.3,0.0,0.0,14.94,27.63,0.0,9.26,4.42,16.06,25.53,42.57,San Diego Toreros
Dragos Lungu,80.0,166.5,-10.11,98.17073170731707,108.28402366863905,98.17,111.59,53.05,101.22,10.98,26.22,0.0,0.0,18.29,27.44,0.0,6.1,4.27,17.07,26.83,45.73,San Diego Toreros
Kevin Patton Jr.,640.0,1287.5,-10.62,89.53579858379229,100.15337423312884,89.54,102.75,48.7,98.66,9.05,26.75,0.0,0.0,14.48,27.93,0.0,9.36,4.72,15.81,25.65,42.41,San Diego Toreros
Dominic Muncey,40.0,76.0,-14.47,92.10526315789474,106.57894736842107,92.11,106.58,50.0,90.79,9.21,19.74,0.0,0.0,15.79,22.37,0.0,13.16,1.32,25.0,17.11,38.16,San Diego Toreros
Deuce Turner,320.0,650.5,-16.35,85.3125,101.66414523449319,85.31,105.0,46.56,100.0,8.91,27.34,0.0,0.0,16.56,25.78,0.0,10.62,4.22,16.56,25.0,42.34,San Diego Toreros
Jimmy Oladokun Jr.,80.0,161.0,-21.0,90.9090909090909,111.90476190476191,90.91,122.08,46.75,95.45,9.09,25.32,0.0,0.0,11.69,28.57,0.0,6.49,3.25,16.23,29.87,40.26,San Diego Toreros
Josh Kunen,40.0,74.0,38.3,127.77777777777777,89.47368421052632,127.78,94.44,59.72,100.0,16.67,34.72,0.0,0.0,12.5,33.33,0.0,11.11,1.39,12.5,33.33,45.83,San Francisco Dons
Volodymyr Markovetskyy,40.0,74.0,38.3,127.77777777777777,89.47368421052632,127.78,94.44,59.72,100.0,16.67,34.72,0.0,0.0,12.5,33.33,0.0,11.11,1.39,12.5,33.33,45.83,San Francisco Dons
Jonathan Mogbo,725.0,1386.0,10.27,103.06345733041576,92.790863668808,103.06,94.82,53.54,99.64,11.16,32.53,0.0,0.0,12.91,33.41,0.0,9.63,4.38,13.27,26.04,46.32,San Francisco Dons
Marcus Williams,725.0,1386.0,10.27,103.06345733041576,92.790863668808,103.06,94.82,53.54,99.64,11.16,32.53,0.0,0.0,12.91,33.41,0.0,9.63,4.38,13.27,26.04,46.32,San Francisco Dons
Mike Sharavjamts,725.0,1386.0,10.27,103.06345733041576,92.790863668808,103.06,94.82,53.54,99.64,11.16,32.53,0.0,0.0,12.91,33.41,0.0,9.63,4.38,13.27,26.04,46.32,San Francisco Dons
Malik Thomas,685.0,1312.0,8.71,101.693610469592,92.98113207547169,101.69,94.84,53.19,99.62,10.85,32.41,0.0,0.0,12.93,33.41,0.0,9.55,4.54,13.32,25.64,46.34,San Francisco Dons
Ndewedo Newbury,685.0,1312.0,8.71,101.693610469592,92.98113207547169,101.69,94.84,53.19,99.62,10.85,32.41,0.0,0.0,12.93,33.41,0.0,9.55,4.54,13.32,25.64,46.34,San Francisco Dons
Rickey Mitchell Jr.,40.0,75.5,-10.71,97.40259740259741,108.10810810810811,97.4,103.9,51.95,96.1,10.39,28.57,0.0,0.0,7.79,25.97,0.0,9.09,3.9,11.69,20.78,33.76,San José State Spartans
Diogo Seixas,280.0,501.5,-12.01,92.51012145748987,104.51866404715126,92.51,107.69,48.58,94.94,9.11,29.76,0.0,0.0,8.91,29.55,0.0,6.88,3.04,13.97,25.71,38.46,San José State Spartans
Myron Amey Jr.,760.0,1358.5,-12.66,93.74529012810852,106.40287769784173,93.75,111.45,46.95,97.74,11.45,33.99,0.0,0.0,12.58,30.75,0.0,6.41,4.3,14.85,25.02,43.33,San José State Spartans
Tibet Gorener,760.0,1358.5,-12.66,93.74529012810852,106.40287769784173,93.75,111.45,46.95,97.74,11.45,33.99,0.0,0.0,12.58,30.75,0.0,6.41,4.3,14.85,25.02,43.33,San José State Spartans
Trey Anderson,760.0,1358.5,-12.66,93.74529012810852,106.40287769784173,93.75,111.45,46.95,97.74,11.45,33.99,0.0,0.0,12.58,30.75,0.0,6.41,4.3,14.85,25.02,43.33,San José State Spartans
Alvaro Cardenas,720.0,1283.0,-12.79,93.52000000000001,106.30699088145896,93.52,111.92,46.64,97.84,11.52,34.32,0.0,0.0,12.88,31.04,0.0,6.24,4.32,15.04,25.28,43.92,San José State Spartans
Adrame Diongue,480.0,857.0,-13.01,94.47779111644657,107.49148694665153,94.48,113.69,45.98,99.4,12.85,36.49,0.0,0.0,14.77,31.45,0.0,6.12,5.04,15.37,24.61,46.22,San José State Spartans
Christian Hammond,80.0,159.5,23.9,100.62500000000001,76.72955974842768,100.63,76.25,59.38,109.38,8.12,30.0,0.0,0.0,23.12,45.0,0.0,3.75,4.38,13.75,21.88,68.12,Santa Clara Broncos
Tyeree Bryan,200.0,395.0,22.17,108.52713178294573,86.35235732009926,108.53,89.92,57.88,105.17,13.18,37.47,0.0,0.0,20.16,39.02,0.0,3.88,3.62,14.99,26.36,59.18,Santa Clara Broncos
Jake Ensminger,245.0,458.0,11.53,101.12359550561798,89.59660297239915,101.12,94.83,53.48,107.87,11.01,33.71,0.0,0.0,21.35,39.1,0.0,4.94,2.92,13.48,26.52,60.45,Santa Clara Broncos
Christoph Tilly,645.0,1234.5,8.83,101.06557377049181,92.2337870296237,101.07,94.43,54.34,104.18,10.98,32.54,0.0,0.0,19.84,36.23,0.0,6.07,2.95,15.66,23.52,56.07,Santa Clara Broncos
Johnny O'Neil,725.0,1392.0,7.62,99.92753623188406,92.3076923076923,99.93,93.91,54.28,104.28,10.43,31.16,0.0,0.0,19.86,35.8,0.0,5.87,3.12,15.58,23.84,55.66,Santa Clara Broncos
Carlos Marshall Jr.,480.0,934.0,5.68,99.35828877005348,93.67631296891747,99.36,93.48,54.65,102.57,10.16,29.95,0.0,0.0,19.14,34.22,0.0,6.31,3.21,16.58,22.57,53.36,Santa Clara Broncos
Adama Bal,605.0,1156.0,5.41,100.0871839581517,94.67811158798283,100.09,96.16,53.71,104.27,10.81,31.65,0.0,0.0,19.7,34.7,0.0,6.28,2.96,15.43,23.54,54.4,Santa Clara Broncos
Brenton Knapper,445.0,823.5,2.43,97.77503090234858,95.34606205250597,97.78,98.76,52.04,104.57,10.38,30.9,0.0,0.0,20.64,34.24,0.0,6.55,2.47,16.07,24.85,54.88,Santa Clara Broncos
Jalen Benjamin,120.0,250.0,2.07,92.60700389105058,90.53497942386831,92.61,85.6,55.25,98.83,6.23,21.01,0.0,0.0,15.56,35.02,0.0,6.23,4.28,16.73,19.46,50.58,Santa Clara Broncos
Francisco Caffaro,80.0,157.5,-1.65,91.25,92.90322580645162,91.25,90.0,53.75,105.0,6.25,20.62,0.0,0.0,20.0,32.5,0.0,4.38,4.38,15.0,26.25,52.5,Santa Clara Broncos
Seyi Reiley,120.0,216.0,8.75,102.8169014084507,94.06392694063926,102.82,96.71,52.11,101.41,12.68,32.86,0.0,0.0,15.02,35.21,0.0,6.57,2.35,13.62,23.94,50.23,Seattle U Redhawks
Paris Dawson,125.0,260.5,8.63,94.18604651162791,85.55133079847909,94.19,87.21,52.71,100.39,11.63,27.52,0.0,0.0,13.95,27.13,0.0,9.69,2.33,13.57,27.13,41.08,Seattle U Redhawks
Cameron Tyson,810.0,1534.5,7.98,93.6717205009888,85.69587628865979,93.67,87.67,50.69,99.34,9.89,28.81,0.0,0.0,15.69,36.78,0.0,6.53,3.89,16.35,24.39,52.47,Seattle U Redhawks
Vasja Pandza,80.0,158.0,7.12,94.15584415584416,87.03703703703704,94.16,91.56,54.55,100.0,7.14,24.68,0.0,0.0,18.18,33.77,0.0,8.44,2.6,18.18,32.47,51.95,Seattle U Redhawks
Alex Schumacher,895.0,1717.5,6.75,93.05064782096584,86.29821531375936,93.05,88.28,50.94,99.41,9.78,28.15,0.0,0.0,15.49,35.22,0.0,6.77,3.59,16.08,25.09,50.71,Seattle U Redhawks
Brandton Chatfield,895.0,1717.5,6.75,93.05064782096584,86.29821531375936,93.05,88.28,50.94,99.41,9.78,28.15,0.0,0.0,15.49,35.22,0.0,6.77,3.59,16.08,25.09,50.71,Seattle U Redhawks
Kobe Williamson,775.0,1501.5,6.47,91.64983164983165,85.17786561264822,91.65,87.07,50.77,99.12,9.36,27.47,0.0,0.0,15.56,35.22,0.0,6.8,3.77,16.43,25.25,50.78,Seattle U Redhawks
John Christofilis,775.0,1482.0,5.12,92.09270620313565,86.97394789579158,92.09,88.75,50.51,99.25,9.61,27.95,0.0,0.0,15.27,35.17,0.0,6.34,3.61,16.02,24.68,50.44,Seattle U Redhawks
Isaiah Coleman,119.6,217.5,6.37,88.47926267281106,82.11009174311926,88.48,82.49,49.77,100.0,5.53,22.58,0.0,0.0,19.35,34.56,0.0,11.98,6.45,19.35,22.12,53.91,Seton Hall Pirates
Dre Davis,814.6,1506.5,-2.09,93.32897318508829,95.4177897574124,93.33,92.61,51.8,99.28,7.91,22.96,0.0,0.0,16.35,32.11,0.0,9.09,6.54,17.07,19.95,48.46,Seton Hall Pirates
Al-Amir Dawes,854.6,1593.0,-2.22,92.1604938271605,94.38058748403576,92.16,91.23,51.67,99.32,7.65,22.59,0.0,0.0,16.11,32.35,0.0,9.2,6.6,16.79,19.75,48.46,Seton Hall Pirates
Dylan Addae-Wusu,854.6,1593.0,-2.22,92.1604938271605,94.38058748403576,92.16,91.23,51.67,99.32,7.65,22.59,0.0,0.0,16.11,32.35,0.0,9.2,6.6,16.79,19.75,48.46,Seton Hall Pirates
Jaden Bediako,854.6,1593.0,-2.22,92.1604938271605,94.38058748403576,92.16,91.23,51.67,99.32,7.65,22.59,0.0,0.0,16.11,32.35,0.0,9.2,6.6,16.79,19.75,48.46,Seton Hall Pirates
David Tubek,40.0,86.5,-3.08,72.52747252747253,75.60975609756098,72.53,68.13,49.45,100.0,3.3,16.48,0.0,0.0,12.09,36.26,0.0,10.99,7.69,12.09,16.48,48.35,Seton Hall Pirates
Kadary Richmond,735.0,1375.5,-3.64,92.72986457590878,96.36498516320475,92.73,92.59,51.96,99.22,7.98,22.59,0.0,0.0,15.61,32.0,0.0,8.77,6.63,16.39,19.39,47.61,Seton Hall Pirates
Steven Lazar,40.0,71.0,-5.37,83.82352941176471,89.1891891891892,83.82,97.06,45.59,98.53,11.76,23.53,0.0,0.0,14.71,30.88,0.0,10.29,4.41,16.18,29.41,45.59,Siena Saints
Mason Courtney,520.0,962.5,-10.66,82.60416666666667,93.26424870466322,82.6,93.75,46.35,94.06,7.4,25.0,0.0,0.0,13.75,34.06,0.0,6.46,4.17,19.69,21.15,47.81,Siena Saints
Brendan Coyle,200.0,355.5,-11.41,83.28611898016997,94.6927374301676,83.29,96.03,46.18,92.92,6.8,25.21,0.0,0.0,14.16,35.69,0.0,6.52,4.53,21.25,22.1,49.85,Siena Saints
Sveinn Birgisson,120.0,237.0,-11.76,75.43103448275862,87.19008264462809,75.43,90.95,41.81,93.1,6.9,24.57,0.0,0.0,12.93,32.33,0.0,7.33,4.74,19.83,23.28,45.26,Siena Saints
Michael Ojo,399.9,728.5,-13.73,81.9060773480663,95.63437926330151,81.91,96.82,44.89,98.07,8.84,27.62,0.0,0.0,16.71,33.7,0.0,6.49,6.08,18.65,21.69,50.41,Siena Saints
Michael Eley,319.9,620.5,-14.33,84.688995215311,99.0228013029316,84.69,96.97,48.96,96.97,6.7,22.17,0.0,0.0,14.83,31.26,0.0,6.38,5.42,17.86,20.41,46.09,Siena Saints
Giovanni Emejuru,839.9,1565.5,-15.83,81.03448275862068,96.86900958466454,81.03,96.81,45.34,94.57,7.02,24.97,0.0,0.0,14.75,32.06,0.0,7.22,4.85,20.18,20.56,46.81,Siena Saints
Sean Durugordon,399.9,773.5,-16.09,80.0,96.08865710560626,80.0,94.49,45.77,94.36,6.54,21.92,0.0,0.0,14.62,31.92,0.0,7.18,5.38,20.26,20.0,46.54,Siena Saints
Michael Evbagharu,80.0,150.5,-18.21,77.18120805369128,95.39473684210526,77.18,97.32,42.28,96.64,4.7,26.17,0.0,0.0,16.78,23.49,0.0,12.75,3.36,20.13,20.81,40.27,Siena Saints
Kyle Winters,240.0,419.0,-19.6,83.49282296650718,103.09523809523809,83.49,103.59,45.69,94.5,7.89,26.56,0.0,0.0,15.55,33.97,0.0,6.46,4.07,21.05,21.05,49.52,Siena Saints
Bralyn Smith,200.0,365.0,-20.0,80.82191780821918,100.82191780821918,80.82,100.82,43.84,94.52,6.3,29.59,0.0,0.0,15.62,28.49,0.0,8.77,3.84,21.1,19.18,44.11,Siena Saints
Killian Gribben,360.0,691.0,-20.06,80.08595988538681,100.14619883040936,80.09,98.14,45.56,92.12,5.59,23.07,0.0,0.0,13.47,30.23,0.0,7.45,4.15,21.35,18.34,43.7,Siena Saints
Zek Tekin,479.9,888.0,-20.67,77.64044943820225,98.30699774266365,77.64,97.87,43.03,93.15,6.97,26.18,0.0,0.0,14.94,31.24,0.0,7.87,5.51,21.8,19.66,46.18,Siena Saints
Judah Brown,40.0,70.5,8.12,109.58904109589041,101.47058823529412,109.59,94.52,58.9,95.89,9.59,30.14,0.0,0.0,9.59,36.99,0.0,4.11,4.11,13.7,17.81,46.58,South Alabama Jaguars
Marshall Kearing,40.0,70.5,8.12,109.58904109589041,101.47058823529412,109.59,94.52,58.9,95.89,9.59,30.14,0.0,0.0,9.59,36.99,0.0,4.11,4.11,13.7,17.81,46.58,South Alabama Jaguars
Marcus Millender,280.0,567.0,2.99,92.13286713286713,89.1459074733096,92.13,87.59,53.5,94.58,8.39,20.45,0.0,0.0,9.97,31.64,0.0,8.22,3.5,15.38,21.15,41.61,South Alabama Jaguars
Julian Margrave,405.0,809.0,0.2,92.00492004920049,91.80124223602485,92.0,90.9,51.66,95.69,8.73,22.88,0.0,0.0,11.32,31.98,0.0,8.61,3.57,15.62,20.05,43.3,South Alabama Jaguars
Samuel Tabe,640.0,1274.5,-4.19,91.953125,96.13869188337274,91.95,95.31,50.78,95.39,9.22,25.39,0.0,0.0,10.55,31.17,0.0,8.44,3.59,15.16,20.7,41.72,South Alabama Jaguars
Tyrell Jones,765.0,1516.5,-4.52,91.91321499013807,96.42857142857143,91.91,95.86,50.23,95.86,9.27,25.9,0.0,0.0,11.18,31.43,0.0,8.61,3.62,15.32,20.18,42.61,South Alabama Jaguars
Elijah Ormiston,600.0,1204.0,-4.95,90.88649544324771,95.8368026644463,90.89,95.36,50.29,95.36,9.2,25.1,0.0,0.0,10.6,30.82,0.0,8.7,3.56,15.24,20.88,41.42,South Alabama Jaguars
Ethan Kizer,125.0,242.0,-6.24,91.70124481327801,97.94238683127571,91.7,98.76,47.3,98.34,9.54,28.63,0.0,0.0,14.52,32.78,0.0,9.54,3.73,16.18,17.43,47.3,South Alabama Jaguars
Isiah Gaiter,485.0,949.5,-8.96,91.78082191780823,100.73684210526315,91.78,100.84,48.26,96.63,9.8,29.19,0.0,0.0,11.91,31.3,0.0,8.85,3.69,15.28,19.6,43.21,South Alabama Jaguars
Thomas Howell,445.0,879.0,-10.38,90.29680365296804,100.68027210884354,90.3,101.37,47.37,96.69,9.82,29.11,0.0,0.0,12.1,30.82,0.0,9.25,3.65,15.41,19.75,42.92,South Alabama Jaguars
Zachary Davis,645.0,1167.5,2.02,96.67802385008518,94.6597760551249,96.68,93.61,51.7,102.73,10.39,30.41,0.0,0.0,15.59,33.3,0.0,6.47,4.0,12.86,21.64,48.89,South Carolina Gamecocks
Collin Murray-Boyles,730.0,1320.5,1.27,95.93679458239278,94.66463414634147,95.94,93.45,51.77,103.39,10.16,30.62,0.0,0.0,16.63,33.11,0.0,6.02,4.14,13.24,22.2,49.74,South Carolina Gamecocks
B.J. Mack,810.0,1463.5,-0.46,94.16949152542374,94.62809917355372,94.17,93.15,50.98,102.78,10.03,30.85,0.0,0.0,16.81,32.47,0.0,6.17,4.2,14.03,21.9,49.28,South Carolina Gamecocks
Meechie Johnson,810.0,1463.5,-0.46,94.16949152542374,94.62809917355372,94.17,93.15,50.98,102.78,10.03,30.85,0.0,0.0,16.81,32.47,0.0,6.17,4.2,14.03,21.9,49.28,South Carolina Gamecocks
Ta'Lon Cooper,810.0,1463.5,-0.46,94.16949152542374,94.62809917355372,94.17,93.15,50.98,102.78,10.03,30.85,0.0,0.0,16.81,32.47,0.0,6.17,4.2,14.03,21.9,49.28,South Carolina Gamecocks
Myles Stute,165.0,296.0,-10.12,84.38538205980066,94.50171821305841,84.39,91.36,48.17,102.99,8.64,32.56,0.0,0.0,21.59,29.24,0.0,4.98,4.98,18.6,22.92,50.83,South Carolina Gamecocks
Stephen Clark,80.0,143.0,-16.2,78.08219178082192,94.28571428571428,78.08,90.41,43.84,97.26,8.9,32.88,0.0,0.0,18.49,26.71,0.0,7.53,4.79,21.23,19.18,45.2,South Carolina Gamecocks
Atiba Taylor,40.0,77.0,11.3,90.78947368421053,79.48717948717949,90.79,81.58,47.37,96.05,11.84,31.58,0.0,0.0,19.74,26.32,0.0,5.26,6.58,23.68,25.0,46.06,South Carolina State Bulldogs
Drayton Jones,119.9,235.0,7.43,95.13274336283186,87.70491803278688,95.13,94.69,51.33,99.12,10.62,27.88,0.0,0.0,14.6,27.88,0.0,11.06,2.65,15.49,28.32,42.48,South Carolina State Bulldogs
Shaman Alston,39.9,78.5,7.21,92.20779220779221,85.0,92.21,88.31,54.55,105.19,5.19,23.38,0.0,0.0,15.58,25.97,0.0,12.99,3.9,10.39,25.97,41.55,South Carolina State Bulldogs
Dallas James,404.6,788.0,6.47,86.44501278772378,79.97481108312343,86.45,81.2,50.13,100.13,8.31,25.58,0.0,0.0,21.48,30.95,0.0,10.1,4.86,21.36,26.47,52.43,South Carolina State Bulldogs
Michael Teal,484.6,936.0,6.14,87.94788273615634,81.80862250262881,87.95,84.47,49.62,100.65,9.12,27.14,0.0,0.0,21.93,31.49,0.0,10.1,4.67,21.28,27.25,53.42,South Carolina State Bulldogs
Raquan Brown,484.6,936.0,6.14,87.94788273615634,81.80862250262881,87.95,84.47,49.62,100.65,9.12,27.14,0.0,0.0,21.93,31.49,0.0,10.1,4.67,21.28,27.25,53.42,South Carolina State Bulldogs
Omar Croskey,524.6,1016.5,5.55,88.8,83.25266214908035,88.8,86.0,49.9,100.4,9.5,27.2,0.0,0.0,21.0,30.3,0.0,10.1,4.6,20.6,27.1,51.3,South Carolina State Bulldogs
Davion Everett,279.9,537.5,5.07,93.37121212121212,88.29981718464352,93.37,91.48,51.7,103.6,9.28,25.95,0.0,0.0,20.08,30.11,0.0,8.71,3.79,16.48,27.08,50.19,South Carolina State Bulldogs
Caleb McCarty,284.6,552.5,3.73,85.79335793357934,82.06039076376554,85.79,85.24,48.89,100.18,9.41,28.78,0.0,0.0,22.51,29.89,0.0,12.55,5.35,22.32,27.49,52.4,South Carolina State Bulldogs
Jordan Simpson,79.9,159.0,2.92,95.51282051282051,92.5925925925926,95.51,96.15,53.85,101.28,9.62,25.64,0.0,0.0,12.82,21.15,0.0,11.54,3.85,11.54,25.64,33.97,South Carolina State Bulldogs
Mitchell Taylor,79.9,159.0,2.92,95.51282051282051,92.5925925925926,95.51,96.15,53.85,101.28,9.62,25.64,0.0,0.0,12.82,21.15,0.0,11.54,3.85,11.54,25.64,33.97,South Carolina State Bulldogs
Miguel Ayesa,120.0,235.0,1.03,97.34513274336283,96.31147540983606,97.35,103.98,48.67,97.79,10.62,30.97,0.0,0.0,13.27,27.43,0.0,8.41,4.87,15.49,28.32,40.7,South Carolina Upstate Spartans
Ahmir Langlais,405.0,790.0,0.07,89.7172236503856,89.6508728179551,89.72,92.42,47.69,96.79,8.87,29.18,0.0,0.0,11.57,31.88,0.0,8.1,4.24,14.78,24.29,43.45,South Carolina Upstate Spartans
Jorge Ochoa,40.0,81.5,-0.41,96.1038961038961,96.51162790697676,96.1,107.79,45.45,90.91,18.18,41.56,0.0,0.0,7.79,23.38,0.0,6.49,3.9,16.88,36.36,31.17,South Carolina Upstate Spartans
Jalen Breazeale,364.8,681.0,-0.43,92.95352323838081,93.38129496402877,92.95,97.3,49.03,98.65,9.75,30.88,0.0,0.0,13.79,31.93,0.0,8.25,5.4,15.14,26.24,45.72,South Carolina Upstate Spartans
Floyd Rideau Jr.,120.0,233.0,-0.86,86.8995633187773,87.76371308016878,86.9,90.83,47.6,100.0,7.42,26.2,0.0,0.0,13.97,33.19,0.0,11.35,3.06,13.97,24.89,47.16,South Carolina Upstate Spartans
Nick Alves,609.8,1167.5,-1.89,93.08231173380035,94.97066219614418,93.08,99.21,48.86,98.16,9.81,30.39,0.0,0.0,13.22,29.33,0.0,7.79,4.82,15.06,26.27,42.55,South Carolina Upstate Spartans
Trae Broadnax,689.8,1321.5,-2.26,91.80834621329211,94.06968124536694,91.81,98.07,48.61,98.15,9.51,30.06,0.0,0.0,12.98,29.6,0.0,8.42,4.48,14.84,26.12,42.58,South Carolina Upstate Spartans
Justin Bailey,609.8,1168.0,-2.78,91.00436681222708,93.78673383711167,91.0,97.55,48.38,97.73,9.87,30.66,0.0,0.0,12.58,29.61,0.0,8.3,4.37,14.85,26.38,42.19,South Carolina Upstate Spartans
Eduardo Placer,80.0,157.0,-5.81,91.02564102564102,96.83544303797468,91.03,98.08,46.15,96.15,7.69,30.77,0.0,0.0,8.97,24.36,0.0,7.05,3.85,12.82,24.36,33.33,South Carolina Upstate Spartans
Patrick Iriel,244.8,450.0,-6.54,94.76082004555809,101.30151843817788,94.76,106.38,50.8,101.82,9.11,29.61,0.0,0.0,16.4,26.65,0.0,9.34,5.01,14.58,27.56,43.05,South Carolina Upstate Spartans
Jordyn Surratt,165.0,323.0,-7.14,87.69716088328076,94.83282674772036,87.7,98.42,49.53,98.42,8.2,26.81,0.0,0.0,12.93,27.13,0.0,10.09,2.84,14.51,24.61,40.06,South Carolina Upstate Spartans
Steven Kramer,45.0,79.0,-4.81,84.21052631578947,89.02439024390245,84.21,96.05,51.32,94.74,10.53,28.95,0.0,0.0,11.84,36.84,0.0,2.63,3.95,17.11,26.32,48.68,South Dakota Coyotes
Isaac Bruns,40.0,95.5,-10.34,78.78787878787878,89.13043478260869,78.79,82.83,51.52,84.85,6.06,23.23,0.0,0.0,5.05,29.29,0.0,5.05,1.01,20.2,20.2,34.34,South Dakota Coyotes
Jake Brack,40.0,95.5,-10.34,78.78787878787878,89.13043478260869,78.79,82.83,51.52,84.85,6.06,23.23,0.0,0.0,5.05,29.29,0.0,5.05,1.01,20.2,20.2,34.34,South Dakota Coyotes
Mayuom Buom,40.0,95.5,-10.34,78.78787878787878,89.13043478260869,78.79,82.83,51.52,84.85,6.06,23.23,0.0,0.0,5.05,29.29,0.0,5.05,1.01,20.2,20.2,34.34,South Dakota Coyotes
Paul Bruns,489.9,903.0,-11.08,91.7960088691796,102.87610619469028,91.8,103.1,50.33,96.01,10.53,26.94,0.0,0.0,11.31,35.14,0.0,3.77,2.33,15.3,19.73,46.45,South Dakota Coyotes
Bostyn Holt,659.9,1227.5,-11.49,92.9795918367347,104.47154471544715,92.98,104.9,50.61,96.82,10.53,26.69,0.0,0.0,12.16,34.45,0.0,3.76,1.96,15.35,20.24,46.61,South Dakota Coyotes
Lahat Thioune,699.9,1323.0,-11.49,91.91842900302115,103.40393343419063,91.92,103.25,50.68,95.92,10.2,26.44,0.0,0.0,11.63,34.06,0.0,3.85,1.89,15.71,20.24,45.69,South Dakota Coyotes
Max Burchill,659.9,1227.5,-11.49,92.9795918367347,104.47154471544715,92.98,104.9,50.61,96.82,10.53,26.69,0.0,0.0,12.16,34.45,0.0,3.76,1.96,15.35,20.24,46.61,South Dakota Coyotes
Kaleb Stewart,614.9,1148.5,-12.02,93.55961705831157,105.57491289198606,93.56,105.48,50.57,96.95,10.53,26.54,0.0,0.0,12.18,34.29,0.0,3.83,1.83,15.23,19.84,46.47,South Dakota Coyotes
Jevon Hill,210.0,420.0,-12.37,92.18009478672985,104.54545454545455,92.18,103.55,51.42,95.73,9.48,25.36,0.0,0.0,12.32,31.75,0.0,4.03,0.95,16.59,21.33,44.07,South Dakota Coyotes
Kalen Garry,40.0,79.5,20.56,98.76543209876543,78.2051282051282,98.77,75.31,59.26,97.53,6.17,18.52,0.0,0.0,11.11,39.51,0.0,7.41,2.47,13.58,23.46,50.62,South Dakota State Jackrabbits
Nate Barnhart,40.0,79.5,20.56,98.76543209876543,78.2051282051282,98.77,75.31,59.26,97.53,6.17,18.52,0.0,0.0,11.11,39.51,0.0,7.41,2.47,13.58,23.46,50.62,South Dakota State Jackrabbits
Charlie Easley,770.0,1437.5,7.29,101.37457044673539,94.08450704225352,101.37,91.82,54.71,98.08,10.52,28.45,0.0,0.0,11.68,36.29,0.0,7.29,3.85,13.61,18.21,47.97,South Dakota State Jackrabbits
Luke Appel,770.0,1437.5,7.29,101.37457044673539,94.08450704225352,101.37,91.82,54.71,98.08,10.52,28.45,0.0,0.0,11.68,36.29,0.0,7.29,3.85,13.61,18.21,47.97,South Dakota State Jackrabbits
Matt Mims,770.0,1437.5,7.29,101.37457044673539,94.08450704225352,101.37,91.82,54.71,98.08,10.52,28.45,0.0,0.0,11.68,36.29,0.0,7.29,3.85,13.61,18.21,47.97,South Dakota State Jackrabbits
William Kyle III,730.0,1358.0,6.52,101.52838427947599,95.00745156482861,101.53,92.79,54.44,98.11,10.77,29.04,0.0,0.0,11.72,36.1,0.0,7.28,3.93,13.61,17.9,47.82,South Dakota State Jackrabbits
Zeke Mayo,730.0,1358.0,6.52,101.52838427947599,95.00745156482861,101.53,92.79,54.44,98.11,10.77,29.04,0.0,0.0,11.72,36.1,0.0,7.28,3.93,13.61,17.9,47.82,South Dakota State Jackrabbits
Selton Miguel,120.0,246.0,13.58,97.8902953586498,84.31372549019608,97.89,90.72,48.52,96.62,13.5,34.18,0.0,0.0,8.86,37.97,0.0,9.7,4.64,12.24,25.32,46.83,South Florida Bulls
Corey Walker Jr.,240.0,475.0,11.16,97.68421052631578,86.52631578947368,97.68,86.53,54.32,100.84,10.74,29.26,0.0,0.0,14.32,34.74,0.0,9.05,5.68,13.47,22.95,49.06,South Florida Bulls
Sam Hines Jr.,200.0,400.5,9.54,97.46835443037975,87.93103448275862,97.47,90.38,51.9,101.52,11.9,31.9,0.0,0.0,11.65,33.92,0.0,10.13,5.82,10.13,23.8,45.57,South Florida Bulls
Kobe Knox,800.0,1538.0,9.46,98.23989569752281,88.78080415045395,98.24,89.24,52.61,100.33,12.78,33.05,0.0,0.0,13.89,34.29,0.0,8.93,4.95,13.56,22.16,48.18,South Florida Bulls
Brandon Stroud,600.0,1137.5,9.42,98.50746268656717,89.08450704225352,98.51,88.85,52.85,99.91,13.08,33.45,0.0,0.0,14.66,34.42,0.0,8.52,4.65,14.75,21.6,49.08,South Florida Bulls
Jayden Reid,400.0,724.0,9.21,99.86320109439124,90.65550906555092,99.86,88.92,52.67,100.82,13.95,34.34,0.0,0.0,15.18,34.47,0.0,8.48,4.92,14.36,19.84,49.65,South Florida Bulls
Jose Placer,320.0,649.0,9.18,97.52321981424149,88.34355828220859,97.52,89.16,54.02,100.31,11.61,31.58,0.0,0.0,13.0,32.51,0.0,10.06,4.95,12.69,23.22,45.51,South Florida Bulls
Chris Youngblood,720.0,1384.5,9.15,97.68451519536903,88.53640951694304,97.68,88.86,52.39,99.93,12.74,33.07,0.0,0.0,14.04,34.59,0.0,8.61,4.99,14.11,22.21,48.63,South Florida Bulls
Kasean Pryor,600.0,1135.5,8.5,98.58532272325375,90.08771929824562,98.59,90.8,52.17,101.06,13.44,34.39,0.0,0.0,14.24,33.86,0.0,8.75,4.69,13.17,22.02,48.1,South Florida Bulls
David Idada,40.0,83.5,9.68,86.41975308641975,76.74418604651163,86.42,81.48,53.09,103.7,8.64,27.16,0.0,0.0,18.52,41.98,0.0,4.94,4.94,14.81,34.57,60.5,Southeast Missouri State Redhawks
TJ Biel,80.0,147.5,5.96,89.5104895104895,83.55263157894737,89.51,88.81,47.55,98.6,6.29,24.48,0.0,0.0,14.69,38.46,0.0,6.29,1.4,16.08,25.87,53.15,Southeast Missouri State Redhawks
Evan Eursher,360.0,687.0,-4.6,90.86826347305389,95.46742209631728,90.87,100.9,48.65,101.8,8.68,25.45,0.0,0.0,14.67,31.59,0.0,7.63,2.54,12.87,26.2,46.26,Southeast Missouri State Redhawks
Adam Larson,525.0,985.0,-4.77,88.00834202294057,92.77942631058357,88.01,97.81,46.92,98.96,8.03,24.4,0.0,0.0,15.12,30.97,0.0,7.61,3.34,16.16,26.49,46.09,Southeast Missouri State Redhawks
Braxton Stacker,565.0,1083.5,-5.04,86.70465337132003,91.74147217235189,86.7,97.06,47.67,101.52,7.12,23.74,0.0,0.0,15.67,31.24,0.0,7.79,3.32,14.15,26.69,46.91,Southeast Missouri State Redhawks
Rob Martin,605.0,1145.5,-5.04,86.45739910313901,91.49659863945578,86.46,96.5,46.91,98.74,7.62,23.68,0.0,0.0,14.89,31.39,0.0,7.71,3.32,16.14,27.0,46.28,Southeast Missouri State Redhawks
Josh Earley,685.0,1303.0,-6.81,86.98738170347004,93.79671150971599,86.99,98.97,46.85,99.76,7.57,24.21,0.0,0.0,14.67,30.68,0.0,7.89,2.92,14.91,26.1,45.35,Southeast Missouri State Redhawks
Dylan Branson,80.0,146.5,-7.19,88.81118881118881,96.0,88.81,100.7,46.85,96.5,10.49,29.37,0.0,0.0,14.69,32.17,0.0,7.69,2.8,18.18,28.67,46.86,Southeast Missouri State Redhawks
Marqueas Bell,200.0,401.5,-8.38,84.35897435897436,92.7360774818402,84.36,98.21,47.95,102.56,6.67,24.36,0.0,0.0,14.36,32.31,0.0,7.95,2.31,11.79,26.92,46.67,Southeast Missouri State Redhawks
Aquan Smart,405.0,796.5,-9.58,82.96774193548387,92.54278728606357,82.97,97.68,45.29,98.19,7.23,24.52,0.0,0.0,14.06,30.45,0.0,7.87,3.35,15.87,26.71,44.51,Southeast Missouri State Redhawks
BJ Ward,80.0,153.0,-13.15,91.33333333333333,104.48717948717949,91.33,108.67,50.0,104.67,7.33,24.0,0.0,0.0,15.33,28.0,0.0,8.0,1.33,10.67,23.33,43.33,Southeast Missouri State Redhawks
Jarrett Hensley,40.0,76.5,16.7,85.52631578947368,68.83116883116884,85.53,69.74,47.37,93.42,10.53,36.84,0.0,0.0,7.89,39.47,0.0,7.89,5.26,14.47,26.32,47.36,Southern Illinois Salukis
Scottie Ebube,40.0,69.5,10.11,105.88235294117648,95.77464788732394,105.88,100.0,52.94,95.59,14.71,33.82,0.0,0.0,11.76,29.41,0.0,14.71,5.88,16.18,20.59,41.17,Southern Illinois Salukis
Kennard Davis,160.0,287.0,-0.62,88.19444444444444,88.81118881118881,88.19,88.19,49.31,97.57,8.33,28.82,0.0,0.0,14.24,39.24,0.0,4.86,5.9,16.67,21.18,53.48,Southern Illinois Salukis
Trent Brown,860.0,1572.0,-1.51,92.5925925925926,94.10646387832699,92.59,94.83,51.02,98.72,10.28,33.08,0.0,0.0,14.11,33.59,0.0,6.7,3.96,15.39,23.95,47.7,Southern Illinois Salukis
Troy D'Amico,860.0,1572.0,-1.51,92.5925925925926,94.10646387832699,92.59,94.83,51.02,98.72,10.28,33.08,0.0,0.0,14.11,33.59,0.0,6.7,3.96,15.39,23.95,47.7,Southern Illinois Salukis
Xavier Johnson,860.0,1572.0,-1.51,92.5925925925926,94.10646387832699,92.59,94.83,51.02,98.72,10.28,33.08,0.0,0.0,14.11,33.59,0.0,6.7,3.96,15.39,23.95,47.7,Southern Illinois Salukis
AJ Ferguson,700.0,1285.0,-1.69,93.58372456964005,95.27863777089783,93.58,96.32,51.41,98.98,10.72,34.04,0.0,0.0,14.08,32.32,0.0,7.12,3.52,15.1,24.57,46.4,Southern Illinois Salukis
Clarence Rupert,780.0,1426.0,-3.05,92.33473980309424,95.38461538461539,92.33,95.92,51.13,99.16,10.06,32.84,0.0,0.0,14.56,33.47,0.0,6.26,3.8,15.4,23.98,48.03,Southern Illinois Salukis
Jack Campion,684.8,1394.5,-1.93,88.48920863309353,90.42172980700501,88.49,91.01,52.52,98.56,8.42,24.89,0.0,0.0,14.39,30.07,0.0,8.27,2.52,15.83,27.99,44.46,Southern Indiana Screaming Eagles
Nick Hittle,479.8,975.0,-2.53,87.65432098765432,90.1840490797546,87.65,90.74,52.37,99.38,8.44,23.97,0.0,0.0,15.53,30.45,0.0,7.41,1.85,16.15,28.09,45.98,Southern Indiana Screaming Eagles
Ryan Hall,200.0,394.0,-2.55,89.94845360824742,92.5,89.95,95.36,51.55,99.48,9.02,28.61,0.0,0.0,13.4,29.38,0.0,10.05,4.12,13.92,28.09,42.78,Southern Indiana Screaming Eagles
Jeremiah Hernandez,684.8,1392.5,-2.87,88.15506101938263,91.02011494252874,88.16,90.95,52.55,99.57,8.26,24.26,0.0,0.0,14.79,30.37,0.0,7.75,2.23,15.22,27.35,45.16,Southern Indiana Screaming Eagles
AJ Smith,724.8,1471.5,-3.05,88.07089297886844,91.12466124661248,88.07,91.68,52.15,98.98,8.32,24.81,0.0,0.0,14.66,30.06,0.0,8.04,2.52,15.68,27.81,44.72,Southern Indiana Screaming Eagles
Jack Mielke,724.8,1471.5,-3.05,88.07089297886844,91.12466124661248,88.07,91.68,52.15,98.98,8.32,24.81,0.0,0.0,14.66,30.06,0.0,8.04,2.52,15.68,27.81,44.72,Southern Indiana Screaming Eagles
Nolan Causwell,40.0,79.0,-6.37,86.48648648648648,92.85714285714286,86.49,105.41,44.59,87.84,9.46,35.14,0.0,0.0,12.16,24.32,0.0,13.51,8.11,24.32,36.49,36.48,Southern Indiana Screaming Eagles
Kiyron Powell,45.0,102.5,-9.85,85.04672897196261,94.89795918367348,85.05,86.92,52.34,93.46,4.67,18.69,0.0,0.0,11.21,28.97,0.0,6.54,2.8,17.76,24.3,40.18,Southern Indiana Screaming Eagles
Sam Mervis,40.0,77.0,-23.38,80.51948051948052,103.89610389610388,80.52,103.9,45.45,106.49,6.49,23.38,0.0,0.0,19.48,29.87,0.0,3.9,2.6,12.99,24.68,49.35,Southern Indiana Screaming Eagles
Antoine Jacks,79.9,167.5,24.44,96.95121951219512,72.51461988304094,96.95,75.61,53.66,101.83,6.71,25.0,0.0,0.0,17.68,35.37,0.0,8.54,4.27,15.85,28.05,53.05,Southern Jaguars
Jalen Reynolds,584.3,1083.0,5.42,86.37627432808156,80.95676172953083,86.38,81.56,49.03,98.7,8.34,25.12,0.0,0.0,17.89,29.84,0.0,11.31,4.82,19.18,25.86,47.73,Southern Jaguars
Tai'Reon Joseph,224.5,389.5,5.05,91.75257731958763,86.70076726342711,91.75,87.37,50.26,101.29,9.79,27.84,0.0,0.0,15.46,24.48,0.0,13.92,1.8,14.18,24.23,39.94,Southern Jaguars
Brandon Davis,744.2,1377.5,4.84,87.25418790968682,82.41678726483357,87.25,82.96,48.87,98.76,8.38,25.86,0.0,0.0,17.33,29.86,0.0,10.56,4.81,18.57,25.49,47.19,Southern Jaguars
Derrick Tezeno,744.2,1377.5,4.84,87.25418790968682,82.41678726483357,87.25,82.96,48.87,98.76,8.38,25.86,0.0,0.0,17.33,29.86,0.0,10.56,4.81,18.57,25.49,47.19,Southern Jaguars
Tidjiane Dioumassi,744.2,1377.5,4.84,87.25418790968682,82.41678726483357,87.25,82.96,48.87,98.76,8.38,25.86,0.0,0.0,17.33,29.86,0.0,10.56,4.81,18.57,25.49,47.19,Southern Jaguars
Jordan Mitchell,40.0,76.0,3.55,73.41772151898735,69.86301369863014,73.42,64.56,48.1,105.06,2.53,16.46,0.0,0.0,24.05,41.77,0.0,11.39,7.59,18.99,20.25,65.82,Southern Jaguars
Delang Muon,159.9,294.5,2.68,90.47619047619048,87.79661016949153,90.48,88.1,48.3,98.98,8.5,28.57,0.0,0.0,15.31,29.93,0.0,7.82,4.76,16.33,24.15,45.24,Southern Jaguars
Jariyon Wilkens,399.8,744.5,0.56,84.23180592991913,83.66800535475234,84.23,84.23,47.17,96.09,8.63,26.01,0.0,0.0,17.52,30.19,0.0,9.16,6.2,21.43,26.15,47.71,Southern Jaguars
Tate Ryder,40.0,79.0,13.92,103.79746835443038,89.87341772151899,103.8,89.87,56.96,102.53,8.86,18.99,0.0,0.0,22.78,39.24,0.0,8.86,1.27,20.25,20.25,62.02,Southern Miss Golden Eagles
Donovan Ivory,440.0,852.5,-2.86,88.91454965357968,91.77592371871275,88.91,88.91,50.23,99.65,9.01,25.98,0.0,0.0,14.9,34.64,0.0,7.85,7.27,15.24,20.21,49.54,Southern Miss Golden Eagles
Victor Iwuakor,720.0,1410.5,-5.35,87.04481792717087,92.39052404881551,87.04,90.13,49.72,98.32,7.49,23.67,0.0,0.0,15.13,33.96,0.0,8.12,6.93,16.81,20.94,49.09,Southern Miss Golden Eagles
Victor Hart,360.0,738.5,-5.75,85.1006711409396,90.84699453551912,85.1,89.26,49.26,99.33,5.5,20.4,0.0,0.0,15.7,32.62,0.0,9.53,6.58,16.38,20.4,48.32,Southern Miss Golden Eagles
Austin Crowley,720.0,1412.0,-5.77,87.34265734265733,93.11334289813486,87.34,90.77,50.0,99.02,7.55,23.5,0.0,0.0,15.38,33.15,0.0,8.6,6.64,16.36,20.77,48.53,Southern Miss Golden Eagles
Andre Curbelo,360.0,736.0,-7.32,84.56375838926175,91.88445667125173,84.56,89.66,49.4,98.52,5.23,19.87,0.0,0.0,14.5,31.95,0.0,9.13,7.11,15.97,20.4,46.45,Southern Miss Golden Eagles
Cobie Montgomery,280.0,515.5,-9.38,89.25143953934742,98.62745098039215,89.25,96.55,49.14,98.85,10.17,28.98,0.0,0.0,15.74,34.17,0.0,7.29,7.1,16.89,21.31,49.91,Southern Miss Golden Eagles
Mo Arnold,560.0,1084.5,-10.06,86.28519527702089,96.34831460674157,86.29,93.46,48.77,98.37,8.08,24.07,0.0,0.0,15.99,33.33,0.0,8.45,6.09,17.62,20.71,49.32,Southern Miss Golden Eagles
Bryson Hall,40.0,76.0,-12.57,69.62025316455697,82.1917808219178,69.62,75.95,44.3,93.67,5.06,27.85,0.0,0.0,10.13,30.38,0.0,13.92,5.06,16.46,21.52,40.51,Southern Miss Golden Eagles
Tegra Izay,280.0,555.5,-12.75,83.3922261484099,96.1467889908257,83.39,92.58,48.06,95.41,6.01,20.85,0.0,0.0,14.31,31.8,0.0,8.83,6.54,18.9,19.96,46.11,Southern Miss Golden Eagles
Brock Felder,240.0,463.0,-4.25,92.7038626609442,96.95652173913044,92.7,95.71,50.64,97.21,8.37,24.89,0.0,0.0,12.66,28.11,0.0,9.66,5.15,15.45,20.82,40.77,Southern Utah Thunderbirds
Jamari Sibley,560.0,1150.0,-5.65,87.6500857632933,93.29805996472663,87.65,90.74,50.86,96.57,6.6,22.64,0.0,0.0,12.69,30.36,0.0,7.29,4.29,16.12,22.04,43.05,Southern Utah Thunderbirds
Braden Housley,800.0,1627.5,-9.72,87.42405832320777,97.14108141702921,87.42,94.96,50.18,96.66,6.74,23.33,0.0,0.0,12.88,28.98,0.0,7.23,4.37,16.22,22.11,41.86,Southern Utah Thunderbirds
Dominique Ford,800.0,1627.5,-9.72,87.42405832320777,97.14108141702921,87.42,94.96,50.18,96.66,6.74,23.33,0.0,0.0,12.88,28.98,0.0,7.23,4.37,16.22,22.11,41.86,Southern Utah Thunderbirds
Zion Young,800.0,1627.5,-9.72,87.42405832320777,97.14108141702921,87.42,94.96,50.18,96.66,6.74,23.33,0.0,0.0,12.88,28.98,0.0,7.23,4.37,16.22,22.11,41.86,Southern Utah Thunderbirds
Chazz Hutchison,40.0,82.5,-9.83,98.80952380952381,108.64197530864197,98.81,104.76,54.76,94.05,10.71,25.0,0.0,0.0,13.1,25.0,0.0,7.14,5.95,19.05,23.81,38.1,Southern Utah Thunderbirds
Parsa Fallah,600.0,1237.5,-12.06,85.725677830941,97.78869778869779,85.73,95.22,49.84,96.41,6.22,23.05,0.0,0.0,12.68,28.95,0.0,6.54,4.31,16.27,22.41,41.63,Southern Utah Thunderbirds
Prophet Johnson,160.0,322.0,-22.98,82.6086956521739,105.59006211180125,82.61,105.59,47.2,97.83,5.9,24.22,0.0,0.0,14.6,26.4,0.0,6.21,3.42,16.77,22.67,41.0,Southern Utah Thunderbirds
Kyrell Luc,160.0,289.5,4.21,95.87628865979381,91.66666666666666,95.88,90.72,51.55,106.87,9.97,31.62,0.0,0.0,20.27,31.96,0.0,10.31,4.81,13.4,22.34,52.23,St. Bonaventure Bonnies
Moses Flowers,734.7,1347.0,1.28,96.54919236417034,95.27027027027027,96.55,93.17,53.82,101.32,9.54,26.58,0.0,0.0,15.42,30.54,0.0,9.1,5.36,14.1,22.54,45.96,St. Bonaventure Bonnies
Assa Essamvous,814.7,1505.0,1.15,96.31821170282709,95.1645399597045,96.32,93.16,54.04,100.92,9.53,25.9,0.0,0.0,14.99,31.23,0.0,8.48,4.73,14.07,22.62,46.22,St. Bonaventure Bonnies
Chad Venning,854.7,1577.5,0.29,95.86466165413535,95.57408595253366,95.86,93.36,53.7,100.94,9.59,26.25,0.0,0.0,14.91,30.95,0.0,8.58,4.95,13.97,22.37,45.86,St. Bonaventure Bonnies
Charles Pride,854.7,1577.5,0.29,95.86466165413535,95.57408595253366,95.86,93.36,53.7,100.94,9.59,26.25,0.0,0.0,14.91,30.95,0.0,8.58,4.95,13.97,22.37,45.86,St. Bonaventure Bonnies
Mika Adams-Woods,694.7,1288.0,-0.6,95.86206896551724,96.45948072383949,95.86,93.95,54.18,99.62,9.5,25.06,0.0,0.0,13.72,30.73,0.0,8.2,4.98,14.1,22.38,44.45,St. Bonaventure Bonnies
Daryl Banks III,160.0,303.0,-8.38,90.61488673139159,98.98989898989899,90.61,95.15,51.46,99.35,10.03,26.54,0.0,0.0,12.3,31.39,0.0,6.8,4.21,12.94,20.39,43.69,St. Bonaventure Bonnies
Carlos Lopez Jr.,444.6,831.0,-7.47,85.87088915956151,93.34126040428062,85.87,95.62,46.77,100.12,8.28,23.14,0.0,0.0,18.39,32.28,0.24,7.43,4.38,18.27,24.97,50.67,St. Francis (PA) Red Flash
Aaron Talbert,684.6,1263.5,-10.26,87.39967897271268,97.65807962529274,87.4,100.4,47.03,100.88,8.83,24.88,0.0,0.0,19.58,32.1,0.16,6.9,4.74,18.7,24.08,51.68,St. Francis (PA) Red Flash
Aidan Harris,684.6,1263.5,-10.26,87.39967897271268,97.65807962529274,87.4,100.4,47.03,100.88,8.83,24.88,0.0,0.0,19.58,32.1,0.16,6.9,4.74,18.7,24.08,51.68,St. Francis (PA) Red Flash
Bobby Rosenberger III,684.6,1263.5,-10.26,87.39967897271268,97.65807962529274,87.4,100.4,47.03,100.88,8.83,24.88,0.0,0.0,19.58,32.1,0.16,6.9,4.74,18.7,24.08,51.68,St. Francis (PA) Red Flash
Eli Wilborn,684.6,1263.5,-10.26,87.39967897271268,97.65807962529274,87.4,100.4,47.03,100.88,8.83,24.88,0.0,0.0,19.58,32.1,0.16,6.9,4.74,18.7,24.08,51.68,St. Francis (PA) Red Flash
Cam Gregory,240.0,432.5,-15.56,90.3529411764706,105.9090909090909,90.35,109.65,47.53,102.35,9.88,28.24,0.0,0.0,21.88,31.76,0.0,5.88,5.41,19.53,22.35,53.64,St. Francis (PA) Red Flash
Drissa Traore,40.0,66.0,30.3,106.06060606060606,75.75757575757575,106.06,75.76,56.06,112.12,7.58,28.79,0.0,0.0,28.79,40.91,0.0,9.09,7.58,16.67,18.18,69.7,St. John's Red Storm
Glenn Taylor Jr.,480.0,919.5,13.6,106.90032858707556,93.30453563714903,106.9,94.63,58.49,108.43,8.21,23.66,0.0,0.0,19.17,33.3,0.0,8.21,7.56,10.73,23.88,52.47,St. John's Red Storm
Zuby Ejiofor,80.0,151.0,13.57,93.95973154362416,80.3921568627451,93.96,82.55,50.34,106.04,7.38,28.19,0.0,0.0,24.16,35.57,0.0,10.07,6.04,18.12,20.81,59.73,St. John's Red Storm
Jordan Dingle,560.0,1092.0,11.16,104.79704797047971,93.63636363636364,104.8,95.02,56.27,105.9,10.06,27.86,0.0,0.0,18.63,31.27,0.0,9.96,7.01,12.73,22.6,49.9,St. John's Red Storm
Joel Soriano,840.0,1614.0,8.16,101.86799501867996,93.711467324291,101.87,94.65,55.54,106.48,8.84,26.21,0.0,0.0,19.18,31.38,0.0,8.9,7.47,12.7,23.47,50.56,St. John's Red Storm
Chris Ledlum,760.0,1478.0,7.19,101.02389078498292,93.82964453386988,101.02,95.49,55.02,106.42,8.81,26.69,0.0,0.0,18.98,30.65,0.0,9.22,7.58,12.56,23.75,49.63,St. John's Red Storm
Daniss Jenkins,840.0,1633.0,6.89,100.80098582871227,93.91357273280583,100.8,95.07,55.02,105.98,8.81,26.19,0.0,0.0,18.85,30.99,0.0,9.0,7.33,12.88,23.66,49.84,St. John's Red Storm
RJ Luis Jr.,320.0,627.5,3.15,93.54838709677419,90.39370078740157,93.55,92.58,49.52,105.0,10.32,32.42,0.0,0.0,20.81,30.65,0.0,9.52,6.61,15.81,23.23,51.46,St. John's Red Storm
Nahiem Alleyne,200.0,380.0,1.68,93.35106382978722,91.66666666666666,93.35,93.62,51.6,105.32,7.18,23.4,0.0,0.0,18.35,31.38,0.0,7.45,7.71,13.03,27.13,49.73,St. John's Red Storm
Brady Dunlap,200.0,370.5,1.52,96.02122015915118,94.5054945054945,96.02,91.25,53.58,103.71,7.43,23.34,0.0,0.0,19.36,32.63,0.0,7.69,5.31,15.65,21.22,51.99,St. John's Red Storm
Sean Conway,40.0,77.0,-0.68,106.17283950617285,106.84931506849315,106.17,96.3,64.2,98.77,6.17,16.05,0.0,0.0,16.05,23.46,0.0,12.35,12.35,17.28,18.52,39.51,St. John's Red Storm
Simeon Wilcher,40.0,86.5,-9.41,90.58823529411765,100.0,90.59,103.53,56.47,109.41,2.35,16.47,0.0,0.0,20.0,24.71,0.0,7.06,12.94,10.59,28.24,44.71,St. John's Red Storm
Brooks Allen,724.7,1281.0,8.45,102.56410256410255,94.11764705882352,102.56,93.24,54.0,100.39,12.2,33.95,0.0,0.0,12.43,32.87,0.0,9.32,2.49,12.04,21.45,45.3,St. Thomas-Minnesota Tommies
Drake Dobbs,724.7,1281.0,8.45,102.56410256410255,94.11764705882352,102.56,93.24,54.0,100.39,12.2,33.95,0.0,0.0,12.43,32.87,0.0,9.32,2.49,12.04,21.45,45.3,St. Thomas-Minnesota Tommies
Kendall Blue,724.7,1281.0,8.45,102.56410256410255,94.11764705882352,102.56,93.24,54.0,100.39,12.2,33.95,0.0,0.0,12.43,32.87,0.0,9.32,2.49,12.04,21.45,45.3,St. Thomas-Minnesota Tommies
Parker Bjorklund,724.7,1281.0,8.45,102.56410256410255,94.11764705882352,102.56,93.24,54.0,100.39,12.2,33.95,0.0,0.0,12.43,32.87,0.0,9.32,2.49,12.04,21.45,45.3,St. Thomas-Minnesota Tommies
Raheem Anthony,724.7,1281.0,8.45,102.56410256410255,94.11764705882352,102.56,93.24,54.0,100.39,12.2,33.95,0.0,0.0,12.43,32.87,0.0,9.32,2.49,12.04,21.45,45.3,St. Thomas-Minnesota Tommies
James Keefe,40.0,78.5,24.68,100.0,75.32467532467533,100.0,72.5,51.25,98.75,15.0,30.0,0.0,0.0,17.5,33.75,0.0,11.25,5.0,18.75,18.75,51.25,Stanford Cardinal
Max Murrell,40.0,78.5,24.68,100.0,75.32467532467533,100.0,72.5,51.25,98.75,15.0,30.0,0.0,0.0,17.5,33.75,0.0,11.25,5.0,18.75,18.75,51.25,Stanford Cardinal
Jared Bynum,160.0,309.0,3.55,100.6514657980456,97.10610932475883,100.65,98.37,49.84,91.86,14.66,29.64,0.0,0.0,11.07,36.81,0.0,5.21,4.23,19.22,21.82,47.88,Stanford Cardinal
Spencer Jones,730.0,1416.0,-0.3,96.07293127629734,96.37268847795164,96.07,95.02,50.49,96.14,11.92,30.93,0.0,0.0,12.48,33.24,0.0,6.87,3.86,16.34,19.14,45.72,Stanford Cardinal
Brandon Angel,890.0,1720.0,-3.11,95.6043956043956,98.71420222092344,95.6,97.69,50.2,95.72,11.51,30.19,0.0,0.0,12.09,33.2,0.0,6.71,3.93,16.37,19.26,45.29,Stanford Cardinal
Michael Jones,890.0,1720.0,-3.11,95.6043956043956,98.71420222092344,95.6,97.69,50.2,95.72,11.51,30.19,0.0,0.0,12.09,33.2,0.0,6.71,3.93,16.37,19.26,45.29,Stanford Cardinal
Benny Gealer,40.0,75.0,-3.8,100.0,103.79746835443038,100.0,115.49,43.66,104.23,19.72,46.48,0.0,0.0,22.54,30.99,0.0,9.86,4.23,18.31,22.54,53.53,Stanford Cardinal
Maxime Raynaud,850.0,1641.5,-4.43,95.39114614918132,99.81640146878826,95.39,98.91,50.15,95.57,11.34,30.2,0.0,0.0,11.83,33.17,0.0,6.49,3.88,16.25,19.28,45.0,Stanford Cardinal
Kanaan Carlyle,650.0,1257.5,-6.38,93.86309992132179,100.2411575562701,93.86,98.11,50.59,95.99,10.07,29.43,0.0,0.0,11.41,32.42,0.0,6.61,3.78,15.42,18.49,43.83,Stanford Cardinal
Andrej Stojakovic,160.0,304.0,-16.11,93.3993399339934,109.50819672131146,93.4,110.23,48.84,93.73,9.57,26.73,0.0,0.0,10.23,33.0,0.0,5.94,4.29,16.5,19.8,43.23,Stanford Cardinal
Kimahri Wilson,45.0,102.0,9.32,79.7979797979798,70.47619047619048,79.8,74.75,45.45,86.87,8.08,22.22,0.0,0.0,16.16,34.34,0.0,8.08,5.05,29.29,26.26,50.5,Stephen F. Austin Lumberjacks
Sadaidriene Hall,160.0,343.5,8.54,97.05014749262537,88.50574712643679,97.05,90.86,55.75,100.29,8.26,23.3,0.0,0.0,18.29,25.07,0.0,11.21,3.24,17.99,29.5,43.36,Stephen F. Austin Lumberjacks
Juhlawnei Stone,285.0,590.0,4.96,93.51535836177474,88.55218855218855,93.52,89.76,55.12,100.68,7.34,21.67,0.0,0.0,18.43,28.33,0.0,9.04,3.24,17.75,27.65,46.76,Stephen F. Austin Lumberjacks
Frank Staine,329.8,664.0,3.19,91.66666666666666,88.47305389221557,91.67,89.55,53.18,101.06,6.97,21.36,0.0,0.0,18.64,27.27,0.0,10.76,3.03,17.58,27.42,45.91,Stephen F. Austin Lumberjacks
Clayton Southwick,209.8,438.0,2.08,86.20689655172413,84.12698412698413,86.21,85.29,50.8,95.63,5.75,20.46,0.0,0.0,17.01,30.57,0.0,10.11,3.45,21.38,23.22,47.58,Stephen F. Austin Lumberjacks
AJ Cajuste,445.0,911.0,0.55,91.76728869374314,91.21844127332601,91.77,91.22,54.23,100.77,7.79,22.61,0.0,0.0,18.22,27.33,0.0,8.89,3.51,17.45,27.55,45.55,Stephen F. Austin Lumberjacks
Chrishawn Christmas,245.0,494.5,-0.03,84.61538461538461,84.64646464646465,84.62,84.82,48.18,95.34,7.89,23.28,0.0,0.0,15.79,31.17,0.0,11.34,3.44,20.45,22.06,46.96,Stephen F. Austin Lumberjacks
Matt Hayman,774.8,1541.0,-1.53,88.81664499349804,90.34974093264249,88.82,90.7,51.43,100.26,7.28,22.11,0.0,0.0,17.95,28.48,0.0,10.14,3.25,17.69,25.29,46.43,Stephen F. Austin Lumberjacks
Latrell Jossell,739.8,1483.5,-2.35,86.22311827956989,88.57336037863422,86.22,88.04,50.87,98.79,7.06,21.64,0.0,0.0,17.41,28.9,0.0,9.88,3.36,18.62,24.66,46.31,Stephen F. Austin Lumberjacks
Jalil Beaubrun,574.8,1142.0,-3.2,85.75174825174825,88.94736842105263,85.75,88.64,49.74,98.6,7.34,22.29,0.0,0.0,17.31,28.76,0.0,10.49,3.41,18.71,24.39,46.07,Stephen F. Austin Lumberjacks
Nana Antwi-Boasiako,490.0,950.5,-4.81,86.29707112970712,91.11111111111111,86.3,90.06,50.42,100.63,7.74,22.38,0.0,0.0,17.78,28.97,0.0,9.52,3.35,17.15,25.1,46.75,Stephen F. Austin Lumberjacks
Tristan Gross,280.0,539.0,2.92,102.72727272727273,99.81060606060606,102.73,95.82,57.82,99.64,11.64,26.91,0.0,0.0,11.82,30.0,0.0,7.27,4.91,12.18,22.91,41.82,Stetson Hatters
Aubin Gateretse,725.0,1361.5,0.11,100.78796561604584,100.67822155237378,100.79,95.7,55.09,101.5,10.89,29.51,0.0,0.0,14.04,32.45,0.0,6.95,4.15,12.54,19.05,46.49,Stetson Hatters
Alec Oglesby,765.0,1427.5,-1.87,99.93169398907104,101.79726815240835,99.93,96.72,54.51,101.5,10.86,29.85,0.0,0.0,14.21,32.38,0.0,6.83,4.23,12.7,18.78,46.59,Stetson Hatters
Jalen Blackmon,765.0,1427.5,-1.87,99.93169398907104,101.79726815240835,99.93,96.72,54.51,101.5,10.86,29.85,0.0,0.0,14.21,32.38,0.0,6.83,4.23,12.7,18.78,46.59,Stetson Hatters
Stephan Swenson,765.0,1427.5,-1.87,99.93169398907104,101.79726815240835,99.93,96.72,54.51,101.5,10.86,29.85,0.0,0.0,14.21,32.38,0.0,6.83,4.23,12.7,18.78,46.59,Stetson Hatters
Josh Smith,405.0,739.0,-4.33,97.9002624671916,102.23463687150837,97.9,96.06,52.36,103.28,10.63,32.02,0.0,0.0,16.14,34.12,0.0,6.56,3.81,12.86,15.62,50.26,Stetson Hatters
Treyton Thompson,120.0,215.5,-17.78,94.54545454545455,112.32227488151658,94.55,107.73,50.0,100.0,9.55,31.82,0.0,0.0,14.55,31.82,0.0,5.91,4.55,14.55,17.73,46.37,Stetson Hatters
Chas Stinson,204.8,400.5,-5.89,82.73195876288659,88.61985472154964,82.73,94.33,41.24,91.75,11.08,34.02,0.0,0.0,11.08,32.99,0.0,10.82,2.84,19.33,23.45,44.07,Stonehill Skyhawks
Louie Semona,80.0,156.0,-8.19,83.00653594771242,91.19496855345912,83.01,94.77,41.18,92.16,9.8,32.03,0.0,0.0,11.11,34.64,0.0,11.11,3.92,18.95,18.95,45.75,Stonehill Skyhawks
Tony Felder,604.8,1111.5,-8.62,86.4963503649635,95.11978704525288,86.5,97.81,44.16,95.16,11.13,37.23,0.0,0.0,13.23,34.4,0.0,7.94,3.19,18.07,21.17,47.63,Stonehill Skyhawks
Max Zegarowski,644.8,1190.0,-8.95,85.92150170648463,94.86754966887418,85.92,97.78,43.77,94.8,10.92,36.43,0.0,0.0,13.23,34.39,0.0,8.11,3.24,18.43,20.82,47.62,Stonehill Skyhawks
Todd Brogna,644.8,1190.0,-8.95,85.92150170648463,94.86754966887418,85.92,97.78,43.77,94.8,10.92,36.43,0.0,0.0,13.23,34.39,0.0,8.11,3.24,18.43,20.82,47.62,Stonehill Skyhawks
Pano Pavlidis,564.8,1034.0,-9.07,86.35917566241413,95.42421353670161,86.36,98.23,44.16,95.19,11.09,37.1,0.0,0.0,13.54,34.35,0.0,7.65,3.14,18.35,21.1,47.89,Stonehill Skyhawks
Jackson Benigni,440.0,789.5,-10.61,87.5,98.11320754716981,87.5,99.49,45.03,96.3,10.84,37.63,0.0,0.0,14.29,35.08,0.0,6.76,3.44,17.98,19.52,49.37,Stonehill Skyhawks
Thatcher Stone,40.0,78.5,-13.73,77.63157894736842,91.35802469135803,77.63,97.37,38.16,89.47,7.89,25.0,0.0,0.0,13.16,34.21,0.0,10.53,3.95,23.68,15.79,47.37,Stonehill Skyhawks
Sabry Philip,40.0,76.0,11.58,96.0,84.4155844155844,96.0,86.67,50.67,98.67,13.33,29.33,0.0,0.0,10.67,38.67,0.0,6.67,2.67,12.0,24.0,49.34,Stony Brook Seawolves
Andre Snoddy,660.0,1231.0,4.9,98.78542510121457,93.8875305623472,98.79,93.28,53.04,100.32,11.09,28.18,0.0,0.0,12.71,37.41,0.0,6.72,4.05,12.39,20.32,50.12,Stony Brook Seawolves
Chris Maidoh,905.0,1676.0,2.71,97.32302201070792,94.61400359066428,97.32,94.05,52.83,100.95,9.82,27.07,0.0,0.0,13.74,36.17,0.0,7.32,3.99,12.79,20.7,49.91,Stony Brook Seawolves
Dean Noll,905.0,1676.0,2.71,97.32302201070792,94.61400359066428,97.32,94.05,52.83,100.95,9.82,27.07,0.0,0.0,13.74,36.17,0.0,7.32,3.99,12.79,20.7,49.91,Stony Brook Seawolves
Tyler Stephenson-Moore,905.0,1676.0,2.71,97.32302201070792,94.61400359066428,97.32,94.05,52.83,100.95,9.82,27.07,0.0,0.0,13.74,36.17,0.0,7.32,3.99,12.79,20.7,49.91,Stony Brook Seawolves
Aaron Clarke,865.0,1600.0,2.28,97.38480697384807,95.10664993726475,97.38,94.4,52.93,101.06,9.65,26.96,0.0,0.0,13.89,36.05,0.0,7.35,4.05,12.83,20.55,49.94,Stony Brook Seawolves
Keenan Fitzmorris,245.0,445.0,-3.35,93.27354260089686,96.62162162162163,93.27,96.19,52.24,102.69,6.28,23.99,0.0,0.0,16.59,32.74,0.0,8.97,3.81,13.9,21.75,49.33,Stony Brook Seawolves
Quadir Copeland,40.0,76.0,10.94,89.6103896103896,78.66666666666666,89.61,76.62,51.95,109.09,7.79,27.27,0.0,0.0,19.48,33.77,0.0,22.08,9.09,10.39,9.09,53.25,Syracuse Orange
Maliq Brown,719.1,1427.0,-5.56,94.36717663421419,99.92937853107344,94.37,98.4,52.23,98.26,8.55,24.34,0.0,0.0,11.13,28.58,0.0,11.2,4.03,12.87,18.85,39.71,Syracuse Orange
Chris Bell,839.1,1667.5,-7.43,92.99287410926365,100.42398546335554,92.99,98.46,51.96,97.68,8.02,23.93,0.0,0.0,11.28,28.74,0.0,11.05,4.1,13.6,19.3,40.02,Syracuse Orange
JJ Starling,839.1,1667.5,-7.43,92.99287410926365,100.42398546335554,92.99,98.46,51.96,97.68,8.02,23.93,0.0,0.0,11.28,28.74,0.0,11.05,4.1,13.6,19.3,40.02,Syracuse Orange
Justin Taylor,839.1,1667.5,-7.43,92.99287410926365,100.42398546335554,92.99,98.46,51.96,97.68,8.02,23.93,0.0,0.0,11.28,28.74,0.0,11.05,4.1,13.6,19.3,40.02,Syracuse Orange
Judah Mintz,799.1,1591.5,-8.3,93.15494710640945,101.45939086294416,93.15,99.5,51.96,97.14,8.03,23.77,0.0,0.0,10.89,28.5,0.0,10.52,3.86,13.75,19.79,39.39,Syracuse Orange
Naheem McLeod,120.0,240.5,-18.44,84.95934959349594,103.40425531914894,84.96,98.78,50.41,94.31,4.88,21.54,0.0,0.0,12.2,29.67,0.0,10.16,4.47,17.89,21.95,41.87,Syracuse Orange
Xavier Cork,200.0,400.5,6.07,95.2020202020202,89.13580246913581,95.2,91.16,52.53,100.0,9.6,25.0,0.0,0.0,14.9,31.06,0.0,10.1,4.8,14.9,22.73,45.96,TCU Horned Frogs
Jameer Nelson Jr.,399.6,806.5,2.8,89.74042027194066,86.94029850746269,89.74,86.4,50.93,101.11,8.16,23.49,0.0,0.0,16.56,28.68,0.0,10.88,4.45,15.45,22.5,45.24,TCU Horned Frogs
Trevian Tennyson,539.6,1043.5,0.99,95.31996179560649,94.32692307692308,95.32,93.7,52.44,100.86,8.6,22.83,0.0,0.0,16.71,28.08,0.0,9.55,4.2,15.85,22.16,44.79,TCU Horned Frogs
Emanuel Miller,819.6,1601.0,0.81,92.78158058494088,91.97492163009404,92.78,91.29,51.46,100.5,8.71,23.46,0.0,0.0,16.37,28.38,0.0,10.08,4.17,15.87,22.03,44.75,TCU Horned Frogs
Micah Peavy,819.6,1601.0,0.81,92.78158058494088,91.97492163009404,92.78,91.29,51.46,100.5,8.71,23.46,0.0,0.0,16.37,28.38,0.0,10.08,4.17,15.87,22.03,44.75,TCU Horned Frogs
Avery Anderson III,620.0,1195.5,0.13,94.58784346378019,94.45378151260503,94.59,93.59,51.79,99.08,9.58,23.9,0.0,0.0,14.74,28.23,0.0,9.58,3.91,15.65,21.73,42.97,TCU Horned Frogs
Ernest Udeh Jr.,619.6,1200.5,-0.95,91.99009083402146,92.94117647058823,91.99,91.33,51.11,100.66,8.42,22.96,0.0,0.0,16.85,27.5,0.0,10.07,3.96,16.18,21.8,44.35,TCU Horned Frogs
Chuck O'Bannon Jr.,80.0,156.5,-5.63,77.70700636942675,83.33333333333334,77.71,82.8,45.22,105.73,5.73,24.2,0.0,0.0,25.48,29.94,0.0,13.38,4.46,19.75,21.02,55.42,TCU Horned Frogs
Emmanuel Innocenti,805.0,1550.5,4.0,96.25806451612902,92.26305609284333,96.26,92.32,53.81,101.55,7.61,21.81,0.0,0.0,15.94,29.94,0.0,11.42,5.23,14.39,23.94,45.88,Tarleton State Texans
Devon Barnes,845.0,1627.0,3.45,96.80589680589681,93.35793357933579,96.81,93.24,54.18,101.47,7.74,21.99,0.0,0.0,15.72,29.61,0.0,11.18,5.16,14.25,23.89,45.33,Tarleton State Texans
Jakorie Smith,845.0,1627.0,3.45,96.80589680589681,93.35793357933579,96.81,93.24,54.18,101.47,7.74,21.99,0.0,0.0,15.72,29.61,0.0,11.18,5.16,14.25,23.89,45.33,Tarleton State Texans
KiAndre Gaddy,845.0,1627.0,3.45,96.80589680589681,93.35793357933579,96.81,93.24,54.18,101.47,7.74,21.99,0.0,0.0,15.72,29.61,0.0,11.18,5.16,14.25,23.89,45.33,Tarleton State Texans
Lue Williams,845.0,1627.0,3.45,96.80589680589681,93.35793357933579,96.81,93.24,54.18,101.47,7.74,21.99,0.0,0.0,15.72,29.61,0.0,11.18,5.16,14.25,23.89,45.33,Tarleton State Texans
Adam Moussa,40.0,76.5,-8.31,107.6923076923077,115.99999999999999,107.69,111.54,61.54,100.0,10.26,25.64,0.0,0.0,11.54,23.08,0.0,6.41,3.85,11.54,23.08,34.62,Tarleton State Texans
Steve Settle III,684.7,1303.0,0.47,91.56346749226006,91.0958904109589,91.56,92.65,48.53,102.01,10.68,30.96,0.0,0.0,13.47,33.05,0.0,9.44,4.1,11.46,21.52,46.52,Temple Owls
Matteo Picarelli,694.7,1340.0,0.2,91.5215745647237,91.31714495952906,91.52,93.94,49.36,102.35,10.37,29.9,0.0,0.0,14.16,31.95,0.0,8.78,4.24,11.81,23.85,46.11,Temple Owls
Hysier Miller,934.7,1784.0,-2.22,90.02267573696146,92.23946784922394,90.02,94.33,48.19,102.15,10.37,31.8,0.0,0.0,14.91,31.69,0.0,9.35,3.74,12.76,22.73,46.6,Temple Owls
Jordan Riley,934.7,1784.0,-2.22,90.02267573696146,92.23946784922394,90.02,94.33,48.19,102.15,10.37,31.8,0.0,0.0,14.91,31.69,0.0,9.35,3.74,12.76,22.73,46.6,Temple Owls
Sam Hofman,934.7,1784.0,-2.22,90.02267573696146,92.23946784922394,90.02,94.33,48.19,102.15,10.37,31.8,0.0,0.0,14.91,31.69,0.0,9.35,3.74,12.76,22.73,46.6,Temple Owls
Jahlil White,250.0,481.0,-9.5,85.80508474576271,95.3061224489796,85.81,98.94,47.25,102.54,9.53,34.11,0.0,0.0,18.86,27.97,0.0,9.11,2.75,16.31,26.06,46.83,Temple Owls
Shane Dezonie,240.0,444.0,-9.5,85.55304740406321,95.0561797752809,85.55,95.49,44.7,101.58,10.38,37.47,0.0,0.0,17.16,30.93,0.0,11.06,2.26,15.58,19.41,48.09,Temple Owls
Denim Dawson,360.0,672.5,1.26,87.17948717948718,85.92375366568915,87.18,88.39,50.38,96.68,6.64,21.57,0.0,0.0,14.18,33.18,0.0,7.39,4.52,17.5,27.6,47.36,Tennessee State Tigers
Christian Brown,600.0,1183.0,1.0,89.769820971867,88.76781223805533,89.77,90.28,51.58,97.61,7.84,24.3,0.0,0.0,15.52,31.54,0.0,8.01,4.43,17.9,27.28,47.06,Tennessee State Tigers
Justin Williams,360.0,674.5,0.32,87.70614692653673,87.3900293255132,87.71,89.36,49.93,95.2,7.05,21.74,0.0,0.0,13.19,32.83,0.0,7.35,4.8,17.99,26.99,46.02,Tennessee State Tigers
Jason Jitoboh,760.0,1497.5,-1.78,88.32214765100672,90.09966777408638,88.32,91.01,51.34,96.64,7.45,23.89,0.0,0.0,14.9,31.54,0.0,7.99,4.56,18.26,26.58,46.44,Tennessee State Tigers
Kinyon Hodges,760.0,1497.5,-1.78,88.32214765100672,90.09966777408638,88.32,91.01,51.34,96.64,7.45,23.89,0.0,0.0,14.9,31.54,0.0,7.99,4.56,18.26,26.58,46.44,Tennessee State Tigers
Marcus Fitzgerald Jr.,360.0,737.5,-2.13,88.76860622462787,90.89673913043478,88.77,90.53,52.91,97.16,7.31,23.68,0.0,0.0,15.43,30.18,0.0,8.93,4.47,18.27,26.79,45.61,Tennessee State Tigers
E.J. Bellinger,400.0,825.0,-4.32,89.23821039903265,93.56014580801944,89.24,93.11,52.12,96.61,8.1,25.76,0.0,0.0,15.48,30.23,0.0,8.46,4.59,18.86,25.76,45.71,Tennessee State Tigers
Michael Shanks,160.0,314.5,-12.23,82.96529968454259,95.1923076923077,82.97,93.69,50.47,93.06,5.99,22.4,0.0,0.0,12.62,31.55,0.0,7.89,5.05,19.56,23.97,44.17,Tennessee State Tigers
Jaylen Jones,40.0,85.5,-15.31,89.28571428571429,104.59770114942528,89.29,108.33,48.81,103.57,11.9,42.86,0.0,0.0,23.81,33.33,0.0,4.76,3.57,20.24,21.43,57.14,Tennessee State Tigers
Kyle Layton,524.5,933.5,-7.55,89.32764140875133,96.88172043010753,89.33,96.16,47.49,93.81,9.18,24.87,0.0,0.0,10.57,33.08,0.0,7.26,3.95,16.76,17.93,43.65,Tennessee Tech Golden Eagles
Jayvis Harvey,604.5,1094.5,-8.97,89.46412352406902,98.4375,89.46,97.28,48.23,94.1,8.63,24.61,0.0,0.0,10.72,32.7,0.0,6.99,3.81,16.62,18.89,43.42,Tennessee Tech Golden Eagles
Daniel Egbuniwe,644.5,1168.5,-10.02,88.60544217687075,98.62187769164514,88.61,97.36,47.53,93.62,8.67,24.91,0.0,0.0,10.54,32.57,0.0,7.23,3.91,16.92,18.45,43.11,Tennessee Tech Golden Eagles
Josiah Davis,644.5,1168.5,-10.02,88.60544217687075,98.62187769164514,88.61,97.36,47.53,93.62,8.67,24.91,0.0,0.0,10.54,32.57,0.0,7.23,3.91,16.92,18.45,43.11,Tennessee Tech Golden Eagles
Diante Wood,404.5,723.0,-10.49,88.53591160220995,99.03047091412742,88.54,98.76,46.41,93.23,9.53,25.14,0.0,0.0,10.64,34.25,0.0,6.63,4.28,17.4,17.54,44.89,Tennessee Tech Golden Eagles
Rodney Johnson Jr.,280.0,519.5,-11.53,86.90702087286527,98.4375,86.91,95.64,47.63,93.17,7.59,25.24,0.0,0.0,10.06,29.98,0.0,8.54,3.61,16.89,18.79,40.04,Tennessee Tech Golden Eagles
David Early,120.0,235.0,-19.85,85.77405857740585,105.62770562770562,85.77,102.09,47.7,92.89,6.69,25.1,0.0,0.0,10.46,30.54,0.0,7.11,3.77,17.57,20.5,41.0,Tennessee Tech Golden Eagles
Dalton Knecht,760.0,1528.0,12.5,99.80366492146598,87.30366492146598,99.8,87.3,54.38,103.99,10.99,31.94,0.0,0.0,16.49,33.25,0.0,10.21,5.5,12.5,22.05,49.74,Tennessee Volunteers
Jonas Aidoo,760.0,1528.0,12.5,99.80366492146598,87.30366492146598,99.8,87.3,54.38,103.99,10.99,31.94,0.0,0.0,16.49,33.25,0.0,10.21,5.5,12.5,22.05,49.74,Tennessee Volunteers
Josiah-Jordan James,760.0,1528.0,12.5,99.80366492146598,87.30366492146598,99.8,87.3,54.38,103.99,10.99,31.94,0.0,0.0,16.49,33.25,0.0,10.21,5.5,12.5,22.05,49.74,Tennessee Volunteers
Santiago Vescovi,760.0,1528.0,12.5,99.80366492146598,87.30366492146598,99.8,87.3,54.38,103.99,10.99,31.94,0.0,0.0,16.49,33.25,0.0,10.21,5.5,12.5,22.05,49.74,Tennessee Volunteers
Zakai Zeigler,760.0,1528.0,12.5,99.80366492146598,87.30366492146598,99.8,87.3,54.38,103.99,10.99,31.94,0.0,0.0,16.49,33.25,0.0,10.21,5.5,12.5,22.05,49.74,Tennessee Volunteers
Manny Obaseki,240.0,478.0,8.46,102.04918032786885,93.58974358974359,102.05,89.75,57.17,110.04,10.86,29.71,0.0,0.0,21.31,33.61,0.0,9.02,3.48,11.27,20.7,54.92,Texas A&M Aggies
Wildens Leveque,765.0,1476.5,1.61,95.44541192230409,93.83561643835617,95.45,91.76,54.52,112.26,9.24,30.41,0.0,0.0,23.84,33.82,0.0,8.57,3.75,11.59,22.17,57.66,Texas A&M Aggies
Solomon Washington,680.0,1321.0,0.85,95.88014981273409,95.02677888293802,95.88,93.03,54.46,112.21,9.36,30.64,0.0,0.0,23.82,33.26,0.0,8.39,3.45,11.61,21.95,57.08,Texas A&M Aggies
Tyrece Radford,845.0,1636.5,-1.33,93.78019323671496,95.11440940012369,93.78,92.87,53.74,112.2,8.88,30.5,0.0,0.0,24.21,33.51,0.0,8.76,3.62,12.02,21.8,57.72,Texas A&M Aggies
Wade Taylor IV,845.0,1636.5,-1.33,93.78019323671496,95.11440940012369,93.78,92.87,53.74,112.2,8.88,30.5,0.0,0.0,24.21,33.51,0.0,8.76,3.62,12.02,21.8,57.72,Texas A&M Aggies
Jace Carter,400.0,757.5,-4.89,92.03655352480418,96.92923898531375,92.04,94.78,52.35,111.49,8.62,30.68,0.0,0.0,24.28,32.51,0.0,8.22,3.39,12.79,21.67,56.79,Texas A&M Aggies
Hayden Hefner,205.0,401.0,-6.44,87.06467661691542,93.5,87.06,93.03,52.24,116.17,6.97,31.09,0.0,0.0,27.61,35.32,0.0,9.45,4.23,11.44,23.38,62.93,Texas A&M Aggies
Henry Coleman III,165.0,315.5,-10.44,85.04672897196261,95.48387096774194,85.05,92.21,50.78,112.15,6.85,29.91,0.0,0.0,25.86,34.58,0.0,10.28,4.36,13.71,21.18,60.44,Texas A&M Aggies
Andersson Garcia,80.0,160.0,-28.48,78.52760736196319,107.00636942675159,78.53,103.07,46.63,111.66,5.52,31.29,0.0,0.0,27.61,30.67,0.0,10.43,2.45,15.95,18.4,58.28,Texas A&M Aggies
Prince Davies,80.0,149.0,12.8,94.32624113475178,81.52866242038218,94.33,90.78,44.68,101.42,14.89,51.77,0.0,0.0,16.31,31.91,0.0,10.64,4.96,14.89,30.5,48.22,Texas A&M-Commerce Lions
Zondrick Garrett,240.0,480.5,-2.26,84.58244111349036,86.8421052631579,84.58,91.86,46.04,99.14,10.06,33.4,0.0,0.0,13.7,26.77,0.0,10.71,8.14,14.56,25.91,40.47,Texas A&M-Commerce Lions
Jerome Brewer Jr.,250.0,494.0,-3.66,87.80991735537191,91.46825396825396,87.81,95.25,46.28,99.17,12.4,36.36,0.0,0.0,13.02,26.45,0.0,10.74,5.79,13.84,23.55,39.47,Texas A&M-Commerce Lions
Alonzo Dodd,580.0,1123.0,-4.2,88.11252268602541,92.3076923076923,88.11,95.83,47.28,98.46,11.89,35.39,0.0,0.0,12.7,27.68,0.0,9.8,5.9,14.25,24.23,40.38,Texas A&M-Commerce Lions
Kalen Williams,835.0,1605.5,-5.53,86.68341708542714,92.21741815935763,86.68,93.78,47.68,100.25,10.3,33.61,0.0,0.0,14.01,28.14,0.0,9.36,5.53,13.76,22.74,42.15,Texas A&M-Commerce Lions
Tommie Lewis,715.0,1375.5,-5.71,87.20760233918129,92.91395516992046,87.21,93.93,48.1,100.29,10.53,33.26,0.0,0.0,13.74,28.44,0.0,9.06,5.48,13.45,22.3,42.18,Texas A&M-Commerce Lions
Kwo Agwa,500.0,932.5,-6.29,87.29817007534983,93.58974358974359,87.3,94.29,47.36,100.65,11.19,34.98,0.0,0.0,14.53,28.53,0.0,9.15,5.27,13.89,21.42,43.06,Texas A&M-Commerce Lions
Rob Banks,175.0,344.5,-7.06,86.7816091954023,93.841642228739,86.78,91.95,50.57,101.44,7.47,28.45,0.0,0.0,13.22,29.02,0.0,8.05,4.6,11.78,20.11,42.24,Texas A&M-Commerce Lions
Khaliq Abdul-Mateen,335.0,641.0,-7.46,85.98130841121495,93.4375,85.98,93.15,49.07,101.25,7.94,30.37,0.0,0.0,14.33,28.66,0.0,9.97,4.98,13.08,22.12,42.99,Texas A&M-Commerce Lions
James Weathers,255.0,482.5,-8.53,83.46938775510205,92.0,83.47,89.18,48.57,104.29,6.73,29.59,0.0,0.0,16.94,29.18,0.0,8.37,4.69,12.65,19.39,46.12,Texas A&M-Commerce Lions
Evan Phelps,130.0,249.5,-9.6,77.45901639344262,87.05882352941177,77.46,90.98,43.44,97.95,9.43,35.25,0.0,0.0,13.52,27.05,0.0,8.61,6.15,15.57,25.0,40.57,Texas A&M-Commerce Lions
Ant Abraham,80.0,150.0,-17.34,91.50326797385621,108.843537414966,91.5,104.58,52.29,100.0,10.46,26.14,0.0,0.0,16.34,26.8,0.0,5.23,2.61,16.34,20.26,43.14,Texas A&M-Commerce Lions
Kam Parker,80.0,159.5,26.06,100.0,73.93939393939394,100.0,79.22,53.25,112.34,7.14,25.32,0.0,0.0,24.68,33.12,0.0,15.58,3.9,12.34,27.92,57.8,Texas A&M-Corpus Christi Islanders
Dayne Prim,40.0,79.0,15.19,98.73417721518987,83.54430379746836,98.73,83.54,54.43,88.61,8.86,26.58,0.0,0.0,5.06,34.18,0.0,13.92,1.27,16.46,18.99,39.24,Texas A&M-Corpus Christi Islanders
Jordan Roberts,724.8,1465.0,12.76,91.9753086419753,79.21195652173914,91.98,79.97,52.81,101.58,7.06,21.81,0.0,0.0,16.26,32.51,0.0,10.08,3.7,14.68,25.72,48.77,Texas A&M-Corpus Christi Islanders
Garry Clark,764.8,1542.0,11.76,91.40625,79.65116279069767,91.41,80.27,52.41,101.56,7.1,21.74,0.0,0.0,16.08,32.75,0.0,9.83,3.71,14.52,25.59,48.83,Texas A&M-Corpus Christi Islanders
Marion Humphrey,764.8,1542.0,11.76,91.40625,79.65116279069767,91.41,80.27,52.41,101.56,7.1,21.74,0.0,0.0,16.08,32.75,0.0,9.83,3.71,14.52,25.59,48.83,Texas A&M-Corpus Christi Islanders
Stephen Giwa,724.8,1463.0,11.57,91.0089224433768,79.44179714091219,91.01,80.1,52.3,102.26,7.0,21.48,0.0,0.0,16.68,32.67,0.0,9.61,3.84,14.41,25.94,49.35,Texas A&M-Corpus Christi Islanders
Owen Dease,644.8,1292.0,10.86,90.48723897911833,79.62819519752131,90.49,79.51,51.97,100.46,7.35,21.96,0.0,0.0,15.31,33.18,0.0,9.05,3.63,14.85,25.06,48.49,Texas A&M-Corpus Christi Islanders
Dian Wright-Forde,40.0,90.5,-0.33,89.8876404494382,90.21739130434783,89.89,93.26,57.3,98.88,3.37,12.36,0.0,0.0,12.36,25.84,0.0,11.24,4.49,13.48,29.21,38.2,Texas A&M-Corpus Christi Islanders
Tedrick Washington Jr.,40.0,77.0,-7.39,80.76923076923077,88.1578947368421,80.77,85.9,44.87,101.28,7.69,20.51,0.0,0.0,12.82,37.18,0.0,5.13,3.85,11.54,23.08,50.0,Texas A&M-Corpus Christi Islanders
Ithiel Horton,405.0,779.5,5.59,100.78125,95.19595448798988,100.78,98.05,55.34,99.48,9.9,27.34,0.0,0.0,11.2,28.78,0.0,9.38,3.91,11.72,24.48,39.98,Texas Longhorns
Dylan Disu,725.0,1394.5,3.93,97.60869565217392,93.68346344925479,97.61,95.65,52.97,98.26,9.71,27.03,0.0,0.0,12.32,29.42,0.0,9.71,4.64,14.06,24.13,41.74,Texas Longhorns
Max Abmas,765.0,1472.0,3.16,97.11538461538461,93.95161290322581,97.12,96.02,52.61,98.42,9.62,26.85,0.0,0.0,12.71,29.46,0.0,9.55,4.67,14.29,24.11,42.17,Texas Longhorns
Tyrese Hunter,765.0,1472.0,3.16,97.11538461538461,93.95161290322581,97.12,96.02,52.61,98.42,9.62,26.85,0.0,0.0,12.71,29.46,0.0,9.55,4.67,14.29,24.11,42.17,Texas Longhorns
Dillon Mitchell,725.0,1393.0,2.66,96.07272727272728,93.40892983699504,96.07,95.85,51.71,98.76,9.75,27.56,0.0,0.0,13.16,29.67,0.0,9.38,4.87,14.4,24.29,42.83,Texas Longhorns
Chendall Weaver,240.0,456.5,1.95,93.42105263157895,91.46608315098467,93.42,91.67,50.0,98.9,9.21,26.54,0.0,0.0,14.47,30.7,0.0,9.87,6.36,15.57,21.49,45.17,Texas Longhorns
Brock Cunningham,160.0,315.0,1.24,98.08306709265176,96.84542586750788,98.08,98.08,53.67,93.61,8.95,23.0,0.0,0.0,11.82,28.43,0.0,10.22,3.19,18.21,26.2,40.25,Texas Longhorns
Kadin Shedrick,40.0,77.5,-10.58,88.1578947368421,98.73417721518987,88.16,102.63,46.05,101.32,7.89,23.68,0.0,0.0,19.74,30.26,0.0,6.58,5.26,18.42,23.68,50.0,Texas Longhorns
Chris Craig,40.0,86.0,15.13,106.89655172413792,91.76470588235294,106.9,89.66,56.32,100.0,16.09,34.48,0.0,0.0,20.69,29.89,0.0,10.34,3.45,20.69,21.84,50.58,Texas Southern Tigers
Kehlin Farooq,40.0,88.5,15.13,94.44444444444444,79.3103448275862,94.44,76.67,60.0,105.56,10.0,21.11,0.0,0.0,24.44,31.11,0.0,10.0,3.33,18.89,26.67,55.55,Texas Southern Tigers
Jonathan Cisse,600.0,1152.0,9.6,96.06643356643356,86.4655172413793,96.07,87.67,51.92,101.22,10.23,31.64,0.0,0.0,17.66,32.08,0.0,8.74,5.33,16.43,23.51,49.74,Texas Southern Tigers
Deon Stroud,480.0,906.5,8.98,95.45957918050941,86.48351648351648,95.46,87.15,51.72,97.56,10.63,30.79,0.0,0.0,15.28,33.33,0.0,8.75,4.65,17.72,21.48,48.61,Texas Southern Tigers
Grayson Carter,765.0,1467.0,8.41,93.71584699453553,85.3061224489796,93.72,85.66,51.5,101.09,10.04,30.81,0.0,0.0,18.03,32.72,0.0,8.81,5.05,16.94,22.75,50.75,Texas Southern Tigers
Zaire Hayes,285.0,555.0,8.1,91.77101967799642,83.66606170598911,91.77,82.47,51.88,103.76,9.12,28.09,0.0,0.0,19.68,32.38,0.0,8.77,5.9,15.92,22.54,52.06,Texas Southern Tigers
Kenny Hunter,684.9,1305.0,7.22,93.9509954058193,86.73312883435584,93.95,86.6,52.14,100.23,9.8,29.94,0.0,0.0,16.69,32.39,0.0,8.96,4.98,16.46,22.28,49.08,Texas Southern Tigers
PJ Henry,639.9,1239.5,6.9,93.6944219886823,86.79549114331722,93.69,87.15,52.06,99.92,10.11,30.72,0.0,0.0,17.87,31.93,0.0,9.05,4.45,17.95,23.77,49.8,Texas Southern Tigers
Kolby Granger,199.9,384.0,5.21,90.10416666666666,84.89583333333334,90.1,84.9,51.56,104.69,8.33,31.25,0.0,0.0,20.05,34.9,0.0,9.11,6.77,15.36,25.52,54.95,Texas Southern Tigers
Zytarious Mortle,40.0,70.5,1.77,76.05633802816901,74.28571428571429,76.06,73.24,43.66,95.77,7.04,18.31,0.0,0.0,14.08,40.85,0.0,9.86,5.63,18.31,11.27,54.93,Texas Southern Tigers
Jahmar Young Jr.,164.9,326.0,1.77,88.61538461538461,86.85015290519877,88.62,87.38,51.08,106.46,7.08,29.54,0.0,0.0,24.31,31.69,0.0,9.54,3.38,17.85,28.0,56.0,Texas Southern Tigers
Xavier Ball,45.0,85.0,1.41,90.69767441860465,89.28571428571429,90.7,87.21,48.84,109.3,9.3,34.88,0.0,0.0,24.42,29.07,0.0,9.3,1.16,15.12,20.93,53.49,Texas Southern Tigers
Jaylen Wysinger,39.9,82.5,-7.19,94.04761904761905,101.23456790123457,94.05,97.62,59.52,100.0,5.95,21.43,0.0,0.0,17.86,28.57,0.0,11.9,2.38,17.86,29.76,46.43,Texas Southern Tigers
Davion Sykes,530.0,1044.0,2.21,87.62983947119925,85.42274052478133,87.63,83.0,51.94,98.3,5.29,15.2,0.0,0.0,14.07,29.75,0.0,10.39,3.4,15.77,20.59,43.82,Texas State Bobcats
Coleton Benson,80.0,153.5,1.48,91.61290322580645,90.13157894736842,91.61,88.39,53.55,109.03,5.16,16.13,0.0,0.0,19.35,29.68,0.0,12.9,1.94,10.32,18.06,49.03,Texas State Bobcats
Brandon Love,850.0,1652.0,-2.34,87.64247150569886,89.98167379352473,87.64,88.36,51.11,98.08,5.76,16.5,0.0,0.0,14.22,30.11,0.0,9.3,3.6,16.14,21.36,44.33,Texas State Bobcats
Christian Turner,890.0,1735.5,-3.3,87.27168949771689,90.57591623036649,87.27,88.87,51.03,97.66,5.54,16.44,0.0,0.0,13.98,30.08,0.0,9.19,3.6,16.32,20.89,44.06,Texas State Bobcats
Dylan Dawson,810.0,1582.0,-3.77,86.85034439574201,90.61901723037651,86.85,88.92,50.78,96.56,5.57,16.47,0.0,0.0,13.46,30.12,0.0,8.83,3.76,16.91,21.16,43.58,Texas State Bobcats
Jordan Mason,730.0,1435.0,-4.33,88.06896551724138,92.3943661971831,88.07,90.48,51.72,97.79,5.66,17.24,0.0,0.0,13.86,29.17,0.0,8.9,3.59,16.07,20.97,43.03,Texas State Bobcats
Kaden Gumbs,520.0,992.0,-7.6,85.7286432160804,93.32659251769464,85.73,92.76,49.05,96.78,5.63,16.58,0.0,0.0,14.07,31.76,0.0,8.34,3.82,17.29,21.11,45.83,Texas State Bobcats
Chris Nix,40.0,83.5,-22.44,80.0,102.4390243902439,80.0,98.82,49.41,89.41,1.18,15.29,0.0,0.0,9.41,29.41,0.0,7.06,3.53,20.0,11.76,38.82,Texas State Bobcats
Darrion Williams,760.0,1443.5,2.53,97.7946243969676,95.26462395543176,97.79,94.28,53.14,99.31,10.96,29.36,0.0,0.0,13.23,32.12,0.0,8.2,2.55,13.92,20.81,45.35,Texas Tech Red Raiders
Warren Washington,440.0,808.5,1.39,98.8957055214724,97.50623441396509,98.9,95.95,53.25,100.25,11.41,29.57,0.0,0.0,13.5,32.52,0.0,7.85,3.07,13.25,19.14,46.02,Texas Tech Red Raiders
Joe Toussaint,800.0,1518.5,0.38,96.60130718954248,96.2176509621765,96.6,94.77,52.81,98.69,10.85,29.28,0.0,0.0,13.14,31.9,0.0,8.04,2.48,14.44,20.65,45.04,Texas Tech Red Raiders
Kerwin Walton,800.0,1518.5,0.38,96.60130718954248,96.2176509621765,96.6,94.77,52.81,98.69,10.85,29.28,0.0,0.0,13.14,31.9,0.0,8.04,2.48,14.44,20.65,45.04,Texas Tech Red Raiders
Pop Isaacs,800.0,1518.5,0.38,96.60130718954248,96.2176509621765,96.6,94.77,52.81,98.69,10.85,29.28,0.0,0.0,13.14,31.9,0.0,8.04,2.48,14.44,20.65,45.04,Texas Tech Red Raiders
Robert Jennings,360.0,710.0,-0.77,93.98601398601399,94.7517730496454,93.99,93.43,52.31,96.92,10.21,28.95,0.0,0.0,12.73,31.19,0.0,8.25,1.82,15.8,22.38,43.92,Texas Tech Red Raiders
Chance McMillian,40.0,75.0,-40.81,74.68354430379746,115.49295774647888,74.68,103.8,46.84,87.34,8.86,27.85,0.0,0.0,11.39,27.85,0.0,5.06,1.27,24.05,17.72,39.24,Texas Tech Red Raiders
Marcus Pigram,80.0,145.5,-9.58,89.04109589041096,98.62068965517241,89.04,97.95,50.0,96.58,7.53,29.45,0.0,0.0,16.44,32.19,0.0,7.53,3.42,19.86,23.97,48.63,The Citadel Bulldogs
AJ Smith,685.0,1253.0,-11.51,92.05974842767296,103.56564019448946,92.06,100.47,51.18,98.66,7.15,23.27,0.0,0.0,15.02,30.42,0.0,8.1,2.91,16.35,18.95,45.44,The Citadel Bulldogs
Elijah Morgan,765.0,1396.0,-12.27,92.2316384180791,104.50581395348837,92.23,101.55,51.2,98.8,7.34,23.45,0.0,0.0,15.18,30.51,0.0,7.77,3.18,16.38,18.64,45.69,The Citadel Bulldogs
Madison Durr,765.0,1396.0,-12.27,92.2316384180791,104.50581395348837,92.23,101.55,51.2,98.8,7.34,23.45,0.0,0.0,15.18,30.51,0.0,7.77,3.18,16.38,18.64,45.69,The Citadel Bulldogs
Quentin Millora-Brown,765.0,1396.0,-12.27,92.2316384180791,104.50581395348837,92.23,101.55,51.2,98.8,7.34,23.45,0.0,0.0,15.18,30.51,0.0,7.77,3.18,16.38,18.64,45.69,The Citadel Bulldogs
Keynan Davis,685.0,1250.5,-12.6,92.5984251968504,105.19902518277824,92.6,101.97,51.34,99.06,7.32,22.76,0.0,0.0,15.04,30.31,0.0,7.8,3.15,15.98,18.03,45.35,The Citadel Bulldogs
Winston Hill,40.0,71.0,-18.68,97.26027397260275,115.94202898550725,97.26,109.59,57.53,113.7,6.85,17.81,0.0,0.0,20.55,28.77,0.0,5.48,5.48,6.85,17.81,49.32,The Citadel Bulldogs
Colby McAllister,40.0,72.0,-19.45,90.14084507042254,109.58904109589041,90.14,112.68,45.07,85.92,11.27,32.39,0.0,0.0,12.68,33.8,0.0,4.23,5.63,26.76,14.08,46.48,The Citadel Bulldogs
Dante Maddox Jr.,759.8,1474.5,4.42,99.40476190476191,94.98956158663883,99.4,90.28,56.28,100.79,8.0,21.23,0.0,0.0,13.23,31.22,0.0,8.2,1.85,12.43,18.78,44.45,Toledo Rockets
Javan Simmons,759.8,1474.5,4.42,99.40476190476191,94.98956158663883,99.4,90.28,56.28,100.79,8.0,21.23,0.0,0.0,13.23,31.22,0.0,8.2,1.85,12.43,18.78,44.45,Toledo Rockets
Ra'Heim Moss,759.8,1474.5,4.42,99.40476190476191,94.98956158663883,99.4,90.28,56.28,100.79,8.0,21.23,0.0,0.0,13.23,31.22,0.0,8.2,1.85,12.43,18.78,44.45,Toledo Rockets
Sonny Wilson,759.8,1474.5,4.42,99.40476190476191,94.98956158663883,99.4,90.28,56.28,100.79,8.0,21.23,0.0,0.0,13.23,31.22,0.0,8.2,1.85,12.43,18.78,44.45,Toledo Rockets
Tyler Cochran,759.8,1474.5,4.42,99.40476190476191,94.98956158663883,99.4,90.28,56.28,100.79,8.0,21.23,0.0,0.0,13.23,31.22,0.0,8.2,1.85,12.43,18.78,44.45,Toledo Rockets
Mekhi Lowery,40.0,71.0,35.21,112.67605633802818,77.46478873239437,112.68,77.46,56.34,111.27,14.08,40.85,0.0,0.0,28.17,38.03,0.0,8.45,4.23,16.9,29.58,66.2,Towson Tigers
Dylan Williamson,245.0,416.0,4.87,91.9431279620853,87.07317073170732,91.94,84.6,49.53,100.95,11.14,31.04,0.0,0.0,19.67,33.18,0.0,8.06,6.4,18.72,23.22,52.85,Towson Tigers
Messiah Jones,560.0,990.5,4.8,95.80838323353294,91.01123595505618,95.81,88.92,53.09,107.78,8.78,26.95,0.0,0.0,22.36,35.33,0.0,8.28,5.39,14.57,22.85,57.69,Towson Tigers
Tyler Tejada,600.0,1062.5,4.36,94.67787114845937,90.32258064516128,94.68,88.89,52.19,106.82,8.78,26.98,0.0,0.0,21.76,35.29,0.0,8.59,5.51,14.94,23.06,57.05,Towson Tigers
Charles Thompson,765.0,1339.5,2.97,93.11111111111111,90.14296463506396,93.11,88.74,51.04,104.81,9.26,27.63,0.0,0.0,21.11,34.37,0.0,8.37,5.63,16.3,23.04,55.48,Towson Tigers
Chase Paar,40.0,68.0,2.78,90.27777777777779,87.5,90.28,77.78,54.17,105.56,8.33,25.0,0.0,0.0,15.28,37.5,0.0,9.72,9.72,9.72,18.06,52.78,Towson Tigers
Christian May,765.0,1336.5,1.24,91.9319022945966,90.69591527987897,91.93,88.75,50.93,104.52,8.96,26.79,0.0,0.0,20.43,34.34,0.0,8.44,5.92,15.91,22.43,54.77,Towson Tigers
Nendah Tarke,765.0,1336.5,1.24,91.9319022945966,90.69591527987897,91.93,88.75,50.93,104.52,8.96,26.79,0.0,0.0,20.43,34.34,0.0,8.44,5.92,15.91,22.43,54.77,Towson Tigers
Tomiwa Sulaiman,245.0,417.0,-1.49,86.19047619047619,87.68115942028986,86.19,86.43,46.67,97.86,10.24,28.81,0.0,0.0,17.14,32.62,0.0,8.81,6.9,19.29,22.62,49.76,Towson Tigers
Marcus Rigsby Jr.,40.0,78.5,15.4,98.73417721518987,83.33333333333334,98.73,82.28,56.96,92.41,8.86,21.52,0.0,0.0,8.86,31.65,0.0,13.92,2.53,16.46,20.25,40.51,Troy Trojans
Jackson Fields,560.0,1094.0,9.91,97.82608695652173,87.91512915129151,97.83,86.32,53.08,104.35,10.96,31.97,0.0,0.0,19.57,33.15,0.0,12.41,4.71,15.22,22.64,52.72,Troy Trojans
Theo Seng,400.0,788.5,8.48,94.28934010152284,85.80481622306718,94.29,85.91,50.63,100.63,11.42,31.6,0.0,0.0,17.26,31.22,0.0,14.59,4.19,16.62,23.48,48.48,Troy Trojans
Aamer Muhammad,765.0,1529.5,7.36,95.45159194282002,88.09210526315789,95.45,87.0,53.15,101.88,10.33,29.89,0.0,0.0,17.93,30.41,0.0,13.45,3.96,16.05,22.87,48.34,Troy Trojans
Christyon Eugene,725.0,1451.0,6.92,95.27397260273973,88.3495145631068,95.27,87.26,52.95,102.4,10.41,30.34,0.0,0.0,18.42,30.34,0.0,13.42,4.04,16.03,23.01,48.76,Troy Trojans
Myles Rigsby,605.0,1213.5,6.7,95.8265139116203,89.1286307053942,95.83,87.89,53.27,100.9,10.56,29.71,0.0,0.0,17.43,29.95,0.0,13.09,3.93,16.53,22.83,47.38,Troy Trojans
Thomas Dowd,365.0,741.0,6.11,96.6711051930759,90.56087551299589,96.67,88.15,55.79,103.2,9.19,28.1,0.0,0.0,18.64,29.56,0.0,12.25,3.73,15.45,22.24,48.2,Troy Trojans
Victor Valdes,365.0,751.5,4.67,91.3563829787234,86.6844207723036,91.36,86.57,53.06,99.87,9.04,27.13,0.0,0.0,16.36,27.13,0.0,15.56,2.93,16.49,23.27,43.49,Troy Trojans
Gregg Glenn III,40.0,75.0,2.46,98.61111111111111,96.15384615384616,98.61,104.17,51.39,113.89,8.33,31.94,0.0,0.0,18.06,31.94,0.0,6.94,5.56,4.17,27.78,50.0,Tulane Green Wave
Kolby King,485.0,985.0,-3.11,93.62992922143579,96.73802242609581,93.63,95.96,51.16,98.89,9.4,25.38,0.0,0.0,11.43,31.65,0.0,7.38,5.16,12.54,21.94,43.08,Tulane Green Wave
Jaylen Forbes,730.0,1473.0,-4.71,93.85550303848751,98.5665529010239,93.86,97.5,52.46,98.45,9.32,24.92,0.0,0.0,11.68,31.6,0.0,7.49,5.6,13.23,21.47,43.28,Tulane Green Wave
Kevin Cross,770.0,1562.0,-5.07,93.06615776081425,98.13144329896907,93.07,96.88,52.1,98.41,8.97,24.68,0.0,0.0,11.64,31.17,0.0,7.51,5.41,13.23,21.5,42.81,Tulane Green Wave
Sion James,770.0,1562.0,-5.07,93.06615776081425,98.13144329896907,93.07,96.88,52.1,98.41,8.97,24.68,0.0,0.0,11.64,31.17,0.0,7.51,5.41,13.23,21.5,42.81,Tulane Green Wave
Collin Holloway,730.0,1487.0,-5.44,92.80000000000001,98.23609226594301,92.8,96.53,52.13,97.67,9.0,24.33,0.0,0.0,11.33,31.13,0.0,7.53,5.4,13.67,21.2,42.46,Tulane Green Wave
Tre' Williams,325.0,666.0,-8.74,90.50445103857567,99.24012158054711,90.5,96.88,52.67,97.63,7.57,23.15,0.0,0.0,11.87,29.53,0.0,7.72,5.34,14.24,20.92,41.4,Tulane Green Wave
Carlous Williams,770.0,1560.5,-4.88,89.95492594977463,94.83418367346938,89.95,95.75,49.71,95.69,9.66,29.49,0.0,0.0,10.62,31.62,0.0,8.31,3.73,14.94,21.96,42.24,Tulsa Golden Hurricane
Cobe Williams,770.0,1560.5,-4.88,89.95492594977463,94.83418367346938,89.95,95.75,49.71,95.69,9.66,29.49,0.0,0.0,10.62,31.62,0.0,8.31,3.73,14.94,21.96,42.24,Tulsa Golden Hurricane
Isaiah Barnes,770.0,1560.5,-4.88,89.95492594977463,94.83418367346938,89.95,95.75,49.71,95.69,9.66,29.49,0.0,0.0,10.62,31.62,0.0,8.31,3.73,14.94,21.96,42.24,Tulsa Golden Hurricane
Jared Garcia,770.0,1560.5,-4.88,89.95492594977463,94.83418367346938,89.95,95.75,49.71,95.69,9.66,29.49,0.0,0.0,10.62,31.62,0.0,8.31,3.73,14.94,21.96,42.24,Tulsa Golden Hurricane
PJ Haggerty,770.0,1560.5,-4.88,89.95492594977463,94.83418367346938,89.95,95.75,49.71,95.69,9.66,29.49,0.0,0.0,10.62,31.62,0.0,8.31,3.73,14.94,21.96,42.24,Tulsa Golden Hurricane
Christian Coleman,120.0,237.5,10.68,102.45901639344261,91.77489177489177,102.46,86.89,57.38,106.56,8.61,22.95,0.0,0.0,14.75,31.56,0.0,10.25,6.56,8.2,19.67,46.31,UAB Blazers
Daniel Ortiz,40.0,82.5,5.66,109.41176470588236,103.75000000000001,109.41,97.65,63.53,105.88,8.24,22.35,0.0,0.0,15.29,31.76,0.0,8.24,4.71,9.41,25.88,47.05,UAB Blazers
Alejandro Vasquez,690.0,1353.5,2.64,95.91240875912409,93.26851159311892,95.91,91.02,54.45,100.73,7.96,22.99,0.0,0.0,15.33,31.31,0.0,8.03,5.84,14.6,19.49,46.64,UAB Blazers
Tony Toney,245.0,490.0,2.47,94.37751004016064,91.90871369294605,94.38,88.96,54.62,102.81,8.63,24.3,0.0,0.0,15.06,33.94,0.0,7.63,4.82,12.25,21.08,49.0,UAB Blazers
Yaxel Lendeborg,850.0,1684.5,1.29,95.38011695906434,94.09282700421942,95.38,91.29,54.44,101.11,8.01,23.16,0.0,0.0,15.44,31.81,0.0,7.72,5.67,14.33,20.06,47.25,UAB Blazers
Eric Gaines,765.0,1525.5,1.14,95.61007101355713,94.47403462050599,95.61,91.61,54.42,100.77,8.07,22.92,0.0,0.0,15.49,31.89,0.0,7.42,5.75,14.72,20.01,47.38,UAB Blazers
Javian Davis,730.0,1447.0,-0.27,94.20190995907231,94.46778711484593,94.2,92.02,53.96,100.2,7.91,23.19,0.0,0.0,15.55,31.86,0.0,7.3,5.53,15.35,20.12,47.41,UAB Blazers
Efrem Johnson,810.0,1602.0,-0.32,94.28746928746928,94.60659898477158,94.29,91.58,53.93,100.98,7.8,23.22,0.0,0.0,15.6,31.51,0.0,7.74,5.77,14.62,19.96,47.11,UAB Blazers
Marcus Filien,404.7,834.5,4.02,99.13473423980223,95.11627906976744,99.13,101.11,50.56,100.25,11.62,33.0,0.0,0.0,13.72,29.05,0.0,9.39,3.71,13.47,24.23,42.77,UAlbany Great Danes
Tyler Bertram,444.7,911.5,1.87,97.50849377123443,95.63829787234043,97.51,101.81,49.6,100.34,11.44,33.41,0.0,0.0,14.04,28.99,0.0,9.63,3.51,13.7,24.01,43.03,UAlbany Great Danes
Aaron Reddish,644.3,1335.5,0.89,95.662100456621,94.76787030213707,95.66,97.87,50.99,100.61,9.82,29.38,0.0,0.0,15.07,28.54,0.0,9.51,3.58,14.46,23.74,43.61,UAlbany Great Danes
Amar'e Marshall,684.3,1431.0,0.77,96.7948717948718,96.02194787379973,96.79,99.72,51.14,100.71,10.26,30.27,0.0,0.0,15.03,28.49,0.0,9.47,3.63,14.32,23.93,43.52,UAlbany Great Danes
Sebastian Thomas,684.3,1431.0,0.77,96.7948717948718,96.02194787379973,96.79,99.72,51.14,100.71,10.26,30.27,0.0,0.0,15.03,28.49,0.0,9.47,3.63,14.32,23.93,43.52,UAlbany Great Danes
Ny'Mire Little,40.0,95.5,0.46,113.33333333333333,112.87128712871286,113.33,126.67,53.33,102.22,16.67,43.33,0.0,0.0,14.44,27.78,0.0,8.89,4.44,12.22,26.67,42.22,UAlbany Great Danes
Marcus Jackson,239.6,519.5,-1.13,95.58541266794626,96.71814671814671,95.59,96.16,53.74,101.34,8.25,24.95,0.0,0.0,16.7,27.64,0.0,9.21,3.84,15.36,23.8,44.34,UAlbany Great Danes
Jonathan Beagle,239.8,512.5,-2.95,94.71624266144813,97.66536964980544,94.72,98.24,52.64,103.13,8.81,27.98,0.0,0.0,18.2,27.79,0.0,9.2,3.13,15.07,23.68,45.99,UAlbany Great Danes
Muneer Newton,39.8,84.0,-8.33,86.90476190476191,95.23809523809523,86.9,95.24,47.62,90.48,5.95,17.86,0.0,0.0,8.33,27.38,0.0,11.9,5.95,17.86,22.62,35.71,UAlbany Great Danes
Leo DeBruhl,85.0,169.0,12.1,92.21556886227546,80.11695906432749,92.22,82.04,51.5,96.41,8.98,25.75,0.0,0.0,10.78,31.74,0.0,10.18,2.99,14.37,26.35,42.52,UC Davis Aggies
Pablo Tamba,120.0,218.5,11.39,95.41284403669725,84.01826484018264,95.41,84.4,53.21,98.62,9.17,25.69,0.0,0.0,14.68,32.11,0.0,11.47,5.05,16.06,23.85,46.79,UC Davis Aggies
Elijah Pepper,890.0,1700.0,3.11,91.33996489174956,88.23181549379065,91.34,87.3,51.84,97.48,8.78,26.92,0.0,0.0,13.52,31.48,0.0,10.24,4.45,16.03,24.69,45.0,UC Davis Aggies
Kane Milling,890.0,1700.0,3.11,91.33996489174956,88.23181549379065,91.34,87.3,51.84,97.48,8.78,26.92,0.0,0.0,13.52,31.48,0.0,10.24,4.45,16.03,24.69,45.0,UC Davis Aggies
Niko Rocak,850.0,1632.0,2.92,90.91463414634147,87.99261083743842,90.91,87.13,51.65,97.32,8.66,26.83,0.0,0.0,13.48,31.46,0.0,10.3,4.51,16.16,24.7,44.94,UC Davis Aggies
Ade Adebayo,810.0,1549.5,2.13,91.21794871794872,89.08382066276803,91.22,87.88,51.86,97.5,8.85,27.18,0.0,0.0,13.4,31.41,0.0,10.0,4.29,15.9,24.81,44.81,UC Davis Aggies
Ty Johnson,805.0,1531.0,2.1,91.24513618677042,89.14473684210526,91.25,87.87,51.88,97.6,8.75,27.04,0.0,0.0,13.81,31.45,0.0,10.25,4.6,16.21,24.51,45.26,UC Davis Aggies
Bent Leuchten,729.8,1436.0,12.35,94.4870900209351,82.14037526059764,94.49,82.48,54.99,98.81,6.7,19.82,0.0,0.0,13.61,34.68,0.0,8.16,4.19,14.79,23.31,48.29,UC Irvine Anteaters
Justin Hohn,809.8,1597.5,10.75,94.17293233082707,83.42714196372732,94.17,83.58,54.76,99.0,6.7,19.61,0.0,0.0,13.66,34.71,0.0,7.96,4.32,14.66,22.93,48.37,UC Irvine Anteaters
Andre Henry,849.8,1673.5,10.52,94.32497013142175,83.80155409444112,94.32,83.75,54.96,99.22,6.69,19.59,0.0,0.0,13.62,34.59,0.0,7.77,4.36,14.4,23.0,48.21,UC Irvine Anteaters
Devin Tillis,849.8,1673.5,10.52,94.32497013142175,83.80155409444112,94.32,83.75,54.96,99.22,6.69,19.59,0.0,0.0,13.62,34.59,0.0,7.77,4.36,14.4,23.0,48.21,UC Irvine Anteaters
Pierre Crockrell II,849.8,1673.5,10.52,94.32497013142175,83.80155409444112,94.32,83.75,54.96,99.22,6.69,19.59,0.0,0.0,13.62,34.59,0.0,7.77,4.36,14.4,23.0,48.21,UC Irvine Anteaters
Dean Keeler,40.0,76.0,5.54,97.43589743589743,91.8918918918919,97.44,87.18,58.97,103.85,6.41,19.23,0.0,0.0,12.82,32.05,0.0,3.85,5.13,8.97,24.36,44.87,UC Irvine Anteaters
Dylan Thoerner,40.0,76.0,5.54,97.43589743589743,91.8918918918919,97.44,87.18,58.97,103.85,6.41,19.23,0.0,0.0,12.82,32.05,0.0,3.85,5.13,8.97,24.36,44.87,UC Irvine Anteaters
Carter Welling,80.0,161.5,-3.59,91.41104294478528,95.0,91.41,93.25,52.76,100.61,6.75,17.79,0.0,0.0,14.11,34.97,0.0,6.13,5.52,13.5,19.63,49.08,UC Irvine Anteaters
Kaleb Smith,644.8,1215.5,1.66,95.48069022185702,93.82207578253706,95.48,93.59,51.27,105.59,11.91,34.51,0.0,0.0,18.41,33.03,0.0,7.4,1.64,12.82,22.02,51.44,UC Riverside Highlanders
Wil Tattersall,324.9,638.5,1.6,95.4041204437401,93.80804953560371,95.4,96.04,52.14,107.77,10.46,33.44,0.0,0.0,18.86,30.59,0.0,8.72,1.43,11.09,24.56,49.45,UC Riverside Highlanders
Nate Pickens,764.8,1444.5,0.55,93.69806094182826,93.14878892733563,93.7,93.21,50.35,105.75,11.5,33.8,0.0,0.0,18.63,32.96,0.0,7.69,1.8,12.88,21.95,51.59,UC Riverside Highlanders
Barrington Hargress,884.6,1690.5,-0.52,93.17507418397626,93.69103773584906,93.18,94.3,50.33,106.05,11.04,34.18,0.0,0.0,18.69,32.46,0.0,7.54,1.72,12.64,22.91,51.15,UC Riverside Highlanders
Kyle Owens,724.6,1382.0,-1.09,92.25759768451519,93.34298118668596,92.26,93.34,49.93,106.15,10.49,33.65,0.0,0.0,18.96,33.14,0.0,7.02,1.88,12.81,22.94,52.1,UC Riverside Highlanders
Isaiah Moses,719.6,1379.0,-2.68,90.96868171886379,93.64620938628158,90.97,94.46,49.16,105.39,10.78,34.89,0.0,0.0,18.43,32.77,0.0,7.06,1.75,13.04,23.16,51.2,UC Riverside Highlanders
Benjamin Griscti,359.9,702.5,-3.02,92.20779220779221,95.2247191011236,92.21,97.84,50.07,107.07,10.68,34.78,0.0,0.0,19.19,30.16,0.0,8.37,1.59,12.12,24.39,49.35,UC Riverside Highlanders
Aniwaniwa Tait-Jones,810.0,1508.5,7.49,100.65616797900263,93.16811788345612,100.66,91.27,54.33,101.38,11.35,31.5,0.0,0.0,13.52,32.68,0.0,8.27,3.22,12.14,21.65,46.2,UC San Diego Tritons
Bryce Pope,810.0,1508.5,7.49,100.65616797900263,93.16811788345612,100.66,91.27,54.33,101.38,11.35,31.5,0.0,0.0,13.52,32.68,0.0,8.27,3.22,12.14,21.65,46.2,UC San Diego Tritons
Francis Nwaokorie,810.0,1508.5,7.49,100.65616797900263,93.16811788345612,100.66,91.27,54.33,101.38,11.35,31.5,0.0,0.0,13.52,32.68,0.0,8.27,3.22,12.14,21.65,46.2,UC San Diego Tritons
Hayden Gray,810.0,1508.5,7.49,100.65616797900263,93.16811788345612,100.66,91.27,54.33,101.38,11.35,31.5,0.0,0.0,13.52,32.68,0.0,8.27,3.22,12.14,21.65,46.2,UC San Diego Tritons
J'Raan Brooks,810.0,1508.5,7.49,100.65616797900263,93.16811788345612,100.66,91.27,54.33,101.38,11.35,31.5,0.0,0.0,13.52,32.68,0.0,8.27,3.22,12.14,21.65,46.2,UC San Diego Tritons
Matija Belic,245.0,470.0,-0.21,89.6842105263158,89.89247311827957,89.68,88.0,52.0,96.0,6.11,19.16,0.0,0.0,11.58,32.21,0.0,7.16,5.05,15.58,23.16,43.79,UC Santa Barbara Gauchos
Ajay Mitchell,849.5,1621.5,-3.52,91.8491484184915,95.37210756722952,91.85,92.76,52.68,95.07,7.42,21.29,0.0,0.0,11.31,32.12,0.0,6.87,3.71,16.24,22.26,43.43,UC Santa Barbara Gauchos
Cole Anderson,849.5,1621.5,-3.52,91.8491484184915,95.37210756722952,91.85,92.76,52.68,95.07,7.42,21.29,0.0,0.0,11.31,32.12,0.0,6.87,3.71,16.24,22.26,43.43,UC Santa Barbara Gauchos
Josh Pierre-Louis,849.5,1621.5,-3.52,91.8491484184915,95.37210756722952,91.85,92.76,52.68,95.07,7.42,21.29,0.0,0.0,11.31,32.12,0.0,6.87,3.71,16.24,22.26,43.43,UC Santa Barbara Gauchos
Yohan Traore,849.5,1621.5,-3.52,91.8491484184915,95.37210756722952,91.85,92.76,52.68,95.07,7.42,21.29,0.0,0.0,11.31,32.12,0.0,6.87,3.71,16.24,22.26,43.43,UC Santa Barbara Gauchos
Ariel Bland,604.5,1151.5,-4.89,92.72882805816937,97.61904761904762,92.73,94.7,52.95,94.7,7.96,22.16,0.0,0.0,11.21,32.08,0.0,6.76,3.17,16.51,21.9,43.29,UC Santa Barbara Gauchos
Marchelus Avery,40.0,74.0,5.48,100.0,94.52054794520548,100.0,92.0,54.67,96.0,9.33,30.67,0.0,0.0,16.0,33.33,0.0,9.33,6.67,20.0,18.67,49.33,UCF Knights
Antwann Jones,120.0,218.0,2.46,94.83568075117371,92.37668161434978,94.84,96.71,50.23,99.53,11.74,33.33,0.0,0.0,15.96,33.33,0.0,10.8,6.57,16.43,25.35,49.29,UCF Knights
Ibrahima Diallo,720.0,1397.5,-1.7,87.38417676407698,89.08045977011494,87.38,88.38,50.11,100.0,8.2,25.09,0.0,0.0,15.89,31.36,0.0,10.69,6.34,15.89,23.45,47.25,UCF Knights
C.J. Walker,600.0,1177.5,-2.28,86.30252100840336,88.58369098712447,86.3,86.72,50.34,100.76,7.31,24.12,0.0,0.0,16.05,31.68,0.0,10.42,6.13,15.29,23.03,47.73,UCF Knights
Thierno Sylla,80.0,140.5,-2.62,94.6969696969697,97.31543624161074,94.7,109.85,42.42,93.94,16.67,34.09,0.0,0.0,16.67,28.79,0.0,10.61,5.3,22.73,28.03,45.46,UCF Knights
Shemarri Allen,719.4,1400.0,-2.75,85.91749644381224,88.66571018651362,85.92,87.91,49.93,101.21,7.33,25.04,0.0,0.0,16.43,31.79,0.0,10.53,6.4,15.22,23.4,48.22,UCF Knights
Darius Johnson,799.4,1540.5,-2.83,86.67100130039012,89.50097213220998,86.67,89.79,49.28,100.59,8.13,25.81,0.0,0.0,16.45,31.53,0.0,10.53,6.31,15.86,23.8,47.98,UCF Knights
Jaylin Sellers,759.4,1466.5,-3.26,85.9876965140123,89.25170068027211,85.99,89.68,49.01,100.82,8.07,25.56,0.0,0.0,16.47,31.44,0.0,10.59,6.29,15.65,24.06,47.91,UCF Knights
Omar Payne,79.4,143.0,-14.12,79.25925925925927,93.37748344370861,79.26,104.44,40.74,106.67,7.41,33.33,0.0,0.0,22.22,33.33,0.0,8.89,5.93,15.56,27.41,55.55,UCF Knights
DeMarr Langford Jr.,79.4,145.0,-15.22,77.03703703703704,92.25806451612904,77.04,105.93,38.52,100.74,9.63,28.89,0.0,0.0,20.74,27.41,0.0,11.11,7.41,20.0,28.15,48.15,UCF Knights
Logan Cremonesi,40.0,64.5,12.25,88.05970149253731,75.80645161290323,88.06,70.15,44.78,94.03,16.42,29.85,0.0,0.0,11.94,35.82,0.0,13.43,0.0,17.91,19.4,47.76,UCLA Bruins
Brandon Williams,520.0,927.5,-1.07,94.50431034482759,95.57713052858684,94.5,95.47,52.91,105.17,8.84,25.0,0.0,0.0,17.24,31.68,0.0,7.11,4.31,12.07,24.46,48.92,UCLA Bruins
Berke Buyuktuncel,280.0,505.5,-2.23,88.40864440078585,90.63745019920319,88.41,89.39,48.92,97.64,7.66,23.58,0.0,0.0,15.72,32.42,0.0,8.25,6.09,18.07,26.92,48.14,UCLA Bruins
Sebastian Mack,840.0,1493.0,-2.42,91.06070713809206,93.47679892400808,91.06,92.73,50.57,101.87,8.61,24.75,0.0,0.0,16.48,32.29,0.0,7.87,4.47,14.61,25.15,48.77,UCLA Bruins
Adem Bona,880.0,1572.5,-3.58,90.67850348763476,94.26020408163265,90.68,93.72,50.35,101.71,8.56,24.67,0.0,0.0,16.23,32.02,0.0,7.86,4.57,14.52,25.24,48.25,UCLA Bruins
Dylan Andrews,880.0,1572.5,-3.58,90.67850348763476,94.26020408163265,90.68,93.72,50.35,101.71,8.56,24.67,0.0,0.0,16.23,32.02,0.0,7.86,4.57,14.52,25.24,48.25,UCLA Bruins
Lazar Stefanovic,880.0,1572.5,-3.58,90.67850348763476,94.26020408163265,90.68,93.72,50.35,101.71,8.56,24.67,0.0,0.0,16.23,32.02,0.0,7.86,4.57,14.52,25.24,48.25,UCLA Bruins
Will McClendon,40.0,79.5,-25.31,83.33333333333334,108.64197530864197,83.33,112.82,46.15,98.72,7.69,23.08,0.0,0.0,11.54,26.92,0.0,7.69,6.41,12.82,26.92,38.46,UCLA Bruins
Aday Mara,40.0,75.0,-56.61,60.273972602739725,116.88311688311688,60.27,123.29,32.88,93.15,4.11,23.29,0.0,0.0,10.96,30.14,0.0,9.59,1.37,17.81,28.77,41.1,UCLA Bruins
Stephon Castle,880.0,1623.0,21.92,108.9783281733746,87.06315144083383,108.98,87.93,57.83,104.21,12.32,31.64,0.0,0.0,17.28,36.72,0.0,8.3,7.12,13.07,22.35,54.0,UConn Huskies
Donovan Clingan,640.0,1181.0,20.67,108.86075949367088,88.19031435853866,108.86,87.59,58.06,104.22,11.73,31.05,0.0,0.0,17.47,36.29,0.0,8.19,7.09,13.25,21.27,53.76,UConn Huskies
Alex Karaban,880.0,1618.5,20.43,108.32815413300187,87.8992628992629,108.33,88.94,57.36,104.47,12.18,32.13,0.0,0.0,17.84,35.99,0.0,8.02,7.15,13.36,22.56,53.83,UConn Huskies
Cam Spencer,920.0,1693.5,20.29,108.07600950118766,87.78625954198473,108.08,88.78,57.48,104.16,12.05,31.59,0.0,0.0,17.7,36.05,0.0,8.25,7.07,13.54,22.51,53.75,UConn Huskies
Tristen Newton,920.0,1693.5,20.29,108.07600950118766,87.78625954198473,108.08,88.78,57.48,104.16,12.05,31.59,0.0,0.0,17.7,36.05,0.0,8.25,7.07,13.54,22.51,53.75,UConn Huskies
Samson Johnson,280.0,512.5,19.33,106.21242484969939,86.88212927756655,106.21,91.58,56.11,104.01,12.83,32.87,0.0,0.0,18.24,35.47,0.0,8.42,7.01,14.23,25.45,53.71,UConn Huskies
Hassan Diarra,40.0,75.0,17.33,102.66666666666666,85.33333333333334,102.67,85.33,60.0,97.33,9.33,20.0,0.0,0.0,14.67,37.33,0.0,13.33,5.33,17.33,21.33,52.0,UConn Huskies
Solomon Ball,40.0,70.5,-17.21,86.95652173913044,104.16666666666667,86.96,108.7,49.28,102.9,5.8,30.43,0.0,0.0,27.54,20.29,0.0,7.25,5.8,24.64,26.09,47.83,UConn Huskies
Cameron Fens,40.0,69.5,10.83,89.70588235294117,78.87323943661971,89.71,82.35,47.06,95.59,8.82,22.06,0.0,0.0,17.65,38.24,0.0,10.29,4.41,22.06,25.0,55.89,UIC Flames
Steven Clay,40.0,85.5,-0.53,84.52380952380952,85.0574712643678,84.52,88.1,53.57,85.71,7.14,19.05,0.0,0.0,7.14,25.0,0.0,3.57,4.76,21.43,34.52,32.14,UIC Flames
Ethan Pickett,650.0,1239.0,-5.34,89.73727422003283,95.07936507936508,89.74,98.36,46.63,97.04,10.59,30.71,0.0,0.0,13.22,31.12,0.0,9.2,5.75,16.17,24.22,44.34,UIC Flames
CJ Jones,865.0,1637.0,-5.4,90.34267912772586,95.7459556620731,90.34,99.56,46.73,96.45,11.15,31.28,0.0,0.0,12.52,31.59,0.0,8.41,5.67,16.07,24.42,44.11,UIC Flames
Filip Skobalj,865.0,1637.5,-5.67,89.47696139476962,95.1467944877172,89.48,98.88,46.26,97.01,10.9,31.07,0.0,0.0,12.95,31.76,0.0,8.84,5.73,15.94,24.03,44.71,UIC Flames
Isaiah Rivera,905.0,1711.0,-5.83,90.0417412045319,95.87392550143267,90.04,99.76,46.39,96.96,11.15,31.66,0.0,0.0,12.82,31.6,0.0,8.59,5.78,15.86,24.09,44.42,UIC Flames
Toby Okani,825.0,1556.0,-6.87,90.36065573770492,97.22747321991179,90.36,101.18,45.97,97.64,11.48,32.79,0.0,0.0,12.92,31.67,0.0,8.79,5.9,15.28,23.48,44.59,UIC Flames
Marquise Kennedy,255.0,467.0,-7.73,92.47787610619469,100.20746887966806,92.48,106.86,45.8,99.34,12.83,35.18,0.0,0.0,13.5,33.41,0.0,7.52,5.97,14.16,23.01,46.91,UIC Flames
Jaden Brownell,80.0,152.5,-10.06,88.0,98.06451612903226,88.0,101.33,44.0,94.0,13.33,39.33,0.0,0.0,9.33,28.67,0.0,6.0,7.33,15.33,23.33,38.0,UIC Flames
Makai Willis,285.0,563.0,-5.27,95.45454545454545,100.72202166064983,95.45,97.55,55.59,103.67,6.47,17.48,0.0,0.0,18.53,32.34,0.0,8.04,2.45,14.86,21.68,50.87,UL Monroe Warhawks
Jerry Ngopot,605.0,1176.0,-7.71,89.54468802698145,97.25557461406518,89.54,95.62,52.53,105.4,5.99,19.14,0.0,0.0,19.81,30.94,0.0,9.27,1.94,14.42,22.34,50.75,UL Monroe Warhawks
Tyreese Watson,240.0,458.5,-8.17,86.62280701754386,94.79392624728851,86.62,95.83,49.56,107.02,5.48,18.42,0.0,0.0,19.52,31.36,0.0,9.65,1.97,12.5,23.68,50.88,UL Monroe Warhawks
Tyreke Locure,685.0,1328.0,-9.45,86.42433234421365,95.87155963302753,86.42,93.03,51.26,105.64,5.42,20.18,0.0,0.0,20.7,31.68,0.0,8.83,2.15,15.06,21.81,52.38,UL Monroe Warhawks
Jalen Bolden,765.0,1482.0,-9.81,86.78237650200266,96.58935879945429,86.78,94.53,51.0,105.27,5.54,19.43,0.0,0.0,20.36,31.38,0.0,8.95,2.07,15.09,22.16,51.74,UL Monroe Warhawks
Savion Gallion,525.0,1024.5,-9.92,89.48891031822566,99.40711462450594,89.49,97.01,52.65,104.34,6.08,19.29,0.0,0.0,20.25,30.47,0.0,8.97,1.93,15.91,22.18,50.72,UL Monroe Warhawks
Nika Metskhvarishvili,480.0,919.0,-12.65,81.42548596112312,94.07894736842105,81.43,92.66,48.16,106.26,4.97,20.63,0.0,0.0,21.49,30.78,0.0,9.5,1.84,15.23,22.46,52.27,UL Monroe Warhawks
Jacob Wilson,80.0,153.0,-17.15,72.25806451612902,89.40397350993378,72.26,87.1,41.94,103.23,3.23,16.77,0.0,0.0,20.65,34.84,0.0,7.74,2.58,17.42,20.65,55.49,UL Monroe Warhawks
AD Diedhiou,160.0,306.0,-17.72,76.28205128205127,94.0,76.28,90.38,45.19,104.81,3.85,20.51,0.0,0.0,22.44,33.01,0.0,7.69,2.56,17.63,21.47,55.45,UL Monroe Warhawks
Devan Sapp,445.0,910.0,4.13,98.34254143646409,94.20765027322405,98.34,95.25,52.71,98.34,8.73,25.64,0.0,0.0,11.93,34.59,0.0,6.85,5.97,13.59,19.01,46.52,UMBC Retrievers
Marcus Banks Jr.,604.9,1216.0,1.79,96.6199505358615,94.8318293683347,96.62,95.3,51.2,97.86,9.23,26.88,0.0,0.0,12.12,35.2,0.0,6.18,5.69,14.26,18.47,47.32,UMBC Retrievers
Ace Valentine,644.9,1310.0,0.96,95.7088122605364,94.75285171102662,95.71,95.48,50.8,97.16,9.12,26.44,0.0,0.0,12.18,34.71,0.0,6.13,5.13,15.02,18.54,46.89,UMBC Retrievers
Dion Brown,684.9,1379.5,0.48,96.07272727272728,95.59248554913295,96.07,96.22,50.55,97.67,9.45,27.13,0.0,0.0,12.29,34.98,0.0,6.04,5.16,14.62,18.47,47.27,UMBC Retrievers
Max Lorca-Lloyd,684.9,1379.5,0.48,96.07272727272728,95.59248554913295,96.07,96.22,50.55,97.67,9.45,27.13,0.0,0.0,12.29,34.98,0.0,6.04,5.16,14.62,18.47,47.27,UMBC Retrievers
Ashton Reese,279.9,551.0,-5.47,93.44262295081968,98.91500904159132,93.44,99.64,46.81,95.81,11.11,30.42,0.0,0.0,12.39,35.15,0.0,4.37,3.28,16.58,18.4,47.54,UMBC Retrievers
Bryce Johnson,80.0,151.5,-14.48,90.84967320261438,105.33333333333333,90.85,103.27,43.79,103.27,12.42,32.03,0.0,0.0,16.34,37.25,0.0,5.23,3.27,13.07,15.03,53.59,UMBC Retrievers
Andres Fulgencio,40.0,90.5,8.95,94.5054945054945,85.55555555555556,94.51,84.62,54.95,100.0,7.69,17.58,0.0,0.0,13.19,31.87,0.0,7.69,5.49,13.19,23.08,45.06,UMass Lowell River Hawks
Abdoul Karim Coulibaly,204.8,407.0,5.5,94.29928741092637,88.80407124681933,94.3,82.9,55.58,97.39,5.7,16.63,0.0,0.0,10.93,32.78,0.0,8.55,7.13,13.54,17.34,43.71,UMass Lowell River Hawks
Max Brooks,729.1,1512.5,2.68,93.14359637774902,90.46653144016227,93.14,86.55,54.66,99.03,6.6,19.66,0.0,0.0,13.65,33.7,0.0,7.83,6.02,14.62,18.18,47.35,UMass Lowell River Hawks
Brayden O'Connor,769.1,1592.0,2.01,92.50153657037492,90.49454078355812,92.5,86.6,54.21,99.32,6.7,19.85,0.0,0.0,14.01,33.8,0.0,8.05,5.96,14.69,18.13,47.81,UMass Lowell River Hawks
Yuri Covington,769.1,1592.0,2.01,92.50153657037492,90.49454078355812,92.5,86.6,54.21,99.32,6.7,19.85,0.0,0.0,14.01,33.8,0.0,8.05,5.96,14.69,18.13,47.81,UMass Lowell River Hawks
Ayinde Hikim,729.1,1501.5,1.59,92.3828125,90.79754601226993,92.38,86.72,54.17,99.28,6.64,19.99,0.0,0.0,14.06,33.92,0.0,8.07,5.99,14.78,17.84,47.98,UMass Lowell River Hawks
Cam Morris III,564.3,1185.0,0.81,91.87396351575457,91.06529209621993,91.87,87.89,53.73,100.0,7.05,20.98,0.0,0.0,15.09,34.16,0.0,7.88,5.56,15.09,18.41,49.25,UMass Lowell River Hawks
Quinton Mincey,40.0,79.5,-10.78,80.24691358024691,91.02564102564102,80.25,87.65,45.68,104.94,8.64,23.46,0.0,0.0,20.99,35.8,0.0,12.35,4.94,16.05,17.28,56.79,UMass Lowell River Hawks
Toyaz Solomon,244.4,455.0,7.75,96.44444444444444,88.69565217391305,96.44,90.67,50.22,99.78,10.89,34.0,0.0,0.0,12.89,35.56,0.0,8.0,5.78,13.11,21.33,48.45,UNC Asheville Bulldogs
Josh Banks,724.2,1410.0,5.36,96.69711876317639,91.33858267716536,96.7,89.67,54.67,98.24,9.49,26.0,0.0,0.0,12.51,32.12,0.0,7.94,5.2,14.27,21.36,44.63,UNC Asheville Bulldogs
Fletcher Abee,724.2,1408.5,5.33,97.815362931642,92.4892703862661,97.82,91.12,54.76,98.38,9.73,26.57,0.0,0.0,12.26,32.14,0.0,7.89,5.14,13.88,21.21,44.4,UNC Asheville Bulldogs
Caleb Burgess,764.2,1482.5,4.95,97.12566844919786,92.1715452688904,97.13,90.51,54.61,98.2,9.56,26.14,0.0,0.0,12.23,32.15,0.0,7.75,5.35,14.04,21.12,44.38,UNC Asheville Bulldogs
Drew Pember,764.2,1482.5,4.95,97.12566844919786,92.1715452688904,97.13,90.51,54.61,98.2,9.56,26.14,0.0,0.0,12.23,32.15,0.0,7.75,5.35,14.04,21.12,44.38,UNC Asheville Bulldogs
Nicholas McMullen,479.8,955.0,4.18,96.81397738951696,92.63607257203842,96.81,89.21,56.73,97.53,8.84,22.3,0.0,0.0,12.33,30.52,0.0,7.91,4.93,14.8,21.38,42.85,UNC Asheville Bulldogs
Trent Stephney,80.0,146.5,-2.54,94.66666666666667,97.2027972027972,94.67,92.67,52.67,96.0,8.67,23.33,0.0,0.0,9.33,32.67,0.0,4.67,8.67,13.33,18.0,42.0,UNC Asheville Bulldogs
Jamon Battle,40.0,72.5,-2.85,105.47945205479452,108.33333333333333,105.48,106.85,53.42,97.26,10.96,28.77,0.0,0.0,6.85,32.88,0.0,4.11,8.22,9.59,16.44,39.73,UNC Asheville Bulldogs
Tim Ceaser,40.0,73.5,55.68,135.13513513513513,79.45205479452055,135.14,78.38,63.51,102.7,21.62,36.49,0.0,0.0,12.16,37.84,0.0,13.51,1.35,9.46,16.22,50.0,UNC Greensboro Spartans
Joryam Saizonou,80.0,159.5,22.12,104.54545454545455,82.42424242424242,104.55,88.31,52.6,103.25,14.94,34.42,0.0,0.0,14.29,29.22,0.0,9.74,2.6,11.04,25.32,43.51,UNC Greensboro Spartans
Donovan Atwell,765.0,1396.0,8.73,101.67394468704512,92.94781382228491,101.67,95.92,51.97,100.15,14.05,34.5,0.0,0.0,16.01,32.75,0.0,10.48,3.71,15.87,22.93,48.76,UNC Greensboro Spartans
Keyshaun Langley,765.0,1396.0,8.73,101.67394468704512,92.94781382228491,101.67,95.92,51.97,100.15,14.05,34.5,0.0,0.0,16.01,32.75,0.0,10.48,3.71,15.87,22.93,48.76,UNC Greensboro Spartans
Mikeal Brown-Jones,765.0,1396.0,8.73,101.67394468704512,92.94781382228491,101.67,95.92,51.97,100.15,14.05,34.5,0.0,0.0,16.01,32.75,0.0,10.48,3.71,15.87,22.93,48.76,UNC Greensboro Spartans
Kobe Langley,725.0,1306.5,8.35,102.02177293934682,93.66993217784476,102.02,96.66,51.87,99.61,14.23,34.84,0.0,0.0,15.94,33.2,0.0,10.65,3.81,16.33,22.78,49.14,UNC Greensboro Spartans
Jalen Breath,685.0,1252.5,4.61,98.94651539708266,94.3351691581432,98.95,97.16,51.3,100.16,13.29,34.04,0.0,0.0,16.53,32.41,0.0,10.21,3.89,16.37,23.18,48.94,UNC Greensboro Spartans
Nolan Hodge,80.0,136.0,14.71,107.40740740740742,92.7007299270073,107.41,94.07,57.04,106.67,10.37,34.81,0.0,0.0,22.22,34.81,0.0,9.63,2.96,15.56,23.7,57.03,UNC Wilmington Seahawks
Noah Ross,535.0,957.0,7.83,104.8907388137357,97.06190975865687,104.89,96.25,55.57,106.35,11.45,33.3,0.0,0.0,18.52,32.47,0.0,7.91,3.23,12.17,22.48,50.99,UNC Wilmington Seahawks
KJ Jenkins,535.0,941.5,7.42,104.7418335089568,97.32334047109208,104.74,95.79,55.53,106.32,10.96,32.14,0.0,0.0,18.23,31.09,0.0,8.75,3.27,11.91,21.5,49.32,UNC Wilmington Seahawks
Trazarien White,615.0,1094.0,6.03,103.15884476534296,97.12962962962963,103.16,94.68,55.87,105.87,10.38,30.96,0.0,0.0,17.33,30.42,0.0,8.84,3.61,11.46,21.75,47.75,UNC Wilmington Seahawks
Khamari McGriff,695.0,1242.0,5.97,102.16172938350681,96.19433198380567,102.16,95.12,55.16,105.44,10.33,32.51,0.0,0.0,17.37,31.55,0.0,8.65,3.36,11.93,22.5,48.92,UNC Wilmington Seahawks
Shykeim Phillips,735.0,1313.0,5.88,102.03927492447129,96.15975422427036,102.04,94.56,55.51,105.66,10.2,31.72,0.0,0.0,17.6,30.66,0.0,8.84,3.4,11.93,22.58,48.26,UNC Wilmington Seahawks
Ahmard Harvey,40.0,71.0,4.48,100.0,95.52238805970148,100.0,85.33,61.33,109.33,8.0,18.67,0.0,0.0,21.33,16.0,0.0,12.0,4.0,12.0,24.0,37.33,UNC Wilmington Seahawks
Donovan Newby,200.0,371.5,1.99,95.19999999999999,93.20652173913044,95.2,91.47,55.47,104.0,8.27,30.67,0.0,0.0,16.0,29.6,0.0,9.07,3.73,12.0,25.33,45.6,UNC Wilmington Seahawks
Maleeck Harden-Hayes,240.0,439.0,-1.42,91.44144144144144,92.85714285714286,91.44,90.77,54.05,103.38,6.98,29.28,0.0,0.0,14.86,26.13,0.0,10.59,3.38,11.49,24.55,40.99,UNC Wilmington Seahawks
Rob Whaley Jr.,530.0,949.5,7.36,94.6875,87.3269435569755,94.69,85.42,54.48,101.88,7.81,22.92,0.0,0.0,18.12,33.02,0.0,6.67,6.25,16.25,22.81,51.14,UNLV Rebels
Keylan Boone,730.0,1321.0,3.79,96.16541353383458,92.3780487804878,96.17,91.13,54.89,103.23,8.12,24.59,0.0,0.0,18.2,31.65,0.0,6.69,5.86,14.96,22.78,49.85,UNLV Rebels
Kalib Boone,725.0,1311.5,3.7,96.42857142857143,92.73144605967866,96.43,92.1,54.48,103.5,8.28,25.68,0.0,0.0,18.69,31.69,0.0,6.99,5.62,15.2,23.1,50.38,UNLV Rebels
Dedan Thomas Jr.,770.0,1396.5,3.4,95.64596716630977,92.24137931034483,95.65,91.65,54.25,103.0,8.28,25.48,0.0,0.0,18.2,31.33,0.0,6.85,5.78,15.2,23.34,49.53,UNLV Rebels
Luis Rodriguez,770.0,1396.5,3.4,95.64596716630977,92.24137931034483,95.65,91.65,54.25,103.0,8.28,25.48,0.0,0.0,18.2,31.33,0.0,6.85,5.78,15.2,23.34,49.53,UNLV Rebels
Shane Nowell,45.0,85.0,-1.18,83.52941176470588,84.70588235294117,83.53,84.71,50.59,95.29,8.24,22.35,0.0,0.0,10.59,25.88,0.0,4.71,8.24,15.29,27.06,36.47,UNLV Rebels
Jalen Hill,40.0,75.5,-4.08,85.91549295774648,90.0,85.92,101.41,42.25,98.59,11.27,42.25,0.0,0.0,18.31,25.35,0.0,9.86,4.23,19.72,33.8,43.66,UNLV Rebels
Justin Webster,240.0,447.0,-4.7,97.73242630385488,102.42825607064017,97.73,105.22,53.74,105.44,9.3,31.07,0.0,0.0,18.37,27.66,0.0,7.26,4.76,12.93,24.49,46.03,UNLV Rebels
Joshua Morgan,615.0,1151.5,3.62,96.60574412532638,92.98093587521664,96.61,93.39,51.61,100.17,10.1,26.72,0.0,0.0,14.19,29.77,0.0,11.31,8.18,14.01,21.76,43.96,USC Trojans
Arrinten Page,125.0,229.0,3.12,97.83549783549783,94.7136563876652,97.84,93.07,53.25,105.63,8.66,27.71,0.0,0.0,17.75,30.3,0.0,7.36,12.12,12.12,23.38,48.05,USC Trojans
Isaiah Collier,610.0,1170.5,-0.16,95.6896551724138,95.85097375105842,95.69,97.59,50.52,98.19,10.34,27.67,0.0,0.0,13.53,28.1,0.0,11.9,5.6,15.34,22.67,41.63,USC Trojans
Boogie Ellis,775.0,1466.0,-0.21,95.3232462173315,95.53450608930987,95.32,97.11,50.62,99.52,10.04,27.37,0.0,0.0,14.24,28.75,0.0,10.94,7.08,14.72,22.97,42.99,USC Trojans
Kobe Johnson,770.0,1472.5,-0.62,93.43922651933701,94.05477621910488,93.44,97.24,49.03,97.24,10.08,27.35,0.0,0.0,14.02,30.32,0.0,10.91,6.84,16.78,23.2,44.34,USC Trojans
DJ Rodman,770.0,1476.5,-2.6,92.85714285714286,95.45758183032731,92.86,98.15,48.97,97.46,9.82,26.79,0.0,0.0,14.01,29.81,0.0,10.85,5.98,16.55,22.6,43.82,USC Trojans
Oziyah Sellers,205.0,395.5,-2.68,92.07161125319693,94.75,92.07,96.93,49.1,99.23,8.18,26.34,0.0,0.0,16.88,32.48,0.0,7.16,9.46,17.65,23.53,49.36,USC Trojans
Bronny James,245.0,472.5,-10.6,88.34745762711864,98.94291754756871,88.35,99.15,47.88,99.79,7.2,24.15,0.0,0.0,16.95,31.99,0.0,6.99,5.93,17.16,20.34,48.94,USC Trojans
Vincent Iwuchukwu,320.0,620.5,-13.19,86.18968386023295,99.375,86.19,105.82,44.93,95.84,8.82,26.62,0.0,0.0,15.14,30.62,0.0,8.15,5.16,19.3,24.96,45.76,USC Trojans
Harrison Hornery,40.0,73.0,-13.7,79.45205479452055,93.15068493150685,79.45,93.15,42.47,98.63,6.85,23.29,0.0,0.0,17.81,39.73,0.0,6.85,4.11,19.18,15.07,57.54,USC Trojans
Phillip Russell,280.0,575.5,14.86,104.40140845070422,89.5368782161235,104.4,91.9,56.34,97.89,13.03,32.39,0.0,0.0,14.44,32.92,0.0,7.22,4.75,16.55,26.23,47.36,UT Arlington Mavericks
Aaron Cash,685.0,1430.0,12.55,96.60056657223795,84.04696132596685,96.6,86.19,53.19,96.39,10.91,29.39,0.0,0.0,14.59,31.44,0.0,8.71,4.82,18.2,27.55,46.03,UT Arlington Mavericks
DaJuan Gordon,845.0,1774.0,10.1,94.985754985755,84.8856664807585,94.99,86.72,52.59,96.47,10.83,29.46,0.0,0.0,15.04,30.66,0.0,8.89,4.62,18.58,26.95,45.7,UT Arlington Mavericks
Makaih Williams,925.0,1944.0,8.65,94.66044582685329,86.01327207759061,94.66,87.35,52.41,96.01,10.94,29.19,0.0,0.0,14.77,30.33,0.0,8.81,4.72,18.77,26.59,45.1,UT Arlington Mavericks
Shemar Wilson,925.0,1944.0,8.65,94.66044582685329,86.01327207759061,94.66,87.35,52.41,96.01,10.94,29.19,0.0,0.0,14.77,30.33,0.0,8.81,4.72,18.77,26.59,45.1,UT Arlington Mavericks
Sterling Gaston-Chapman,205.0,428.5,7.59,96.06481481481481,88.47058823529412,96.06,87.04,54.17,98.15,10.88,27.78,0.0,0.0,15.74,27.55,0.0,9.72,4.17,17.59,25.69,43.29,UT Arlington Mavericks
Akili Vining,400.0,855.0,5.84,88.3254716981132,82.48259860788863,88.33,83.84,49.29,94.58,9.91,28.77,0.0,0.0,14.86,30.54,0.0,9.55,5.19,20.28,26.3,45.4,UT Arlington Mavericks
Brandyn Talbot,160.0,350.5,4.53,89.42857142857143,84.9002849002849,89.43,85.14,50.29,94.57,11.14,28.57,0.0,0.0,14.86,27.71,0.0,10.29,4.0,20.29,24.57,42.57,UT Arlington Mavericks
Dwayne Koroma,160.0,334.0,-5.01,90.47619047619048,95.48192771084338,90.48,94.35,50.6,90.77,10.71,25.3,0.0,0.0,12.2,26.79,0.0,7.74,4.46,21.43,25.6,38.99,UT Arlington Mavericks
Kade Douglas,40.0,84.5,-25.96,84.88372093023256,110.8433734939759,84.88,106.98,47.67,97.67,10.47,27.91,0.0,0.0,18.6,24.42,0.0,5.81,6.98,20.93,25.58,43.02,UT Arlington Mavericks
Justus Jackson,120.0,249.0,7.56,95.16129032258065,87.6,95.16,88.31,52.82,104.44,10.08,27.42,0.0,0.0,16.53,31.85,0.0,8.47,3.63,12.1,22.58,48.38,UT Martin Skyhawks
Issa Muhammad,760.0,1529.0,2.84,96.22279129321383,93.38235294117648,96.22,89.44,54.03,101.6,9.86,27.78,0.0,0.0,14.4,36.24,0.0,6.79,3.52,12.8,17.61,50.64,UT Martin Skyhawks
Jacob Crews,760.0,1529.0,2.84,96.22279129321383,93.38235294117648,96.22,89.44,54.03,101.6,9.86,27.78,0.0,0.0,14.4,36.24,0.0,6.79,3.52,12.8,17.61,50.64,UT Martin Skyhawks
Jordan Sears,760.0,1529.0,2.84,96.22279129321383,93.38235294117648,96.22,89.44,54.03,101.6,9.86,27.78,0.0,0.0,14.4,36.24,0.0,6.79,3.52,12.8,17.61,50.64,UT Martin Skyhawks
KK Curry,760.0,1529.0,2.84,96.22279129321383,93.38235294117648,96.22,89.44,54.03,101.6,9.86,27.78,0.0,0.0,14.4,36.24,0.0,6.79,3.52,12.8,17.61,50.64,UT Martin Skyhawks
Desmond Williams,640.0,1280.0,1.88,96.42313546423136,94.54253611556982,96.42,89.65,54.26,101.07,9.82,27.85,0.0,0.0,14.0,37.06,0.0,6.47,3.5,12.94,16.67,51.06,UT Martin Skyhawks
Ahren Freeman,329.6,714.0,-3.6,85.93530239099859,89.5397489539749,85.94,90.3,50.21,94.94,7.03,19.41,0.0,0.0,14.21,27.14,0.0,8.44,2.95,19.27,24.89,41.35,UT Rio Grande Valley Vaqueros
Hasan Abdul-Hakim,250.0,548.0,-5.56,84.98168498168498,90.54545454545455,84.98,91.21,49.08,93.59,6.41,18.86,0.0,0.0,13.37,27.47,0.0,8.06,3.11,19.78,23.99,40.84,UT Rio Grande Valley Vaqueros
J.J. Howard,449.0,952.0,-8.09,83.26359832635984,91.35021097046413,83.26,90.59,49.37,96.65,6.9,20.61,0.0,0.0,13.49,27.62,0.0,8.26,3.03,16.84,23.74,41.11,UT Rio Grande Valley Vaqueros
Daylen Williams,809.0,1649.0,-14.02,82.4635922330097,96.48484848484848,82.46,96.6,47.94,96.12,6.37,20.45,0.0,0.0,12.8,28.88,0.0,8.68,2.61,16.69,22.33,41.68,UT Rio Grande Valley Vaqueros
Elijah Elliott,769.0,1579.5,-14.12,82.64724509183027,96.77215189873418,82.65,96.83,48.2,96.2,6.27,20.08,0.0,0.0,12.98,28.44,0.0,8.8,2.53,16.78,22.29,41.42,UT Rio Grande Valley Vaqueros
Sherman Brashear,320.0,605.0,-19.2,81.45695364238411,100.66006600660067,81.46,100.99,45.53,94.04,6.46,21.69,0.0,0.0,10.43,31.95,0.0,8.94,1.32,16.39,20.53,42.38,UT Rio Grande Valley Vaqueros
C.J. Booker,519.0,1034.0,-19.28,81.1046511627907,100.38610038610038,81.1,100.78,47.38,98.45,6.2,21.22,0.0,0.0,13.95,28.88,0.0,8.82,2.91,15.5,21.9,42.83,UT Rio Grande Valley Vaqueros
Alex Horiuk,40.0,72.0,-19.65,76.0,95.65217391304348,76.0,88.0,48.0,86.67,2.67,13.33,0.0,0.0,5.33,36.0,0.0,6.67,0.0,18.67,16.0,41.33,UT Rio Grande Valley Vaqueros
Roy Jones III,120.0,228.5,-20.69,80.61674008810573,101.30434782608695,80.62,102.64,46.26,94.27,5.29,19.38,0.0,0.0,8.37,32.6,0.0,9.69,2.2,14.1,19.38,40.97,UT Rio Grande Valley Vaqueros
Saliou Seye,439.3,863.0,-22.15,80.16241299303944,102.31481481481481,80.16,102.55,46.06,97.91,6.15,21.93,0.0,0.0,12.3,29.7,0.0,9.05,2.55,14.39,20.77,42.0,UT Rio Grande Valley Vaqueros
Jonathan Dos Anjos,40.0,89.5,12.79,95.40229885057471,82.6086956521739,95.4,87.36,50.57,91.95,10.34,17.24,0.0,0.0,18.39,34.48,0.0,6.9,2.3,26.44,22.99,52.87,UTEP Miners
Corey Camper Jr.,730.0,1457.0,2.61,86.82758620689656,84.22131147540983,86.83,85.03,48.9,96.55,7.59,22.48,0.0,0.0,14.97,27.93,0.0,14.41,3.1,18.41,23.86,42.9,UTEP Miners
Kevin Kalu,650.0,1287.5,2.36,86.66146645865834,84.3000773395205,86.66,85.02,48.99,97.11,7.41,22.62,0.0,0.0,14.74,26.91,0.0,15.13,2.96,17.63,23.71,41.65,UTEP Miners
Tae Hardy,770.0,1527.0,2.05,86.42951251646905,84.375,86.43,85.38,48.75,96.38,7.58,22.73,0.0,0.0,14.95,27.8,0.0,14.49,3.1,18.58,23.91,42.75,UTEP Miners
Zid Powell,770.0,1527.0,2.05,86.42951251646905,84.375,86.43,85.38,48.75,96.38,7.58,22.73,0.0,0.0,14.95,27.8,0.0,14.49,3.1,18.58,23.91,42.75,UTEP Miners
Otis Frazier III,730.0,1437.5,1.4,85.88399720475192,84.48753462603878,85.88,85.26,48.64,96.65,7.41,23.06,0.0,0.0,14.74,27.39,0.0,14.95,3.14,18.1,23.97,42.13,UTEP Miners
Calvin Solomon,120.0,239.5,0.4,85.16949152542372,84.77366255144034,85.17,87.29,47.46,92.37,8.47,23.31,0.0,0.0,16.1,32.63,0.0,11.02,3.81,23.73,25.0,48.73,UTEP Miners
Baylor Hebb,40.0,70.0,-9.56,77.94117647058823,87.5,77.94,92.65,45.59,92.65,7.35,27.94,0.0,0.0,14.71,25.0,0.0,16.18,2.94,22.06,25.0,39.71,UTEP Miners
PJ Carter,399.7,780.5,-3.77,91.63449163449164,95.40816326530613,91.63,96.27,49.03,105.15,11.58,35.65,0.0,0.0,19.43,35.01,0.0,7.21,5.41,14.29,21.49,54.44,UTSA Roadrunners
Adante' Holiman,240.0,467.0,-5.44,90.73275862068965,96.17021276595744,90.73,97.41,48.28,104.74,11.85,36.21,0.0,0.0,20.91,32.97,0.0,7.97,5.6,16.16,22.41,53.88,UTSA Roadrunners
Dre Fuller Jr.,454.7,907.0,-5.52,98.89988998899891,104.41988950276244,98.9,103.96,53.14,106.05,12.87,36.63,0.0,0.0,18.59,33.77,0.0,5.5,3.96,12.54,21.23,52.36,UTSA Roadrunners
Carlton Linguard Jr.,774.7,1530.0,-6.34,95.54973821989529,101.8929503916449,95.55,102.16,51.31,105.82,12.04,35.86,0.0,0.0,19.5,33.44,0.0,6.41,4.32,13.68,21.47,52.94,UTSA Roadrunners
Christian Tucker,774.7,1530.0,-6.34,95.54973821989529,101.8929503916449,95.55,102.16,51.31,105.82,12.04,35.86,0.0,0.0,19.5,33.44,0.0,6.41,4.32,13.68,21.47,52.94,UTSA Roadrunners
Trey Edmonds,774.7,1530.0,-6.34,95.54973821989529,101.8929503916449,95.55,102.16,51.31,105.82,12.04,35.86,0.0,0.0,19.5,33.44,0.0,6.41,4.32,13.68,21.47,52.94,UTSA Roadrunners
Isaiah Wyatt,455.0,905.5,-9.94,98.01324503311258,107.95580110497238,98.01,107.84,52.98,106.73,11.7,35.1,0.0,0.0,19.76,32.01,0.0,5.85,3.09,13.02,21.19,51.77,UTSA Roadrunners
Josh Uduje,170.0,311.5,9.76,99.6923076923077,89.93288590604027,99.69,82.46,60.0,102.46,6.15,20.31,0.0,0.0,16.92,32.0,0.0,10.15,3.38,14.46,19.69,48.92,Utah State Aggies
Darius Brown II,815.0,1559.5,4.07,99.36948297604036,95.30332681017613,99.37,92.12,56.43,100.5,8.13,24.09,0.0,0.0,14.19,32.85,0.0,7.5,4.98,13.68,21.5,47.04,Utah State Aggies
Great Osobor,815.0,1559.5,4.07,99.36948297604036,95.30332681017613,99.37,92.12,56.43,100.5,8.13,24.09,0.0,0.0,14.19,32.85,0.0,7.5,4.98,13.68,21.5,47.04,Utah State Aggies
Ian Martinez,815.0,1559.5,4.07,99.36948297604036,95.30332681017613,99.37,92.12,56.43,100.5,8.13,24.09,0.0,0.0,14.19,32.85,0.0,7.5,4.98,13.68,21.5,47.04,Utah State Aggies
Mason Falslev,770.0,1475.5,4.01,99.39919893190921,95.38885065381967,99.4,92.52,56.21,99.87,8.14,23.83,0.0,0.0,13.82,32.91,0.0,7.34,5.14,13.95,21.7,46.73,Utah State Aggies
Isaac Johnson,690.0,1332.0,2.83,99.25871015567087,96.425855513308,99.26,94.0,55.82,100.74,8.6,25.28,0.0,0.0,13.94,32.99,0.0,7.04,5.19,13.19,21.72,46.93,Utah State Aggies
David Elliott,40.0,81.5,5.04,91.46341463414635,86.41975308641975,91.46,85.37,52.44,90.24,9.76,20.73,0.0,0.0,10.98,25.61,0.0,15.85,9.76,20.73,23.17,36.59,Utah Tech Trailblazers
Beon Riley,480.0,972.5,-2.34,89.4572025052192,91.7933130699088,89.46,94.57,50.52,94.99,7.52,21.82,0.0,0.0,15.34,30.79,0.0,9.5,4.49,20.35,26.62,46.13,Utah Tech Trailblazers
Jaylen Searles,639.6,1290.5,-4.49,86.41005498821681,90.90214067278288,86.41,93.4,48.31,95.29,7.54,23.17,0.0,0.0,15.79,31.26,0.0,8.41,5.58,20.5,26.24,47.05,Utah Tech Trailblazers
Noa Gonsalves,799.5,1634.0,-4.63,87.0347394540943,91.66666666666666,87.03,94.17,49.01,95.78,7.32,22.83,0.0,0.0,16.25,30.96,0.0,8.5,5.15,20.47,26.18,47.21,Utah Tech Trailblazers
Tanner Christensen,799.5,1634.0,-4.63,87.0347394540943,91.66666666666666,87.03,94.17,49.01,95.78,7.32,22.83,0.0,0.0,16.25,30.96,0.0,8.5,5.15,20.47,26.18,47.21,Utah Tech Trailblazers
Aric Demings,559.5,1140.5,-4.72,87.97524314765694,92.69565217391305,87.98,94.25,49.69,94.16,7.25,22.1,0.0,0.0,15.38,31.21,0.0,7.87,4.51,21.22,24.85,46.59,Utah Tech Trailblazers
Tennessee Rainwater,160.0,343.5,-5.16,89.38053097345133,94.54022988505747,89.38,97.05,51.62,97.64,6.49,21.53,0.0,0.0,17.99,29.79,0.0,8.85,3.54,20.35,25.96,47.78,Utah Tech Trailblazers
Unisa Turay,200.0,412.0,-6.42,83.45864661654136,89.88235294117646,83.46,95.74,46.37,101.5,7.02,25.31,0.0,0.0,19.8,31.33,0.0,8.77,6.02,18.3,30.58,51.13,Utah Tech Trailblazers
Hamed Olayinka,319.6,661.5,-7.99,83.4862385321101,91.4798206278027,83.49,93.58,46.79,96.94,7.03,24.31,0.0,0.0,17.58,31.19,0.0,7.03,6.12,20.64,25.54,48.77,Utah Tech Trailblazers
Rollie Worster,200.0,404.0,11.12,101.24069478908189,90.12345679012346,101.24,90.57,50.87,102.48,11.91,32.26,0.0,0.0,15.88,36.72,0.0,8.68,5.96,13.4,20.84,52.6,Utah Utes
Lawson Lovering,360.0,710.0,9.33,98.57954545454545,89.24581005586593,98.58,90.77,48.86,100.71,12.93,34.66,0.0,0.0,14.35,38.49,0.0,8.1,4.55,13.64,21.31,52.84,Utah Utes
Branden Carlson,895.0,1726.0,3.96,98.48484848484848,94.52764976958525,98.48,95.63,49.65,101.81,11.83,33.92,0.0,0.0,16.32,36.66,0.0,6.88,5.07,14.51,21.56,52.98,Utah Utes
Cole Bajema,895.0,1726.0,3.96,98.48484848484848,94.52764976958525,98.48,95.63,49.65,101.81,11.83,33.92,0.0,0.0,16.32,36.66,0.0,6.88,5.07,14.51,21.56,52.98,Utah Utes
Gabe Madsen,895.0,1726.0,3.96,98.48484848484848,94.52764976958525,98.48,95.63,49.65,101.81,11.83,33.92,0.0,0.0,16.32,36.66,0.0,6.88,5.07,14.51,21.56,52.98,Utah Utes
Deivon Smith,695.0,1322.0,1.77,97.63899466869765,95.86776859504133,97.64,97.18,49.28,101.6,11.81,34.42,0.0,0.0,16.45,36.63,0.0,6.32,4.8,14.85,21.78,53.08,Utah Utes
Keba Keita,535.0,1016.0,0.18,98.41897233201581,98.23529411764706,98.42,99.01,50.2,102.57,11.07,33.4,0.0,0.0,17.69,35.38,0.0,6.03,5.43,15.12,21.74,53.07,Utah Utes
Cache Fields,40.0,68.0,38.83,104.54545454545455,65.71428571428571,104.55,69.7,51.52,113.64,7.58,21.21,0.0,0.0,25.76,54.55,0.0,9.09,13.64,12.12,27.27,80.31,Utah Valley Wolverines
Ethan Potter,365.0,665.0,12.41,96.01837672281776,83.60413589364845,96.02,86.68,50.84,102.3,6.28,18.84,0.0,0.0,18.22,38.9,0.0,9.19,7.5,15.93,22.97,57.12,Utah Valley Wolverines
Jaden McClanahan,525.0,990.0,3.02,89.60244648318043,86.58658658658659,89.6,88.18,49.75,100.71,6.12,21.3,0.0,0.0,16.92,34.35,0.0,9.17,6.52,16.21,23.14,51.27,Utah Valley Wolverines
Tanner Toolson,805.0,1557.5,2.26,88.73873873873875,86.48302370275465,88.74,86.87,50.58,101.42,6.18,19.82,0.0,0.0,16.92,35.2,0.0,8.75,6.24,15.51,23.68,52.12,Utah Valley Wolverines
Drake Allen,845.0,1645.5,1.98,88.23170731707317,86.25075711689885,88.23,86.83,50.43,101.65,6.16,20.55,0.0,0.0,17.2,34.76,0.0,8.9,6.16,15.55,23.66,51.96,Utah Valley Wolverines
Trevin Dorius,845.0,1645.5,1.98,88.23170731707317,86.25075711689885,88.23,86.83,50.43,101.65,6.16,20.55,0.0,0.0,17.2,34.76,0.0,8.9,6.16,15.55,23.66,51.96,Utah Valley Wolverines
Osiris Grady,160.0,332.5,-2.05,82.30088495575221,84.3558282208589,82.3,81.12,53.39,103.54,3.83,19.47,0.0,0.0,17.11,33.33,0.0,8.85,3.54,13.57,21.83,50.44,Utah Valley Wolverines
Caleb Stone-Carrawell,480.0,980.5,-5.01,83.08004052684905,88.09034907597535,83.08,86.93,50.15,101.22,6.08,21.68,0.0,0.0,16.51,32.02,0.0,8.71,5.27,15.3,24.11,48.53,Utah Valley Wolverines
Nate Tshimanga,160.0,343.0,-5.47,84.70588235294117,90.17341040462428,84.71,91.76,48.53,101.18,8.24,22.65,0.0,0.0,17.65,31.47,0.0,8.82,5.88,16.47,26.18,49.12,Utah Valley Wolverines
Jason Nelson,279.9,516.5,9.56,92.66409266409266,83.10679611650485,92.66,82.63,50.58,94.79,12.16,29.73,0.0,0.0,9.85,36.49,0.0,7.53,4.05,15.06,21.43,46.34,VCU Rams
Max Shulga,844.9,1575.0,6.15,94.57908163265306,88.4323640960809,94.58,89.22,51.72,98.02,11.54,30.99,0.0,0.0,13.07,34.57,0.0,8.74,5.42,15.05,21.88,47.64,VCU Rams
Christian Fermin,884.9,1645.0,5.46,94.07814407814408,88.61985472154964,94.08,89.38,51.34,97.68,11.54,31.01,0.0,0.0,12.94,34.55,0.0,8.79,5.31,15.26,21.92,47.49,VCU Rams
Kuany Kuany,884.9,1645.0,5.46,94.07814407814408,88.61985472154964,94.08,89.38,51.34,97.68,11.54,31.01,0.0,0.0,12.94,34.55,0.0,8.79,5.31,15.26,21.92,47.49,VCU Rams
Sean Bairstow,765.0,1424.0,4.71,94.56981664315937,89.86013986013987,94.57,90.62,51.69,98.38,11.57,31.03,0.0,0.0,13.4,33.85,0.0,9.31,5.43,15.02,22.07,47.25,VCU Rams
Zeb Jackson,764.9,1419.5,3.97,93.54609929078013,89.57312806158153,93.55,90.78,50.85,97.66,11.28,31.49,0.0,0.0,13.48,34.54,0.0,8.79,5.53,15.82,21.99,48.02,VCU Rams
Jake Johnston,40.0,77.0,-9.09,80.51948051948052,89.6103896103896,80.52,89.61,44.16,103.9,10.39,37.66,0.0,0.0,14.29,31.17,0.0,6.49,3.9,10.39,18.18,45.46,VMI Keydets
Brennan Watkins,445.0,959.5,-22.09,83.4375,105.52659019812305,83.44,105.42,46.56,93.65,7.92,24.17,0.0,0.0,10.73,30.83,0.0,7.5,2.71,17.08,18.65,41.56,VMI Keydets
DJ Nussbaum,725.0,1536.0,-23.28,79.43680419122462,102.71844660194174,79.44,103.93,44.66,92.6,6.94,23.58,0.0,0.0,10.54,30.84,0.0,7.47,3.21,17.94,18.8,41.38,VMI Keydets
Taeshaud Jackson II,680.0,1451.0,-25.12,78.3090783090783,103.42700479780672,78.31,104.57,44.21,93.35,6.93,24.81,0.0,0.0,11.64,30.35,0.0,7.69,2.98,18.3,18.71,41.99,VMI Keydets
Devin Butler,765.0,1616.5,-25.2,79.16666666666666,104.36923076923077,79.17,105.47,44.47,93.22,7.03,24.13,0.0,0.0,11.26,30.78,0.0,7.28,3.11,18.03,18.91,42.04,VMI Keydets
Tyran Cook,765.0,1616.5,-25.2,79.16666666666666,104.36923076923077,79.17,105.47,44.47,93.22,7.03,24.13,0.0,0.0,11.26,30.78,0.0,7.28,3.11,18.03,18.91,42.04,VMI Keydets
Corey Chesley,85.0,165.5,-25.98,86.66666666666667,112.65060240963855,86.67,113.33,46.67,92.12,7.88,18.18,0.0,0.0,7.88,34.55,0.0,3.64,4.24,15.76,20.61,42.43,VMI Keydets
AJ Clark,200.0,417.0,-30.2,69.08212560386472,99.28571428571429,69.08,100.72,40.34,91.79,5.07,24.4,0.0,0.0,11.59,30.68,0.0,7.25,4.11,19.81,19.32,42.27,VMI Keydets
Maurice Wright Jr.,80.0,163.0,-38.18,78.98089171974523,117.15976331360946,78.98,126.11,42.68,89.17,5.1,16.56,0.0,0.0,12.1,30.57,0.0,6.37,2.55,22.93,19.75,42.67,VMI Keydets
Stephen Olowoniyi,40.0,80.5,-62.18,74.07407407407408,136.25,74.07,134.57,40.74,104.94,8.64,34.57,0.0,0.0,24.69,29.63,0.0,3.7,1.23,19.75,20.99,54.32,VMI Keydets
Sherman Weatherspoon IV,400.0,747.0,-5.7,91.50943396226415,97.20744680851064,91.51,98.52,46.9,100.13,10.65,30.46,0.0,0.0,13.75,35.44,0.0,7.55,4.72,13.61,20.62,49.19,Valparaiso Beacons
Kaspar Sepp,520.0,978.5,-9.08,90.91847265221878,100.0,90.92,101.96,47.37,97.01,10.53,28.17,0.0,0.0,12.38,31.99,0.0,7.22,4.64,15.38,23.22,44.37,Valparaiso Beacons
Connor Barrett,40.0,70.0,-11.11,100.0,111.11111111111111,100.0,117.65,48.53,98.53,14.71,35.29,0.0,0.0,10.29,25.0,0.0,4.41,4.41,11.76,23.53,35.29,Valparaiso Beacons
Isaiah Stafford,720.0,1352.5,-11.47,91.51014274981218,102.9839883551674,91.51,106.31,46.58,100.38,10.22,30.2,0.0,0.0,14.43,29.98,0.0,7.81,3.68,14.05,22.92,44.41,Valparaiso Beacons
Darius DeAveiro,840.0,1585.0,-12.52,90.34526854219949,102.86425902864258,90.35,105.63,46.36,99.81,10.36,29.99,0.0,0.0,14.32,30.56,0.0,7.54,4.16,14.51,22.63,44.88,Valparaiso Beacons
Cooper Schwieger,800.0,1507.0,-12.6,91.26930826057756,103.86885245901641,91.27,106.38,46.94,100.67,10.41,29.89,0.0,0.0,14.71,30.09,0.0,7.45,4.23,14.04,22.9,44.8,Valparaiso Beacons
Jerome Palm,320.0,600.5,-13.33,89.43781942078365,102.76872964169381,89.44,107.5,44.46,102.39,10.56,33.05,0.0,0.0,16.87,30.66,0.0,8.35,3.24,14.48,21.29,47.53,Valparaiso Beacons
Jaxon Edwards,400.0,768.0,-19.22,88.3289124668435,107.54475703324809,88.33,111.54,45.62,99.6,9.68,29.05,0.0,0.0,15.25,26.26,0.0,7.82,3.58,15.65,24.54,41.51,Valparaiso Beacons
Jahari Williamson,160.0,316.5,-25.61,81.0126582278481,106.62460567823344,81.01,106.96,43.04,97.15,9.81,29.43,0.0,0.0,13.29,30.7,0.0,6.33,6.01,16.14,20.89,43.99,Valparaiso Beacons
Tasos Kamateros,200.0,394.5,-12.38,87.87878787878788,100.25445292620864,87.88,99.49,47.98,100.76,8.59,29.29,0.0,0.0,14.9,29.29,0.0,9.09,5.3,14.14,18.43,44.19,Vanderbilt Commodores
Jason Rivera-Torres,80.0,141.5,-16.43,83.57142857142857,100.0,83.57,102.14,44.29,102.86,9.29,34.29,0.0,0.0,15.71,32.86,0.0,7.86,3.57,12.86,25.0,48.57,Vanderbilt Commodores
JaQualon Roberts,165.0,318.0,-16.54,87.61609907120743,104.15335463258786,87.62,100.93,49.54,99.69,5.88,22.91,0.0,0.0,13.0,28.48,0.0,8.36,3.41,13.31,19.81,41.48,Vanderbilt Commodores
Isaiah West,200.0,386.5,-16.73,86.66666666666667,103.39425587467363,86.67,101.54,48.72,100.0,8.72,30.0,0.0,0.0,13.33,28.97,0.0,6.92,3.59,13.33,20.77,42.3,Vanderbilt Commodores
Ezra Manjon,765.0,1464.5,-17.16,86.36056718433491,103.52209944751381,86.36,101.22,48.62,101.96,7.7,28.16,0.0,0.0,14.79,28.76,0.0,7.77,3.98,12.83,20.19,43.55,Vanderbilt Commodores
Tyrin Lawrence,765.0,1464.5,-17.16,86.36056718433491,103.52209944751381,86.36,101.22,48.62,101.96,7.7,28.16,0.0,0.0,14.79,28.76,0.0,7.77,3.98,12.83,20.19,43.55,Vanderbilt Commodores
Ven-Allen Lubin,765.0,1464.5,-17.16,86.36056718433491,103.52209944751381,86.36,101.22,48.62,101.96,7.7,28.16,0.0,0.0,14.79,28.76,0.0,7.77,3.98,12.83,20.19,43.55,Vanderbilt Commodores
Malik Presley,205.0,378.0,-17.95,89.26701570680629,107.2192513368984,89.27,104.97,49.48,101.05,6.28,23.3,0.0,0.0,13.87,28.01,0.0,8.12,3.14,12.83,19.9,41.88,Vanderbilt Commodores
Evan Taylor,440.0,834.0,-18.1,86.03550295857988,104.13122721749697,86.04,101.42,49.23,104.73,7.93,28.76,0.0,0.0,16.45,28.4,0.0,7.34,3.55,11.72,20.71,44.85,Vanderbilt Commodores
Jordan Williams,240.0,476.5,-19.87,83.1275720164609,102.99785867237688,83.13,98.97,47.94,101.65,7.61,30.25,0.0,0.0,14.61,28.4,0.0,7.41,5.14,12.96,19.34,43.01,Vanderbilt Commodores
Jace Roquemore,80.0,137.5,15.21,109.28571428571428,94.07407407407408,109.29,90.71,53.57,98.57,16.43,40.0,0.0,0.0,9.29,44.29,0.0,7.14,5.0,10.71,11.43,53.58,Vermont Catamounts
Brenton Mills,40.0,71.0,14.21,102.77777777777777,88.57142857142857,102.78,86.11,52.78,98.61,13.89,34.72,0.0,0.0,11.11,33.33,0.0,9.72,6.94,12.5,19.44,44.44,Vermont Catamounts
TJ Hurley,564.8,1022.0,12.85,97.11538461538461,84.26294820717132,97.12,81.35,51.73,100.19,10.77,34.33,0.0,0.0,11.83,39.52,0.0,8.37,6.25,11.63,17.31,51.35,Vermont Catamounts
Nick Fiorillo,360.0,672.0,12.82,96.63250366032212,83.8124054462935,96.63,81.11,53.15,101.9,10.54,32.06,0.0,0.0,13.47,35.29,0.0,9.37,5.86,11.57,19.18,48.76,Vermont Catamounts
Sam Alamutu,80.0,151.0,12.27,97.40259740259741,85.13513513513513,97.4,81.82,52.6,95.45,11.04,22.08,0.0,0.0,10.39,40.26,0.0,9.09,5.19,14.94,19.48,50.65,Vermont Catamounts
Matt Veretto,444.8,791.5,12.23,97.38154613466334,85.1472471190781,97.38,82.92,51.75,99.63,10.47,33.04,0.0,0.0,11.22,40.15,0.0,8.6,6.11,11.6,17.71,51.37,Vermont Catamounts
Ileri Ayo-Faleye,724.8,1329.5,10.65,95.41759053954176,84.76263399693721,95.42,81.82,51.22,100.52,10.57,33.11,0.0,0.0,12.12,37.77,0.0,9.39,6.13,11.6,17.37,49.89,Vermont Catamounts
TJ Long,684.8,1258.0,9.84,93.984375,84.14239482200647,93.98,81.25,50.78,100.31,10.47,33.59,0.0,0.0,12.11,37.97,0.0,8.91,6.33,11.8,17.58,50.08,Vermont Catamounts
Shamir Bogues,644.8,1191.5,9.48,92.73927392739274,83.26216908625106,92.74,80.45,50.58,100.41,9.98,32.92,0.0,0.0,12.38,36.96,0.0,9.16,6.52,11.96,18.4,49.34,Vermont Catamounts
Aaron Deloney,200.0,378.5,5.63,90.88541666666666,85.25469168900804,90.89,82.81,50.52,100.52,10.16,29.17,0.0,0.0,12.76,33.33,0.0,10.94,5.99,12.24,19.27,46.09,Vermont Catamounts
Jordan Longino,165.0,310.0,9.35,93.2258064516129,83.87096774193549,93.23,83.87,48.39,97.42,11.29,32.9,0.0,0.0,12.58,37.1,0.0,7.74,3.87,15.16,18.71,49.68,Villanova Wildcats
Tyler Burton,860.0,1491.0,6.57,97.98657718120806,91.42091152815014,97.99,91.54,49.73,97.52,13.49,37.52,0.0,0.0,11.14,37.32,0.0,8.12,3.83,13.62,21.34,48.46,Villanova Wildcats
Mark Armstrong,810.0,1398.5,6.21,96.8503937007874,90.64285714285715,96.85,90.84,49.25,97.78,13.31,37.8,0.0,0.0,11.02,37.87,0.0,8.38,3.79,13.24,20.97,48.89,Villanova Wildcats
Justin Moore,695.0,1188.0,5.79,99.15611814345992,93.36691855583543,99.16,93.84,50.04,98.4,13.92,38.48,0.0,0.0,10.89,37.72,0.0,8.27,3.88,12.49,21.6,48.61,Villanova Wildcats
Eric Dixon,900.0,1564.0,4.97,96.98910954516336,92.02297383535418,96.99,92.38,49.39,97.95,13.07,37.35,0.0,0.0,11.15,37.16,0.0,8.07,3.84,13.2,21.2,48.31,Villanova Wildcats
TJ Bamba,820.0,1432.0,4.73,97.13286713286713,92.39888423988842,97.13,92.66,49.37,98.25,13.08,37.13,0.0,0.0,11.26,37.27,0.0,8.11,3.92,13.01,20.7,48.53,Villanova Wildcats
Hakim Hart,170.0,304.5,0.23,96.66666666666667,96.44012944983818,96.67,99.33,50.0,100.67,11.33,35.33,0.0,0.0,11.67,34.67,0.0,6.67,4.0,11.0,23.0,46.34,Villanova Wildcats
Brendan Hausen,40.0,66.0,-30.3,75.75757575757575,106.06060606060606,75.76,106.06,42.42,92.42,6.06,37.88,0.0,0.0,9.09,27.27,0.0,6.06,3.03,16.67,25.76,36.36,Villanova Wildcats
Lance Ware,40.0,66.0,-30.3,75.75757575757575,106.06060606060606,75.76,106.06,42.42,92.42,6.06,37.88,0.0,0.0,9.09,27.27,0.0,6.06,3.03,16.67,25.76,36.36,Villanova Wildcats
Andrew Rohde,645.0,1076.0,7.22,95.82938388625593,88.6052871467639,95.83,92.13,49.19,102.84,9.57,25.21,0.0,0.0,15.36,36.4,0.0,9.57,7.39,12.51,21.71,51.76,Virginia Cavaliers
Isaac McKneely,895.0,1492.5,3.34,93.75424304141208,90.41005291005291,93.75,92.8,48.0,103.05,9.98,26.82,0.0,0.0,15.07,35.78,0.0,9.1,6.99,12.02,20.3,50.85,Virginia Cavaliers
Reece Beekman,895.0,1492.5,3.34,93.75424304141208,90.41005291005291,93.75,92.8,48.0,103.05,9.98,26.82,0.0,0.0,15.07,35.78,0.0,9.1,6.99,12.02,20.3,50.85,Virginia Cavaliers
Ryan Dunn,895.0,1492.5,3.34,93.75424304141208,90.41005291005291,93.75,92.8,48.0,103.05,9.98,26.82,0.0,0.0,15.07,35.78,0.0,9.1,6.99,12.02,20.3,50.85,Virginia Cavaliers
Jordan Minor,690.0,1149.5,2.97,92.11691762621788,89.14529914529915,92.12,92.38,47.12,102.83,9.74,26.31,0.0,0.0,15.06,35.78,0.0,8.86,7.79,12.22,20.81,50.84,Virginia Cavaliers
Jacob Groves,325.0,548.5,1.45,94.8905109489051,93.44262295081968,94.89,93.61,48.72,103.47,11.13,29.01,0.0,0.0,14.42,34.31,0.0,9.12,5.66,10.95,18.07,48.73,Virginia Cavaliers
Blake Buchanan,85.0,138.0,-9.16,89.36170212765957,98.51851851851852,89.36,94.33,46.1,103.55,9.22,28.37,0.0,0.0,14.18,39.72,0.0,8.51,4.26,10.64,15.6,53.9,Virginia Cavaliers
Taine Murray,45.0,73.0,-10.96,89.04109589041096,100.0,89.04,100.0,42.47,105.48,12.33,38.36,0.0,0.0,17.81,30.14,0.0,6.85,4.11,12.33,17.81,47.95,Virginia Cavaliers
Tyler Nickel,120.0,236.0,5.53,96.06986899563319,90.53497942386831,96.07,96.07,51.09,94.76,11.35,33.19,0.0,0.0,12.66,34.5,0.0,5.24,3.93,17.9,25.76,47.16,Virginia Tech Hokies
Mylyjael Poteat,40.0,76.5,3.79,105.12820512820514,101.33333333333334,105.13,97.44,60.26,111.54,8.97,37.18,0.0,0.0,21.79,30.77,0.0,6.41,7.69,10.26,19.23,52.56,Virginia Tech Hokies
Robbie Beran,760.0,1430.5,1.61,100.20847810979848,98.59353023909986,100.21,97.43,53.51,97.36,11.33,32.38,0.0,0.0,10.98,30.79,0.0,6.81,3.13,13.62,20.36,41.77,Virginia Tech Hokies
Sean Pedulla,839.8,1596.5,0.69,98.811013767209,98.11912225705329,98.81,97.93,52.69,96.25,11.2,31.6,0.0,0.0,10.7,31.23,0.0,6.32,3.32,14.46,20.96,41.93,Virginia Tech Hokies
Lynn Kidd,799.8,1520.0,0.53,98.48684210526316,97.96052631578948,98.49,97.96,52.3,95.46,11.32,31.32,0.0,0.0,10.13,31.25,0.0,6.32,3.09,14.67,21.05,41.38,Virginia Tech Hokies
Hunter Cattoor,799.8,1523.5,0.47,98.6265533028123,98.15546772068511,98.63,97.45,52.91,96.4,11.05,30.87,0.0,0.0,10.53,30.87,0.0,6.34,3.27,14.13,20.73,41.4,Virginia Tech Hokies
MJ Collins,759.8,1433.5,0.07,99.44367176634215,99.370188943317,99.44,98.75,52.71,96.31,11.34,32.13,0.0,0.0,10.57,31.08,0.0,6.47,3.27,14.26,20.45,41.65,Virginia Tech Hokies
Mekhi Long,79.8,166.0,-8.06,86.16352201257862,94.21965317919076,86.16,102.52,45.28,86.16,10.06,24.53,0.0,0.0,8.18,35.22,0.0,1.89,5.03,22.01,26.42,43.4,Virginia Tech Hokies
Julian Brown,684.8,1179.5,2.42,90.01692047377327,87.59558198810535,90.02,87.23,48.56,102.79,9.73,30.54,0.0,0.0,17.85,36.55,0.0,7.7,3.47,15.06,21.57,54.4,Wagner Seahawks
Javier Ezquerra,769.8,1324.0,2.0,90.42232277526395,88.42662632375189,90.42,88.16,48.64,102.87,9.73,30.32,0.0,0.0,17.57,36.58,0.0,7.39,3.39,14.71,21.42,54.15,Wagner Seahawks
Keyontae Lewis,769.8,1324.0,2.0,90.42232277526395,88.42662632375189,90.42,88.16,48.64,102.87,9.73,30.32,0.0,0.0,17.57,36.58,0.0,7.39,3.39,14.71,21.42,54.15,Wagner Seahawks
Melvin Council Jr.,769.8,1324.0,2.0,90.42232277526395,88.42662632375189,90.42,88.16,48.64,102.87,9.73,30.32,0.0,0.0,17.57,36.58,0.0,7.39,3.39,14.71,21.42,54.15,Wagner Seahawks
Tahron Allen,769.8,1324.0,2.0,90.42232277526395,88.42662632375189,90.42,88.16,48.64,102.87,9.73,30.32,0.0,0.0,17.57,36.58,0.0,7.39,3.39,14.71,21.42,54.15,Wagner Seahawks
Tyje Kelton,85.0,144.5,-1.42,93.75,95.17241379310344,93.75,95.83,49.31,103.47,9.72,28.47,0.0,0.0,15.28,36.81,0.0,4.86,2.78,11.81,20.14,52.09,Wagner Seahawks
Andrew Carr,884.8,1698.5,6.89,98.82283696291937,91.93168433451119,98.82,91.88,53.5,97.59,10.48,28.19,0.0,0.0,11.71,33.61,0.0,7.53,4.83,14.13,21.01,45.32,Wake Forest Demon Deacons
Cameron Hildreth,884.8,1698.5,6.89,98.82283696291937,91.93168433451119,98.82,91.88,53.5,97.59,10.48,28.19,0.0,0.0,11.71,33.61,0.0,7.53,4.83,14.13,21.01,45.32,Wake Forest Demon Deacons
Efton Reid III,884.8,1698.5,6.89,98.82283696291937,91.93168433451119,98.82,91.88,53.5,97.59,10.48,28.19,0.0,0.0,11.71,33.61,0.0,7.53,4.83,14.13,21.01,45.32,Wake Forest Demon Deacons
Hunter Sallis,884.8,1698.5,6.89,98.82283696291937,91.93168433451119,98.82,91.88,53.5,97.59,10.48,28.19,0.0,0.0,11.71,33.61,0.0,7.53,4.83,14.13,21.01,45.32,Wake Forest Demon Deacons
Kevin Miller,884.8,1698.5,6.89,98.82283696291937,91.93168433451119,98.82,91.88,53.5,97.59,10.48,28.19,0.0,0.0,11.71,33.61,0.0,7.53,4.83,14.13,21.01,45.32,Wake Forest Demon Deacons
Braxton Meah,565.0,1132.0,1.77,96.73144876325088,94.96466431095406,96.73,94.96,51.59,100.62,10.87,30.3,0.0,0.0,14.22,33.75,0.0,6.89,4.15,13.6,22.0,47.97,Washington Huskies
Paul Mulcahy,810.0,1615.0,1.55,98.636926889715,97.09158415841584,98.64,97.21,52.6,99.75,10.41,29.31,0.0,0.0,13.01,32.96,0.0,6.88,3.72,13.26,22.12,45.97,Washington Huskies
Keion Brooks Jr.,850.0,1695.5,1.18,98.34710743801654,97.1714790807307,98.35,97.34,52.3,99.29,10.57,29.34,0.0,0.0,12.81,32.76,0.0,7.02,3.54,13.52,22.02,45.57,Washington Huskies
Moses Wood,850.0,1695.5,1.18,98.34710743801654,97.1714790807307,98.35,97.34,52.3,99.29,10.57,29.34,0.0,0.0,12.81,32.76,0.0,7.02,3.54,13.52,22.02,45.57,Washington Huskies
Sahvir Wheeler,810.0,1617.5,0.98,98.57585139318886,97.5925925925926,98.58,97.89,52.38,99.69,10.71,29.78,0.0,0.0,13.13,32.57,0.0,7.06,3.59,13.44,22.11,45.7,Washington Huskies
Wilhelm Breidenbach,285.0,563.5,0.01,101.60142348754448,101.59292035398231,101.6,102.14,53.74,96.62,9.96,27.4,0.0,0.0,9.96,30.78,0.0,7.3,2.31,13.35,22.06,40.74,Washington Huskies
Koren Johnson,80.0,158.5,-0.59,93.08176100628931,93.67088607594937,93.08,93.08,48.43,90.57,10.69,25.16,0.0,0.0,7.55,32.7,0.0,8.18,1.26,16.98,20.13,40.25,Washington Huskies
Jaylen Wells,730.0,1347.5,6.9,97.04797047970479,90.14925373134328,97.05,89.15,53.28,102.29,8.49,24.87,0.0,0.0,16.61,34.61,0.0,6.64,5.83,14.32,21.48,51.22,Washington State Cougars
Oscar Cluff,565.0,1052.0,6.02,96.51600753295668,90.49904030710174,96.52,88.79,53.58,100.28,8.19,23.82,0.0,0.0,14.78,34.93,0.0,6.59,6.21,14.5,21.37,49.71,Washington State Cougars
Andrej Jakimovski,890.0,1646.5,3.9,95.89619794809897,91.99266503667481,95.9,90.83,52.93,101.75,8.33,24.38,0.0,0.0,16.48,33.98,0.0,6.16,5.79,14.73,21.24,50.46,Washington State Cougars
Myles Rice,890.0,1646.5,3.9,95.89619794809897,91.99266503667481,95.9,90.83,52.93,101.75,8.33,24.38,0.0,0.0,16.48,33.98,0.0,6.16,5.79,14.73,21.24,50.46,Washington State Cougars
Isaac Jones,850.0,1568.0,3.64,96.13434727503169,92.49037227214377,96.13,91.32,52.92,102.15,8.37,24.4,0.0,0.0,16.79,33.52,0.0,6.21,5.7,14.64,21.17,50.31,Washington State Cougars
Rueben Chinyelu,325.0,594.5,0.18,94.78991596638654,94.61279461279462,94.79,94.45,51.76,104.37,8.57,25.38,0.0,0.0,19.5,32.27,0.0,5.38,5.04,15.13,21.01,51.77,Washington State Cougars
Kymany Houinsou,200.0,377.5,-5.71,90.81364829396325,96.52406417112299,90.81,94.75,51.71,98.16,7.61,22.57,0.0,0.0,14.7,33.6,0.0,4.2,6.04,16.54,20.73,48.3,Washington State Cougars
KJ Cunningham,40.0,77.5,38.42,111.8421052631579,73.41772151898735,111.84,76.32,57.89,105.26,10.53,28.95,0.0,0.0,11.84,38.16,0.0,11.84,6.58,6.58,26.32,50.0,Weber State Wildcats
Alex Tew,725.0,1379.0,3.74,97.85407725321889,94.11764705882352,97.85,91.56,54.36,99.28,9.37,27.32,0.0,0.0,12.09,30.11,0.0,9.51,2.36,12.8,21.82,42.2,Weber State Wildcats
Dillon Jones,765.0,1445.0,3.55,98.22282980177717,94.67414155571127,98.22,92.34,54.27,99.45,9.5,27.48,0.0,0.0,12.37,29.94,0.0,9.64,2.46,12.92,22.01,42.31,Weber State Wildcats
Dyson Koehler,765.0,1445.0,3.55,98.22282980177717,94.67414155571127,98.22,92.34,54.27,99.45,9.5,27.48,0.0,0.0,12.37,29.94,0.0,9.64,2.46,12.92,22.01,42.31,Weber State Wildcats
Steven Verplancken,765.0,1445.0,3.55,98.22282980177717,94.67414155571127,98.22,92.34,54.27,99.45,9.5,27.48,0.0,0.0,12.37,29.94,0.0,9.64,2.46,12.92,22.01,42.31,Weber State Wildcats
Blaise Threatt,725.0,1367.5,1.56,97.47656813266042,95.91988130563797,97.48,93.22,54.07,99.13,9.44,27.4,0.0,0.0,12.4,29.49,0.0,9.52,2.24,13.27,21.77,41.89,Weber State Wildcats
Arnaud Revaz,40.0,66.0,0.18,106.15384615384616,105.97014925373134,106.15,109.23,52.31,103.08,12.31,30.77,0.0,0.0,18.46,26.15,0.0,12.31,4.62,15.38,26.15,44.61,Weber State Wildcats
Patrick Suemnick,240.0,482.0,-3.13,89.7872340425532,92.91497975708502,89.79,97.66,49.15,94.68,11.7,28.51,0.0,0.0,11.91,27.66,0.0,8.3,3.62,17.23,22.13,39.57,West Virginia Mountaineers
Kobe Johnson,645.0,1257.0,-10.47,91.58653846153845,102.05371248025277,91.59,103.53,49.28,96.07,10.9,27.24,0.0,0.0,13.46,30.69,0.0,6.25,4.57,17.39,21.39,44.15,West Virginia Mountaineers
Josiah Harris,160.0,318.0,-10.47,87.34177215189874,97.8125,87.34,99.05,50.0,93.04,9.81,26.9,0.0,0.0,11.71,25.0,0.0,8.23,2.53,18.67,20.25,36.71,West Virginia Mountaineers
Akok Akok,200.0,394.5,-11.27,90.72164948453609,101.99501246882794,90.72,105.41,48.97,97.42,10.57,27.84,0.0,0.0,13.66,30.41,0.0,4.9,4.64,16.24,21.65,44.07,West Virginia Mountaineers
Kerr Kriisa,765.0,1493.0,-13.22,90.51782111634162,103.73582388258839,90.52,104.57,49.43,96.44,10.22,26.9,0.0,0.0,13.72,29.66,0.0,5.99,4.37,17.28,21.05,43.38,West Virginia Mountaineers
RaeQuan Battle,765.0,1493.0,-13.22,90.51782111634162,103.73582388258839,90.52,104.57,49.43,96.44,10.22,26.9,0.0,0.0,13.72,29.66,0.0,5.99,4.37,17.28,21.05,43.38,West Virginia Mountaineers
Jesse Edwards,485.0,938.0,-15.78,92.15270413573701,107.93140407288317,92.15,106.79,49.95,96.82,9.86,25.77,0.0,0.0,14.21,30.75,0.0,4.98,4.56,17.39,20.57,44.96,West Virginia Mountaineers
Quinn Slazinski,485.0,939.5,-18.09,90.46610169491525,108.55614973262031,90.47,107.52,49.58,97.78,9.32,25.85,0.0,0.0,14.94,30.3,0.0,5.19,4.87,17.16,20.66,45.24,West Virginia Mountaineers
Noah Farrakhan,80.0,150.0,-34.6,80.26315789473685,114.86486486486487,80.26,111.84,47.37,98.68,7.89,30.26,0.0,0.0,15.13,24.34,0.0,5.92,3.95,16.45,20.39,39.47,West Virginia Mountaineers
Kamar Robertson,125.0,222.0,13.63,110.95890410958904,97.33333333333334,110.96,100.0,57.08,103.2,12.79,28.77,0.0,0.0,15.53,42.01,0.0,3.2,1.83,12.33,21.46,57.54,Western Carolina Catamounts
Charles Lampten,730.0,1381.5,10.07,99.490538573508,89.41684665226782,99.49,90.39,52.47,103.35,10.92,28.6,0.0,0.0,16.23,38.72,0.0,5.6,4.29,12.88,21.25,54.95,Western Carolina Catamounts
Russell Jones Jr.,774.8,1467.0,9.1,99.3844049247606,90.28532608695652,99.38,90.9,52.53,103.21,11.01,28.59,0.0,0.0,15.87,37.48,0.0,5.54,4.1,12.65,21.34,53.35,Western Carolina Catamounts
Tre Jackson,774.8,1467.0,9.1,99.3844049247606,90.28532608695652,99.38,90.9,52.53,103.21,11.01,28.59,0.0,0.0,15.87,37.48,0.0,5.54,4.1,12.65,21.34,53.35,Western Carolina Catamounts
Vonterius Woolbright,774.8,1467.0,9.1,99.3844049247606,90.28532608695652,99.38,90.9,52.53,103.21,11.01,28.59,0.0,0.0,15.87,37.48,0.0,5.54,4.1,12.65,21.34,53.35,Western Carolina Catamounts
DJ Campbell,649.8,1245.0,8.33,97.34513274336283,89.01363271852446,97.35,89.3,51.73,103.22,10.7,28.56,0.0,0.0,15.93,36.69,0.0,5.95,4.51,12.71,21.32,52.62,Western Carolina Catamounts
Colin Granger,44.8,85.5,-7.09,97.72727272727273,104.81927710843372,97.73,98.86,53.41,101.14,12.5,28.41,0.0,0.0,10.23,18.18,0.0,4.55,1.14,9.09,22.73,28.41,Western Carolina Catamounts
James Dent Jr.,40.0,69.5,13.06,114.4927536231884,101.42857142857142,114.49,102.9,57.97,105.8,15.94,23.19,0.0,0.0,21.74,33.33,0.0,2.9,7.25,15.94,18.84,55.07,Western Illinois Leathernecks
Tay Knox,40.0,69.5,13.06,114.4927536231884,101.42857142857142,114.49,102.9,57.97,105.8,15.94,23.19,0.0,0.0,21.74,33.33,0.0,2.9,7.25,15.94,18.84,55.07,Western Illinois Leathernecks
Drew Cisse,800.0,1436.5,-0.09,91.42661179698217,91.51943462897526,91.43,88.82,50.89,106.38,7.75,23.8,0.0,0.0,24.21,35.6,0.0,7.06,6.93,17.83,18.66,59.81,Western Illinois Leathernecks
JJ Kalakon,800.0,1436.5,-0.09,91.42661179698217,91.51943462897526,91.43,88.82,50.89,106.38,7.75,23.8,0.0,0.0,24.21,35.6,0.0,7.06,6.93,17.83,18.66,59.81,Western Illinois Leathernecks
Jesiah West,800.0,1436.5,-0.09,91.42661179698217,91.51943462897526,91.43,88.82,50.89,106.38,7.75,23.8,0.0,0.0,24.21,35.6,0.0,7.06,6.93,17.83,18.66,59.81,Western Illinois Leathernecks
Quinlan Bennett,760.0,1367.0,-0.72,90.28077753779698,91.00371747211896,90.28,88.12,50.54,106.41,7.34,23.83,0.0,0.0,24.33,35.71,0.0,7.27,6.91,17.93,18.65,60.04,Western Illinois Leathernecks
Ryan Myers,760.0,1367.0,-0.72,90.28077753779698,91.00371747211896,90.28,88.12,50.54,106.41,7.34,23.83,0.0,0.0,24.33,35.71,0.0,7.27,6.91,17.93,18.65,60.04,Western Illinois Leathernecks
Dontaie Allen,520.0,1095.5,9.28,97.72727272727273,88.45096241979834,97.73,87.73,54.18,95.82,8.45,22.73,0.0,0.0,11.64,34.91,0.0,8.36,3.91,15.82,21.18,46.55,Western Kentucky Hilltoppers
Babacar Faye,760.0,1593.5,6.9,95.625,88.72085696282294,95.62,88.0,52.75,95.75,8.5,22.94,0.0,0.0,12.75,35.0,0.0,8.94,3.81,17.0,21.38,47.75,Western Kentucky Hilltoppers
Brandon Newman,760.0,1593.5,6.9,95.625,88.72085696282294,95.62,88.0,52.75,95.75,8.5,22.94,0.0,0.0,12.75,35.0,0.0,8.94,3.81,17.0,21.38,47.75,Western Kentucky Hilltoppers
Don McHenry,760.0,1593.5,6.9,95.625,88.72085696282294,95.62,88.0,52.75,95.75,8.5,22.94,0.0,0.0,12.75,35.0,0.0,8.94,3.81,17.0,21.38,47.75,Western Kentucky Hilltoppers
Tyrone Marshall Jr.,760.0,1593.5,6.9,95.625,88.72085696282294,95.62,88.0,52.75,95.75,8.5,22.94,0.0,0.0,12.75,35.0,0.0,8.94,3.81,17.0,21.38,47.75,Western Kentucky Hilltoppers
Khristian Lander,200.0,414.5,3.17,89.63855421686748,86.47342995169082,89.64,86.27,49.16,93.01,8.92,23.86,0.0,0.0,13.98,35.9,0.0,10.36,4.1,20.96,22.65,49.88,Western Kentucky Hilltoppers
Teagan Moore,40.0,83.5,-6.01,97.6470588235294,103.65853658536585,97.65,100.0,51.76,108.24,7.06,21.18,0.0,0.0,21.18,31.76,0.0,9.41,1.18,12.94,17.65,52.94,Western Kentucky Hilltoppers
Jefferson De La Cruz Monegro,689.8,1342.5,1.38,95.25959367945825,93.87905604719764,95.26,95.79,49.96,102.78,10.68,29.8,0.0,0.0,19.94,34.09,0.0,5.79,4.59,17.16,23.25,54.03,Western Michigan Broncos
B. Artis White,649.8,1267.5,1.17,93.40746624305004,92.24137931034483,93.41,93.49,49.17,103.18,10.72,30.42,0.0,0.0,19.78,34.39,0.0,5.56,4.85,16.6,22.4,54.17,Western Michigan Broncos
Owen Lobsinger,729.8,1418.0,-0.43,93.15263908701854,93.58437935843794,93.15,95.72,48.72,102.85,10.7,30.74,0.0,0.0,20.04,33.88,0.0,6.06,4.42,17.19,22.97,53.92,Western Michigan Broncos
Titus Wright,729.8,1418.0,-0.43,93.15263908701854,93.58437935843794,93.15,95.72,48.72,102.85,10.7,30.74,0.0,0.0,20.04,33.88,0.0,6.06,4.42,17.19,22.97,53.92,Western Michigan Broncos
Seth Hubbard,445.0,874.0,-1.77,91.37529137529138,93.14606741573034,91.38,96.62,47.44,101.4,10.14,30.07,0.0,0.0,19.7,33.22,0.0,6.64,3.5,18.3,24.01,52.92,Western Michigan Broncos
Ja'Vaughn Hannah,404.8,770.0,-4.72,91.05263157894737,95.76923076923077,91.05,98.29,47.24,104.08,11.32,33.68,0.0,0.0,21.05,33.42,0.0,6.71,4.47,16.97,22.24,54.47,Western Michigan Broncos
Bijan Cortes,730.0,1374.5,2.07,94.8301329394387,92.75985663082437,94.83,95.57,50.59,99.78,8.42,24.45,0.0,0.0,15.88,35.52,0.0,8.49,4.73,16.1,21.79,51.4,Wichita State Shockers
Dalen Ridgnal,810.0,1528.5,-0.51,94.7682119205298,95.28118939883645,94.77,97.62,50.13,99.27,8.68,24.57,0.0,0.0,16.09,34.97,0.0,8.74,5.17,16.82,21.06,51.06,Wichita State Shockers
Colby Rogers,850.0,1602.5,-1.36,94.19558359621452,95.55555555555556,94.2,97.67,49.97,99.68,8.71,24.86,0.0,0.0,16.59,34.64,0.0,8.9,5.3,16.91,21.14,51.23,Wichita State Shockers
Harlond Beverly,850.0,1602.5,-1.36,94.19558359621452,95.55555555555556,94.2,97.67,49.97,99.68,8.71,24.86,0.0,0.0,16.59,34.64,0.0,8.9,5.3,16.91,21.14,51.23,Wichita State Shockers
Quincy Ballard,850.0,1602.5,-1.36,94.19558359621452,95.55555555555556,94.2,97.67,49.97,99.68,8.71,24.86,0.0,0.0,16.59,34.64,0.0,8.9,5.3,16.91,21.14,51.23,Wichita State Shockers
Kenny Pohto,40.0,74.0,-18.7,82.66666666666667,101.36986301369863,82.67,98.67,46.67,108.0,9.33,30.67,0.0,0.0,26.67,28.0,0.0,12.0,8.0,18.67,22.67,54.67,Wichita State Shockers
Xavier Bell,120.0,228.0,-22.41,90.47619047619048,112.88888888888889,90.48,109.96,46.32,99.13,10.39,27.27,0.0,0.0,20.78,29.44,0.0,11.26,8.66,21.65,17.32,50.22,Wichita State Shockers
Sean Houpt,200.0,371.5,4.66,96.17486338797814,91.51193633952255,96.17,94.26,46.99,105.46,16.12,45.08,0.0,0.0,17.76,33.06,0.0,7.38,2.73,12.3,22.95,50.82,William & Mary Tribe
Caleb Dorsey,760.0,1401.5,-5.5,88.72234118486794,94.2225392296719,88.72,94.29,46.32,102.57,11.85,38.33,0.0,0.0,16.49,32.55,0.0,6.85,2.78,13.92,22.63,49.04,William & Mary Tribe
Chase Lowe,760.0,1401.5,-5.5,88.72234118486794,94.2225392296719,88.72,94.29,46.32,102.57,11.85,38.33,0.0,0.0,16.49,32.55,0.0,6.85,2.78,13.92,22.63,49.04,William & Mary Tribe
Gabe Dorsey,760.0,1401.5,-5.5,88.72234118486794,94.2225392296719,88.72,94.29,46.32,102.57,11.85,38.33,0.0,0.0,16.49,32.55,0.0,6.85,2.78,13.92,22.63,49.04,William & Mary Tribe
Trey Moss,760.0,1401.5,-5.5,88.72234118486794,94.2225392296719,88.72,94.29,46.32,102.57,11.85,38.33,0.0,0.0,16.49,32.55,0.0,6.85,2.78,13.92,22.63,49.04,William & Mary Tribe
Charlie Williams,280.0,519.0,-6.55,87.09055876685935,93.64161849710982,87.09,93.64,46.63,101.93,10.79,36.42,0.0,0.0,15.8,33.53,0.0,6.74,2.7,13.87,23.12,49.33,William & Mary Tribe
Matteus Case,280.0,511.0,-11.76,85.07751937984496,96.83794466403161,85.08,94.96,45.54,101.16,9.88,35.47,0.0,0.0,16.28,31.2,0.0,6.59,2.91,15.12,21.9,47.48,William & Mary Tribe
Chase Claxton,465.0,911.5,2.63,90.16216216216216,87.52783964365256,90.16,84.97,52.65,96.0,8.54,24.97,0.0,0.0,12.43,29.51,0.0,7.78,3.14,16.43,23.14,41.94,Winthrop Eagles
Micheal Anumba,445.0,869.5,1.65,93.57798165137615,91.92618223760091,93.58,91.4,52.75,98.28,8.6,26.72,0.0,0.0,13.76,30.28,0.0,6.54,3.78,15.48,23.51,44.04,Winthrop Eagles
Alex Timmerman,135.0,247.0,0.41,92.91338582677166,92.5,92.91,87.4,53.54,100.0,10.24,30.71,0.0,0.0,13.39,29.53,0.0,5.12,3.54,13.39,18.9,42.92,Winthrop Eagles
K.J. Doucet,630.0,1227.5,-0.21,91.42628205128204,91.6321458160729,91.43,88.62,53.04,97.52,8.81,26.92,0.0,0.0,13.62,29.41,0.0,7.61,3.37,16.11,22.84,43.03,Winthrop Eagles
Kelton Talford,615.0,1213.0,-0.4,90.93877551020408,91.3405495420483,90.94,89.55,52.49,97.06,8.41,25.55,0.0,0.0,13.47,29.71,0.0,7.35,3.67,16.41,24.16,43.18,Winthrop Eagles
Nick Johnson,590.0,1149.0,-1.39,92.78969957081546,94.1747572815534,92.79,91.59,53.82,98.11,8.33,26.09,0.0,0.0,13.73,28.93,0.0,6.87,3.35,15.62,23.43,42.66,Winthrop Eagles
Kasen Harrison,670.0,1310.0,-1.95,90.7588279489106,92.70752521334367,90.76,89.78,52.97,97.82,8.64,26.3,0.0,0.0,13.6,28.93,0.0,6.99,3.61,15.78,23.22,42.53,Winthrop Eagles
John Blackwell,40.0,73.0,12.33,95.8904109589041,83.56164383561644,95.89,83.56,49.32,95.89,13.7,30.14,0.0,0.0,9.59,39.73,0.0,8.22,4.11,13.7,23.29,49.32,Wisconsin Badgers
AJ Storr,975.0,1792.5,3.58,100.22234574763758,96.64053751399776,100.22,95.94,54.59,101.61,10.17,28.24,0.0,0.0,14.51,32.18,0.0,8.23,2.28,12.9,22.73,46.69,Wisconsin Badgers
Max Klesmit,975.0,1792.5,3.58,100.22234574763758,96.64053751399776,100.22,95.94,54.59,101.61,10.17,28.24,0.0,0.0,14.51,32.18,0.0,8.23,2.28,12.9,22.73,46.69,Wisconsin Badgers
Steven Crowl,975.0,1792.5,3.58,100.22234574763758,96.64053751399776,100.22,95.94,54.59,101.61,10.17,28.24,0.0,0.0,14.51,32.18,0.0,8.23,2.28,12.9,22.73,46.69,Wisconsin Badgers
Tyler Wahl,975.0,1792.5,3.58,100.22234574763758,96.64053751399776,100.22,95.94,54.59,101.61,10.17,28.24,0.0,0.0,14.51,32.18,0.0,8.23,2.28,12.9,22.73,46.69,Wisconsin Badgers
Chucky Hepburn,935.0,1719.5,3.21,100.40556199304751,97.19789842381786,100.41,96.47,54.81,101.85,10.02,28.16,0.0,0.0,14.72,31.87,0.0,8.23,2.2,12.86,22.71,46.59,Wisconsin Badgers
Anthony Arrington Jr.,164.8,298.5,5.56,100.34482758620689,94.78827361563518,100.34,100.34,51.38,101.38,11.72,32.07,0.0,0.0,18.97,34.14,0.0,9.31,3.79,17.59,25.52,53.11,Wofford Terriers
Chase Martin,404.5,735.5,2.7,96.0,93.2975871313673,96.0,96.0,48.41,102.62,13.24,37.38,0.0,0.0,17.24,37.38,0.0,7.31,2.48,14.62,21.79,54.62,Wofford Terriers
Dillon Bailey,729.1,1314.0,2.18,97.9891724671307,95.8052434456929,97.99,98.92,49.27,101.24,13.38,36.12,0.0,0.0,16.63,35.42,0.0,6.88,3.09,15.39,22.2,52.05,Wofford Terriers
Corey Tripp,769.1,1381.5,0.49,97.5,97.0064148253742,97.5,100.07,49.19,101.4,13.24,36.25,0.0,0.0,16.69,34.93,0.0,6.54,3.09,15.29,22.28,51.62,Wofford Terriers
Jackson Sivills,769.1,1381.5,0.49,97.5,97.0064148253742,97.5,100.07,49.19,101.4,13.24,36.25,0.0,0.0,16.69,34.93,0.0,6.54,3.09,15.29,22.28,51.62,Wofford Terriers
Kyler Filewich,769.1,1381.5,0.49,97.5,97.0064148253742,97.5,100.07,49.19,101.4,13.24,36.25,0.0,0.0,16.69,34.93,0.0,6.54,3.09,15.29,22.28,51.62,Wofford Terriers
Chase Cormier,199.9,347.5,-8.6,98.26086956521739,106.85714285714285,98.26,108.41,48.99,98.84,14.49,37.39,0.0,0.0,13.62,30.43,0.0,2.61,3.77,14.78,20.58,44.05,Wofford Terriers
Quentin Meza,40.0,67.5,-32.53,88.05970149253731,120.58823529411764,88.06,122.39,47.76,104.48,10.45,38.81,0.0,0.0,17.91,25.37,0.0,0.0,2.99,13.43,23.88,43.28,Wofford Terriers
Tanner Holden,734.6,1521.0,7.68,106.496062992126,98.81422924901186,106.5,98.43,58.46,96.92,9.06,21.0,0.0,0.0,10.7,30.58,0.0,7.09,3.15,13.78,19.49,41.28,Wright State Raiders
Alex Huibregtse,814.8,1677.5,7.07,105.8160237388724,98.74251497005989,105.82,97.86,58.4,97.33,8.84,21.84,0.0,0.0,11.57,30.8,0.0,7.18,3.15,14.24,19.11,42.37,Wright State Raiders
AJ Braun,854.6,1755.5,6.36,105.62180579216354,99.25714285714285,105.62,98.64,58.15,97.5,8.86,21.98,0.0,0.0,11.64,30.66,0.0,7.21,3.12,14.14,19.14,42.3,Wright State Raiders
Brandon Noel,854.6,1755.5,6.36,105.62180579216354,99.25714285714285,105.62,98.64,58.15,97.5,8.86,21.98,0.0,0.0,11.64,30.66,0.0,7.21,3.12,14.14,19.14,42.3,Wright State Raiders
Trey Calvin,854.6,1755.5,6.36,105.62180579216354,99.25714285714285,105.62,98.64,58.15,97.5,8.86,21.98,0.0,0.0,11.64,30.66,0.0,7.21,3.12,14.14,19.14,42.3,Wright State Raiders
Drey Carter,159.9,312.5,-3.85,100.31948881789137,104.16666666666667,100.32,103.83,55.27,101.28,7.99,27.48,0.0,0.0,16.61,30.35,0.0,7.99,2.88,15.34,17.57,46.96,Wright State Raiders
Kenny Foster,40.0,64.0,7.17,110.44776119402985,103.27868852459017,110.45,94.03,62.69,107.46,11.94,29.85,0.0,0.0,16.42,37.31,0.0,2.99,1.49,8.96,13.43,53.73,Wyoming Cowboys
Akuel Kot,770.0,1422.5,-6.66,94.75890985324948,101.41442715700141,94.76,100.21,52.48,100.21,9.99,28.51,0.0,0.0,14.88,34.38,0.0,6.01,2.66,14.68,20.68,49.26,Wyoming Cowboys
Brendan Wenzel,770.0,1422.5,-6.66,94.75890985324948,101.41442715700141,94.76,100.21,52.48,100.21,9.99,28.51,0.0,0.0,14.88,34.38,0.0,6.01,2.66,14.68,20.68,49.26,Wyoming Cowboys
Mason Walters,770.0,1422.5,-6.66,94.75890985324948,101.41442715700141,94.76,100.21,52.48,100.21,9.99,28.51,0.0,0.0,14.88,34.38,0.0,6.01,2.66,14.68,20.68,49.26,Wyoming Cowboys
Sam Griffin,770.0,1422.5,-6.66,94.75890985324948,101.41442715700141,94.76,100.21,52.48,100.21,9.99,28.51,0.0,0.0,14.88,34.38,0.0,6.01,2.66,14.68,20.68,49.26,Wyoming Cowboys
Caden Powell,730.0,1358.5,-7.34,93.98826979472142,101.33037694013302,93.99,100.51,51.98,99.85,9.9,28.45,0.0,0.0,14.81,34.24,0.0,6.16,2.71,14.96,21.04,49.05,Wyoming Cowboys
Gytis Nemeiksa,440.0,860.0,3.41,98.84393063583815,95.43859649122807,98.84,94.34,54.45,105.78,9.71,27.28,0.0,0.0,18.96,32.14,0.0,9.13,4.51,13.18,22.2,51.1,Xavier Musketeers
Kachi Nzeh,160.0,322.0,2.49,101.2084592145015,98.7220447284345,101.21,93.35,58.31,103.32,7.85,19.64,0.0,0.0,16.92,30.21,0.0,8.76,2.42,13.6,19.64,47.13,Xavier Musketeers
Abou Ousmane,840.0,1658.0,-1.96,95.43543543543544,97.39551786795882,95.44,96.58,52.49,103.84,8.77,25.71,0.0,0.0,17.96,31.89,0.0,8.59,3.6,14.11,20.9,49.85,Xavier Musketeers
Dayvion McKnight,880.0,1734.0,-2.11,95.57725445146468,97.68384481760279,95.58,96.9,52.56,104.25,8.79,25.67,0.0,0.0,18.21,31.76,0.0,8.67,3.56,13.96,21.02,49.97,Xavier Musketeers
Desmond Claude,880.0,1734.0,-2.11,95.57725445146468,97.68384481760279,95.58,96.9,52.56,104.25,8.79,25.67,0.0,0.0,18.21,31.76,0.0,8.67,3.56,13.96,21.02,49.97,Xavier Musketeers
Quincy Olivari,880.0,1734.0,-2.11,95.57725445146468,97.68384481760279,95.58,96.9,52.56,104.25,8.79,25.67,0.0,0.0,18.21,31.76,0.0,8.67,3.56,13.96,21.02,49.97,Xavier Musketeers
Lazar Djokovic,160.0,307.0,-4.05,90.78947368421053,94.83870967741936,90.79,96.71,47.7,102.63,8.55,27.63,0.0,0.0,18.75,33.22,0.0,8.88,3.62,16.12,19.74,51.97,Xavier Musketeers
Sasa Ciani,40.0,76.0,-5.26,98.68421052631578,103.94736842105263,98.68,103.95,53.95,113.16,9.21,25.0,0.0,0.0,23.68,28.95,0.0,10.53,2.63,10.53,23.68,52.63,Xavier Musketeers
Dailyn Swain,120.0,245.0,-25.47,82.15767634854771,107.63052208835342,82.16,111.2,43.98,102.07,7.05,25.73,0.0,0.0,16.6,30.71,0.0,6.64,1.66,14.52,20.33,47.31,Xavier Musketeers
Matt Knowling,482.6,877.5,13.68,100.34168564920274,86.65906499429875,100.34,86.56,52.73,101.82,10.25,29.04,0.0,0.0,13.78,36.56,0.0,8.66,4.21,11.96,20.96,50.34,Yale Bulldogs
Danny Wolf,597.6,1091.5,13.35,101.00182149362477,87.64976958525345,101.0,86.61,53.46,101.28,9.93,28.32,0.0,0.0,12.75,37.61,0.0,7.47,4.28,11.48,20.67,50.36,Yale Bulldogs
August Mahoney,642.6,1168.5,12.87,101.36518771331058,88.49785407725322,101.37,87.97,53.5,100.85,10.15,28.67,0.0,0.0,12.46,36.95,0.0,7.68,4.27,11.6,20.82,49.41,Yale Bulldogs
Bez Mbeng,642.6,1168.5,12.87,101.36518771331058,88.49785407725322,101.37,87.97,53.5,100.85,10.15,28.67,0.0,0.0,12.46,36.95,0.0,7.68,4.27,11.6,20.82,49.41,Yale Bulldogs
John Poulakidas,642.6,1168.5,12.87,101.36518771331058,88.49785407725322,101.37,87.97,53.5,100.85,10.15,28.67,0.0,0.0,12.46,36.95,0.0,7.68,4.27,11.6,20.82,49.41,Yale Bulldogs
Nick Townsend,160.0,291.0,10.32,104.42176870748298,94.09722222222221,104.42,92.18,55.78,97.96,9.86,27.55,0.0,0.0,8.5,38.1,0.0,4.76,4.42,10.54,20.41,46.6,Yale Bulldogs
Yussif Basa-Ama,45.0,77.0,6.76,106.75675675675676,100.0,106.76,108.11,54.05,94.59,13.51,33.78,0.0,0.0,8.11,27.03,0.0,10.81,4.05,13.51,22.97,35.14,Yale Bulldogs
Brandon Rush,684.8,1364.0,11.09,101.95369030390738,90.86181277860327,101.95,88.49,56.01,105.14,11.29,34.08,0.0,0.0,18.09,32.34,0.0,7.6,5.35,12.95,21.06,50.43,Youngstown State Penguins
Brett Thompson,849.4,1671.0,10.38,100.8298755186722,90.45317220543807,100.83,88.74,54.95,104.68,11.03,34.02,0.0,0.0,17.96,32.66,0.0,7.59,5.87,13.28,21.28,50.62,Youngstown State Penguins
Bryson Langdon,849.4,1671.0,10.38,100.8298755186722,90.45317220543807,100.83,88.74,54.95,104.68,11.03,34.02,0.0,0.0,17.96,32.66,0.0,7.59,5.87,13.28,21.28,50.62,Youngstown State Penguins
DJ Burns,849.4,1671.0,10.38,100.8298755186722,90.45317220543807,100.83,88.74,54.95,104.68,11.03,34.02,0.0,0.0,17.96,32.66,0.0,7.59,5.87,13.28,21.28,50.62,Youngstown State Penguins
Ziggy Reid,849.4,1671.0,10.38,100.8298755186722,90.45317220543807,100.83,88.74,54.95,104.68,11.03,34.02,0.0,0.0,17.96,32.66,0.0,7.59,5.87,13.28,21.28,50.62,Youngstown State Penguins
Gabe Dynes,164.7,307.0,7.06,95.73770491803279,88.67313915857605,95.74,89.84,50.16,102.62,9.84,33.77,0.0,0.0,17.38,34.1,0.0,7.54,8.2,14.75,22.3,51.48,Youngstown State Penguins
