Combo,Mins,Avg_Poss,NetRtg,ORtg,DRtg,PF_100,PA_100,FGM_100,FGA_100,FG3M_100,FG3A_100,FTM_100,FTA_100,ORB_100,DRB_100,AST_100,STL_100,BLK_100,TOV_100,Foul_100,REB_100,Team
Paul Hiepler,40.0,79.5,30.3,106.25,75.9493670886076,106.25,75.0,53.75,102.5,15.0,41.25,0.0,0.0,18.75,36.25,0.0,17.5,6.25,16.25,22.5,55.0,Abilene Christian Wildcats
Coryon Mason,400.0,814.0,22.15,98.03680981595092,75.89175891758919,98.04,75.71,52.64,99.75,10.67,26.75,0.0,0.0,18.04,32.64,0.0,13.01,3.8,18.28,25.77,50.68,Abilene Christian Wildcats
Joe Pleasant,680.0,1363.0,20.81,98.68228404099561,77.86764705882354,98.68,77.53,53.0,100.59,10.47,28.18,0.0,0.0,17.2,31.77,0.0,12.08,4.1,16.62,24.38,48.97,Abilene Christian Wildcats
Kolton Kohl,680.0,1363.0,20.81,98.68228404099561,77.86764705882354,98.68,77.53,53.0,100.59,10.47,28.18,0.0,0.0,17.2,31.77,0.0,12.08,4.1,16.62,24.38,48.97,Abilene Christian Wildcats
Reggie Miller,680.0,1363.0,20.81,98.68228404099561,77.86764705882354,98.68,77.53,53.0,100.59,10.47,28.18,0.0,0.0,17.2,31.77,0.0,12.08,4.1,16.62,24.38,48.97,Abilene Christian Wildcats
Damien Daniels,640.0,1283.5,20.23,98.21150855365475,77.98594847775175,98.21,77.68,52.95,100.47,10.19,27.37,0.0,0.0,17.11,31.49,0.0,11.74,3.97,16.64,24.49,48.6,Abilene Christian Wildcats
Mahki Morris,280.0,549.0,18.83,99.63702359346642,80.80438756855575,99.64,80.22,53.54,101.81,10.16,30.31,0.0,0.0,15.97,30.49,0.0,10.71,4.54,14.16,22.32,46.46,Abilene Christian Wildcats
Ameka Akaya,400.0,694.5,-12.33,84.70588235294117,97.03808180535967,84.71,101.18,43.38,90.44,11.18,34.56,0.0,0.0,9.26,26.62,0.0,10.15,5.15,18.82,25.88,35.88,Air Force Falcons
Camden Vander Zwaag,40.0,74.0,-13.33,86.66666666666667,100.0,86.67,97.33,48.0,97.33,8.0,32.0,0.0,0.0,13.33,18.67,0.0,16.0,2.67,16.0,21.33,32.0,Air Force Falcons
A.J. Walker,840.0,1496.0,-17.73,83.97827562797013,101.71165240289663,83.98,104.89,44.13,87.64,9.78,30.07,0.0,0.0,8.21,25.93,0.0,10.25,3.8,20.57,24.1,34.14,Air Force Falcons
Chris Joyce,840.0,1496.0,-17.73,83.97827562797013,101.71165240289663,83.98,104.89,44.13,87.64,9.78,30.07,0.0,0.0,8.21,25.93,0.0,10.25,3.8,20.57,24.1,34.14,Air Force Falcons
Nikc Jackson,840.0,1496.0,-17.73,83.97827562797013,101.71165240289663,83.98,104.89,44.13,87.64,9.78,30.07,0.0,0.0,8.21,25.93,0.0,10.25,3.8,20.57,24.1,34.14,Air Force Falcons
Glen McClintock,600.0,1061.0,-18.14,86.22009569377991,104.36397400185702,86.22,107.56,44.31,86.6,11.1,31.48,0.0,0.0,7.56,26.22,0.0,9.67,3.16,20.96,23.64,33.78,Air Force Falcons
Carter Murphy,200.0,363.5,-20.43,75.76601671309191,96.19565217391305,75.77,98.61,42.06,89.42,6.13,26.74,0.0,0.0,9.47,24.23,0.0,11.98,5.29,20.06,24.23,33.7,Air Force Falcons
Keaton Van Soelen,440.0,799.0,-21.07,83.86277001270648,104.93218249075215,83.86,108.13,45.11,84.88,8.64,25.67,0.0,0.0,7.12,26.43,0.0,9.78,2.92,22.24,23.38,33.55,Air Force Falcons
Maishe Dailey,644.6,1240.5,7.46,98.95666131621188,91.49797570850203,98.96,90.69,51.52,99.04,13.16,36.68,0.0,0.0,15.01,35.55,0.0,6.1,4.33,15.97,23.35,50.56,Akron Zips
Ali Ali,809.6,1565.5,5.02,97.3901973265436,92.37179487179488,97.39,91.73,51.37,100.76,12.16,35.52,0.0,0.0,15.85,34.95,0.0,5.92,4.9,15.09,23.11,50.8,Akron Zips
Bryan Trimble Jr.,809.6,1565.5,5.02,97.3901973265436,92.37179487179488,97.39,91.73,51.37,100.76,12.16,35.52,0.0,0.0,15.85,34.95,0.0,5.92,4.9,15.09,23.11,50.8,Akron Zips
Enrique Freeman,809.6,1565.5,5.02,97.3901973265436,92.37179487179488,97.39,91.73,51.37,100.76,12.16,35.52,0.0,0.0,15.85,34.95,0.0,5.92,4.9,15.09,23.11,50.8,Akron Zips
Loren Cristian Jackson,809.6,1565.5,5.02,97.3901973265436,92.37179487179488,97.39,91.73,51.37,100.76,12.16,35.52,0.0,0.0,15.85,34.95,0.0,5.92,4.9,15.09,23.11,50.8,Akron Zips
Greg Tribble,165.0,325.0,-4.31,91.38461538461539,95.6923076923077,91.38,95.69,50.77,107.38,8.31,31.08,0.0,0.0,19.08,32.62,0.0,5.23,7.08,11.69,22.15,51.7,Akron Zips
London Riley,40.0,82.5,2.6,93.5064935064935,90.9090909090909,93.51,103.9,46.75,90.91,12.99,27.27,0.0,0.0,15.58,37.66,0.0,5.19,3.9,24.68,31.17,53.24,Alabama A&M Bulldogs
Cameron Tucker,199.8,388.5,2.36,85.34704370179949,82.9896907216495,85.35,82.78,47.3,103.34,7.46,22.88,0.0,0.0,20.57,34.7,0.0,7.97,4.63,17.22,20.82,55.27,Alabama A&M Bulldogs
EJ Williams,319.8,637.5,0.61,84.15213946117274,83.54037267080744,84.15,85.26,46.59,99.52,7.77,23.45,0.0,0.0,17.91,35.18,0.0,7.29,4.12,18.38,23.77,53.09,Alabama A&M Bulldogs
Dailin Smith,319.8,636.0,-0.25,80.53375196232338,80.78740157480316,80.53,80.53,44.74,97.65,7.06,23.08,0.0,0.0,16.64,35.95,0.0,6.91,4.24,19.0,22.14,52.59,Alabama A&M Bulldogs
Garrett Hicks,399.8,788.5,-1.19,79.48717948717949,80.67754077791719,79.49,82.44,43.85,96.67,7.18,23.21,0.0,0.0,16.15,36.54,0.0,7.05,4.36,19.49,23.08,52.69,Alabama A&M Bulldogs
Jalen Johnson,399.8,788.5,-1.19,79.48717948717949,80.67754077791719,79.49,82.44,43.85,96.67,7.18,23.21,0.0,0.0,16.15,36.54,0.0,7.05,4.36,19.49,23.08,52.69,Alabama A&M Bulldogs
Brandon Houston,40.0,81.0,-4.56,65.06024096385542,69.62025316455697,65.06,66.27,32.53,77.11,7.23,24.1,0.0,0.0,6.02,43.37,0.0,2.41,4.82,28.92,18.07,49.39,Alabama A&M Bulldogs
Jevon Tatum,200.0,400.0,-4.83,73.65728900255755,78.4841075794621,73.66,82.1,40.41,90.03,6.91,23.53,0.0,0.0,11.76,38.36,0.0,6.14,4.09,21.74,25.32,50.12,Alabama A&M Bulldogs
Brandon Powell,40.0,70.0,-14.54,53.03030303030303,67.56756756756756,53.03,75.76,31.82,93.94,1.52,19.7,0.0,0.0,12.12,40.91,0.0,10.61,6.06,18.18,22.73,53.03,Alabama A&M Bulldogs
Myles Parker,40.0,70.0,-14.54,53.03030303030303,67.56756756756756,53.03,75.76,31.82,93.94,1.52,19.7,0.0,0.0,12.12,40.91,0.0,10.61,6.06,18.18,22.73,53.03,Alabama A&M Bulldogs
Alex Reese,320.0,697.0,19.64,98.55491329479769,78.91737891737893,98.55,80.06,50.43,93.35,14.6,36.27,0.0,0.0,10.12,35.98,0.0,10.26,5.2,16.76,20.66,46.1,Alabama Crimson Tide
Joshua Primo,640.0,1394.0,19.62,96.92307692307692,77.30147575544623,96.92,80.59,48.72,96.26,14.14,35.97,0.0,0.0,13.7,33.63,0.0,10.48,5.57,17.44,23.3,47.33,Alabama Crimson Tide
Jaden Shackelford,760.0,1631.0,17.46,96.12983770287141,78.67469879518072,96.13,81.52,48.5,97.57,13.67,36.39,0.0,0.0,14.92,33.96,0.0,10.49,5.68,17.35,22.91,48.88,Alabama Crimson Tide
Herbert Jones,800.0,1718.5,16.75,95.97633136094674,79.2215226101889,95.98,81.89,48.7,97.75,13.55,36.8,0.0,0.0,14.73,33.79,0.0,10.41,5.68,16.98,22.9,48.52,Alabama Crimson Tide
John Petty Jr.,760.0,1625.0,16.13,96.25,80.12121212121212,96.25,82.62,48.81,97.69,13.56,36.56,0.0,0.0,14.69,33.69,0.0,10.62,5.69,17.0,22.5,48.38,Alabama Crimson Tide
Jordan Bruner,480.0,1018.0,15.01,94.66800804828975,79.65451055662189,94.67,83.5,47.99,101.31,12.68,37.83,0.0,0.0,17.2,32.8,0.0,10.56,5.73,15.9,24.65,50.0,Alabama Crimson Tide
Keon Ellis,160.0,330.5,11.2,91.43730886850153,80.23952095808383,91.44,81.96,47.09,103.36,11.62,39.45,0.0,0.0,20.18,35.78,0.0,9.48,6.12,16.82,23.24,55.96,Alabama Crimson Tide
Tyler Barnes,40.0,87.5,3.53,93.18181818181817,89.65517241379311,93.18,88.64,52.27,101.14,11.36,44.32,0.0,0.0,11.36,30.68,0.0,9.09,5.68,10.23,22.73,42.04,Alabama Crimson Tide
Juwan Gary,40.0,91.0,1.38,88.04347826086956,86.66666666666667,88.04,84.78,46.74,95.65,13.04,36.96,0.0,0.0,19.57,25.0,0.0,8.7,8.7,23.91,20.65,44.57,Alabama Crimson Tide
Mike Stone,40.0,83.5,-2.61,80.72289156626506,83.33333333333334,80.72,84.34,49.4,96.39,6.02,15.66,0.0,0.0,20.48,34.94,0.0,9.64,3.61,24.1,21.69,55.42,Alabama State Hornets
DJ Jackson,320.0,683.0,-6.55,77.97356828193833,84.52554744525548,77.97,85.02,44.79,100.73,7.49,25.4,0.0,0.0,19.38,30.25,0.0,7.2,3.38,18.65,25.4,49.63,Alabama State Hornets
Kevion Stewart,360.0,741.5,-7.54,80.53691275167785,88.07588075880759,80.54,87.25,46.44,97.45,7.25,21.74,0.0,0.0,17.05,31.01,0.0,8.19,2.95,19.6,24.83,48.06,Alabama State Hornets
LaTrell Tate,40.0,88.5,-8.2,87.35632183908046,95.55555555555556,87.36,98.85,44.83,98.85,12.64,31.03,0.0,0.0,13.79,21.84,0.0,6.9,1.15,14.94,25.29,35.63,Alabama State Hornets
Brandon Battle,600.0,1250.5,-9.21,78.13248204309656,87.33974358974359,78.13,86.99,44.93,98.24,7.34,23.3,0.0,0.0,17.88,30.25,0.0,8.22,3.27,19.63,24.1,48.13,Alabama State Hornets
DJ Heath,560.0,1162.0,-9.26,77.4442538593482,86.70120898100173,77.44,86.11,44.94,98.2,6.95,22.73,0.0,0.0,18.18,30.87,0.0,8.32,3.43,19.98,24.01,49.05,Alabama State Hornets
Kenny Strawbridge Jr.,560.0,1167.0,-9.68,77.94871794871796,87.62886597938144,77.95,87.18,44.62,98.38,7.44,23.85,0.0,0.0,17.69,29.91,0.0,8.12,3.25,19.32,24.27,47.6,Alabama State Hornets
Jordan O'Neal,360.0,736.5,-10.42,76.62162162162161,87.03956343792633,76.62,86.22,44.32,97.16,7.16,22.7,0.0,0.0,17.43,30.41,0.0,8.11,3.92,20.27,23.51,47.84,Alabama State Hornets
Jordan Cousin,120.0,260.0,-13.85,81.15384615384616,95.0,81.15,95.0,45.38,97.69,9.23,23.46,0.0,0.0,16.54,26.92,0.0,9.23,1.54,18.85,22.31,43.46,Alabama State Hornets
E.J. Clark,40.0,80.0,-21.25,61.25000000000001,82.5,61.25,82.5,36.25,96.25,2.5,25.0,0.0,0.0,21.25,32.5,0.0,15.0,5.0,25.0,17.5,53.75,Alabama State Hornets
Chuck Champion,80.0,163.5,1.78,92.02453987730061,90.2439024390244,92.02,90.8,51.53,102.45,7.98,21.47,0.0,0.0,15.95,28.22,0.0,11.04,1.23,13.5,22.7,44.17,Albany Great Danes
Jamel Horton Jr.,400.0,790.5,1.67,90.38701622971286,88.71794871794872,90.39,86.39,51.56,94.76,7.24,21.85,0.0,0.0,10.61,31.34,0.0,8.74,2.5,15.86,21.97,41.95,Albany Great Danes
Antonio Rizzuto,480.0,935.5,1.23,90.45599151643691,89.22413793103449,90.46,87.8,50.9,94.8,7.74,22.91,0.0,0.0,11.03,31.39,0.0,8.7,2.55,16.22,22.59,42.42,Albany Great Danes
Jarvis Doles,400.0,772.0,1.12,90.12820512820512,89.00523560209425,90.13,87.18,50.77,93.21,7.69,23.21,0.0,0.0,10.0,32.05,0.0,8.21,2.82,16.79,22.56,42.05,Albany Great Danes
Kellon Taylor,560.0,1097.0,0.63,88.41628959276018,87.78696051423324,88.42,86.52,49.59,95.02,7.69,23.26,0.0,0.0,10.68,30.68,0.0,8.33,2.53,15.66,22.99,41.36,Albany Great Danes
C.J. Kelly,480.0,933.5,0.44,87.79193205944799,87.35135135135135,87.79,85.77,49.26,93.74,7.64,23.57,0.0,0.0,9.77,31.1,0.0,7.86,2.76,16.03,23.04,40.87,Albany Great Danes
Adam Lulka,160.0,325.0,-0.62,84.3076923076923,84.92307692307692,84.31,84.92,46.77,99.38,7.69,23.38,0.0,0.0,12.31,27.38,0.0,8.62,1.85,12.92,24.0,39.69,Albany Great Danes
JoJo Anderson,160.0,306.5,-2.21,83.22368421052632,85.43689320388349,83.22,86.84,44.41,95.72,8.88,26.97,0.0,0.0,10.86,28.95,0.0,7.24,2.63,15.13,25.66,39.81,Albany Great Danes
Cameron Healy,80.0,161.5,-2.96,76.5432098765432,79.5031055900621,76.54,79.01,41.98,96.3,7.41,25.31,0.0,0.0,8.64,26.54,0.0,6.17,2.47,12.35,25.31,35.18,Albany Great Danes
Tyree Corbett,80.0,161.5,2.51,82.38993710691824,79.8780487804878,82.39,82.39,47.8,96.23,8.18,28.93,0.0,0.0,14.47,28.93,0.0,11.95,2.52,18.24,30.19,43.4,Alcorn State Braves
Troymain Crosby,160.0,341.0,-0.67,85.28528528528528,85.95988538681948,85.29,90.09,49.85,93.39,7.81,23.12,0.0,0.0,12.31,27.33,0.0,8.41,3.6,18.92,29.73,39.64,Alcorn State Braves
Kurk Lee,120.0,250.0,-3.56,83.40080971659918,86.95652173913044,83.4,89.07,50.2,93.93,6.88,23.89,0.0,0.0,12.15,26.72,0.0,9.72,3.24,18.22,28.74,38.87,Alcorn State Braves
Oddyst Walker,200.0,424.5,-5.41,81.6867469879518,87.09677419354838,81.69,91.08,46.99,94.7,7.71,24.82,0.0,0.0,14.46,27.23,0.0,8.43,2.89,19.76,28.19,41.69,Alcorn State Braves
Anthony Fairley,240.0,504.0,-6.71,82.5910931174089,89.29961089494164,82.59,92.91,46.56,95.34,7.69,25.1,0.0,0.0,15.18,27.53,0.0,9.31,2.83,19.84,26.92,42.71,Alcorn State Braves
Byron Joshua,120.0,254.0,-9.79,81.78137651821862,91.57088122605363,81.78,96.76,42.91,96.76,8.5,26.32,0.0,0.0,18.22,28.34,0.0,8.91,2.43,21.46,25.1,46.56,Alcorn State Braves
Justin Thomas,120.0,263.0,-10.23,81.25,91.48148148148148,81.25,96.48,46.48,93.75,7.42,22.27,0.0,0.0,14.45,26.17,0.0,6.25,3.12,20.7,26.95,40.62,Alcorn State Braves
Dekedran Thorn,40.0,79.5,-13.91,87.34177215189874,101.25,87.34,102.53,44.3,98.73,7.59,26.58,0.0,0.0,18.99,29.11,0.0,13.92,2.53,20.25,20.25,48.1,Alcorn State Braves
Tajah Fraley,40.0,79.5,-13.91,87.34177215189874,101.25,87.34,102.53,44.3,98.73,7.59,26.58,0.0,0.0,18.99,29.11,0.0,13.92,2.53,20.25,20.25,48.1,Alcorn State Braves
Malik Hardmon,80.0,163.0,-19.35,77.01863354037268,96.36363636363636,77.02,98.76,39.75,99.38,7.45,29.19,0.0,0.0,21.12,27.95,0.0,11.18,1.24,21.74,21.12,49.07,Alcorn State Braves
RJ Duhart,85.0,168.5,2.51,83.72093023255815,81.21212121212122,83.72,77.91,45.93,100.58,11.63,33.14,0.0,0.0,15.12,31.98,0.0,15.7,4.07,14.53,16.86,47.1,Appalachian State Mountaineers
Donovan Gregory,738.5,1341.0,0.02,91.58125915080527,91.56534954407294,91.58,88.21,49.19,102.93,11.13,33.53,0.0,0.0,17.13,30.45,0.0,10.91,3.73,14.2,18.45,47.58,Appalachian State Mountaineers
Michael Almonacy,210.0,375.5,-0.4,89.81723237597912,90.21739130434783,89.82,86.68,47.52,104.44,13.05,37.34,0.0,0.0,18.28,31.59,0.0,12.01,2.87,13.84,16.71,49.87,Appalachian State Mountaineers
James Lewis Jr.,653.5,1184.0,-0.78,93.02904564315352,93.8091143594153,93.03,90.54,50.04,102.41,11.12,32.86,0.0,0.0,16.93,30.62,0.0,9.96,3.98,14.52,18.76,47.55,Appalachian State Mountaineers
Deshon Parker,528.5,967.5,-1.1,93.20486815415822,94.30979978925184,93.2,90.77,50.61,102.23,10.45,31.85,0.0,0.0,16.84,30.12,0.0,10.24,4.36,14.6,18.76,46.96,Appalachian State Mountaineers
Adrian Delph,778.5,1413.0,-1.14,91.86935371785962,93.00648882480172,91.87,89.65,49.34,102.71,11.12,33.5,0.0,0.0,17.16,30.51,0.0,10.77,3.89,14.45,18.49,47.67,Appalachian State Mountaineers
Justin Forrest,778.5,1413.0,-1.14,91.86935371785962,93.00648882480172,91.87,89.65,49.34,102.71,11.12,33.5,0.0,0.0,17.16,30.51,0.0,10.77,3.89,14.45,18.49,47.67,Appalachian State Mountaineers
Michael Eads Jr.,40.0,70.0,-5.71,84.28571428571429,90.0,84.29,90.0,41.43,100.0,10.0,35.71,0.0,0.0,15.71,30.0,0.0,11.43,2.86,15.71,24.29,45.71,Appalachian State Mountaineers
Xavion Brown,40.0,60.5,-18.23,91.93548387096774,110.16949152542372,91.94,104.84,45.16,114.52,9.68,46.77,0.0,0.0,27.42,24.19,0.0,12.9,1.61,12.9,17.74,51.61,Appalachian State Mountaineers
Sasha Glushkov,40.0,72.0,-22.46,97.26027397260275,119.71830985915493,97.26,116.44,52.05,98.63,10.96,32.88,0.0,0.0,17.81,31.51,0.0,8.22,6.85,19.18,19.18,49.32,Appalachian State Mountaineers
Taeshon Cherry,40.0,79.0,12.18,87.17948717948718,75.0,87.18,76.92,47.44,85.9,7.69,26.92,0.0,0.0,3.85,30.77,0.0,3.85,3.85,17.95,24.36,34.62,Arizona State Sun Devils
Chris Osten,245.0,521.5,3.96,90.8023483365949,86.8421052631579,90.8,90.41,49.71,99.22,9.59,29.16,0.0,0.0,10.76,29.94,0.0,8.41,4.5,11.55,27.2,40.7,Arizona State Sun Devils
Marcus Bagley,325.0,674.5,1.85,88.7878787878788,86.93759071117562,88.79,90.76,49.09,95.45,8.18,26.82,0.0,0.0,9.09,27.73,0.0,8.18,4.55,13.64,27.12,36.82,Arizona State Sun Devils
Josh Christopher,365.0,752.0,-0.15,87.95669824086603,88.10457516339869,87.96,91.2,48.31,95.94,8.53,27.47,0.0,0.0,10.01,28.69,0.0,8.12,4.47,14.07,25.85,38.7,Arizona State Sun Devils
Remy Martin,685.0,1382.5,-2.87,90.34833091436865,93.2227829848594,90.35,93.83,49.64,97.02,8.35,24.75,0.0,0.0,10.52,29.17,0.0,8.71,3.63,13.5,22.64,39.69,Arizona State Sun Devils
Kimani Lawrence,525.0,1053.0,-4.15,89.95260663507109,94.10085632730733,89.95,93.74,49.38,97.44,8.06,23.41,0.0,0.0,10.81,29.86,0.0,9.48,3.41,13.36,21.14,40.67,Arizona State Sun Devils
Holland Woods,490.0,988.5,-4.82,88.62944162436548,93.44758064516128,88.63,94.11,48.63,98.48,8.32,24.16,0.0,0.0,10.86,30.25,0.0,8.93,3.15,12.39,22.44,41.11,Arizona State Sun Devils
Alonzo Verge Jr.,650.0,1316.5,-5.11,88.99923605805958,94.10876132930514,89.0,95.19,48.74,98.62,8.79,25.74,0.0,0.0,11.38,29.79,0.0,8.48,3.44,12.76,23.15,41.17,Arizona State Sun Devils
Jalen Graham,525.0,1040.0,-6.25,88.46153846153845,94.71153846153845,88.46,94.71,48.65,96.25,7.79,23.27,0.0,0.0,10.38,29.13,0.0,8.75,3.27,14.13,21.44,39.51,Arizona State Sun Devils
Terrell Brown Jr.,360.0,695.0,6.49,96.44381223328593,89.95633187772926,96.44,87.91,55.48,99.43,7.97,19.91,0.0,0.0,15.65,33.14,0.0,8.82,5.69,16.22,21.05,48.79,Arizona Wildcats
Ira Lee,40.0,82.0,5.65,93.75,88.09523809523809,93.75,92.5,55.0,108.75,10.0,35.0,0.0,0.0,21.25,35.0,0.0,7.5,3.75,12.5,21.25,56.25,Arizona Wildcats
Jemarl Baker,210.0,419.0,4.87,95.49763033175356,90.625,95.5,89.34,54.98,107.82,7.35,22.51,0.0,0.0,19.19,32.94,0.0,7.11,3.55,11.37,25.36,52.13,Arizona Wildcats
Jordan Brown,210.0,419.0,4.87,95.49763033175356,90.625,95.5,89.34,54.98,107.82,7.35,22.51,0.0,0.0,19.19,32.94,0.0,7.11,3.55,11.37,25.36,52.13,Arizona Wildcats
Bennedict Mathurin,480.0,903.5,2.53,94.7027027027027,92.17687074829932,94.7,87.89,54.27,100.86,8.32,21.73,0.0,0.0,16.0,34.27,0.0,6.92,5.08,15.14,20.43,50.27,Arizona Wildcats
Azuolas Tubelis,770.0,1474.0,2.17,94.92656875834446,92.75862068965517,94.93,89.79,54.27,102.4,8.21,22.16,0.0,0.0,16.76,33.31,0.0,6.94,4.54,14.35,21.76,50.07,Arizona Wildcats
James Akinjo,770.0,1474.0,2.17,94.92656875834446,92.75862068965517,94.93,89.79,54.27,102.4,8.21,22.16,0.0,0.0,16.76,33.31,0.0,6.94,4.54,14.35,21.76,50.07,Arizona Wildcats
Dalen Terry,290.0,570.5,1.63,95.28795811518324,93.66197183098592,95.29,92.84,54.28,104.89,8.03,22.86,0.0,0.0,17.98,31.76,0.0,6.98,3.66,13.09,23.91,49.74,Arizona Wildcats
Christian Koloko,520.0,973.0,0.67,94.77911646586345,94.10526315789474,94.78,89.76,53.92,99.6,8.43,20.98,0.0,0.0,15.36,33.33,0.0,6.83,5.02,15.76,20.28,48.69,Arizona Wildcats
Kerr Kriisa,200.0,360.0,-9.44,91.42091152815014,100.86455331412103,91.42,93.83,51.21,101.88,9.65,26.01,0.0,0.0,16.09,34.05,0.0,3.22,3.49,14.21,19.03,50.14,Arizona Wildcats
Connor Vanover,600.0,1268.0,8.73,94.48329448329449,85.74859887910328,94.48,83.22,52.14,97.36,8.31,24.48,0.0,0.0,13.99,32.17,0.0,9.09,5.44,16.63,20.05,46.16,Arkansas Razorbacks
Davonte Davis,400.0,862.0,8.15,91.46757679180887,83.31360946745562,91.47,80.09,50.97,97.27,8.08,24.57,0.0,0.0,13.77,32.31,0.0,8.99,5.46,16.5,19.23,46.08,Arkansas Razorbacks
Vance Jackson,80.0,182.0,7.69,96.15384615384616,88.46153846153845,96.15,88.46,51.1,100.55,10.99,28.57,0.0,0.0,16.48,28.57,0.0,9.34,1.65,15.93,20.88,45.05,Arkansas Razorbacks
Justin Smith,520.0,1090.0,6.08,92.10053859964094,86.02251407129457,92.1,82.32,51.62,97.4,7.45,23.34,0.0,0.0,13.82,32.05,0.0,9.61,6.28,16.43,19.12,45.87,Arkansas Razorbacks
Jalen Tate,640.0,1354.0,5.93,92.72727272727272,86.7966991747937,92.73,84.15,51.27,96.95,8.07,24.15,0.0,0.0,13.82,32.0,0.0,9.16,5.45,16.87,19.85,45.82,Arkansas Razorbacks
Moses Moody,640.0,1354.0,5.93,92.72727272727272,86.7966991747937,92.73,84.15,51.27,96.95,8.07,24.15,0.0,0.0,13.82,32.0,0.0,9.16,5.45,16.87,19.85,45.82,Arkansas Razorbacks
JD Notae,40.0,82.0,2.44,91.46341463414635,89.02439024390245,91.46,89.02,50.0,97.56,4.88,18.29,0.0,0.0,17.07,29.27,0.0,9.76,6.1,19.51,24.39,46.34,Arkansas Razorbacks
Desi Sills,200.0,410.0,2.06,95.65217391304348,93.59605911330048,95.65,91.79,52.17,96.14,8.7,24.4,0.0,0.0,13.29,31.88,0.0,9.42,5.31,17.15,20.29,45.17,Arkansas Razorbacks
Jaylin Williams,80.0,168.0,-17.99,79.64071856287424,97.63313609467455,79.64,98.8,42.51,86.83,7.19,22.16,0.0,0.0,9.58,34.13,0.0,6.59,4.19,22.75,22.16,43.71,Arkansas Razorbacks
Antwon Jackson,119.6,245.5,2.93,95.1417004048583,92.21311475409836,95.14,91.09,55.87,100.4,8.5,21.46,0.0,0.0,17.81,35.63,0.0,5.26,2.02,17.41,23.89,53.44,Arkansas State Red Wolves
Christian Willis,564.6,1056.5,2.22,95.18867924528301,92.9724596391263,95.19,92.36,51.89,99.91,9.06,23.02,0.0,0.0,16.51,34.72,0.0,7.55,3.02,16.6,22.17,51.23,Arkansas State Red Wolves
Caleb Fields,604.6,1133.0,1.55,95.16695957820738,93.61702127659575,95.17,92.79,51.93,100.18,8.88,22.32,0.0,0.0,16.87,34.18,0.0,7.91,3.16,16.7,21.97,51.05,Arkansas State Red Wolves
Marquis Eaton,604.6,1133.0,1.55,95.16695957820738,93.61702127659575,95.17,92.79,51.93,100.18,8.88,22.32,0.0,0.0,16.87,34.18,0.0,7.91,3.16,16.7,21.97,51.05,Arkansas State Red Wolves
Norchad Omier,604.6,1133.0,1.55,95.16695957820738,93.61702127659575,95.17,92.79,51.93,100.18,8.88,22.32,0.0,0.0,16.87,34.18,0.0,7.91,3.16,16.7,21.97,51.05,Arkansas State Red Wolves
Keyon Wesley,400.0,726.5,1.26,94.91758241758241,93.65517241379311,94.92,93.27,50.27,98.9,9.2,23.35,0.0,0.0,15.25,33.93,0.0,8.52,3.3,16.35,22.25,49.18,Arkansas State Red Wolves
Markise Davis,85.0,161.0,0.72,96.31901840490798,95.59748427672956,96.32,93.25,53.37,105.52,7.98,19.02,0.0,0.0,22.7,33.13,0.0,9.2,4.29,17.18,17.79,55.83,Arkansas State Red Wolves
Tim Holland Jr.,40.0,76.5,-7.79,94.87179487179486,102.66666666666666,94.87,98.72,52.56,103.85,6.41,12.82,0.0,0.0,21.79,26.92,0.0,12.82,5.13,17.95,19.23,48.71,Arkansas State Red Wolves
Terrance Banyard,524.8,1015.0,-3.16,84.83365949119374,87.99603174603175,84.83,86.79,48.63,96.77,6.56,21.04,0.0,0.0,15.66,31.21,0.0,9.39,4.99,18.88,23.19,46.87,Arkansas-Pine Bluff Golden Lions
Dequan Morris,240.0,493.0,-4.51,85.11904761904762,89.62655601659752,85.12,85.71,51.39,98.02,5.95,18.85,0.0,0.0,15.67,27.58,0.0,9.92,6.15,17.66,23.21,43.25,Arkansas-Pine Bluff Golden Lions
Joshuwan Johnson,564.8,1094.5,-6.85,83.18264014466547,90.02770083102493,83.18,88.16,48.46,96.84,6.24,20.07,0.0,0.0,15.55,30.02,0.0,9.04,4.79,18.72,23.15,45.57,Arkansas-Pine Bluff Golden Lions
Markedric Bell,564.8,1094.5,-6.85,83.18264014466547,90.02770083102493,83.18,88.16,48.46,96.84,6.24,20.07,0.0,0.0,15.55,30.02,0.0,9.04,4.79,18.72,23.15,45.57,Arkansas-Pine Bluff Golden Lions
Shaun Doss Jr.,564.8,1094.5,-6.85,83.18264014466547,90.02770083102493,83.18,88.16,48.46,96.84,6.24,20.07,0.0,0.0,15.55,30.02,0.0,9.04,4.79,18.72,23.15,45.57,Arkansas-Pine Bluff Golden Lions
Jalen Lynn,324.8,601.5,-8.79,81.56146179401993,90.34941763727122,81.56,90.2,46.01,95.85,6.48,21.1,0.0,0.0,15.45,32.06,0.0,8.31,3.65,19.6,23.09,47.51,Arkansas-Pine Bluff Golden Lions
Alvin Stredic,40.0,79.5,-54.24,63.095238095238095,117.33333333333333,63.1,104.76,46.43,97.62,2.38,8.33,0.0,0.0,14.29,15.48,0.0,4.76,2.38,16.67,22.62,29.77,Arkansas-Pine Bluff Golden Lions
Mark Madden,40.0,64.5,-3.64,85.07462686567165,88.70967741935483,85.07,82.09,44.78,97.01,8.96,34.33,0.0,0.0,13.43,43.28,0.0,4.48,1.49,16.42,19.4,56.71,Army Black Knights
Nick Finke,40.0,64.5,-3.64,85.07462686567165,88.70967741935483,85.07,82.09,44.78,97.01,8.96,34.33,0.0,0.0,13.43,43.28,0.0,4.48,1.49,16.42,19.4,56.71,Army Black Knights
Tucker Blackwell,40.0,64.5,-3.64,85.07462686567165,88.70967741935483,85.07,82.09,44.78,97.01,8.96,34.33,0.0,0.0,13.43,43.28,0.0,4.48,1.49,16.42,19.4,56.71,Army Black Knights
Alex King,645.0,1221.0,-4.65,91.19547657512116,95.84717607973423,91.2,93.21,47.98,97.42,9.45,29.64,0.0,0.0,13.17,32.31,0.0,8.32,1.29,15.75,20.11,45.48,Army Black Knights
Lonnie Grayson,645.0,1221.0,-4.65,91.19547657512116,95.84717607973423,91.2,93.21,47.98,97.42,9.45,29.64,0.0,0.0,13.17,32.31,0.0,8.32,1.29,15.75,20.11,45.48,Army Black Knights
Charlie Peterson,605.0,1156.5,-4.69,91.54568744662681,96.23467600700525,91.55,93.85,48.16,97.44,9.48,29.38,0.0,0.0,13.15,31.68,0.0,8.54,1.28,15.71,20.15,44.83,Army Black Knights
Jalen Rucker,605.0,1156.5,-4.69,91.54568744662681,96.23467600700525,91.55,93.85,48.16,97.44,9.48,29.38,0.0,0.0,13.15,31.68,0.0,8.54,1.28,15.71,20.15,44.83,Army Black Knights
Josh Caldwell,605.0,1156.5,-4.69,91.54568744662681,96.23467600700525,91.55,93.85,48.16,97.44,9.48,29.38,0.0,0.0,13.15,31.68,0.0,8.54,1.28,15.71,20.15,44.83,Army Black Knights
Sharife Cooper,445.0,976.0,1.95,94.4672131147541,92.52049180327869,94.47,92.52,53.07,98.26,9.53,29.0,0.0,0.0,16.19,30.84,0.0,7.27,9.32,17.93,22.34,47.03,Auburn Tigers
Jamal Johnson,480.0,1028.0,-0.14,90.34749034749035,90.49019607843137,90.35,89.09,50.87,96.24,9.27,30.21,0.0,0.0,14.77,32.34,0.0,7.53,8.2,18.53,21.14,47.11,Auburn Tigers
Allen Flanigan,725.0,1526.0,-2.24,91.64490861618799,93.88157894736841,91.64,93.15,50.2,96.87,10.57,31.92,0.0,0.0,15.93,31.01,0.0,7.44,7.83,19.06,21.41,46.94,Auburn Tigers
JT Thor,725.0,1526.0,-2.24,91.64490861618799,93.88157894736841,91.64,93.15,50.2,96.87,10.57,31.92,0.0,0.0,15.93,31.01,0.0,7.44,7.83,19.06,21.41,46.94,Auburn Tigers
Jaylin Williams,725.0,1526.0,-2.24,91.64490861618799,93.88157894736841,91.64,93.15,50.2,96.87,10.57,31.92,0.0,0.0,15.93,31.01,0.0,7.44,7.83,19.06,21.41,46.94,Auburn Tigers
Justin Powell,80.0,164.5,-4.43,93.7888198757764,98.21428571428571,93.79,102.48,45.34,89.44,16.15,38.51,0.0,0.0,12.42,27.95,0.0,9.32,4.97,22.98,21.12,40.37,Auburn Tigers
Devan Cambridge,445.0,883.5,-8.84,89.67452300785635,98.51598173515981,89.67,96.86,47.14,97.42,12.23,35.91,0.0,0.0,17.62,30.19,0.0,7.18,6.29,20.2,20.76,47.81,Auburn Tigers
Corbin Merritt,40.0,73.5,24.75,93.24324324324324,68.4931506849315,93.24,67.57,51.35,100.0,12.16,24.32,0.0,0.0,18.92,33.78,0.0,12.16,0.0,18.92,22.97,52.7,Austin Peay Governors
Alec Woodard,325.0,592.5,6.76,101.17845117845117,94.41624365482234,101.18,93.94,51.18,97.81,11.95,29.29,0.0,0.0,16.16,29.97,0.0,7.07,2.19,18.35,22.56,46.13,Austin Peay Governors
Tai'Reon Joseph,365.0,697.0,5.47,94.46022727272727,88.98550724637681,94.46,87.22,52.84,99.86,8.81,27.41,0.0,0.0,18.32,27.7,0.0,9.52,2.7,18.47,23.01,46.02,Austin Peay Governors
Carlos Paez,770.0,1436.5,4.4,96.7519004837595,92.3562412342216,96.75,91.02,51.62,99.17,10.02,28.4,0.0,0.0,17.48,28.68,0.0,8.57,2.42,18.31,22.87,46.16,Austin Peay Governors
Terry Taylor,810.0,1507.0,2.13,95.98155467720684,93.85026737967914,95.98,92.49,51.19,98.88,9.95,28.33,0.0,0.0,17.46,28.26,0.0,8.3,2.31,18.58,22.6,45.72,Austin Peay Governors
Jordyn Adams,525.0,956.0,1.53,97.20207253886011,95.67053854276664,97.2,93.89,50.78,98.65,10.67,29.02,0.0,0.0,16.58,28.39,0.0,8.5,1.87,17.93,22.28,44.97,Austin Peay Governors
Mike Peake,650.0,1201.5,1.31,96.36363636363636,95.0544844928751,96.36,93.72,51.24,98.68,10.17,29.34,0.0,0.0,16.86,28.02,0.0,8.1,2.4,18.18,23.31,44.88,Austin Peay Governors
Reginald Gee,365.0,698.0,0.37,93.01994301994301,92.65129682997119,93.02,91.6,51.0,99.72,8.55,27.64,0.0,0.0,18.95,28.06,0.0,8.4,2.85,19.23,23.22,47.01,Austin Peay Governors
Elton Walker,160.0,302.5,-10.86,91.47540983606557,102.33333333333334,91.48,100.66,48.85,98.03,8.2,24.92,0.0,0.0,19.34,25.9,0.0,6.89,1.97,21.31,18.36,45.24,Austin Peay Governors
DJ Peavy,40.0,70.5,-44.0,80.28169014084507,124.28571428571429,80.28,122.54,42.25,92.96,8.45,26.76,0.0,0.0,16.9,19.72,0.0,2.82,0.0,23.94,16.9,36.62,Austin Peay Governors
Caleb Lohner,325.0,619.0,17.68,105.40098199672667,87.71929824561403,105.4,90.02,53.36,95.25,13.58,29.3,0.0,0.0,11.78,38.46,0.0,6.55,3.76,16.53,24.71,50.24,BYU Cougars
Gideon George,325.0,619.0,17.68,105.40098199672667,87.71929824561403,105.4,90.02,53.36,95.25,13.58,29.3,0.0,0.0,11.78,38.46,0.0,6.55,3.76,16.53,24.71,50.24,BYU Cougars
Alex Barcello,615.0,1175.0,12.18,99.7431506849315,87.56345177664974,99.74,88.61,52.48,96.06,11.04,28.08,0.0,0.0,12.16,39.55,0.0,6.25,3.68,16.1,22.69,51.71,BYU Cougars
Brandon Averette,615.0,1175.0,12.18,99.7431506849315,87.56345177664974,99.74,88.61,52.48,96.06,11.04,28.08,0.0,0.0,12.16,39.55,0.0,6.25,3.68,16.1,22.69,51.71,BYU Cougars
Matt Haarms,615.0,1175.0,12.18,99.7431506849315,87.56345177664974,99.74,88.61,52.48,96.06,11.04,28.08,0.0,0.0,12.16,39.55,0.0,6.25,3.68,16.1,22.69,51.71,BYU Cougars
Trevin Knell,250.0,474.0,10.05,94.75890985324948,84.71337579617835,94.76,83.65,52.2,97.48,8.81,27.88,0.0,0.0,12.37,41.93,0.0,6.29,3.77,14.88,19.92,54.3,BYU Cougars
Kolby Lee,290.0,556.0,6.15,93.53680430879713,87.38738738738738,93.54,87.07,51.53,96.95,8.26,26.75,0.0,0.0,12.57,40.75,0.0,5.92,3.59,15.62,20.47,53.32,BYU Cougars
Connor Harding,40.0,82.0,-16.13,86.25,102.38095238095238,86.25,107.5,47.5,93.75,5.0,20.0,0.0,0.0,13.75,33.75,0.0,3.75,2.5,20.0,23.75,47.5,BYU Cougars
Ben Hendriks,80.0,157.5,8.09,95.51282051282051,87.42138364779875,95.51,89.1,54.49,95.51,10.26,25.64,0.0,0.0,13.46,33.97,0.0,7.05,6.41,17.95,25.0,47.43,Ball State Cardinals
Miryne Thomas,530.0,1050.5,5.67,99.52107279693486,93.85052034058657,99.52,95.02,52.01,96.65,12.07,32.38,0.0,0.0,14.08,33.24,0.0,5.94,2.78,17.43,24.14,47.32,Ball State Cardinals
Zach Gunn,120.0,260.5,5.5,92.85714285714286,87.36059479553904,92.86,93.25,48.81,91.67,11.51,27.38,0.0,0.0,11.9,35.32,0.0,7.54,3.17,20.24,26.19,47.22,Ball State Cardinals
K.J. Walton,610.0,1227.0,4.64,98.18780889621087,93.54838709677419,98.19,95.55,51.65,95.3,11.53,30.48,0.0,0.0,13.59,32.7,0.0,6.34,3.05,18.29,24.63,46.29,Ball State Cardinals
Ishmael El-Amin,729.6,1466.5,2.21,94.95159059474412,92.73705447209146,94.95,95.37,49.59,94.74,11.48,31.81,0.0,0.0,13.35,33.96,0.0,6.22,2.9,18.6,24.55,47.31,Ball State Cardinals
Brachen Hazen,649.6,1309.0,1.51,94.88372093023256,93.37349397590361,94.88,96.12,48.99,94.65,11.63,32.56,0.0,0.0,13.33,33.95,0.0,6.12,2.48,18.68,24.5,47.28,Ball State Cardinals
Luke Bumbalough,444.6,887.0,0.97,90.45977011494253,89.49115044247787,90.46,92.99,47.82,94.14,11.38,31.38,0.0,0.0,12.53,34.94,0.0,7.01,3.33,18.39,24.83,47.47,Ball State Cardinals
Jarron Coleman,404.6,819.0,-0.13,94.92574257425743,95.06024096385542,94.93,97.65,48.39,94.55,11.51,34.28,0.0,0.0,13.86,34.78,0.0,5.2,2.23,19.31,24.13,48.64,Ball State Cardinals
Kani Acree,79.6,155.5,-27.74,66.66666666666666,94.40993788819875,66.67,101.33,34.0,86.67,7.33,35.33,0.0,0.0,10.67,36.67,0.0,6.0,3.33,24.0,24.67,47.34,Ball State Cardinals
Davion Mitchell,605.0,1172.5,15.48,102.14041095890411,86.66100254885302,102.14,87.33,52.05,98.63,12.07,31.08,0.0,0.0,15.5,28.51,0.0,11.56,4.62,16.87,22.77,44.01,Baylor Bears
Flo Thamba,605.0,1172.5,15.48,102.14041095890411,86.66100254885302,102.14,87.33,52.05,98.63,12.07,31.08,0.0,0.0,15.5,28.51,0.0,11.56,4.62,16.87,22.77,44.01,Baylor Bears
Jared Butler,605.0,1172.5,15.48,102.14041095890411,86.66100254885302,102.14,87.33,52.05,98.63,12.07,31.08,0.0,0.0,15.5,28.51,0.0,11.56,4.62,16.87,22.77,44.01,Baylor Bears
MaCio Teague,605.0,1172.5,15.48,102.14041095890411,86.66100254885302,102.14,87.33,52.05,98.63,12.07,31.08,0.0,0.0,15.5,28.51,0.0,11.56,4.62,16.87,22.77,44.01,Baylor Bears
Mark Vital,605.0,1172.5,15.48,102.14041095890411,86.66100254885302,102.14,87.33,52.05,98.63,12.07,31.08,0.0,0.0,15.5,28.51,0.0,11.56,4.62,16.87,22.77,44.01,Baylor Bears
CJ Fleming,559.9,1001.5,8.9,101.89054726368158,92.98597194388778,101.89,92.34,55.12,97.31,8.66,24.48,0.0,0.0,13.13,30.05,0.0,10.05,3.38,15.82,21.99,43.18,Bellarmine Knights
Dylan Penn,559.9,1001.5,8.9,101.89054726368158,92.98597194388778,101.89,92.34,55.12,97.31,8.66,24.48,0.0,0.0,13.13,30.05,0.0,10.05,3.38,15.82,21.99,43.18,Bellarmine Knights
Ethan Claycomb,559.9,1001.5,8.9,101.89054726368158,92.98597194388778,101.89,92.34,55.12,97.31,8.66,24.48,0.0,0.0,13.13,30.05,0.0,10.05,3.38,15.82,21.99,43.18,Bellarmine Knights
Nick Thelen,559.9,1001.5,8.9,101.89054726368158,92.98597194388778,101.89,92.34,55.12,97.31,8.66,24.48,0.0,0.0,13.13,30.05,0.0,10.05,3.38,15.82,21.99,43.18,Bellarmine Knights
Pedro Bradshaw,559.9,1001.5,8.9,101.89054726368158,92.98597194388778,101.89,92.34,55.12,97.31,8.66,24.48,0.0,0.0,13.13,30.05,0.0,10.05,3.38,15.82,21.99,43.18,Bellarmine Knights
JaCobi Wood,40.0,80.5,22.51,107.31707317073172,84.81012658227847,107.32,81.71,53.66,95.12,14.63,39.02,0.0,0.0,8.54,34.15,0.0,14.63,0.0,13.41,15.85,42.69,Belmont Bruins
Nick Muszynski,800.0,1552.0,17.04,104.7709923664122,87.72845953002611,104.77,85.5,54.45,98.16,11.77,32.57,0.0,0.0,12.85,33.97,0.0,10.11,4.33,14.69,17.05,46.82,Belmont Bruins
Ben Sheppard,925.0,1815.5,14.85,102.78232405891981,87.93103448275862,102.78,86.25,53.25,98.15,11.73,33.28,0.0,0.0,12.93,33.77,0.0,10.09,3.87,14.78,17.89,46.7,Belmont Bruins
Grayson Murphy,925.0,1815.5,14.85,102.78232405891981,87.93103448275862,102.78,86.25,53.25,98.15,11.73,33.28,0.0,0.0,12.93,33.77,0.0,10.09,3.87,14.78,17.89,46.7,Belmont Bruins
Luke Smith,925.0,1815.5,14.85,102.78232405891981,87.93103448275862,102.78,86.25,53.25,98.15,11.73,33.28,0.0,0.0,12.93,33.77,0.0,10.09,3.87,14.78,17.89,46.7,Belmont Bruins
Caleb Hollander,685.0,1337.5,14.64,102.37741456166418,87.73513920240784,102.38,86.63,52.75,98.81,11.74,33.21,0.0,0.0,13.82,34.25,0.0,10.18,4.31,15.01,18.8,48.07,Belmont Bruins
Derek Sabin,325.0,661.0,9.17,98.34834834834835,89.17682926829268,98.35,87.84,51.35,97.15,11.26,34.38,0.0,0.0,11.86,32.28,0.0,9.31,2.4,14.71,18.32,44.14,Belmont Bruins
Hunter Crist,40.0,76.5,11.54,100.0,88.46153846153845,100.0,92.0,46.67,97.33,20.0,48.0,0.0,0.0,20.0,40.0,0.0,5.33,2.67,22.67,24.0,60.0,Binghamton Bearcats
Hakon Hjalmarsson,165.0,302.0,8.89,95.51724137931035,86.62420382165605,95.52,93.79,46.21,92.41,12.76,33.45,0.0,0.0,13.45,36.21,0.0,7.59,6.21,21.03,25.86,49.66,Binghamton Bearcats
Bryce Beamer,365.0,659.5,5.32,95.5108359133127,90.19316493313522,95.51,93.96,47.68,94.74,13.31,33.9,0.0,0.0,15.48,38.39,0.0,7.89,4.95,20.74,23.37,53.87,Binghamton Bearcats
Dan Petcash,524.4,951.0,-5.67,91.01604278074866,96.69079627714581,91.02,100.0,46.31,98.61,11.55,36.04,0.0,0.0,17.33,34.01,0.0,7.38,4.17,18.72,23.85,51.34,Binghamton Bearcats
George Tinsley,609.4,1104.5,-5.83,91.05990783410138,96.88612099644128,91.06,100.37,45.81,98.16,12.07,36.04,0.0,0.0,16.96,34.29,0.0,7.19,4.24,18.8,23.96,51.25,Binghamton Bearcats
Tyler Bertram,444.4,797.5,-6.56,91.3375796178344,97.90123456790123,91.34,101.02,47.01,99.36,10.83,35.54,0.0,0.0,17.2,33.89,0.0,7.52,4.08,17.83,24.2,51.09,Binghamton Bearcats
Christian Hinckson,125.0,230.5,-9.08,87.1111111111111,96.1864406779661,87.11,100.89,41.33,94.22,13.78,33.78,0.0,0.0,15.11,33.78,0.0,6.67,5.33,20.89,23.11,48.89,Binghamton Bearcats
Brenton Mills,489.4,882.0,-10.57,89.77011494252874,100.33557046979867,89.77,103.1,45.29,100.11,12.07,37.13,0.0,0.0,18.05,33.68,0.0,7.01,3.68,17.93,23.79,51.73,Binghamton Bearcats
Kellen Amos,40.0,74.0,-12.04,89.33333333333333,101.36986301369863,89.33,98.67,44.0,92.0,16.0,33.33,0.0,0.0,13.33,37.33,0.0,5.33,4.0,21.33,20.0,50.66,Binghamton Bearcats
Ador Athuai,39.4,78.5,-21.98,97.5,119.48051948051948,97.5,115.0,51.25,107.5,12.5,40.0,0.0,0.0,18.75,18.75,0.0,5.0,2.5,11.25,26.25,37.5,Binghamton Bearcats
Ogheneyole Akuwovo,165.0,295.5,-22.4,80.90277777777779,103.30033003300329,80.9,108.68,40.62,100.35,10.07,36.46,0.0,0.0,18.06,30.56,0.0,6.6,3.47,17.71,24.65,48.62,Binghamton Bearcats
Thomas Bruce,40.0,71.0,-23.94,84.50704225352112,108.45070422535213,84.51,108.45,43.66,109.86,8.45,49.3,0.0,0.0,23.94,29.58,0.0,5.63,2.82,14.08,23.94,53.52,Binghamton Bearcats
Emmanuel Akot,200.0,398.0,19.06,102.01511335012594,82.95739348370927,102.02,83.38,56.42,96.73,10.33,25.44,0.0,0.0,11.34,33.75,0.0,10.33,3.78,14.61,24.43,45.09,Boise State Broncos
Abu Kigab,765.0,1438.0,7.19,95.26748971193416,88.08180535966149,95.27,85.67,51.85,98.29,10.01,28.88,0.0,0.0,13.31,33.2,0.0,8.3,4.12,15.02,21.6,46.51,Boise State Broncos
RayJ Dennis,765.0,1438.0,7.19,95.26748971193416,88.08180535966149,95.27,85.67,51.85,98.29,10.01,28.88,0.0,0.0,13.31,33.2,0.0,8.3,4.12,15.02,21.6,46.51,Boise State Broncos
Derrick Alston Jr.,805.0,1525.0,6.31,95.21035598705502,88.90365448504983,95.21,86.6,52.1,97.99,9.9,28.41,0.0,0.0,12.94,32.94,0.0,8.28,4.08,14.95,21.75,45.88,Boise State Broncos
Mladen Armus,805.0,1525.0,6.31,95.21035598705502,88.90365448504983,95.21,86.6,52.1,97.99,9.9,28.41,0.0,0.0,12.94,32.94,0.0,8.28,4.08,14.95,21.75,45.88,Boise State Broncos
Marcus Shaver Jr.,645.0,1214.0,1.09,92.95546558704454,91.86923721709975,92.96,88.74,51.01,98.06,9.64,28.83,0.0,0.0,13.04,32.39,0.0,7.61,4.13,14.98,21.05,45.43,Boise State Broncos
Devonaire Doutrive,40.0,87.0,-8.05,94.25287356321839,102.29885057471265,94.25,102.3,56.32,93.1,8.05,20.69,0.0,0.0,6.9,28.74,0.0,8.05,3.45,13.79,24.14,35.64,Boise State Broncos
Sam Holtze,40.0,81.5,-2.02,111.90476190476191,113.9240506329114,111.9,107.14,64.29,108.33,10.71,22.62,0.0,0.0,14.29,27.38,0.0,9.52,0.0,5.95,20.24,41.67,Boston College Eagles
Will Jackowitz,40.0,81.5,-2.02,111.90476190476191,113.9240506329114,111.9,107.14,64.29,108.33,10.71,22.62,0.0,0.0,14.29,27.38,0.0,9.52,0.0,5.95,20.24,41.67,Boston College Eagles
Rich Kelly,240.0,450.0,-6.26,88.64142538975501,94.90022172949001,88.64,95.32,44.32,98.66,13.14,40.76,0.0,0.0,12.47,33.41,0.0,8.69,6.46,13.81,16.48,45.88,Boston College Eagles
Steffon Mitchell,360.0,711.5,-8.21,91.37199434229137,99.58100558659217,91.37,100.85,47.67,98.3,12.45,37.91,0.0,0.0,12.73,29.56,0.0,9.76,3.96,14.43,19.52,42.29,Boston College Eagles
DeMarr Langford Jr.,240.0,458.5,-8.26,94.15584415584416,102.41758241758241,94.16,100.87,47.84,100.0,13.64,34.85,0.0,0.0,14.5,32.9,0.0,7.58,6.06,14.5,17.32,47.4,Boston College Eagles
CJ Felder,360.0,696.0,-10.6,86.97539797395079,97.57489300998573,86.98,98.99,44.72,97.54,12.3,39.07,0.0,0.0,13.17,30.39,0.0,9.26,4.92,15.63,18.96,43.56,Boston College Eagles
Kamari Williams,120.0,238.5,-10.63,83.12236286919831,93.75,83.12,94.94,43.46,96.62,10.97,41.35,0.0,0.0,10.97,29.96,0.0,9.7,3.8,14.35,17.3,40.93,Boston College Eagles
Jay Heath,480.0,943.0,-11.48,88.73538788522848,100.21164021164022,88.74,100.64,46.12,97.98,12.22,36.77,0.0,0.0,13.6,30.07,0.0,8.82,4.46,15.62,18.92,43.67,Boston College Eagles
Wynston Tabbs,120.0,246.0,-18.52,83.88429752066115,102.4,83.88,105.79,45.45,95.45,10.74,35.95,0.0,0.0,14.46,24.79,0.0,10.33,2.07,19.01,23.55,39.25,Boston College Eagles
Makai Ashton-Langford,200.0,411.5,-19.3,84.06862745098039,103.37349397590361,84.07,105.15,44.36,95.1,11.52,35.29,0.0,0.0,14.71,26.96,0.0,8.82,3.19,19.61,21.32,41.67,Boston College Eagles
Frederick Scott,80.0,165.5,-20.51,84.33734939759037,104.84848484848486,84.34,104.22,42.77,94.58,12.65,34.34,0.0,0.0,15.06,30.12,0.0,6.63,4.82,20.48,18.07,45.18,Boston College Eagles
James Karnik,120.0,231.5,-21.41,80.76923076923077,102.18340611353712,80.77,100.0,41.45,97.01,11.54,33.33,0.0,0.0,16.24,31.62,0.0,5.98,5.98,19.23,17.09,47.86,Boston College Eagles
Andrew Petcash,120.0,223.0,4.16,98.6784140969163,94.52054794520548,98.68,91.19,51.1,100.0,12.78,31.28,0.0,0.0,16.74,38.33,0.0,6.61,4.85,16.74,19.38,55.07,Boston University Terriers
Jonas Harper,600.0,1114.5,-1.07,95.60538116591928,96.67863554757629,95.61,96.59,51.57,99.28,9.42,27.35,0.0,0.0,15.52,34.89,0.0,7.8,4.3,16.23,22.24,50.41,Boston University Terriers
Javante McCoy,600.0,1113.5,-2.33,95.33213644524237,97.66397124887692,95.33,97.58,51.44,99.91,9.43,28.1,0.0,0.0,15.53,35.01,0.0,7.0,4.04,15.62,22.44,50.54,Boston University Terriers
Ethan Brittain-Watts,520.0,966.5,-5.32,95.08881922675026,100.40983606557377,95.09,102.4,50.26,97.7,9.4,29.26,0.0,0.0,16.2,33.54,0.0,8.05,3.87,18.5,22.36,49.74,Boston University Terriers
Sukhmail Mathon,720.0,1345.0,-5.38,93.2089552238806,98.59259259259258,93.21,99.33,50.22,99.18,9.33,29.25,0.0,0.0,15.82,34.55,0.0,7.16,3.81,16.64,22.91,50.37,Boston University Terriers
Walter Whyte,640.0,1191.5,-6.25,92.82700421940928,99.08180300500835,92.83,100.17,50.13,98.73,9.37,29.37,0.0,0.0,15.11,34.01,0.0,7.17,3.63,16.37,23.12,49.12,Boston University Terriers
Fletcher Tynen,200.0,391.5,-11.63,88.37209302325581,100.0,88.37,102.33,48.84,102.58,6.98,31.01,0.0,0.0,18.09,36.18,0.0,5.68,3.88,15.5,26.1,54.27,Boston University Terriers
Garrett Pascoe,80.0,156.5,-11.73,81.13207547169812,92.85714285714286,81.13,89.94,50.94,106.29,5.03,23.9,0.0,0.0,18.24,34.59,0.0,6.29,2.52,11.95,26.42,52.83,Boston University Terriers
Jack Hemphill,40.0,73.5,-20.85,83.09859154929578,103.94736842105263,83.1,111.27,38.03,85.92,16.9,45.07,0.0,0.0,12.68,33.8,0.0,2.82,0.0,26.76,25.35,46.48,Boston University Terriers
Daman Tate,80.0,149.5,-37.37,71.72413793103448,109.09090909090908,71.72,115.86,38.62,94.48,8.97,42.07,0.0,0.0,15.17,29.66,0.0,5.52,0.69,20.69,25.52,44.83,Boston University Terriers
Dylan Swingle,600.0,1205.5,4.93,94.97942386831276,90.05016722408027,94.98,88.64,52.1,104.44,9.63,30.53,0.0,0.0,16.63,32.35,0.0,7.98,2.63,12.18,22.3,48.98,Bowling Green Falcons
Caleb Fields,725.0,1448.0,2.02,93.8229238160604,91.79986101459346,93.82,90.67,50.58,105.01,9.81,32.6,0.0,0.0,16.68,32.4,0.0,8.58,2.68,11.67,21.62,49.08,Bowling Green Falcons
Daeqwon Plowden,765.0,1535.5,1.76,94.49125081011017,92.73560209424085,94.49,91.83,50.75,105.06,9.92,32.6,0.0,0.0,16.59,32.02,0.0,8.43,2.72,11.54,21.45,48.61,Bowling Green Falcons
Justin Turner,765.0,1535.5,1.76,94.49125081011017,92.73560209424085,94.49,91.83,50.75,105.06,9.92,32.6,0.0,0.0,16.59,32.02,0.0,8.43,2.72,11.54,21.45,48.61,Bowling Green Falcons
Kaden Metheny,765.0,1535.5,1.76,94.49125081011017,92.73560209424085,94.49,91.83,50.75,105.06,9.92,32.6,0.0,0.0,16.59,32.02,0.0,8.43,2.72,11.54,21.45,48.61,Bowling Green Falcons
Trey Diggs,85.0,175.5,-5.13,97.14285714285714,102.27272727272727,97.14,102.86,49.14,108.57,11.43,38.86,0.0,0.0,18.86,28.57,0.0,9.14,4.0,10.29,18.86,47.43,Bowling Green Falcons
Jacob Washington,80.0,166.5,-9.56,96.31901840490798,105.88235294117648,96.32,110.43,46.63,106.13,11.04,39.26,0.0,0.0,15.95,30.06,0.0,7.98,3.07,9.82,16.56,46.01,Bowling Green Falcons
Cam Young,40.0,75.5,-11.86,89.47368421052632,101.33333333333334,89.47,100.0,44.74,105.26,10.53,36.84,0.0,0.0,10.53,31.58,0.0,11.84,1.32,5.26,21.05,42.11,Bowling Green Falcons
Antonio Thomas,40.0,73.0,13.03,94.36619718309859,81.33333333333333,94.37,85.92,52.11,101.41,8.45,30.99,0.0,0.0,14.08,32.39,0.0,8.45,5.63,12.68,23.94,46.47,Bradley Braves
Danya Kingsby,200.0,356.5,5.13,92.3512747875354,87.22222222222223,92.35,88.95,47.88,94.9,10.76,32.86,0.0,0.0,11.9,35.98,0.0,5.95,4.53,17.0,20.96,47.88,Bradley Braves
Elijah Childs,528.0,969.0,3.48,92.2675026123302,88.78695208970439,92.27,91.01,48.38,95.4,9.09,27.59,0.0,0.0,12.96,35.63,0.0,6.37,3.87,17.55,24.35,48.59,Bradley Braves
Terry Nolan Jr.,528.0,969.0,3.48,92.2675026123302,88.78695208970439,92.27,91.01,48.38,95.4,9.09,27.59,0.0,0.0,12.96,35.63,0.0,6.37,3.87,17.55,24.35,48.59,Bradley Braves
Sean East II,448.0,822.5,2.3,91.81141439205956,89.51132300357568,91.81,93.18,48.14,95.41,8.06,25.68,0.0,0.0,13.03,35.61,0.0,6.08,3.97,17.62,25.93,48.64,Bradley Braves
Rienk Mast,767.7,1383.0,-1.66,92.54385964912281,94.20600858369099,92.54,96.27,48.17,95.83,9.28,29.09,0.0,0.0,12.65,34.21,0.0,6.07,3.73,16.81,22.81,46.86,Bradley Braves
Ville Tahvanainen,527.7,953.5,-5.34,92.47881355932203,97.81931464174455,92.48,99.79,47.99,95.76,8.79,27.54,0.0,0.0,12.82,33.69,0.0,5.93,3.28,17.06,23.41,46.51,Bradley Braves
Ja'Shon Henry,119.6,217.5,-5.96,97.66355140186917,103.61990950226246,97.66,107.01,50.93,101.4,10.28,34.58,0.0,0.0,14.02,30.37,0.0,5.61,3.27,12.62,21.5,44.39,Bradley Braves
Kevin McAdoo,319.6,558.5,-7.69,95.18716577540107,102.87769784172663,95.19,101.96,48.31,95.37,11.59,33.69,0.0,0.0,10.87,32.62,0.0,6.06,3.39,15.51,17.83,43.49,Bradley Braves
Darius Hannah,199.6,340.0,-11.21,92.85714285714286,104.06976744186048,92.86,106.55,47.02,96.13,9.52,32.14,0.0,0.0,11.61,32.44,0.0,5.36,3.87,15.48,19.35,44.05,Bradley Braves
Jayson Kent,160.0,272.5,-23.11,86.81318681318682,109.9264705882353,86.81,109.52,45.79,96.34,8.42,32.23,0.0,0.0,13.19,28.57,0.0,5.13,2.93,16.85,18.32,41.76,Bradley Braves
Erickson Bans,40.0,65.0,46.15,130.76923076923077,84.61538461538461,130.77,84.62,66.15,100.0,10.77,26.15,0.0,0.0,16.92,43.08,0.0,1.54,7.69,16.92,20.0,60.0,Bryant Bulldogs
Luis Hurtado Jr.,480.0,1017.5,5.83,95.45014520813166,89.62075848303394,95.45,86.93,51.11,96.13,11.62,30.4,0.0,0.0,13.65,33.49,0.0,8.13,4.16,17.52,18.59,47.14,Bryant Bulldogs
Charles Pride,640.0,1336.0,5.82,93.65781710914455,87.84194528875379,93.66,85.25,50.52,95.65,10.84,28.61,0.0,0.0,13.64,34.37,0.0,7.67,3.61,17.99,19.17,48.01,Bryant Bulldogs
Hall Elisias,640.0,1336.0,5.82,93.65781710914455,87.84194528875379,93.66,85.25,50.52,95.65,10.84,28.61,0.0,0.0,13.64,34.37,0.0,7.67,3.61,17.99,19.17,48.01,Bryant Bulldogs
Peter Kiss,640.0,1336.0,5.82,93.65781710914455,87.84194528875379,93.66,85.25,50.52,95.65,10.84,28.61,0.0,0.0,13.64,34.37,0.0,7.67,3.61,17.99,19.17,48.01,Bryant Bulldogs
Chris Childs,160.0,318.5,5.76,87.92569659442725,82.16560509554141,87.93,79.88,48.61,94.12,8.36,22.91,0.0,0.0,13.62,37.15,0.0,6.19,1.86,19.5,21.05,50.77,Bryant Bulldogs
Michael Green III,600.0,1271.0,3.78,91.78931061192874,88.00959232613909,91.79,85.28,49.73,95.43,10.84,28.74,0.0,0.0,13.48,33.93,0.0,7.98,3.41,18.05,19.13,47.41,Bryant Bulldogs
David Nickelberry,40.0,79.0,15.35,101.25,85.8974358974359,101.25,83.75,53.75,97.5,8.75,26.25,0.0,0.0,18.75,36.25,0.0,11.25,10.0,21.25,17.5,55.0,Buffalo Bulls
Jamon Bivens,40.0,79.0,15.35,101.25,85.8974358974359,101.25,83.75,53.75,97.5,8.75,26.25,0.0,0.0,18.75,36.25,0.0,11.25,10.0,21.25,17.5,55.0,Buffalo Bulls
Tra'Von Fagan,120.0,256.5,13.6,96.484375,82.87937743190662,96.48,83.2,53.12,98.83,8.59,23.83,0.0,0.0,15.62,37.5,0.0,7.42,7.42,16.8,22.27,53.12,Buffalo Bulls
LaQuill Hardnett,445.0,906.5,11.7,97.60609357997824,85.90604026845638,97.61,83.57,53.43,104.13,7.83,22.74,0.0,0.0,20.24,35.69,0.0,9.68,4.79,16.1,18.82,55.93,Buffalo Bulls
Jayvon Graves,805.0,1671.5,10.48,96.79334916864607,86.31705846895721,96.79,85.04,52.49,103.15,8.49,24.7,0.0,0.0,19.42,34.62,0.0,9.44,4.93,16.27,20.55,54.04,Buffalo Bulls
Jeenathan Williams,765.0,1592.5,10.23,96.571072319202,86.33776091081594,96.57,85.1,52.43,103.43,8.48,24.63,0.0,0.0,19.45,34.54,0.0,9.35,4.68,16.02,20.7,53.99,Buffalo Bulls
Ronaldo Segu,765.0,1592.5,10.23,96.571072319202,86.33776091081594,96.57,85.1,52.43,103.43,8.48,24.63,0.0,0.0,19.45,34.54,0.0,9.35,4.68,16.02,20.7,53.99,Buffalo Bulls
Brock Bertram,280.0,597.5,9.96,95.12605042016806,85.16666666666667,95.13,85.88,50.92,104.2,9.24,27.06,0.0,0.0,20.17,34.79,0.0,8.57,5.71,15.97,23.36,54.96,Buffalo Bulls
Josh Mballa,685.0,1415.0,9.9,96.84873949579831,86.9472182596291,96.85,85.36,52.38,103.92,8.47,24.86,0.0,0.0,20.1,34.1,0.0,9.8,4.48,16.18,20.24,54.2,Buffalo Bulls
Keishawn Brewton,80.0,167.5,5.51,98.23529411764706,92.72727272727272,98.24,90.0,52.94,94.12,9.41,27.06,0.0,0.0,12.35,28.24,0.0,11.18,2.94,18.24,20.0,40.59,Buffalo Bulls
Bo Hodges,165.0,310.5,-0.83,88.31168831168831,89.1373801916933,88.31,90.58,48.05,98.38,10.71,29.55,0.0,0.0,14.94,26.3,0.0,10.71,3.25,16.56,24.68,41.24,Butler Bulldogs
Bryce Golden,774.5,1358.0,-4.52,87.83185840707965,92.3529411764706,87.83,92.63,45.72,99.41,10.18,31.56,0.0,0.0,15.63,32.74,0.0,8.26,2.58,16.22,21.61,48.37,Butler Bulldogs
Aaron Thompson,489.5,877.5,-5.25,86.77309007981756,92.02733485193622,86.77,92.13,45.72,98.18,9.81,29.53,0.0,0.0,14.37,32.27,0.0,7.53,2.28,16.19,24.06,46.64,Butler Bulldogs
Bryce Nze,774.5,1362.5,-5.49,88.41642228739003,93.90154298310065,88.42,93.7,46.19,98.53,10.19,30.21,0.0,0.0,14.74,32.4,0.0,7.77,2.57,16.2,21.92,47.14,Butler Bulldogs
Myles Tate,529.5,908.5,-5.64,87.76185226019845,93.4065934065934,87.76,93.72,44.65,99.67,10.25,33.08,0.0,0.0,15.99,34.84,0.0,7.28,2.54,16.32,20.84,50.83,Butler Bulldogs
Jair Bolden,814.5,1434.0,-5.73,87.71807397069085,93.44947735191637,87.72,93.58,45.85,98.88,10.12,30.91,0.0,0.0,15.28,32.59,0.0,7.82,2.51,16.4,22.12,47.87,Butler Bulldogs
Chuck Harris,445.0,771.5,-8.38,88.50129198966408,96.87906371911573,88.5,96.25,46.51,98.97,10.08,30.49,0.0,0.0,15.63,32.82,0.0,7.62,2.45,16.67,20.41,48.45,Butler Bulldogs
Christian David,40.0,71.5,-11.22,73.91304347826086,85.13513513513513,73.91,91.3,39.13,105.8,8.7,44.93,0.0,0.0,26.09,36.23,0.0,8.7,1.45,20.29,26.09,62.32,Butler Bulldogs
JaKobe Coles,40.0,76.0,-27.62,85.71428571428571,113.33333333333333,85.71,110.39,48.05,89.61,9.09,19.48,0.0,0.0,9.09,29.87,0.0,0.0,1.3,19.48,31.17,38.96,Butler Bulldogs
Brantly Stevenson,40.0,78.5,7.74,111.53846153846155,103.79746835443038,111.54,105.13,57.69,91.03,15.38,23.08,0.0,0.0,6.41,34.62,0.0,7.69,5.13,15.38,25.64,41.03,Cal Poly Mustangs
Mark Crowe,565.0,1048.5,-9.71,81.15234375,90.86672879776329,81.15,95.21,43.07,91.6,9.67,28.42,0.0,0.0,10.64,32.81,0.0,8.2,3.71,19.04,27.44,43.45,Cal Poly Mustangs
Alimamy Koroma,605.0,1123.0,-13.02,80.50770625566636,93.52580927384076,80.51,96.92,42.61,92.75,9.97,28.65,0.0,0.0,10.88,32.55,0.0,8.07,3.72,18.13,25.75,43.43,Cal Poly Mustangs
Keith Smith,645.0,1189.5,-13.05,80.18867924528303,93.239901071723,80.19,97.0,42.45,92.54,9.78,28.82,0.0,0.0,10.89,32.85,0.0,7.98,3.77,18.35,25.99,43.74,Cal Poly Mustangs
Colby Rogers,685.0,1262.0,-13.59,79.56381260096931,93.15707620528771,79.56,96.77,42.33,92.73,9.45,28.84,0.0,0.0,11.23,32.71,0.0,8.16,3.63,18.5,26.01,43.94,Cal Poly Mustangs
Riley Till,645.0,1183.5,-15.05,77.41379310344828,92.46064623032312,77.41,96.21,41.29,92.84,9.05,29.22,0.0,0.0,11.55,32.59,0.0,8.19,3.53,18.71,26.03,44.14,Cal Poly Mustangs
Tuukka Jaakkola,80.0,139.0,-18.36,71.85185185185186,90.20979020979021,71.85,95.56,40.0,92.59,5.19,30.37,0.0,0.0,14.07,34.07,0.0,8.89,2.96,21.48,28.15,48.14,Cal Poly Mustangs
Camren Pierce,40.0,72.5,-22.34,69.44444444444444,91.78082191780823,69.44,93.06,40.28,95.83,4.17,29.17,0.0,0.0,16.67,30.56,0.0,11.11,1.39,20.83,26.39,47.23,Cal Poly Mustangs
Kobe Sanders,120.0,213.5,-32.73,71.96261682242991,104.69483568075117,71.96,104.21,38.79,98.13,8.41,30.84,0.0,0.0,14.02,32.24,0.0,7.94,3.27,15.89,19.16,46.26,Cal Poly Mustangs
Shaun Williams,120.0,209.5,9.2,106.43564356435644,97.23502304147466,106.44,104.46,53.96,99.01,10.89,30.2,0.0,0.0,16.34,30.2,0.0,8.42,6.93,17.33,24.26,46.54,Cal State Bakersfield Roadrunners
Justin McCall,560.0,997.0,8.87,99.79591836734694,90.92702169625247,99.8,94.08,52.35,102.24,8.47,23.67,0.0,0.0,19.18,31.94,0.0,8.06,4.59,16.94,25.2,51.12,Cal State Bakersfield Roadrunners
De'Monte Buckingham,325.0,596.5,7.27,90.40404040404042,83.13856427378965,90.4,83.84,50.51,105.89,7.41,21.89,0.0,0.0,21.89,33.16,0.0,6.57,3.87,15.99,25.25,55.05,Cal State Bakersfield Roadrunners
Ronne Readus,245.0,435.0,7.21,99.53161592505855,92.32505643340858,99.53,95.78,52.93,103.04,9.37,28.81,0.0,0.0,21.78,30.21,0.0,8.9,5.39,18.74,23.89,51.99,Cal State Bakersfield Roadrunners
Czar Perry,725.0,1312.0,7.13,95.35243996901627,88.22205551387847,95.35,91.09,50.97,102.48,7.98,23.08,0.0,0.0,19.52,32.22,0.0,7.75,4.34,17.04,25.48,51.74,Cal State Bakersfield Roadrunners
Justin Edler-Davis,725.0,1312.0,7.13,95.35243996901627,88.22205551387847,95.35,91.09,50.97,102.48,7.98,23.08,0.0,0.0,19.52,32.22,0.0,7.75,4.34,17.04,25.48,51.74,Cal State Bakersfield Roadrunners
Shawn Stith,480.0,877.0,7.11,93.28703703703704,86.17977528089888,93.29,88.77,50.0,102.2,7.29,20.25,0.0,0.0,18.4,33.22,0.0,7.18,3.82,16.2,26.27,51.62,Cal State Bakersfield Roadrunners
Taze Moore,445.0,821.0,4.57,90.81885856079404,86.24401913875597,90.82,89.45,48.88,101.12,7.07,21.46,0.0,0.0,18.98,32.38,0.0,8.06,3.72,17.87,26.3,51.36,Cal State Bakersfield Roadrunners
Latrell Wrightsell Jr.,325.0,651.0,-2.9,90.5775075987842,93.47826086956522,90.58,91.49,50.61,92.86,10.18,24.92,0.0,0.0,8.51,29.33,0.0,7.75,2.28,15.65,21.43,37.84,Cal State Fullerton Titans
Josh Hall,565.0,1137.5,-3.85,92.50871080139372,96.3620230700976,92.51,94.6,51.05,96.08,10.19,26.31,0.0,0.0,11.41,29.53,0.0,8.36,2.35,15.33,21.34,40.94,Cal State Fullerton Titans
Vincent Lee,565.0,1126.5,-4.27,92.68722466960352,96.95885509838999,92.69,95.51,50.75,96.21,9.96,25.81,0.0,0.0,11.81,30.04,0.0,8.46,2.29,15.59,21.76,41.85,Cal State Fullerton Titans
Tray Maddox Jr.,565.0,1123.5,-5.03,92.0844327176781,97.11711711711712,92.08,94.81,50.66,95.25,9.85,25.59,0.0,0.0,10.91,29.9,0.0,8.0,2.11,15.66,21.02,40.81,Cal State Fullerton Titans
Landis Spivey,40.0,89.0,-6.04,90.69767441860465,96.73913043478261,90.7,103.49,48.84,98.84,11.63,31.4,0.0,0.0,16.28,24.42,0.0,10.47,4.65,17.44,25.58,40.7,Cal State Fullerton Titans
Dante Maddox Jr.,365.0,729.0,-6.38,90.45020463847203,96.82758620689656,90.45,95.77,48.98,96.32,9.55,26.19,0.0,0.0,13.51,30.97,0.0,8.32,2.05,17.19,21.56,44.48,Cal State Fullerton Titans
Tory San Antonio,480.0,958.5,-6.43,94.41571871768356,100.84210526315789,94.42,99.07,51.6,96.59,10.44,26.58,0.0,0.0,11.48,28.75,0.0,7.96,2.59,14.89,20.79,40.23,Cal State Fullerton Titans
Jalen Harris,80.0,161.5,-9.12,86.50306748466258,95.625,86.5,93.87,47.24,92.02,6.75,23.93,0.0,0.0,10.43,28.22,0.0,9.2,1.23,18.4,23.31,38.65,Cal State Fullerton Titans
Johnny Wang,40.0,86.0,-15.85,82.95454545454545,98.80952380952381,82.95,94.32,47.73,86.36,10.23,28.41,0.0,0.0,4.55,22.73,0.0,4.55,2.27,18.18,15.91,27.28,Cal State Fullerton Titans
Miles Brookins,120.0,229.5,2.37,92.24137931034483,89.86784140969164,92.24,87.93,51.29,96.12,9.48,23.28,0.0,0.0,11.64,32.33,0.0,8.62,2.59,15.52,25.43,43.97,Cal State Northridge Matadors
Ron Artest III,160.0,304.5,-0.96,90.81967213114754,91.77631578947368,90.82,91.48,50.16,97.05,9.51,24.59,0.0,0.0,12.46,32.13,0.0,9.51,3.61,15.41,25.57,44.59,Cal State Northridge Matadors
Atin Wright,164.7,295.5,-2.65,95.30201342281879,97.95221843003414,95.3,96.31,47.99,102.01,12.42,32.55,0.0,0.0,17.79,35.23,0.0,9.06,2.35,15.77,12.08,53.02,Cal State Northridge Matadors
Brendan Harrick,324.7,642.0,-6.99,91.601866251944,98.59594383775351,91.6,98.29,49.3,97.36,10.89,28.62,0.0,0.0,12.6,30.64,0.0,8.24,2.8,15.24,21.0,43.24,Cal State Northridge Matadors
T.J. Starks,404.7,777.0,-9.49,91.15384615384615,100.64599483204135,91.15,99.87,49.62,99.74,8.97,26.41,0.0,0.0,13.97,30.0,0.0,8.08,2.95,14.23,20.9,43.97,Cal State Northridge Matadors
Darius Brown II,604.7,1176.5,-11.01,89.84771573604061,100.85397096498718,89.85,99.92,48.65,97.88,9.56,27.5,0.0,0.0,12.86,29.61,0.0,7.78,2.96,14.97,20.3,42.47,Cal State Northridge Matadors
Amound Anderson,160.0,316.0,-11.18,88.81987577639751,100.0,88.82,96.27,49.38,99.38,7.76,26.09,0.0,0.0,13.04,27.64,0.0,6.52,2.48,13.66,19.25,40.68,Cal State Northridge Matadors
Alex Merkviladze,444.7,872.0,-14.53,89.50969213226911,104.03690888119954,89.51,102.85,48.12,98.18,9.58,28.51,0.0,0.0,13.0,28.73,0.0,7.18,2.74,14.82,18.47,41.73,Cal State Northridge Matadors
Fidelis Okereke,240.0,458.5,-14.71,89.50749464668094,104.22222222222221,89.51,100.43,48.39,101.07,8.78,27.41,0.0,0.0,14.99,29.12,0.0,6.85,2.36,13.92,16.49,44.11,Cal State Northridge Matadors
Lance Coleman II,40.0,75.0,-16.07,89.1891891891892,105.26315789473684,89.19,108.11,48.65,95.95,6.76,20.27,0.0,0.0,9.46,28.38,0.0,5.41,2.7,13.51,25.68,37.84,Cal State Northridge Matadors
Festus Ndumanya,200.0,405.5,-20.3,85.07462686567165,105.37897310513446,85.07,107.21,46.52,93.03,9.2,27.61,0.0,0.0,9.2,26.62,0.0,7.46,3.98,16.17,23.38,35.82,Cal State Northridge Matadors
Vante Hendrix,160.0,330.5,-21.26,84.14634146341463,105.40540540540539,84.15,107.01,46.04,92.38,9.76,29.27,0.0,0.0,9.15,26.22,0.0,7.93,4.27,16.77,22.87,35.37,Cal State Northridge Matadors
Elijah Thomas,480.0,958.0,-2.19,91.8580375782881,94.05010438413362,91.86,94.05,50.63,93.42,10.02,25.57,0.0,0.0,10.54,33.72,0.0,5.53,3.13,17.12,24.32,44.26,California Baptist Lancers
Gorjok Gak,480.0,958.0,-2.19,91.8580375782881,94.05010438413362,91.86,94.05,50.63,93.42,10.02,25.57,0.0,0.0,10.54,33.72,0.0,5.53,3.13,17.12,24.32,44.26,California Baptist Lancers
Reed Nottage,480.0,958.0,-2.19,91.8580375782881,94.05010438413362,91.86,94.05,50.63,93.42,10.02,25.57,0.0,0.0,10.54,33.72,0.0,5.53,3.13,17.12,24.32,44.26,California Baptist Lancers
Tre Armstrong,480.0,958.0,-2.19,91.8580375782881,94.05010438413362,91.86,94.05,50.63,93.42,10.02,25.57,0.0,0.0,10.54,33.72,0.0,5.53,3.13,17.12,24.32,44.26,California Baptist Lancers
Ty Rowell,480.0,958.0,-2.19,91.8580375782881,94.05010438413362,91.86,94.05,50.63,93.42,10.02,25.57,0.0,0.0,10.54,33.72,0.0,5.53,3.13,17.12,24.32,44.26,California Baptist Lancers
Jarred Hyder,160.0,306.5,0.4,89.10891089108911,88.70967741935483,89.11,90.76,48.51,98.35,9.24,27.72,0.0,0.0,12.87,31.02,0.0,5.94,3.96,14.52,25.41,43.89,California Golden Bears
Kuany Kuany,80.0,151.0,-2.41,80.92105263157895,83.33333333333334,80.92,82.24,46.71,104.61,7.24,26.97,0.0,0.0,19.08,32.24,0.0,5.26,3.95,14.47,21.05,51.32,California Golden Bears
Jalen Celestine,240.0,437.5,-3.79,86.4367816091954,90.22727272727272,86.44,91.26,48.28,99.77,8.97,27.59,0.0,0.0,15.4,32.87,0.0,4.83,3.68,15.63,26.67,48.27,California Golden Bears
Makale Foreman,320.0,589.5,-4.73,84.7457627118644,89.47368421052632,84.75,89.32,46.27,96.1,9.15,29.83,0.0,0.0,12.88,28.98,0.0,5.08,3.9,16.78,23.73,41.86,California Golden Bears
Grant Anticevich,680.0,1232.5,-5.6,87.72504091653029,93.32260659694288,87.73,94.93,46.73,94.11,10.07,30.93,0.0,0.0,11.78,30.44,0.0,5.32,3.27,17.68,25.45,42.22,California Golden Bears
Lars Thiemann,319.9,604.0,-5.84,84.41127694859038,90.24793388429751,84.41,90.55,47.26,97.68,8.96,28.19,0.0,0.0,13.43,31.51,0.0,5.64,2.32,15.75,26.04,44.94,California Golden Bears
Joel Brown,639.9,1165.0,-7.43,88.3982683982684,95.82978723404256,88.4,97.49,47.01,95.15,10.56,30.56,0.0,0.0,11.86,30.82,0.0,5.63,2.34,16.71,25.97,42.68,California Golden Bears
Andre Kelly,719.9,1313.5,-8.84,86.91660290742158,95.75757575757575,86.92,96.71,46.82,95.03,9.95,30.37,0.0,0.0,12.24,29.92,0.0,5.28,2.68,17.21,25.48,42.16,California Golden Bears
Matt Bradley,599.9,1100.0,-9.12,84.09506398537478,93.21880650994575,84.1,94.24,46.25,95.25,9.14,30.35,0.0,0.0,13.71,31.63,0.0,4.66,2.29,18.46,25.69,45.34,California Golden Bears
Ryan Betley,639.9,1163.0,-11.07,85.67730802415876,96.74378748928878,85.68,97.41,45.9,94.05,9.84,30.54,0.0,0.0,11.39,29.16,0.0,5.52,2.76,17.34,25.28,40.55,California Golden Bears
Gediminas Mokseckas,454.3,793.5,9.06,95.58638083228247,86.52392947103274,95.59,86.63,49.56,92.56,11.35,28.5,0.0,0.0,8.58,31.9,0.0,8.32,3.03,16.02,21.82,40.48,Campbell Fighting Camels
Joshua Lusane,654.3,1159.5,7.06,95.83333333333334,88.77463581833763,95.83,89.93,49.83,92.27,11.02,27.0,0.0,0.0,8.51,30.64,0.0,8.07,3.47,16.23,23.52,39.15,Campbell Fighting Camels
Cedric Henderson Jr.,814.3,1470.0,3.65,94.27792915531336,90.625,94.28,90.87,49.73,91.83,10.35,25.89,0.0,0.0,7.7,29.84,0.0,7.63,3.07,15.87,22.48,37.54,Campbell Fighting Camels
Jordan Whitfield,814.3,1470.0,3.65,94.27792915531336,90.625,94.28,90.87,49.73,91.83,10.35,25.89,0.0,0.0,7.7,29.84,0.0,7.63,3.07,15.87,22.48,37.54,Campbell Fighting Camels
Messiah Thompson,239.5,416.0,3.61,100.96153846153845,97.35576923076923,100.96,97.36,52.16,95.67,12.02,29.09,0.0,0.0,8.65,32.21,0.0,6.73,2.16,12.98,19.71,40.86,Campbell Fighting Camels
Ricky Clemons,614.8,1121.0,2.93,92.28699551569507,89.3522626441881,92.29,90.31,49.06,90.49,9.69,25.02,0.0,0.0,7.17,29.06,0.0,7.8,3.32,16.68,23.86,36.23,Campbell Fighting Camels
Jesus Carralero,200.0,411.0,-4.18,88.53658536585365,92.71844660194175,88.54,93.17,48.78,87.8,8.05,20.24,0.0,0.0,3.9,25.85,0.0,7.32,1.71,16.1,23.66,29.75,Campbell Fighting Camels
Austin McCullough,280.0,509.0,-4.72,92.27799227799228,97.0,92.28,93.63,50.0,92.66,9.27,23.17,0.0,0.0,7.92,27.8,0.0,6.18,3.47,15.25,19.5,35.72,Campbell Fighting Camels
DeAndre Jones,80.0,167.0,10.78,98.20359281437125,87.42514970059881,98.2,87.43,56.29,94.61,5.99,17.37,0.0,0.0,13.17,36.53,0.0,7.78,5.39,18.56,26.35,49.7,Central Arkansas Bears
Samson George,80.0,167.0,10.78,98.20359281437125,87.42514970059881,98.2,87.43,56.29,94.61,5.99,17.37,0.0,0.0,13.17,36.53,0.0,7.78,5.39,18.56,26.35,49.7,Central Arkansas Bears
Masai Olowokere,80.0,149.5,6.04,106.04026845637584,100.0,106.04,100.67,51.68,101.34,16.11,34.23,0.0,0.0,19.46,35.57,0.0,7.38,2.68,18.12,23.49,55.03,Central Arkansas Bears
Khaleem Bennett,480.0,969.5,-10.38,89.5169578622816,99.89648033126294,89.52,99.18,49.95,96.51,7.71,22.61,0.0,0.0,16.65,32.27,0.0,6.17,3.49,20.14,23.43,48.92,Central Arkansas Bears
Jared Chatham,640.0,1284.0,-13.12,88.67339022498061,101.79827990617669,88.67,101.01,48.49,95.19,8.46,24.05,0.0,0.0,15.67,32.35,0.0,6.21,3.72,20.48,23.27,48.02,Central Arkansas Bears
Rylan Bergersen,640.0,1284.0,-13.12,88.67339022498061,101.79827990617669,88.67,101.01,48.49,95.19,8.46,24.05,0.0,0.0,15.67,32.35,0.0,6.21,3.72,20.48,23.27,48.02,Central Arkansas Bears
Eddy Kayouloud,360.0,707.0,-13.71,90.69111424541609,104.39716312056737,90.69,103.81,47.39,97.6,10.72,28.35,0.0,0.0,17.21,31.73,0.0,7.19,4.37,19.61,22.43,48.94,Central Arkansas Bears
Collin Cooper,200.0,394.0,-19.07,83.7150127226463,102.78481012658227,83.72,103.31,43.0,89.57,9.92,27.74,0.0,0.0,11.7,32.82,0.0,5.6,4.33,22.14,24.17,44.52,Central Arkansas Bears
SK Shittu,480.0,967.5,-20.2,84.37821171634121,104.57380457380457,84.38,103.39,46.66,94.35,7.71,23.64,0.0,0.0,15.52,31.14,0.0,5.76,3.6,21.17,22.71,46.66,Central Arkansas Bears
Jaxson Baker,160.0,330.5,-24.96,83.03571428571429,108.0,83.04,104.46,49.11,93.15,5.36,18.15,0.0,0.0,15.48,31.25,0.0,4.17,1.49,22.32,22.02,46.73,Central Arkansas Bears
Ian Krishnan,440.0,863.5,-2.38,88.43457943925233,90.81515499425947,88.43,92.41,47.08,94.98,9.58,26.52,0.0,0.0,12.5,30.37,0.0,9.0,3.39,17.52,24.07,42.87,Central Connecticut Blue Devils
Jamir Reed,480.0,960.5,-2.46,90.28213166144201,92.73858921161826,90.28,93.42,48.07,95.09,9.51,26.44,0.0,0.0,12.43,29.57,0.0,9.2,2.61,17.35,22.78,42.0,Central Connecticut Blue Devils
Karrington Wallace,200.0,367.5,-3.98,85.47945205479452,89.45945945945945,85.48,90.68,45.21,95.89,9.32,29.59,0.0,0.0,12.88,31.51,0.0,10.96,4.11,16.99,25.21,44.39,Central Connecticut Blue Devils
Greg Outlaw,480.0,951.5,-4.8,86.75847457627118,91.55370177267987,86.76,93.01,45.97,93.86,9.22,27.01,0.0,0.0,11.76,30.4,0.0,9.0,3.92,17.9,22.88,42.16,Central Connecticut Blue Devils
Nigel Scantlebury,200.0,419.0,-6.16,94.07582938388626,100.24038461538463,94.08,98.82,50.0,95.26,10.43,24.41,0.0,0.0,11.85,28.2,0.0,7.58,2.37,16.59,19.91,40.05,Central Connecticut Blue Devils
Xavier Wilson,480.0,1001.5,-7.01,88.12877263581488,95.14370664023785,88.13,96.58,46.38,95.07,9.66,27.67,0.0,0.0,12.17,29.28,0.0,8.05,3.22,17.1,19.92,41.45,Central Connecticut Blue Devils
Zach Newkirk,560.0,1108.5,-8.4,84.56678700361012,92.96663660955817,84.57,93.05,45.49,94.86,8.84,28.61,0.0,0.0,12.36,29.6,0.0,8.94,3.52,17.51,20.4,41.96,Central Connecticut Blue Devils
Myles Baker,80.0,176.5,-9.01,86.4406779661017,95.45454545454545,86.44,94.92,46.33,95.48,7.91,27.68,0.0,0.0,12.99,28.81,0.0,9.04,0.56,17.51,17.51,41.8,Central Connecticut Blue Devils
Stephane Ayangma,320.0,659.5,-14.94,82.62839879154077,97.56468797564688,82.63,96.83,44.26,93.66,8.76,28.55,0.0,0.0,11.93,28.55,0.0,7.85,2.72,18.28,17.82,40.48,Central Connecticut Blue Devils
Tre Mitchell,160.0,327.0,-17.3,84.24242424242424,101.54320987654322,84.24,99.7,44.55,93.64,9.39,30.0,0.0,0.0,10.91,27.88,0.0,7.88,4.24,17.27,15.45,38.79,Central Connecticut Blue Devils
Aundre Polk,40.0,77.5,26.33,107.40740740740742,81.08108108108108,107.41,74.07,56.79,100.0,11.11,27.16,0.0,0.0,16.05,33.33,0.0,6.17,1.23,16.05,18.52,49.38,Central Michigan Chippewas
Caleb Huffman,200.0,397.5,-5.54,96.72544080604534,102.26130653266333,96.73,102.52,53.15,98.99,9.07,27.96,0.0,0.0,13.35,31.74,0.0,8.06,4.28,14.36,23.93,45.09,Central Michigan Chippewas
Travon Broadway Jr.,399.2,823.5,-12.5,87.0083432657926,99.5049504950495,87.01,95.83,48.99,98.45,6.67,21.69,0.0,0.0,15.73,29.92,0.0,8.94,3.46,17.28,19.31,45.65,Central Michigan Chippewas
Devontae Lane,359.2,754.0,-13.01,86.58854166666666,99.5945945945946,86.59,95.96,48.57,98.96,6.9,21.61,0.0,0.0,16.15,29.56,0.0,9.11,3.52,17.19,18.88,45.71,Central Michigan Chippewas
Matt Beachler,599.2,1231.5,-13.68,88.38141025641025,102.05761316872429,88.38,99.36,49.36,98.32,7.53,24.12,0.0,0.0,14.58,30.21,0.0,8.57,3.85,16.27,19.95,44.79,Central Michigan Chippewas
Meikkel Murray,599.2,1231.5,-13.68,88.38141025641025,102.05761316872429,88.38,99.36,49.36,98.32,7.53,24.12,0.0,0.0,14.58,30.21,0.0,8.57,3.85,16.27,19.95,44.79,Central Michigan Chippewas
Ralph Bissainthe,200.0,408.0,-15.93,91.19804400977995,107.12530712530712,91.2,106.6,50.12,98.04,9.29,29.1,0.0,0.0,12.22,30.81,0.0,7.82,4.65,14.18,21.27,43.03,Central Michigan Chippewas
Malik Muhammad,559.2,1154.0,-16.36,87.06083976006855,103.41805433829974,87.06,101.11,48.84,98.2,7.28,23.91,0.0,0.0,14.48,29.99,0.0,8.74,4.03,16.28,20.05,44.47,Central Michigan Chippewas
PJ Mitchell,40.0,80.0,-59.62,65.06024096385542,124.67532467532467,65.06,115.66,38.55,89.16,6.02,28.92,0.0,0.0,6.02,28.92,0.0,6.02,4.82,16.87,10.84,34.94,Central Michigan Chippewas
Brenden Tucker,370.0,629.5,6.71,100.48701298701299,93.7791601866252,100.49,97.89,50.16,99.19,12.66,31.98,0.0,0.0,12.5,35.23,0.0,8.28,4.87,13.31,22.56,47.73,Charleston Cougars
Lorenzo Edwards,370.0,629.5,6.71,100.48701298701299,93.7791601866252,100.49,97.89,50.16,99.19,12.66,31.98,0.0,0.0,12.5,35.23,0.0,8.28,4.87,13.31,22.56,47.73,Charleston Cougars
Osinachi Smart,370.0,629.5,6.71,100.48701298701299,93.7791601866252,100.49,97.89,50.16,99.19,12.66,31.98,0.0,0.0,12.5,35.23,0.0,8.28,4.87,13.31,22.56,47.73,Charleston Cougars
Payton Willis,370.0,629.5,6.71,100.48701298701299,93.7791601866252,100.49,97.89,50.16,99.19,12.66,31.98,0.0,0.0,12.5,35.23,0.0,8.28,4.87,13.31,22.56,47.73,Charleston Cougars
Zep Jasper,370.0,629.5,6.71,100.48701298701299,93.7791601866252,100.49,97.89,50.16,99.19,12.66,31.98,0.0,0.0,12.5,35.23,0.0,8.28,4.87,13.31,22.56,47.73,Charleston Cougars
Darius Bowser,365.0,696.5,-3.03,89.19708029197079,92.2316384180791,89.2,95.33,47.59,97.37,10.51,34.16,0.0,0.0,16.2,35.77,0.0,6.72,5.26,18.83,26.42,51.97,Charleston Southern Buccaneers
Ja'Quavian Florence,405.0,767.5,-4.43,86.60477453580901,91.0371318822023,86.6,94.3,45.36,96.29,11.41,36.47,0.0,0.0,15.52,36.07,0.0,7.56,5.7,19.23,26.13,51.59,Charleston Southern Buccaneers
Malik Battle,80.0,158.5,-8.29,92.94871794871796,101.24223602484473,92.95,104.49,45.51,90.38,13.46,33.33,0.0,0.0,10.9,31.41,0.0,11.54,5.77,20.51,25.64,42.31,Charleston Southern Buccaneers
Jamir Moore,120.0,236.5,-8.46,86.58008658008657,95.0413223140496,86.58,99.57,41.99,91.77,13.85,36.36,0.0,0.0,12.55,32.47,0.0,10.82,6.49,20.78,25.97,45.02,Charleston Southern Buccaneers
Ty Jones,40.0,78.0,-9.38,73.33333333333333,82.71604938271605,73.33,89.33,34.67,94.67,14.67,42.67,0.0,0.0,16.0,34.67,0.0,9.33,8.0,21.33,26.67,50.67,Charleston Southern Buccaneers
Phlandrous Fleming Jr.,645.0,1239.5,-10.85,84.67807660961695,95.52715654952077,84.68,97.47,44.58,95.27,10.84,34.47,0.0,0.0,14.91,33.33,0.0,7.82,5.3,19.64,24.94,48.24,Charleston Southern Buccaneers
Emorie Knox,525.0,1003.0,-11.41,84.23694779116467,95.64356435643563,84.24,96.99,45.18,96.08,10.14,34.04,0.0,0.0,15.46,33.53,0.0,7.13,5.02,19.38,24.7,48.99,Charleston Southern Buccaneers
Melvin Edwards Jr.,525.0,1003.0,-11.41,84.23694779116467,95.64356435643563,84.24,96.99,45.18,96.08,10.14,34.04,0.0,0.0,15.46,33.53,0.0,7.13,5.02,19.38,24.7,48.99,Charleston Southern Buccaneers
Sean Price,280.0,550.0,-19.53,80.47445255474453,100.0,80.47,100.73,42.15,93.8,10.58,32.85,0.0,0.0,14.23,29.74,0.0,8.39,5.11,20.44,23.54,43.97,Charleston Southern Buccaneers
Terence Porter Jr.,240.0,465.0,-22.94,79.87152034261243,102.80777537796976,79.87,101.93,41.76,92.29,10.71,33.62,0.0,0.0,12.85,29.55,0.0,9.21,4.93,20.56,22.48,42.4,Charleston Southern Buccaneers
Jackson Threadgill,40.0,63.5,28.29,112.90322580645163,84.61538461538461,112.9,88.71,56.45,93.55,16.13,30.65,0.0,0.0,11.29,40.32,0.0,4.84,0.0,17.74,24.19,51.61,Charlotte 49ers
Milos Supica,499.6,870.0,-5.93,85.50228310502284,91.43518518518519,85.5,90.18,48.06,89.84,7.88,23.63,0.0,0.0,9.93,32.19,0.0,7.42,3.42,20.09,20.09,42.12,Charlotte 49ers
Brice Williams,254.6,460.5,-8.68,77.82515991471215,86.50442477876106,77.83,83.37,46.27,88.06,6.18,21.11,0.0,0.0,9.81,32.2,0.0,8.1,3.62,21.75,19.83,42.01,Charlotte 49ers
Jahmir Young,699.6,1241.5,-11.34,83.50515463917526,94.84451718494272,83.51,91.91,47.26,92.23,7.53,23.24,0.0,0.0,10.79,32.51,0.0,7.14,3.33,18.56,19.03,43.3,Charlotte 49ers
Jhery Matos,699.6,1241.5,-11.34,83.50515463917526,94.84451718494272,83.51,91.91,47.26,92.23,7.53,23.24,0.0,0.0,10.79,32.51,0.0,7.14,3.33,18.56,19.03,43.3,Charlotte 49ers
Jordan Shepherd,699.6,1241.5,-11.34,83.50515463917526,94.84451718494272,83.51,91.91,47.26,92.23,7.53,23.24,0.0,0.0,10.79,32.51,0.0,7.14,3.33,18.56,19.03,43.3,Charlotte 49ers
Marvin Cannon,405.0,717.5,-16.48,84.65753424657534,101.13475177304964,84.66,97.67,47.12,94.79,7.67,23.97,0.0,0.0,11.37,32.05,0.0,6.71,3.42,16.58,18.08,43.42,Charlotte 49ers
Anzac Rissetto,200.0,371.5,-24.11,78.96103896103897,103.07262569832403,78.96,95.84,45.45,97.66,6.75,22.34,0.0,0.0,12.73,33.25,0.0,6.49,3.12,15.06,16.62,45.98,Charlotte 49ers
KC Hankton,370.0,653.0,1.88,93.43511450381679,91.55145929339477,93.44,90.99,48.24,98.47,12.06,35.11,0.0,0.0,12.37,35.57,0.0,10.08,3.36,13.89,17.86,47.94,Chattanooga Mocs
Malachi Smith,650.0,1188.5,1.12,96.05704697986577,94.9367088607595,96.06,94.38,50.08,97.4,11.66,32.38,0.0,0.0,10.65,33.72,0.0,8.81,2.52,13.26,19.3,44.37,Chattanooga Mocs
Darius Banks,490.0,876.0,0.66,94.56398640996603,93.90103567318758,94.56,92.41,49.94,97.62,11.1,32.16,0.0,0.0,11.33,34.09,0.0,9.63,2.72,13.7,18.91,45.42,Chattanooga Mocs
Stefan Kenic,690.0,1261.0,0.19,94.70355731225297,94.5107398568019,94.7,93.91,49.49,97.47,11.46,32.41,0.0,0.0,10.99,33.68,0.0,9.01,2.69,13.52,19.13,44.67,Chattanooga Mocs
David Jean-Baptiste,530.0,948.5,-0.52,92.88702928870293,93.41126461211478,92.89,91.95,49.16,97.7,10.88,32.22,0.0,0.0,11.72,34.0,0.0,9.83,2.93,14.02,18.72,45.72,Chattanooga Mocs
A.J. Caldwell,200.0,385.0,-0.85,95.02617801047121,95.87628865979381,95.03,97.38,48.43,97.12,12.3,32.98,0.0,0.0,10.21,32.72,0.0,7.59,2.62,13.09,19.63,42.93,Chattanooga Mocs
Jamaal Walker,200.0,385.0,-0.85,95.02617801047121,95.87628865979381,95.03,97.38,48.43,97.12,12.3,32.98,0.0,0.0,10.21,32.72,0.0,7.59,2.62,13.09,19.63,42.93,Chattanooga Mocs
Josh Ayeni,320.0,608.0,-1.62,96.06557377049181,97.6897689768977,96.07,97.05,50.82,96.39,10.82,29.51,0.0,0.0,9.51,31.64,0.0,7.87,1.97,13.11,20.49,41.15,Chattanooga Mocs
Rob Banks,40.0,80.0,1.83,77.77777777777779,75.9493670886076,77.78,74.07,39.51,96.3,11.11,37.04,0.0,0.0,12.35,33.33,0.0,11.11,6.17,16.05,17.28,45.68,Cincinnati Bearcats
Tari Eason,239.8,485.0,1.15,89.648033126294,88.50102669404517,89.65,89.23,49.07,97.72,9.52,27.12,0.0,0.0,14.7,32.71,0.0,7.25,3.93,16.98,25.47,47.41,Cincinnati Bearcats
Mika Adams-Woods,439.8,883.5,-0.43,88.63636363636364,89.06426155580608,88.64,89.77,47.95,98.41,9.89,28.52,0.0,0.0,16.02,32.61,0.0,8.52,5.0,17.61,23.52,48.63,Cincinnati Bearcats
Jeremiah Davenport,519.8,1045.0,-1.63,86.40308582449373,88.03418803418803,86.4,89.39,46.38,97.2,9.74,29.6,0.0,0.0,14.85,33.75,0.0,8.97,5.21,17.65,22.37,48.6,Cincinnati Bearcats
Keith Williams,639.8,1279.0,-4.07,86.47380766223613,90.539483971853,86.47,90.54,47.15,97.03,9.3,27.91,0.0,0.0,14.86,32.45,0.0,8.21,4.93,17.83,23.14,47.31,Cincinnati Bearcats
Chris Vogt,600.0,1183.0,-4.97,85.60606060606061,90.57724957555179,85.61,89.81,46.63,97.47,9.43,28.79,0.0,0.0,15.24,32.15,0.0,8.42,5.05,17.76,22.64,47.39,Cincinnati Bearcats
David DeJulius,439.8,873.5,-5.82,83.82687927107062,89.64326812428078,83.83,88.72,46.01,96.81,8.66,27.22,0.0,0.0,14.81,32.35,0.0,7.86,4.44,18.0,23.69,47.16,Cincinnati Bearcats
Mike Saunders Jr.,360.0,712.5,-7.3,82.68156424581005,89.98589562764458,82.68,89.11,45.39,96.09,8.8,28.77,0.0,0.0,14.25,32.82,0.0,8.8,5.31,18.16,20.95,47.07,Cincinnati Bearcats
Adam Cook,40.0,84.5,-10.34,86.04651162790698,96.3855421686747,86.05,93.02,45.35,90.7,10.47,27.91,0.0,0.0,8.14,27.91,0.0,8.14,6.98,17.44,19.77,36.05,Cincinnati Bearcats
Mamoudou Diarra,40.0,84.5,-10.34,86.04651162790698,96.3855421686747,86.05,93.02,45.35,90.7,10.47,27.91,0.0,0.0,8.14,27.91,0.0,8.14,6.98,17.44,19.77,36.05,Cincinnati Bearcats
Sam Martin,40.0,84.5,-10.34,86.04651162790698,96.3855421686747,86.05,93.02,45.35,90.7,10.47,27.91,0.0,0.0,8.14,27.91,0.0,8.14,6.98,17.44,19.77,36.05,Cincinnati Bearcats
Chase Hunter,39.7,63.5,31.85,93.75,61.904761904761905,93.75,60.94,51.56,95.31,10.94,35.94,0.0,0.0,15.62,51.56,0.0,6.25,3.12,20.31,18.75,67.18,Clemson Tigers
Nick Honor,359.7,629.0,11.99,95.42483660130719,83.43653250773994,95.42,88.07,47.39,92.48,14.54,34.48,0.0,0.0,10.62,35.62,0.0,7.35,4.9,18.14,22.71,46.24,Clemson Tigers
Hunter Tyson,359.7,624.5,6.3,90.49180327868852,84.19405320813772,90.49,88.2,45.57,93.93,12.95,35.57,0.0,0.0,12.13,37.87,0.0,7.05,4.43,18.2,21.8,50.0,Clemson Tigers
Alex Hemenway,405.0,695.5,3.85,95.57522123893806,91.72510518934082,95.58,96.46,46.02,93.95,14.01,34.96,0.0,0.0,10.91,33.63,0.0,6.78,4.28,16.96,22.42,44.54,Clemson Tigers
Aamir Simms,684.7,1209.5,-0.72,90.08403361344538,90.80553295362083,90.08,93.78,45.88,94.54,12.18,34.71,0.0,0.0,12.1,34.29,0.0,7.06,4.03,17.56,22.02,46.39,Clemson Tigers
Clyde Trapp,684.7,1209.5,-0.72,90.08403361344538,90.80553295362083,90.08,93.78,45.88,94.54,12.18,34.71,0.0,0.0,12.1,34.29,0.0,7.06,4.03,17.56,22.02,46.39,Clemson Tigers
Jonathan Baehre,325.0,585.0,-8.31,89.65517241379311,97.96610169491525,89.66,99.66,46.21,95.17,11.38,33.79,0.0,0.0,12.07,30.52,0.0,7.07,3.62,16.9,22.24,42.59,Clemson Tigers
Al-Amir Dawes,365.0,659.5,-12.08,84.17818740399386,96.25748502994011,84.18,98.77,44.09,95.7,10.14,34.87,0.0,0.0,12.75,32.41,0.0,7.07,3.69,17.05,22.58,45.16,Clemson Tigers
John Newman III,200.0,371.5,-15.94,81.06666666666666,97.01086956521739,81.07,95.2,45.33,96.8,8.8,34.13,0.0,0.0,14.93,33.6,0.0,7.2,2.93,18.13,19.73,48.53,Clemson Tigers
Craig Beaudion II,945.0,1792.0,6.02,94.67787114845937,88.6603668704836,94.68,89.36,51.48,99.83,8.4,25.66,0.0,0.0,15.97,31.88,0.0,9.58,3.19,16.13,23.81,47.85,Cleveland State Vikings
D'Moi Hodge,945.0,1792.0,6.02,94.67787114845937,88.6603668704836,94.68,89.36,51.48,99.83,8.4,25.66,0.0,0.0,15.97,31.88,0.0,9.58,3.19,16.13,23.81,47.85,Cleveland State Vikings
Deante Johnson,945.0,1792.0,6.02,94.67787114845937,88.6603668704836,94.68,89.36,51.48,99.83,8.4,25.66,0.0,0.0,15.97,31.88,0.0,9.58,3.19,16.13,23.81,47.85,Cleveland State Vikings
Torrey Patton,945.0,1792.0,6.02,94.67787114845937,88.6603668704836,94.68,89.36,51.48,99.83,8.4,25.66,0.0,0.0,15.97,31.88,0.0,9.58,3.19,16.13,23.81,47.85,Cleveland State Vikings
Tre Gomillion,945.0,1792.0,6.02,94.67787114845937,88.6603668704836,94.68,89.36,51.48,99.83,8.4,25.66,0.0,0.0,15.97,31.88,0.0,9.58,3.19,16.13,23.81,47.85,Cleveland State Vikings
Kevin Williamson,205.0,410.5,9.79,87.68115942028986,77.88697788697789,87.68,76.57,48.55,97.58,8.45,30.43,0.0,0.0,15.7,41.55,0.0,9.66,6.04,18.12,20.77,57.25,Coastal Carolina Chanticleers
Essam Mostafa,605.0,1192.0,6.58,91.95979899497488,85.3781512605042,91.96,85.09,48.49,97.49,11.22,31.74,0.0,0.0,16.58,37.52,0.0,10.05,4.69,19.1,21.36,54.1,Coastal Carolina Chanticleers
Garrick Green,525.0,1027.5,6.53,91.27906976744185,84.75073313782991,91.28,84.01,48.55,97.29,10.76,31.4,0.0,0.0,16.57,37.79,0.0,10.27,5.14,19.28,21.03,54.36,Coastal Carolina Chanticleers
DeVante' Jones,645.0,1274.5,6.32,90.78844652615145,84.46372239747633,90.79,83.61,48.32,97.35,10.85,31.54,0.0,0.0,16.55,37.7,0.0,10.07,4.76,19.2,21.08,54.25,Coastal Carolina Chanticleers
Ebrima Dibba,645.0,1274.5,6.32,90.78844652615145,84.46372239747633,90.79,83.61,48.32,97.35,10.85,31.54,0.0,0.0,16.55,37.7,0.0,10.07,4.76,19.2,21.08,54.25,Coastal Carolina Chanticleers
DeAnthony Tipler,120.0,247.0,5.49,88.75502008032129,83.26530612244898,88.76,81.93,47.39,97.59,11.24,32.13,0.0,0.0,16.47,37.35,0.0,9.24,3.21,18.88,21.29,53.82,Coastal Carolina Chanticleers
Isaac Hippolyte,120.0,247.0,5.49,88.75502008032129,83.26530612244898,88.76,81.93,47.39,97.59,11.24,32.13,0.0,0.0,16.47,37.35,0.0,9.24,3.21,18.88,21.29,53.82,Coastal Carolina Chanticleers
Tyrik Dixon,320.0,617.0,4.4,93.68932038834951,89.28571428571429,93.69,89.0,48.54,97.09,12.3,32.04,0.0,0.0,17.15,35.28,0.0,10.68,4.53,20.06,21.2,52.43,Coastal Carolina Chanticleers
Tim Ceaser,40.0,82.5,4.2,74.71264367816092,70.51282051282051,74.71,63.22,45.98,95.4,5.75,28.74,0.0,0.0,16.09,40.23,0.0,10.34,5.75,20.69,17.24,56.32,Coastal Carolina Chanticleers
Jordan Burns,604.7,1200.0,19.59,106.4967105263158,86.90878378378379,106.5,84.62,56.5,101.89,11.18,27.8,0.0,0.0,14.23,37.09,0.0,8.88,4.19,12.34,19.33,51.32,Colgate Raiders
Keegan Records,604.7,1200.0,19.59,106.4967105263158,86.90878378378379,106.5,84.62,56.5,101.89,11.18,27.8,0.0,0.0,14.23,37.09,0.0,8.88,4.19,12.34,19.33,51.32,Colgate Raiders
Nelly Cummings,604.7,1200.0,19.59,106.4967105263158,86.90878378378379,106.5,84.62,56.5,101.89,11.18,27.8,0.0,0.0,14.23,37.09,0.0,8.88,4.19,12.34,19.33,51.32,Colgate Raiders
Ryan Moffatt,604.7,1200.0,19.59,106.4967105263158,86.90878378378379,106.5,84.62,56.5,101.89,11.18,27.8,0.0,0.0,14.23,37.09,0.0,8.88,4.19,12.34,19.33,51.32,Colgate Raiders
Tucker Richardson,604.7,1200.0,19.59,106.4967105263158,86.90878378378379,106.5,84.62,56.5,101.89,11.18,27.8,0.0,0.0,14.23,37.09,0.0,8.88,4.19,12.34,19.33,51.32,Colgate Raiders
Dallas Walton,600.0,1088.5,11.48,98.89705882352942,87.41965105601469,98.9,87.5,54.14,98.35,10.48,26.38,0.0,0.0,14.15,33.55,0.0,7.08,3.49,15.81,22.79,47.7,Colorado Buffaloes
D'Shawn Schwartz,880.0,1619.5,9.13,97.71322620519159,88.58729179518815,97.71,88.75,53.46,99.88,9.89,27.38,0.0,0.0,14.83,33.99,0.0,6.86,3.96,14.96,22.5,48.82,Colorado Buffaloes
Elijah Parquet,880.0,1619.5,9.13,97.71322620519159,88.58729179518815,97.71,88.75,53.46,99.88,9.89,27.38,0.0,0.0,14.83,33.99,0.0,6.86,3.96,14.96,22.5,48.82,Colorado Buffaloes
Evan Battey,880.0,1619.5,9.13,97.71322620519159,88.58729179518815,97.71,88.75,53.46,99.88,9.89,27.38,0.0,0.0,14.83,33.99,0.0,6.86,3.96,14.96,22.5,48.82,Colorado Buffaloes
McKinley Wright IV,880.0,1619.5,9.13,97.71322620519159,88.58729179518815,97.71,88.75,53.46,99.88,9.89,27.38,0.0,0.0,14.83,33.99,0.0,6.86,3.96,14.96,22.5,48.82,Colorado Buffaloes
Jeriah Horne,280.0,531.0,4.31,95.28301886792453,90.97744360902256,95.28,91.32,52.08,103.02,8.68,29.43,0.0,0.0,16.23,34.91,0.0,6.42,4.91,13.21,21.89,51.14,Colorado Buffaloes
Dischon Thomas,80.0,159.5,21.82,94.54545454545455,72.72727272727273,94.55,67.88,53.33,89.09,12.73,30.3,0.0,0.0,9.09,35.15,0.0,7.88,3.64,20.0,21.21,44.24,Colorado State Rams
Kendle Moore,719.8,1392.0,11.9,97.78887303851641,85.89001447178003,97.79,84.66,53.07,93.72,11.27,31.17,0.0,0.0,11.7,35.16,0.07,6.7,3.35,17.97,23.32,46.86,Colorado State Rams
David Roddy,720.0,1394.5,10.29,96.09375,85.80738595220855,96.09,84.16,52.84,93.68,10.58,30.4,0.0,0.0,11.79,35.09,0.07,6.96,3.34,18.11,23.22,46.88,Colorado State Rams
Adam Thistlewood,759.8,1469.5,9.95,96.83074848280513,86.88186813186813,96.83,85.3,52.73,93.46,11.13,30.82,0.0,0.0,11.6,34.52,0.07,6.81,3.24,18.14,23.13,46.12,Colorado State Rams
Isaiah Stevens,759.8,1469.5,9.95,96.83074848280513,86.88186813186813,96.83,85.3,52.73,93.46,11.13,30.82,0.0,0.0,11.6,34.52,0.07,6.81,3.24,18.14,23.13,46.12,Colorado State Rams
James Moors,679.8,1310.0,8.56,97.11684370257967,88.55606758832565,97.12,87.48,52.66,94.01,10.93,30.88,0.0,0.0,11.91,34.45,0.08,6.68,3.19,17.91,23.37,46.36,Colorado State Rams
John Tonje,39.8,75.0,4.0,110.66666666666667,106.66666666666667,110.67,106.67,50.67,89.33,21.33,38.67,0.0,0.0,8.0,24.0,0.0,4.0,1.33,18.67,21.33,32.0,Colorado State Rams
Isaiah Rivera,40.0,77.5,-25.16,80.24691358024691,105.40540540540539,80.25,96.3,46.91,88.89,8.64,24.69,0.0,0.0,9.88,23.46,0.0,8.64,1.23,20.99,19.75,33.34,Colorado State Rams
Nendah Tarke,200.0,449.5,-0.49,83.4061135371179,83.90022675736961,83.41,80.79,46.94,91.27,9.39,28.17,0.0,0.0,9.39,35.81,0.0,7.64,4.59,18.12,17.9,45.2,Coppin State Eagles
Yuat Alok,439.6,1012.5,-3.42,83.70514064015518,87.12273641851107,83.71,84.0,47.14,90.98,9.7,29.0,0.0,0.0,9.7,33.95,0.0,8.24,4.27,18.72,19.59,43.65,Coppin State Eagles
Anthony Tarke,519.6,1208.5,-3.82,82.9975825946817,86.81972789115646,83.0,82.27,47.06,90.89,9.43,28.85,0.0,0.0,9.19,33.52,0.0,8.7,4.35,18.29,19.1,42.71,Coppin State Eagles
DeJuan Clayton,519.6,1208.5,-3.82,82.9975825946817,86.81972789115646,83.0,82.27,47.06,90.89,9.43,28.85,0.0,0.0,9.19,33.52,0.0,8.7,4.35,18.29,19.1,42.71,Coppin State Eagles
Koby Thomas,519.6,1208.5,-3.82,82.9975825946817,86.81972789115646,83.0,82.27,47.06,90.89,9.43,28.85,0.0,0.0,9.19,33.52,0.0,8.7,4.35,18.29,19.1,42.71,Coppin State Eagles
Kyle Cardaci,80.0,196.0,-5.64,79.52380952380952,85.16483516483517,79.52,73.81,46.67,90.48,8.1,28.1,0.0,0.0,6.67,31.43,0.0,10.95,4.76,16.19,16.67,38.1,Coppin State Eagles
Kenan Sarvan,319.6,759.0,-5.81,82.75862068965517,88.57142857142857,82.76,83.14,47.13,90.68,9.45,29.25,0.0,0.0,9.07,32.18,0.0,9.32,4.21,18.39,19.8,41.25,Coppin State Eagles
Shereef Mitchell,85.0,158.5,11.94,104.48717948717949,92.54658385093167,104.49,95.51,50.64,95.51,14.1,37.82,0.0,0.0,10.9,35.26,0.0,7.05,8.33,15.38,23.08,46.16,Creighton Bluejays
Christian Bishop,890.0,1699.0,7.14,96.06114050558496,88.92162639952858,96.06,88.71,48.21,96.71,12.4,34.16,0.0,0.0,11.64,34.92,0.0,8.94,4.47,14.93,20.46,46.56,Creighton Bluejays
Damien Jefferson,890.0,1699.0,7.14,96.06114050558496,88.92162639952858,96.06,88.71,48.21,96.71,12.4,34.16,0.0,0.0,11.64,34.92,0.0,8.94,4.47,14.93,20.46,46.56,Creighton Bluejays
Denzel Mahoney,890.0,1699.0,7.14,96.06114050558496,88.92162639952858,96.06,88.71,48.21,96.71,12.4,34.16,0.0,0.0,11.64,34.92,0.0,8.94,4.47,14.93,20.46,46.56,Creighton Bluejays
Mitch Ballock,890.0,1699.0,7.14,96.06114050558496,88.92162639952858,96.06,88.71,48.21,96.71,12.4,34.16,0.0,0.0,11.64,34.92,0.0,8.94,4.47,14.93,20.46,46.56,Creighton Bluejays
Marcus Zegarowski,805.0,1540.5,6.67,95.21035598705502,88.54166666666666,95.21,88.03,47.96,96.83,12.23,33.79,0.0,0.0,11.72,34.89,0.0,9.13,4.08,14.89,20.19,46.61,Creighton Bluejays
Bates Jones,40.0,70.0,18.93,97.01492537313433,78.08219178082192,97.01,85.07,49.25,92.54,10.45,35.82,0.0,0.0,8.96,29.85,0.0,14.93,4.48,16.42,23.88,38.81,Davidson Wildcats
Carter Collins,525.0,904.0,10.86,101.00558659217877,90.14238773274917,101.01,91.96,49.27,99.33,13.74,38.66,0.0,0.0,15.2,37.09,0.0,8.49,3.69,15.87,19.89,52.29,Davidson Wildcats
Hyunjung Lee,525.0,904.0,10.86,101.00558659217877,90.14238773274917,101.01,91.96,49.27,99.33,13.74,38.66,0.0,0.0,15.2,37.09,0.0,8.49,3.69,15.87,19.89,52.29,Davidson Wildcats
Kellan Grady,525.0,904.0,10.86,101.00558659217877,90.14238773274917,101.01,91.96,49.27,99.33,13.74,38.66,0.0,0.0,15.2,37.09,0.0,8.49,3.69,15.87,19.89,52.29,Davidson Wildcats
Luka Brajkovic,525.0,904.0,10.86,101.00558659217877,90.14238773274917,101.01,91.96,49.27,99.33,13.74,38.66,0.0,0.0,15.2,37.09,0.0,8.49,3.69,15.87,19.89,52.29,Davidson Wildcats
Sam Mennenga,485.0,834.0,10.14,101.32850241545894,91.19047619047619,101.33,92.51,49.28,99.88,14.01,38.89,0.0,0.0,15.7,37.68,0.0,7.97,3.62,15.82,19.57,53.38,Davidson Wildcats
Zimi Nwokeji,80.0,158.0,6.33,101.26582278481013,94.9367088607595,101.27,94.94,53.8,93.04,11.39,29.75,0.0,0.0,8.86,36.71,0.0,8.86,3.8,15.82,19.62,45.57,Dayton Flyers
Koby Brea,80.0,132.0,5.06,94.11764705882352,89.0625,94.12,83.82,49.26,89.71,11.76,35.29,0.0,0.0,11.03,35.29,0.0,7.35,0.74,21.32,19.85,46.32,Dayton Flyers
Jordy Tshimanga,695.0,1267.5,3.7,92.64475743348983,88.94192521877487,92.64,87.48,49.3,93.19,11.19,30.44,0.0,0.0,11.35,35.99,0.0,5.24,2.43,18.15,20.42,47.34,Dayton Flyers
R.J. Blakney,120.0,223.0,2.96,91.5929203539823,88.63636363636364,91.59,86.28,47.79,92.92,12.39,26.99,0.0,0.0,15.49,34.51,0.0,5.75,1.77,22.57,23.45,50.0,Dayton Flyers
Ibi Watson,735.0,1346.5,2.77,93.57933579335793,90.80717488789237,93.58,89.67,49.59,93.36,11.29,30.55,0.0,0.0,11.44,35.72,0.0,5.31,2.36,18.08,20.52,47.16,Dayton Flyers
Jalen Crutcher,735.0,1346.5,2.77,93.57933579335793,90.80717488789237,93.58,89.67,49.59,93.36,11.29,30.55,0.0,0.0,11.44,35.72,0.0,5.31,2.36,18.08,20.52,47.16,Dayton Flyers
Elijah Weaver,415.0,762.5,2.61,92.91338582677166,90.30144167758847,92.91,90.42,49.08,94.23,11.42,31.63,0.0,0.0,10.76,36.61,0.0,4.46,2.76,16.54,20.21,47.37,Dayton Flyers
Rodney Chatman,240.0,452.0,2.36,94.52954048140045,92.17002237136465,94.53,90.15,50.55,93.0,10.94,27.35,0.0,0.0,12.69,34.35,0.0,6.13,2.19,19.69,21.23,47.04,Dayton Flyers
Mustapha Amzil,575.0,1044.5,1.1,93.98854961832062,92.89145052833814,93.99,92.27,49.71,93.7,11.16,31.58,0.0,0.0,11.07,35.5,0.0,4.77,2.19,17.37,20.13,46.57,Dayton Flyers
David Jones,40.0,86.0,14.67,84.33734939759037,69.66292134831461,84.34,74.7,49.4,96.39,4.82,18.07,0.0,0.0,14.46,40.96,0.0,9.64,3.61,18.07,28.92,55.42,DePaul Blue Demons
Oscar Lopez Jr.,50.0,98.0,8.42,98.9010989010989,90.47619047619048,98.9,104.4,47.25,90.11,10.99,26.37,0.0,0.0,8.79,35.16,0.0,6.59,3.3,18.68,24.18,43.95,DePaul Blue Demons
Kobe Elvis,160.0,308.5,-2.21,82.33333333333334,84.54258675078864,82.33,89.33,44.0,93.33,5.67,15.33,0.0,0.0,16.67,35.0,0.0,8.33,6.33,23.33,25.67,51.67,DePaul Blue Demons
Nick Ongenda,130.0,256.5,-6.45,88.66396761133603,95.11278195488721,88.66,102.43,46.56,96.76,7.29,21.86,0.0,0.0,16.6,26.72,0.0,7.69,4.05,19.84,25.91,43.32,DePaul Blue Demons
Darious Hall,480.0,919.5,-6.73,81.44444444444444,88.17891373801918,81.44,92.0,43.22,97.0,6.44,22.67,0.0,0.0,17.67,33.89,0.0,9.0,5.22,20.67,25.78,51.56,DePaul Blue Demons
Ray Salnave,450.0,888.0,-6.88,83.95348837209302,90.82969432314411,83.95,96.74,44.77,96.4,6.28,20.58,0.0,0.0,16.63,32.44,0.0,8.26,5.12,20.23,27.33,49.07,DePaul Blue Demons
Pauly Paulicap,560.0,1086.0,-7.39,81.2617702448211,88.64864864864866,81.26,92.66,43.79,96.8,6.21,21.66,0.0,0.0,17.14,33.9,0.0,8.66,4.9,20.34,26.27,51.04,DePaul Blue Demons
Javon Freeman-Liberty,490.0,948.5,-8.13,81.76914778856526,89.89690721649485,81.77,94.07,44.44,98.38,6.26,21.79,0.0,0.0,17.91,32.36,0.0,8.31,4.31,19.53,25.67,50.27,DePaul Blue Demons
Charlie Moore,530.0,1034.5,-8.76,82.55698711595639,91.32075471698113,82.56,95.94,44.3,97.03,6.74,22.99,0.0,0.0,16.55,31.52,0.0,8.23,3.96,19.52,26.07,48.07,DePaul Blue Demons
Romeo Weems,560.0,1087.0,-10.25,82.08255159474672,92.32851985559567,82.08,95.97,44.18,96.9,6.29,22.14,0.0,0.0,17.54,31.05,0.0,8.72,4.88,20.64,26.36,48.59,DePaul Blue Demons
Ebby Asamoah,160.0,302.5,5.01,91.88311688311688,86.86868686868688,91.88,83.77,52.92,99.35,10.06,26.3,0.0,0.0,17.53,37.66,0.0,5.52,5.52,18.18,22.73,55.19,Delaware Blue Hens
Kevin Anderson,160.0,302.5,5.01,91.88311688311688,86.86868686868688,91.88,83.77,52.92,99.35,10.06,26.3,0.0,0.0,17.53,37.66,0.0,5.52,5.52,18.18,22.73,55.19,Delaware Blue Hens
Andrew Carr,320.0,598.0,3.81,92.35880398671097,88.55218855218855,92.36,87.38,51.83,97.84,7.64,24.09,0.0,0.0,17.44,36.71,0.0,6.48,5.98,19.6,23.59,54.15,Delaware Blue Hens
Dylan Painter,320.0,598.0,3.81,92.35880398671097,88.55218855218855,92.36,87.38,51.83,97.84,7.64,24.09,0.0,0.0,17.44,36.71,0.0,6.48,5.98,19.6,23.59,54.15,Delaware Blue Hens
Ryan Allen,320.0,598.0,3.81,92.35880398671097,88.55218855218855,92.36,87.38,51.83,97.84,7.64,24.09,0.0,0.0,17.44,36.71,0.0,6.48,5.98,19.6,23.59,54.15,Delaware Blue Hens
Gianmarco Arletti,160.0,295.5,2.62,92.85714285714286,90.23569023569024,92.86,91.16,50.68,96.26,5.1,21.77,0.0,0.0,17.35,35.71,0.0,7.48,6.46,21.09,24.49,53.06,Delaware Blue Hens
Johnny McCoy,160.0,295.5,2.62,92.85714285714286,90.23569023569024,92.86,91.16,50.68,96.26,5.1,21.77,0.0,0.0,17.35,35.71,0.0,7.48,6.46,21.09,24.49,53.06,Delaware Blue Hens
Martaz Robinson,45.0,99.0,1.61,80.61224489795919,79.0,80.61,80.61,45.92,97.96,12.24,34.69,0.0,0.0,12.24,31.63,0.0,3.06,7.14,14.29,30.61,43.87,Delaware State Hornets
Ronald Lucas,205.0,455.5,0.86,86.72768878718536,85.86497890295358,86.73,93.14,43.94,94.28,13.04,34.55,0.0,0.0,12.36,31.35,0.0,7.09,5.49,18.08,27.23,43.71,Delaware State Hornets
D'Marco Baucum,240.0,531.0,-4.18,87.92079207920793,92.10053859964094,87.92,101.58,45.74,92.48,11.09,31.49,0.0,0.0,12.67,30.89,0.0,8.51,2.97,20.2,26.93,43.56,Delaware State Hornets
Johquin Wiley,445.0,982.5,-8.31,82.92939936775554,91.24015748031496,82.93,97.68,44.05,93.15,10.12,31.61,0.0,0.0,12.96,30.77,0.0,7.69,4.11,19.81,25.61,43.73,Delaware State Hornets
Myles Carter,445.0,982.5,-8.31,82.92939936775554,91.24015748031496,82.93,97.68,44.05,93.15,10.12,31.61,0.0,0.0,12.96,30.77,0.0,7.69,4.11,19.81,25.61,43.73,Delaware State Hornets
Zach Kent,320.0,701.5,-10.96,82.98816568047337,93.94773039889958,82.99,101.04,42.6,93.05,10.5,32.69,0.0,0.0,13.31,30.77,0.0,7.99,3.99,20.27,24.56,44.08,Delaware State Hornets
Ameer Bennett,245.0,552.0,-11.58,77.96296296296296,89.53900709219859,77.96,93.52,44.07,93.15,7.96,29.81,0.0,0.0,13.33,30.93,0.0,7.22,3.7,20.19,25.19,44.26,Delaware State Hornets
John Stansbury,280.0,608.5,-14.18,80.71065989847716,94.88817891373802,80.71,100.51,43.99,92.22,8.29,29.44,0.0,0.0,13.03,29.95,0.0,8.29,4.06,20.81,24.03,42.98,Delaware State Hornets
Drake Muller,40.0,91.0,0.36,79.3103448275862,78.94736842105263,79.31,86.21,40.23,91.95,8.05,25.29,0.0,0.0,6.9,25.29,0.0,13.79,1.15,14.94,33.33,32.19,Denver Pioneers
Robert Jones,285.0,594.0,-1.79,87.71626297577855,89.50819672131148,87.72,94.46,46.89,93.43,9.34,25.26,0.0,0.0,11.07,28.37,0.0,8.48,2.77,17.65,27.68,39.44,Denver Pioneers
Eric Moenkhaus,210.0,427.0,-2.03,91.34615384615384,93.37899543378995,91.35,98.32,49.52,92.79,10.34,25.48,0.0,0.0,9.86,27.88,0.0,7.45,3.12,17.07,28.12,37.74,Denver Pioneers
Roscoe Eastmond,40.0,82.0,-2.56,93.82716049382715,96.3855421686747,93.83,98.77,44.44,103.7,12.35,27.16,0.0,0.0,14.81,24.69,0.0,9.88,0.0,11.11,22.22,39.5,Denver Pioneers
Kobey Lam,160.0,328.0,-4.79,86.875,91.66666666666666,86.88,96.25,46.56,94.69,8.75,24.69,0.0,0.0,13.12,28.44,0.0,6.88,3.44,18.44,26.25,41.56,Denver Pioneers
Sam Hines Jr.,570.0,1161.0,-10.49,85.6140350877193,96.1082910321489,85.61,99.65,46.05,93.16,9.39,26.05,0.0,0.0,10.61,27.11,0.0,7.11,2.89,17.46,26.23,37.72,Denver Pioneers
Jase Townsend,530.0,1092.0,-11.06,85.23676880222841,96.29629629629629,85.24,98.98,46.15,93.04,9.29,25.81,0.0,0.0,10.68,26.65,0.0,7.34,2.97,17.64,25.81,37.33,Denver Pioneers
Taelyr Gatlin,530.0,1079.0,-11.1,84.98583569405099,96.08735213830755,84.99,99.72,46.18,92.35,9.16,25.97,0.0,0.0,10.29,27.29,0.0,6.89,3.12,17.94,26.53,37.58,Denver Pioneers
JaVonni Bickham,125.0,237.0,-12.73,85.21739130434783,97.95081967213115,85.22,103.91,44.35,92.17,9.57,26.09,0.0,0.0,9.57,27.83,0.0,5.22,1.74,17.39,27.39,37.4,Denver Pioneers
Tristan Green,240.0,472.0,-22.6,83.04721030042919,105.64853556485356,83.05,108.37,44.64,93.35,9.44,28.11,0.0,0.0,10.73,25.32,0.0,5.15,3.0,17.38,24.03,36.05,Denver Pioneers
Frank Ryder,120.0,242.0,-30.79,78.45528455284553,109.24369747899159,78.46,105.69,43.5,92.68,9.35,28.05,0.0,0.0,9.35,26.42,0.0,5.69,3.25,16.67,21.95,35.77,Denver Pioneers
Chris Brandon,440.0,801.0,11.55,107.88177339901478,96.32911392405063,107.88,93.72,54.19,94.58,16.13,36.58,0.0,0.0,10.34,33.0,0.0,9.61,3.08,15.76,17.24,43.34,Detroit Mercy Titans
Dwayne Rose Jr.,200.0,370.0,9.02,107.16253443526172,98.14323607427056,107.16,101.93,53.17,95.59,14.6,35.26,0.0,0.0,9.92,30.85,0.0,9.09,3.58,14.33,20.66,40.77,Detroit Mercy Titans
Marquell Fraser,600.0,1101.5,7.15,106.41952983725136,99.27073837739289,106.42,98.46,53.53,96.38,15.1,35.53,0.0,0.0,11.93,31.83,0.0,9.58,3.44,15.55,18.54,43.76,Detroit Mercy Titans
Buay Koka,165.0,301.5,6.06,100.6514657980456,94.5945945945946,100.65,91.21,49.51,89.9,14.98,32.25,0.0,0.0,11.4,33.22,0.0,8.79,2.93,21.5,16.61,44.62,Detroit Mercy Titans
Antoine Davis,725.0,1337.5,5.97,104.09530900967982,98.12312312312312,104.1,97.32,52.49,95.9,14.67,35.59,0.0,0.0,11.84,31.79,0.0,9.16,3.5,15.93,19.06,43.63,Detroit Mercy Titans
Bul Kuol,725.0,1337.5,5.97,104.09530900967982,98.12312312312312,104.1,97.32,52.49,95.9,14.67,35.59,0.0,0.0,11.84,31.79,0.0,9.16,3.5,15.93,19.06,43.63,Detroit Mercy Titans
Noah Waterman,485.0,891.0,5.84,104.8368953880765,98.99216125419933,104.84,99.44,52.87,96.51,14.62,36.0,0.0,0.0,12.49,32.28,0.0,8.44,3.26,15.97,19.91,44.77,Detroit Mercy Titans
Matt Johnson,165.0,307.5,-3.55,91.77215189873418,95.31772575250837,91.77,90.19,48.42,98.1,11.71,35.76,0.0,0.0,13.92,30.06,0.0,9.18,4.11,15.82,18.67,43.98,Detroit Mercy Titans
Willy Isiani,120.0,240.0,-9.63,93.64406779661016,103.27868852459017,93.64,106.78,48.73,101.27,11.44,35.59,0.0,0.0,14.83,27.54,0.0,8.9,5.93,13.56,25.85,42.37,Detroit Mercy Titans
ShanQuan Hemphill,445.0,838.5,15.59,99.7610513739546,84.16666666666667,99.76,84.47,52.81,100.96,8.24,24.25,0.0,0.0,15.29,35.6,0.0,8.96,3.58,14.34,22.22,50.89,Drake Bulldogs
Roman Penn,609.7,1108.0,12.13,99.63735267452402,87.51123090745733,99.64,88.3,52.31,100.82,8.61,25.48,0.0,0.0,14.51,34.18,0.0,9.43,3.81,13.69,22.12,48.69,Drake Bulldogs
D.J. Wilkins,809.3,1455.5,8.54,99.38313913639479,90.84022038567493,99.38,90.4,52.71,100.89,8.7,25.36,0.0,0.0,13.98,33.65,0.0,8.57,3.91,13.09,20.9,47.63,Drake Bulldogs
Darnell Brodie,809.3,1455.5,8.54,99.38313913639479,90.84022038567493,99.38,90.4,52.71,100.89,8.7,25.36,0.0,0.0,13.98,33.65,0.0,8.57,3.91,13.09,20.9,47.63,Drake Bulldogs
Tremell Murphy,809.3,1455.5,8.54,99.38313913639479,90.84022038567493,99.38,90.4,52.71,100.89,8.7,25.36,0.0,0.0,13.98,33.65,0.0,8.57,3.91,13.09,20.9,47.63,Drake Bulldogs
Garrett Sturtz,364.3,617.0,-1.13,98.87459807073955,100.0,98.87,98.39,52.57,100.8,9.32,26.85,0.0,0.0,12.22,31.03,0.0,8.04,4.34,11.41,19.13,43.25,Drake Bulldogs
Joseph Yesufu,199.6,347.5,-3.17,98.59550561797754,101.76991150442478,98.6,96.91,53.93,101.12,8.99,25.0,0.0,0.0,12.36,32.02,0.0,5.9,4.21,11.24,17.13,44.38,Drake Bulldogs
Mate Okros,200.0,347.0,9.2,102.31884057971014,93.12320916905445,102.32,94.2,53.91,97.68,9.28,30.14,0.0,0.0,13.33,35.07,0.0,8.12,5.22,15.65,22.61,48.4,Drexel Dragons
Camren Wynter,480.0,840.5,3.8,102.36686390532543,98.56459330143541,102.37,97.51,53.49,95.15,11.24,28.05,0.0,0.0,13.14,35.27,0.0,5.56,3.79,17.99,20.83,48.41,Drexel Dragons
James Butler,480.0,840.5,3.8,102.36686390532543,98.56459330143541,102.37,97.51,53.49,95.15,11.24,28.05,0.0,0.0,13.14,35.27,0.0,5.56,3.79,17.99,20.83,48.41,Drexel Dragons
T.J. Bickerstaff,480.0,840.5,3.8,102.36686390532543,98.56459330143541,102.37,97.51,53.49,95.15,11.24,28.05,0.0,0.0,13.14,35.27,0.0,5.56,3.79,17.99,20.83,48.41,Drexel Dragons
Zach Walton,480.0,840.5,3.8,102.36686390532543,98.56459330143541,102.37,97.51,53.49,95.15,11.24,28.05,0.0,0.0,13.14,35.27,0.0,5.56,3.79,17.99,20.83,48.41,Drexel Dragons
Xavier Bell,240.0,418.5,3.01,105.91016548463357,102.89855072463767,105.91,100.71,54.37,93.62,13.48,26.24,0.0,0.0,13.24,35.46,0.0,4.26,3.07,19.62,18.91,48.7,Drexel Dragons
Matey Juric,40.0,75.0,-16.88,83.11688311688312,100.0,83.12,94.81,46.75,92.21,7.79,28.57,0.0,0.0,11.69,35.06,0.0,1.3,1.3,19.48,23.38,46.75,Drexel Dragons
Mark Williams,450.0,845.0,7.88,102.03592814371258,94.15204678362574,102.04,96.41,51.26,98.44,11.26,30.9,0.0,0.0,14.61,30.18,0.0,10.66,6.47,16.17,22.04,44.79,Duke Blue Devils
Jeremy Roach,565.0,1078.5,6.57,99.53007518796993,92.9551692589204,99.53,95.49,50.19,98.5,11.18,31.48,0.0,0.0,14.76,31.11,0.0,10.15,5.92,16.26,22.84,45.87,Duke Blue Devils
DJ Steward,690.0,1312.0,6.18,98.84704073789393,92.66817838246409,98.85,94.24,50.65,98.62,10.61,31.05,0.0,0.0,14.53,31.13,0.0,9.84,5.84,15.91,22.21,45.66,Duke Blue Devils
Matthew Hurt,690.0,1312.0,6.18,98.84704073789393,92.66817838246409,98.85,94.24,50.65,98.62,10.61,31.05,0.0,0.0,14.53,31.13,0.0,9.84,5.84,15.91,22.21,45.66,Duke Blue Devils
Wendell Moore Jr.,570.0,1074.0,5.94,99.6265172735761,93.68616527390901,99.63,94.21,51.07,97.85,10.55,29.88,0.0,0.0,13.91,31.0,0.0,9.71,5.79,16.06,21.2,44.91,Duke Blue Devils
Jordan Goldwire,245.0,471.5,5.8,95.50321199143468,89.70588235294117,95.5,91.43,50.75,100.64,9.42,32.76,0.0,0.0,15.42,31.48,0.0,9.42,5.78,14.78,23.13,46.9,Duke Blue Devils
Jalen Johnson,160.0,301.0,5.54,96.07843137254902,90.54054054054053,96.08,87.58,51.63,97.06,9.15,29.08,0.0,0.0,13.73,32.68,0.0,8.17,3.92,16.67,19.28,46.41,Duke Blue Devils
Jaemyn Brakefield,80.0,166.0,-1.45,87.5,88.95348837209302,87.5,95.62,45.62,102.5,10.0,35.62,0.0,0.0,15.62,33.12,0.0,8.75,6.25,13.12,28.75,48.74,Duke Blue Devils
Mike Bekelja,120.0,223.5,20.18,99.10714285714286,78.9237668161435,99.11,78.57,50.89,103.12,11.16,37.05,0.0,0.0,17.41,41.52,0.0,8.04,6.25,14.29,20.98,58.93,Duquesne Dukes
Lamar Norman Jr.,80.0,153.5,8.34,97.36842105263158,89.03225806451613,97.37,90.79,50.66,102.63,9.87,28.29,0.0,0.0,18.42,34.87,0.0,8.55,3.29,15.79,25.66,53.29,Duquesne Dukes
Chad Baker,520.0,984.0,1.06,87.07342295760083,86.01398601398601,87.07,89.04,46.64,99.69,8.38,28.44,0.0,0.0,17.48,33.4,0.0,8.79,6.83,17.79,23.47,50.88,Duquesne Dukes
Marcus Weathers,640.0,1208.5,0.41,87.00754400670579,86.60130718954248,87.01,88.85,46.52,100.0,8.55,28.42,0.0,0.0,17.6,33.95,0.0,8.55,6.45,17.6,22.97,51.55,Duquesne Dukes
Michael Hughes,640.0,1208.5,0.41,87.00754400670579,86.60130718954248,87.01,88.85,46.52,100.0,8.55,28.42,0.0,0.0,17.6,33.95,0.0,8.55,6.45,17.6,22.97,51.55,Duquesne Dukes
Tavian Dunn-Martin,560.0,1055.0,-0.75,85.49471661863592,86.24883068288119,85.49,88.57,45.92,99.62,8.36,28.43,0.0,0.0,17.48,33.81,0.0,8.55,6.92,17.87,22.57,51.29,Duquesne Dukes
Maceo Austin,120.0,224.5,-2.51,86.72566371681415,89.23766816143498,86.73,88.05,46.02,101.33,9.29,28.32,0.0,0.0,18.14,36.28,0.0,7.52,4.87,16.81,20.8,54.42,Duquesne Dukes
Sincere Carry,120.0,224.5,-2.51,86.72566371681415,89.23766816143498,86.73,88.05,46.02,101.33,9.29,28.32,0.0,0.0,18.14,36.28,0.0,7.52,4.87,16.81,20.8,54.42,Duquesne Dukes
Toby Okani,400.0,760.5,-4.6,83.44549125168237,88.04627249357327,83.45,92.19,45.36,98.65,7.54,25.84,0.0,0.0,17.5,30.96,0.0,9.02,7.0,18.84,24.23,48.46,Duquesne Dukes
Bitumba Baruti,160.0,306.5,-5.39,83.38870431893687,88.78205128205127,83.39,92.03,45.18,97.34,7.64,27.91,0.0,0.0,16.28,31.56,0.0,7.97,3.99,18.94,25.25,47.84,East Carolina Pirates
J.J. Miles,400.0,783.5,-6.87,81.25,88.12260536398468,81.25,88.01,47.32,96.68,6.89,24.36,0.0,0.0,12.76,31.76,0.0,7.65,3.44,16.07,23.21,44.52,East Carolina Pirates
Brandon Suggs,240.0,457.0,-8.53,79.15742793791574,87.6889848812095,79.16,90.02,42.79,96.23,7.54,27.27,0.0,0.0,15.74,34.15,0.0,5.99,3.55,19.51,22.62,49.89,East Carolina Pirates
Tremont Robinson-White,520.0,1007.5,-9.67,80.41749502982107,90.08919722497522,80.42,90.36,45.92,97.51,6.76,24.75,0.0,0.0,14.21,31.81,0.0,7.36,3.48,16.7,22.96,46.02,East Carolina Pirates
Jayden Gardner,480.0,928.0,-10.13,80.38793103448276,90.51724137931035,80.39,90.52,45.69,97.2,6.9,24.68,0.0,0.0,14.12,31.68,0.0,7.33,3.34,16.92,22.63,45.8,East Carolina Pirates
Ludgy Debaut,400.0,780.5,-10.79,79.3103448275862,90.10282776349614,79.31,89.53,46.49,97.96,6.26,23.63,0.0,0.0,13.54,32.06,0.0,7.15,3.45,15.58,22.48,45.6,East Carolina Pirates
Tristen Newton,400.0,774.5,-13.21,80.3088803088803,93.52331606217616,80.31,92.92,46.33,99.1,6.18,23.68,0.0,0.0,14.8,30.5,0.0,7.85,3.47,15.7,22.91,45.3,East Carolina Pirates
Ledarrius Brewer,560.0,1008.0,7.77,98.7012987012987,90.935960591133,98.7,92.21,50.75,98.6,12.59,31.97,0.0,0.0,14.59,35.06,0.0,9.89,3.5,15.98,22.58,49.65,East Tennessee State Buccaneers
Serrel Smith Jr.,445.0,824.5,4.83,99.39098660170524,94.56521739130434,99.39,95.37,51.64,100.61,12.18,31.79,0.0,0.0,16.32,32.64,0.0,9.87,2.92,15.71,22.78,48.96,East Tennessee State Buccaneers
Damari Monsanto,645.0,1170.5,4.48,96.65236051502146,92.17687074829932,96.65,93.05,50.3,98.63,11.76,31.33,0.0,0.0,14.94,33.73,0.0,9.87,3.61,16.31,22.23,48.67,East Tennessee State Buccaneers
Silas Adheke,645.0,1170.5,4.48,96.65236051502146,92.17687074829932,96.65,93.05,50.3,98.63,11.76,31.33,0.0,0.0,14.94,33.73,0.0,9.87,3.61,16.31,22.23,48.67,East Tennessee State Buccaneers
Vonnie Patterson,645.0,1170.5,4.48,96.65236051502146,92.17687074829932,96.65,93.05,50.3,98.63,11.76,31.33,0.0,0.0,14.94,33.73,0.0,9.87,3.61,16.31,22.23,48.67,East Tennessee State Buccaneers
David Sloan,285.0,508.5,-2.58,88.18897637795276,90.76620825147347,88.19,90.94,47.24,95.47,9.45,29.33,0.0,0.0,13.39,32.87,0.0,9.84,4.92,17.91,20.67,46.26,East Tennessee State Buccaneers
Madani Diarra,120.0,231.5,-0.93,94.34782608695652,95.27896995708154,94.35,96.52,47.83,89.57,11.74,26.96,0.0,0.0,11.3,38.7,0.0,6.96,4.78,21.74,17.39,50.0,Eastern Illinois Panthers
Jordan Skipper-Brown,320.0,608.0,-3.83,95.02487562189054,98.85807504078304,95.02,100.5,49.25,94.2,8.96,27.53,0.0,0.0,14.59,31.51,0.0,9.95,5.47,20.4,20.56,46.1,Eastern Illinois Panthers
Josiah Wallace,520.0,977.0,-4.11,90.91847265221878,95.0253807106599,90.92,96.59,47.88,95.36,8.88,28.17,0.0,0.0,15.79,31.06,0.0,9.91,4.23,20.43,20.85,46.85,Eastern Illinois Panthers
Sammy Friday IV,485.0,954.5,-4.34,91.51643690349947,95.8592132505176,91.52,98.2,48.04,97.56,8.27,25.87,0.0,0.0,17.92,31.81,0.0,9.12,4.24,20.36,21.1,49.73,Eastern Illinois Panthers
Mack Smith,405.0,799.5,-5.7,89.60709759188846,95.30864197530863,89.61,97.85,47.02,97.72,8.62,29.02,0.0,0.0,16.98,31.56,0.0,9.63,4.31,19.26,21.67,48.54,Eastern Illinois Panthers
Marvin Johnson,765.0,1490.0,-6.09,89.93881713120327,96.02385685884693,89.94,98.5,46.7,95.72,9.11,28.48,0.0,0.0,15.5,31.61,0.0,9.31,4.15,19.78,20.67,47.11,Eastern Illinois Panthers
Barlow Alleruzzo IV,280.0,526.0,-7.29,83.36557059961315,90.65420560747664,83.37,93.81,42.94,96.32,9.48,32.69,0.0,0.0,14.7,32.3,0.0,9.09,3.29,18.38,19.92,47.0,Eastern Illinois Panthers
Henry Abraham,360.0,674.0,-8.43,87.63197586726999,96.05839416058394,87.63,99.25,44.04,95.48,9.35,30.17,0.0,0.0,14.63,34.39,0.0,7.99,3.17,19.16,19.16,49.02,Eastern Illinois Panthers
Kashawn Charles,205.0,413.0,-8.81,89.51219512195122,98.3173076923077,89.51,99.76,46.1,94.63,8.78,28.54,0.0,0.0,14.39,32.93,0.0,8.05,5.12,19.76,17.56,47.32,Eastern Illinois Panthers
George Dixon,285.0,572.5,-9.27,85.5379188712522,94.80968858131487,85.54,96.65,44.8,96.3,8.82,29.81,0.0,0.0,16.23,31.22,0.0,9.88,3.53,19.93,20.99,47.45,Eastern Illinois Panthers
Junior Farquhar,160.0,307.0,-11.85,76.89768976897689,88.7459807073955,76.9,91.09,40.92,94.39,8.25,30.03,0.0,0.0,18.15,33.33,0.0,12.21,3.63,23.76,20.79,51.48,Eastern Illinois Panthers
Deang Deang,120.0,214.5,-21.55,75.71428571428571,97.26027397260275,75.71,101.43,39.05,96.19,7.62,36.19,0.0,0.0,15.71,30.0,0.0,10.95,2.38,19.52,19.52,45.71,Eastern Illinois Panthers
Russhard Cruickshank,205.0,423.0,11.79,104.05727923627686,92.27166276346604,104.06,94.03,52.51,99.76,13.84,34.37,0.0,0.0,13.37,26.49,0.0,12.65,3.34,13.6,20.76,39.86,Eastern Kentucky Colonels
Brandon Knapper,45.0,87.0,8.81,82.14285714285714,73.33333333333333,82.14,78.57,41.67,113.1,7.14,38.1,0.0,0.0,21.43,34.52,0.0,7.14,7.14,8.33,16.67,55.95,Eastern Kentucky Colonels
Curt Lewis,690.0,1423.0,8.06,96.02555003548616,87.96102992345163,96.03,89.71,48.26,97.8,11.99,31.44,0.0,0.0,12.92,29.24,0.0,10.93,3.9,15.12,22.21,42.16,Eastern Kentucky Colonels
Wendell Green Jr.,775.0,1582.5,7.12,97.05882352941177,89.94378513429106,97.06,92.07,48.34,98.66,12.53,32.67,0.0,0.0,13.3,29.09,0.0,10.93,3.71,14.64,22.44,42.39,Eastern Kentucky Colonels
Cooper Robb,730.0,1495.5,6.97,97.9054054054054,90.93315684976837,97.91,92.84,48.72,97.84,12.84,32.36,0.0,0.0,12.84,28.78,0.0,11.15,3.51,15.0,22.77,41.62,Eastern Kentucky Colonels
Michael Moreno,815.0,1673.0,6.75,96.98249849124925,90.23090586145648,96.98,91.97,48.94,98.61,12.19,31.99,0.0,0.0,13.1,28.91,0.0,10.8,3.68,14.48,21.79,42.01,Eastern Kentucky Colonels
Cheikh Faye,40.0,87.5,4.9,76.66666666666667,71.76470588235294,76.67,67.78,42.22,91.11,5.56,22.22,0.0,0.0,11.11,30.0,0.0,17.78,7.78,20.0,17.78,41.11,Eastern Kentucky Colonels
Devontae Blanton,40.0,87.5,4.9,76.66666666666667,71.76470588235294,76.67,67.78,42.22,91.11,5.56,22.22,0.0,0.0,11.11,30.0,0.0,17.78,7.78,20.0,17.78,41.11,Eastern Kentucky Colonels
Tariq Balogun,40.0,87.5,4.9,76.66666666666667,71.76470588235294,76.67,67.78,42.22,91.11,5.56,22.22,0.0,0.0,11.11,30.0,0.0,17.78,7.78,20.0,17.78,41.11,Eastern Kentucky Colonels
Tre King,775.0,1587.5,4.05,94.79695431472082,90.74421513445904,94.8,92.07,48.22,98.6,11.55,31.28,0.0,0.0,13.07,29.31,0.0,10.6,3.81,14.47,21.45,42.38,Eastern Kentucky Colonels
JacQuess Hobbs,80.0,178.0,2.52,86.33879781420765,83.8150289017341,86.34,79.23,50.82,94.54,6.01,21.31,0.0,0.0,10.38,27.87,0.0,13.11,5.46,15.85,14.21,38.25,Eastern Kentucky Colonels
Peyton Broughton,40.0,90.5,0.24,95.6989247311828,95.45454545454545,95.7,90.32,59.14,97.85,6.45,20.43,0.0,0.0,9.68,25.81,0.0,8.6,3.23,11.83,10.75,35.49,Eastern Kentucky Colonels
Darion Spottsville,240.0,443.0,-10.61,90.9706546275395,101.58013544018058,90.97,101.58,47.86,97.74,10.38,27.09,0.0,0.0,11.29,29.57,0.0,10.84,2.48,13.54,17.83,40.86,Eastern Michigan Eagles
Noah Morgan,279.8,533.0,-12.44,89.27911275415896,101.71428571428571,89.28,98.71,47.5,99.08,9.8,30.13,0.0,0.0,13.31,31.42,0.0,8.5,3.14,14.23,19.59,44.73,Eastern Michigan Eagles
Bryce McBride,439.8,858.0,-15.16,88.3313885647608,103.49243306169964,88.33,103.73,47.37,98.72,9.45,30.69,0.0,0.0,14.59,29.52,0.0,8.87,2.92,15.87,22.17,44.11,Eastern Michigan Eagles
Ty Groce,559.8,1079.0,-16.41,87.19851576994434,103.61111111111111,87.2,103.8,46.75,97.22,9.18,29.31,0.0,0.0,12.99,29.22,0.0,9.46,2.5,15.77,20.96,42.21,Eastern Michigan Eagles
Yeikson Montero,559.8,1079.0,-16.41,87.19851576994434,103.61111111111111,87.2,103.8,46.75,97.22,9.18,29.31,0.0,0.0,12.99,29.22,0.0,9.46,2.5,15.77,20.96,42.21,Eastern Michigan Eagles
James Love III,80.0,155.0,-18.05,91.15646258503402,109.20245398773005,91.16,121.09,46.26,100.0,12.24,40.14,0.0,0.0,21.09,29.93,0.0,10.2,3.4,21.09,29.25,51.02,Eastern Michigan Eagles
Chris James,199.8,380.5,-20.65,81.43236074270557,102.08333333333333,81.43,103.98,43.77,92.57,7.96,27.85,0.0,0.0,11.14,30.5,0.0,10.61,1.33,18.57,20.42,41.64,Eastern Michigan Eagles
Drew Lowder,240.0,476.5,-20.74,86.22129436325679,106.9620253164557,86.22,105.85,46.97,97.7,8.56,30.06,0.0,0.0,13.15,27.35,0.0,8.35,2.71,15.45,22.13,40.5,Eastern Michigan Eagles
Miles Gibson,200.0,391.0,-21.01,82.82051282051283,103.8265306122449,82.82,104.36,45.9,93.59,7.18,24.1,0.0,0.0,9.49,25.9,0.0,10.51,1.28,15.9,19.74,35.39,Eastern Michigan Eagles
Casson Rouse,40.0,77.0,25.52,104.0,78.48101265822784,104.0,82.67,54.67,90.67,10.67,22.67,0.0,0.0,9.33,46.67,0.0,1.33,2.67,18.67,29.33,56.0,Eastern Washington Eagles
Jacob Groves,480.0,948.5,15.57,103.03347280334727,87.46014877789585,103.03,86.09,56.17,97.49,10.46,26.78,0.0,0.0,12.13,35.46,0.0,6.59,3.24,14.64,20.82,47.59,Eastern Washington Eagles
Jack Perry,160.0,294.5,15.53,94.35215946843853,78.81944444444444,94.35,75.42,51.5,96.35,9.3,29.24,0.0,0.0,12.62,38.54,0.0,6.98,3.99,16.28,20.93,51.16,Eastern Washington Eagles
Mike Meadows,560.0,1091.5,14.93,102.27066303360581,87.33826247689464,102.27,85.83,55.59,97.82,10.63,28.16,0.0,0.0,12.62,35.51,0.0,6.81,3.27,14.8,21.16,48.13,Eastern Washington Eagles
Kim Aiken Jr.,720.0,1417.5,12.98,101.54169586545198,88.5653409090909,101.54,87.39,54.94,97.83,10.72,28.59,0.0,0.0,12.4,35.46,0.0,6.38,3.36,14.58,22.21,47.86,Eastern Washington Eagles
Tanner Groves,720.0,1417.5,12.98,101.54169586545198,88.5653409090909,101.54,87.39,54.94,97.83,10.72,28.59,0.0,0.0,12.4,35.46,0.0,6.38,3.36,14.58,22.21,47.86,Eastern Washington Eagles
Ellis Magnuson,520.0,1046.0,11.4,103.42530922930541,92.0268972142171,103.43,91.15,55.95,98.76,11.13,28.83,0.0,0.0,12.56,33.78,0.0,6.57,3.24,13.8,22.07,46.34,Eastern Washington Eagles
Jacob Davison,240.0,469.0,7.72,98.51380042462846,90.79229122055675,98.51,90.02,52.44,98.51,11.25,32.27,0.0,0.0,12.95,35.46,0.0,5.94,3.61,14.44,25.05,48.41,Eastern Washington Eagles
Tyler Robertson,160.0,326.0,6.44,99.079754601227,92.63803680981594,99.08,92.64,52.76,97.85,11.04,30.06,0.0,0.0,11.66,35.28,0.0,4.91,3.68,13.8,25.77,46.94,Eastern Washington Eagles
Chuck Hannah,396.7,701.0,13.86,98.23269513991163,84.37067773167358,98.23,89.84,48.16,100.15,12.67,37.26,0.0,0.0,14.43,39.91,0.0,8.84,2.65,14.29,25.04,54.34,Elon Phoenix
Simon Wright,400.0,700.5,13.31,99.55947136563876,86.25,99.56,91.19,48.46,100.44,12.78,36.56,0.0,0.0,14.68,36.56,0.0,10.13,2.5,14.24,25.26,51.24,Elon Phoenix
Darius Burford,440.0,792.0,10.45,95.58441558441558,85.13513513513513,95.58,90.0,47.01,99.87,13.12,38.57,0.0,0.0,15.19,38.96,0.0,8.31,4.03,15.32,25.84,54.15,Elon Phoenix
Hunter McIntosh,596.7,1076.5,3.5,90.7442748091603,87.23981900452489,90.74,91.98,45.13,98.38,11.83,36.55,0.0,0.0,14.03,37.98,0.0,8.11,3.24,15.65,26.24,52.01,Elon Phoenix
Ikenna Ndugba,596.7,1076.5,3.5,90.7442748091603,87.23981900452489,90.74,91.98,45.13,98.38,11.83,36.55,0.0,0.0,14.03,37.98,0.0,8.11,3.24,15.65,26.24,52.01,Elon Phoenix
Kris Wooten,76.7,142.5,-14.52,73.91304347826086,88.43537414965986,73.91,94.2,39.13,93.48,7.97,32.61,0.0,0.0,10.14,43.48,0.0,4.35,1.45,16.67,26.81,53.62,Elon Phoenix
Hunter Woods,276.7,518.0,-15.36,76.13412228796844,91.49338374291115,76.13,95.46,39.45,94.67,9.66,34.52,0.0,0.0,12.43,36.88,0.0,6.11,3.55,17.75,28.01,49.31,Elon Phoenix
Federico Poser,200.0,375.5,-15.71,76.96476964769647,92.67015706806284,76.96,95.93,39.57,95.12,10.3,35.23,0.0,0.0,13.28,34.42,0.0,6.78,4.34,18.16,28.46,47.7,Elon Phoenix
Evan Kuhlman,717.5,1241.5,-1.02,95.89490968801314,96.91699604743083,95.89,100.66,47.13,93.19,14.12,37.19,0.0,0.0,8.37,29.39,0.0,7.8,2.79,15.19,20.85,37.76,Evansville Purple Aces
Jawaun Newton,757.5,1302.0,-1.59,95.84639498432603,97.43975903614458,95.85,101.41,46.71,92.79,14.34,37.46,0.0,0.0,8.46,29.55,0.0,7.6,2.9,15.67,21.16,38.01,Evansville Purple Aces
Jax Levitch,757.5,1302.0,-1.59,95.84639498432603,97.43975903614458,95.85,101.41,46.71,92.79,14.34,37.46,0.0,0.0,8.46,29.55,0.0,7.6,2.9,15.67,21.16,38.01,Evansville Purple Aces
Noah Frederking,757.5,1302.0,-1.59,95.84639498432603,97.43975903614458,95.85,101.41,46.71,92.79,14.34,37.46,0.0,0.0,8.46,29.55,0.0,7.6,2.9,15.67,21.16,38.01,Evansville Purple Aces
Shamar Givance,757.5,1302.0,-1.59,95.84639498432603,97.43975903614458,95.85,101.41,46.71,92.79,14.34,37.46,0.0,0.0,8.46,29.55,0.0,7.6,2.9,15.67,21.16,38.01,Evansville Purple Aces
Iyen Enaruna,40.0,60.5,-13.11,94.82758620689656,107.93650793650794,94.83,117.24,37.93,84.48,18.97,43.1,0.0,0.0,10.34,32.76,0.0,3.45,5.17,25.86,27.59,43.1,Evansville Purple Aces
Jalen Leach,40.0,76.5,16.56,85.8974358974359,69.33333333333334,85.9,66.67,50.0,97.44,6.41,23.08,0.0,0.0,15.38,33.33,0.0,8.97,6.41,17.95,20.51,48.71,Fairfield Stags
Jason Edokpayi,205.0,358.5,5.88,89.07103825136612,83.1908831908832,89.07,79.78,50.55,100.55,9.56,27.05,0.0,0.0,15.03,36.89,0.0,6.83,3.55,14.48,22.68,51.92,Fairfield Stags
Chris Maidoh,360.0,650.0,-3.8,85.0381679389313,88.83720930232558,85.04,87.48,47.79,96.64,7.48,22.6,0.0,0.0,13.74,33.44,0.0,6.11,3.21,17.1,25.19,47.18,Fairfield Stags
Zach Crisler,765.0,1356.5,-4.79,86.09898107714702,90.88872292755788,86.1,88.57,47.82,98.33,8.88,26.27,0.0,0.0,14.99,33.7,0.0,6.48,2.84,16.67,24.6,48.69,Fairfield Stags
Jake Wojcik,805.0,1429.0,-5.4,85.39792387543253,90.79971691436658,85.4,88.79,47.34,98.41,9.0,27.06,0.0,0.0,15.02,34.12,0.0,6.37,2.84,16.61,24.57,49.14,Fairfield Stags
Caleb Green,885.0,1576.5,-6.09,84.14786967418546,90.23763648041104,84.15,88.03,46.8,97.81,8.71,26.63,0.0,0.0,14.91,34.21,0.0,6.52,3.01,17.11,24.44,49.12,Fairfield Stags
Taj Benning,885.0,1576.5,-6.09,84.14786967418546,90.23763648041104,84.15,88.03,46.8,97.81,8.71,26.63,0.0,0.0,14.91,34.21,0.0,6.52,3.01,17.11,24.44,49.12,Fairfield Stags
Supreme Cook,200.0,366.0,-15.3,76.775956284153,92.07650273224044,76.78,92.08,41.8,96.45,9.56,30.87,0.0,0.0,15.3,34.15,0.0,6.83,2.73,18.85,25.68,49.45,Fairfield Stags
Jesus Cruz,240.0,422.0,-16.02,78.65429234338747,94.67312348668281,78.65,90.72,43.16,96.75,8.58,29.93,0.0,0.0,16.01,34.8,0.0,6.73,3.02,19.26,23.2,50.81,Fairfield Stags
Tshiefu Ngalakulondi,40.0,71.0,-43.92,57.534246575342465,101.44927536231884,57.53,95.89,32.88,86.3,5.48,21.92,0.0,0.0,12.33,36.99,0.0,6.85,2.74,26.03,26.03,49.32,Fairfield Stags
Brandon Powell,489.8,976.5,2.69,95.36082474226805,92.67548321464903,95.36,93.92,52.06,97.01,9.79,26.91,0.0,0.0,14.02,31.44,0.0,9.59,5.15,17.01,22.78,45.46,Fairleigh Dickinson Knights
Pier-Olivier Racine,400.0,818.5,2.5,98.14814814814815,95.64691656590084,98.15,97.65,52.84,96.42,11.11,29.51,0.0,0.0,13.83,31.36,0.0,9.38,5.31,17.41,21.98,45.19,Fairleigh Dickinson Knights
Elyjah Williams,649.8,1307.5,1.11,97.53846153846155,96.425855513308,97.54,97.54,52.62,98.38,10.85,28.38,0.0,0.0,15.31,30.85,0.0,9.23,4.92,16.92,23.08,46.16,Fairleigh Dickinson Knights
Jahlil Jenkins,729.4,1459.5,0.28,95.92822636300897,95.64625850340136,95.93,97.03,51.69,98.27,10.63,27.88,0.0,0.0,15.11,30.99,0.0,9.32,4.69,16.84,22.91,46.1,Fairleigh Dickinson Knights
Brandon Rush,689.4,1376.0,0.18,96.34769905040176,96.16775126536515,96.35,97.15,52.01,98.61,10.59,28.12,0.0,0.0,15.41,30.83,0.0,9.35,4.82,16.8,22.86,46.24,Fairleigh Dickinson Knights
John Mikey Square,244.4,491.0,-0.9,94.04517453798768,94.94949494949495,94.05,96.51,50.51,101.03,10.47,25.67,0.0,0.0,18.07,29.98,0.0,9.45,4.72,17.04,24.02,48.05,Fairleigh Dickinson Knights
Callum Baker,159.6,318.5,-3.25,91.13924050632912,94.39252336448598,91.14,95.89,50.32,99.37,9.18,25.0,0.0,0.0,15.51,31.96,0.0,9.49,2.22,16.14,22.78,47.47,Fairleigh Dickinson Knights
Joe Munden Jr.,245.0,481.5,-4.2,96.0,100.20491803278688,96.0,102.95,49.26,98.53,12.84,29.89,0.0,0.0,14.53,30.74,0.0,8.21,3.58,16.0,24.0,45.27,Fairleigh Dickinson Knights
Daniel Rodriguez,39.6,68.5,-17.26,73.91304347826086,91.17647058823529,73.91,89.86,40.58,102.9,5.8,23.19,0.0,0.0,17.39,30.43,0.0,11.59,2.9,14.49,18.84,47.82,Fairleigh Dickinson Knights
Johnny Brown,40.0,80.5,22.35,91.02564102564102,68.67469879518072,91.03,73.08,50.0,110.26,3.85,17.95,0.0,0.0,29.49,43.59,0.0,5.13,5.13,19.23,23.08,73.08,Florida A&M Rattlers
MJ Randolph,200.0,381.0,10.22,88.17204301075269,77.94871794871796,88.17,81.72,47.58,92.2,7.26,22.04,0.0,0.0,12.9,36.56,0.0,7.53,1.88,20.7,27.69,49.46,Florida A&M Rattlers
Bryce Moragne,279.8,543.0,9.58,86.95652173913044,77.37881508078995,86.96,81.47,47.26,95.27,6.62,20.98,0.0,0.0,16.82,36.29,0.0,7.75,3.59,21.55,27.98,53.11,Florida A&M Rattlers
DJ Jones,279.8,543.0,9.58,86.95652173913044,77.37881508078995,86.96,81.47,47.26,95.27,6.62,20.98,0.0,0.0,16.82,36.29,0.0,7.75,3.59,21.55,27.98,53.11,Florida A&M Rattlers
Jalen Speer,279.8,543.0,9.58,86.95652173913044,77.37881508078995,86.96,81.47,47.26,95.27,6.62,20.98,0.0,0.0,16.82,36.29,0.0,7.75,3.59,21.55,27.98,53.11,Florida A&M Rattlers
Kamron Reaves,279.8,543.0,9.58,86.95652173913044,77.37881508078995,86.96,81.47,47.26,95.27,6.62,20.98,0.0,0.0,16.82,36.29,0.0,7.75,3.59,21.55,27.98,53.11,Florida A&M Rattlers
Evins Desir,39.8,81.5,-6.12,77.21518987341773,83.33333333333334,77.22,88.61,43.04,94.94,6.33,18.99,0.0,0.0,22.78,27.85,0.0,11.39,10.13,27.85,34.18,50.63,Florida A&M Rattlers
Everett Winchester,280.0,559.0,9.25,90.50179211469535,81.25,90.5,81.54,47.67,95.34,11.29,30.11,0.0,0.0,15.05,36.92,0.0,10.22,2.51,19.71,23.48,51.97,Florida Atlantic Owls
Bryan Greenlee,564.5,1105.5,9.08,93.80692167577413,84.72596585804133,93.81,85.88,48.63,96.45,11.75,31.24,0.0,0.0,16.21,36.7,0.0,8.01,3.28,19.76,23.86,52.91,Florida Atlantic Owls
Karlis Silins,564.5,1105.5,9.08,93.80692167577413,84.72596585804133,93.81,85.88,48.63,96.45,11.75,31.24,0.0,0.0,16.21,36.7,0.0,8.01,3.28,19.76,23.86,52.91,Florida Atlantic Owls
Kenan Blackshear,564.5,1105.5,9.08,93.80692167577413,84.72596585804133,93.81,85.88,48.63,96.45,11.75,31.24,0.0,0.0,16.21,36.7,0.0,8.01,3.28,19.76,23.86,52.91,Florida Atlantic Owls
Michael Forrest,564.5,1105.5,9.08,93.80692167577413,84.72596585804133,93.81,85.88,48.63,96.45,11.75,31.24,0.0,0.0,16.21,36.7,0.0,8.01,3.28,19.76,23.86,52.91,Florida Atlantic Owls
Jailyn Ingram,284.5,546.5,8.98,97.22222222222221,88.24593128390596,97.22,90.37,49.63,97.59,12.22,32.41,0.0,0.0,17.41,36.48,0.0,5.74,4.07,19.81,24.26,53.89,Florida Atlantic Owls
Anthony Duruji,560.0,1091.5,5.91,92.98892988929889,87.07916287534123,92.99,88.28,51.66,94.74,7.66,23.34,0.0,0.0,13.65,32.56,0.0,9.23,6.27,18.91,22.05,46.21,Florida Gators
Samson Ruzhentsev,40.0,73.0,5.74,93.24324324324324,87.5,93.24,85.14,51.35,95.95,8.11,25.68,0.0,0.0,12.16,39.19,0.0,5.41,2.7,16.22,18.92,51.35,Florida Gators
Noah Locke,640.0,1250.5,5.72,93.32260659694288,87.5993640699523,93.32,88.66,51.65,95.01,8.13,24.54,0.0,0.0,13.68,32.58,0.0,9.33,6.92,18.66,22.69,46.26,Florida Gators
Tre Mann,640.0,1252.0,5.54,93.80530973451327,88.26328310864393,93.81,89.54,51.49,95.33,8.61,25.1,0.0,0.0,14.0,32.34,0.0,8.93,7.0,18.66,22.53,46.34,Florida Gators
Omar Payne,280.0,556.0,5.0,92.54545454545455,87.54448398576513,92.55,89.45,49.82,95.82,9.09,27.82,0.0,0.0,15.45,32.91,0.0,10.18,8.55,19.64,23.82,48.36,Florida Gators
Tyree Appleby,560.0,1083.5,2.25,90.61338289962825,88.35930339138405,90.61,89.59,49.54,94.61,8.55,24.91,0.0,0.0,14.03,31.69,0.0,9.48,7.16,19.42,21.93,45.72,Florida Gators
Colin Castleton,520.0,998.5,1.66,92.26907630522089,90.6093906093906,92.27,91.06,50.8,94.98,8.73,24.5,0.0,0.0,13.35,31.12,0.0,8.43,6.53,18.37,21.89,44.47,Florida Gators
Scottie Lewis,160.0,310.0,-1.98,91.9093851132686,93.89067524115757,91.91,94.5,50.81,95.47,7.77,22.98,0.0,0.0,14.56,28.8,0.0,8.74,5.83,19.09,22.65,43.36,Florida Gators
Franco Miller Jr.,80.0,162.0,19.96,93.37349397590361,73.41772151898735,93.37,69.88,50.0,100.6,10.24,33.13,0.0,0.0,13.25,43.98,0.0,9.04,7.23,12.65,14.46,57.23,Florida Gulf Coast Eagles
Caleb Catto,400.0,802.0,-2.09,86.2453531598513,88.33124215809285,86.25,87.24,45.11,97.65,9.42,33.46,0.0,0.0,14.0,33.95,0.0,7.81,6.07,16.36,19.83,47.95,Florida Gulf Coast Eagles
Cyrus Largie,400.0,802.0,-2.09,86.2453531598513,88.33124215809285,86.25,87.24,45.11,97.65,9.42,33.46,0.0,0.0,14.0,33.95,0.0,7.81,6.07,16.36,19.83,47.95,Florida Gulf Coast Eagles
Eli Abaev,400.0,802.0,-2.09,86.2453531598513,88.33124215809285,86.25,87.24,45.11,97.65,9.42,33.46,0.0,0.0,14.0,33.95,0.0,7.81,6.07,16.36,19.83,47.95,Florida Gulf Coast Eagles
Jalen Warren,400.0,802.0,-2.09,86.2453531598513,88.33124215809285,86.25,87.24,45.11,97.65,9.42,33.46,0.0,0.0,14.0,33.95,0.0,7.81,6.07,16.36,19.83,47.95,Florida Gulf Coast Eagles
Dakota Rivers,160.0,312.5,-3.96,85.20900321543408,89.171974522293,85.21,90.03,44.69,102.25,9.0,37.3,0.0,0.0,17.36,32.8,0.0,6.43,7.07,15.11,21.22,50.16,Florida Gulf Coast Eagles
Luis Rolon,160.0,327.5,-11.13,83.63636363636363,94.76923076923077,83.64,93.33,43.03,91.82,9.39,30.0,0.0,0.0,11.21,30.0,0.0,8.48,4.55,19.39,21.21,41.21,Florida Gulf Coast Eagles
Radshad Davis,319.9,615.0,-4.23,89.55223880597015,93.77990430622009,89.55,97.51,43.45,95.69,12.6,39.3,0.0,0.0,14.59,28.03,0.0,10.12,6.14,18.91,20.73,42.62,Florida International Panthers
Javaunte Hawkins,124.3,227.0,-6.73,83.78378378378379,90.51724137931035,83.78,94.59,40.99,97.3,12.16,41.44,0.0,0.0,14.41,31.98,0.0,12.16,4.05,17.12,25.23,46.39,Florida International Panthers
Anthony Mason,39.3,79.5,-8.34,86.8421052631579,95.18072289156626,86.84,103.95,36.84,89.47,15.79,46.05,0.0,0.0,13.16,35.53,0.0,11.84,2.63,23.68,25.0,48.69,Florida International Panthers
Eric Lovett,525.0,1003.5,-9.13,85.11722731906218,94.24951267056531,85.12,98.57,42.81,94.9,10.81,37.41,0.0,0.0,15.19,28.75,0.0,9.99,5.4,20.29,22.43,43.94,Florida International Panthers
Antonio Daye,479.9,949.5,-10.43,87.40581270182992,97.83505154639175,87.41,102.15,44.67,93.86,10.76,35.09,0.0,0.0,14.32,28.09,0.0,8.5,4.52,20.45,22.28,42.41,Florida International Panthers
Tevin Brewer,684.2,1326.5,-11.18,86.10038610038609,97.27540500736377,86.1,102.01,43.09,94.59,11.27,37.22,0.0,0.0,14.44,28.57,0.0,9.19,4.94,19.85,22.63,43.01,Florida International Panthers
Dimon Carrigan,644.9,1247.0,-11.36,86.05414273995078,97.41176470588235,86.05,101.89,43.48,94.91,10.99,36.67,0.0,0.0,14.52,28.14,0.0,9.02,5.09,19.61,22.48,42.66,Florida International Panthers
Bernie Andre,79.3,155.5,-12.35,92.0,104.34782608695652,92.0,112.0,41.33,91.33,15.33,46.67,0.0,0.0,14.0,33.33,0.0,8.0,2.0,22.67,22.67,47.33,Florida International Panthers
Isaiah Banks,160.0,308.5,-14.22,82.99319727891157,97.21362229102168,82.99,106.8,39.12,94.22,12.59,39.8,0.0,0.0,15.65,30.27,0.0,9.52,5.44,21.43,24.83,45.92,Florida International Panthers
Jonathan Nunez,324.2,628.0,-17.28,85.83061889250814,103.11526479750779,85.83,107.82,43.97,94.95,10.75,35.5,0.0,0.0,14.01,27.2,0.0,7.82,4.89,19.06,22.96,41.21,Florida International Panthers
Petar Krivokapic,40.0,92.5,-44.42,68.47826086956522,112.90322580645163,68.48,114.13,42.39,89.13,3.26,20.65,0.0,0.0,6.52,22.83,0.0,4.35,2.17,17.39,25.0,29.35,Florida International Panthers
Harrison Prieto,40.0,85.0,36.3,110.71428571428572,74.4186046511628,110.71,76.19,53.57,89.29,15.48,32.14,0.0,0.0,9.52,32.14,0.0,10.71,9.52,20.24,19.05,41.66,Florida State Seminoles
Justin Lindner,40.0,85.0,36.3,110.71428571428572,74.4186046511628,110.71,76.19,53.57,89.29,15.48,32.14,0.0,0.0,9.52,32.14,0.0,10.71,9.52,20.24,19.05,41.66,Florida State Seminoles
Travis Light,40.0,85.0,36.3,110.71428571428572,74.4186046511628,110.71,76.19,53.57,89.29,15.48,32.14,0.0,0.0,9.52,32.14,0.0,10.71,9.52,20.24,19.05,41.66,Florida State Seminoles
Will Miles,40.0,85.0,36.3,110.71428571428572,74.4186046511628,110.71,76.19,53.57,89.29,15.48,32.14,0.0,0.0,9.52,32.14,0.0,10.71,9.52,20.24,19.05,41.66,Florida State Seminoles
Malik Osborne,165.0,320.5,16.53,106.25,89.7196261682243,106.25,90.0,57.19,102.19,11.88,27.5,0.0,0.0,14.37,35.0,0.0,7.5,7.19,12.19,18.75,49.37,Florida State Seminoles
Wyatt Wilkes,365.0,719.0,14.41,100.4231311706629,86.0082304526749,100.42,88.43,53.46,100.56,10.3,26.23,0.0,0.0,17.07,33.43,0.0,9.59,6.63,16.5,22.57,50.5,Florida State Seminoles
RayQuan Evans,605.0,1213.0,13.63,100.66722268557132,87.04156479217605,100.67,89.07,53.79,96.41,10.43,24.94,0.0,0.0,14.68,32.44,0.0,9.17,6.76,18.27,22.77,47.12,Florida State Seminoles
RaiQuan Gray,645.0,1284.5,11.18,98.89502762430939,87.71121351766513,98.9,90.13,52.88,96.13,10.18,25.34,0.0,0.0,14.44,32.44,0.0,9.08,6.31,18.31,23.36,46.88,Florida State Seminoles
Anthony Polite,320.0,642.0,9.94,99.68304278922345,89.73966309341502,99.68,92.87,52.77,92.08,10.3,25.36,0.0,0.0,12.04,32.49,0.0,8.24,6.5,19.97,23.61,44.53,Florida State Seminoles
MJ Walker,605.0,1208.0,9.93,97.571189279732,87.64320785597381,97.57,89.7,52.6,95.64,10.05,24.79,0.0,0.0,14.15,31.83,0.0,9.21,6.03,18.51,23.7,45.98,Florida State Seminoles
Balsa Koprivica,480.0,964.0,9.36,96.40971488912355,87.05402650356778,96.41,90.18,51.43,94.09,9.61,24.6,0.0,0.0,14.47,31.57,0.0,9.61,6.02,20.38,24.92,46.04,Florida State Seminoles
Scottie Barnes,80.0,156.5,5.73,91.44736842105263,85.71428571428571,91.45,90.79,46.05,90.13,11.18,32.24,0.0,0.0,9.87,32.24,0.0,9.21,4.61,19.74,25.66,42.11,Florida State Seminoles
Kyle Harding,80.0,155.0,13.38,99.375,86.0,99.38,80.62,51.25,108.75,12.5,34.38,0.0,0.0,23.75,33.12,0.0,7.5,6.88,15.0,15.0,56.87,Fresno State Bulldogs
Leo Colimerio,45.0,84.5,1.48,75.29411764705883,73.80952380952381,75.29,72.94,38.82,95.29,11.76,35.29,0.0,0.0,15.29,32.94,0.0,12.94,0.0,20.0,25.88,48.23,Fresno State Bulldogs
Devin Gage,119.9,231.5,-0.98,90.43478260869566,91.41630901287554,90.43,92.61,50.0,93.91,6.52,24.35,0.0,0.0,15.65,34.35,0.0,8.26,5.65,21.74,27.39,50.0,Fresno State Bulldogs
Anthony Holland,764.9,1421.5,-1.91,88.10696692470091,90.014064697609,88.11,90.08,47.92,97.26,9.5,28.71,0.0,0.0,16.33,32.44,0.0,8.16,3.73,19.07,24.42,48.77,Fresno State Bulldogs
Isaiah Hill,804.9,1506.0,-2.76,87.20159151193634,89.96010638297872,87.2,89.72,47.88,96.62,9.28,27.45,0.0,0.0,15.38,32.43,0.0,8.16,3.58,18.77,24.2,47.81,Fresno State Bulldogs
Orlando Robinson,844.9,1582.0,-3.9,86.41819330385344,90.32258064516128,86.42,90.21,47.44,96.34,9.1,27.61,0.0,0.0,15.6,32.34,0.0,8.15,3.47,19.27,24.26,47.94,Fresno State Bulldogs
Junior Ballard,724.9,1340.0,-4.88,85.75712143928035,90.63893016344726,85.76,91.45,47.08,95.28,8.85,27.44,0.0,0.0,14.99,32.53,0.0,8.25,3.3,19.72,25.41,47.52,Fresno State Bulldogs
Deon Stroud,520.0,954.0,-5.3,86.50627615062761,91.80672268907563,86.51,91.42,48.33,95.19,9.41,26.46,0.0,0.0,14.33,31.9,0.0,7.95,2.82,19.14,24.37,46.23,Fresno State Bulldogs
Christian Gray,240.0,475.0,-10.05,81.30252100840336,91.35021097046413,81.3,90.97,44.33,97.9,8.19,28.78,0.0,0.0,17.86,31.09,0.0,7.56,3.36,19.96,22.27,48.95,Fresno State Bulldogs
Jordan Campbell,80.0,160.5,-21.48,71.60493827160494,93.08176100628931,71.6,91.36,43.21,88.27,5.56,17.9,0.0,0.0,9.26,31.48,0.0,8.02,1.23,20.99,22.84,40.74,Fresno State Bulldogs
Colin Kenney,80.0,150.5,22.51,95.23809523809523,72.72727272727273,95.24,76.19,46.26,89.12,10.2,34.01,0.0,0.0,8.84,47.62,0.0,8.16,11.56,19.73,19.05,56.46,Furman Paladins
Garrett Hien,200.0,375.0,17.05,97.83783783783784,80.78947368421052,97.84,82.97,48.92,94.86,12.97,39.46,0.0,0.0,12.7,36.76,0.0,8.38,5.14,17.84,21.62,49.46,Furman Paladins
Alex Hunter,644.9,1206.0,8.06,100.50209205020921,92.4404272801972,100.5,94.14,50.04,97.15,12.38,37.32,0.0,0.0,13.05,33.22,0.0,10.13,4.52,15.9,20.84,46.27,Furman Paladins
Mike Bothwell,644.9,1206.0,8.06,100.50209205020921,92.4404272801972,100.5,94.14,50.04,97.15,12.38,37.32,0.0,0.0,13.05,33.22,0.0,10.13,4.52,15.9,20.84,46.27,Furman Paladins
Noah Gurley,644.9,1206.0,8.06,100.50209205020921,92.4404272801972,100.5,94.14,50.04,97.15,12.38,37.32,0.0,0.0,13.05,33.22,0.0,10.13,4.52,15.9,20.84,46.27,Furman Paladins
Joe Anderson,40.0,72.5,6.91,102.73972602739727,95.83333333333334,102.74,94.52,49.32,91.78,12.33,28.77,0.0,0.0,8.22,39.73,0.0,8.22,5.48,16.44,17.81,47.95,Furman Paladins
Clay Mounce,604.9,1126.5,6.54,101.3416815742397,94.80176211453745,101.34,96.24,50.45,97.85,12.61,37.84,0.0,0.0,13.24,32.11,0.0,10.29,4.11,15.38,20.93,45.35,Furman Paladins
Jalen Slawson,319.9,604.5,3.29,100.66889632107024,97.38134206219313,100.67,99.5,50.67,99.83,11.87,37.63,0.0,0.0,15.22,29.26,0.0,11.87,3.51,15.38,21.57,44.48,Furman Paladins
Jaylon Pugh,45.0,83.0,-3.83,107.14285714285714,110.97560975609757,107.14,108.33,52.38,97.62,14.29,32.14,0.0,0.0,8.33,29.76,0.0,8.33,1.19,10.71,16.67,38.09,Furman Paladins
Sammy Itodo,40.0,79.5,20.09,107.59493670886076,87.5,107.59,88.61,60.76,102.53,8.86,22.78,0.0,0.0,12.66,34.18,0.0,2.53,8.86,10.13,25.32,46.84,Gardner-Webb Runnin' Bulldogs
D'Maurian Williams,200.0,333.5,14.78,100.62305295950156,85.83815028901735,100.62,92.52,49.84,97.82,12.46,35.2,0.0,0.0,12.46,38.32,0.0,9.66,7.48,14.64,26.79,50.78,Gardner-Webb Runnin' Bulldogs
Jamaine Mann,400.0,727.0,11.21,96.105702364395,84.89795918367346,96.11,86.79,51.6,98.19,10.85,30.74,0.0,0.0,12.66,34.21,0.0,8.62,6.4,14.46,25.03,46.87,Gardner-Webb Runnin' Bulldogs
Jordan Sears,520.0,990.0,7.29,96.44308943089432,89.1566265060241,96.44,90.24,50.51,97.66,11.99,31.81,0.0,0.0,12.91,31.3,0.0,8.23,6.71,15.24,24.19,44.21,Gardner-Webb Runnin' Bulldogs
Jacob Falko,840.0,1578.5,6.91,95.1953875720692,88.28320802005013,95.2,90.26,49.58,98.01,11.79,32.8,0.0,0.0,12.88,33.18,0.0,8.26,6.6,14.86,24.86,46.06,Gardner-Webb Runnin' Bulldogs
Jaheam Cornwall,840.0,1578.5,6.91,95.1953875720692,88.28320802005013,95.2,90.26,49.58,98.01,11.79,32.8,0.0,0.0,12.88,33.18,0.0,8.26,6.6,14.86,24.86,46.06,Gardner-Webb Runnin' Bulldogs
Kareem Reid,760.0,1431.0,6.87,94.63276836158192,87.75933609958506,94.63,89.62,49.22,98.31,11.94,32.98,0.0,0.0,13.28,32.63,0.0,8.83,6.36,14.97,24.86,45.91,Gardner-Webb Runnin' Bulldogs
Ludovic Dufeal,440.0,851.5,3.24,94.41805225653206,91.17305458768872,94.42,93.23,47.86,97.86,12.59,34.56,0.0,0.0,13.06,32.3,0.0,7.96,6.77,15.2,24.7,45.36,Gardner-Webb Runnin' Bulldogs
Anthony Selden,120.0,235.0,-0.36,89.17748917748918,89.5397489539749,89.18,92.64,44.59,93.51,12.12,35.5,0.0,0.0,9.09,37.66,0.0,5.19,6.49,15.58,25.11,46.75,Gardner-Webb Runnin' Bulldogs
Lance Terry,40.0,88.0,-18.29,75.82417582417582,94.11764705882352,75.82,87.91,47.25,105.49,6.59,34.07,0.0,0.0,17.58,31.87,0.0,7.69,4.4,12.09,24.18,49.45,Gardner-Webb Runnin' Bulldogs
Greg Calixte,40.0,72.0,45.86,121.91780821917808,76.05633802816901,121.92,73.97,60.27,106.85,15.07,30.14,0.0,0.0,16.44,39.73,0.0,10.96,5.48,9.59,20.55,56.17,George Mason Patriots
Jamal Hartwell II,245.0,461.0,10.56,96.7741935483871,86.2144420131291,96.77,84.73,52.47,103.87,9.68,26.45,0.0,0.0,17.85,35.7,0.0,10.11,5.38,13.98,20.22,53.55,George Mason Patriots
Javon Greene,585.0,1109.5,3.56,92.5925925925926,89.02877697841727,92.59,89.43,49.32,101.81,9.03,26.2,0.0,0.0,17.62,35.86,0.0,8.94,5.69,15.81,20.23,53.48,George Mason Patriots
A.J. Wilson,665.0,1253.0,1.68,91.85953711093376,90.18355945730248,91.86,90.18,48.92,101.04,9.1,26.18,0.0,0.0,17.08,35.2,0.0,8.78,5.43,16.04,20.11,52.28,George Mason Patriots
Jordan Miller,615.0,1145.5,1.35,92.1602787456446,90.81364829396325,92.16,90.42,48.69,101.22,9.32,27.18,0.0,0.0,17.16,35.19,0.0,8.62,5.23,15.94,18.99,52.35,George Mason Patriots
Tyler Kolek,625.0,1181.0,-1.03,90.0,91.0321489001692,90.0,91.19,48.22,100.68,8.73,25.93,0.0,0.0,17.12,34.92,0.0,8.64,5.42,16.44,20.08,52.04,George Mason Patriots
Josh Oduro,420.0,792.0,-3.5,88.95939086294416,92.46231155778895,88.96,93.4,46.83,99.37,8.76,26.02,0.0,0.0,16.62,34.9,0.0,7.99,5.46,17.26,20.05,51.52,George Mason Patriots
Xavier Johnson,130.0,251.0,-5.18,87.25099601593625,92.43027888446214,87.25,92.43,48.21,96.81,8.37,21.51,0.0,0.0,14.34,32.27,0.0,8.76,5.18,17.53,24.7,46.61,George Mason Patriots
Matthew Moyer,200.0,391.5,-3.99,85.64231738035264,89.63730569948186,85.64,87.15,48.11,95.72,7.81,23.68,0.0,0.0,12.59,31.99,0.0,7.56,4.79,16.88,23.43,44.58,George Washington Colonials
Chase Paar,280.0,530.5,-5.4,83.48794063079778,88.88888888888889,83.49,86.09,46.38,95.55,7.79,25.23,0.0,0.0,11.32,33.95,0.0,7.79,3.9,15.77,21.34,45.27,George Washington Colonials
Lincoln Ball,320.0,594.0,-5.82,86.24161073825503,92.0608108108108,86.24,91.44,47.82,95.81,7.89,24.5,0.0,0.0,12.75,35.23,0.0,8.56,4.03,16.95,19.97,47.98,George Washington Colonials
Jamison Battle,320.0,572.0,-7.9,86.11111111111111,94.01408450704226,86.11,92.71,47.22,97.22,7.99,25.35,0.0,0.0,12.33,36.63,0.0,7.12,3.3,15.1,19.79,48.96,George Washington Colonials
James Bishop IV,400.0,740.5,-9.87,83.71161548731642,93.5792349726776,83.71,91.46,46.73,95.59,7.48,24.03,0.0,0.0,11.75,34.58,0.0,7.74,3.6,16.15,20.29,46.33,George Washington Colonials
Ricky Lindo Jr.,280.0,517.5,-16.46,79.61904761904762,96.07843137254902,79.62,93.33,45.14,93.71,6.67,22.86,0.0,0.0,10.48,34.29,0.0,8.57,3.05,16.76,18.48,44.77,George Washington Colonials
Hunter Dean,160.0,285.5,-21.29,82.22996515679442,103.52112676056338,82.23,102.44,46.34,95.82,6.62,20.56,0.0,0.0,11.5,36.24,0.0,6.97,2.44,15.68,18.12,47.74,George Washington Colonials
Tyler Brelsford,40.0,71.0,-30.46,71.05263157894737,101.51515151515152,71.05,88.16,42.11,93.42,5.26,25.0,0.0,0.0,7.89,27.63,0.0,3.95,2.63,14.47,23.68,35.52,George Washington Colonials
Timothy Ighoefe,40.0,71.5,2.82,102.8169014084507,100.0,102.82,101.41,57.75,116.9,8.45,32.39,0.0,0.0,26.76,42.25,0.0,4.23,5.63,9.86,21.13,69.01,Georgetown Hoyas
Chudier Bile,520.0,999.5,1.11,90.54187192118228,89.43089430894308,90.54,86.7,50.15,95.86,10.25,26.4,0.0,0.0,15.67,33.89,0.0,8.97,4.43,19.8,18.92,49.56,Georgetown Hoyas
Donald Carey,565.0,1089.5,-0.57,90.40219378427788,90.96774193548387,90.4,90.22,49.45,98.72,9.87,27.06,0.0,0.0,16.0,36.75,0.0,7.04,4.84,17.28,20.2,52.75,Georgetown Hoyas
Dante Harris,765.0,1488.0,-0.64,90.24064171122996,90.87837837837837,90.24,89.91,49.4,96.99,10.16,26.87,0.0,0.0,15.98,34.96,0.0,8.36,4.75,18.98,19.59,50.94,Georgetown Hoyas
Jamorko Pickett,805.0,1556.5,-1.27,90.40307101727447,91.6774193548387,90.4,90.91,49.2,96.99,10.17,27.19,0.0,0.0,15.93,35.19,0.0,8.0,4.67,18.94,19.83,51.12,Georgetown Hoyas
Qudus Wahab,765.0,1485.0,-1.46,89.81233243967829,91.27198917456022,89.81,90.42,48.79,96.05,10.25,26.94,0.0,0.0,15.42,34.85,0.0,8.18,4.62,19.37,19.77,50.27,Georgetown Hoyas
Kobe Clark,40.0,76.0,-3.12,80.0,83.11688311688312,80.0,85.33,41.33,96.0,6.67,32.0,0.0,0.0,18.67,40.0,0.0,9.33,5.33,22.67,20.0,58.67,Georgetown Hoyas
Jahvon Blair,485.0,948.0,-4.41,91.0828025477707,95.49266247379455,91.08,96.71,48.51,96.28,10.72,27.81,0.0,0.0,15.92,34.39,0.0,7.96,4.67,19.64,20.38,50.31,Georgetown Hoyas
Jalen Harris,40.0,68.5,-14.54,94.02985074626866,108.57142857142857,94.03,113.43,44.78,97.01,10.45,34.33,0.0,0.0,14.93,40.3,0.0,0.0,2.99,17.91,25.37,55.23,Georgetown Hoyas
Tye Fagan,685.0,1456.5,-7.2,88.53809196980096,95.74175824175825,88.54,95.68,48.8,94.44,7.82,23.54,0.0,0.0,13.45,27.11,0.0,9.27,2.75,19.01,21.76,40.56,Georgia Bulldogs
Justin Kier,725.0,1557.0,-8.07,87.68441308531109,95.7556270096463,87.68,95.51,48.49,94.74,7.57,22.64,0.0,0.0,13.66,26.68,0.0,9.49,2.76,18.92,21.94,40.34,Georgia Bulldogs
P.J. Horne,725.0,1557.0,-8.07,87.68441308531109,95.7556270096463,87.68,95.51,48.49,94.74,7.57,22.64,0.0,0.0,13.66,26.68,0.0,9.49,2.76,18.92,21.94,40.34,Georgia Bulldogs
Sahvir Wheeler,725.0,1557.0,-8.07,87.68441308531109,95.7556270096463,87.68,95.51,48.49,94.74,7.57,22.64,0.0,0.0,13.66,26.68,0.0,9.49,2.76,18.92,21.94,40.34,Georgia Bulldogs
Toumani Camara,725.0,1557.0,-8.07,87.68441308531109,95.7556270096463,87.68,95.51,48.49,94.74,7.57,22.64,0.0,0.0,13.66,26.68,0.0,9.49,2.76,18.92,21.94,40.34,Georgia Bulldogs
Ty McMillan,40.0,100.5,-20.47,75.49019607843137,95.95959595959596,75.49,93.14,44.12,99.02,3.92,9.8,0.0,0.0,16.67,20.59,0.0,12.75,2.94,17.65,24.51,37.26,Georgia Bulldogs
Grant Weatherford,40.0,60.5,18.23,110.16949152542372,91.93548387096774,110.17,96.61,52.54,101.69,13.56,30.51,0.0,0.0,23.73,44.07,0.0,5.08,10.17,22.03,22.03,67.8,Georgia Southern Eagles
Andrei Savrasov,40.0,70.5,4.84,94.02985074626866,89.1891891891892,94.03,98.51,44.78,94.03,11.94,37.31,0.0,0.0,19.4,32.84,0.0,10.45,4.48,25.37,28.36,52.24,Georgia Southern Eagles
Kaden Archie,40.0,70.5,4.84,94.02985074626866,89.1891891891892,94.03,98.51,44.78,94.03,11.94,37.31,0.0,0.0,19.4,32.84,0.0,10.45,4.48,25.37,28.36,52.24,Georgia Southern Eagles
Zack Bryant,325.0,584.0,2.27,93.98230088495575,91.70812603648424,93.98,97.88,46.02,98.23,12.92,36.46,0.0,0.0,16.64,34.34,0.0,8.32,5.49,18.41,23.89,50.98,Georgia Southern Eagles
Gedi Juozapaitis,580.0,1061.5,0.44,88.39884947267498,87.96296296296296,88.4,91.08,44.58,97.41,11.7,33.37,0.0,0.0,16.68,33.75,0.0,9.2,5.85,19.27,22.05,50.43,Georgia Southern Eagles
Kamari Brown,540.0,1001.0,-0.63,87.09349593495935,87.72102161100196,87.09,90.75,44.11,97.15,11.59,33.54,0.0,0.0,16.26,33.13,0.0,9.45,5.59,19.11,22.05,49.39,Georgia Southern Eagles
Prince Toyambi,620.0,1135.5,-1.5,88.14016172506739,89.63730569948186,88.14,93.26,44.29,97.3,11.86,34.59,0.0,0.0,16.62,32.79,0.0,9.52,5.66,19.32,22.46,49.41,Georgia Southern Eagles
Eric Boone,495.0,920.5,-2.84,87.47228381374723,90.30883919062833,87.47,94.01,44.01,96.45,11.86,34.59,0.0,0.0,16.63,30.16,0.0,10.31,5.21,20.18,22.95,46.79,Georgia Southern Eagles
Elijah McCadden,580.0,1052.0,-3.07,86.40776699029125,89.47858472998138,86.41,93.3,43.4,96.8,11.46,35.34,0.0,0.0,17.09,33.3,0.0,10.0,5.73,20.29,22.82,50.39,Georgia Southern Eagles
Mackenzie McFatten,40.0,74.0,-28.53,84.28571428571429,112.82051282051282,84.29,125.71,40.0,95.71,14.29,52.86,0.0,0.0,15.71,18.57,0.0,14.29,2.86,20.0,28.57,34.28,Georgia Southern Eagles
Eliel Nsoseme,440.0,844.0,5.12,98.22695035460993,93.11163895486936,98.23,92.67,53.31,102.48,9.46,26.71,0.0,0.0,17.73,33.22,0.0,7.57,5.44,15.25,19.03,50.95,Georgia State Panthers
Kane Williams,520.0,1015.5,3.96,95.37856440511308,91.42011834319527,95.38,91.15,52.21,101.28,9.05,26.55,0.0,0.0,16.32,32.84,0.0,7.77,5.31,15.04,20.26,49.16,Georgia State Panthers
Corey Allen,600.0,1167.0,3.49,95.45064377682402,91.95893926432849,95.45,92.27,51.85,101.03,9.01,26.7,0.0,0.0,16.91,32.7,0.0,8.15,5.15,15.88,20.26,49.61,Georgia State Panthers
Jalen Thomas,600.0,1167.0,3.49,95.45064377682402,91.95893926432849,95.45,92.27,51.85,101.03,9.01,26.7,0.0,0.0,16.91,32.7,0.0,8.15,5.15,15.88,20.26,49.61,Georgia State Panthers
Justin Roberts,600.0,1167.0,3.49,95.45064377682402,91.95893926432849,95.45,92.27,51.85,101.03,9.01,26.7,0.0,0.0,16.91,32.7,0.0,8.15,5.15,15.88,20.26,49.61,Georgia State Panthers
Collin Moore,80.0,151.5,0.46,95.94594594594594,95.48387096774194,95.95,100.0,49.32,99.32,8.78,27.7,0.0,0.0,20.95,31.76,0.0,10.81,4.05,21.62,20.27,52.71,Georgia State Panthers
Ryan Boyce,160.0,323.0,-0.9,88.08777429467085,88.9908256880734,88.09,91.22,47.96,97.18,7.84,26.65,0.0,0.0,14.73,31.35,0.0,9.72,4.39,17.55,23.51,46.08,Georgia State Panthers
Khalid Moore,405.0,767.5,9.74,97.25848563968668,87.51625487646294,97.26,87.86,52.74,99.35,8.75,27.02,0.0,0.0,13.84,28.98,0.0,12.53,4.7,14.49,20.37,42.82,Georgia Tech Yellow Jackets
Jordan Usher,720.8,1324.5,6.84,97.35049205147615,90.51204819277109,97.35,90.99,51.1,96.52,9.84,28.08,0.0,0.0,11.05,28.77,0.0,12.49,5.0,14.53,20.29,39.82,Georgia Tech Yellow Jackets
Jose Alvarado,720.8,1324.5,6.84,97.35049205147615,90.51204819277109,97.35,90.99,51.1,96.52,9.84,28.08,0.0,0.0,11.05,28.77,0.0,12.49,5.0,14.53,20.29,39.82,Georgia Tech Yellow Jackets
Michael Devoe,720.8,1324.5,6.84,97.35049205147615,90.51204819277109,97.35,90.99,51.1,96.52,9.84,28.08,0.0,0.0,11.05,28.77,0.0,12.49,5.0,14.53,20.29,39.82,Georgia Tech Yellow Jackets
Moses Wright,720.8,1324.5,6.84,97.35049205147615,90.51204819277109,97.35,90.99,51.1,96.52,9.84,28.08,0.0,0.0,11.05,28.77,0.0,12.49,5.0,14.53,20.29,39.82,Georgia Tech Yellow Jackets
Bubba Parham,315.8,557.0,2.84,97.47747747747748,94.63327370304114,97.48,95.32,48.83,92.61,11.35,29.55,0.0,0.0,7.21,28.47,0.0,12.43,5.41,14.59,20.18,35.68,Georgia Tech Yellow Jackets
Anton Watson,360.0,762.0,23.94,103.83141762452108,79.89203778677462,103.83,75.61,58.24,96.3,7.92,22.35,0.0,0.0,10.6,34.36,0.0,8.68,3.83,14.3,19.67,44.96,Gonzaga Bulldogs
Corey Kispert,680.0,1427.5,22.06,104.01360544217685,81.94945848375451,104.01,77.21,57.55,95.78,8.44,22.38,0.0,0.0,10.07,33.54,0.0,9.12,3.33,14.29,18.98,43.61,Gonzaga Bulldogs
Drew Timme,680.0,1427.5,22.06,104.01360544217685,81.94945848375451,104.01,77.21,57.55,95.78,8.44,22.38,0.0,0.0,10.07,33.54,0.0,9.12,3.33,14.29,18.98,43.61,Gonzaga Bulldogs
Jalen Suggs,680.0,1427.5,22.06,104.01360544217685,81.94945848375451,104.01,77.21,57.55,95.78,8.44,22.38,0.0,0.0,10.07,33.54,0.0,9.12,3.33,14.29,18.98,43.61,Gonzaga Bulldogs
Joel Ayayi,680.0,1427.5,22.06,104.01360544217685,81.94945848375451,104.01,77.21,57.55,95.78,8.44,22.38,0.0,0.0,10.07,33.54,0.0,9.12,3.33,14.29,18.98,43.61,Gonzaga Bulldogs
Andrew Nembhard,280.0,581.5,21.46,105.35117056856187,83.89380530973452,105.35,79.26,57.02,95.99,8.86,22.91,0.0,0.0,10.54,34.28,0.0,9.53,3.01,14.55,17.89,44.82,Gonzaga Bulldogs
Aaron Cook,40.0,84.0,9.29,96.62921348314607,87.34177215189874,96.63,77.53,55.06,89.89,10.11,19.1,0.0,0.0,2.25,21.35,0.0,10.11,1.12,12.36,20.22,23.6,Gonzaga Bulldogs
Peyton Taylor,80.0,167.5,7.94,94.0828402366864,86.14457831325302,94.08,84.62,53.25,101.18,8.28,21.3,0.0,0.0,18.34,35.5,0.0,12.43,4.14,17.16,20.12,53.84,Grambling Tigers
Zahad Munford,204.2,410.5,7.04,91.13300492610837,84.09638554216868,91.13,85.96,50.99,96.06,7.39,18.47,0.0,0.0,15.02,33.99,0.0,12.07,2.96,18.97,23.15,49.01,Grambling Tigers
Terreon Randolph,444.2,899.5,5.31,87.47228381374723,82.16276477146043,87.47,81.71,49.56,97.12,7.32,20.4,0.0,0.0,15.63,34.48,0.0,12.75,3.44,18.51,21.84,50.11,Grambling Tigers
Prince Moss,365.0,727.0,2.57,84.9862258953168,82.41758241758241,84.99,82.64,48.76,98.62,6.47,19.83,0.0,0.0,18.46,33.47,0.0,11.57,3.99,19.83,22.73,51.93,Grambling Tigers
Cameron Christon,564.2,1136.5,2.47,85.87719298245614,83.40688437775816,85.88,82.89,49.3,97.72,6.58,19.39,0.0,0.0,16.75,33.86,0.0,11.75,3.42,19.04,22.11,50.61,Grambling Tigers
Tra'Michael Moton,245.0,493.5,1.99,84.28571428571429,82.29376257545272,84.29,83.47,48.37,96.94,6.33,19.59,0.0,0.0,16.12,34.49,0.0,11.02,3.06,19.18,23.88,50.61,Grambling Tigers
Trevell Cunningham,359.2,723.5,1.61,85.38251366120218,83.77622377622377,85.38,81.83,49.18,97.4,6.56,19.13,0.0,0.0,16.67,34.02,0.0,11.75,3.42,19.26,21.31,50.69,Grambling Tigers
Sarion McGee,399.2,805.0,0.42,83.18912237330038,82.77153558052434,83.19,81.95,48.08,97.16,5.81,18.17,0.0,0.0,16.56,34.24,0.0,11.74,3.34,19.41,21.63,50.8,Grambling Tigers
Kelton Edwards,160.0,319.5,-6.63,82.82208588957054,89.45686900958466,82.82,85.89,50.31,100.92,5.21,19.02,0.0,0.0,19.02,29.75,0.0,9.82,3.07,18.1,21.47,48.77,Grambling Tigers
Alessandro Lever,480.0,886.5,13.23,95.06726457399103,81.83881952326901,95.07,80.83,51.68,99.33,9.3,27.69,0.0,0.0,16.82,38.34,0.0,5.94,3.25,17.49,23.99,55.16,Grand Canyon Lopes
Asbjorn Midtgaard,480.0,886.5,13.23,95.06726457399103,81.83881952326901,95.07,80.83,51.68,99.33,9.3,27.69,0.0,0.0,16.82,38.34,0.0,5.94,3.25,17.49,23.99,55.16,Grand Canyon Lopes
Jovan Blacksher Jr.,480.0,886.5,13.23,95.06726457399103,81.83881952326901,95.07,80.83,51.68,99.33,9.3,27.69,0.0,0.0,16.82,38.34,0.0,5.94,3.25,17.49,23.99,55.16,Grand Canyon Lopes
Mikey Dixon,480.0,886.5,13.23,95.06726457399103,81.83881952326901,95.07,80.83,51.68,99.33,9.3,27.69,0.0,0.0,16.82,38.34,0.0,5.94,3.25,17.49,23.99,55.16,Grand Canyon Lopes
Oscar Frayer,480.0,886.5,13.23,95.06726457399103,81.83881952326901,95.07,80.83,51.68,99.33,9.3,27.69,0.0,0.0,16.82,38.34,0.0,5.94,3.25,17.49,23.99,55.16,Grand Canyon Lopes
Ryan Claflin,445.0,853.0,3.05,98.21002386634845,95.16129032258065,98.21,98.57,51.31,97.61,11.1,29.12,0.0,0.0,13.37,28.28,0.0,8.0,3.94,15.75,22.43,41.65,Green Bay Phoenix
Terrance Thompson,610.0,1160.5,1.23,97.38903394255874,96.160409556314,97.39,98.09,52.65,98.52,9.92,27.85,0.0,0.0,13.05,28.98,0.0,7.05,4.53,14.53,21.85,42.03,Green Bay Phoenix
Lucas Stieber,740.0,1392.0,0.57,95.65532223026793,95.08196721311475,95.66,96.6,51.92,99.2,8.83,26.0,0.0,0.0,12.89,30.85,0.0,7.68,5.21,13.69,21.0,43.74,Green Bay Phoenix
Amari Davis,780.0,1451.0,-0.29,95.06601806810285,95.35201640464798,95.07,96.94,51.29,98.89,8.96,26.27,0.0,0.0,12.72,31.27,0.0,7.71,5.14,13.83,20.36,43.99,Green Bay Phoenix
PJ Pipes,775.0,1452.5,-0.84,94.51388888888889,95.35836177474403,94.51,97.01,50.97,98.75,8.89,25.83,0.0,0.0,12.36,31.11,0.0,7.5,5.0,13.61,20.69,43.47,Green Bay Phoenix
Emmanuel Ansong,295.0,547.0,-3.03,95.11754068716094,98.15157116451016,95.12,96.02,55.52,101.81,6.33,22.6,0.0,0.0,11.75,32.19,0.0,4.34,5.97,9.95,20.61,43.94,Green Bay Phoenix
Josh Jefferson,165.0,293.5,-5.18,91.0958904109589,96.27118644067797,91.1,97.26,49.32,102.05,9.59,29.11,0.0,0.0,13.36,32.53,0.0,6.16,4.79,11.3,20.21,45.89,Green Bay Phoenix
Japannah Kellogg III,210.0,374.0,-5.93,87.39946380697052,93.33333333333333,87.4,93.83,47.45,100.8,6.17,21.45,0.0,0.0,11.26,37.0,0.0,8.31,6.43,10.46,17.96,48.26,Green Bay Phoenix
Paris Taylor,80.0,149.0,-12.85,79.3103448275862,92.15686274509804,79.31,97.24,40.0,95.17,8.97,25.52,0.0,0.0,8.97,34.48,0.0,9.66,4.14,13.79,20.69,43.45,Green Bay Phoenix
Edward Oliver-Hampton,40.0,78.0,9.38,82.71604938271605,73.33333333333333,82.72,67.9,49.38,100.0,4.94,19.75,0.0,0.0,18.52,41.98,0.0,16.05,7.41,18.52,13.58,60.5,Hampton Pirates
Daniel Banister,119.4,238.5,0.43,92.67241379310344,92.24489795918367,92.67,97.41,46.12,93.1,12.07,28.45,0.0,0.0,9.91,35.34,0.0,6.03,9.48,16.81,21.12,45.25,Hampton Pirates
Chris Shelton,718.6,1404.5,-3.2,88.84089272858171,92.04225352112675,88.84,94.1,47.52,93.3,9.72,28.08,0.0,0.0,9.5,33.98,0.0,7.34,7.49,16.2,21.09,43.48,Hampton Pirates
Dajour Dickens,718.6,1404.5,-3.2,88.84089272858171,92.04225352112675,88.84,94.1,47.52,93.3,9.72,28.08,0.0,0.0,9.5,33.98,0.0,7.34,7.49,16.2,21.09,43.48,Hampton Pirates
Davion Warren,718.6,1404.5,-3.2,88.84089272858171,92.04225352112675,88.84,94.1,47.52,93.3,9.72,28.08,0.0,0.0,9.5,33.98,0.0,7.34,7.49,16.2,21.09,43.48,Hampton Pirates
Russell Dean,718.6,1404.5,-3.2,88.84089272858171,92.04225352112675,88.84,94.1,47.52,93.3,9.72,28.08,0.0,0.0,9.5,33.98,0.0,7.34,7.49,16.2,21.09,43.48,Hampton Pirates
Marquis Godwin,559.2,1088.0,-4.8,88.47583643122677,93.27272727272728,88.48,95.35,47.68,92.84,9.57,28.62,0.0,0.0,8.74,33.09,0.0,6.97,7.06,15.89,21.65,41.83,Hampton Pirates
D.J. Mitchell,560.0,1012.5,5.98,93.00492610837439,87.02970297029702,93.0,86.6,49.16,94.98,9.95,31.23,0.0,0.0,12.61,34.98,0.0,9.16,3.25,17.64,23.55,47.59,Hartford Hawks
Miroslav Stafl,560.0,1012.5,5.98,93.00492610837439,87.02970297029702,93.0,86.6,49.16,94.98,9.95,31.23,0.0,0.0,12.61,34.98,0.0,9.16,3.25,17.64,23.55,47.59,Hartford Hawks
Austin Williams,720.0,1308.0,5.02,90.77040427154843,85.74712643678161,90.77,85.35,47.83,94.2,10.53,31.5,0.0,0.0,12.59,34.71,0.0,9.23,2.97,18.38,23.65,47.3,Hartford Hawks
Hunter Marks,720.0,1308.0,5.02,90.77040427154843,85.74712643678161,90.77,85.35,47.83,94.2,10.53,31.5,0.0,0.0,12.59,34.71,0.0,9.23,2.97,18.38,23.65,47.3,Hartford Hawks
Traci Carter,720.0,1308.0,5.02,90.77040427154843,85.74712643678161,90.77,85.35,47.83,94.2,10.53,31.5,0.0,0.0,12.59,34.71,0.0,9.23,2.97,18.38,23.65,47.3,Hartford Hawks
Moses Flowers,160.0,295.5,1.75,83.1081081081081,81.35593220338984,83.11,81.08,43.24,91.55,12.5,32.43,0.0,0.0,12.5,33.78,0.0,9.46,2.03,20.95,23.99,46.28,Hartford Hawks
Thomas Webley,160.0,295.5,1.75,83.1081081081081,81.35593220338984,83.11,81.08,43.24,91.55,12.5,32.43,0.0,0.0,12.5,33.78,0.0,9.46,2.03,20.95,23.99,46.28,Hartford Hawks
Mate Colina,205.0,365.0,4.81,88.28337874659401,83.47107438016529,88.28,82.56,47.96,91.01,9.54,25.34,0.0,0.0,9.81,34.88,0.0,6.81,2.72,18.8,24.52,44.69,Hawai'i Rainbow Warriors
JoVon McClanahan,250.0,439.5,4.34,86.09865470852019,81.75519630484989,86.1,79.37,47.09,90.36,9.42,24.89,0.0,0.0,10.31,34.53,0.0,8.07,2.47,19.96,23.99,44.84,Hawai'i Rainbow Warriors
Justin Webster,690.0,1256.5,0.39,90.04702194357367,89.65238480194017,90.05,86.91,48.28,95.85,9.87,28.61,0.0,0.0,13.87,33.54,0.0,7.05,2.04,18.03,22.1,47.41,Hawai'i Rainbow Warriors
Noel Coleman,284.7,528.0,-0.53,90.55555555555556,91.08527131782945,90.56,87.04,48.52,95.74,10.19,28.33,0.0,0.0,12.78,33.52,0.0,5.37,1.67,17.04,21.85,46.3,Hawai'i Rainbow Warriors
Casdon Jardine,734.7,1339.5,-0.74,90.08082292432034,90.81942336874052,90.08,87.95,48.05,95.96,10.14,28.88,0.0,0.0,13.96,33.73,0.0,6.91,1.98,18.0,21.82,47.69,Hawai'i Rainbow Warriors
Biwali Bayles,404.7,732.5,-2.07,92.28687415426252,94.35261707988981,92.29,92.69,47.9,98.51,10.83,31.53,0.0,0.0,16.1,35.45,0.0,6.9,1.89,17.59,20.97,51.55,Hawai'i Rainbow Warriors
James Jean-Marie,529.7,974.5,-2.87,90.74446680080483,93.61256544502618,90.74,89.94,48.09,97.79,10.36,30.18,0.0,0.0,15.49,33.3,0.0,6.94,1.71,17.71,20.82,48.79,Hawai'i Rainbow Warriors
Junior Madut,574.7,1062.0,-3.36,90.0184842883549,93.37811900191939,90.02,89.93,48.06,96.77,10.26,29.3,0.0,0.0,14.7,32.53,0.0,7.02,1.94,17.93,21.16,47.23,Hawai'i Rainbow Warriors
Caden Sanchez,80.0,140.5,2.0,81.42857142857143,79.43262411347519,81.43,80.0,45.0,93.57,8.57,25.71,0.0,0.0,10.71,36.43,0.0,6.43,7.14,17.14,22.86,47.14,High Point Panthers
Denny Slay II,120.0,216.5,-0.85,82.71028037383178,83.56164383561644,82.71,85.51,44.39,96.26,7.94,21.96,0.0,0.0,14.49,36.92,0.0,8.88,7.94,18.22,22.9,51.41,High Point Panthers
Alex Holt,439.6,838.5,-5.75,84.98817966903073,90.73405535499398,84.99,89.13,49.41,105.91,5.2,20.8,0.0,0.0,19.98,31.91,0.0,9.1,4.61,14.07,22.93,51.89,High Point Panthers
Bryant Randleman,639.6,1199.0,-6.36,83.34707337180544,89.70464135021096,83.35,87.63,48.72,101.73,5.85,22.09,0.0,0.0,17.31,30.83,0.0,8.49,5.11,15.58,23.41,48.14,High Point Panthers
Ahmil Flowers,764.5,1441.5,-7.37,84.07687028140015,91.4446002805049,84.08,89.5,48.66,101.51,5.7,21.35,0.0,0.0,17.64,30.82,0.0,8.92,4.94,16.13,22.86,48.46,High Point Panthers
Lydell Elmore,764.5,1441.5,-7.37,84.07687028140015,91.4446002805049,84.08,89.5,48.66,101.51,5.7,21.35,0.0,0.0,17.64,30.82,0.0,8.92,4.94,16.13,22.86,48.46,High Point Panthers
John-Michael Wright,684.5,1301.0,-8.4,84.35839028094153,92.76264591439688,84.36,90.51,49.05,102.35,5.39,20.88,0.0,0.0,18.38,30.22,0.0,9.19,4.71,16.02,22.85,48.6,High Point Panthers
Emmanuel Izunabor,244.8,462.5,-13.25,83.2271762208068,96.47577092511013,83.23,92.99,48.41,95.97,5.73,21.02,0.0,0.0,15.5,27.18,0.0,9.34,4.88,19.53,22.72,42.68,High Point Panthers
Bryson Childress,84.8,166.5,-15.47,88.8235294117647,104.29447852760735,88.82,100.0,50.59,100.0,4.12,18.82,0.0,0.0,18.24,27.65,0.0,10.0,1.76,18.24,18.82,45.89,High Point Panthers
Vukasin Masic,80.0,150.0,4.19,111.03896103896105,106.84931506849315,111.04,101.3,62.34,103.9,7.79,25.97,0.0,0.0,16.23,31.82,0.0,5.84,2.6,12.34,20.13,48.05,Hofstra Pride
Caleb Burgess,520.0,959.0,-1.04,98.6444212721585,99.68717413972888,98.64,99.69,51.93,101.98,10.95,30.03,0.0,0.0,17.52,31.28,0.0,8.24,4.48,15.54,21.38,48.8,Hofstra Pride
Isaac Kante,520.0,959.0,-1.04,98.6444212721585,99.68717413972888,98.64,99.69,51.93,101.98,10.95,30.03,0.0,0.0,17.52,31.28,0.0,8.24,4.48,15.54,21.38,48.8,Hofstra Pride
Jalen Ray,520.0,959.0,-1.04,98.6444212721585,99.68717413972888,98.64,99.69,51.93,101.98,10.95,30.03,0.0,0.0,17.52,31.28,0.0,8.24,4.48,15.54,21.38,48.8,Hofstra Pride
Kvonn Cramer,520.0,959.0,-1.04,98.6444212721585,99.68717413972888,98.64,99.69,51.93,101.98,10.95,30.03,0.0,0.0,17.52,31.28,0.0,8.24,4.48,15.54,21.38,48.8,Hofstra Pride
Tareq Coburn,440.0,809.0,-2.13,96.27329192546584,98.4009840098401,96.27,99.38,49.94,101.61,11.55,30.81,0.0,0.0,17.76,31.18,0.0,8.7,4.84,16.15,21.61,48.94,Hofstra Pride
Ryan Wade,240.0,447.0,5.93,99.31818181818181,93.3920704845815,99.32,96.36,51.36,97.5,11.82,28.86,0.0,0.0,13.18,29.32,0.0,10.0,3.64,15.68,25.91,42.5,Holy Cross Crusaders
Judson Martindale,320.0,620.5,-2.08,94.59016393442623,96.67194928684627,94.59,100.0,48.36,95.9,10.0,26.89,0.0,0.0,13.77,32.46,0.0,10.33,4.92,17.87,24.92,46.23,Holy Cross Crusaders
Austin Butler,644.7,1239.0,-4.42,92.47135842880525,96.89490445859873,92.47,99.59,48.77,98.04,9.08,25.53,0.0,0.0,15.06,31.1,0.0,8.92,4.99,17.02,25.2,46.16,Holy Cross Crusaders
Matt Faw,644.7,1239.0,-4.42,92.47135842880525,96.89490445859873,92.47,99.59,48.77,98.04,9.08,25.53,0.0,0.0,15.06,31.1,0.0,8.92,4.99,17.02,25.2,46.16,Holy Cross Crusaders
R.J. Johnson,644.7,1239.0,-4.42,92.47135842880525,96.89490445859873,92.47,99.59,48.77,98.04,9.08,25.53,0.0,0.0,15.06,31.1,0.0,8.92,4.99,17.02,25.2,46.16,Holy Cross Crusaders
Gerrale Gates,564.7,1090.5,-8.11,90.71494893221913,98.82246376811594,90.71,101.3,48.56,98.89,8.45,24.51,0.0,0.0,16.34,30.73,0.0,8.17,5.2,17.46,25.26,47.07,Holy Cross Crusaders
Bo Montgomery,164.7,320.0,-10.81,84.85804416403786,95.6656346749226,84.86,97.48,46.69,100.0,5.68,21.77,0.0,0.0,15.77,32.18,0.0,7.26,6.31,15.77,24.61,47.95,Holy Cross Crusaders
Myles Pierre,165.0,336.5,-4.35,90.56047197640117,94.91017964071857,90.56,93.51,48.38,91.74,10.62,30.38,0.0,0.0,12.09,28.91,0.0,9.14,5.31,20.35,24.19,41.0,Houston Christian Huskies
Hunter Janacek,605.0,1228.5,-4.43,88.90701468189233,93.33874898456538,88.91,93.72,48.04,95.11,9.14,28.38,0.0,0.0,14.68,31.08,0.0,9.22,4.24,19.58,21.94,45.76,Houston Christian Huskies
Zach Iyeyemi,645.0,1314.5,-6.35,87.57621951219512,93.92558845861807,87.58,94.28,47.56,94.89,8.84,28.12,0.0,0.0,15.09,30.95,0.0,9.68,4.42,20.2,21.8,46.04,Houston Christian Huskies
Brycen Long,480.0,978.0,-7.05,86.53648509763617,93.5910478128179,86.54,94.55,47.28,95.99,8.22,27.34,0.0,0.0,16.14,31.65,0.0,9.87,4.11,20.14,20.97,47.79,Houston Christian Huskies
Pedro Castro,685.0,1398.0,-7.75,87.32091690544412,95.07142857142857,87.32,95.34,47.21,94.77,9.1,28.8,0.0,0.0,14.97,30.73,0.0,9.38,4.3,20.2,21.7,45.7,Houston Christian Huskies
Za-Ontay Boothman,120.0,237.0,-8.29,87.02928870292888,95.31914893617022,87.03,93.72,45.61,87.45,10.04,29.71,0.0,0.0,10.46,26.78,0.0,10.46,6.69,23.01,26.36,37.24,Houston Christian Huskies
Jade Tse,520.0,1061.5,-8.84,86.28192999053927,95.1219512195122,86.28,95.93,46.83,95.74,8.61,28.29,0.0,0.0,15.89,31.32,0.0,9.46,3.97,20.15,20.91,47.21,Houston Christian Huskies
Philip McKenzie,85.0,183.0,-10.9,91.84782608695652,102.74725274725273,91.85,101.63,48.91,97.83,12.5,35.33,0.0,0.0,14.67,30.98,0.0,5.43,2.17,16.85,19.57,45.65,Houston Christian Huskies
Ryan Gomes,40.0,83.5,-29.92,83.33333333333334,113.25301204819279,83.33,111.9,41.67,92.86,13.1,39.29,0.0,0.0,13.1,27.38,0.0,4.76,2.38,20.24,20.24,40.48,Houston Christian Huskies
Ty Dalton,40.0,83.5,-29.92,83.33333333333334,113.25301204819279,83.33,111.9,41.67,92.86,13.1,39.29,0.0,0.0,13.1,27.38,0.0,4.76,2.38,20.24,20.24,40.48,Houston Christian Huskies
Jason Thompson,40.0,86.0,-33.72,68.6046511627907,102.32558139534885,68.6,102.33,40.7,91.86,4.65,24.42,0.0,0.0,20.93,29.07,0.0,16.28,6.98,29.07,19.77,50.0,Houston Christian Huskies
Reggie Chaney,200.0,370.0,43.68,119.00826446280992,75.3315649867374,119.01,78.24,60.33,104.96,14.88,36.36,0.0,0.0,15.98,39.67,0.0,9.09,8.26,11.02,25.07,55.65,Houston Cougars
Tramon Mark,80.0,148.0,39.29,111.18881118881119,71.89542483660131,111.19,76.92,53.85,104.2,16.08,40.56,0.0,0.0,23.78,38.46,0.0,10.49,9.09,19.58,27.27,62.24,Houston Cougars
DeJon Jarreau,800.0,1496.0,24.16,102.1577882670263,77.99867461895295,102.16,79.37,53.41,104.92,12.68,35.2,0.0,0.0,19.15,35.6,0.0,9.64,5.93,14.23,25.22,54.75,Houston Cougars
Justin Gorham,800.0,1496.0,24.16,102.1577882670263,77.99867461895295,102.16,79.37,53.41,104.92,12.68,35.2,0.0,0.0,19.15,35.6,0.0,9.64,5.93,14.23,25.22,54.75,Houston Cougars
Quentin Grimes,760.0,1424.0,23.5,101.3446567586695,77.8397212543554,101.34,79.05,53.29,104.74,12.38,34.68,0.0,0.0,18.97,35.46,0.0,9.7,5.87,14.23,25.34,54.43,Houston Cougars
Marcus Sasser,760.0,1420.0,23.25,102.05673758865248,78.81118881118881,102.06,79.93,53.48,105.18,12.62,35.18,0.0,0.0,18.87,35.46,0.0,9.5,5.67,13.69,24.89,54.33,Houston Cougars
Brison Gresham,600.0,1126.0,17.81,96.69642857142857,78.886925795053,96.7,79.73,51.16,104.91,11.96,34.82,0.0,0.0,20.18,34.29,0.0,9.82,5.18,15.27,25.27,54.47,Houston Cougars
Bakari LaStrap,40.0,84.0,0.37,84.70588235294117,84.33734939759037,84.71,82.35,45.88,87.06,9.41,20.0,0.0,0.0,9.41,31.76,0.0,12.94,2.35,22.35,22.35,41.17,IUPUI Jaguars
Nathan McClure,480.0,978.0,-5.32,90.11328527291452,95.43147208121827,90.11,96.81,48.92,98.04,10.09,28.73,0.0,0.0,13.8,30.38,0.0,8.03,2.68,15.76,24.51,44.18,IUPUI Jaguars
Marcus Burk,600.0,1218.0,-5.39,87.10743801652893,92.49592169657423,87.11,93.72,46.94,95.29,9.83,29.01,0.0,0.0,12.73,30.41,0.0,8.84,2.48,17.44,24.3,43.14,IUPUI Jaguars
Jaylen Minnett,520.0,1051.0,-5.85,89.0595009596929,94.90566037735849,89.06,96.55,47.98,97.89,9.98,29.56,0.0,0.0,13.92,30.13,0.0,7.68,2.69,16.03,24.76,44.05,IUPUI Jaguars
Elyjah Goss,640.0,1298.0,-7.08,86.87888198757764,93.96024464831805,86.88,95.42,46.66,95.73,9.7,29.19,0.0,0.0,12.89,30.28,0.0,8.62,2.48,17.16,24.22,43.17,IUPUI Jaguars
Mike DePersia,640.0,1298.0,-7.08,86.87888198757764,93.96024464831805,86.88,95.42,46.66,95.73,9.7,29.19,0.0,0.0,12.89,30.28,0.0,8.62,2.48,17.16,24.22,43.17,IUPUI Jaguars
Dimitar Pandev,80.0,152.0,-7.54,73.50993377483444,81.04575163398692,73.51,82.12,38.41,89.4,5.96,29.8,0.0,0.0,15.89,27.81,0.0,14.57,2.65,26.49,22.52,43.7,IUPUI Jaguars
Bobby Harvey,120.0,243.5,-15.54,75.51867219917013,91.05691056910568,75.52,92.95,38.59,85.48,9.54,31.54,0.0,0.0,6.22,31.12,0.0,10.79,1.66,20.75,22.82,37.34,IUPUI Jaguars
Azariah Seay,80.0,167.5,-28.21,82.3170731707317,110.5263157894737,82.32,115.24,42.68,96.95,8.54,31.71,0.0,0.0,10.98,29.88,0.0,5.49,1.22,14.02,23.17,40.86,IUPUI Jaguars
Austin Smellie,569.6,1016.5,1.34,87.58620689655172,86.2475442043222,87.59,86.5,49.85,98.62,8.08,26.9,0.0,0.0,17.93,34.78,0.0,6.31,4.53,19.31,26.5,52.71,Idaho State Bengals
Brayden Parker,569.6,1016.5,1.34,87.58620689655172,86.2475442043222,87.59,86.5,49.85,98.62,8.08,26.9,0.0,0.0,17.93,34.78,0.0,6.31,4.53,19.31,26.5,52.71,Idaho State Bengals
Daxton Carr,569.6,1016.5,1.34,87.58620689655172,86.2475442043222,87.59,86.5,49.85,98.62,8.08,26.9,0.0,0.0,17.93,34.78,0.0,6.31,4.53,19.31,26.5,52.71,Idaho State Bengals
Robert Ford III,569.6,1016.5,1.34,87.58620689655172,86.2475442043222,87.59,86.5,49.85,98.62,8.08,26.9,0.0,0.0,17.93,34.78,0.0,6.31,4.53,19.31,26.5,52.71,Idaho State Bengals
Tarik Cool,569.6,1016.5,1.34,87.58620689655172,86.2475442043222,87.59,86.5,49.85,98.62,8.08,26.9,0.0,0.0,17.93,34.78,0.0,6.31,4.53,19.31,26.5,52.71,Idaho State Bengals
DeAndre Robinson,325.0,615.5,-11.78,86.13861386138613,97.92,86.14,100.99,47.36,88.78,7.43,22.11,0.0,0.0,8.91,33.0,0.0,5.78,3.3,20.13,25.91,41.91,Idaho Vandals
Chance Garvin,160.0,292.0,-16.31,81.31487889273356,97.6271186440678,81.31,99.65,44.64,85.12,6.92,18.34,0.0,0.0,8.65,29.41,0.0,6.92,2.08,23.53,23.88,38.06,Idaho Vandals
Damen Thacker,564.1,1072.0,-17.17,84.48438978240303,101.6559337626495,84.48,104.54,46.26,89.4,6.81,20.72,0.0,0.0,10.03,31.22,0.0,6.34,2.74,20.62,24.31,41.25,Idaho Vandals
Ja'Vary Christmas,648.6,1218.0,-17.22,82.9450915141431,100.16207455429497,82.95,102.83,46.09,89.27,6.74,20.05,0.0,0.0,10.48,31.03,0.0,6.82,2.58,21.21,25.21,41.51,Idaho Vandals
Scott Blakney,643.6,1216.5,-18.16,81.51540383014155,99.67532467532467,81.52,102.25,45.46,87.68,6.33,20.07,0.0,0.0,9.33,31.89,0.0,6.49,2.75,21.65,24.56,41.22,Idaho Vandals
Tanner Christensen,125.0,225.5,-18.6,85.39823008849558,104.0,85.4,103.54,45.13,95.58,9.73,21.68,0.0,0.0,15.49,26.55,0.0,5.75,1.77,19.91,26.11,42.04,Idaho Vandals
Gabe Quinnett,728.6,1365.5,-19.2,81.89209164818921,101.08853410740204,81.89,102.96,45.45,89.14,6.8,20.25,0.0,0.0,10.42,30.67,0.0,6.43,2.66,21.29,24.83,41.09,Idaho Vandals
Hunter-Jack Madden,244.6,447.5,-20.53,76.78571428571429,97.31543624161074,76.79,97.1,43.08,88.39,7.37,20.76,0.0,0.0,11.16,31.7,0.0,5.36,2.23,22.77,26.34,42.86,Idaho Vandals
Babacar Thiombane,364.1,687.5,-23.19,79.7080291970803,102.89855072463767,79.71,103.65,44.23,89.2,6.72,19.85,0.0,0.0,11.53,29.49,0.0,6.28,2.19,22.34,23.5,41.02,Idaho Vandals
Ethan Kilgore,39.6,70.0,-32.6,63.23529411764706,95.83333333333334,63.24,101.47,32.35,89.71,4.41,14.71,0.0,0.0,10.29,36.76,0.0,8.82,1.47,20.59,22.06,47.05,Idaho Vandals
Da'Monte Williams,440.0,898.0,12.29,96.0,83.70535714285714,96.0,83.33,52.89,96.67,8.33,22.56,0.0,0.0,12.44,36.44,0.0,6.33,2.89,15.78,22.33,48.88,Illinois Fighting Illini
Zach Griffith,40.0,90.0,11.46,90.10989010989012,78.65168539325843,90.11,76.92,54.95,96.7,4.4,25.27,0.0,0.0,13.19,34.07,0.0,8.79,2.2,16.48,21.98,47.26,Illinois Fighting Illini
Adam Miller,935.0,1893.0,10.16,95.34031413612566,85.18123667377398,95.34,83.66,53.35,97.91,7.85,21.88,0.0,0.0,13.19,35.03,0.0,6.96,3.3,15.29,21.68,48.22,Illinois Fighting Illini
Kofi Cockburn,935.0,1893.0,10.16,95.34031413612566,85.18123667377398,95.34,83.66,53.35,97.91,7.85,21.88,0.0,0.0,13.19,35.03,0.0,6.96,3.3,15.29,21.68,48.22,Illinois Fighting Illini
Trent Frazier,935.0,1893.0,10.16,95.34031413612566,85.18123667377398,95.34,83.66,53.35,97.91,7.85,21.88,0.0,0.0,13.19,35.03,0.0,6.96,3.3,15.29,21.68,48.22,Illinois Fighting Illini
Ayo Dosunmu,815.0,1640.0,9.71,96.12825166364186,86.41671788567916,96.13,85.06,53.54,98.55,8.17,22.57,0.0,0.0,13.37,34.6,0.0,6.96,3.39,14.82,21.48,47.97,Illinois Fighting Illini
Jacob Grandison,575.0,1158.0,9.04,94.13265306122449,85.08771929824562,94.13,82.48,53.32,98.04,7.31,20.15,0.0,0.0,13.52,34.61,0.0,7.31,3.57,15.48,21.43,48.13,Illinois Fighting Illini
Abdou Ndiaye,160.0,288.0,2.4,90.45936395759718,88.05460750853243,90.46,91.17,44.88,98.94,10.95,35.69,0.0,0.0,15.19,40.64,0.0,7.77,4.59,16.25,24.38,55.83,Illinois State Redbirds
Emon Washington,415.0,768.0,-4.81,89.63254593175853,94.44444444444444,89.63,95.93,46.46,94.23,9.58,32.94,0.0,0.0,12.6,35.56,0.0,8.27,3.94,18.37,21.65,48.16,Illinois State Redbirds
Antonio Reeves,735.0,1348.5,-6.9,88.57566765578635,95.4781319495923,88.58,95.55,45.55,94.36,9.72,29.38,0.0,0.0,12.17,34.72,0.0,8.31,3.93,17.8,20.25,46.89,Illinois State Redbirds
DJ Horne,605.0,1098.5,-8.03,87.32907930720147,95.36363636363636,87.33,95.62,44.21,95.17,9.85,29.26,0.0,0.0,13.04,35.37,0.0,8.48,4.47,17.87,19.87,48.41,Illinois State Redbirds
Josiah Strong,490.0,894.0,-9.06,89.14988814317674,98.2102908277405,89.15,98.21,45.75,93.06,9.96,27.63,0.0,0.0,11.19,33.11,0.0,7.83,3.58,18.12,20.02,44.3,Illinois State Redbirds
Dusan Mahorcic,575.0,1060.5,-9.46,88.07511737089202,97.53787878787878,88.08,96.71,45.73,93.15,9.39,27.7,0.0,0.0,11.36,33.15,0.0,8.45,3.76,18.22,19.15,44.51,Illinois State Redbirds
Howard Fleming Jr.,535.0,987.0,-9.56,88.43398157625384,97.99398194583752,88.43,100.0,45.34,93.55,9.83,31.73,0.0,0.0,12.38,33.88,0.0,7.88,3.89,18.83,21.6,46.26,Illinois State Redbirds
Harouna Sissoko,320.0,578.0,-13.92,85.91065292096219,99.82578397212544,85.91,98.45,43.13,92.78,10.14,25.95,0.0,0.0,11.0,32.65,0.0,7.73,3.78,18.21,18.9,43.65,Illinois State Redbirds
Alston Andrews,40.0,70.0,-35.72,82.08955223880598,117.8082191780822,82.09,128.36,37.31,86.57,11.94,34.33,0.0,0.0,11.94,26.87,0.0,4.48,4.48,25.37,23.88,38.81,Illinois State Redbirds
Keaston Willis,520.0,947.0,-3.46,90.65817409766454,94.11764705882352,90.66,95.12,47.35,95.01,11.68,29.83,0.0,0.0,13.16,31.1,0.0,7.43,1.59,18.15,24.63,44.26,Incarnate Word Cardinals
Godsgift Ezedinma,440.0,798.0,-3.72,89.84771573604061,93.56435643564357,89.85,95.94,46.32,94.67,12.44,30.96,0.0,0.0,13.32,31.98,0.0,7.87,1.4,18.65,24.24,45.3,Incarnate Word Cardinals
Logan Bracamonte,440.0,791.0,-4.02,89.94910941475827,93.96984924623115,89.95,95.17,46.31,94.15,12.6,30.92,0.0,0.0,12.47,32.06,0.0,7.76,1.65,18.32,23.16,44.53,Incarnate Word Cardinals
Brandon Swaby,520.0,958.5,-4.28,90.23109243697479,94.50777202072538,90.23,95.8,47.69,95.27,11.45,29.73,0.0,0.0,13.66,30.46,0.0,7.67,1.47,18.38,25.0,44.12,Incarnate Word Cardinals
Des Balentine,600.0,1110.5,-6.72,89.1500904159132,95.87443946188341,89.15,96.65,47.2,94.85,11.3,29.66,0.0,0.0,13.29,30.56,0.0,7.5,1.72,18.44,24.05,43.85,Incarnate Word Cardinals
Derek Van Vlerah,40.0,72.5,-13.52,89.33333333333333,102.85714285714285,89.33,96.0,49.33,97.33,8.0,28.0,0.0,0.0,10.67,32.0,0.0,4.0,4.0,13.33,21.33,42.67,Incarnate Word Cardinals
Marcus Larsson,120.0,240.0,-14.86,86.83127572016461,101.68776371308017,86.83,99.18,49.38,94.65,8.64,25.93,0.0,0.0,13.99,25.51,0.0,7.41,2.06,19.34,24.28,39.5,Incarnate Word Cardinals
Drew Lutz,120.0,231.5,-17.74,84.4155844155844,102.15517241379311,84.42,102.6,45.89,95.67,9.09,29.0,0.0,0.0,13.85,31.17,0.0,6.06,2.6,18.18,22.94,45.02,Incarnate Word Cardinals
Bradley Akhile,120.0,235.5,-17.74,83.96624472573839,101.7094017094017,83.97,100.42,44.73,90.3,10.97,27.0,0.0,0.0,12.24,27.43,0.0,8.02,2.11,21.94,20.68,39.67,Incarnate Word Cardinals
Charlie Yoder,40.0,84.0,-21.32,84.70588235294117,106.02409638554218,84.71,103.53,52.94,100.0,5.88,27.06,0.0,0.0,16.47,24.71,0.0,7.06,2.35,16.47,25.88,41.18,Incarnate Word Cardinals
Josh Morgan,40.0,84.0,-21.32,84.70588235294117,106.02409638554218,84.71,103.53,52.94,100.0,5.88,27.06,0.0,0.0,16.47,24.71,0.0,7.06,2.35,16.47,25.88,41.18,Incarnate Word Cardinals
Trey Galloway,215.0,401.5,-4.27,92.75,97.02233250620348,92.75,97.75,49.75,97.25,8.25,25.0,0.0,0.0,10.0,32.25,0.0,6.25,6.0,12.75,23.75,42.25,Indiana Hoosiers
Armaan Franklin,500.0,939.5,-7.28,89.24843423799582,96.52551574375678,89.25,92.8,50.63,99.69,8.35,21.61,0.0,0.0,15.34,30.06,0.0,7.83,3.65,15.66,22.55,45.4,Indiana Hoosiers
Al Durham,789.9,1479.0,-8.29,86.91588785046729,95.2054794520548,86.92,92.79,49.13,99.73,7.54,22.96,0.0,0.0,14.42,30.57,0.0,7.41,4.01,14.69,23.16,44.99,Indiana Hoosiers
Race Thompson,789.9,1479.0,-8.29,86.91588785046729,95.2054794520548,86.92,92.79,49.13,99.73,7.54,22.96,0.0,0.0,14.42,30.57,0.0,7.41,4.01,14.69,23.16,44.99,Indiana Hoosiers
Trayce Jackson-Davis,789.9,1479.0,-8.29,86.91588785046729,95.2054794520548,86.92,92.79,49.13,99.73,7.54,22.96,0.0,0.0,14.42,30.57,0.0,7.41,4.01,14.69,23.16,44.99,Indiana Hoosiers
Rob Phinisee,704.9,1324.0,-8.56,86.15040953090097,94.71264367816093,86.15,92.03,48.99,100.6,7.45,22.86,0.0,0.0,15.41,30.53,0.0,7.45,3.57,14.82,23.31,45.94,Indiana Hoosiers
Jerome Hunter,159.9,293.0,-15.81,74.91525423728814,90.72164948453609,74.92,89.49,44.07,99.32,4.41,25.08,0.0,0.0,12.88,30.17,0.0,7.46,4.41,13.56,23.73,43.05,Indiana Hoosiers
Tobias Howard,160.0,301.5,7.54,93.44262295081968,85.90604026845638,93.44,83.93,53.77,95.08,7.54,22.95,0.0,0.0,13.77,34.43,0.0,9.51,3.93,18.69,20.0,48.2,Indiana State Sycamores
Randy Miller Jr.,240.0,403.5,0.72,92.1760391198044,91.4572864321608,92.18,89.0,50.61,99.02,7.09,22.98,0.0,0.0,12.22,33.25,0.0,8.56,3.42,13.2,17.11,45.47,Indiana State Sycamores
Tyreke Key,720.0,1296.0,0.43,90.99307159353349,90.5645784996133,90.99,90.15,50.42,96.46,8.78,23.33,0.0,0.0,13.24,32.49,0.0,8.62,3.93,16.78,20.4,45.73,Indiana State Sycamores
Jake LaRavia,800.0,1435.5,0.16,90.01386962552012,89.85304408677396,90.01,89.04,50.0,97.23,8.53,24.06,0.0,0.0,13.38,32.66,0.0,8.74,3.95,16.16,19.97,46.04,Indiana State Sycamores
Tre Williams,800.0,1435.5,0.16,90.01386962552012,89.85304408677396,90.01,89.04,50.0,97.23,8.53,24.06,0.0,0.0,13.38,32.66,0.0,8.74,3.95,16.16,19.97,46.04,Indiana State Sycamores
Cooper Neese,640.0,1171.5,-0.34,88.18027210884354,88.51756640959726,88.18,87.84,49.32,97.45,8.76,25.26,0.0,0.0,13.95,32.65,0.0,8.93,4.17,16.5,20.49,46.6,Indiana State Sycamores
Julian Larry,640.0,1134.0,-1.8,89.09410729991205,90.89301503094606,89.09,90.41,48.99,97.8,8.8,24.36,0.0,0.0,13.28,32.19,0.0,8.53,3.96,15.48,19.96,45.47,Indiana State Sycamores
Ryan Myers,40.0,70.0,22.58,101.44927536231884,78.87323943661971,101.45,81.16,55.07,111.59,5.8,30.43,0.0,0.0,26.09,34.78,0.0,13.04,8.7,14.49,27.54,60.87,Iona Gaels
Dylan van Eyck,160.0,294.0,14.76,91.34948096885813,76.58862876254182,91.35,79.24,49.48,99.65,8.65,26.3,0.0,0.0,16.96,34.26,0.0,9.0,4.15,17.3,28.72,51.22,Iona Gaels
Berrick JeanLouis,520.0,1026.5,12.77,90.8284023668639,78.055822906641,90.83,79.98,50.89,95.66,8.97,24.75,0.0,0.0,15.68,35.11,0.0,8.97,4.54,20.02,27.51,50.79,Iona Gaels
Isaiah Ross,520.0,1026.5,12.77,90.8284023668639,78.055822906641,90.83,79.98,50.89,95.66,8.97,24.75,0.0,0.0,15.68,35.11,0.0,8.97,4.54,20.02,27.51,50.79,Iona Gaels
Nelly Junior Joseph,520.0,1026.5,12.77,90.8284023668639,78.055822906641,90.83,79.98,50.89,95.66,8.97,24.75,0.0,0.0,15.68,35.11,0.0,8.97,4.54,20.02,27.51,50.79,Iona Gaels
Asante Gist,480.0,956.5,12.06,90.05291005291005,77.99586776859503,90.05,79.89,50.58,94.5,9.21,24.34,0.0,0.0,14.92,35.13,0.0,8.68,4.23,20.42,27.51,50.05,Iona Gaels
Dwayne Koroma,360.0,732.5,11.97,90.62068965517241,78.64864864864865,90.62,80.28,51.45,94.07,9.1,24.14,0.0,0.0,15.17,35.45,0.0,8.97,4.69,21.1,27.03,50.62,Iona Gaels
Keegan Murray,160.0,307.0,8.12,102.96052631578947,94.83870967741936,102.96,96.71,51.32,104.93,14.8,33.55,0.0,0.0,14.8,36.84,0.0,5.59,4.61,9.87,22.04,51.64,Iowa Hawkeyes
Connor McCaffery,885.0,1699.0,7.71,101.22306348281886,93.51576442593694,101.22,91.56,53.12,102.56,12.17,31.1,0.0,0.0,14.62,37.39,0.0,6.52,5.3,12.06,19.22,52.01,Iowa Hawkeyes
Joe Wieskamp,885.0,1699.0,7.71,101.22306348281886,93.51576442593694,101.22,91.56,53.12,102.56,12.17,31.1,0.0,0.0,14.62,37.39,0.0,6.52,5.3,12.06,19.22,52.01,Iowa Hawkeyes
Jordan Bohannon,885.0,1699.0,7.71,101.22306348281886,93.51576442593694,101.22,91.56,53.12,102.56,12.17,31.1,0.0,0.0,14.62,37.39,0.0,6.52,5.3,12.06,19.22,52.01,Iowa Hawkeyes
Luka Garza,885.0,1699.0,7.71,101.22306348281886,93.51576442593694,101.22,91.56,53.12,102.56,12.17,31.1,0.0,0.0,14.62,37.39,0.0,6.52,5.3,12.06,19.22,52.01,Iowa Hawkeyes
CJ Fredrick,725.0,1392.0,7.63,100.84925690021231,93.21663019693655,100.85,90.45,53.5,102.05,11.61,30.57,0.0,0.0,14.58,37.51,0.0,6.72,5.45,12.53,18.61,52.09,Iowa Hawkeyes
Eric Steyer,40.0,74.5,1.3,100.0,98.7012987012987,100.0,105.56,48.61,90.28,12.5,31.94,0.0,0.0,8.33,30.56,0.0,6.94,11.11,18.06,20.83,38.89,Iowa State Cyclones
Nate Schuster,40.0,74.5,1.3,100.0,98.7012987012987,100.0,105.56,48.61,90.28,12.5,31.94,0.0,0.0,8.33,30.56,0.0,6.94,11.11,18.06,20.83,38.89,Iowa State Cyclones
Darlinstone Dubar,160.0,335.0,-5.32,80.18867924528303,85.51136363636364,80.19,94.65,41.82,84.59,8.18,24.84,0.0,0.0,7.23,26.1,0.0,12.89,3.14,22.64,29.25,33.33,Iowa State Cyclones
Tyler Harris,320.0,631.5,-7.16,86.13861386138613,93.30289193302892,86.14,101.16,42.24,94.06,11.72,33.17,0.0,0.0,12.54,28.71,0.0,9.74,2.97,18.48,26.07,41.25,Iowa State Cyclones
Jalen Coleman-Lands,720.0,1411.5,-8.31,85.80882352941175,94.12166780587833,85.81,101.25,43.82,92.13,9.63,29.41,0.0,0.0,11.54,30.66,0.0,8.09,3.9,19.41,25.88,42.2,Iowa State Cyclones
Solomon Young,680.0,1328.0,-8.73,85.68075117370893,94.4121915820029,85.68,101.8,43.9,92.18,9.55,29.66,0.0,0.0,11.58,30.83,0.0,8.06,4.07,19.41,25.9,42.41,Iowa State Cyclones
Tre Jackson,280.0,540.0,-8.82,87.98449612403101,96.80851063829788,87.98,105.81,44.19,93.8,10.08,32.36,0.0,0.0,12.6,31.2,0.0,8.53,2.91,18.8,26.16,43.8,Iowa State Cyclones
Rasir Bolton,600.0,1185.5,-9.54,85.30434782608695,94.84029484029483,85.3,100.7,43.74,91.13,9.48,27.48,0.0,0.0,10.17,29.74,0.0,8.17,4.26,19.04,25.3,39.91,Iowa State Cyclones
Javan Johnson,560.0,1099.5,-10.93,82.9245283018868,93.8542581211589,82.92,100.85,43.77,91.98,8.21,28.68,0.0,0.0,11.6,30.75,0.0,8.3,3.49,19.62,25.66,42.35,Iowa State Cyclones
George Conditt IV,80.0,167.5,-13.38,79.51807228915662,92.89940828402366,79.52,94.58,40.96,90.96,9.64,25.9,0.0,0.0,7.83,22.89,0.0,12.05,2.41,16.87,22.29,30.72,Iowa State Cyclones
Jaden Walker,320.0,630.0,-15.2,81.35048231511254,96.55172413793103,81.35,99.04,42.77,94.37,9.32,28.14,0.0,0.0,11.41,29.1,0.0,7.4,4.18,17.04,22.67,40.51,Iowa State Cyclones
Hezekiah Quinlan,40.0,71.5,23.4,84.50704225352112,61.111111111111114,84.51,61.97,45.07,94.37,11.27,33.8,0.0,0.0,12.68,36.62,0.0,9.86,5.63,18.31,22.54,49.3,Jackson State Tigers
Ken Evans Jr.,80.0,152.0,15.12,82.0,66.88311688311688,82.0,68.67,42.67,100.67,12.0,30.0,0.0,0.0,19.33,36.67,0.0,12.0,7.33,18.67,24.0,56.0,Jackson State Tigers
Jayveous McKinnis,365.0,720.5,14.79,86.28257887517147,71.48876404494382,86.28,69.82,50.62,101.37,7.13,18.93,0.0,0.0,18.24,36.21,0.0,10.43,4.8,16.87,22.36,54.45,Jackson State Tigers
Tristan Jarrett,370.0,724.0,13.6,85.25033829499323,71.65021156558534,85.25,68.74,51.29,100.54,6.22,19.08,0.0,0.0,17.19,35.99,0.0,9.47,3.92,16.64,22.06,53.18,Jackson State Tigers
Cainan McClelland,410.0,804.5,13.04,84.71882640586797,71.68141592920354,84.72,69.32,50.24,101.1,6.85,19.8,0.0,0.0,17.97,36.06,0.0,9.9,4.4,16.87,22.37,54.03,Jackson State Tigers
Isaiah Williams,370.0,733.0,12.0,84.73895582329317,72.73991655076495,84.74,70.01,50.74,101.74,6.43,18.47,0.0,0.0,18.47,36.01,0.0,9.91,4.28,16.73,22.36,54.48,Jackson State Tigers
Jonas James III,370.0,733.0,12.0,84.73895582329317,72.73991655076495,84.74,70.01,50.74,101.74,6.43,18.47,0.0,0.0,18.47,36.01,0.0,9.91,4.28,16.73,22.36,54.48,Jackson State Tigers
Darius Hicks,45.0,84.0,-1.51,71.91011235955057,73.41772151898735,71.91,65.17,47.19,98.88,4.49,26.97,0.0,0.0,15.73,34.83,0.0,5.62,1.12,16.85,22.47,50.56,Jackson State Tigers
Corey Romich,80.0,149.5,10.19,89.79591836734694,79.60526315789474,89.8,82.31,46.94,91.16,8.16,27.21,0.0,0.0,10.88,34.69,0.0,10.88,0.68,19.73,25.17,45.57,Jacksonville Dolphins
Kevion Nolan,285.0,555.5,-0.38,91.17117117117117,91.54676258992805,91.17,91.71,50.27,97.48,7.93,24.5,0.0,0.0,12.97,29.55,0.0,10.27,2.16,15.5,22.34,42.52,Jacksonville Dolphins
Bryce Workman,445.0,845.0,-6.01,86.05200945626478,92.06161137440758,86.05,91.84,47.28,95.86,8.27,26.71,0.0,0.0,13.0,31.09,0.0,10.17,2.72,17.14,21.63,44.09,Jacksonville Dolphins
Mo Arnold,565.0,1053.5,-6.33,85.97156398104265,92.30038022813687,85.97,92.04,46.92,96.02,8.63,28.15,0.0,0.0,13.27,32.13,0.0,9.67,3.03,17.25,21.04,45.4,Jacksonville Dolphins
Tyreese Davis,565.0,1053.5,-6.33,85.97156398104265,92.30038022813687,85.97,92.04,46.92,96.02,8.63,28.15,0.0,0.0,13.27,32.13,0.0,9.67,3.03,17.25,21.04,45.4,Jacksonville Dolphins
Cameron Boozer,120.0,208.5,-7.62,85.64593301435407,93.26923076923077,85.65,92.82,45.45,96.65,10.05,33.97,0.0,0.0,14.35,36.36,0.0,7.66,4.31,17.7,18.66,50.71,Jacksonville Dolphins
Dontarius James,485.0,904.0,-9.09,85.35242290748899,94.44444444444444,85.35,93.61,46.92,96.81,8.7,28.3,0.0,0.0,13.66,31.72,0.0,9.47,3.41,16.85,20.37,45.38,Jacksonville Dolphins
Trey Sides,280.0,498.0,-12.95,80.2,93.14516129032258,80.2,92.4,43.2,94.4,9.4,32.2,0.0,0.0,13.6,35.0,0.0,9.0,4.0,19.2,19.6,48.6,Jacksonville Dolphins
Brandon Huffman,770.0,1419.0,6.39,98.66853538892782,92.27498228206944,98.67,91.24,52.14,99.16,10.79,29.71,0.0,0.0,16.12,36.44,0.0,6.24,4.91,16.96,20.18,52.56,Jacksonville State Gamecocks
Kayne Henry,815.0,1514.0,4.73,97.63313609467455,92.899800928998,97.63,92.04,51.94,98.75,10.19,28.99,0.0,0.0,16.24,36.36,0.0,6.18,4.87,17.49,20.38,52.6,Jacksonville State Gamecocks
Darian Adams,855.0,1582.0,3.99,96.67294413057125,92.67982176957352,96.67,91.4,51.48,98.87,10.11,29.13,0.0,0.0,16.07,36.35,0.0,6.15,4.83,17.2,20.4,52.42,Jacksonville State Gamecocks
Jalen Finch,855.0,1582.0,3.99,96.67294413057125,92.67982176957352,96.67,91.4,51.48,98.87,10.11,29.13,0.0,0.0,16.07,36.35,0.0,6.15,4.83,17.2,20.4,52.42,Jacksonville State Gamecocks
Jay Pal,815.0,1511.0,3.4,96.12860892388451,92.72363150867824,96.13,91.14,51.12,98.82,10.1,29.46,0.0,0.0,15.75,36.02,0.0,5.97,4.99,16.93,20.41,51.77,Jacksonville State Gamecocks
Martin Roub,85.0,158.0,2.06,88.67924528301887,86.62420382165605,88.68,85.53,50.31,100.63,6.29,23.27,0.0,0.0,22.01,43.4,0.0,6.92,3.77,21.38,18.87,65.41,Jacksonville State Gamecocks
Demaree King,40.0,68.0,-11.11,76.38888888888889,87.5,76.39,77.78,41.67,101.39,8.33,31.94,0.0,0.0,12.5,36.11,0.0,5.56,4.17,11.11,20.83,48.61,Jacksonville State Gamecocks
Amanze Ngumezi,40.0,76.0,-25.0,86.8421052631579,111.8421052631579,86.84,111.84,48.68,90.79,5.26,23.68,0.0,0.0,9.21,26.32,0.0,6.58,2.63,18.42,27.63,35.53,Jacksonville State Gamecocks
Matt Lewis,360.0,713.0,7.3,94.99304589707927,87.6944837340877,94.99,86.23,51.46,103.48,11.27,31.29,0.0,0.0,17.25,33.94,0.0,8.62,2.23,13.77,21.84,51.19,James Madison Dukes
Justin Amadi,400.0,791.5,6.56,94.6047678795483,88.04071246819338,94.6,86.83,51.32,103.26,10.92,31.37,0.0,0.0,16.94,34.13,0.0,8.66,2.63,13.68,22.08,51.07,James Madison Dukes
Julien Wooden,440.0,868.0,5.6,95.41284403669725,89.81481481481481,95.41,88.99,51.72,103.21,10.89,30.62,0.0,0.0,16.86,33.26,0.0,8.83,2.75,13.65,21.9,50.12,James Madison Dukes
Vado Morse,440.0,868.0,5.6,95.41284403669725,89.81481481481481,95.41,88.99,51.72,103.21,10.89,30.62,0.0,0.0,16.86,33.26,0.0,8.83,2.75,13.65,21.9,50.12,James Madison Dukes
Terell Strickland,400.0,789.5,4.9,94.58438287153652,89.68152866242039,94.58,88.66,51.64,103.15,10.08,29.6,0.0,0.0,16.75,34.01,0.0,9.07,2.64,13.6,21.79,50.76,James Madison Dukes
Terrence Edwards,120.0,233.5,2.96,99.56709956709958,96.61016949152543,99.57,98.7,52.81,102.6,12.55,32.03,0.0,0.0,16.02,28.57,0.0,8.66,4.76,13.42,22.51,44.59,James Madison Dukes
Zach Jacobs,40.0,76.5,-3.69,104.0,107.6923076923077,104.0,112.0,56.0,102.67,10.67,22.67,0.0,0.0,16.0,24.0,0.0,10.67,4.0,13.33,20.0,40.0,James Madison Dukes
Jacob Johnson,240.0,419.0,6.17,88.67469879518072,82.50591016548464,88.67,84.1,46.75,92.05,9.64,23.61,0.0,0.0,9.16,32.53,0.0,10.36,2.65,17.11,26.99,41.69,Kansas City Roos
Arkel Lamar,80.0,134.5,4.34,89.23076923076924,84.89208633093526,89.23,90.77,45.38,100.0,11.54,30.0,0.0,0.0,12.31,29.23,0.0,11.54,3.85,12.31,31.54,41.54,Kansas City Roos
Sam Martin,80.0,134.5,4.34,89.23076923076924,84.89208633093526,89.23,90.77,45.38,100.0,11.54,30.0,0.0,0.0,12.31,29.23,0.0,11.54,3.85,12.31,31.54,41.54,Kansas City Roos
Franck Kamgain,440.0,793.0,3.24,89.73042362002568,86.49318463444857,89.73,89.6,48.78,93.45,8.99,24.39,0.0,0.0,9.88,29.78,0.0,9.76,2.7,16.43,29.78,39.66,Kansas City Roos
Zion Williams,520.0,939.5,2.54,89.47939262472885,86.93834900731451,89.48,90.24,48.48,94.03,9.11,25.38,0.0,0.0,10.74,30.59,0.0,9.44,2.6,16.7,30.04,41.33,Kansas City Roos
Brandon McKissic,400.0,727.0,2.39,87.65603328710125,85.26603001364256,87.66,86.69,48.4,93.07,8.18,24.13,0.0,0.0,10.68,32.59,0.0,9.15,2.36,17.61,28.57,43.27,Kansas City Roos
Josiah Allick,440.0,805.0,2.23,89.52020202020202,87.28606356968214,89.52,90.15,48.99,93.06,8.71,24.62,0.0,0.0,10.48,30.81,0.0,9.09,2.4,17.42,29.8,41.29,Kansas City Roos
Demarius Pitts,160.0,301.5,0.35,91.55405405405406,91.20521172638436,91.55,94.59,50.34,92.57,8.78,26.01,0.0,0.0,10.47,28.04,0.0,8.78,2.36,17.91,33.45,38.51,Kansas City Roos
Marvin Nesbitt Jr.,240.0,443.5,-0.68,91.52941176470588,92.20779220779221,91.53,100.24,49.41,97.88,9.88,29.18,0.0,0.0,13.65,28.94,0.0,8.24,2.59,15.76,33.18,42.59,Kansas City Roos
Dajuan Harris Jr.,40.0,73.5,32.23,122.36842105263158,90.14084507042254,122.37,84.21,65.79,107.89,10.53,26.32,0.0,0.0,18.42,35.53,0.0,6.58,5.26,10.53,15.79,53.95,Kansas Jayhawks
David McCormack,685.0,1292.5,9.41,92.33152594887683,82.92117465224112,92.33,83.11,49.26,98.3,9.45,28.89,0.0,0.0,14.64,35.09,0.0,7.9,5.89,16.34,20.37,49.73,Kansas Jayhawks
Christian Braun,725.0,1365.5,9.29,92.38095238095238,83.08931185944363,92.38,83.15,49.16,97.88,9.52,28.94,0.0,0.0,14.21,34.8,0.0,8.21,5.64,16.34,20.0,49.01,Kansas Jayhawks
Jalen Wilson,725.0,1365.5,9.29,92.38095238095238,83.08931185944363,92.38,83.15,49.16,97.88,9.52,28.94,0.0,0.0,14.21,34.8,0.0,8.21,5.64,16.34,20.0,49.01,Kansas Jayhawks
Ochai Agbaji,725.0,1365.5,9.29,92.38095238095238,83.08931185944363,92.38,83.15,49.16,97.88,9.52,28.94,0.0,0.0,14.21,34.8,0.0,8.21,5.64,16.34,20.0,49.01,Kansas Jayhawks
Marcus Garrett,685.0,1292.0,7.91,90.61287820015515,82.70270270270271,90.61,83.09,48.18,97.28,9.46,29.09,0.0,0.0,13.96,34.76,0.0,8.3,5.66,16.68,20.25,48.72,Kansas Jayhawks
Bryce Thompson,40.0,73.0,7.13,93.24324324324324,86.11111111111111,93.24,83.78,47.3,90.54,10.81,29.73,0.0,0.0,6.76,29.73,0.0,13.51,1.35,16.22,13.51,36.49,Kansas Jayhawks
Selton Miguel,760.0,1415.5,-10.07,81.43669985775249,91.50877192982456,81.44,92.75,43.74,94.38,7.97,28.38,0.0,0.0,14.3,31.22,0.0,7.18,1.56,19.91,23.4,45.52,Kansas State Wildcats
Nijel Pack,600.0,1128.5,-10.16,83.45132743362832,93.61135758651287,83.45,93.36,45.22,94.42,8.41,29.03,0.0,0.0,13.1,29.56,0.0,8.23,1.68,18.67,22.48,42.66,Kansas State Wildcats
Davion Bradford,800.0,1502.5,-13.26,80.37383177570094,93.62972793629729,80.37,94.19,43.46,93.66,7.81,28.04,0.0,0.0,13.75,30.51,0.0,7.28,1.47,20.09,23.03,44.26,Kansas State Wildcats
Mike McGuirl,800.0,1502.5,-13.26,80.37383177570094,93.62972793629729,80.37,94.19,43.46,93.66,7.81,28.04,0.0,0.0,13.75,30.51,0.0,7.28,1.47,20.09,23.03,44.26,Kansas State Wildcats
Antonio Gordon,320.0,590.5,-13.65,78.63247863247864,92.28187919463086,78.63,94.02,42.05,94.7,7.86,27.18,0.0,0.0,14.53,32.99,0.0,5.98,1.88,19.83,23.76,47.52,Kansas State Wildcats
DaJuan Gordon,520.0,985.0,-13.76,80.06103763987792,93.81965552178319,80.06,94.2,43.74,93.08,7.53,28.48,0.0,0.0,13.73,29.09,0.0,8.04,1.12,20.65,22.89,42.82,Kansas State Wildcats
Rudi Williams,160.0,301.0,-22.57,73.15436241610739,95.72368421052632,73.15,97.65,38.59,90.6,6.38,24.5,0.0,0.0,14.77,33.89,0.0,3.69,1.01,24.16,24.16,48.66,Kansas State Wildcats
Kaosi Ezeagu,40.0,87.0,-66.36,64.13043478260869,130.4878048780488,64.13,116.3,39.13,82.61,5.43,22.83,0.0,0.0,5.43,19.57,0.0,8.7,0.0,22.83,17.39,25.0,Kansas State Wildcats
Armani Harris,80.0,162.5,-5.28,73.88535031847134,79.16666666666666,73.89,84.71,40.76,88.54,7.64,22.29,0.0,0.0,9.55,33.76,0.0,4.46,3.18,21.02,30.57,43.31,Kennesaw State Owls
Cole LaRue,80.0,154.0,-7.79,75.97402597402598,83.76623376623377,75.97,83.77,40.91,98.7,8.44,27.27,0.0,0.0,13.64,25.97,0.0,7.14,1.3,14.94,26.62,39.61,Kennesaw State Owls
Kasen Jennings,360.0,717.5,-7.96,83.59046283309958,91.55124653739612,83.59,92.71,45.72,93.41,8.56,26.51,0.0,0.0,10.94,28.47,0.0,6.73,2.24,17.53,24.68,39.41,Kennesaw State Owls
Alex Peterson,560.0,1078.5,-12.04,80.72289156626506,92.76437847866418,80.72,92.68,44.02,92.12,8.06,26.32,0.0,0.0,10.66,30.21,0.0,7.04,2.5,18.54,23.26,40.87,Kennesaw State Owls
Chris Youngblood,600.0,1150.5,-12.14,80.4006968641115,92.54119687771032,80.4,92.94,43.55,92.51,8.19,26.48,0.0,0.0,10.89,30.14,0.0,6.97,2.53,18.38,23.61,41.03,Kennesaw State Owls
Spencer Rodgers,600.0,1150.5,-12.14,80.4006968641115,92.54119687771032,80.4,92.94,43.55,92.51,8.19,26.48,0.0,0.0,10.89,30.14,0.0,6.97,2.53,18.38,23.61,41.03,Kennesaw State Owls
Brandon Stroud,480.0,906.0,-14.35,81.89845474613686,96.24724061810154,81.9,96.25,43.93,92.6,8.39,27.26,0.0,0.0,10.93,30.13,0.0,7.28,2.65,18.32,22.3,41.06,Kennesaw State Owls
Terrell Burden,240.0,433.0,-19.03,75.17241379310344,94.19953596287704,75.17,93.33,40.0,91.03,7.59,26.44,0.0,0.0,10.8,32.87,0.0,7.36,2.99,19.77,21.84,43.67,Kennesaw State Owls
Michael Nuga,360.0,742.5,7.4,100.0,92.59757738896366,100.0,92.72,54.04,100.67,10.24,30.05,0.0,0.0,17.52,32.75,0.0,8.09,4.31,16.85,21.56,50.27,Kent State Golden Flashes
Justyn Hamilton,680.0,1342.5,4.82,96.51593773165308,91.69161676646706,96.52,90.81,52.71,99.41,10.08,29.8,0.0,0.0,16.23,33.73,0.0,7.93,4.23,16.83,21.5,49.96,Kent State Golden Flashes
Danny Pippen,600.0,1174.5,3.65,95.00423370025402,91.3527397260274,95.0,90.35,52.33,100.08,9.57,29.38,0.0,0.0,17.27,34.38,0.0,7.62,4.57,17.19,21.34,51.65,Kent State Golden Flashes
Tervell Beck,680.0,1340.0,2.77,95.0333580429948,92.26145755071374,95.03,91.03,52.19,98.74,9.64,29.8,0.0,0.0,15.79,32.54,0.0,8.15,3.63,17.05,21.35,48.33,Kent State Golden Flashes
Giovanni Santiago,760.0,1496.5,2.39,94.8769128409847,92.48322147651007,94.88,91.68,51.7,99.33,9.85,30.34,0.0,0.0,16.43,33.07,0.0,7.98,4.06,17.1,21.29,49.5,Kent State Golden Flashes
Malique Jacobs,400.0,759.0,-0.77,91.84210526315789,92.61213720316623,91.84,92.37,49.87,99.61,9.61,30.92,0.0,0.0,16.84,34.21,0.0,8.03,4.74,17.24,20.79,51.05,Kent State Golden Flashes
Evan Bainbridge,120.0,234.5,-3.95,89.27038626609442,93.22033898305084,89.27,94.42,46.78,95.28,9.44,34.76,0.0,0.0,13.73,27.9,0.0,9.87,1.72,18.45,21.89,41.63,Kent State Golden Flashes
Jeremiah Hernandez,120.0,239.0,-5.24,92.62295081967213,97.86324786324786,92.62,93.85,49.18,97.95,12.3,32.79,0.0,0.0,13.93,31.97,0.0,6.56,3.28,15.98,20.9,45.9,Kent State Golden Flashes
Gabe O'Neal,40.0,79.0,-15.35,85.8974358974359,101.25,85.9,103.85,46.15,100.0,7.69,34.62,0.0,0.0,16.67,25.64,0.0,8.97,2.56,16.67,17.95,42.31,Kent State Golden Flashes
James Jordan,40.0,75.0,-22.3,75.0,97.2972972972973,75.0,94.74,39.47,97.37,7.89,35.53,0.0,0.0,19.74,28.95,0.0,7.89,2.63,22.37,21.05,48.69,Kent State Golden Flashes
Jacob Toppin,80.0,164.0,15.34,100.0,84.66257668711657,100.0,83.64,49.7,100.0,14.55,32.73,0.0,0.0,13.33,32.12,0.0,7.27,4.24,13.33,20.61,45.45,Kentucky Wildcats
Lance Ware,120.0,224.0,3.21,93.07359307359307,89.86175115207374,93.07,84.42,54.98,98.27,5.19,16.88,0.0,0.0,12.55,34.2,0.0,9.09,9.52,14.29,19.05,46.75,Kentucky Wildcats
Isaiah Jackson,450.0,891.0,1.02,89.95535714285714,88.93905191873588,89.96,87.95,49.0,99.0,9.71,26.0,0.0,0.0,15.74,31.14,0.0,8.59,7.92,16.74,21.99,46.88,Kentucky Wildcats
Brandon Boston Jr.,650.0,1291.5,0.17,89.47772657450076,89.30523028883684,89.48,87.86,50.0,98.69,8.83,24.35,0.0,0.0,14.9,32.18,0.0,8.45,8.06,16.21,22.5,47.08,Kentucky Wildcats
Davion Mintz,690.0,1365.5,-0.3,88.97751994198696,89.27514792899409,88.98,87.53,49.89,98.62,8.41,23.93,0.0,0.0,15.16,32.27,0.0,8.34,8.05,16.53,22.04,47.43,Kentucky Wildcats
Olivier Sarr,690.0,1365.5,-0.3,88.97751994198696,89.27514792899409,88.98,87.53,49.89,98.62,8.41,23.93,0.0,0.0,15.16,32.27,0.0,8.34,8.05,16.53,22.04,47.43,Kentucky Wildcats
Devin Askew,570.0,1126.0,-1.52,87.74250440917108,89.26654740608228,87.74,88.01,49.56,98.59,7.76,22.57,0.0,0.0,15.43,33.16,0.0,8.55,8.64,16.84,22.49,48.59,Kentucky Wildcats
Dontaie Allen,40.0,74.0,-8.21,80.51948051948052,88.73239436619718,80.52,81.82,48.05,97.4,1.3,16.88,0.0,0.0,19.48,33.77,0.0,6.49,7.79,22.08,14.29,53.25,Kentucky Wildcats
Keion Brooks,120.0,250.5,-8.21,81.74603174603175,89.95983935742971,81.75,88.89,48.41,97.62,6.75,23.02,0.0,0.0,15.48,34.52,0.0,6.75,7.14,17.86,25.0,50.0,Kentucky Wildcats
Riley Welch,40.0,75.5,-16.25,83.75,100.0,83.75,88.75,55.0,96.25,5.0,25.0,0.0,0.0,15.0,20.0,0.0,7.5,7.5,18.75,18.75,35.0,Kentucky Wildcats
Aundre Hyatt,400.0,820.5,9.34,102.33990147783251,93.00361881785284,102.34,94.95,53.69,102.96,10.59,28.57,0.0,0.0,15.39,33.74,0.0,7.76,3.45,12.44,21.67,49.13,LSU Tigers
Darius Days,765.0,1579.0,5.02,98.29329962073325,93.2741116751269,98.29,92.92,53.16,101.52,9.67,28.0,0.0,0.0,15.11,31.67,0.0,9.1,3.35,13.59,20.99,46.78,LSU Tigers
Cam Thomas,805.0,1665.5,3.17,96.53317393903168,93.36550060313631,96.53,92.53,52.42,101.2,9.38,27.5,0.0,0.0,14.82,31.5,0.0,9.44,3.53,13.63,20.62,46.32,LSU Tigers
Javonte Smart,805.0,1665.5,3.17,96.53317393903168,93.36550060313631,96.53,92.53,52.42,101.2,9.38,27.5,0.0,0.0,14.82,31.5,0.0,9.44,3.53,13.63,20.62,46.32,LSU Tigers
Trendon Watford,805.0,1665.5,3.17,96.53317393903168,93.36550060313631,96.53,92.53,52.42,101.2,9.38,27.5,0.0,0.0,14.82,31.5,0.0,9.44,3.53,13.63,20.62,46.32,LSU Tigers
Mwani Wilkinson,405.0,845.0,-2.67,91.05691056910568,93.72738238841978,91.06,90.24,51.22,99.54,8.25,26.48,0.0,0.0,14.29,29.38,0.0,11.03,3.6,14.75,19.63,43.67,LSU Tigers
Josh LeBlanc Sr.,40.0,86.5,-29.19,65.93406593406593,95.1219512195122,65.93,85.71,39.56,95.6,4.4,18.68,0.0,0.0,9.89,28.57,0.0,15.38,6.59,14.29,14.29,38.46,LSU Tigers
Anwar Gill,160.0,310.5,2.66,88.33333333333333,85.66978193146417,88.33,91.67,41.67,94.0,11.67,35.0,0.0,0.0,12.67,31.67,0.0,11.33,4.0,18.67,24.67,44.34,La Salle Explorers
Clifton Moore,565.0,1084.5,-2.81,91.60377358490565,94.40937781785392,91.6,98.77,47.45,97.17,10.38,32.17,0.0,0.0,15.66,29.15,0.0,10.38,3.21,18.49,23.49,44.81,La Salle Explorers
Jack Clark,485.0,938.5,-3.2,90.61810154525386,93.82080329557158,90.62,100.55,45.81,98.79,10.38,33.0,0.0,0.0,16.45,31.02,0.0,9.38,3.31,17.66,24.72,47.47,La Salle Explorers
Jhamir Brickus,685.0,1335.0,-3.53,91.56441717791411,95.09516837481698,91.56,99.62,47.32,96.86,9.97,30.21,0.0,0.0,15.49,30.06,0.0,9.82,3.37,18.63,23.01,45.55,La Salle Explorers
David Beatty,400.0,771.5,-4.26,90.1726427622842,94.43037974683544,90.17,99.07,45.02,93.89,10.36,30.68,0.0,0.0,13.15,32.4,0.0,10.09,4.25,19.26,22.05,45.55,La Salle Explorers
Scott Spencer,320.0,619.5,-7.1,91.62561576354679,98.73015873015873,91.63,102.13,47.95,93.27,9.52,26.93,0.0,0.0,13.14,31.2,0.0,9.2,3.78,19.87,21.18,44.34,La Salle Explorers
Christian Ray,485.0,929.5,-7.52,92.69356597600873,100.21231422505308,92.69,102.94,49.51,97.82,9.27,29.44,0.0,0.0,16.25,28.14,0.0,10.14,3.16,18.43,21.7,44.39,La Salle Explorers
Sherif Gross-Bullock,365.0,691.5,-7.86,92.0,99.85875706214689,92.0,104.74,48.89,99.56,9.48,31.56,0.0,0.0,17.04,27.85,0.0,9.48,2.67,17.48,23.7,44.89,La Salle Explorers
Jared Kimbrough,160.0,314.5,-11.66,90.19607843137256,101.85758513931889,90.2,107.52,45.75,95.1,8.5,25.49,0.0,0.0,13.73,33.66,0.0,7.84,4.25,18.63,20.92,47.39,La Salle Explorers
Sean Good,40.0,76.0,13.16,106.49350649350649,93.33333333333333,106.49,90.91,55.84,94.81,15.58,37.66,0.0,0.0,10.39,32.47,0.0,7.79,9.09,15.58,18.18,42.86,Lafayette Leopards
Dylan Hastings,325.0,638.0,6.41,97.33124018838305,90.92331768388107,97.33,91.21,51.96,100.47,10.83,30.46,0.0,0.0,13.34,32.97,0.0,8.63,4.24,12.87,23.7,46.31,Lafayette Leopards
Ty Perry,580.0,1139.0,2.84,95.97197898423818,93.13380281690141,95.97,92.64,51.66,99.3,10.77,29.77,0.0,0.0,12.26,33.01,0.0,8.14,4.2,12.96,22.77,45.27,Lafayette Leopards
Justin Jaworski,620.0,1222.0,0.63,94.86970684039088,94.24342105263158,94.87,93.32,51.38,98.53,10.5,29.15,0.0,0.0,11.81,32.74,0.0,7.74,4.15,13.27,22.8,44.55,Lafayette Leopards
Leo O'Boyle,580.0,1146.0,0.47,94.78260869565217,94.30823117338004,94.78,93.65,51.48,98.7,10.52,28.96,0.0,0.0,11.91,32.7,0.0,7.83,4.09,13.22,23.04,44.61,Lafayette Leopards
Neal Quinn,540.0,1070.0,-0.43,93.9422180801491,94.3767572633552,93.94,93.85,51.16,98.97,10.16,28.33,0.0,0.0,12.02,32.71,0.0,7.83,3.73,13.05,23.39,44.73,Lafayette Leopards
E.J. Stephens,120.0,235.0,-5.35,93.7759336099585,99.12663755458514,93.78,94.19,51.04,92.95,10.79,29.88,0.0,0.0,8.71,31.54,0.0,5.39,5.81,15.77,20.33,40.25,Lafayette Leopards
Kyle Jenkins,295.0,584.0,-7.04,90.87837837837837,97.91666666666666,90.88,95.27,50.0,96.62,9.46,27.03,0.0,0.0,10.14,32.6,0.0,6.59,3.55,13.51,21.96,42.74,Lafayette Leopards
David Muoka,530.0,991.0,-0.18,90.22177419354838,90.40404040404042,90.22,90.22,48.49,95.16,8.06,20.77,0.0,0.0,13.1,33.37,0.0,10.08,6.85,17.94,20.97,46.47,Lamar Cardinals
Ellis Jefferson,489.9,920.0,-1.7,89.75188781014025,91.45673603504929,89.75,90.08,48.65,95.47,7.77,22.11,0.0,0.0,13.05,32.79,0.0,9.39,6.9,17.58,21.68,45.84,Lamar Cardinals
Davion Buster,689.9,1308.0,-4.06,88.61911987860395,92.68104776579354,88.62,91.27,48.18,94.76,7.66,21.24,0.0,0.0,12.67,31.94,0.0,9.64,6.37,17.91,21.17,44.61,Lamar Cardinals
Kasen Harrison,729.9,1386.0,-4.51,88.66571018651362,93.17851959361393,88.67,92.11,48.28,95.55,7.53,20.88,0.0,0.0,13.34,31.64,0.0,10.11,6.1,17.79,20.59,44.98,Lamar Cardinals
Avery Sullivan,769.9,1465.0,-5.01,88.46675712347354,93.47527472527473,88.47,92.33,48.44,95.66,7.33,20.9,0.0,0.0,13.36,31.61,0.0,9.91,6.11,17.71,20.9,44.97,Lamar Cardinals
Quinlan Bennett,280.0,545.0,-10.58,86.28884826325411,96.86924493554328,86.29,96.16,48.08,95.98,6.58,18.83,0.0,0.0,13.89,29.62,0.0,10.79,4.75,17.92,19.56,43.51,Lamar Cardinals
Anderson Kopp,359.9,710.0,-14.48,85.37604456824512,99.85754985754986,85.38,97.63,49.16,98.19,5.29,20.47,0.0,0.0,15.04,28.55,0.0,9.75,4.6,16.85,20.89,43.59,Lamar Cardinals
Reed Fenton,365.0,710.0,-4.36,88.98426323319028,93.34257975034674,88.98,96.28,48.07,97.28,6.01,18.6,0.0,0.0,13.16,32.47,0.0,7.87,2.43,15.88,24.03,45.63,Lehigh Mountain Hawks
Jake Betlow,365.0,731.0,-5.84,89.30555555555556,95.14824797843666,89.31,98.06,49.86,98.33,5.69,17.36,0.0,0.0,14.72,33.33,0.0,6.67,3.06,16.39,24.03,48.05,Lehigh Mountain Hawks
Jeameril Wilson,165.0,310.0,-6.04,92.3841059602649,98.42767295597484,92.38,103.64,50.0,96.03,4.64,13.58,0.0,0.0,11.26,31.79,0.0,6.62,1.99,15.23,26.49,43.05,Lehigh Mountain Hawks
Jakob Alamudun,80.0,157.5,-6.97,85.62091503267973,92.5925925925926,85.62,98.04,47.71,98.04,4.58,17.65,0.0,0.0,14.38,33.33,0.0,7.19,3.92,16.34,26.8,47.71,Lehigh Mountain Hawks
Marques Wilson,605.0,1198.5,-8.13,86.08768971332209,94.21965317919076,86.09,96.21,47.39,96.88,6.16,19.48,0.0,0.0,13.66,33.05,0.0,7.59,2.7,16.78,22.93,46.71,Lehigh Mountain Hawks
Nic Lynch,605.0,1198.5,-8.13,86.08768971332209,94.21965317919076,86.09,96.21,47.39,96.88,6.16,19.48,0.0,0.0,13.66,33.05,0.0,7.59,2.7,16.78,22.93,46.71,Lehigh Mountain Hawks
Ben Li,360.0,731.0,-9.17,83.58413132694939,92.74965800273598,83.58,92.75,46.24,96.99,7.11,22.3,0.0,0.0,14.5,33.52,0.0,8.07,2.74,17.51,20.66,48.02,Lehigh Mountain Hawks
Evan Taylor,400.0,808.5,-10.16,83.16831683168317,93.32509270704573,83.17,93.44,46.04,96.91,6.93,22.03,0.0,0.0,14.36,33.66,0.0,8.17,2.72,17.45,20.79,48.02,Lehigh Mountain Hawks
Jalin Sinclair,80.0,147.5,-26.25,72.41379310344827,98.66666666666667,72.41,102.07,39.31,87.59,4.83,20.0,0.0,0.0,6.9,31.03,0.0,7.59,2.07,19.31,24.14,37.93,Lehigh Mountain Hawks
Drake Dobbs,40.0,67.5,19.29,107.35294117647058,88.05970149253731,107.35,86.76,55.88,98.53,13.24,33.82,0.0,0.0,14.71,42.65,0.0,7.35,0.0,16.18,19.12,57.36,Liberty Flames
Blake Preston,640.0,1118.0,17.13,103.23450134770889,86.1086375779163,103.23,86.88,52.65,96.77,12.94,33.78,0.0,0.0,10.78,39.17,0.0,5.03,3.41,14.02,21.56,49.95,Liberty Flames
Darius McGhee,640.0,1118.0,17.13,103.23450134770889,86.1086375779163,103.23,86.88,52.65,96.77,12.94,33.78,0.0,0.0,10.78,39.17,0.0,5.03,3.41,14.02,21.56,49.95,Liberty Flames
Elijah Cuffee,640.0,1118.0,17.13,103.23450134770889,86.1086375779163,103.23,86.88,52.65,96.77,12.94,33.78,0.0,0.0,10.78,39.17,0.0,5.03,3.41,14.02,21.56,49.95,Liberty Flames
Kyle Rode,640.0,1118.0,17.13,103.23450134770889,86.1086375779163,103.23,86.88,52.65,96.77,12.94,33.78,0.0,0.0,10.78,39.17,0.0,5.03,3.41,14.02,21.56,49.95,Liberty Flames
Chris Parker,600.0,1050.5,16.98,102.96650717703348,85.98484848484848,102.97,86.89,52.44,96.65,12.92,33.78,0.0,0.0,10.53,38.95,0.0,4.88,3.64,13.88,21.72,49.48,Liberty Flames
Will Pruitt,80.0,159.5,17.01,95.625,78.61635220125787,95.62,78.12,50.0,96.25,10.0,30.0,0.0,0.0,9.38,33.75,0.0,9.38,0.62,13.12,22.5,43.13,Lipscomb Bisons
Carson Cary,40.0,80.0,1.86,92.7710843373494,90.9090909090909,92.77,84.34,54.22,100.0,6.02,20.48,0.0,0.0,4.82,38.55,0.0,2.41,0.0,4.82,16.87,43.37,Lipscomb Bisons
Parker Hazen,160.0,308.0,1.61,88.60759493670885,87.0,88.61,82.59,49.05,94.94,7.91,24.68,0.0,0.0,7.28,34.81,0.0,7.28,0.95,12.34,19.3,42.09,Lipscomb Bisons
Ahsan Asadullah,640.0,1191.0,-2.56,90.64807219031994,93.20722269991401,90.65,88.93,50.04,96.88,8.7,26.74,0.0,0.0,12.14,34.04,0.0,7.71,3.04,15.26,18.46,46.18,Lipscomb Bisons
KJ Johnson,640.0,1191.0,-2.56,90.64807219031994,93.20722269991401,90.65,88.93,50.04,96.88,8.7,26.74,0.0,0.0,12.14,34.04,0.0,7.71,3.04,15.26,18.46,46.18,Lipscomb Bisons
Romeao Ferguson,640.0,1191.0,-2.56,90.64807219031994,93.20722269991401,90.65,88.93,50.04,96.88,8.7,26.74,0.0,0.0,12.14,34.04,0.0,7.71,3.04,15.26,18.46,46.18,Lipscomb Bisons
Jake Wolfe,480.0,883.0,-4.0,91.36212624584718,95.36500579374277,91.36,91.14,50.39,97.56,8.97,27.46,0.0,0.0,13.84,33.78,0.0,7.86,3.77,16.28,18.16,47.62,Lipscomb Bisons
Greg Jones,520.0,951.5,-6.25,89.65163934426229,95.90075512405609,89.65,91.09,49.69,96.72,8.71,26.74,0.0,0.0,13.22,33.71,0.0,7.89,3.69,16.5,17.93,46.93,Lipscomb Bisons
Jovan Stulic,285.0,538.5,0.19,92.11009174311927,91.9172932330827,92.11,89.72,52.29,95.23,7.52,22.39,0.0,0.0,15.23,34.86,0.0,7.16,5.5,20.0,19.08,50.09,Little Rock Trojans
Marko Andric,490.0,895.0,-1.18,90.47619047619048,91.65727170236752,90.48,90.03,50.72,95.46,8.19,25.36,0.0,0.0,15.95,33.55,0.0,8.42,4.98,20.49,20.27,49.5,Little Rock Trojans
Ben Coupet Jr.,769.7,1399.0,-3.92,88.12720848056537,92.04627621113521,88.13,89.96,49.54,96.61,7.49,24.66,0.0,0.0,16.54,33.57,0.0,8.13,4.81,19.93,20.42,50.11,Little Rock Trojans
Nikola Maric,769.7,1399.0,-3.92,88.12720848056537,92.04627621113521,88.13,89.96,49.54,96.61,7.49,24.66,0.0,0.0,16.54,33.57,0.0,8.13,4.81,19.93,20.42,50.11,Little Rock Trojans
Ruot Monyyong,769.7,1399.0,-3.92,88.12720848056537,92.04627621113521,88.13,89.96,49.54,96.61,7.49,24.66,0.0,0.0,16.54,33.57,0.0,8.13,4.81,19.93,20.42,50.11,Little Rock Trojans
Isaiah Palermo,245.0,419.5,-5.58,85.30805687203792,90.88729016786571,85.31,89.81,46.68,94.55,9.0,29.62,0.0,0.0,16.11,31.52,0.0,10.19,3.79,21.56,22.27,47.63,Little Rock Trojans
CJ White,239.7,441.0,-7.38,85.9375,93.31797235023042,85.94,90.4,48.88,100.22,6.03,22.77,0.0,0.0,18.53,33.93,0.0,7.37,4.91,18.3,20.31,52.46,Little Rock Trojans
Marko Lukic,239.7,441.0,-7.38,85.9375,93.31797235023042,85.94,90.4,48.88,100.22,6.03,22.77,0.0,0.0,18.53,33.93,0.0,7.37,4.91,18.3,20.31,52.46,Little Rock Trojans
Markquis Nowell,40.0,63.0,-18.4,70.3125,88.70967741935483,70.31,85.94,37.5,87.5,7.81,28.12,0.0,0.0,10.94,31.25,0.0,9.38,1.56,23.44,23.44,42.19,Little Rock Trojans
Jordan Roberts,80.0,173.5,17.43,104.24242424242425,86.81318681318682,104.24,95.76,52.73,98.18,11.52,25.45,0.0,0.0,16.36,35.76,0.0,7.88,1.21,18.18,25.45,52.12,Long Beach State Beach
Chance Hunter,495.0,1006.5,0.05,86.51348651348651,86.46245059288538,86.51,87.41,46.75,92.61,8.69,24.68,0.0,0.0,12.89,35.66,0.0,7.99,3.8,20.28,22.58,48.55,Long Beach State Beach
Jadon Jones,500.0,1018.5,-0.58,88.95522388059702,89.53488372093024,88.96,91.94,47.46,91.74,9.55,25.07,0.0,0.0,12.24,32.94,0.0,7.46,3.78,20.5,24.08,45.18,Long Beach State Beach
Isaiah Washington,495.0,1009.0,-0.62,88.93320039880359,89.55665024630541,88.93,90.63,47.86,93.52,9.67,25.92,0.0,0.0,12.56,33.8,0.0,7.58,3.29,19.04,23.63,46.36,Long Beach State Beach
Joe Hampton,580.0,1182.0,-0.73,87.82978723404256,88.56181665264928,87.83,89.62,47.74,92.77,9.02,24.85,0.0,0.0,12.51,33.87,0.0,7.57,3.83,19.74,23.4,46.38,Long Beach State Beach
Michael Carter III,375.0,755.0,-1.96,87.03703703703704,88.9920424403183,87.04,88.76,49.07,92.99,7.8,23.54,0.0,0.0,11.51,32.8,0.0,7.54,4.63,18.52,23.68,44.31,Long Beach State Beach
Trever Irish,335.0,686.5,-2.92,85.21739130434783,88.14055636896046,85.22,87.25,47.97,91.3,8.55,23.77,0.0,0.0,11.59,33.19,0.0,6.81,4.49,20.29,23.62,44.78,Long Beach State Beach
RJ Rhoden,40.0,79.0,-21.09,72.5,93.58974358974359,72.5,91.25,37.5,97.5,8.75,31.25,0.0,0.0,20.0,36.25,0.0,10.0,3.75,22.5,13.75,56.25,Long Beach State Beach
Jack Ballantyne,40.0,86.0,14.6,79.3103448275862,64.70588235294117,79.31,63.22,48.28,98.85,4.6,17.24,0.0,0.0,16.09,32.18,0.0,4.6,4.6,17.24,24.14,48.27,Long Island University Sharks
Tre Wood,120.0,235.0,0.67,86.0655737704918,85.39823008849558,86.07,79.1,47.13,104.92,8.61,31.97,0.0,0.0,25.82,27.05,0.0,12.7,6.15,20.9,18.44,52.87,Long Island University Sharks
Alex Rivera,680.0,1407.5,0.56,87.73651016117729,87.1757925072046,87.74,84.79,47.16,98.95,8.9,30.69,0.0,0.0,16.68,30.76,0.0,10.37,4.56,17.73,20.81,47.44,Long Island University Sharks
Eral Penn,680.0,1407.5,0.56,87.73651016117729,87.1757925072046,87.74,84.79,47.16,98.95,8.9,30.69,0.0,0.0,16.68,30.76,0.0,10.37,4.56,17.73,20.81,47.44,Long Island University Sharks
Jermaine Jackson Jr.,560.0,1172.5,0.56,88.08114961961115,87.52151462994836,88.08,85.97,47.17,97.72,8.96,30.43,0.0,0.0,14.79,31.53,0.0,9.89,4.23,17.08,21.3,46.32,Long Island University Sharks
Ty Flowers,680.0,1407.5,0.56,87.73651016117729,87.1757925072046,87.74,84.79,47.16,98.95,8.9,30.69,0.0,0.0,16.68,30.76,0.0,10.37,4.56,17.73,20.81,47.44,Long Island University Sharks
Virshon Cotton,640.0,1321.5,-0.36,88.28358208955224,88.6415963161934,88.28,86.19,47.09,98.96,9.18,31.57,0.0,0.0,16.72,30.67,0.0,10.75,4.55,17.76,20.6,47.39,Long Island University Sharks
Justin Hill,160.0,291.5,6.13,92.65734265734265,86.53198653198653,92.66,89.86,47.2,91.96,13.64,34.97,0.0,0.0,10.49,32.52,0.0,5.94,2.1,18.53,30.77,43.01,Longwood Lancers
Leslie Nkereuwem,80.0,143.0,3.76,87.31343283582089,83.55263157894737,87.31,94.78,40.3,86.57,16.42,39.55,0.0,0.0,10.45,31.34,0.0,5.22,2.24,23.88,38.81,41.79,Longwood Lancers
DeShaun Wade,760.0,1378.0,0.81,89.4092219020173,88.59649122807018,89.41,87.32,48.05,98.7,9.87,28.03,0.0,0.0,15.42,31.92,0.0,9.37,2.23,16.71,21.76,47.34,Longwood Lancers
Zac Watson,760.0,1382.5,0.8,89.51149425287356,88.71085214857976,89.51,87.5,48.28,98.85,9.7,27.51,0.0,0.0,15.45,32.26,0.0,9.41,2.3,16.59,21.84,47.71,Longwood Lancers
Christian Wilson,880.0,1597.5,0.49,89.38163647720175,88.89585947302385,89.38,88.51,47.72,97.81,10.24,28.61,0.0,0.0,14.93,31.98,0.0,8.87,2.19,17.11,22.99,46.91,Longwood Lancers
Jesper Granlund,880.0,1597.5,0.49,89.38163647720175,88.89585947302385,89.38,88.51,47.72,97.81,10.24,28.61,0.0,0.0,14.93,31.98,0.0,8.87,2.19,17.11,22.99,46.91,Longwood Lancers
Juan Munoz,840.0,1525.5,-0.88,88.7434554973822,89.62573867367038,88.74,89.33,47.51,98.1,9.95,27.95,0.0,0.0,15.31,31.94,0.0,8.97,2.16,17.21,22.64,47.25,Longwood Lancers
Ilija Stefanovic,40.0,72.0,-13.68,90.66666666666666,104.34782608695652,90.67,96.0,50.67,98.67,9.33,29.33,0.0,0.0,13.33,28.0,0.0,5.33,0.0,14.67,16.0,41.33,Longwood Lancers
Brayan Au,365.0,692.5,5.96,98.68421052631578,92.7246790299572,98.68,95.03,51.61,100.15,10.38,24.27,0.0,0.0,17.54,35.23,0.0,6.73,5.41,17.4,23.54,52.77,Louisiana Ragin' Cajuns
Cedric Russell,644.7,1224.0,4.24,96.62273476112027,92.38249594813614,96.62,93.9,51.4,101.15,9.88,25.21,0.0,0.0,19.11,35.09,0.0,6.75,5.27,17.96,23.31,54.2,Louisiana Ragin' Cajuns
Dou Gueye,644.7,1224.0,4.24,96.62273476112027,92.38249594813614,96.62,93.9,51.4,101.15,9.88,25.21,0.0,0.0,19.11,35.09,0.0,6.75,5.27,17.96,23.31,54.2,Louisiana Ragin' Cajuns
Mylik Wilson,684.7,1312.5,4.09,96.92070823710547,92.83559577677225,96.92,94.77,51.42,101.92,9.93,25.25,0.0,0.0,19.48,34.87,0.0,6.85,5.31,17.55,23.17,54.35,Louisiana Ragin' Cajuns
Theo Akwuba,684.7,1312.5,4.09,96.92070823710547,92.83559577677225,96.92,94.77,51.42,101.92,9.93,25.25,0.0,0.0,19.48,34.87,0.0,6.85,5.31,17.55,23.17,54.35,Louisiana Ragin' Cajuns
Ty Harper,279.7,539.0,3.4,94.9438202247191,91.54411764705883,94.94,93.26,50.94,104.68,9.55,26.59,0.0,0.0,22.28,35.39,0.0,6.37,5.43,17.6,22.47,57.67,Louisiana Ragin' Cajuns
Jacobi Gordon,40.0,88.5,2.26,101.17647058823529,98.91304347826086,101.18,107.06,51.76,112.94,10.59,25.88,0.0,0.0,24.71,31.76,0.0,8.24,5.88,11.76,21.18,56.47,Louisiana Ragin' Cajuns
Devin Butts,80.0,169.5,-2.39,98.19277108433735,100.57803468208093,98.19,104.82,52.41,106.02,9.64,25.3,0.0,0.0,21.08,30.12,0.0,9.64,4.82,15.06,22.89,51.2,Louisiana Ragin' Cajuns
Isaiah Crawford,560.0,1066.0,10.13,93.44413665743305,83.31744518589133,93.44,80.7,51.34,98.25,9.7,27.15,0.0,0.0,15.24,38.32,0.0,8.13,3.88,16.99,18.28,53.56,Louisiana Tech Bulldogs
Cobe Williams,639.9,1234.0,8.72,92.82296650717703,84.10214168039539,92.82,81.42,51.2,99.04,9.01,26.4,0.0,0.0,14.99,37.32,0.0,8.69,3.11,15.95,19.14,52.31,Louisiana Tech Bulldogs
Amorie Archibald,719.9,1378.5,8.01,92.1259842519685,84.11764705882354,92.13,81.89,50.82,98.71,8.95,26.27,0.0,0.0,15.32,37.51,0.0,8.16,3.51,16.61,19.11,52.83,Louisiana Tech Bulldogs
JaColby Pemberton,719.9,1378.5,8.01,92.1259842519685,84.11764705882354,92.13,81.89,50.82,98.71,8.95,26.27,0.0,0.0,15.32,37.51,0.0,8.16,3.51,16.61,19.11,52.83,Louisiana Tech Bulldogs
Kenneth Lofton Jr.,719.9,1378.5,8.01,92.1259842519685,84.11764705882354,92.13,81.89,50.82,98.71,8.95,26.27,0.0,0.0,15.32,37.51,0.0,8.16,3.51,16.61,19.11,52.83,Louisiana Tech Bulldogs
Kalob Ledoux,239.9,457.0,1.09,87.08971553610503,85.99562363238512,87.09,86.0,48.58,98.91,7.0,23.85,0.0,0.0,16.41,36.11,0.0,6.78,3.72,17.51,21.01,52.52,Louisiana Tech Bulldogs
Malik Williams,85.0,156.0,11.03,94.90445859872611,83.87096774193549,94.9,82.8,51.59,105.1,7.01,21.02,0.0,0.0,19.11,37.58,0.0,5.1,1.27,14.01,21.02,56.69,Louisville Cardinals
Dre Davis,440.0,830.5,-0.15,88.96882494004797,89.11729141475212,88.97,88.37,49.16,100.96,6.95,23.74,0.0,0.0,16.55,36.33,0.0,6.95,2.64,15.59,21.58,52.88,Louisville Cardinals
Carlik Jones,565.0,1053.5,-1.73,88.55250709555345,90.28571428571428,88.55,89.69,49.01,102.46,7.0,23.46,0.0,0.0,16.93,35.29,0.0,6.62,2.27,14.47,21.48,52.22,Louisville Cardinals
Jae'Lyn Withers,565.0,1053.5,-1.73,88.55250709555345,90.28571428571428,88.55,89.69,49.01,102.46,7.0,23.46,0.0,0.0,16.93,35.29,0.0,6.62,2.27,14.47,21.48,52.22,Louisville Cardinals
David Johnson,525.0,984.0,-2.98,87.84194528875379,90.82568807339449,87.84,90.27,48.94,102.13,6.79,23.0,0.0,0.0,16.62,34.55,0.0,6.89,2.33,14.49,21.78,51.17,Louisville Cardinals
Samuell Williamson,445.0,835.0,-3.08,89.53068592057761,92.61025029797378,89.53,93.5,49.58,102.05,6.74,22.74,0.0,0.0,16.61,33.94,0.0,6.38,2.29,14.56,22.14,50.55,Louisville Cardinals
Quinn Slazinski,200.0,355.0,-4.26,84.5303867403315,88.79310344827587,84.53,85.36,46.41,106.63,8.29,26.8,0.0,0.0,18.51,37.02,0.0,6.35,1.66,11.88,19.06,55.53,Louisville Cardinals
Tate Hall,160.0,288.5,21.24,104.8109965635739,83.56643356643356,104.81,82.13,54.64,96.22,12.03,31.96,0.0,0.0,12.37,34.71,0.0,7.56,3.09,16.15,21.99,47.08,Loyola Chicago Ramblers
Aher Uguak,849.8,1458.0,19.4,98.9261744966443,79.52314165497896,98.93,76.11,52.95,94.63,9.46,26.64,0.0,0.0,10.81,35.37,0.0,10.4,3.62,16.17,19.66,46.18,Loyola Chicago Ramblers
Braden Norris,849.8,1458.0,19.4,98.9261744966443,79.52314165497896,98.93,76.11,52.95,94.63,9.46,26.64,0.0,0.0,10.81,35.37,0.0,10.4,3.62,16.17,19.66,46.18,Loyola Chicago Ramblers
Cameron Krutwig,849.8,1458.0,19.4,98.9261744966443,79.52314165497896,98.93,76.11,52.95,94.63,9.46,26.64,0.0,0.0,10.81,35.37,0.0,10.4,3.62,16.17,19.66,46.18,Loyola Chicago Ramblers
Lucas Williamson,849.8,1458.0,19.4,98.9261744966443,79.52314165497896,98.93,76.11,52.95,94.63,9.46,26.64,0.0,0.0,10.81,35.37,0.0,10.4,3.62,16.17,19.66,46.18,Loyola Chicago Ramblers
Keith Clemons,689.8,1169.5,18.99,97.4979149291076,78.50877192982456,97.5,74.65,52.54,94.25,8.84,25.35,0.0,0.0,10.43,35.53,0.0,11.09,3.75,16.18,19.1,45.96,Loyola Chicago Ramblers
Brent Holcombe,40.0,76.5,11.59,76.92307692307693,65.33333333333333,76.92,62.82,43.59,105.13,3.85,19.23,0.0,0.0,16.67,32.05,0.0,8.97,6.41,11.54,21.79,48.72,Loyola Maryland Greyhounds
Ethan Norton,40.0,76.5,11.59,76.92307692307693,65.33333333333333,76.92,62.82,43.59,105.13,3.85,19.23,0.0,0.0,16.67,32.05,0.0,8.97,6.41,11.54,21.79,48.72,Loyola Maryland Greyhounds
Isaiah Hart,240.0,502.5,7.39,83.13253012048193,75.7396449704142,83.13,77.11,46.18,94.58,5.62,18.47,0.0,0.0,12.25,32.13,0.0,10.44,4.62,17.67,24.3,44.38,Loyola Maryland Greyhounds
Luke Johnson,430.0,862.5,4.81,86.01398601398601,81.199538638985,86.01,82.05,48.14,97.32,5.59,20.05,0.0,0.0,13.75,33.1,0.0,9.91,4.66,16.43,22.26,46.85,Loyola Maryland Greyhounds
Kenneth Jones,215.0,410.5,2.7,95.28535980148884,92.58373205741627,95.29,96.03,51.12,101.24,8.19,27.3,0.0,0.0,16.87,37.22,0.0,5.96,3.97,15.63,21.34,54.09,Loyola Maryland Greyhounds
Santi Aldama,630.0,1240.0,1.47,87.99355358581789,86.52138821630348,87.99,86.38,48.75,97.74,6.29,21.35,0.0,0.0,14.83,33.2,0.0,8.38,4.03,17.08,22.08,48.03,Loyola Maryland Greyhounds
Golden Dike,590.0,1163.5,0.85,88.73602751504728,87.88659793814433,88.74,87.96,49.1,97.25,6.45,21.5,0.0,0.0,14.7,33.28,0.0,8.34,3.87,17.45,22.1,47.98,Loyola Maryland Greyhounds
Jaylin Andrews,590.0,1163.5,0.85,88.73602751504728,87.88659793814433,88.74,87.96,49.1,97.25,6.45,21.5,0.0,0.0,14.7,33.28,0.0,8.34,3.87,17.45,22.1,47.98,Loyola Maryland Greyhounds
Cam Spencer,80.0,146.5,-2.8,96.52777777777779,99.32885906040269,96.53,102.78,47.92,96.53,10.42,30.56,0.0,0.0,15.28,36.11,0.0,2.78,1.39,18.75,20.83,51.39,Loyola Maryland Greyhounds
Wade Jackson,120.0,231.0,-8.7,89.9581589958159,98.65470852017937,89.96,92.05,51.46,100.0,6.28,20.5,0.0,0.0,18.41,31.8,0.0,6.28,3.35,18.41,22.18,50.21,Loyola Maryland Greyhounds
Brandon Bradsher,175.0,327.0,-9.39,86.47058823529412,95.85987261146497,86.47,88.53,49.71,98.24,5.0,18.53,0.0,0.0,16.18,30.0,0.0,8.24,3.24,17.94,19.71,46.18,Loyola Maryland Greyhounds
Kodye Pugh,160.0,283.0,8.83,104.59363957597174,95.75971731448763,104.59,95.76,56.89,102.12,12.01,27.92,0.0,0.0,17.31,33.22,0.0,3.89,4.24,15.19,25.44,50.53,Loyola Marymount Lions
Keli Leaupepe,485.0,917.5,-0.14,90.22801302931596,90.37199124726477,90.23,89.69,50.92,92.94,8.25,22.26,0.0,0.0,13.57,32.57,0.0,6.3,3.69,20.63,24.54,46.14,Loyola Marymount Lions
Ivan Alipiev,280.0,504.5,-1.1,92.62135922330097,93.7246963562753,92.62,89.9,52.82,94.17,8.54,22.52,0.0,0.0,14.37,33.4,0.0,5.63,2.91,20.19,22.52,47.77,Loyola Marymount Lions
Eli Scott,565.0,1046.0,-1.17,89.85781990521326,91.03182256509162,89.86,89.48,51.09,92.23,7.87,22.09,0.0,0.0,13.36,32.89,0.0,6.16,3.51,21.14,24.17,46.25,Loyola Marymount Lions
Jalin Anderson,565.0,1046.0,-1.17,89.85781990521326,91.03182256509162,89.86,89.48,51.09,92.23,7.87,22.09,0.0,0.0,13.36,32.89,0.0,6.16,3.51,21.14,24.17,46.25,Loyola Marymount Lions
Dameane Douglas,165.0,312.0,-1.39,78.48101265822784,79.87012987012987,78.48,77.85,45.25,85.76,5.7,21.52,0.0,0.0,11.71,35.76,0.0,7.28,5.38,25.95,24.05,47.47,Loyola Marymount Lions
Joe Quintana,365.0,670.0,-2.7,87.24035608308606,89.93993993993993,87.24,88.87,50.0,89.76,6.82,21.51,0.0,0.0,12.31,32.94,0.0,6.38,3.71,22.55,24.93,45.25,Loyola Marymount Lions
Mattias Markusson,240.0,451.0,-7.14,88.59649122807018,95.73991031390135,88.6,93.64,51.54,90.57,6.8,18.86,0.0,0.0,12.06,30.7,0.0,6.8,1.75,21.49,23.46,42.76,Loyola Marymount Lions
Marques Watson,170.0,311.5,6.51,78.43137254901961,71.92429022082018,78.43,74.51,42.48,98.37,9.15,32.68,0.0,0.0,17.32,35.62,0.0,11.44,4.9,18.95,29.08,52.94,Manhattan Jaspers
Ethan Lasko,160.0,286.0,5.39,76.32508833922262,70.93425605536332,76.33,72.44,40.99,97.53,9.54,31.45,0.0,0.0,15.9,36.04,0.0,10.95,4.95,18.37,29.68,51.94,Manhattan Jaspers
Nick Brennen,45.0,82.5,3.14,85.8974358974359,82.75862068965517,85.9,92.31,46.15,103.85,10.26,33.33,0.0,0.0,23.08,20.51,0.0,10.26,3.85,19.23,37.18,43.59,Manhattan Jaspers
Ant Nelson,784.6,1501.5,-3.17,80.87837837837839,84.0446487196323,80.88,86.49,45.41,99.73,7.43,27.84,0.0,0.0,18.65,30.47,0.0,10.2,4.59,18.92,29.66,49.12,Manhattan Jaspers
Warren Williams,784.6,1501.5,-3.17,80.87837837837839,84.0446487196323,80.88,86.49,45.41,99.73,7.43,27.84,0.0,0.0,18.65,30.47,0.0,10.2,4.59,18.92,29.66,49.12,Manhattan Jaspers
Elijah Buchanan,739.6,1419.0,-3.52,80.59914407988587,84.12256267409471,80.6,86.16,45.36,99.5,7.28,27.53,0.0,0.0,18.4,31.03,0.0,10.2,4.64,18.9,29.24,49.43,Manhattan Jaspers
Samir Stewart,449.9,877.5,-4.85,82.53783469150174,87.38839285714286,82.54,91.15,46.22,101.98,6.98,26.43,0.0,0.0,19.91,30.15,0.0,9.9,4.77,17.93,30.38,50.06,Manhattan Jaspers
Samba Diallo,614.6,1190.0,-5.71,81.51618398637139,87.23051409618574,81.52,89.61,46.17,100.09,6.98,26.58,0.0,0.0,18.99,29.13,0.0,9.88,4.51,18.91,29.81,48.12,Manhattan Jaspers
Jason Douglas-Stanley,174.8,338.0,-5.92,80.4733727810651,86.3905325443787,80.47,86.39,47.04,95.86,6.8,28.4,0.0,0.0,17.75,26.63,0.0,10.36,3.85,21.89,27.81,44.38,Manhattan Jaspers
Tucker Lee,40.0,76.5,17.99,85.52631578947368,67.53246753246754,85.53,68.42,43.42,90.79,10.53,38.16,0.0,0.0,11.84,51.32,0.0,9.21,1.32,21.05,15.79,63.16,Marist Red Foxes
Victor Enoh,85.0,156.0,14.37,83.64779874213836,69.28104575163398,83.65,66.67,50.31,86.79,8.81,22.64,0.0,0.0,14.47,32.7,0.0,8.81,5.03,27.67,24.53,47.17,Marist Red Foxes
Tyler Saint-Furcy,444.6,824.0,4.61,82.8883495145631,78.27669902912622,82.89,78.28,45.15,92.48,10.32,29.85,0.0,0.0,13.47,39.2,0.0,7.16,4.49,21.0,24.39,52.67,Marist Red Foxes
Matt Herasme,524.8,945.0,0.16,87.59358288770053,87.43455497382199,87.59,89.3,45.67,93.05,10.16,31.87,0.0,0.0,12.94,37.65,0.0,7.06,6.31,19.89,24.06,50.59,Marist Red Foxes
Hakim Byrd,359.8,668.0,-0.55,83.03303303303304,83.5820895522388,83.03,84.08,45.05,96.1,8.41,31.83,0.0,0.0,13.81,37.39,0.0,7.66,6.61,17.72,22.97,51.2,Marist Red Foxes
Raheim Sullivan,404.8,741.5,-0.62,85.92896174863388,86.55126498002663,85.93,88.8,45.49,90.3,10.52,29.1,0.0,0.0,12.43,37.02,0.0,6.69,4.64,22.13,25.0,49.45,Marist Red Foxes
Braden Bell,359.6,678.0,-1.73,80.4733727810651,82.20588235294117,80.47,82.69,44.53,93.34,8.73,27.37,0.0,0.0,13.31,37.87,0.0,6.66,4.29,19.97,24.85,51.18,Marist Red Foxes
Ricardo Wright,604.8,1119.5,-1.79,84.40036068530208,86.19469026548673,84.4,87.83,45.54,93.06,9.38,30.48,0.0,0.0,13.17,35.44,0.0,7.39,6.04,20.11,24.08,48.61,Marist Red Foxes
Jordan Jones,679.6,1253.5,-2.4,84.66505246166263,87.06624605678233,84.67,89.1,44.63,93.87,9.6,31.4,0.0,0.0,12.91,37.77,0.0,6.94,5.65,19.05,23.97,50.68,Marist Red Foxes
Michael Cubbage,80.0,156.0,-6.0,78.70967741935485,84.71337579617835,78.71,85.81,45.16,88.39,5.81,22.58,0.0,0.0,12.26,34.84,0.0,8.39,2.58,23.87,21.29,47.1,Marist Red Foxes
Javon Cooley,240.0,429.5,-8.21,89.97613365155132,98.18181818181819,89.98,103.1,45.58,95.94,9.31,34.37,0.0,0.0,12.65,34.13,0.0,6.68,8.83,16.71,24.34,46.78,Marist Red Foxes
Justin Lewis,40.0,83.0,0.78,89.53488372093024,88.75,89.53,82.56,52.33,93.02,6.98,26.74,0.0,0.0,9.3,37.21,0.0,5.81,4.65,16.28,16.28,46.51,Marquette Golden Eagles
Koby McEwen,645.0,1192.0,-5.02,90.4156064461408,95.4356846473029,90.42,97.54,49.11,94.06,8.82,27.06,0.0,0.0,12.64,34.27,0.0,6.7,4.75,18.58,23.07,46.91,Marquette Golden Eagles
D.J. Carton,765.0,1421.0,-6.94,88.5896527285613,95.52760307477288,88.59,96.88,48.26,93.91,8.43,27.07,0.0,0.0,12.62,34.23,0.0,6.52,4.68,18.71,22.61,46.85,Marquette Golden Eagles
Dawson Garcia,765.0,1421.0,-6.94,88.5896527285613,95.52760307477288,88.59,96.88,48.26,93.91,8.43,27.07,0.0,0.0,12.62,34.23,0.0,6.52,4.68,18.71,22.61,46.85,Marquette Golden Eagles
Jamal Cain,765.0,1421.0,-6.94,88.5896527285613,95.52760307477288,88.59,96.88,48.26,93.91,8.43,27.07,0.0,0.0,12.62,34.23,0.0,6.52,4.68,18.71,22.61,46.85,Marquette Golden Eagles
Theo John,725.0,1338.0,-7.4,88.52830188679245,95.92894152479646,88.53,97.81,48.0,93.96,8.53,27.09,0.0,0.0,12.83,34.04,0.0,6.57,4.68,18.87,23.02,46.87,Marquette Golden Eagles
Greg Elliott,120.0,229.0,-16.71,79.3103448275862,96.01769911504425,79.31,93.53,43.97,93.1,6.47,27.16,0.0,0.0,12.5,34.05,0.0,5.6,4.31,19.4,20.26,46.55,Marquette Golden Eagles
Jannson Williams,559.0,1106.5,8.63,101.09289617486338,92.46636771300449,101.09,93.9,50.73,98.91,12.02,33.61,0.0,0.0,12.02,33.15,0.0,8.93,5.74,13.11,18.67,45.17,Marshall Thundering Herd
Jarrod West,559.0,1106.5,8.63,101.09289617486338,92.46636771300449,101.09,93.9,50.73,98.91,12.02,33.61,0.0,0.0,12.02,33.15,0.0,8.93,5.74,13.11,18.67,45.17,Marshall Thundering Herd
Goran Miladinovic,120.0,234.5,8.02,97.85407725321889,89.83050847457628,97.85,90.99,48.93,96.57,12.45,31.76,0.0,0.0,11.59,34.76,0.0,9.87,4.72,15.02,18.03,46.35,Marshall Thundering Herd
Andrew Taylor,599.0,1183.0,7.58,100.42444821731749,92.84511784511784,100.42,93.63,50.42,98.39,12.05,32.85,0.0,0.0,11.8,32.94,0.0,9.34,5.52,13.41,18.25,44.74,Marshall Thundering Herd
Taevion Kinsey,599.0,1183.0,7.58,100.42444821731749,92.84511784511784,100.42,93.63,50.42,98.39,12.05,32.85,0.0,0.0,11.8,32.94,0.0,9.34,5.52,13.41,18.25,44.74,Marshall Thundering Herd
Obinna Anochili-Killen,399.0,800.0,7.37,101.49999999999999,94.125,101.5,94.12,51.25,98.75,11.75,31.87,0.0,0.0,11.5,31.37,0.0,8.88,5.5,12.75,18.12,42.87,Marshall Thundering Herd
Mikel Beyers,120.0,225.0,2.67,96.0,93.33333333333333,96.0,93.33,47.56,96.44,12.89,33.78,0.0,0.0,12.0,35.56,0.0,12.44,5.33,15.56,16.89,47.56,Marshall Thundering Herd
David Early,40.0,76.5,-7.38,91.25,98.63013698630137,91.25,90.0,46.25,91.25,12.5,22.5,0.0,0.0,8.75,30.0,0.0,15.0,2.5,17.5,12.5,38.75,Marshall Thundering Herd
Darryl Morsell,680.0,1225.5,0.56,88.65306122448979,88.09135399673735,88.65,88.16,47.43,93.96,10.45,30.29,0.0,0.0,9.63,36.16,0.0,6.69,4.73,15.67,21.8,45.79,Maryland Terrapins
Eric Ayala,720.0,1299.0,0.09,89.4980694980695,89.40905602455871,89.5,89.96,47.03,93.9,11.04,31.97,0.0,0.0,9.65,36.99,0.0,6.95,4.32,15.75,21.54,46.64,Maryland Terrapins
Hakim Hart,520.0,938.0,-0.38,89.73544973544973,90.11815252416756,89.74,88.78,47.51,95.45,11.32,33.02,0.0,0.0,10.79,36.93,0.0,6.24,4.02,15.34,20.53,47.72,Maryland Terrapins
Reese Mona,40.0,74.5,-0.99,84.72222222222221,85.71428571428571,84.72,91.67,41.67,84.72,11.11,29.17,0.0,0.0,2.78,41.67,0.0,6.94,5.56,18.06,26.39,44.45,Maryland Terrapins
Aaron Wiggins,800.0,1452.5,-1.92,88.64418444597385,90.56473829201101,88.64,90.5,47.01,94.22,10.67,31.18,0.0,0.0,9.7,35.99,0.0,6.61,4.4,15.49,21.27,45.69,Maryland Terrapins
Donta Scott,760.0,1378.0,-1.99,88.848660391021,90.83636363636364,88.85,90.44,47.28,94.71,10.64,31.28,0.0,0.0,10.07,35.7,0.0,6.59,4.34,15.35,21.0,45.77,Maryland Terrapins
Jairus Hamilton,80.0,149.5,-9.24,89.40397350993378,98.64864864864865,89.4,96.69,48.34,100.66,9.93,31.13,0.0,0.0,11.92,35.1,0.0,6.62,3.31,11.26,21.85,47.02,Maryland Terrapins
Galin Smith,400.0,745.5,-9.99,85.59892328398385,95.58823529411765,85.6,96.23,45.36,92.33,9.69,28.94,0.0,0.0,8.08,32.97,0.0,6.33,4.71,15.75,20.73,41.05,Maryland Terrapins
Collin Warren,400.0,783.0,0.76,97.82608695652173,97.06632653061224,97.83,97.31,51.02,92.2,10.74,27.49,0.0,0.0,13.3,32.99,0.0,7.93,2.43,21.1,22.25,46.29,McNeese Cowboys
Carlos Rosario,560.0,1098.5,-3.74,93.44262295081968,97.17925386715196,93.44,97.27,49.54,92.17,10.47,26.68,0.0,0.0,13.39,32.42,0.0,7.47,3.01,21.22,23.04,45.81,McNeese Cowboys
KeyShawn Feazell,600.0,1157.0,-4.41,94.72318339100346,99.13644214162349,94.72,99.31,49.74,91.7,10.21,26.47,0.0,0.0,13.32,32.79,0.0,7.09,2.77,21.63,23.1,46.11,McNeese Cowboys
Dru Kuxhausen,600.0,1164.0,-5.5,93.98625429553265,99.48453608247422,93.99,99.48,49.66,92.61,10.31,26.2,0.0,0.0,13.4,31.7,0.0,7.22,2.49,20.79,23.45,45.1,McNeese Cowboys
A.J. Lawson,600.0,1173.0,-5.62,93.35604770017035,98.97610921501706,93.36,98.81,49.49,92.67,10.39,26.58,0.0,0.0,13.37,32.37,0.0,6.98,2.73,20.7,23.08,45.74,McNeese Cowboys
Braelon Bush,80.0,155.0,-9.79,86.36363636363636,96.15384615384616,86.36,97.4,48.05,97.4,9.09,25.97,0.0,0.0,18.83,26.62,0.0,9.09,1.3,21.43,24.68,45.45,McNeese Cowboys
Harwin Francois,120.0,218.5,-11.03,85.3211009174312,96.34703196347031,85.32,96.79,44.95,92.2,9.63,27.98,0.0,0.0,15.14,39.45,0.0,4.13,5.5,22.94,20.18,54.59,McNeese Cowboys
Myles Hutchinson,120.0,234.0,-14.96,90.5982905982906,105.55555555555556,90.6,105.56,49.15,89.32,8.55,23.08,0.0,0.0,13.25,28.21,0.0,6.84,2.14,23.93,27.35,41.46,McNeese Cowboys
Jeremy Harrell,80.0,144.0,-17.36,94.44444444444444,111.80555555555556,94.44,111.81,49.31,95.14,8.33,25.0,0.0,0.0,15.97,30.56,0.0,4.86,0.0,20.83,24.31,46.53,McNeese Cowboys
Chris Orlina,40.0,85.5,-17.39,77.90697674418605,95.29411764705881,77.91,94.19,46.51,103.49,10.47,26.74,0.0,0.0,18.6,24.42,0.0,8.14,1.16,15.12,24.42,43.02,McNeese Cowboys
Jayden Hardaway,160.0,304.5,16.46,96.06557377049181,79.60526315789474,96.07,79.34,47.54,93.44,13.44,27.54,0.0,0.0,13.77,38.03,0.0,7.21,7.54,20.33,22.3,51.8,Memphis Tigers
Boogie Ellis,360.0,742.5,13.3,89.1745602165088,75.87131367292224,89.17,76.59,48.71,96.75,9.2,25.58,0.0,0.0,18.0,33.56,0.0,12.45,4.74,21.24,24.36,51.56,Memphis Tigers
DeAndre Williams,640.0,1261.5,11.72,88.92430278884463,77.20820189274448,88.92,78.01,47.25,95.46,9.72,25.66,0.0,0.0,17.37,35.3,0.0,11.39,5.9,21.91,24.22,52.67,Memphis Tigers
Landers Nolley II,640.0,1276.5,11.61,89.40345368916797,77.79515246286161,89.4,78.1,47.72,96.62,9.89,25.82,0.0,0.0,17.74,35.09,0.0,11.15,5.81,21.11,23.86,52.83,Memphis Tigers
Lester Quinones,680.0,1347.0,11.24,89.12071535022355,77.88461538461539,89.12,78.46,47.62,96.27,9.69,25.63,0.0,0.0,17.88,35.1,0.0,11.18,5.74,21.61,24.14,52.98,Memphis Tigers
Moussa Cisse,680.0,1347.0,11.24,89.12071535022355,77.88461538461539,89.12,78.46,47.62,96.27,9.69,25.63,0.0,0.0,17.88,35.1,0.0,11.18,5.74,21.61,24.14,52.98,Memphis Tigers
Alex Lomax,40.0,70.5,4.37,83.82352941176471,79.45205479452055,83.82,85.29,45.59,89.71,5.88,22.06,0.0,0.0,20.59,35.29,0.0,11.76,4.41,30.88,29.41,55.88,Memphis Tigers
Damion Baugh,40.0,85.5,3.86,91.95402298850574,88.09523809523809,91.95,85.06,52.87,108.05,9.2,25.29,0.0,0.0,25.29,32.18,0.0,8.05,3.45,17.24,22.99,57.47,Memphis Tigers
D.J. Jeffries,160.0,300.0,0.75,81.87919463087249,81.12582781456953,81.88,82.21,44.97,97.99,7.05,23.83,0.0,0.0,21.81,35.91,0.0,12.08,6.38,23.83,25.5,57.72,Memphis Tigers
Jacksen Greco,85.0,155.5,27.57,109.74025974025975,82.16560509554141,109.74,83.77,53.9,94.16,12.99,31.82,0.0,0.0,10.39,40.26,0.0,9.74,1.95,16.23,16.23,50.65,Mercer Bears
James Glisson III,540.0,997.5,6.53,95.56451612903226,89.03290129611166,95.56,90.02,48.39,94.25,11.09,30.14,0.0,0.0,10.89,35.69,0.0,9.78,2.92,16.63,18.15,46.58,Mercer Bears
Neftali Alvarez,780.0,1460.0,5.45,97.0303867403315,91.57608695652173,97.03,93.09,49.65,94.75,10.77,29.49,0.0,0.0,10.7,35.5,0.0,9.25,3.31,15.95,20.17,46.2,Mercer Bears
Felipe Haase,860.0,1614.5,3.64,96.44416718652526,92.80442804428044,96.44,94.14,49.34,94.64,10.73,29.44,0.0,0.0,10.98,35.31,0.0,9.17,3.37,16.34,19.71,46.29,Mercer Bears
Ross Cummings,860.0,1614.5,3.64,96.44416718652526,92.80442804428044,96.44,94.14,49.34,94.64,10.73,29.44,0.0,0.0,10.98,35.31,0.0,9.17,3.37,16.34,19.71,46.29,Mercer Bears
Jeffrey Gary,520.0,984.5,1.14,96.61538461538461,95.4728370221328,96.62,97.33,49.64,95.69,10.26,29.23,0.0,0.0,11.59,37.13,0.0,8.62,3.59,15.9,20.62,48.72,Mercer Bears
Maciej Bender,320.0,617.0,-1.0,97.87234042553192,98.87640449438202,97.87,100.82,50.9,95.25,10.15,28.31,0.0,0.0,11.13,34.7,0.0,8.18,4.09,15.88,22.26,45.83,Mercer Bears
Leon Ayers III,295.0,546.5,-1.87,91.00917431192661,92.88321167883211,91.01,93.39,46.42,93.58,11.19,30.28,0.0,0.0,10.83,30.64,0.0,9.72,3.3,17.25,18.53,41.47,Mercer Bears
Kamar Robertson,40.0,82.5,-7.23,95.23809523809523,102.46913580246914,95.24,98.81,51.19,88.1,8.33,21.43,0.0,0.0,10.71,32.14,0.0,9.52,4.76,22.62,15.48,42.85,Mercer Bears
Devin Jensen,683.6,1310.0,-0.55,85.71428571428571,86.2670713201821,85.71,87.33,45.55,91.86,8.83,28.57,0.0,0.0,9.29,31.03,0.0,10.37,5.07,17.43,22.12,40.32,Merrimack Warriors
Jordan Minor,683.6,1310.0,-0.55,85.71428571428571,86.2670713201821,85.71,87.33,45.55,91.86,8.83,28.57,0.0,0.0,9.29,31.03,0.0,10.37,5.07,17.43,22.12,40.32,Merrimack Warriors
Mikey Watkins,683.6,1310.0,-0.55,85.71428571428571,86.2670713201821,85.71,87.33,45.55,91.86,8.83,28.57,0.0,0.0,9.29,31.03,0.0,10.37,5.07,17.43,22.12,40.32,Merrimack Warriors
Mykel Derring,683.6,1310.0,-0.55,85.71428571428571,86.2670713201821,85.71,87.33,45.55,91.86,8.83,28.57,0.0,0.0,9.29,31.03,0.0,10.37,5.07,17.43,22.12,40.32,Merrimack Warriors
Ziggy Reid,683.6,1310.0,-0.55,85.71428571428571,86.2670713201821,85.71,87.33,45.55,91.86,8.83,28.57,0.0,0.0,9.29,31.03,0.0,10.37,5.07,17.43,22.12,40.32,Merrimack Warriors
Precious Ayah,285.0,534.0,5.01,94.86692015209125,89.85239852398524,94.87,92.59,48.1,99.62,12.36,33.65,0.0,0.0,14.45,35.93,0.0,4.75,3.04,14.83,23.19,50.38,Miami (OH) Redhawks
Myja White,605.0,1140.5,3.67,98.50746268656717,94.8336252189142,98.51,95.08,51.71,99.47,11.41,31.61,0.0,0.0,14.05,33.27,0.0,5.53,2.99,14.57,22.91,47.32,Miami (OH) Redhawks
Dae Dae Grant,725.0,1363.5,1.36,96.83357879234168,95.47114682249817,96.83,96.24,50.66,98.82,11.34,31.37,0.0,0.0,13.62,32.84,0.0,5.82,2.95,14.8,22.75,46.46,Miami (OH) Redhawks
Dalonte Brown,725.0,1363.5,1.36,96.83357879234168,95.47114682249817,96.83,96.24,50.66,98.82,11.34,31.37,0.0,0.0,13.62,32.84,0.0,5.82,2.95,14.8,22.75,46.46,Miami (OH) Redhawks
Mekhi Lairy,725.0,1363.5,1.36,96.83357879234168,95.47114682249817,96.83,96.24,50.66,98.82,11.34,31.37,0.0,0.0,13.62,32.84,0.0,5.82,2.95,14.8,22.75,46.46,Miami (OH) Redhawks
Josh Brewer,80.0,139.0,-0.83,95.62043795620438,96.45390070921985,95.62,99.27,47.45,94.16,13.14,29.93,0.0,0.0,13.14,32.12,0.0,8.03,2.19,18.98,19.71,45.26,Miami (OH) Redhawks
Elijah McNamara,360.0,690.5,-1.15,98.56115107913669,99.70845481049562,98.56,98.42,53.24,99.14,10.22,29.93,0.0,0.0,13.09,30.65,0.0,6.19,3.02,13.96,23.02,43.74,Miami (OH) Redhawks
James Beck,120.0,223.0,-10.55,88.12785388127854,98.6784140969163,88.13,102.28,45.21,95.43,10.96,30.14,0.0,0.0,11.42,30.59,0.0,7.31,2.74,15.98,21.92,42.01,Miami (OH) Redhawks
Willie Herenton,40.0,80.5,3.77,98.76543209876543,95.0,98.77,93.83,56.79,109.88,8.64,29.63,0.0,0.0,18.52,34.57,0.0,7.41,7.41,8.64,17.28,53.09,Miami Hurricanes
Deng Gak,80.0,146.5,-3.53,92.41379310344827,95.94594594594594,92.41,97.93,47.59,102.07,11.03,27.59,0.0,0.0,14.48,38.62,0.0,8.97,8.28,12.41,17.93,53.1,Miami Hurricanes
Earl Timberlake,120.0,229.0,-9.83,82.68398268398268,92.51101321585902,82.68,90.91,48.92,96.54,4.33,19.05,0.0,0.0,13.42,32.9,0.0,10.39,5.63,16.88,17.75,46.32,Miami Hurricanes
Matt Cross,200.0,371.0,-11.1,84.0,95.09536784741145,84.0,93.07,48.0,96.53,5.33,22.13,0.0,0.0,13.87,32.53,0.0,11.2,5.07,17.33,17.87,46.4,Miami Hurricanes
Harlond Beverly,480.0,904.0,-11.92,85.07135016465422,96.98996655518395,85.07,95.5,45.77,96.27,8.12,25.14,0.0,0.0,13.72,32.49,0.0,9.33,5.05,17.45,17.01,46.21,Miami Hurricanes
Elijah Olaniyi,685.0,1271.5,-12.73,87.67334360554699,100.40160642570282,87.67,96.3,48.31,97.61,7.63,25.5,0.0,0.0,13.71,31.74,0.0,7.94,4.31,16.1,15.41,45.45,Miami Hurricanes
Isaiah Wong,845.0,1561.5,-13.96,85.71428571428571,99.67405475880052,85.71,96.22,47.01,96.35,7.55,24.54,0.0,0.0,13.03,31.72,0.0,8.68,4.47,16.68,15.67,44.75,Miami Hurricanes
Nysier Brooks,805.0,1501.5,-14.07,85.51859099804305,99.59183673469387,85.52,95.5,47.68,97.13,7.24,25.11,0.0,0.0,13.24,31.44,0.0,8.35,4.31,16.11,15.66,44.68,Miami Hurricanes
Kameron McGusty,565.0,1029.5,-14.43,87.26235741444867,101.68818272095332,87.26,97.34,47.72,98.29,7.89,24.62,0.0,0.0,13.12,31.27,0.0,8.65,4.56,14.83,14.35,44.39,Miami Hurricanes
Anthony Walker,605.0,1115.0,-14.59,86.87224669603523,101.46118721461188,86.87,97.89,46.96,95.15,8.37,25.11,0.0,0.0,12.33,31.28,0.0,7.93,4.23,17.18,15.15,43.61,Miami Hurricanes
A.J. Hoggard,319.9,601.0,2.07,86.64440734557596,84.5771144278607,86.64,85.14,49.58,96.83,7.01,21.87,0.0,0.0,15.69,35.06,0.0,6.01,7.35,18.86,26.21,50.75,Michigan State Spartans
Gabe Brown,120.0,227.5,1.45,92.82511210762333,91.37931034482759,92.83,95.07,52.02,101.35,7.17,22.87,0.0,0.0,15.25,32.74,0.0,5.83,7.62,13.9,28.7,47.99,Michigan State Spartans
Julius Marble,319.9,609.5,-0.31,87.20930232558139,87.52025931928688,87.21,89.7,49.83,99.34,5.81,20.1,0.0,0.0,14.62,33.89,0.0,6.64,6.81,15.28,27.24,48.51,Michigan State Spartans
Joshua Langford,799.9,1544.0,-3.45,86.30406290956749,89.75672215108835,86.3,91.87,48.43,99.21,7.4,23.98,0.0,0.0,14.94,33.88,0.0,5.9,5.64,15.73,27.2,48.82,Michigan State Spartans
Aaron Henry,799.9,1527.5,-3.65,86.07427055702918,89.72204266321914,86.07,92.04,48.01,98.61,7.36,23.94,0.0,0.0,15.52,34.02,0.0,5.97,5.84,16.91,27.52,49.54,Michigan State Spartans
Joey Hauser,400.0,783.5,-5.6,83.57050452781371,89.16876574307305,83.57,91.59,46.31,98.19,8.41,27.55,0.0,0.0,15.52,32.86,0.0,5.69,5.43,17.34,26.65,48.38,Michigan State Spartans
Marcus Bingham Jr.,200.0,375.5,-5.88,88.6178861788618,94.50261780104712,88.62,97.83,46.88,102.44,9.49,28.18,0.0,0.0,20.05,36.86,0.0,5.42,4.88,17.62,30.35,56.91,Michigan State Spartans
Malik Hall,319.9,599.5,-6.4,84.34343434343434,90.74380165289256,84.34,92.42,47.47,99.33,6.06,20.54,0.0,0.0,15.49,35.35,0.0,6.23,5.22,16.16,26.94,50.84,Michigan State Spartans
Thomas Kithier,320.0,625.5,-8.77,81.09854604200322,89.87341772151899,81.1,91.76,45.72,96.77,7.59,26.01,0.0,0.0,13.57,31.83,0.0,5.49,5.01,16.8,24.88,45.4,Michigan State Spartans
Foster Loyer,200.0,384.5,-10.2,83.90501319261213,94.1025641025641,83.91,96.83,44.85,104.49,8.97,29.82,0.0,0.0,19.0,35.62,0.0,5.8,4.75,14.51,26.91,54.62,Michigan State Spartans
Rocket Watts,400.0,774.5,-13.08,80.47493403693932,93.55246523388116,80.47,97.63,44.59,98.68,6.73,24.67,0.0,0.0,14.51,31.13,0.0,5.8,4.49,15.83,26.52,45.64,Michigan State Spartans
Eli Brooks,720.0,1328.5,13.4,100.07485029940119,86.6767600302801,100.07,85.7,53.74,98.13,10.1,25.0,0.0,0.0,11.98,37.2,0.0,5.84,5.76,13.85,20.13,49.18,Michigan Wolverines
Isaiah Livers,720.0,1336.0,12.27,98.88226527570791,86.61654135338345,98.88,85.84,52.61,96.94,10.06,25.11,0.0,0.0,12.07,37.11,0.0,5.89,5.44,15.13,19.97,49.18,Michigan Wolverines
Franz Wagner,760.0,1407.0,11.44,98.58557284299859,87.14285714285714,98.59,86.28,52.83,97.67,9.97,25.18,0.0,0.0,12.16,37.06,0.0,5.8,5.52,14.5,20.08,49.22,Michigan Wolverines
Hunter Dickinson,760.0,1407.0,11.44,98.58557284299859,87.14285714285714,98.59,86.28,52.83,97.67,9.97,25.18,0.0,0.0,12.16,37.06,0.0,5.8,5.52,14.5,20.08,49.22,Michigan Wolverines
Mike Smith,760.0,1407.0,11.44,98.58557284299859,87.14285714285714,98.59,86.28,52.83,97.67,9.97,25.18,0.0,0.0,12.16,37.06,0.0,5.8,5.52,14.5,20.08,49.22,Michigan Wolverines
Brandon Johns Jr.,40.0,71.0,-4.09,93.05555555555556,97.14285714285714,93.06,94.44,56.94,111.11,8.33,26.39,0.0,0.0,13.89,36.11,0.0,4.17,6.94,2.78,22.22,50.0,Michigan Wolverines
Chaundee Brown Jr.,40.0,78.5,-21.86,73.07692307692307,94.9367088607595,73.08,96.15,37.18,89.74,7.69,28.21,0.0,0.0,15.38,34.62,0.0,5.13,1.28,25.64,19.23,50.0,Michigan Wolverines
Dontrell Shuler,160.0,286.0,-10.02,81.07142857142857,91.0958904109589,81.07,95.0,41.07,94.29,9.29,29.29,0.0,0.0,13.93,31.79,0.0,8.57,3.57,19.64,22.86,45.72,Middle Tennessee Blue Raiders
Donovan Sims,160.0,312.5,-13.66,74.36708860759494,88.02588996763754,74.37,86.08,39.87,93.04,7.91,29.75,0.0,0.0,14.24,33.86,0.0,8.86,2.22,21.2,17.72,48.1,Middle Tennessee Blue Raiders
Eli Lawrence,120.0,226.5,-14.22,76.036866359447,90.2542372881356,76.04,98.16,42.4,96.77,7.83,29.95,0.0,0.0,13.36,28.11,0.0,9.68,2.3,16.59,26.27,41.47,Middle Tennessee Blue Raiders
Jo'Vontae Millner-Criss,639.7,1200.5,-14.6,82.67451640033642,97.27722772277228,82.67,99.16,42.22,94.03,10.6,31.12,0.0,0.0,13.29,31.62,0.0,8.75,2.78,19.26,20.1,44.91,Middle Tennessee Blue Raiders
Deandre Dishman,679.7,1275.0,-14.7,81.88291139240506,96.57853810264385,81.88,98.26,42.25,94.46,10.28,30.85,0.0,0.0,13.45,31.41,0.0,8.78,2.77,18.99,20.33,44.86,Middle Tennessee Blue Raiders
Jordan Davis,679.7,1275.0,-14.7,81.88291139240506,96.57853810264385,81.88,98.26,42.25,94.46,10.28,30.85,0.0,0.0,13.45,31.41,0.0,8.78,2.77,18.99,20.33,44.86,Middle Tennessee Blue Raiders
Jayce Johnson,439.7,810.5,-15.38,85.23573200992556,100.61349693251533,85.24,101.74,43.18,95.04,11.41,31.14,0.0,0.0,13.4,31.02,0.0,8.56,3.1,18.36,20.1,44.42,Middle Tennessee Blue Raiders
Jalen Jordan,519.7,989.0,-16.08,82.11382113821138,98.18913480885311,82.11,99.19,42.58,94.51,10.57,31.3,0.0,0.0,13.31,31.3,0.0,8.84,2.54,18.8,19.61,44.61,Middle Tennessee Blue Raiders
Amir Allen,335.0,683.0,2.75,95.74155653450808,92.99270072992701,95.74,93.54,52.86,103.52,8.22,25.11,0.0,0.0,14.68,30.98,0.0,6.9,2.64,11.16,22.47,45.66,Milwaukee Panthers
Josh Thomas,580.0,1174.0,0.77,90.07633587786259,89.3071000855432,90.08,88.55,49.28,98.47,8.99,28.07,0.0,0.0,11.45,31.72,0.0,7.29,2.46,12.98,21.37,43.17,Milwaukee Panthers
Grant Coleman,285.0,584.5,-0.47,86.07809847198642,86.55172413793103,86.08,85.23,47.54,93.89,9.34,29.71,0.0,0.0,8.49,31.92,0.0,7.98,2.21,14.6,21.05,40.41,Milwaukee Panthers
DeAndre Gholston,780.0,1584.5,-1.69,91.17276166456494,92.86165508528111,91.17,92.69,49.94,98.36,8.76,26.54,0.0,0.0,11.6,31.08,0.0,7.19,2.52,13.24,22.13,42.68,Milwaukee Panthers
Te'Jon Lucas,780.0,1584.5,-1.69,91.17276166456494,92.86165508528111,91.17,92.69,49.94,98.36,8.76,26.54,0.0,0.0,11.6,31.08,0.0,7.19,2.52,13.24,22.13,42.68,Milwaukee Panthers
Courtney Brown Jr.,455.0,914.0,-3.52,93.85964912280701,97.37991266375546,93.86,97.81,50.77,101.21,8.55,24.89,0.0,0.0,13.49,29.93,0.0,6.8,2.63,12.28,22.59,43.42,Milwaukee Panthers
CJ Wilbourn,485.0,987.5,-3.7,88.58585858585859,92.28426395939087,88.59,91.82,48.59,94.85,8.99,27.17,0.0,0.0,9.6,31.72,0.0,7.27,2.53,14.75,22.12,41.32,Milwaukee Panthers
Donovan Newby,200.0,410.5,-8.55,94.34889434889435,102.89855072463767,94.35,104.67,51.84,98.03,8.11,22.11,0.0,0.0,12.04,29.24,0.0,6.88,2.7,14.0,24.32,41.28,Milwaukee Panthers
Gabe Kalscheur,565.0,1093.5,-4.98,88.65698729582577,93.6405529953917,88.66,92.2,48.37,103.45,10.07,35.03,0.0,0.0,16.33,31.22,0.0,7.17,5.44,12.89,23.05,47.55,Minnesota Golden Gophers
Both Gach,365.0,721.0,-5.57,86.84931506849315,92.41573033707866,86.85,90.14,47.95,102.19,9.86,34.52,0.0,0.0,14.52,32.33,0.0,7.12,5.34,12.33,21.92,46.85,Minnesota Golden Gophers
Brandon Johnson,765.0,1482.0,-7.11,86.5993265993266,93.71196754563894,86.6,93.33,47.88,103.37,8.75,32.59,0.0,0.0,17.17,30.24,0.0,7.81,5.39,13.8,23.57,47.41,Minnesota Golden Gophers
Liam Robbins,645.0,1251.5,-7.5,88.32406671961874,95.81993569131832,88.32,94.68,48.45,103.1,9.77,33.52,0.0,0.0,16.44,29.86,0.0,7.07,5.8,13.34,23.19,46.3,Minnesota Golden Gophers
Marcus Carr,850.0,1668.0,-7.96,86.74626865671642,94.70198675496688,86.75,93.91,48.06,103.4,9.19,33.13,0.0,0.0,16.66,29.85,0.0,7.52,5.43,13.25,23.4,46.51,Minnesota Golden Gophers
Eric Curry,205.0,416.5,-9.4,81.97115384615384,91.36690647482014,81.97,91.59,46.88,104.33,7.45,31.97,0.0,0.0,17.31,29.81,0.0,8.89,4.33,12.98,24.04,47.12,Minnesota Golden Gophers
Tre' Williams,485.0,947.0,-9.75,86.66666666666667,96.4172813487882,86.67,96.83,48.15,104.34,8.68,32.06,0.0,0.0,18.31,27.94,0.0,7.83,5.5,13.97,24.55,46.25,Minnesota Golden Gophers
Jamal Mashburn Jr.,285.0,574.5,-13.63,83.07155322862128,96.70138888888889,83.07,97.21,47.47,103.32,7.5,29.49,0.0,0.0,17.28,27.23,0.0,8.2,5.41,13.96,24.08,44.51,Minnesota Golden Gophers
Isaiah Ihnen,85.0,186.0,-14.85,87.89473684210526,102.74725274725273,87.89,98.42,49.47,103.68,12.63,37.37,0.0,0.0,12.63,26.84,0.0,5.26,5.79,8.95,22.11,39.47,Minnesota Golden Gophers
Deivon Smith,200.0,384.5,-0.42,87.17948717948718,87.59894459102902,87.18,85.13,48.21,94.87,7.69,21.54,0.0,0.0,18.46,35.64,0.0,8.46,5.13,23.59,21.28,54.1,Mississippi State Bulldogs
Jalen Johnson,330.0,604.0,-3.85,88.81578947368422,92.66666666666666,88.82,91.45,50.66,99.84,4.44,14.8,0.0,0.0,18.42,35.53,0.0,9.38,7.24,18.59,17.93,53.95,Mississippi State Bulldogs
Abdul Ado,770.0,1417.0,-5.44,86.22377622377623,91.66666666666666,86.22,90.0,48.11,96.78,5.66,18.88,0.0,0.0,17.9,36.08,0.0,8.53,6.36,21.12,19.44,53.98,Mississippi State Bulldogs
DJ Stewart,770.0,1417.0,-5.44,86.22377622377623,91.66666666666666,86.22,90.0,48.11,96.78,5.66,18.88,0.0,0.0,17.9,36.08,0.0,8.53,6.36,21.12,19.44,53.98,Mississippi State Bulldogs
Tolu Smith,770.0,1417.0,-5.44,86.22377622377623,91.66666666666666,86.22,90.0,48.11,96.78,5.66,18.88,0.0,0.0,17.9,36.08,0.0,8.53,6.36,21.12,19.44,53.98,Mississippi State Bulldogs
Derek Fountain,240.0,431.0,-6.69,85.09174311926606,91.78403755868545,85.09,89.68,46.1,93.35,5.73,21.79,0.0,0.0,16.28,39.22,0.0,7.11,6.65,22.94,18.58,55.5,Mississippi State Bulldogs
Iverson Molinar,730.0,1340.0,-6.94,86.22222222222223,93.15789473684211,86.22,91.78,47.93,97.11,5.7,19.11,0.0,0.0,17.93,35.48,0.0,8.44,6.3,20.81,19.48,53.41,Mississippi State Bulldogs
Cameron Matthews,40.0,74.5,-9.61,67.10526315789474,76.71232876712328,67.11,73.68,42.11,96.05,3.95,17.11,0.0,0.0,19.74,35.53,0.0,11.84,5.26,23.68,26.32,55.27,Mississippi State Bulldogs
Kam'Ron Blue,200.0,421.5,-24.14,76.32850241545893,100.46620046620048,76.33,104.11,40.1,90.82,10.39,28.99,0.0,0.0,13.29,32.61,0.0,6.04,3.14,22.46,21.26,45.9,Mississippi Valley State Delta Devils
Keiondre Jefferson,279.8,572.0,-25.67,78.11387900355872,103.78006872852235,78.11,107.47,40.57,94.31,10.5,30.25,0.0,0.0,14.95,32.21,0.0,6.76,3.38,20.64,21.35,47.16,Mississippi Valley State Delta Devils
Lee'Andre Howard,279.8,572.0,-25.67,78.11387900355872,103.78006872852235,78.11,107.47,40.57,94.31,10.5,30.25,0.0,0.0,14.95,32.21,0.0,6.76,3.38,20.64,21.35,47.16,Mississippi Valley State Delta Devils
Caleb Hunter,319.8,661.5,-27.07,75.8887171561051,102.9585798816568,75.89,107.57,39.72,94.59,9.89,29.52,0.0,0.0,15.46,31.99,0.0,6.8,3.4,20.87,22.26,47.45,Mississippi Valley State Delta Devils
Terry Collins,319.8,661.5,-27.07,75.8887171561051,102.9585798816568,75.89,107.57,39.72,94.59,9.89,29.52,0.0,0.0,15.46,31.99,0.0,6.8,3.4,20.87,22.26,47.45,Mississippi Valley State Delta Devils
Treylan Smith,79.8,160.0,-31.64,72.54901960784314,104.19161676646706,72.55,113.73,36.6,100.0,9.15,28.1,0.0,0.0,18.3,29.41,0.0,8.5,3.27,18.3,26.8,47.71,Mississippi Valley State Delta Devils
Devin Gordon,80.0,169.5,-34.87,70.3030303030303,105.17241379310344,70.3,110.91,38.79,100.0,7.27,29.7,0.0,0.0,20.0,32.12,0.0,7.27,4.24,20.0,23.64,52.12,Mississippi Valley State Delta Devils
Ronald Williams,40.0,89.5,-36.7,61.1764705882353,97.87234042553192,61.18,108.24,34.12,96.47,5.88,24.71,0.0,0.0,18.82,30.59,0.0,7.06,3.53,22.35,28.24,49.41,Mississippi Valley State Delta Devils
Spencer Brown,80.0,131.5,27.31,110.76923076923077,83.45864661654136,110.77,85.38,49.23,92.31,19.23,38.46,0.0,0.0,13.08,39.23,0.0,12.31,5.38,20.77,16.92,52.31,Missouri State Bears
Demarcus Sharp,479.9,844.5,5.26,94.76813317479191,89.50471698113208,94.77,90.25,48.99,94.53,9.87,26.99,0.0,0.0,11.41,38.76,0.0,6.3,4.52,16.88,19.62,50.17,Missouri State Bears
Gaige Prim,799.9,1485.5,4.74,93.54838709677419,88.80647336480108,93.55,88.51,50.2,93.75,9.34,27.08,0.0,0.0,10.75,38.31,0.0,6.12,3.9,17.0,20.16,49.06,Missouri State Bears
Isiaih Mosley,799.9,1485.5,4.74,93.54838709677419,88.80647336480108,93.55,88.51,50.2,93.75,9.34,27.08,0.0,0.0,10.75,38.31,0.0,6.12,3.9,17.0,20.16,49.06,Missouri State Bears
Keaton Hervey,799.9,1485.5,4.74,93.54838709677419,88.80647336480108,93.55,88.51,50.2,93.75,9.34,27.08,0.0,0.0,10.75,38.31,0.0,6.12,3.9,17.0,20.16,49.06,Missouri State Bears
Jared Ridder,320.0,641.0,4.09,91.9629057187017,87.8740157480315,91.96,86.24,51.78,92.74,8.66,27.2,0.0,0.0,9.89,37.71,0.0,5.87,3.09,17.16,20.87,47.6,Missouri State Bears
JaMonta' Black,719.9,1354.0,2.57,91.899852724595,89.33333333333333,91.9,88.81,50.29,93.89,8.39,25.99,0.0,0.0,10.53,38.22,0.0,5.52,3.76,16.64,20.47,48.75,Missouri State Bears
Mitchell Smith,80.0,166.0,6.38,98.14814814814815,91.76470588235294,98.15,96.3,53.09,93.83,9.26,28.4,0.0,0.0,7.41,32.1,0.0,9.26,4.94,13.58,25.93,39.51,Missouri Tigers
Javon Pickett,40.0,85.5,-1.1,84.26966292134831,85.36585365853658,84.27,78.65,47.19,97.75,10.11,23.6,0.0,0.0,11.24,30.34,0.0,8.99,3.37,13.48,17.98,41.58,Missouri Tigers
Mark Smith,600.0,1192.5,-1.13,88.73835732430145,89.8671096345515,88.74,91.62,48.43,96.53,8.21,26.33,0.0,0.0,13.55,30.31,0.0,9.82,5.17,17.02,25.32,43.86,Missouri Tigers
Dru Smith,640.0,1278.0,-1.15,88.4251968503937,89.5800933125972,88.43,90.71,48.35,96.61,8.35,26.14,0.0,0.0,13.39,30.31,0.0,9.76,5.04,16.77,24.8,43.7,Missouri Tigers
Kobe Brown,640.0,1278.0,-1.15,88.4251968503937,89.5800933125972,88.43,90.71,48.35,96.61,8.35,26.14,0.0,0.0,13.39,30.31,0.0,9.76,5.04,16.77,24.8,43.7,Missouri Tigers
Xavier Pinson,640.0,1278.0,-1.15,88.4251968503937,89.5800933125972,88.43,90.71,48.35,96.61,8.35,26.14,0.0,0.0,13.39,30.31,0.0,9.76,5.04,16.77,24.8,43.7,Missouri Tigers
Jeremiah Tilmon Jr.,560.0,1112.0,-2.24,87.00361010830325,89.24731182795699,87.0,89.89,47.65,97.02,8.21,25.81,0.0,0.0,14.26,30.05,0.0,9.84,5.05,17.24,24.64,44.31,Missouri Tigers
Samuel Chaput,240.0,522.5,5.67,89.82725527831093,84.16030534351145,89.83,84.64,48.94,93.86,8.45,22.65,0.0,0.0,11.32,33.21,0.0,7.49,3.45,17.47,24.57,44.53,Monmouth Hawks
Nikkei Rutty,325.0,695.0,4.65,87.5,82.85302593659942,87.5,82.61,48.56,95.83,7.9,22.56,0.0,0.0,13.36,33.62,0.0,7.61,4.02,17.53,24.86,46.98,Monmouth Hawks
Deion Hammond,775.0,1639.5,2.56,86.69501822600243,84.13962033067973,86.7,83.48,48.91,97.21,8.44,23.94,0.0,0.0,13.0,32.62,0.0,9.3,4.13,15.8,23.94,45.62,Monmouth Hawks
George Papas,775.0,1639.5,2.56,86.69501822600243,84.13962033067973,86.7,83.48,48.91,97.21,8.44,23.94,0.0,0.0,13.0,32.62,0.0,9.3,4.13,15.8,23.94,45.62,Monmouth Hawks
Melik Martin,775.0,1639.5,2.56,86.69501822600243,84.13962033067973,86.7,83.48,48.91,97.21,8.44,23.94,0.0,0.0,13.0,32.62,0.0,9.3,4.13,15.8,23.94,45.62,Monmouth Hawks
Myles Ruth,535.0,1117.0,1.11,85.24444444444444,84.12984670874661,85.24,82.93,48.89,98.76,8.44,24.53,0.0,0.0,13.78,32.36,0.0,10.13,4.44,15.02,23.64,46.14,Monmouth Hawks
Marcus McClary,450.0,944.5,1.01,86.10526315789474,85.09052183173588,86.11,84.11,49.16,98.21,8.84,24.95,0.0,0.0,12.74,31.89,0.0,10.53,4.21,14.53,23.26,44.63,Monmouth Hawks
Derrick Carter-Hollinger Jr.,80.0,160.0,11.09,103.94736842105263,92.85714285714286,103.95,102.63,57.24,97.37,10.53,22.37,0.0,0.0,11.84,22.37,0.0,5.92,3.29,14.47,31.58,34.21,Montana Grizzlies
Michael Steadman,369.6,664.5,1.9,93.05135951661632,91.1544227886057,93.05,91.84,53.17,96.37,7.25,18.58,0.0,0.0,11.93,31.12,0.0,5.59,3.32,15.56,27.34,43.05,Montana Grizzlies
Eddy Egun,90.0,162.0,1.3,98.17073170731707,96.875,98.17,94.51,57.93,102.44,6.1,17.68,0.0,0.0,14.02,32.32,0.0,3.66,1.22,11.59,29.27,46.34,Montana Grizzlies
Josh Vazquez,369.6,679.5,0.82,94.0828402366864,93.26500732064422,94.08,94.23,53.55,97.49,7.69,19.53,0.0,0.0,12.57,31.36,0.0,5.18,3.25,15.09,27.66,43.93,Montana Grizzlies
Brandon Whitney,694.6,1294.0,-1.78,89.64451313755795,91.42194744976815,89.64,91.42,51.16,94.9,7.34,20.02,0.0,0.0,11.75,31.84,0.0,6.34,3.63,16.85,26.2,43.59,Montana Grizzlies
Kyle Owens,654.6,1221.0,-2.13,88.98026315789474,91.10929853181077,88.98,91.86,50.33,94.49,7.48,20.23,0.0,0.0,11.68,32.15,0.0,6.41,3.78,17.19,26.23,43.83,Montana Grizzlies
Cameron Parker,85.0,152.5,-3.12,80.76923076923077,83.89261744966443,80.77,80.13,47.44,86.54,4.49,12.18,0.0,0.0,10.26,33.33,0.0,7.69,5.13,23.72,22.44,43.59,Montana Grizzlies
Josh Bannan,479.6,892.5,-3.75,88.1111111111111,91.86440677966101,88.11,90.33,50.67,95.11,7.33,21.11,0.0,0.0,11.67,32.67,0.0,6.56,3.67,16.56,25.33,44.34,Montana Grizzlies
Robby Beasley III,325.0,614.5,-4.57,84.78964401294499,89.36170212765957,84.79,88.35,48.54,92.07,6.96,20.55,0.0,0.0,10.84,32.36,0.0,7.61,4.05,18.77,24.6,43.2,Montana Grizzlies
Mack Anderson,325.0,629.5,-5.63,86.07594936708861,91.70653907496012,86.08,90.98,49.05,93.35,7.44,21.52,0.0,0.0,11.55,32.59,0.0,7.12,3.96,18.2,25.0,44.14,Montana Grizzlies
Devin Kirby,245.0,474.5,0.85,89.14405010438414,88.29787234042553,89.14,86.64,54.07,97.7,5.22,17.75,0.0,0.0,13.78,30.9,0.0,9.19,3.13,16.08,22.96,44.68,Montana State Bobcats
Abdul Mohamed,690.0,1338.5,-0.99,90.28189910979229,91.27163280662151,90.28,89.99,52.6,97.03,6.75,21.88,0.0,0.0,12.76,30.93,0.0,7.57,2.74,15.73,23.22,43.69,Montana State Bobcats
Amin Adamu,690.0,1338.5,-0.99,90.28189910979229,91.27163280662151,90.28,89.99,52.6,97.03,6.75,21.88,0.0,0.0,12.76,30.93,0.0,7.57,2.74,15.73,23.22,43.69,Montana State Bobcats
Jubrile Belo,690.0,1338.5,-0.99,90.28189910979229,91.27163280662151,90.28,89.99,52.6,97.03,6.75,21.88,0.0,0.0,12.76,30.93,0.0,7.57,2.74,15.73,23.22,43.69,Montana State Bobcats
Xavier Bishop,690.0,1338.5,-0.99,90.28189910979229,91.27163280662151,90.28,89.99,52.6,97.03,6.75,21.88,0.0,0.0,12.76,30.93,0.0,7.57,2.74,15.73,23.22,43.69,Montana State Bobcats
Tyler Patterson,445.0,864.0,-1.99,90.9090909090909,92.89871944121072,90.91,91.83,51.78,96.66,7.59,24.17,0.0,0.0,12.2,30.96,0.0,6.67,2.53,15.54,23.36,43.16,Montana State Bobcats
KJ Hunt,770.0,1424.0,9.65,92.15416379903648,82.5089605734767,92.15,79.22,51.07,96.15,8.4,22.23,0.0,0.0,14.18,37.03,0.0,5.99,6.88,18.03,17.55,51.21,Morehead State Eagles
James Baker,850.0,1580.5,8.92,92.1264724116553,83.20413436692506,92.13,79.85,50.77,95.1,8.43,22.07,0.0,0.0,14.01,36.95,0.0,6.14,6.63,18.91,17.42,50.96,Morehead State Eagles
Skyelar Potter,890.0,1666.5,8.79,91.4856136230182,82.69938650306749,91.49,79.15,50.97,96.12,8.28,22.72,0.0,0.0,14.68,36.35,0.0,6.17,6.81,18.56,17.73,51.03,Morehead State Eagles
Johni Broome,810.0,1528.0,8.33,92.60204081632652,84.2741935483871,92.6,79.97,51.4,94.45,8.48,21.88,0.0,0.0,13.71,36.22,0.0,5.99,6.57,19.26,17.09,49.93,Morehead State Eagles
DeVon Cooper,930.0,1744.0,8.17,91.29702414373946,83.12829525483303,91.3,79.67,50.59,94.95,8.25,22.46,0.0,0.0,14.21,36.44,0.0,6.06,6.74,19.26,17.69,50.65,Morehead State Eagles
LJ Bryan,120.0,216.0,6.35,81.69014084507043,75.34246575342466,81.69,77.46,44.6,98.59,6.57,26.76,0.0,0.0,17.84,38.03,0.0,6.57,7.98,19.25,22.07,55.87,Morehead State Eagles
Ta'lon Cooper,160.0,320.0,1.6,87.5,85.8974358974359,87.5,81.71,48.48,89.63,7.62,23.48,0.0,0.0,14.33,33.84,0.0,6.4,6.1,24.7,18.29,48.17,Morehead State Eagles
Julius Dixon,120.0,241.0,-1.04,84.5528455284553,85.59322033898306,84.55,82.11,46.75,85.77,6.91,23.17,0.0,0.0,12.2,33.74,0.0,4.88,6.91,26.42,19.11,45.94,Morehead State Eagles
Troy Baxter Jr.,519.7,1162.0,4.98,87.63948497854076,82.65746333045729,87.64,82.23,49.7,98.88,8.84,27.81,0.0,0.0,16.65,30.64,0.0,8.33,4.55,17.77,24.12,47.29,Morgan State Bears
Malik Miller,559.7,1248.5,4.66,88.55084067253803,83.89423076923077,88.55,83.83,49.64,98.72,9.29,28.26,0.0,0.0,16.41,30.58,0.0,8.09,4.32,17.69,24.66,46.99,Morgan State Bears
Sherwyn Devonish,559.7,1248.5,4.66,88.55084067253803,83.89423076923077,88.55,83.83,49.64,98.72,9.29,28.26,0.0,0.0,16.41,30.58,0.0,8.09,4.32,17.69,24.66,46.99,Morgan State Bears
Trevor Moore,559.7,1248.5,4.66,88.55084067253803,83.89423076923077,88.55,83.83,49.64,98.72,9.29,28.26,0.0,0.0,16.41,30.58,0.0,8.09,4.32,17.69,24.66,46.99,Morgan State Bears
Lagio Grantsaan,519.7,1168.5,4.64,88.7468030690537,84.106529209622,88.75,83.46,49.79,98.38,9.55,28.22,0.0,0.0,16.2,31.03,0.0,8.1,4.35,17.82,24.3,47.23,Morgan State Bears
Victor Okafor,40.0,80.0,4.57,85.52631578947368,80.95238095238095,85.53,89.47,47.37,103.95,5.26,28.95,0.0,0.0,19.74,23.68,0.0,7.89,3.95,15.79,30.26,43.42,Morgan State Bears
De'Torrion Ware,40.0,86.5,1.19,101.19047619047619,100.0,101.19,105.95,48.81,96.43,15.48,34.52,0.0,0.0,13.1,29.76,0.0,4.76,1.19,16.67,32.14,42.86,Morgan State Bears
Jalen Gibbs,39.9,67.5,28.12,111.94029850746267,83.82352941176471,111.94,85.07,56.72,104.48,10.45,40.3,0.0,0.0,13.43,40.3,0.0,5.97,10.45,8.96,25.37,53.73,Mount St. Mary's Mountaineers
Damian Chong Qui,728.9,1282.5,5.41,90.67398119122258,85.2598913886734,90.67,86.13,48.67,99.69,9.25,27.43,0.0,0.0,17.63,38.87,0.0,6.11,6.19,17.95,21.63,56.5,Mount St. Mary's Mountaineers
Malik Jefferson,728.9,1282.5,5.41,90.67398119122258,85.2598913886734,90.67,86.13,48.67,99.69,9.25,27.43,0.0,0.0,17.63,38.87,0.0,6.11,6.19,17.95,21.63,56.5,Mount St. Mary's Mountaineers
Mezie Offurum,728.9,1282.5,5.41,90.67398119122258,85.2598913886734,90.67,86.13,48.67,99.69,9.25,27.43,0.0,0.0,17.63,38.87,0.0,6.11,6.19,17.95,21.63,56.5,Mount St. Mary's Mountaineers
Nana Opoku,728.9,1282.5,5.41,90.67398119122258,85.2598913886734,90.67,86.13,48.67,99.69,9.25,27.43,0.0,0.0,17.63,38.87,0.0,6.11,6.19,17.95,21.63,56.5,Mount St. Mary's Mountaineers
Josh Reaves,689.0,1215.0,4.16,89.49545078577337,85.33988533988534,89.5,86.19,48.22,99.42,9.18,26.72,0.0,0.0,17.87,38.79,0.0,6.12,5.96,18.44,21.42,56.66,Mount St. Mary's Mountaineers
Demond Robinson,680.0,1251.0,13.79,100.88211708099439,87.09163346613545,100.88,87.65,51.32,96.07,11.87,31.28,0.0,0.0,12.91,33.6,0.0,9.7,4.57,16.84,22.13,46.51,Murray State Racers
Dionte Bostick,645.0,1174.0,11.41,100.59676044330776,89.19148936170212,100.6,89.34,50.81,98.89,12.62,32.74,0.0,0.0,13.98,34.36,0.0,8.87,4.35,15.09,21.91,48.34,Murray State Racers
Chico Carter Jr.,365.0,666.5,11.02,100.44709388971684,89.42598187311178,100.45,88.23,51.56,97.62,11.62,30.1,0.0,0.0,13.26,35.32,0.0,8.49,3.43,15.65,22.06,48.58,Murray State Racers
DaQuan Smith,320.0,584.0,9.48,99.30795847750865,89.83050847457628,99.31,91.7,48.96,98.62,13.67,35.29,0.0,0.0,15.05,32.7,0.0,9.69,5.88,16.44,21.63,47.75,Murray State Racers
KJ Williams,845.0,1545.5,9.22,98.2478909798832,89.03225806451613,98.25,89.55,50.23,97.01,11.55,31.21,0.0,0.0,13.89,33.68,0.0,9.02,4.61,16.87,22.58,47.57,Murray State Racers
Tevin Brown,845.0,1545.5,9.22,98.2478909798832,89.03225806451613,98.25,89.55,50.23,97.01,11.55,31.21,0.0,0.0,13.89,33.68,0.0,9.02,4.61,16.87,22.58,47.57,Murray State Racers
Brion Whitley,160.0,295.0,4.52,91.0958904109589,86.57718120805369,91.1,88.36,49.66,92.47,7.19,25.68,0.0,0.0,13.01,31.85,0.0,8.9,4.79,20.55,25.68,44.86,Murray State Racers
Justice Hill,200.0,371.5,2.23,90.76086956521739,88.53333333333333,90.76,90.22,48.37,91.03,8.15,26.36,0.0,0.0,13.59,31.52,0.0,9.51,5.43,22.55,24.73,45.11,Murray State Racers
Jackson Sivills,40.0,77.5,-5.48,72.72727272727273,78.2051282051282,72.73,79.22,42.86,101.3,6.49,25.97,0.0,0.0,22.08,33.77,0.0,6.49,7.79,20.78,31.17,55.85,Murray State Racers
Nicholas McMullen,125.0,217.0,-11.98,92.16589861751152,104.14746543778801,92.17,104.15,46.54,100.92,11.52,32.72,0.0,0.0,16.59,34.1,0.0,5.99,3.69,15.67,22.12,50.69,Murray State Racers
Dereon Seabron,279.8,514.0,1.05,94.00386847195358,92.95499021526419,94.0,91.88,53.0,98.65,8.12,21.86,0.0,0.0,13.35,30.17,0.0,8.7,5.22,14.7,21.47,43.52,NC State Wolfpack
Manny Bates,644.8,1206.5,-1.75,91.26530612244898,93.01346801346801,91.27,90.2,50.86,96.24,8.0,22.29,0.0,0.0,14.12,30.04,0.0,9.55,5.31,17.88,20.65,44.16,NC State Wolfpack
Braxton Beverly,360.0,696.0,-2.55,90.9090909090909,93.45930232558139,90.91,91.34,49.57,95.74,8.1,23.3,0.0,0.0,14.63,28.69,0.0,10.65,5.68,18.89,20.74,43.32,NC State Wolfpack
Cam Hayes,484.8,900.0,-4.41,93.44262295081968,97.85310734463278,93.44,94.64,51.58,96.94,9.07,24.59,0.0,0.0,13.44,30.05,0.0,8.74,5.36,16.5,20.22,43.49,NC State Wolfpack
Jericole Hellems,724.8,1364.0,-4.47,91.74511223750905,96.21380846325167,91.75,93.85,50.4,96.23,8.33,22.95,0.0,0.0,13.69,29.04,0.0,9.56,5.58,17.45,20.42,42.73,NC State Wolfpack
Thomas Allen,405.0,774.0,-4.63,89.45362134688692,94.08672798948751,89.45,90.98,49.17,94.28,7.5,21.73,0.0,0.0,13.34,29.61,0.0,10.29,5.46,19.06,19.82,42.95,NC State Wolfpack
D.J. Funderburk,359.8,672.5,-6.37,93.77777777777779,100.1492537313433,93.78,99.41,51.26,97.19,8.44,22.52,0.0,0.0,12.74,28.0,0.0,9.19,6.37,15.56,20.3,40.74,NC State Wolfpack
Devon Daniels,285.0,550.5,-8.69,90.19607843137256,98.88888888888889,90.2,95.19,48.31,95.72,9.09,24.06,0.0,0.0,13.55,26.92,0.0,9.8,6.06,17.83,20.5,40.47,NC State Wolfpack
Shakeel Moore,80.0,142.5,-30.0,90.0,120.0,90.0,124.29,44.29,93.57,9.29,25.0,0.0,0.0,15.0,21.43,0.0,9.29,5.0,21.43,17.86,36.43,NC State Wolfpack
Kjell de Graaf,280.0,510.5,-4.39,85.49323017408123,89.88095238095238,85.49,87.62,45.84,100.0,9.09,30.17,0.0,0.0,13.35,31.14,0.0,8.7,4.06,13.35,22.05,44.49,NJIT Highlanders
Dylan O'Hearn,520.0,970.0,-5.38,84.60754332313965,89.9895724713243,84.61,87.97,46.18,99.18,8.66,27.52,0.0,0.0,13.97,30.38,0.0,8.77,3.06,14.78,22.73,44.35,NJIT Highlanders
Mekhi Gray,400.0,752.5,-6.31,86.35761589403972,92.66666666666666,86.36,92.05,46.09,96.95,8.87,28.21,0.0,0.0,11.92,29.14,0.0,9.01,3.58,14.97,22.65,41.06,NJIT Highlanders
San Antonio Brinson,690.0,1292.5,-8.05,84.65648854961833,92.70588235294117,84.66,90.23,47.02,98.85,7.94,26.87,0.0,0.0,13.36,29.69,0.0,8.63,3.05,14.5,22.75,43.05,NJIT Highlanders
Zach Cooks,690.0,1292.5,-8.05,84.65648854961833,92.70588235294117,84.66,90.23,47.02,98.85,7.94,26.87,0.0,0.0,13.36,29.69,0.0,8.63,3.05,14.5,22.75,43.05,NJIT Highlanders
Souleymane Diakite,370.0,711.0,-8.88,84.00556328233658,92.88762446657184,84.01,90.82,47.98,97.5,6.95,23.09,0.0,0.0,12.66,29.21,0.0,8.34,2.5,15.16,23.64,41.87,NJIT Highlanders
Antwuan Butler,370.0,692.5,-12.78,81.43459915611815,94.21364985163204,81.43,89.31,47.96,100.42,6.19,25.04,0.0,0.0,14.49,29.11,0.0,8.02,2.67,14.06,22.93,43.6,NJIT Highlanders
Diego Willis,130.0,241.0,-16.04,89.06882591093117,105.10638297872342,89.07,100.0,50.2,100.4,7.69,29.55,0.0,0.0,14.17,28.74,0.0,9.31,2.02,13.77,21.46,42.91,NJIT Highlanders
John Carter Jr.,325.0,619.0,6.35,90.56603773584906,84.21926910299004,90.57,79.72,52.04,99.53,7.55,22.33,0.0,0.0,15.57,31.92,0.0,10.53,2.83,16.04,20.28,47.49,Navy Midshipmen
Cam Davis,410.0,781.5,6.24,91.17276166456494,84.93506493506493,91.17,82.47,51.32,99.87,7.69,22.95,0.0,0.0,16.14,32.41,0.0,10.72,3.15,16.27,21.56,48.55,Navy Midshipmen
Richard Njoku,410.0,781.5,6.24,91.17276166456494,84.93506493506493,91.17,82.47,51.32,99.87,7.69,22.95,0.0,0.0,16.14,32.41,0.0,10.72,3.15,16.27,21.56,48.55,Navy Midshipmen
Greg Summers,450.0,873.0,6.0,89.84198645598194,83.83720930232558,89.84,81.38,51.02,99.1,7.34,21.78,0.0,0.0,15.46,31.15,0.0,10.95,3.27,16.37,22.01,46.61,Navy Midshipmen
Tyler Nelson,450.0,873.0,6.0,89.84198645598194,83.83720930232558,89.84,81.38,51.02,99.1,7.34,21.78,0.0,0.0,15.46,31.15,0.0,10.95,3.27,16.37,22.01,46.61,Navy Midshipmen
Patrick Dorsey,125.0,254.0,5.05,88.0,82.94573643410853,88.0,85.6,48.4,98.0,6.8,20.4,0.0,0.0,15.2,29.2,0.0,12.0,4.4,17.2,26.4,44.4,Navy Midshipmen
Austin Inge,40.0,91.5,4.05,78.49462365591397,74.44444444444444,78.49,72.04,48.39,92.47,4.3,11.83,0.0,0.0,9.68,20.43,0.0,12.9,4.3,17.2,25.81,30.11,Navy Midshipmen
Daniel Deaver,40.0,91.5,4.05,78.49462365591397,74.44444444444444,78.49,72.04,48.39,92.47,4.3,11.83,0.0,0.0,9.68,20.43,0.0,12.9,4.3,17.2,25.81,30.11,Navy Midshipmen
Kobe Webster,200.0,398.0,-2.67,90.86294416243655,93.53233830845771,90.86,95.43,44.67,90.36,13.2,36.29,0.0,0.0,10.91,34.01,0.0,8.88,3.3,20.56,20.3,44.92,Nebraska Cornhuskers
Thorir Thorbjarnarson,200.0,398.0,-2.67,90.86294416243655,93.53233830845771,90.86,95.43,44.67,90.36,13.2,36.29,0.0,0.0,10.91,34.01,0.0,8.88,3.3,20.56,20.3,44.92,Nebraska Cornhuskers
Derrick Walker,603.5,1199.5,-8.39,83.43145500420522,91.81818181818183,83.43,93.44,42.81,92.77,10.09,29.69,0.0,0.0,11.94,34.23,0.0,8.66,4.21,19.18,22.12,46.17,Nebraska Cornhuskers
Lat Mayen,763.5,1520.0,-10.91,82.55968169761273,93.47258485639686,82.56,94.96,42.84,93.7,9.88,29.97,0.0,0.0,12.14,33.09,0.0,8.29,4.18,18.44,22.41,45.23,Nebraska Cornhuskers
Trey McGowens,763.5,1520.0,-10.91,82.55968169761273,93.47258485639686,82.56,94.96,42.84,93.7,9.88,29.97,0.0,0.0,12.14,33.09,0.0,8.29,4.18,18.44,22.41,45.23,Nebraska Cornhuskers
Teddy Allen,523.5,1035.5,-13.49,80.27210884353741,93.76199616122841,80.27,94.95,42.08,94.75,9.14,28.57,0.0,0.0,12.15,32.36,0.0,8.16,4.37,17.4,22.93,44.51,Nebraska Cornhuskers
Dalano Banton,563.5,1122.0,-13.83,79.6229802513465,93.45132743362832,79.62,94.79,42.19,94.88,8.71,27.74,0.0,0.0,12.57,32.76,0.0,8.08,4.49,17.68,23.16,45.33,Nebraska Cornhuskers
Trevor Lakes,40.0,86.5,-18.01,71.76470588235294,89.77272727272727,71.76,92.94,43.53,96.47,3.53,17.65,0.0,0.0,17.65,37.65,0.0,7.06,5.88,21.18,25.88,55.3,Nebraska Cornhuskers
Yvan Ouedraogo,160.0,320.5,-20.38,79.3103448275862,99.68944099378882,79.31,100.63,42.95,97.18,9.09,31.03,0.0,0.0,12.85,28.84,0.0,6.9,4.08,15.67,23.51,41.69,Nebraska Cornhuskers
Kwame Hymes,40.0,87.5,4.64,96.5909090909091,91.95402298850574,96.59,90.91,57.95,101.14,12.5,30.68,0.0,0.0,13.64,27.27,0.0,6.82,1.14,12.5,30.68,40.91,Nevada Wolf Pack
Daniel Foster,320.0,644.5,4.54,93.65325077399382,89.11353032659409,93.65,88.7,50.46,92.88,10.68,26.63,0.0,0.0,8.05,32.82,0.0,7.59,3.72,15.17,24.61,40.87,Nevada Wolf Pack
Desmond Cambridge Jr.,640.0,1300.0,2.96,90.89517980107115,87.93503480278422,90.9,86.99,51.34,95.26,9.1,26.93,0.0,0.0,10.56,31.98,0.0,7.27,3.67,15.3,25.33,42.54,Nevada Wolf Pack
Grant Sherfield,640.0,1300.0,2.96,90.89517980107115,87.93503480278422,90.9,86.99,51.34,95.26,9.1,26.93,0.0,0.0,10.56,31.98,0.0,7.27,3.67,15.3,25.33,42.54,Nevada Wolf Pack
Tre Coleman,640.0,1300.0,2.96,90.89517980107115,87.93503480278422,90.9,86.99,51.34,95.26,9.1,26.93,0.0,0.0,10.56,31.98,0.0,7.27,3.67,15.3,25.33,42.54,Nevada Wolf Pack
Warren Washington,640.0,1300.0,2.96,90.89517980107115,87.93503480278422,90.9,86.99,51.34,95.26,9.1,26.93,0.0,0.0,10.56,31.98,0.0,7.27,3.67,15.3,25.33,42.54,Nevada Wolf Pack
Zane Meeks,160.0,308.0,2.25,85.85209003215434,83.60655737704919,85.85,81.99,48.55,93.89,7.72,27.33,0.0,0.0,12.22,31.83,0.0,7.72,4.18,18.33,26.05,44.05,Nevada Wolf Pack
Robby Robinson,120.0,260.0,-0.59,88.16793893129771,88.75968992248062,88.17,87.4,54.58,100.76,5.73,25.95,0.0,0.0,13.74,31.68,0.0,6.11,3.82,12.98,24.43,45.42,Nevada Wolf Pack
Tayler Mattos,239.8,435.0,6.21,91.26436781609195,85.0574712643678,91.26,85.06,50.34,102.07,10.34,30.11,0.0,0.0,17.24,34.02,0.0,6.9,2.76,15.17,25.98,51.26,New Hampshire Wildcats
Nick Guadarrama,524.9,991.5,-0.82,85.36585365853658,86.18618618618619,85.37,87.5,45.93,99.8,9.35,28.46,0.0,0.0,14.53,33.54,0.0,6.71,4.17,14.74,24.59,48.07,New Hampshire Wildcats
Nick Johnson,404.9,760.0,-1.15,86.9220607661823,88.07339449541286,86.92,88.77,47.82,101.45,8.85,28.14,0.0,0.0,15.32,31.7,0.0,7.27,4.49,13.87,24.31,47.02,New Hampshire Wildcats
Marque Maultsby,439.8,817.5,-1.19,84.29447852760737,85.48780487804878,84.29,86.01,45.77,98.9,9.08,28.22,0.0,0.0,15.46,34.6,0.0,6.5,3.56,16.56,24.91,50.06,New Hampshire Wildcats
Jayden Martinez,604.7,1126.5,-1.31,85.23131672597864,86.53675819309123,85.23,86.92,46.62,99.82,8.72,27.49,0.0,0.0,14.59,33.45,0.0,6.85,3.91,14.77,24.82,48.04,New Hampshire Wildcats
Chris Lester,159.8,303.5,-1.48,82.78145695364239,84.26229508196721,82.78,85.1,44.37,93.05,7.62,23.18,0.0,0.0,11.59,36.42,0.0,5.96,3.64,18.54,25.5,48.01,New Hampshire Wildcats
Qon Murphy,164.9,309.0,-1.62,87.70226537216828,89.32038834951457,87.7,89.32,48.87,102.27,7.77,25.57,0.0,0.0,12.3,30.42,0.0,7.77,4.85,10.03,24.6,42.72,New Hampshire Wildcats
Blondeau Tchoukuiegno,444.7,815.0,-4.56,82.46041412911083,87.02101359703337,82.46,85.75,46.04,100.0,7.43,25.46,0.0,0.0,13.76,33.25,0.0,7.19,3.65,13.76,24.73,47.01,New Hampshire Wildcats
Josh Hopkins,40.0,74.5,-16.93,71.23287671232876,88.1578947368421,71.23,91.78,36.99,95.89,8.22,32.88,0.0,0.0,13.7,36.99,0.0,4.11,5.48,17.81,24.66,50.69,New Hampshire Wildcats
Emmanuel Kuac,120.0,230.0,-3.27,85.52631578947368,88.79310344827587,85.53,90.35,47.81,94.3,4.39,16.67,0.0,0.0,18.86,33.33,0.0,8.77,4.82,24.56,23.25,52.19,New Mexico Lobos
Kurt Wegscheider,90.0,168.5,-4.04,81.92771084337349,85.96491228070175,81.93,88.55,45.78,99.4,4.82,16.87,0.0,0.0,18.67,37.35,0.0,6.02,4.82,19.28,27.11,56.02,New Mexico Lobos
Valdir Manuel,125.0,229.0,-7.06,78.47533632286996,85.53191489361703,78.48,90.13,40.36,98.65,8.07,28.25,0.0,0.0,21.52,35.87,0.0,8.97,3.59,22.87,27.35,57.39,New Mexico Lobos
Javonte Johnson,120.0,238.0,-12.93,82.00836820083683,94.9367088607595,82.01,94.14,43.93,97.49,10.46,30.96,0.0,0.0,16.74,25.1,0.0,8.37,5.86,19.25,25.52,41.84,New Mexico Lobos
Makuach Maluach,570.0,1083.0,-18.53,76.88022284122563,95.40863177226814,76.88,96.47,42.53,96.56,6.22,22.93,0.0,0.0,17.64,28.69,0.0,7.52,4.46,21.08,24.14,46.33,New Mexico Lobos
Saquan Singleton,570.0,1083.0,-18.53,76.88022284122563,95.40863177226814,76.88,96.47,42.53,96.56,6.22,22.93,0.0,0.0,17.64,28.69,0.0,7.52,4.46,21.08,24.14,46.33,New Mexico Lobos
Isaiah Marin,320.0,620.0,-18.85,79.54545454545455,98.3974358974359,79.55,99.68,44.16,96.75,6.82,24.51,0.0,0.0,17.37,26.95,0.0,7.79,5.19,20.62,23.86,44.32,New Mexico Lobos
Bayron Matos,450.0,841.0,-20.48,74.43249701314217,94.91124260355029,74.43,95.82,41.7,94.86,5.14,20.43,0.0,0.0,17.08,30.35,0.0,7.53,4.18,22.22,23.89,47.43,New Mexico Lobos
Jeremiah Francis III,200.0,391.5,-24.39,77.66497461928934,102.05655526992288,77.66,100.76,42.89,98.98,7.61,25.38,0.0,0.0,17.26,22.59,0.0,6.35,4.06,18.27,23.1,39.85,New Mexico Lobos
Rod Brown,285.0,531.0,-29.56,68.75,98.31460674157303,68.75,99.43,38.64,96.02,4.73,21.97,0.0,0.0,17.05,26.52,0.0,7.01,3.79,21.02,23.11,43.57,New Mexico Lobos
Donnie Tillman,380.0,699.0,14.11,99.56521739130434,85.45197740112994,99.57,87.68,50.72,102.03,12.9,37.39,0.0,0.0,17.54,32.61,0.0,7.97,3.62,15.51,25.36,50.15,New Mexico State Aggies
Evan Gilyard II,500.0,903.0,9.88,96.99331848552339,87.11453744493393,96.99,88.08,50.45,103.67,12.14,38.53,0.0,0.0,19.6,32.29,0.0,7.57,3.34,15.92,24.5,51.89,New Mexico State Aggies
Clayton Henry,540.0,966.0,8.11,96.25779625779626,88.14432989690721,96.26,88.88,50.1,103.64,12.27,39.4,0.0,0.0,19.96,32.12,0.0,7.17,3.33,16.32,24.53,52.08,New Mexico State Aggies
Sir'Jabari Rice,540.0,966.0,8.11,96.25779625779626,88.14432989690721,96.26,88.88,50.1,103.64,12.27,39.4,0.0,0.0,19.96,32.12,0.0,7.17,3.33,16.32,24.53,52.08,New Mexico State Aggies
Kalen Williams,80.0,132.0,5.45,93.23308270676691,87.78625954198473,93.23,86.47,48.12,109.77,12.78,46.62,0.0,0.0,29.32,33.08,0.0,4.51,4.51,19.55,22.56,62.4,New Mexico State Aggies
Johnny McCants,500.0,882.5,5.28,94.20454545454545,88.92655367231639,94.2,89.43,49.09,104.09,12.27,40.23,0.0,0.0,21.02,33.07,0.0,6.7,3.52,16.93,24.55,54.09,New Mexico State Aggies
Wilfried Likayi,120.0,218.5,1.95,95.92760180995475,93.98148148148148,95.93,91.86,53.39,103.17,9.95,38.01,0.0,0.0,17.65,26.24,0.0,8.14,0.9,14.48,23.08,43.89,New Mexico State Aggies
C.J. Roberts,40.0,63.0,-17.29,85.9375,103.2258064516129,85.94,100.0,45.31,103.12,14.06,51.56,0.0,0.0,25.0,29.69,0.0,1.56,3.12,21.88,25.0,54.69,New Mexico State Aggies
Ahren Freeman,40.0,85.0,25.28,120.73170731707317,95.45454545454545,120.73,102.44,57.32,112.2,13.41,36.59,0.0,0.0,21.95,34.15,0.0,8.54,4.88,9.76,25.61,56.1,New Orleans Privateers
D'Ante Bell,330.0,702.5,10.52,96.29629629629629,85.77524893314367,96.3,85.9,55.13,92.45,6.41,17.38,0.0,0.0,12.25,32.19,0.0,9.69,3.99,19.8,24.93,44.44,New Orleans Privateers
Lamont Berzat,319.6,657.5,6.01,97.70290964777948,91.6918429003021,97.7,92.96,52.99,98.16,7.2,20.83,0.0,0.0,15.93,30.32,0.0,10.57,3.22,17.76,24.66,46.25,New Orleans Privateers
Troy Green,689.6,1451.0,4.84,95.0207468879668,90.17857142857143,95.02,90.8,53.53,94.88,6.85,19.57,0.0,0.0,13.69,30.29,0.0,9.75,3.6,18.81,24.69,43.98,New Orleans Privateers
Rodney Carson Jr.,610.0,1284.5,4.4,95.39422326307572,90.99378881987577,95.39,91.49,53.4,95.39,7.26,20.53,0.0,0.0,13.82,30.44,0.0,9.68,3.67,18.42,24.2,44.26,New Orleans Privateers
Derek St. Hilaire,370.0,793.5,3.9,92.81210592686003,88.9168765743073,92.81,89.03,53.97,92.18,6.56,18.54,0.0,0.0,11.85,30.26,0.0,9.08,3.91,19.67,24.72,42.11,New Orleans Privateers
Damion Rosser,649.6,1366.0,3.64,93.47507331378299,89.8391812865497,93.48,90.1,53.3,93.84,6.45,18.55,0.0,0.0,13.2,30.06,0.0,9.82,3.52,19.35,24.63,43.26,New Orleans Privateers
Jahmel Myers,399.6,829.0,2.93,95.50425273390036,92.5748502994012,95.5,93.92,52.73,97.08,7.29,21.14,0.0,0.0,14.82,29.65,0.0,9.6,3.4,17.74,24.79,44.47,New Orleans Privateers
Ladarius Marshall,39.6,86.0,-16.28,74.4186046511628,90.69767441860465,74.42,90.7,50.0,86.05,0.0,8.14,0.0,0.0,12.79,18.6,0.0,12.79,1.16,26.74,29.07,31.39,New Orleans Privateers
Steven Levnaic,40.0,86.5,5.16,93.25842696629213,88.09523809523809,93.26,83.15,53.93,98.88,7.87,21.35,0.0,0.0,10.11,32.58,0.0,5.62,2.25,11.24,23.6,42.69,Niagara Purple Eagles
Justin Roberts,480.0,869.0,0.29,89.26553672316385,88.98007033997656,89.27,85.76,49.27,100.45,9.83,28.14,0.0,0.0,12.88,31.41,0.0,8.02,2.26,12.43,22.15,44.29,Niagara Purple Eagles
Greg Kuakumensah,680.0,1249.5,-0.0,88.11410459587957,88.11641067097817,88.11,86.37,49.21,100.0,8.87,27.26,0.0,0.0,12.36,32.09,0.0,7.77,2.38,12.36,23.53,44.45,Niagara Purple Eagles
Kobi Nwandu,720.0,1327.5,-1.2,87.01492537313433,88.212927756654,87.01,86.57,48.58,99.63,8.66,26.57,0.0,0.0,12.46,32.16,0.0,7.91,2.46,12.84,23.13,44.62,Niagara Purple Eagles
Marcus Hammond,720.0,1327.5,-1.2,87.01492537313433,88.212927756654,87.01,86.57,48.58,99.63,8.66,26.57,0.0,0.0,12.46,32.16,0.0,7.91,2.46,12.84,23.13,44.62,Niagara Purple Eagles
Nicholas Kratholm,720.0,1327.5,-1.2,87.01492537313433,88.212927756654,87.01,86.57,48.58,99.63,8.66,26.57,0.0,0.0,12.46,32.16,0.0,7.91,2.46,12.84,23.13,44.62,Niagara Purple Eagles
Shandon Brown,240.0,450.0,-8.91,78.15315315315316,87.06140350877193,78.15,89.41,44.37,97.07,5.86,22.52,0.0,0.0,12.39,33.78,0.0,8.56,3.15,15.32,23.87,46.17,Niagara Purple Eagles
Najee Garvin,404.9,820.0,13.6,100.61881188118811,87.01923076923077,100.62,89.6,51.98,100.5,10.27,30.69,0.0,0.0,15.97,34.78,0.0,11.01,4.33,15.47,21.16,50.75,Nicholls Colonels
Ty Gordon,564.6,1181.5,9.0,95.67062818336163,86.66666666666667,95.67,87.18,50.93,99.75,9.25,29.2,0.0,0.0,15.87,34.04,0.0,11.63,3.82,16.13,20.8,49.91,Nicholls Colonels
Kevin Johnson,689.4,1431.0,8.57,96.34317862165963,87.77777777777777,96.34,88.89,50.91,99.44,9.49,29.54,0.0,0.0,15.19,33.97,0.0,10.83,4.08,15.75,21.1,49.16,Nicholls Colonels
Ryghe Lyons,689.4,1431.0,8.57,96.34317862165963,87.77777777777777,96.34,88.89,50.91,99.44,9.49,29.54,0.0,0.0,15.19,33.97,0.0,10.83,4.08,15.75,21.1,49.16,Nicholls Colonels
Andre Jones,649.4,1337.5,8.28,96.09022556390977,87.80669144981412,96.09,88.8,50.68,100.23,9.62,30.3,0.0,0.0,15.64,34.21,0.0,10.3,4.36,15.41,21.05,49.85,Nicholls Colonels
Jaylen Fornes,329.4,681.5,5.79,95.57522123893806,89.78102189781022,95.58,90.71,51.47,100.29,8.7,28.17,0.0,0.0,14.16,33.92,0.0,9.44,4.42,13.86,21.24,48.08,Nicholls Colonels
Pierce Spencer,80.0,188.5,0.61,86.24338624338624,85.63829787234043,86.24,85.19,47.62,87.83,7.41,21.69,0.0,0.0,11.11,30.16,0.0,14.81,0.53,23.28,22.22,41.27,Nicholls Colonels
Jeremiah Buford,40.0,84.0,-1.23,97.59036144578313,98.82352941176471,97.59,101.2,46.99,91.57,14.46,39.76,0.0,0.0,8.43,30.12,0.0,8.43,6.02,16.87,21.69,38.55,Nicholls Colonels
Kashaun Hicks,200.0,418.5,17.96,92.12410501193318,74.16267942583733,92.12,73.99,51.79,95.47,10.02,25.3,0.0,0.0,14.32,31.03,0.0,8.59,4.3,18.85,27.21,45.35,Norfolk State Spartans
J.J. Matthews,479.9,1015.5,8.8,92.33038348082596,83.53057199211045,92.33,83.28,50.74,100.39,10.23,28.61,0.0,0.0,15.83,31.86,0.0,7.47,3.83,15.44,24.29,47.69,Norfolk State Spartans
Mustafa Lawrence,120.0,253.0,8.61,96.51162790697676,87.90322580645162,96.51,84.5,53.88,103.1,10.85,27.91,0.0,0.0,18.22,31.01,0.0,6.98,5.43,15.12,20.54,49.23,Norfolk State Spartans
Devante Carter,564.9,1193.5,8.11,92.31411862990811,84.2016806722689,92.31,83.71,50.96,100.5,10.19,27.99,0.0,0.0,15.62,31.75,0.0,7.35,3.76,15.12,24.31,47.37,Norfolk State Spartans
Kyonze Chavis,564.9,1193.5,8.11,92.31411862990811,84.2016806722689,92.31,83.71,50.96,100.5,10.19,27.99,0.0,0.0,15.62,31.75,0.0,7.35,3.76,15.12,24.31,47.37,Norfolk State Spartans
Joe Bryant Jr.,484.9,1027.0,7.23,91.9260700389105,84.69785575048732,91.93,84.53,50.88,100.29,10.02,27.53,0.0,0.0,15.27,32.0,0.0,7.1,3.4,14.98,24.71,47.27,Norfolk State Spartans
Tyrese Jenkins,284.9,606.5,4.6,91.74917491749174,87.1499176276771,91.75,87.29,49.34,102.15,10.07,29.7,0.0,0.0,15.18,32.18,0.0,7.43,2.64,13.04,23.76,47.36,Norfolk State Spartans
Efstratios Kalogerias,125.0,260.0,0.59,91.25475285171103,90.6614785992218,91.25,88.59,51.71,103.42,10.65,27.76,0.0,0.0,16.73,31.18,0.0,6.08,4.94,13.31,23.19,47.91,Norfolk State Spartans
James Anderson II,40.0,75.5,12.93,98.64864864864865,85.71428571428571,98.65,89.19,48.65,89.19,14.86,35.14,0.0,0.0,12.16,41.89,0.0,6.76,1.35,22.97,22.97,54.05,North Alabama Lions
C.J. Brim,485.0,930.5,-0.29,88.99782135076254,89.28950159066808,89.0,91.72,47.06,92.7,11.0,30.17,0.0,0.0,11.44,34.1,0.0,6.97,4.36,18.74,22.88,45.54,North Alabama Lions
Emanuel Littles,730.0,1425.5,-1.13,87.85511363636364,88.98128898128898,87.86,91.19,47.23,93.96,9.94,28.55,0.0,0.0,12.43,34.45,0.0,6.39,3.84,18.47,23.08,46.88,North Alabama Lions
Jamari Blackmon,730.0,1425.5,-1.13,87.85511363636364,88.98128898128898,87.86,91.19,47.23,93.96,9.94,28.55,0.0,0.0,12.43,34.45,0.0,6.39,3.84,18.47,23.08,46.88,North Alabama Lions
Payton Youngblood,730.0,1425.5,-1.13,87.85511363636364,88.98128898128898,87.86,91.19,47.23,93.96,9.94,28.55,0.0,0.0,12.43,34.45,0.0,6.39,3.84,18.47,23.08,46.88,North Alabama Lions
Mervin James,690.0,1350.0,-1.91,87.25637181409296,89.16544655929722,87.26,91.3,47.15,94.23,9.67,28.19,0.0,0.0,12.44,34.03,0.0,6.37,3.97,18.22,23.09,46.47,North Alabama Lions
Detalian Brown,245.0,495.0,-2.69,85.71428571428571,88.4,85.71,90.2,47.55,96.33,7.96,25.51,0.0,0.0,14.29,35.1,0.0,5.31,2.86,17.96,23.47,49.39,North Alabama Lions
Kameron Langley,119.8,240.0,0.41,83.73983739837398,83.33333333333334,83.74,79.27,51.22,110.57,5.69,23.58,0.0,0.0,26.42,29.27,0.0,11.79,2.85,15.85,21.54,55.69,North Carolina A&T Aggies
Kwe Parker,119.8,240.0,0.41,83.73983739837398,83.33333333333334,83.74,79.27,51.22,110.57,5.69,23.58,0.0,0.0,26.42,29.27,0.0,11.79,2.85,15.85,21.54,55.69,North Carolina A&T Aggies
Tyler Maye,119.8,240.0,0.41,83.73983739837398,83.33333333333334,83.74,79.27,51.22,110.57,5.69,23.58,0.0,0.0,26.42,29.27,0.0,11.79,2.85,15.85,21.54,55.69,North Carolina A&T Aggies
Tyrone Lyons,119.8,240.0,0.41,83.73983739837398,83.33333333333334,83.74,79.27,51.22,110.57,5.69,23.58,0.0,0.0,26.42,29.27,0.0,11.79,2.85,15.85,21.54,55.69,North Carolina A&T Aggies
Webster Filmore,119.8,240.0,0.41,83.73983739837398,83.33333333333334,83.74,79.27,51.22,110.57,5.69,23.58,0.0,0.0,26.42,29.27,0.0,11.79,2.85,15.85,21.54,55.69,North Carolina A&T Aggies
Day'Ron Sharpe,120.0,234.5,17.87,98.29059829059828,80.42553191489363,98.29,80.77,52.14,108.97,11.11,28.63,0.0,0.0,25.64,37.18,0.0,9.4,8.55,16.67,20.51,62.82,North Carolina Tar Heels
Andrew Platek,40.0,91.0,13.85,96.80851063829788,82.95454545454545,96.81,77.66,55.32,87.23,8.51,19.15,0.0,0.0,8.51,31.91,0.0,2.13,11.7,21.28,15.96,40.42,North Carolina Tar Heels
K.J. Smith,40.0,91.0,13.85,96.80851063829788,82.95454545454545,96.81,77.66,55.32,87.23,8.51,19.15,0.0,0.0,8.51,31.91,0.0,2.13,11.7,21.28,15.96,40.42,North Carolina Tar Heels
Walker Miller,40.0,91.0,13.85,96.80851063829788,82.95454545454545,96.81,77.66,55.32,87.23,8.51,19.15,0.0,0.0,8.51,31.91,0.0,2.13,11.7,21.28,15.96,40.42,North Carolina Tar Heels
Kerwin Walton,640.0,1277.5,5.05,92.90123456790124,87.84749801429706,92.9,85.34,50.77,103.63,7.72,23.3,0.0,0.0,20.45,32.48,0.0,9.65,5.71,16.82,20.29,52.93,North Carolina Tar Heels
Leaky Black,720.0,1452.5,4.82,92.53224711473183,87.70949720670392,92.53,85.27,50.85,102.38,7.47,22.54,0.0,0.0,19.76,32.45,0.0,9.16,6.25,17.38,20.16,52.21,North Carolina Tar Heels
Caleb Love,640.0,1273.5,4.47,93.4108527131783,88.94192521877487,93.41,86.67,51.16,104.11,7.21,22.79,0.0,0.0,20.85,32.33,0.0,9.61,5.81,16.74,20.08,53.18,North Carolina Tar Heels
Armando Bacot,680.0,1361.5,4.22,92.24075416968817,88.02083333333334,92.24,85.79,50.54,103.41,7.4,22.77,0.0,0.0,20.52,32.49,0.0,9.64,5.87,17.11,20.45,53.01,North Carolina Tar Heels
Garrison Brooks,600.0,1218.0,2.31,91.44471347861179,89.13951545530493,91.44,86.12,50.61,101.13,6.78,21.39,0.0,0.0,18.64,31.56,0.0,9.12,5.81,17.51,20.1,50.2,North Carolina Tar Heels
R.J. Davis,80.0,172.0,-4.07,78.48837209302324,82.55813953488372,78.49,82.56,44.19,96.51,6.4,18.6,0.0,0.0,18.6,33.72,0.0,9.88,7.56,22.09,24.42,52.32,North Carolina Tar Heels
Tyree Ihenacho,615.0,1205.5,-5.49,92.67489711934157,98.16053511705685,92.67,96.63,50.62,97.37,10.04,27.57,0.0,0.0,12.1,31.52,0.0,6.26,2.63,14.73,22.14,43.62,North Dakota Fighting Hawks
Bentiu Panoam,495.0,989.5,-5.6,93.88777555110221,99.49031600407747,93.89,97.8,51.7,97.19,10.42,26.75,0.0,0.0,11.62,30.56,0.0,6.41,2.71,14.43,22.24,42.18,North Dakota Fighting Hawks
Filip Rebraca,735.0,1421.0,-6.79,90.66666666666666,97.45942131263232,90.67,96.91,48.84,96.77,9.96,27.86,0.0,0.0,11.86,32.0,0.0,6.25,2.81,15.09,22.39,43.86,North Dakota Fighting Hawks
Seybian Sims,735.0,1421.0,-6.79,90.66666666666666,97.45942131263232,90.67,96.91,48.84,96.77,9.96,27.86,0.0,0.0,11.86,32.0,0.0,6.25,2.81,15.09,22.39,43.86,North Dakota Fighting Hawks
Ethan Igbanugo,615.0,1205.0,-7.11,91.30794701986756,98.41930116472545,91.31,97.93,49.42,96.52,10.26,27.24,0.0,0.0,11.42,31.29,0.0,6.37,2.9,14.9,22.52,42.71,North Dakota Fighting Hawks
Caleb Nero,240.0,431.5,-9.75,83.13817330210773,92.88990825688074,83.14,94.85,42.15,95.78,8.9,30.44,0.0,0.0,12.41,35.36,0.0,5.85,3.04,16.63,22.72,47.77,North Dakota Fighting Hawks
Mitchell Sueker,240.0,431.5,-9.75,83.13817330210773,92.88990825688074,83.14,94.85,42.15,95.78,8.9,30.44,0.0,0.0,12.41,35.36,0.0,5.85,3.04,16.63,22.72,47.77,North Dakota Fighting Hawks
Tyler Witz,40.0,77.5,9.5,112.00000000000001,102.49999999999999,112.0,109.33,54.67,93.33,14.67,30.67,0.0,0.0,9.33,30.67,0.0,9.33,1.33,16.0,26.67,40.0,North Dakota State Bison
Grant Nelson,160.0,276.5,7.0,94.11764705882352,87.12121212121212,94.12,79.58,55.71,95.16,7.61,21.8,0.0,0.0,12.46,38.75,0.0,6.92,4.84,17.3,18.34,51.21,North Dakota State Bison
Jarius Cook,845.0,1559.5,4.54,96.1006289308176,91.56311314584697,96.1,88.05,53.4,98.36,9.06,25.91,0.0,0.0,13.77,36.1,0.0,5.09,3.21,15.41,20.94,49.87,North Dakota State Bison
Rocky Kreuser,885.0,1619.5,4.15,95.39672925499697,91.24685138539043,95.4,87.76,53.0,98.24,9.02,26.11,0.0,0.0,13.99,36.64,0.0,5.09,3.33,15.75,21.02,50.63,North Dakota State Bison
Sam Griesel,885.0,1619.5,4.15,95.39672925499697,91.24685138539043,95.4,87.76,53.0,98.24,9.02,26.11,0.0,0.0,13.99,36.64,0.0,5.09,3.33,15.75,21.02,50.63,North Dakota State Bison
Tyree Eady,885.0,1619.5,4.15,95.39672925499697,91.24685138539043,95.4,87.76,53.0,98.24,9.02,26.11,0.0,0.0,13.99,36.64,0.0,5.09,3.33,15.75,21.02,50.63,North Dakota State Bison
Maleeck Harden-Hayes,685.0,1265.5,3.32,94.71639471639472,91.39871382636656,94.72,88.34,52.29,99.22,9.01,26.81,0.0,0.0,14.61,36.52,0.0,4.43,3.11,15.38,21.29,51.13,North Dakota State Bison
Dezmond McKinney,40.0,60.0,-6.0,77.04918032786885,83.05084745762711,77.05,80.33,42.62,95.08,8.2,31.15,0.0,0.0,19.67,50.82,0.0,4.92,6.56,24.59,22.95,70.49,North Dakota State Bison
Ryan Burkhardt,80.0,145.0,1.97,93.75,91.78082191780823,93.75,93.06,45.14,91.67,15.97,39.58,0.0,0.0,16.67,38.19,0.0,4.86,2.08,25.0,19.44,54.86,North Florida Ospreys
Josh Endicott,320.0,588.0,-0.7,94.62738301559793,95.32554257095158,94.63,98.96,48.87,94.28,12.65,34.14,0.0,0.0,10.92,29.98,0.0,5.37,4.33,16.64,24.96,40.9,North Florida Ospreys
Jonathan Aybar,280.0,510.5,-1.07,97.2,98.2725527831094,97.2,102.4,47.0,95.2,15.2,41.8,0.0,0.0,14.0,31.6,0.0,7.0,3.8,18.8,22.2,45.6,North Florida Ospreys
Carter Hendricksen,520.0,953.0,-1.81,94.56869009584665,96.38055842812823,94.57,99.25,47.82,93.93,13.31,36.1,0.0,0.0,11.82,30.99,0.0,6.18,4.05,17.89,23.0,42.81,North Florida Ospreys
Emmanuel Adedoyin,520.0,953.0,-1.81,94.56869009584665,96.38055842812823,94.57,99.25,47.82,93.93,13.31,36.1,0.0,0.0,11.82,30.99,0.0,6.18,4.05,17.89,23.0,42.81,North Florida Ospreys
Jose Placer,520.0,953.0,-1.81,94.56869009584665,96.38055842812823,94.57,99.25,47.82,93.93,13.31,36.1,0.0,0.0,11.82,30.99,0.0,6.18,4.05,17.89,23.0,42.81,North Florida Ospreys
Dorian James,240.0,442.5,-2.6,91.57175398633257,94.17040358744396,91.57,95.67,48.75,92.48,11.16,29.61,0.0,0.0,9.34,30.3,0.0,5.24,4.33,16.86,23.92,39.64,North Florida Ospreys
Jacob Crews,120.0,220.0,-7.3,94.95412844036697,102.25225225225225,94.95,104.13,46.79,94.5,13.3,38.99,0.0,0.0,11.01,28.9,0.0,9.17,4.59,16.51,20.18,39.91,North Florida Ospreys
James Reese V,725.0,1275.5,11.4,95.56611243072051,84.16149068322981,95.57,85.83,50.51,95.65,10.37,28.42,0.0,0.0,14.01,34.84,0.0,9.42,4.43,18.37,22.64,48.85,North Texas Mean Green
Javion Hamlet,725.0,1275.5,11.4,95.56611243072051,84.16149068322981,95.57,85.83,50.51,95.65,10.37,28.42,0.0,0.0,14.01,34.84,0.0,9.42,4.43,18.37,22.64,48.85,North Texas Mean Green
Mardrez McBride,725.0,1275.5,11.4,95.56611243072051,84.16149068322981,95.57,85.83,50.51,95.65,10.37,28.42,0.0,0.0,14.01,34.84,0.0,9.42,4.43,18.37,22.64,48.85,North Texas Mean Green
Thomas Bell,725.0,1275.5,11.4,95.56611243072051,84.16149068322981,95.57,85.83,50.51,95.65,10.37,28.42,0.0,0.0,14.01,34.84,0.0,9.42,4.43,18.37,22.64,48.85,North Texas Mean Green
Zachary Simmons,725.0,1275.5,11.4,95.56611243072051,84.16149068322981,95.57,85.83,50.51,95.65,10.37,28.42,0.0,0.0,14.01,34.84,0.0,9.42,4.43,18.37,22.64,48.85,North Texas Mean Green
Greg Eboigbodin,116.7,208.5,7.34,93.80952380952381,86.47342995169082,93.81,85.24,49.52,95.71,10.95,30.48,0.0,0.0,10.0,35.24,0.0,8.57,3.81,14.29,22.38,45.24,Northeastern Huskies
Jahmyl Telfort,120.0,211.5,6.78,92.01877934272301,85.23809523809524,92.02,84.04,47.42,99.53,9.86,30.99,0.0,0.0,13.15,34.74,0.0,9.39,6.1,13.62,21.13,47.89,Northeastern Huskies
Jason Strong,356.7,647.5,6.41,93.6923076923077,87.28682170542635,93.69,86.62,47.85,92.77,12.31,34.0,0.0,0.0,8.46,37.85,0.0,7.85,3.85,15.69,19.69,46.31,Northeastern Huskies
Shaquille Walters,356.7,647.5,6.41,93.6923076923077,87.28682170542635,93.69,86.62,47.85,92.77,12.31,34.0,0.0,0.0,8.46,37.85,0.0,7.85,3.85,15.69,19.69,46.31,Northeastern Huskies
Coleman Stucke,436.7,783.5,6.21,93.90088945362135,87.6923076923077,93.9,86.91,48.03,94.66,11.94,33.29,0.0,0.0,10.17,36.72,0.0,8.39,4.57,15.5,20.08,46.89,Northeastern Huskies
Tyson Walker,436.7,783.5,6.21,93.90088945362135,87.6923076923077,93.9,86.91,48.03,94.66,11.94,33.29,0.0,0.0,10.17,36.72,0.0,8.39,4.57,15.5,20.08,46.89,Northeastern Huskies
Chris Doherty,80.0,136.0,5.26,94.8905109489051,89.62962962962962,94.89,88.32,48.91,103.65,10.22,29.93,0.0,0.0,18.25,31.39,0.0,10.95,8.03,14.6,21.9,49.64,Northeastern Huskies
Quirin Emanga,280.0,499.5,5.25,95.00998003992017,89.7590361445783,95.01,89.22,47.9,94.61,12.77,34.53,0.0,0.0,11.18,36.73,0.0,8.58,5.19,16.57,19.16,47.91,Northeastern Huskies
Jackson Larsen,165.0,309.0,-0.65,93.85113268608414,94.49838187702265,93.85,94.5,50.16,101.29,11.0,27.51,0.0,0.0,11.97,28.48,0.0,7.77,2.59,10.68,26.54,40.45,Northern Arizona Lumberjacks
Luke Avdalovic,405.0,760.0,-3.16,92.06989247311827,95.23195876288659,92.07,99.33,47.31,96.91,11.16,26.75,0.0,0.0,11.16,29.57,0.0,8.06,2.42,14.25,26.21,40.73,Northern Arizona Lumberjacks
Carson Towt,604.6,1093.0,-5.71,90.2123730378578,95.92021758839529,90.21,97.69,47.28,97.41,9.6,24.38,0.0,0.0,12.74,29.36,0.0,8.22,2.59,15.33,25.95,42.1,Northern Arizona Lumberjacks
Isaiah Lewis,120.0,202.5,-7.86,80.58252427184466,88.44221105527639,80.58,85.44,44.17,94.17,4.37,16.99,0.0,0.0,12.14,31.55,0.0,9.71,2.43,17.96,22.82,43.69,Northern Arizona Lumberjacks
Cam Shelton,644.3,1166.0,-8.81,89.3103448275862,98.12286689419795,89.31,99.14,46.98,96.9,9.48,24.31,0.0,0.0,12.5,29.14,0.0,8.1,2.41,15.6,25.34,41.64,Northern Arizona Lumberjacks
Keith Haymon,479.3,857.0,-11.76,87.66157461809637,99.42062572421784,87.66,100.82,45.83,95.3,8.93,23.15,0.0,0.0,12.69,29.38,0.0,8.23,2.35,17.39,24.91,42.07,Northern Arizona Lumberjacks
Jay Green,244.3,447.5,-11.78,89.80044345898004,101.57657657657657,89.8,100.0,48.34,100.44,10.2,25.72,0.0,0.0,13.3,27.49,0.0,7.76,2.44,12.86,25.72,40.79,Northern Arizona Lumberjacks
Nik Mains,399.7,727.5,-12.78,87.22222222222223,100.0,87.22,102.08,45.56,93.61,9.03,23.61,0.0,0.0,11.53,29.58,0.0,8.06,2.08,17.92,25.14,41.11,Northern Arizona Lumberjacks
Wynton Brown,39.6,65.5,-15.36,86.15384615384616,101.51515151515152,86.15,103.08,46.15,109.23,9.23,20.0,0.0,0.0,24.62,24.62,0.0,9.23,4.62,15.38,32.31,49.24,Northern Arizona Lumberjacks
Ajang Aguek,119.7,202.0,-25.54,90.52132701421802,116.0621761658031,90.52,106.16,49.29,96.68,8.06,23.22,0.0,0.0,14.22,27.49,0.0,6.64,1.9,17.54,19.43,41.71,Northern Arizona Lumberjacks
Tre'Shon Smoots,200.0,373.0,7.48,98.65591397849462,91.17647058823529,98.66,91.67,49.73,95.7,14.78,36.29,0.0,0.0,12.37,33.6,0.0,7.53,4.03,16.67,24.19,45.97,Northern Colorado Bears
Bryce Kennedy,160.0,315.5,4.49,96.75324675324676,92.26006191950464,96.75,96.75,50.32,97.08,12.01,30.52,0.0,0.0,17.21,35.06,0.0,6.49,4.55,20.13,23.38,52.27,Northern Colorado Bears
Bodie Hume,605.0,1156.0,1.63,91.65935030728708,90.02557544757033,91.66,92.71,47.32,95.87,12.12,32.4,0.0,0.0,14.31,34.24,0.0,6.32,3.6,18.44,24.85,48.55,Northern Colorado Bears
Daylen Kountz,605.0,1156.0,1.63,91.65935030728708,90.02557544757033,91.66,92.71,47.32,95.87,12.12,32.4,0.0,0.0,14.31,34.24,0.0,6.32,3.6,18.44,24.85,48.55,Northern Colorado Bears
Kur Jockuch,605.0,1156.0,1.63,91.65935030728708,90.02557544757033,91.66,92.71,47.32,95.87,12.12,32.4,0.0,0.0,14.31,34.24,0.0,6.32,3.6,18.44,24.85,48.55,Northern Colorado Bears
Matt Johnson,605.0,1156.0,1.63,91.65935030728708,90.02557544757033,91.66,92.71,47.32,95.87,12.12,32.4,0.0,0.0,14.31,34.24,0.0,6.32,3.6,18.44,24.85,48.55,Northern Colorado Bears
Rodrick McCobb,40.0,81.5,-2.55,83.33333333333334,85.88235294117646,83.33,93.59,39.74,98.72,15.38,38.46,0.0,0.0,14.1,37.18,0.0,1.28,0.0,15.38,28.21,51.28,Northern Colorado Bears
Sam Masten,205.0,386.0,-5.56,82.41469816272966,87.97953964194375,82.41,90.29,44.09,94.49,8.92,28.87,0.0,0.0,13.91,33.6,0.0,6.04,3.15,19.42,25.98,47.51,Northern Colorado Bears
Kaleb Thornton,80.0,153.5,-0.19,94.03973509933775,94.23076923076923,94.04,97.35,48.34,109.27,9.93,25.17,0.0,0.0,20.53,32.45,0.0,10.6,5.96,11.26,22.52,52.98,Northern Illinois Huskies
Anthony Crump,365.0,687.5,-11.19,89.23766816143498,100.42492917847025,89.24,105.98,45.89,98.21,9.42,25.11,0.0,0.0,16.29,30.64,0.0,7.17,4.48,18.09,26.61,46.93,Northern Illinois Huskies
Zool Kueth,205.0,379.0,-13.48,82.35294117647058,95.83333333333334,82.35,98.4,44.39,96.26,7.22,23.53,0.0,0.0,16.31,31.82,0.0,8.02,3.74,20.05,26.47,48.13,Northern Illinois Huskies
Adong Makuoi,365.0,679.0,-13.62,83.63363363363364,97.25433526011561,83.63,101.05,43.54,99.85,8.11,23.72,0.0,0.0,19.37,33.03,0.0,7.51,3.9,19.52,26.88,52.4,Northern Illinois Huskies
Trendon Hankerson,565.0,1068.0,-14.14,85.30534351145039,99.44852941176471,85.31,103.24,44.27,100.29,8.3,23.66,0.0,0.0,17.94,30.82,0.0,8.21,4.77,17.65,25.38,48.76,Northern Illinois Huskies
Nate Scott,360.0,689.0,-14.48,86.94362017804154,101.42045454545455,86.94,105.93,44.21,102.52,8.9,23.74,0.0,0.0,18.84,30.27,0.0,8.31,5.34,16.32,24.78,49.11,Northern Illinois Huskies
Chinedu Kingsley Okanu,200.0,389.0,-15.06,88.21989528795811,103.28282828282829,88.22,107.07,45.55,101.05,8.64,23.56,0.0,0.0,15.45,26.96,0.0,9.42,6.28,14.4,22.77,42.41,Northern Illinois Huskies
Darius Beane,325.0,599.5,-16.28,81.25,97.52883031301482,81.25,100.0,42.91,98.82,7.6,22.97,0.0,0.0,18.75,32.94,0.0,7.6,4.22,19.93,25.68,51.69,Northern Illinois Huskies
Tyler Cochran,360.0,695.5,-18.23,83.04093567251462,101.27298444130129,83.04,104.68,42.98,101.61,7.46,22.51,0.0,0.0,18.27,28.8,0.0,9.21,5.26,16.67,24.56,47.07,Northern Illinois Huskies
Goanar Mar,80.0,156.0,2.56,96.7948717948718,94.23076923076923,96.79,94.23,50.0,94.23,14.1,34.62,0.0,0.0,13.46,37.18,0.0,7.05,2.56,19.23,21.15,50.64,Northern Iowa Panthers
Tywhon Pickford,290.0,550.0,0.76,90.38112522686026,89.61748633879782,90.38,89.29,49.91,98.73,6.9,26.13,0.0,0.0,14.16,35.39,0.0,9.98,3.45,15.43,20.33,49.55,Northern Iowa Panthers
Noah Carter,319.7,577.5,-3.74,90.0,93.73913043478261,90.0,92.93,46.9,97.41,9.48,30.17,0.0,0.0,15.0,35.86,0.0,9.31,3.28,17.59,20.17,50.86,Northern Iowa Panthers
Austin Phyfe,769.7,1423.5,-4.56,89.46629213483146,94.02670414617006,89.47,93.96,47.68,97.12,8.64,28.51,0.0,0.0,14.82,35.46,0.0,8.78,3.51,17.7,20.37,50.28,Northern Iowa Panthers
Bowen Born,769.7,1423.5,-4.56,89.46629213483146,94.02670414617006,89.47,93.96,47.68,97.12,8.64,28.51,0.0,0.0,14.82,35.46,0.0,8.78,3.51,17.7,20.37,50.28,Northern Iowa Panthers
Nate Heise,769.7,1423.5,-4.56,89.46629213483146,94.02670414617006,89.47,93.96,47.68,97.12,8.64,28.51,0.0,0.0,14.82,35.46,0.0,8.78,3.51,17.7,20.37,50.28,Northern Iowa Panthers
Trae Berhow,689.7,1267.5,-5.44,88.56466876971609,94.00157853196527,88.56,93.93,47.4,97.48,7.97,27.76,0.0,0.0,14.98,35.25,0.0,8.99,3.63,17.51,20.27,50.23,Northern Iowa Panthers
James Betz,160.0,296.0,-15.99,86.68941979522185,102.67558528428094,86.69,104.78,45.05,93.52,10.24,29.69,0.0,0.0,15.7,34.81,0.0,5.46,4.1,22.18,20.82,50.51,Northern Iowa Panthers
Adham Eleeda,404.9,738.5,5.77,100.68493150684932,94.91298527443107,100.68,97.12,52.74,103.42,10.41,30.41,0.0,0.0,16.44,33.56,0.0,7.67,2.47,13.01,23.7,50.0,Northern Kentucky Norse
Bryson Langdon,774.9,1418.0,4.77,96.99140401146131,92.22222222222223,96.99,95.13,50.79,99.0,10.17,31.88,0.0,0.0,16.05,32.23,0.0,7.88,2.58,17.05,23.14,48.28,Northern Kentucky Norse
Adrian Nelson,814.9,1493.5,4.35,96.6779661016949,92.32804232804233,96.68,94.64,51.05,99.25,9.9,31.12,0.0,0.0,15.8,32.14,0.0,8.07,2.58,16.54,22.92,47.94,Northern Kentucky Norse
Marques Warrick,814.9,1493.5,4.35,96.6779661016949,92.32804232804233,96.68,94.64,51.05,99.25,9.9,31.12,0.0,0.0,15.8,32.14,0.0,8.07,2.58,16.54,22.92,47.94,Northern Kentucky Norse
Trevon Faulkner,814.9,1493.5,4.35,96.6779661016949,92.32804232804233,96.68,94.64,51.05,99.25,9.9,31.12,0.0,0.0,15.8,32.14,0.0,8.07,2.58,16.54,22.92,47.94,Northern Kentucky Norse
David Bohm,245.0,454.5,3.07,89.46188340807176,86.39308855291577,89.46,89.69,47.76,95.07,9.42,33.18,0.0,0.0,15.47,30.27,0.0,9.19,2.69,20.4,23.77,45.74,Northern Kentucky Norse
Trey Robinson,165.0,300.5,2.63,97.65886287625418,95.03311258278146,97.66,95.99,51.84,95.32,9.36,29.77,0.0,0.0,14.72,31.44,0.0,7.36,2.68,19.4,19.73,46.16,Northern Kentucky Norse
Jake Evans,40.0,75.5,-3.31,91.13924050632912,94.44444444444444,91.14,86.08,55.7,103.8,5.06,17.72,0.0,0.0,11.39,30.38,0.0,11.39,2.53,7.59,18.99,41.77,Northern Kentucky Norse
Dalin Williams,40.0,74.0,6.73,103.94736842105263,97.22222222222221,103.95,92.11,52.63,97.37,14.47,26.32,0.0,0.0,10.53,38.16,0.0,7.89,0.0,13.16,13.16,48.69,Northwestern State Demons
LaTerrance Reed,518.6,1047.5,-0.99,93.35232668566002,94.33781190019194,93.35,93.35,50.9,97.53,8.55,21.46,0.0,0.0,15.29,29.63,0.0,9.4,3.99,17.76,19.66,44.92,Northwestern State Demons
CJ Jones,723.6,1467.0,-2.84,92.38095238095238,95.21857923497268,92.38,94.83,50.88,97.76,8.03,22.93,0.0,0.0,15.03,29.93,0.0,9.05,4.15,17.28,21.7,44.96,Northwestern State Demons
Jamaure Gregg,723.6,1467.0,-2.84,92.38095238095238,95.21857923497268,92.38,94.83,50.88,97.76,8.03,22.93,0.0,0.0,15.03,29.93,0.0,9.05,4.15,17.28,21.7,44.96,Northwestern State Demons
Trenton Massner,723.6,1467.0,-2.84,92.38095238095238,95.21857923497268,92.38,94.83,50.88,97.76,8.03,22.93,0.0,0.0,15.03,29.93,0.0,9.05,4.15,17.28,21.7,44.96,Northwestern State Demons
Larry Owens,683.6,1393.0,-3.36,91.75035868005739,95.11494252873564,91.75,94.98,50.79,97.78,7.68,22.74,0.0,0.0,15.28,29.48,0.0,9.11,4.38,17.5,22.17,44.76,Northwestern State Demons
Jairus Roberson,205.0,419.5,-7.47,89.92805755395683,97.39336492890996,89.93,98.56,50.84,98.32,6.71,26.62,0.0,0.0,14.39,30.7,0.0,8.15,4.56,16.07,26.86,45.09,Northwestern State Demons
Eric Zalewski,40.0,76.0,6.75,105.47945205479452,98.73417721518987,105.48,106.85,47.95,93.15,15.07,34.25,0.0,0.0,9.59,30.14,0.0,10.96,4.11,16.44,21.92,39.73,Northwestern Wildcats
Anthony Gaines,210.0,392.0,-1.72,87.63157894736841,89.35643564356435,87.63,95.0,43.95,95.0,10.0,31.05,0.0,0.0,9.74,33.16,0.0,8.42,6.05,14.74,25.79,42.9,Northwestern Wildcats
Miller Kopp,770.0,1453.0,-6.13,88.18181818181819,94.3089430894309,88.18,97.34,45.45,93.01,10.35,30.63,0.0,0.0,9.09,32.24,0.0,8.39,3.15,16.08,23.36,41.33,Northwestern Wildcats
Pete Nance,770.0,1453.0,-6.13,88.18181818181819,94.3089430894309,88.18,97.34,45.45,93.01,10.35,30.63,0.0,0.0,9.09,32.24,0.0,8.39,3.15,16.08,23.36,41.33,Northwestern Wildcats
Ryan Young,210.0,387.5,-6.28,83.46666666666667,89.75,83.47,95.73,41.33,92.8,10.13,32.53,0.0,0.0,10.13,34.67,0.0,7.73,5.87,17.33,25.6,44.8,Northwestern Wildcats
Chase Audige,730.0,1377.0,-6.81,87.25128960943258,94.05869720830351,87.25,96.83,45.32,93.0,10.1,30.43,0.0,0.0,9.06,32.35,0.0,8.25,3.1,16.06,23.43,41.41,Northwestern Wildcats
Robbie Beran,520.0,991.5,-6.9,89.30753564154786,96.2037962037962,89.31,98.07,46.64,92.67,10.59,30.55,0.0,0.0,8.96,31.47,0.0,8.55,1.83,16.29,22.81,40.43,Northwestern Wildcats
Boo Buie,600.0,1135.0,-7.03,88.95814781834372,95.98953792502179,88.96,98.04,46.3,92.7,10.33,29.92,0.0,0.0,8.64,31.79,0.0,8.46,2.4,15.94,22.26,40.43,Northwestern Wildcats
Elijah Morgan,40.0,72.0,21.99,102.8169014084507,80.82191780821918,102.82,83.1,49.3,88.73,14.08,25.35,0.0,0.0,11.27,43.66,0.0,11.27,2.82,22.54,11.27,54.93,Notre Dame Fighting Irish
Matt Zona,40.0,72.0,21.99,102.8169014084507,80.82191780821918,102.82,83.1,49.3,88.73,14.08,25.35,0.0,0.0,11.27,43.66,0.0,11.27,2.82,22.54,11.27,54.93,Notre Dame Fighting Irish
Tony Sanders Jr.,40.0,72.0,21.99,102.8169014084507,80.82191780821918,102.82,83.1,49.3,88.73,14.08,25.35,0.0,0.0,11.27,43.66,0.0,11.27,2.82,22.54,11.27,54.93,Notre Dame Fighting Irish
Dane Goodwin,480.0,845.0,1.22,99.06542056074767,97.84172661870504,99.07,95.33,49.77,96.14,12.27,34.93,0.0,0.0,8.29,38.67,0.0,5.96,5.61,12.15,15.89,46.96,Notre Dame Fighting Irish
Juwan Durham,680.0,1248.5,-2.87,97.9315831344471,100.80645161290323,97.93,99.44,49.96,96.66,12.01,34.45,0.0,0.0,10.18,35.48,0.0,6.05,5.81,13.52,17.9,45.66,Notre Dame Fighting Irish
Trey Wertz,480.0,870.0,-3.51,95.56313993174061,99.07084785133566,95.56,97.04,48.24,96.81,12.4,34.24,0.0,0.0,10.47,37.2,0.0,6.48,5.8,13.65,17.29,47.67,Notre Dame Fighting Irish
Nate Laszewski,720.0,1315.5,-3.86,97.06103993971365,100.920245398773,97.06,99.17,49.89,96.53,11.76,34.14,0.0,0.0,9.87,35.72,0.0,5.95,5.58,13.34,17.78,45.59,Notre Dame Fighting Irish
Prentiss Hubb,720.0,1315.5,-3.86,97.06103993971365,100.920245398773,97.06,99.17,49.89,96.53,11.76,34.14,0.0,0.0,9.87,35.72,0.0,5.95,5.58,13.34,17.78,45.59,Notre Dame Fighting Irish
Cormac Ryan,360.0,654.5,-4.89,97.57207890743551,102.46153846153847,97.57,101.06,51.14,96.21,10.93,33.23,0.0,0.0,10.02,35.2,0.0,5.92,4.55,13.81,18.06,45.22,Notre Dame Fighting Irish
Nikola Djogo,240.0,472.5,-6.78,94.91525423728814,101.69133192389006,94.92,101.91,51.06,94.49,10.81,30.3,0.0,0.0,11.02,31.36,0.0,6.36,5.08,16.53,19.49,42.38,Notre Dame Fighting Irish
Rashad Williams,915.0,1760.5,-4.7,95.18207282913164,99.88479262672811,95.18,97.14,51.65,101.46,10.36,30.25,0.0,0.0,16.64,31.37,0.0,9.36,2.75,15.18,18.15,48.01,Oakland Golden Grizzlies
Micah Parrish,910.0,1755.5,-4.89,94.99718943226532,99.88452655889145,95.0,97.25,51.49,101.63,10.34,30.35,0.0,0.0,16.92,31.37,0.0,9.61,2.64,15.29,18.32,48.29,Oakland Golden Grizzlies
Daniel Oladapo,955.0,1839.0,-4.99,95.0107296137339,100.0,95.01,97.32,51.61,101.56,10.3,30.26,0.0,0.0,16.9,31.17,0.0,9.5,2.63,15.34,18.35,48.07,Oakland Golden Grizzlies
Jalen Moore,955.0,1839.0,-4.99,95.0107296137339,100.0,95.01,97.32,51.61,101.56,10.3,30.26,0.0,0.0,16.9,31.17,0.0,9.5,2.63,15.34,18.35,48.07,Oakland Golden Grizzlies
Trey Townsend,955.0,1839.0,-4.99,95.0107296137339,100.0,95.01,97.32,51.61,101.56,10.3,30.26,0.0,0.0,16.9,31.17,0.0,9.5,2.63,15.34,18.35,48.07,Oakland Golden Grizzlies
Kevin Kangu,45.0,83.5,-7.14,95.29411764705881,102.4390243902439,95.29,98.82,54.12,100.0,9.41,28.24,0.0,0.0,16.47,27.06,0.0,7.06,2.35,16.47,18.82,43.53,Oakland Golden Grizzlies
Zion Young,40.0,78.5,-11.42,91.13924050632912,102.56410256410255,91.14,101.27,50.63,103.8,8.86,30.38,0.0,0.0,22.78,26.58,0.0,12.66,0.0,18.99,22.78,49.36,Oakland Golden Grizzlies
Colin Granger,80.0,157.0,22.95,110.12658227848102,87.17948717948718,110.13,86.08,56.33,99.37,13.92,29.11,0.0,0.0,12.03,37.34,0.0,8.23,2.53,12.66,19.62,49.37,Ohio Bobcats
Ben Roderick,640.0,1263.5,8.38,101.74464710547184,93.36492890995261,101.74,93.74,53.05,98.1,10.86,29.9,0.0,0.0,12.93,32.28,0.0,8.25,2.38,14.83,20.62,45.21,Ohio Bobcats
Jason Preston,480.0,946.0,7.83,101.05485232067511,93.22033898305084,101.05,92.83,52.53,98.0,10.44,30.38,0.0,0.0,13.29,32.17,0.0,8.12,2.22,15.3,19.3,45.46,Ohio Bobcats
Ben Vander Plas,680.0,1334.0,6.22,101.50037509377346,95.28089887640449,101.5,95.42,52.89,98.65,10.88,30.31,0.0,0.0,13.13,31.58,0.0,8.25,2.4,14.48,20.48,44.71,Ohio Bobcats
Lunden McDay,680.0,1334.0,6.22,101.50037509377346,95.28089887640449,101.5,95.42,52.89,98.65,10.88,30.31,0.0,0.0,13.13,31.58,0.0,8.25,2.4,14.48,20.48,44.71,Ohio Bobcats
Dwight Wilson III,600.0,1177.0,3.99,100.34042553191489,96.35284139100932,100.34,96.68,52.43,98.55,10.47,30.47,0.0,0.0,13.28,30.81,0.0,8.26,2.38,14.72,20.6,44.09,Ohio Bobcats
Mark Sears,200.0,388.0,2.34,102.59740259740259,100.25575447570331,102.6,101.82,53.77,100.26,11.95,30.13,0.0,0.0,12.73,30.13,0.0,8.57,2.86,12.47,23.38,42.86,Ohio Bobcats
Miles Brown,40.0,70.5,-33.21,97.22222222222221,130.43478260869566,97.22,125.0,50.0,108.33,11.11,37.5,0.0,0.0,16.67,19.44,0.0,8.33,2.78,8.33,18.06,36.11,Ohio Bobcats
Justin Ahrens,650.0,1292.0,7.11,98.91556932610379,91.80201082753287,98.92,91.94,53.99,96.59,11.23,27.65,0.0,0.0,10.07,32.77,0.0,6.12,3.95,13.48,24.86,42.84,Ohio State Buckeyes
Kyle Young,805.0,1584.0,7.08,98.23455233291298,91.1504424778761,98.23,90.92,53.53,97.6,10.84,29.26,0.0,0.0,11.48,34.8,0.0,5.17,4.04,13.87,23.9,46.28,Ohio State Buckeyes
E.J. Liddell,930.0,1829.0,6.01,97.37561509021323,91.36139967195189,97.38,91.36,53.14,97.81,10.72,28.7,0.0,0.0,11.43,34.23,0.0,5.36,4.21,13.61,24.44,45.66,Ohio State Buckeyes
Duane Washington Jr.,970.0,1901.0,5.42,96.84376643871646,91.4255654918464,96.84,91.43,52.81,97.84,10.63,28.88,0.0,0.0,11.63,33.98,0.0,5.47,4.21,13.78,24.46,45.61,Ohio State Buckeyes
Justice Sueing,970.0,1901.0,5.42,96.84376643871646,91.4255654918464,96.84,91.43,52.81,97.84,10.63,28.88,0.0,0.0,11.63,33.98,0.0,5.47,4.21,13.78,24.46,45.61,Ohio State Buckeyes
CJ Walker,240.0,462.5,2.14,91.991341991342,89.8488120950324,91.99,90.04,50.0,100.65,8.87,31.17,0.0,0.0,14.5,36.36,0.0,3.46,4.55,13.85,24.03,50.86,Ohio State Buckeyes
Jimmy Sotos,80.0,146.5,0.82,93.91891891891892,93.10344827586206,93.92,91.22,51.35,100.0,10.81,32.43,0.0,0.0,16.22,37.16,0.0,6.08,5.41,16.22,22.3,53.38,Ohio State Buckeyes
Musa Jallow,165.0,317.0,-2.95,89.84126984126985,92.78996865203762,89.84,93.97,49.21,99.05,9.52,26.98,0.0,0.0,12.38,29.84,0.0,6.98,5.08,13.33,27.3,42.22,Ohio State Buckeyes
Zed Key,40.0,72.0,-9.72,83.33333333333334,93.05555555555556,83.33,93.06,44.44,98.61,8.33,33.33,0.0,0.0,16.67,27.78,0.0,8.33,4.17,18.06,25.0,44.45,Ohio State Buckeyes
Alondes Williams,360.0,697.5,4.92,92.3836389280677,87.46355685131195,92.38,84.63,50.07,100.14,9.59,29.62,0.0,0.0,12.83,32.72,0.0,10.3,5.08,12.69,19.18,45.55,Oklahoma Sooners
EJ Harkless,570.0,1071.5,4.49,92.05175600739372,87.55890669180019,92.05,85.86,48.89,98.34,10.07,30.41,0.0,0.0,11.83,34.66,0.0,9.52,4.62,13.49,19.13,46.49,Oklahoma Sooners
Kur Kuath,360.0,680.0,4.24,91.1976911976912,86.95652173913044,91.2,83.69,49.93,100.87,9.09,28.43,0.0,0.0,13.42,31.75,0.0,10.39,4.91,12.55,19.19,45.17,Oklahoma Sooners
Victor Iwuakor,40.0,83.0,2.0,92.5925925925926,90.58823529411765,92.59,95.06,45.68,96.3,13.58,43.21,0.0,0.0,13.58,40.74,0.0,11.11,4.94,17.28,23.46,54.32,Oklahoma Sooners
Austin Reaves,735.0,1412.0,1.82,92.3669467787115,90.54441260744986,92.37,88.52,49.51,97.76,9.8,29.55,0.0,0.0,11.62,32.98,0.0,9.17,4.62,13.87,18.84,44.6,Oklahoma Sooners
De'Vion Harmon,735.0,1401.0,1.33,91.09540636042402,89.76207642393655,91.1,87.99,48.55,97.88,9.89,30.11,0.0,0.0,12.08,33.14,0.0,9.54,4.59,14.2,19.22,45.22,Oklahoma Sooners
Umoja Gibson,455.0,856.5,-1.08,92.5754060324826,93.6545240893067,92.58,92.46,49.65,96.4,9.74,29.23,0.0,0.0,11.14,32.83,0.0,8.12,4.06,14.73,18.79,43.97,Oklahoma Sooners
Brady Manek,535.0,1024.5,-3.18,91.69082125603865,94.87179487179486,91.69,92.95,49.37,96.43,9.57,29.37,0.0,0.0,11.5,32.37,0.0,8.31,4.35,15.07,18.65,43.87,Oklahoma Sooners
Jalen Hill,85.0,161.5,-3.89,88.75,92.63803680981594,88.75,94.38,46.88,96.25,10.0,28.12,0.0,0.0,12.5,26.25,0.0,10.0,3.12,16.25,21.25,38.75,Oklahoma Sooners
Rondel Walker,290.0,586.0,5.22,92.52971137521222,87.30703259005146,92.53,86.42,51.61,91.17,7.47,22.07,0.0,0.0,11.38,32.43,0.0,9.0,3.9,20.2,18.85,43.81,Oklahoma State Cowboys
Bryce Williams,745.0,1530.5,3.76,89.95433789954338,86.19109947643979,89.95,85.91,50.16,93.22,7.37,21.33,0.0,0.0,12.79,31.96,0.0,8.81,5.09,19.57,19.9,44.75,Oklahoma State Cowboys
Matthew-Alexander Moncrieffe,445.0,912.0,3.53,92.66155531215772,89.13282107574094,92.66,88.94,51.48,93.98,7.45,19.61,0.0,0.0,12.81,31.87,0.0,8.32,5.26,18.84,20.81,44.68,Oklahoma State Cowboys
Avery Anderson III,825.0,1698.0,3.0,89.9529964747356,86.95395513577331,89.95,86.55,50.29,93.36,7.4,21.09,0.0,0.0,12.4,31.79,0.0,8.4,5.23,19.04,20.21,44.19,Oklahoma State Cowboys
Kalib Boone,660.0,1376.0,2.21,89.4356005788712,87.22627737226277,89.44,86.47,50.22,93.2,7.09,20.84,0.0,0.0,12.66,31.48,0.0,8.18,5.72,19.46,19.46,44.14,Oklahoma State Cowboys
Cade Cunningham,745.0,1535.5,1.91,88.9967637540453,87.09043250327653,89.0,86.02,50.03,94.05,7.51,21.88,0.0,0.0,11.97,31.07,0.0,8.61,5.11,17.93,20.13,43.04,Oklahoma State Cowboys
Isaac Likekele,455.0,941.5,0.84,86.87830687830687,86.03411513859275,86.88,85.4,48.99,94.92,6.98,20.21,0.0,0.0,13.12,31.01,0.0,8.57,5.29,18.2,21.59,44.13,Oklahoma State Cowboys
Keylan Boone,80.0,171.5,-4.92,86.20689655172413,91.12426035502959,86.21,88.51,49.43,99.43,4.6,19.54,0.0,0.0,14.37,28.74,0.0,8.05,2.87,14.94,21.26,43.11,Oklahoma State Cowboys
Bernard Kouma,40.0,87.0,-9.25,83.51648351648352,92.7710843373494,83.52,84.62,49.45,102.2,3.3,18.68,0.0,0.0,16.48,24.18,0.0,12.09,2.2,14.29,18.68,40.66,Oklahoma State Cowboys
Ferron Flavors Jr.,40.0,87.0,-9.25,83.51648351648352,92.7710843373494,83.52,84.62,49.45,102.2,3.3,18.68,0.0,0.0,16.48,24.18,0.0,12.09,2.2,14.29,18.68,40.66,Oklahoma State Cowboys
A.J. Oliver II,605.0,1121.5,1.78,87.86536758193091,86.08617594254937,87.87,84.94,48.63,95.66,6.82,21.52,0.0,0.0,13.37,34.46,0.0,10.98,5.31,17.71,20.19,47.83,Old Dominion Monarchs
Malik Curry,605.0,1121.5,1.78,87.86536758193091,86.08617594254937,87.87,84.94,48.63,95.66,6.82,21.52,0.0,0.0,13.37,34.46,0.0,10.98,5.31,17.71,20.19,47.83,Old Dominion Monarchs
Kalu Ezikpe,685.0,1287.0,0.13,88.17619783616692,88.046875,88.18,87.09,49.07,97.6,6.34,21.41,0.0,0.0,14.61,34.16,0.0,10.43,5.18,17.0,20.17,48.77,Old Dominion Monarchs
Xavier Green,685.0,1287.0,0.13,88.17619783616692,88.046875,88.18,87.09,49.07,97.6,6.34,21.41,0.0,0.0,14.61,34.16,0.0,10.43,5.18,17.0,20.17,48.77,Old Dominion Monarchs
Joe Reece,645.0,1214.0,-0.06,88.56209150326796,88.62126245847176,88.56,87.17,49.43,97.79,6.21,20.92,0.0,0.0,14.87,34.31,0.0,10.21,4.98,17.08,19.69,49.18,Old Dominion Monarchs
Mekhi Long,120.0,238.5,-6.56,87.65957446808511,94.21487603305785,87.66,97.02,49.36,105.96,4.68,23.4,0.0,0.0,19.15,31.91,0.0,8.94,5.53,13.19,22.55,51.06,Old Dominion Monarchs
Jaylin Hunter,80.0,165.5,-10.9,90.30303030303031,101.20481927710843,90.3,101.82,52.12,110.91,3.03,20.61,0.0,0.0,23.03,32.12,0.0,6.67,4.24,12.12,20.0,55.15,Old Dominion Monarchs
Jarkel Joiner,645.0,1183.5,3.65,90.44425817267393,86.79727427597955,90.44,85.41,51.13,99.33,6.37,21.12,0.0,0.0,17.69,31.77,0.0,9.97,5.36,18.36,21.79,49.46,Ole Miss Rebels
Robert Allen,245.0,462.5,1.74,89.07922912205566,87.33624454148472,89.08,85.65,51.61,97.0,5.78,20.13,0.0,0.0,16.92,28.48,0.0,11.35,4.71,19.91,22.91,45.4,Ole Miss Rebels
Romello White,765.0,1432.5,0.44,87.86206896551724,87.42049469964664,87.86,85.31,49.93,98.76,6.34,21.66,0.0,0.0,17.17,31.38,0.0,10.21,5.24,18.41,21.52,48.55,Ole Miss Rebels
Devontae Shuler,805.0,1507.0,-0.01,87.78726198292843,87.79342723004694,87.79,85.95,49.77,98.88,6.43,21.47,0.0,0.0,16.94,31.25,0.0,9.98,5.19,18.06,21.86,48.19,Ole Miss Rebels
Luis Rodriguez,805.0,1507.0,-0.01,87.78726198292843,87.79342723004694,87.79,85.95,49.77,98.88,6.43,21.47,0.0,0.0,16.94,31.25,0.0,9.98,5.19,18.06,21.86,48.19,Ole Miss Rebels
KJ Buffen,560.0,1044.5,-0.78,87.2159090909091,87.99612778315586,87.22,86.08,48.96,99.72,6.72,22.06,0.0,0.0,16.95,32.48,0.0,9.38,5.4,17.23,21.4,49.43,Ole Miss Rebels
Matthew Murrell,80.0,155.5,-6.94,83.125,90.06622516556291,83.12,85.0,46.25,92.5,9.38,30.63,0.0,0.0,11.88,30.0,0.0,13.75,5.62,19.38,18.12,41.88,Ole Miss Rebels
Khadim Sy,40.0,74.5,-8.44,86.3013698630137,94.73684210526315,86.3,98.63,46.58,101.37,8.22,17.81,0.0,0.0,12.33,28.77,0.0,5.48,4.11,10.96,28.77,41.1,Ole Miss Rebels
Austin Crowley,80.0,168.0,-19.24,73.52941176470588,92.7710843373494,73.53,90.59,43.53,101.76,4.12,15.29,0.0,0.0,16.47,28.82,0.0,6.47,3.53,14.71,25.88,45.29,Ole Miss Rebels
Marco Smith,200.0,398.5,-2.38,91.54228855721394,93.92405063291139,91.54,92.29,49.75,95.77,9.2,25.12,0.0,0.0,8.96,33.58,0.0,6.47,5.47,13.18,23.13,42.54,Omaha Mavericks
Darrius Hughes,120.0,245.0,-2.75,91.90283400809717,94.65020576131687,91.9,93.12,50.61,95.14,10.12,27.53,0.0,0.0,10.12,32.79,0.0,5.26,5.26,14.98,25.91,42.91,Omaha Mavericks
Nick Ferrarini,160.0,297.5,-5.77,80.8080808080808,86.57718120805369,80.81,86.87,44.11,93.6,6.4,19.19,0.0,0.0,10.77,36.7,0.0,8.75,6.73,17.17,20.88,47.47,Omaha Mavericks
La'Mel Robinson,440.0,874.5,-6.49,88.39080459770115,94.88054607508532,88.39,95.86,47.82,96.21,8.39,21.72,0.0,0.0,11.49,32.41,0.0,7.13,5.4,15.29,24.14,43.9,Omaha Mavericks
Ayo Akinwole,600.0,1190.0,-8.42,89.39393939393939,97.81879194630872,89.39,98.15,48.74,97.56,7.32,19.87,0.0,0.0,11.87,31.73,0.0,6.99,4.46,14.31,23.82,43.6,Omaha Mavericks
Matt Pile,600.0,1190.0,-8.42,89.39393939393939,97.81879194630872,89.39,98.15,48.74,97.56,7.32,19.87,0.0,0.0,11.87,31.73,0.0,6.99,4.46,14.31,23.82,43.6,Omaha Mavericks
Wanjang Tut,400.0,791.5,-11.45,88.29516539440203,99.74905897114178,88.3,101.15,48.22,98.47,6.36,17.18,0.0,0.0,13.36,30.79,0.0,7.25,3.94,14.89,24.17,44.15,Omaha Mavericks
Marlon Ruffin,320.0,647.5,-11.76,92.3913043478261,104.14746543778801,92.39,105.28,50.16,100.31,6.68,17.24,0.0,0.0,13.04,29.04,0.0,6.83,3.11,12.73,24.38,42.08,Omaha Mavericks
Sam'i Roe,160.0,315.5,-13.93,92.13836477987421,106.0702875399361,92.14,104.4,51.26,101.26,4.4,14.78,0.0,0.0,12.89,29.87,0.0,6.6,1.89,11.64,22.96,42.76,Omaha Mavericks
Francis Lacis,560.0,1123.5,11.57,99.73094170403587,88.16254416961131,99.73,89.51,52.65,95.87,12.83,31.75,0.0,0.0,9.96,32.38,0.0,7.62,5.56,14.08,22.06,42.34,Oral Roberts Golden Eagles
Carlos Jurgens,360.0,760.0,10.22,101.4569536423841,91.24183006535948,101.46,92.45,53.51,95.1,13.77,34.57,0.0,0.0,7.15,31.39,0.0,7.95,6.09,12.05,21.59,38.54,Oral Roberts Golden Eagles
Kareem Thompson,680.0,1381.5,9.85,100.43763676148797,90.58908045977012,100.44,91.98,52.37,95.4,13.71,33.26,0.0,0.0,9.34,31.44,0.0,7.8,5.25,13.93,21.88,40.78,Oral Roberts Golden Eagles
Kevin Obanor,720.0,1457.5,9.62,100.62154696132598,91.00204498977506,100.62,92.2,52.62,95.93,13.6,33.43,0.0,0.0,9.39,31.63,0.0,7.67,5.25,13.47,21.55,41.02,Oral Roberts Golden Eagles
Max Abmas,720.0,1457.5,9.62,100.62154696132598,91.00204498977506,100.62,92.2,52.62,95.93,13.6,33.43,0.0,0.0,9.39,31.63,0.0,7.67,5.25,13.47,21.55,41.02,Oral Roberts Golden Eagles
RJ Glasper,400.0,773.5,8.62,100.12987012987014,91.5057915057915,100.13,92.34,52.21,97.66,13.25,32.6,0.0,0.0,11.69,32.21,0.0,7.14,4.42,14.03,20.91,43.9,Oral Roberts Golden Eagles
DeShang Weaver,160.0,334.0,3.01,103.60360360360362,100.59701492537314,103.6,101.2,52.55,96.1,16.22,39.04,0.0,0.0,7.51,29.13,0.0,7.81,4.2,11.41,19.82,36.64,Oral Roberts Golden Eagles
LJ Figueroa,720.0,1314.0,7.49,100.15313935681469,92.6626323751891,100.15,93.8,51.07,97.93,12.56,30.7,0.0,0.0,12.71,31.47,0.0,10.26,4.52,14.78,21.36,44.18,Oregon Ducks
Chris Duarte,720.0,1313.5,6.74,99.31140015302219,92.57575757575758,99.31,93.5,51.11,98.93,11.94,30.22,0.0,0.0,13.47,31.75,0.0,10.33,4.44,14.54,21.19,45.22,Oregon Ducks
Will Richardson,560.0,999.5,6.69,101.30653266331657,94.62151394422311,101.31,95.48,52.06,98.39,12.36,30.25,0.0,0.0,13.67,31.56,0.0,9.75,4.42,15.28,21.21,45.23,Oregon Ducks
Eric Williams Jr.,520.0,965.5,6.34,100.61855670103093,94.27679500520291,100.62,93.4,52.06,99.48,12.37,30.93,0.0,0.0,12.27,30.1,0.0,10.1,3.92,12.78,20.1,42.37,Oregon Ducks
Eugene Omoruyi,800.0,1471.0,6.02,98.63574351978171,92.61517615176152,98.64,93.25,50.95,98.7,12.01,30.63,0.0,0.0,13.17,30.9,0.0,10.1,4.3,14.46,21.42,44.07,Oregon Ducks
Amauri Hardy,280.0,551.5,5.45,94.56521739130434,89.11070780399274,94.57,88.95,49.46,98.91,11.78,31.34,0.0,0.0,12.5,28.8,0.0,10.69,3.99,13.59,21.92,41.3,Oregon Ducks
Chandler Lawson,320.0,583.0,3.17,93.03135888501743,89.86486486486487,93.03,92.68,48.26,97.21,11.15,31.01,0.0,0.0,13.76,31.18,0.0,9.58,4.7,16.55,24.04,44.94,Oregon Ducks
N'Faly Dante,40.0,79.5,-1.96,90.2439024390244,92.20779220779221,90.24,86.59,54.88,112.2,4.88,23.17,0.0,0.0,26.83,29.27,0.0,10.98,2.44,14.63,19.51,56.1,Oregon Ducks
Jalen Terry,40.0,77.5,-10.16,82.05128205128204,92.20779220779221,82.05,91.03,44.87,97.44,10.26,37.18,0.0,0.0,6.41,23.08,0.0,6.41,2.56,8.97,24.36,29.49,Oregon Ducks
Roman Silva,645.0,1190.0,3.05,92.79661016949152,89.75,92.8,91.27,50.85,99.41,8.81,25.34,0.0,0.0,15.68,30.68,0.0,8.14,4.15,16.27,24.83,46.36,Oregon State Beavers
Jarod Lucas,765.0,1396.5,2.08,93.35260115606935,91.27040454222853,93.35,92.92,51.45,98.77,9.18,25.94,0.0,0.0,14.6,31.07,0.0,7.95,3.47,15.82,25.51,45.67,Oregon State Beavers
Rodrigue Andela,79.9,147.0,1.94,98.61111111111111,96.66666666666667,98.61,100.69,52.08,108.33,13.89,37.5,0.0,0.0,19.44,27.08,0.0,9.03,6.94,11.11,31.94,46.52,Oregon State Beavers
Ethan Thompson,964.9,1774.5,0.61,92.58836944127708,91.97771587743733,92.59,94.13,50.63,99.71,9.35,26.85,0.0,0.0,15.51,31.13,0.0,7.98,4.1,15.79,25.94,46.64,Oregon State Beavers
Warith Alatishe,964.9,1774.5,0.61,92.58836944127708,91.97771587743733,92.59,94.13,50.63,99.71,9.35,26.85,0.0,0.0,15.51,31.13,0.0,7.98,4.1,15.79,25.94,46.64,Oregon State Beavers
Zach Reichle,964.9,1774.5,0.61,92.58836944127708,91.97771587743733,92.59,94.13,50.63,99.71,9.35,26.85,0.0,0.0,15.51,31.13,0.0,7.98,4.1,15.79,25.94,46.64,Oregon State Beavers
Maurice Calloo,199.9,378.0,-4.83,89.72972972972974,94.55958549222798,89.73,98.65,47.57,103.24,10.0,30.27,0.0,0.0,18.92,31.35,0.0,8.11,6.49,15.68,27.57,50.27,Oregon State Beavers
Dearon Tucker,240.0,437.5,-6.4,90.0,96.40449438202248,90.0,99.77,49.53,97.67,9.3,27.44,0.0,0.0,13.72,33.72,0.0,7.21,3.02,16.05,26.98,47.44,Oregon State Beavers
Broc Finstuen,570.0,1078.5,-1.53,90.28037383177569,91.81232750689972,90.28,93.27,48.41,97.1,6.73,22.06,0.0,0.0,13.27,33.18,0.0,8.41,4.49,16.17,25.05,46.45,Pacific Tigers
Daniss Jenkins,570.0,1078.5,-1.53,90.28037383177569,91.81232750689972,90.28,93.27,48.41,97.1,6.73,22.06,0.0,0.0,13.27,33.18,0.0,8.41,4.49,16.17,25.05,46.45,Pacific Tigers
Jeremiah Bailey,570.0,1078.5,-1.53,90.28037383177569,91.81232750689972,90.28,93.27,48.41,97.1,6.73,22.06,0.0,0.0,13.27,33.18,0.0,8.41,4.49,16.17,25.05,46.45,Pacific Tigers
Jordan Bell,570.0,1078.5,-1.53,90.28037383177569,91.81232750689972,90.28,93.27,48.41,97.1,6.73,22.06,0.0,0.0,13.27,33.18,0.0,8.41,4.49,16.17,25.05,46.45,Pacific Tigers
Pierre Crockrell II,570.0,1078.5,-1.53,90.28037383177569,91.81232750689972,90.28,93.27,48.41,97.1,6.73,22.06,0.0,0.0,13.27,33.18,0.0,8.41,4.49,16.17,25.05,46.45,Pacific Tigers
Kyle McCloskey,40.0,78.0,24.15,103.89610389610388,79.74683544303798,103.9,81.82,51.95,112.99,12.99,32.47,0.0,0.0,22.08,40.26,0.0,6.49,2.6,9.09,19.48,62.34,Penn State Nittany Lions
Taylor Nussbaum,40.0,78.0,24.15,103.89610389610388,79.74683544303798,103.9,81.82,51.95,112.99,12.99,32.47,0.0,0.0,22.08,40.26,0.0,6.49,2.6,9.09,19.48,62.34,Penn State Nittany Lions
Trent Buttrick,80.0,164.5,8.97,90.625,81.65680473372781,90.62,86.25,48.12,106.25,10.62,26.88,0.0,0.0,20.62,34.38,0.0,9.38,1.25,14.37,25.62,55.0,Penn State Nittany Lions
Seth Lundy,445.0,845.5,-1.29,92.37187127532776,93.66197183098592,92.37,95.11,49.58,102.74,10.01,31.11,0.0,0.0,17.64,30.39,0.0,9.18,2.98,14.9,22.77,48.03,Penn State Nittany Lions
Jamari Wheeler,843.1,1633.0,-2.04,90.80318822808093,92.84403669724772,90.8,93.07,48.5,102.08,10.79,32.74,0.0,0.0,16.68,31.21,0.0,9.81,2.7,14.59,22.32,47.89,Penn State Nittany Lions
John Harrar,843.1,1633.0,-2.04,90.80318822808093,92.84403669724772,90.8,93.07,48.5,102.08,10.79,32.74,0.0,0.0,16.68,31.21,0.0,9.81,2.7,14.59,22.32,47.89,Penn State Nittany Lions
Izaiah Brockington,803.1,1555.0,-3.35,90.15444015444015,93.50899742930592,90.15,93.63,48.33,101.54,10.68,32.75,0.0,0.0,16.41,30.76,0.0,9.97,2.7,14.86,22.46,47.17,Penn State Nittany Lions
Myreon Jones,803.1,1555.0,-3.35,90.15444015444015,93.50899742930592,90.15,93.63,48.33,101.54,10.68,32.75,0.0,0.0,16.41,30.76,0.0,9.97,2.7,14.86,22.46,47.17,Penn State Nittany Lions
Myles Dread,318.1,623.0,-6.02,88.76582278481013,94.78827361563518,88.77,92.09,47.15,100.16,11.87,36.39,0.0,0.0,14.4,31.49,0.0,10.76,2.69,14.24,20.89,45.89,Penn State Nittany Lions
Jade' Smith,125.0,260.5,2.39,93.51145038167938,91.11969111969111,93.51,90.08,51.15,94.27,9.92,29.01,0.0,0.0,10.69,31.68,0.0,6.49,2.29,16.41,24.43,42.37,Pepperdine Waves
Kene Chukwuka,360.0,749.5,1.89,89.41018766756032,87.51660026560425,89.41,88.34,48.26,95.84,8.45,25.2,0.0,0.0,11.26,34.18,0.0,8.98,3.22,15.42,22.25,45.44,Pepperdine Waves
Victor Ohia Obioha,560.0,1148.5,1.24,91.95804195804196,90.71986123156982,91.96,91.43,50.44,95.63,8.92,25.35,0.0,0.0,11.54,33.13,0.0,7.87,2.97,15.91,23.25,44.67,Pepperdine Waves
Colbey Ross,605.0,1245.5,0.88,91.04838709677419,90.16786570743405,91.05,90.97,50.0,95.65,8.63,25.56,0.0,0.0,11.45,32.66,0.0,7.74,2.9,15.81,23.55,44.11,Pepperdine Waves
Kessler Edwards,605.0,1245.5,0.88,91.04838709677419,90.16786570743405,91.05,90.97,50.0,95.65,8.63,25.56,0.0,0.0,11.45,32.66,0.0,7.74,2.9,15.81,23.55,44.11,Pepperdine Waves
Sedrick Altman,605.0,1245.5,0.88,91.04838709677419,90.16786570743405,91.05,90.97,50.0,95.65,8.63,25.56,0.0,0.0,11.45,32.66,0.0,7.74,2.9,15.81,23.55,44.11,Pepperdine Waves
Jan Zidek,165.0,332.5,-3.84,89.63414634146342,93.47181008902076,89.63,96.04,51.52,96.34,7.01,24.39,0.0,0.0,12.2,28.35,0.0,5.49,2.44,15.85,26.83,40.55,Pepperdine Waves
Terrell Brown-Soares,40.0,75.5,9.44,88.60759493670885,79.16666666666666,88.61,72.15,50.63,96.2,7.59,18.99,0.0,0.0,12.66,40.51,0.0,7.59,8.86,16.46,16.46,53.17,Pittsburgh Panthers
Femi Odukale,200.0,390.0,1.84,91.16161616161617,89.32291666666666,91.16,86.62,51.52,98.99,8.59,22.73,0.0,0.0,14.9,31.82,0.0,6.31,6.57,15.91,23.74,46.72,Pittsburgh Panthers
Au'Diese Toney,440.0,839.5,-0.88,93.07511737089203,93.9540507859734,93.08,91.2,51.76,101.17,8.69,25.12,0.0,0.0,16.43,32.63,0.0,7.28,3.76,15.26,20.77,49.06,Pittsburgh Panthers
Ithiel Horton,520.0,1001.0,-2.29,88.52621167161226,90.81735620585268,88.53,89.02,49.46,102.27,7.52,22.65,0.0,0.0,17.61,32.94,0.0,7.52,3.96,15.33,21.76,50.55,Pittsburgh Panthers
William Jeffress,160.0,291.5,-2.56,90.84745762711864,93.40277777777779,90.85,91.19,47.46,99.32,10.85,28.81,0.0,0.0,18.31,35.25,0.0,7.12,6.1,18.98,19.32,53.56,Pittsburgh Panthers
Justin Champagnie,560.0,1080.5,-2.59,91.81985294117648,94.40820130475302,91.82,93.11,51.1,100.64,8.55,23.44,0.0,0.0,15.62,31.34,0.0,7.54,4.5,14.98,22.33,46.96,Pittsburgh Panthers
Xavier Johnson,440.0,844.5,-3.18,89.65922444183315,92.84009546539379,89.66,91.42,49.47,102.23,7.87,23.97,0.0,0.0,17.27,32.43,0.0,7.64,3.41,15.04,21.27,49.7,Pittsburgh Panthers
Abdoul Karim Coulibaly,640.0,1225.0,-3.22,90.36437246963563,93.58024691358024,90.36,92.06,50.04,100.97,8.42,24.05,0.0,0.0,16.44,31.42,0.0,7.53,4.13,15.47,22.27,47.86,Pittsburgh Panthers
Nike Sibande,320.0,614.5,-3.53,88.40579710144928,91.94078947368422,88.41,90.02,49.6,98.87,8.21,22.38,0.0,0.0,14.33,29.95,0.0,7.73,5.31,15.46,23.67,44.28,Pittsburgh Panthers
Noah Collier,40.0,74.5,-14.49,72.0,86.48648648648648,72.0,85.33,38.67,94.67,5.33,18.67,0.0,0.0,10.67,24.0,0.0,10.67,2.67,16.0,26.67,34.67,Pittsburgh Panthers
Onyebuchi Ezeakudo,40.0,66.0,-19.77,92.53731343283582,112.3076923076923,92.54,108.96,49.25,91.04,13.43,26.87,0.0,0.0,10.45,26.87,0.0,13.43,4.48,19.4,19.4,37.32,Pittsburgh Panthers
Isiah Dasher,280.0,572.0,-27.01,83.07426597582038,110.08849557522124,83.07,107.43,45.94,91.36,10.19,27.29,0.0,0.0,8.29,25.39,0.0,7.43,2.76,16.93,20.21,33.68,Portland Pilots
Chase Adams,80.0,148.0,-27.03,77.7027027027027,104.72972972972974,77.7,104.73,38.51,85.81,9.46,31.76,0.0,0.0,2.03,29.05,0.0,11.49,2.7,16.22,17.57,31.08,Portland Pilots
Latrell Jones,400.0,782.0,-29.41,86.46232439335888,115.87708066581305,86.46,115.58,44.83,91.7,11.49,30.65,0.0,0.0,8.68,24.78,0.0,7.79,3.19,16.99,20.56,33.46,Portland Pilots
Zac Triplett,160.0,307.0,-29.49,81.84713375796179,111.33333333333333,81.85,106.37,44.59,91.4,10.51,31.85,0.0,0.0,8.92,26.75,0.0,7.96,3.5,17.52,20.38,35.67,Portland Pilots
Michael Henn,440.0,875.0,-29.59,84.61538461538461,114.20323325635104,84.62,111.88,45.48,91.74,10.75,29.41,0.0,0.0,8.48,25.23,0.0,7.01,3.05,16.74,20.02,33.71,Portland Pilots
Ahmed Ali,320.0,635.5,-29.97,88.47352024922118,118.44197138314784,88.47,116.04,47.66,94.08,10.9,28.97,0.0,0.0,9.97,23.52,0.0,6.85,2.8,15.89,20.56,33.49,Portland Pilots
Eddie Davis,480.0,934.5,-30.28,84.6235418875928,114.90280777537798,84.62,112.83,44.96,91.62,10.82,29.8,0.0,0.0,8.17,25.03,0.0,7.32,3.29,16.54,19.94,33.2,Portland Pilots
Quincy Ferebee,40.0,76.0,-33.75,74.35897435897436,108.10810810810811,74.36,102.56,41.03,87.18,10.26,28.21,0.0,0.0,3.85,25.64,0.0,2.56,5.13,16.67,16.67,29.49,Portland Pilots
Takiula Fahrensohn,80.0,135.5,-36.84,78.83211678832117,115.67164179104476,78.83,113.14,39.42,88.32,10.95,31.39,0.0,0.0,3.65,24.09,0.0,6.57,5.84,15.33,17.52,27.74,Portland Pilots
Hayden Curtiss,120.0,207.0,-43.96,86.95652173913044,130.91787439613526,86.96,130.92,42.51,92.27,11.59,32.85,0.0,0.0,6.76,23.67,0.0,6.28,5.31,14.49,18.36,30.43,Portland Pilots
Ian Burke,565.0,1078.0,2.95,85.94040968342644,82.99445471349352,85.94,83.61,46.93,101.68,8.94,28.86,0.0,0.0,19.09,30.35,0.0,10.99,3.82,17.41,26.91,49.44,Portland State Vikings
Paris Dawson,525.0,992.5,2.74,85.75757575757575,83.01507537688441,85.76,83.43,46.77,101.92,8.89,29.09,0.0,0.0,18.79,30.2,0.0,10.91,3.64,16.87,26.46,48.99,Portland State Vikings
Jacob Eyman,365.0,691.5,1.95,85.85858585858585,83.91304347826087,85.86,83.55,46.9,100.58,8.95,29.73,0.0,0.0,16.74,29.73,0.0,10.39,3.46,16.16,24.39,46.47,Portland State Vikings
Khalid Thomas,605.0,1170.0,0.47,84.89270386266095,84.42553191489361,84.89,85.15,46.52,101.29,8.84,29.1,0.0,0.0,18.97,29.96,0.0,10.99,3.52,17.68,26.78,48.93,Portland State Vikings
Monty Scott,605.0,1170.0,0.47,84.89270386266095,84.42553191489361,84.89,85.15,46.52,101.29,8.84,29.1,0.0,0.0,18.97,29.96,0.0,10.99,3.52,17.68,26.78,48.93,Portland State Vikings
A'mari McCray,240.0,478.5,-1.68,83.47457627118644,85.15463917525773,83.47,87.5,45.97,102.33,8.69,28.18,0.0,0.0,22.25,30.3,0.0,11.86,3.6,19.92,30.3,52.55,Portland State Vikings
Charles Jones,80.0,177.5,-12.22,80.0,92.22222222222223,80.0,94.86,45.14,97.71,8.57,29.14,0.0,0.0,20.0,28.57,0.0,11.43,2.86,22.29,28.57,48.57,Portland State Vikings
Jaden Nielsen-Skinner,40.0,92.0,-28.55,72.52747252747253,101.0752688172043,72.53,103.3,41.76,96.7,7.69,31.87,0.0,0.0,17.58,25.27,0.0,10.99,0.0,20.88,25.27,42.85,Portland State Vikings
Boe Nguidjol,40.0,70.5,33.28,108.95522388059702,75.67567567567568,108.96,83.58,56.72,95.52,11.94,31.34,0.0,0.0,10.45,38.81,0.0,14.93,2.99,14.93,31.34,49.26,Prairie View A&M Panthers
D'Rell Roberts,40.0,82.0,26.54,101.23456790123457,74.69879518072288,101.23,76.54,49.38,109.88,11.11,34.57,0.0,0.0,23.46,30.86,0.0,22.22,1.23,13.58,18.52,54.32,Prairie View A&M Panthers
Jeremiah Gambrell,479.9,954.0,18.31,94.33760683760684,76.02880658436214,94.34,78.95,50.11,96.79,8.76,26.82,0.0,0.0,15.17,33.76,0.0,11.75,6.62,18.38,26.92,48.93,Prairie View A&M Panthers
Cam Mack,599.9,1197.5,16.04,93.54290569243841,77.504105090312,93.54,80.2,49.7,98.81,8.67,27.87,0.0,0.0,16.14,33.22,0.0,12.06,5.86,17.33,26.08,49.36,Prairie View A&M Panthers
DeWayne Cox,599.9,1197.5,16.04,93.54290569243841,77.504105090312,93.54,80.2,49.7,98.81,8.67,27.87,0.0,0.0,16.14,33.22,0.0,12.06,5.86,17.33,26.08,49.36,Prairie View A&M Panthers
Jawaun Daniels,599.9,1197.5,16.04,93.54290569243841,77.504105090312,93.54,80.2,49.7,98.81,8.67,27.87,0.0,0.0,16.14,33.22,0.0,12.06,5.86,17.33,26.08,49.36,Prairie View A&M Panthers
Lenell Henry,559.9,1127.0,14.99,92.61261261261261,77.62237762237763,92.61,80.0,49.28,99.01,8.47,27.66,0.0,0.0,16.49,32.88,0.0,11.89,6.04,17.48,25.77,49.37,Prairie View A&M Panthers
Faite Williams,80.0,161.5,-2.73,85.0,87.73006134969326,85.0,89.38,47.5,105.0,6.88,30.63,0.0,0.0,18.12,31.25,0.0,8.75,3.75,13.12,25.0,49.37,Prairie View A&M Panthers
Rayshon Harrison,605.0,1128.5,-3.45,85.31781557743957,88.7719298245614,85.32,90.6,47.36,96.15,8.06,25.78,0.0,0.0,16.65,28.83,0.0,9.22,2.78,20.5,26.68,45.48,Presbyterian Blue Hose
Winston Hill,525.0,979.5,-4.09,84.25925925925925,88.34853090172238,84.26,89.71,46.91,95.47,7.51,25.51,0.0,0.0,16.26,30.04,0.0,8.74,2.47,20.78,26.13,46.3,Presbyterian Blue Hose
Tristen Becker,45.0,93.0,-4.66,81.05263157894737,85.71428571428571,81.05,82.11,52.63,109.47,4.21,23.16,0.0,0.0,22.11,31.58,0.0,4.21,5.26,12.63,25.26,53.69,Presbyterian Blue Hose
Zeb Graham,39.8,67.0,-5.08,67.64705882352942,72.72727272727273,67.65,70.59,36.76,97.06,5.88,22.06,0.0,0.0,16.18,30.88,0.0,14.71,1.47,19.12,20.59,47.06,Presbyterian Blue Hose
Owen McCormack,684.8,1271.0,-5.31,83.2012678288431,88.515625,83.2,89.78,46.51,95.64,7.61,24.88,0.0,0.0,16.09,28.76,0.0,9.43,2.69,20.44,26.47,44.85,Presbyterian Blue Hose
Trevon Reddish-Rhone,684.8,1271.0,-5.31,83.2012678288431,88.515625,83.2,89.78,46.51,95.64,7.61,24.88,0.0,0.0,16.09,28.76,0.0,9.43,2.69,20.44,26.47,44.85,Presbyterian Blue Hose
Brandon Younger,639.8,1178.0,-5.35,83.37617823479006,88.73002523128679,83.38,90.4,46.02,94.52,7.88,25.02,0.0,0.0,15.6,28.53,0.0,9.85,2.49,21.08,26.56,44.13,Presbyterian Blue Hose
Ambaka Le Gregam,159.8,284.5,-9.54,79.92957746478874,89.47368421052632,79.93,89.79,45.07,97.54,7.75,23.59,0.0,0.0,15.14,26.76,0.0,11.62,2.11,17.61,26.76,41.9,Presbyterian Blue Hose
Kirshon Thrash,40.0,82.5,-30.08,66.26506024096386,96.34146341463415,66.27,95.18,43.37,83.13,3.61,12.05,0.0,0.0,9.64,18.07,0.0,8.43,7.23,26.51,31.33,27.71,Presbyterian Blue Hose
Jared Bynum,215.0,390.5,-0.04,93.45088161209067,93.48958333333334,93.45,90.43,50.63,98.49,8.56,25.94,0.0,0.0,14.86,34.51,0.0,7.81,4.03,16.37,20.15,49.37,Providence Friars
Jimmy Nichols,325.0,594.0,-0.54,91.81969949916528,92.35993208828522,91.82,90.82,48.58,97.83,10.35,26.04,0.0,0.0,14.02,34.72,0.0,6.68,2.67,16.19,22.54,48.74,Providence Friars
A.J. Reeves,820.0,1525.0,-3.35,88.04418453541261,91.3964262078094,88.04,89.73,47.24,97.73,9.03,26.58,0.0,0.0,13.84,33.66,0.0,6.82,3.9,16.11,21.51,47.5,Providence Friars
David Duke Jr.,820.0,1525.0,-3.35,88.04418453541261,91.3964262078094,88.04,89.73,47.24,97.73,9.03,26.58,0.0,0.0,13.84,33.66,0.0,6.82,3.9,16.11,21.51,47.5,Providence Friars
Nate Watson,820.0,1525.0,-3.35,88.04418453541261,91.3964262078094,88.04,89.73,47.24,97.73,9.03,26.58,0.0,0.0,13.84,33.66,0.0,6.82,3.9,16.11,21.51,47.5,Providence Friars
Greg Gantt,80.0,156.5,-3.35,74.35897435897436,77.70700636942675,74.36,78.21,39.74,96.15,7.69,28.85,0.0,0.0,12.82,33.33,0.0,5.77,2.56,16.67,24.36,46.15,Providence Friars
Alyn Breed,525.0,978.0,-4.75,88.03245436105477,92.78350515463917,88.03,91.28,47.06,97.67,9.43,26.47,0.0,0.0,13.59,33.37,0.0,6.59,4.06,15.92,21.6,46.96,Providence Friars
Noah Horchler,495.0,931.0,-5.14,85.63829787234043,90.78091106290672,85.64,89.04,46.38,97.66,8.19,26.91,0.0,0.0,13.72,32.98,0.0,6.91,4.68,16.06,20.85,46.7,Providence Friars
Zach Edey,40.0,72.0,9.72,93.05555555555556,83.33333333333334,93.06,83.33,50.0,91.67,8.33,27.78,0.0,0.0,13.89,37.5,0.0,12.5,4.17,22.22,26.39,51.39,Purdue Boilermakers
Jaden Ivey,444.6,821.0,3.79,93.15726290516207,89.36959208899876,93.16,86.79,52.34,100.6,7.68,24.97,0.0,0.0,16.09,35.77,0.0,8.16,5.52,15.49,21.97,51.86,Purdue Boilermakers
Sasha Stefanovic,524.6,975.0,2.63,91.77800616649537,89.15046059365405,91.78,89.52,50.05,98.15,9.25,28.98,0.0,0.0,14.49,37.72,0.0,6.06,4.62,16.34,24.56,52.21,Purdue Boilermakers
Eric Hunter Jr.,804.6,1491.0,2.39,92.0,89.60863697705803,92.0,88.53,50.73,99.47,8.47,27.33,0.0,0.0,15.53,36.67,0.0,7.07,4.87,16.07,23.47,52.2,Purdue Boilermakers
Mason Gillis,804.6,1491.0,2.39,92.0,89.60863697705803,92.0,88.53,50.73,99.47,8.47,27.33,0.0,0.0,15.53,36.67,0.0,7.07,4.87,16.07,23.47,52.2,Purdue Boilermakers
Trevion Williams,764.6,1419.0,2.02,91.94677871148458,89.9290780141844,91.95,88.8,50.77,99.86,8.47,27.31,0.0,0.0,15.62,36.62,0.0,6.79,4.9,15.76,23.32,52.24,Purdue Boilermakers
Brandon Newman,640.0,1186.0,1.22,91.37353433835847,90.15280135823429,91.37,88.94,50.17,99.75,8.38,27.64,0.0,0.0,16.0,36.43,0.0,7.12,4.61,16.25,23.62,52.43,Purdue Boilermakers
Dylan Carl,869.7,1662.5,-3.63,96.66464523953911,100.29832935560859,96.66,101.94,49.61,91.21,11.4,28.26,0.0,0.0,11.58,30.81,0.0,8.73,3.82,20.38,22.74,42.39,Purdue Fort Wayne Mastodons
Bobby Planutis,909.7,1740.5,-3.82,95.72006940427993,99.54337899543378,95.72,100.87,49.22,90.51,11.39,28.28,0.0,0.0,11.57,30.88,0.0,8.68,3.64,21.05,22.44,42.45,Purdue Fort Wayne Mastodons
Deonte Billups,909.7,1740.5,-3.82,95.72006940427993,99.54337899543378,95.72,100.87,49.22,90.51,11.39,28.28,0.0,0.0,11.57,30.88,0.0,8.68,3.64,21.05,22.44,42.45,Purdue Fort Wayne Mastodons
Jalon Pipkins,909.7,1740.5,-3.82,95.72006940427993,99.54337899543378,95.72,100.87,49.22,90.51,11.39,28.28,0.0,0.0,11.57,30.88,0.0,8.68,3.64,21.05,22.44,42.45,Purdue Fort Wayne Mastodons
Jarred Godfrey,909.7,1740.5,-3.82,95.72006940427993,99.54337899543378,95.72,100.87,49.22,90.51,11.39,28.28,0.0,0.0,11.57,30.88,0.0,8.68,3.64,21.05,22.44,42.45,Purdue Fort Wayne Mastodons
Cameron Benford,40.0,78.0,-6.64,76.25,82.89473684210526,76.25,78.75,41.25,76.25,11.25,28.75,0.0,0.0,11.25,32.5,0.0,7.5,0.0,35.0,16.25,43.75,Purdue Fort Wayne Mastodons
JJ Riggins,40.0,82.5,16.23,95.23809523809523,79.01234567901234,95.24,76.19,51.19,91.67,11.9,36.9,0.0,0.0,5.95,34.52,0.0,7.14,4.76,14.29,21.43,40.47,Quinnipiac Bobcats
Jack Higgins,40.0,87.0,0.2,70.78651685393258,70.58823529411765,70.79,67.42,44.94,91.01,3.37,21.35,0.0,0.0,10.11,37.08,0.0,11.24,8.99,19.1,19.1,47.19,Quinnipiac Bobcats
Tyrese Williams,695.0,1410.5,-1.33,80.94233473980309,82.27305218012866,80.94,80.94,44.16,93.25,9.85,30.1,0.0,0.0,9.92,34.46,0.0,7.1,5.06,16.67,22.36,44.38,Quinnipiac Bobcats
Savion Lewis,655.0,1332.5,-2.39,81.06904231625836,83.4597875569044,81.07,81.66,44.54,93.69,9.35,29.62,0.0,0.0,9.5,34.08,0.0,6.83,4.38,15.81,22.05,43.58,Quinnipiac Bobcats
Jacob Rigoni,735.0,1497.5,-2.53,80.9145129224652,83.44549125168237,80.91,82.17,44.14,93.24,9.61,29.49,0.0,0.0,9.68,33.86,0.0,7.09,4.97,16.43,22.27,43.54,Quinnipiac Bobcats
Tymu Chenery,695.0,1410.5,-2.68,81.54929577464789,84.22555317630264,81.55,83.1,44.08,93.38,10.0,30.0,0.0,0.0,9.65,33.66,0.0,6.83,4.72,16.27,22.46,43.31,Quinnipiac Bobcats
Seth Pinkney,695.0,1415.0,-3.63,80.0701754385965,83.70106761565836,80.07,82.53,43.72,93.33,9.47,29.05,0.0,0.0,9.89,33.82,0.0,7.09,4.98,16.56,22.32,43.71,Quinnipiac Bobcats
Luis Kortright,80.0,165.0,-3.7,79.62962962962963,83.33333333333334,79.63,86.42,40.74,89.51,11.73,28.4,0.0,0.0,11.11,32.1,0.0,9.26,9.88,21.6,24.07,43.21,Quinnipiac Bobcats
Brendan McGuire,40.0,87.0,-21.84,80.45977011494253,102.29885057471265,80.46,102.3,43.68,93.1,5.75,19.54,0.0,0.0,5.75,24.14,0.0,6.9,3.45,12.64,20.69,29.89,Quinnipiac Bobcats
Josiah Jeffers,80.0,144.0,6.44,98.63945578231292,92.19858156028369,98.64,88.44,55.78,93.88,8.84,19.73,0.0,0.0,15.65,35.37,0.0,6.12,1.36,21.77,21.77,51.02,Radford Highlanders
Xavier Lipscomb,659.4,1187.5,1.59,91.81141439205956,90.2229845626072,91.81,87.01,50.95,95.86,8.27,24.98,0.0,0.0,15.63,34.9,0.0,7.86,2.4,19.77,20.76,50.53,Radford Highlanders
Fah'Mir Ali,694.4,1245.0,0.93,91.4576802507837,90.52718286655683,91.46,86.13,51.41,95.22,8.7,25.78,0.0,0.0,14.73,33.54,0.0,8.15,2.12,19.51,22.1,48.27,Radford Highlanders
Lewis Djonkam,819.4,1472.5,0.76,91.03585657370517,90.27102154273801,91.04,86.25,51.26,95.75,8.1,24.9,0.0,0.0,15.6,34.33,0.0,7.84,2.26,19.85,21.51,49.93,Radford Highlanders
Chyree Walker,779.4,1403.5,0.65,90.59233449477352,89.94169096209913,90.59,85.99,51.01,96.03,8.15,25.37,0.0,0.0,15.68,34.43,0.0,7.8,2.3,19.65,21.32,50.11,Radford Highlanders
Dravon Mangum,694.4,1242.5,0.46,90.80911233307148,90.34653465346535,90.81,86.02,50.98,95.6,8.17,25.37,0.0,0.0,14.93,33.7,0.0,8.41,2.12,19.32,21.92,48.63,Radford Highlanders
Jordan Hemphill,85.0,155.0,-1.04,89.80891719745223,90.84967320261438,89.81,88.54,51.59,96.18,6.37,21.66,0.0,0.0,20.38,37.58,0.0,5.1,3.82,24.2,19.75,57.96,Radford Highlanders
Quinton Morton-Robertson,285.0,512.5,-1.52,88.23529411764706,89.7590361445783,88.24,84.82,51.61,96.77,6.26,22.58,0.0,0.0,17.65,34.91,0.0,7.02,2.28,20.87,21.82,52.56,Radford Highlanders
Allen Betrand,365.0,688.0,3.05,87.83977110157367,84.78581979320532,87.84,82.12,48.78,97.71,7.15,22.03,0.0,0.0,18.03,36.19,0.0,7.44,7.15,20.31,18.17,54.22,Rhode Island Rams
Jeremy Sheppard,700.0,1335.0,0.12,88.59910581222057,88.4789156626506,88.6,87.56,49.25,100.6,7.23,23.47,0.0,0.0,19.3,35.99,0.0,8.05,5.96,18.7,20.19,55.29,Rhode Island Rams
Fatts Russell,620.0,1193.5,-0.57,90.33333333333333,90.90143218197136,90.33,89.92,50.17,100.75,8.0,24.42,0.0,0.0,18.75,34.75,0.0,7.33,5.25,18.0,20.75,53.5,Rhode Island Rams
Antwan Walker,740.0,1407.0,-0.62,89.24274593064402,89.86438258386866,89.24,89.1,49.26,100.57,7.5,24.06,0.0,0.0,19.11,35.67,0.0,7.71,5.94,18.54,20.24,54.78,Rhode Island Rams
Makhel Mitchell,740.0,1407.0,-0.62,89.24274593064402,89.86438258386866,89.24,89.1,49.26,100.57,7.5,24.06,0.0,0.0,19.11,35.67,0.0,7.71,5.94,18.54,20.24,54.78,Rhode Island Rams
Malik Martin,205.0,387.5,-3.85,90.4639175257732,94.31524547803618,90.46,94.07,47.94,97.94,8.25,26.29,0.0,0.0,18.81,36.86,0.0,8.25,5.41,20.88,21.13,55.67,Rhode Island Rams
Ishmael Leggett,330.0,617.0,-4.25,89.34426229508196,93.58974358974359,89.34,95.74,48.85,105.08,7.05,25.57,0.0,0.0,20.82,35.41,0.0,7.7,6.23,15.74,21.15,56.23,Rhode Island Rams
Riley Abercrombie,560.0,1071.0,-1.7,97.09465791940019,98.79069767441861,97.09,99.53,49.02,94.66,13.87,35.52,0.0,0.0,13.96,34.11,0.0,6.47,3.0,19.31,19.31,48.07,Rice Owls
Chris Mullins,480.0,904.5,-4.69,93.65962180200222,98.35164835164835,93.66,99.56,46.61,93.33,13.68,37.15,0.0,0.0,12.12,35.26,0.0,6.9,3.0,18.8,18.8,47.38,Rice Owls
Travis Evee,680.0,1277.0,-4.8,94.42262372348782,99.21935987509758,94.42,99.84,47.37,94.19,13.59,36.53,0.0,0.0,13.12,34.17,0.0,7.07,3.06,18.93,18.77,47.29,Rice Owls
Max Fiedler,760.0,1437.0,-5.53,93.9203354297694,99.44559944559944,93.92,100.28,47.31,93.57,13.42,35.92,0.0,0.0,12.93,34.52,0.0,6.57,3.0,19.36,18.8,47.45,Rice Owls
Quincy Olivari,760.0,1437.0,-5.53,93.9203354297694,99.44559944559944,93.92,100.28,47.31,93.57,13.42,35.92,0.0,0.0,12.93,34.52,0.0,6.57,3.0,19.36,18.8,47.45,Rice Owls
Cameron Sheffield,440.0,831.5,-8.46,91.42512077294685,99.88023952095809,91.43,100.72,46.14,91.79,13.29,35.99,0.0,0.0,11.96,35.14,0.0,6.04,3.14,20.17,18.48,47.1,Rice Owls
Cavit Ege Havsa,40.0,75.5,-9.41,91.8918918918919,101.29870129870129,91.89,105.41,43.24,87.84,14.86,39.19,0.0,0.0,10.81,37.84,0.0,2.7,4.05,22.97,17.57,48.65,Rice Owls
Payton Moore,80.0,151.5,-25.72,83.55263157894737,109.27152317880795,83.55,108.55,47.37,94.74,7.24,24.34,0.0,0.0,15.13,30.92,0.0,5.92,1.32,20.39,17.76,46.05,Rice Owls
Blake Francis,400.0,757.0,5.48,98.16272965879264,92.68617021276596,98.16,91.47,53.02,98.16,9.71,26.38,0.0,0.0,9.97,29.92,0.0,11.29,3.02,11.81,20.73,39.89,Richmond Spiders
Grant Golden,440.0,838.0,3.92,95.85798816568047,91.93742478941034,95.86,90.41,52.43,98.22,9.35,25.92,0.0,0.0,10.77,30.3,0.0,11.36,3.08,12.54,20.36,41.07,Richmond Spiders
Jacob Gilyard,440.0,838.0,3.92,95.85798816568047,91.93742478941034,95.86,90.41,52.43,98.22,9.35,25.92,0.0,0.0,10.77,30.3,0.0,11.36,3.08,12.54,20.36,41.07,Richmond Spiders
Nathan Cayo,440.0,838.0,3.92,95.85798816568047,91.93742478941034,95.86,90.41,52.43,98.22,9.35,25.92,0.0,0.0,10.77,30.3,0.0,11.36,3.08,12.54,20.36,41.07,Richmond Spiders
Tyler Burton,440.0,838.0,3.92,95.85798816568047,91.93742478941034,95.86,90.41,52.43,98.22,9.35,25.92,0.0,0.0,10.77,30.3,0.0,11.36,3.08,12.54,20.36,41.07,Richmond Spiders
Andre Gustavson,40.0,81.0,-10.11,74.69879518072288,84.81012658227847,74.7,80.72,46.99,98.8,6.02,21.69,0.0,0.0,18.07,33.73,0.0,12.05,3.61,19.28,16.87,51.8,Richmond Spiders
Tyrel Bladen,80.0,153.5,10.53,93.33333333333333,82.80254777070064,93.33,86.67,51.33,100.67,10.67,25.33,0.0,0.0,18.67,32.0,0.0,7.33,3.33,18.0,26.0,50.67,Rider Broncs
Rodney Henderson Jr.,439.4,817.0,-1.0,93.06930693069307,94.0677966101695,93.07,96.16,49.75,98.27,7.92,23.39,0.0,0.0,13.37,33.91,0.0,6.93,2.72,15.1,25.25,47.28,Rider Broncs
Dontrell McQuarter,604.6,1123.5,-2.65,91.1449016100179,93.79982285208148,91.14,94.72,50.72,97.41,7.6,21.11,0.0,0.0,14.22,32.47,0.0,6.35,2.59,16.82,25.76,46.69,Rider Broncs
Dwight Murray Jr.,804.4,1521.0,-4.49,89.12466843501326,93.61147327249022,89.12,95.23,48.81,96.75,8.02,22.81,0.0,0.0,13.33,33.02,0.0,6.7,2.72,16.58,25.0,46.35,Rider Broncs
Christian Ings,724.4,1369.5,-4.66,88.45588235294117,93.11094996374185,88.46,94.41,48.97,95.88,7.87,22.5,0.0,0.0,12.79,33.16,0.0,6.47,2.87,16.91,24.71,45.95,Rider Broncs
Allen Powell,484.8,930.5,-5.15,88.26086956521739,93.41126461211478,88.26,95.54,46.85,96.52,9.57,25.22,0.0,0.0,13.37,32.72,0.0,7.39,2.83,16.85,24.02,46.09,Rider Broncs
Ajiri Ogemuno-Johnson,724.4,1367.5,-6.18,88.65979381443299,94.84386347131445,88.66,96.17,48.53,96.32,7.73,22.53,0.0,0.0,12.74,33.14,0.0,6.63,2.65,16.42,24.89,45.88,Rider Broncs
Jeremiah Pope,40.0,76.5,-11.62,83.11688311688312,94.73684210526315,83.12,93.51,55.84,105.19,1.3,11.69,0.0,0.0,18.18,31.17,0.0,5.19,1.3,12.99,36.36,49.35,Rider Broncs
Jaelen McGlone,120.0,246.0,-18.9,75.51867219917013,94.42231075697211,75.52,98.34,41.08,91.7,7.47,24.9,0.0,0.0,10.37,33.61,0.0,6.64,2.49,18.67,22.41,43.98,Rider Broncs
Cameron Wilbon,40.0,79.0,3.8,84.81012658227847,81.0126582278481,84.81,81.01,49.37,100.0,5.06,17.72,0.0,0.0,20.25,39.24,0.0,8.86,5.06,20.25,22.78,59.49,Robert Morris Colonials
Enoch Cheeks,40.0,79.0,3.8,84.81012658227847,81.0126582278481,84.81,81.01,49.37,100.0,5.06,17.72,0.0,0.0,20.25,39.24,0.0,8.86,5.06,20.25,22.78,59.49,Robert Morris Colonials
Trayden Williams,40.0,79.0,3.8,84.81012658227847,81.0126582278481,84.81,81.01,49.37,100.0,5.06,17.72,0.0,0.0,20.25,39.24,0.0,8.86,5.06,20.25,22.78,59.49,Robert Morris Colonials
AJ Bramah,340.0,644.0,-2.66,91.91290824261276,94.57364341085271,91.91,94.87,49.46,100.93,8.71,26.13,0.0,0.0,16.17,29.7,0.0,7.15,3.27,15.24,23.95,45.87,Robert Morris Colonials
Kahliel Spear,410.0,775.0,-4.12,98.30508474576271,102.42656449553,98.31,104.56,49.02,97.0,11.73,28.94,0.0,0.0,14.34,28.68,0.0,7.69,3.26,17.34,24.77,43.02,Robert Morris Colonials
Kam Farris,670.0,1259.0,-4.52,92.95436349079263,97.478329393223,92.95,99.04,48.28,98.56,9.93,27.3,0.0,0.0,14.97,30.02,0.0,7.69,3.36,16.41,24.34,44.99,Robert Morris Colonials
Dante Treacy,630.0,1180.0,-5.07,93.5042735042735,98.57142857142858,93.5,100.26,48.21,98.46,10.26,27.95,0.0,0.0,14.62,29.4,0.0,7.61,3.25,16.15,24.44,44.02,Robert Morris Colonials
Jon Williams,630.0,1180.0,-5.07,93.5042735042735,98.57142857142858,93.5,100.26,48.21,98.46,10.26,27.95,0.0,0.0,14.62,29.4,0.0,7.61,3.25,16.15,24.44,44.02,Robert Morris Colonials
Charles Bain,550.0,1020.0,-6.61,90.18830525272547,96.7992240543162,90.19,98.91,46.88,98.12,9.71,27.55,0.0,0.0,14.27,30.53,0.0,7.93,3.37,16.15,24.38,44.8,Robert Morris Colonials
Mamadou Doucoure,40.0,75.0,19.55,101.36986301369863,81.81818181818183,101.37,86.3,45.21,91.78,15.07,38.36,0.0,0.0,9.59,42.47,0.0,12.33,13.7,17.81,21.92,52.06,Rutgers Scarlet Knights
Caleb McConnell,320.0,583.5,6.07,91.91049913941481,85.83617747440273,91.91,86.57,50.43,99.14,7.23,27.37,0.0,0.0,15.32,34.25,0.0,10.33,7.92,16.18,23.58,49.57,Rutgers Scarlet Knights
Clifford Omoruyi,80.0,163.0,3.37,97.63313609467455,94.26751592356688,97.63,87.57,53.25,102.96,10.06,23.08,0.0,0.0,13.02,30.77,0.0,7.69,7.69,10.06,20.71,43.79,Rutgers Scarlet Knights
Paul Mulcahy,645.0,1216.0,2.35,91.39784946236558,89.04333605887163,91.4,90.07,49.55,98.59,8.19,26.55,0.0,0.0,13.15,32.75,0.0,9.35,6.87,14.56,23.99,45.9,Rutgers Scarlet Knights
Geo Baker,765.0,1422.5,0.98,89.70693352394568,88.72752420470262,89.71,91.71,47.25,99.43,7.79,26.88,0.0,0.0,14.58,33.17,0.0,10.86,7.01,15.15,24.66,47.75,Rutgers Scarlet Knights
Ron Harper Jr.,845.0,1596.5,0.53,89.27664974619289,88.74458874458875,89.28,91.05,47.14,99.43,7.93,26.59,0.0,0.0,14.15,32.55,0.0,10.22,7.04,14.72,24.43,46.7,Rutgers Scarlet Knights
Myles Johnson,805.0,1505.5,0.48,89.4523326572008,88.9686684073107,89.45,92.16,46.99,99.12,8.05,27.11,0.0,0.0,14.06,32.79,0.0,10.48,6.83,14.94,24.81,46.85,Rutgers Scarlet Knights
Jacob Young,565.0,1085.0,-1.98,89.4095595126523,91.38712601994561,89.41,94.47,46.11,99.72,8.81,26.34,0.0,0.0,13.21,31.68,0.0,10.12,6.37,13.5,24.84,44.89,Rutgers Scarlet Knights
Montez Mathis,360.0,695.5,-3.49,90.68413391557496,94.17613636363636,90.68,96.51,46.43,102.33,9.32,25.62,0.0,0.0,14.12,30.13,0.0,10.04,5.82,11.79,24.75,44.25,Rutgers Scarlet Knights
Isiah Kirby,608.9,1243.5,-7.15,86.46917534027222,93.61873990306947,86.47,92.79,48.92,96.8,8.89,28.18,0.0,0.0,15.61,27.14,0.0,9.61,2.48,18.82,23.62,42.75,SE Louisiana Lions
JonDarius Warren,120.0,240.5,-7.35,86.49789029535864,93.85245901639344,86.5,96.62,46.41,95.36,8.44,30.38,0.0,0.0,14.35,29.11,0.0,10.55,2.95,18.99,23.63,43.46,SE Louisiana Lions
Elijah Ifejeh,483.9,996.5,-8.04,86.08349900596421,94.12360688956434,86.08,92.35,49.6,97.61,8.95,27.34,0.0,0.0,16.5,27.63,0.0,8.25,2.98,18.89,24.55,44.13,SE Louisiana Lions
Joe Kasperzyk,688.9,1393.5,-8.86,85.65310492505354,94.51659451659452,85.65,93.5,48.54,97.79,8.85,28.12,0.0,0.0,16.49,28.34,0.0,9.28,3.35,18.7,23.2,44.83,SE Louisiana Lions
Gus Okafor,728.9,1476.5,-9.51,85.1078167115903,94.62219196732471,85.11,93.67,48.45,97.57,8.56,28.17,0.0,0.0,16.37,27.9,0.0,9.37,3.17,18.8,23.11,44.27,SE Louisiana Lions
Keon Clergeot,648.9,1319.0,-10.59,84.28571428571429,94.8776758409786,84.29,93.31,48.72,97.74,8.27,27.82,0.0,0.0,16.62,27.22,0.0,9.25,3.01,18.87,22.93,43.84,SE Louisiana Lions
Brandon Gonzalez,40.0,80.5,-11.36,80.0,91.35802469135803,80.0,92.5,43.75,96.25,6.25,27.5,0.0,0.0,15.0,36.25,0.0,7.5,6.25,18.75,25.0,51.25,SE Louisiana Lions
Pape Diop,40.0,80.5,-11.36,80.0,91.35802469135803,80.0,92.5,43.75,96.25,6.25,27.5,0.0,0.0,15.0,36.25,0.0,7.5,6.25,18.75,25.0,51.25,SE Louisiana Lions
Nick Caldwell,205.0,399.5,-12.84,83.66834170854271,96.50872817955111,83.67,97.24,46.48,97.74,8.04,30.4,0.0,0.0,16.33,26.88,0.0,12.56,3.02,18.59,19.1,43.21,SE Louisiana Lions
Byron Smith,80.0,152.5,-27.89,76.77419354838709,104.66666666666666,76.77,101.29,47.1,104.52,7.1,28.39,0.0,0.0,23.23,29.68,0.0,8.39,7.1,18.71,18.06,52.91,SE Louisiana Lions
Iziah James,40.0,68.0,7.7,76.19047619047619,68.4931506849315,76.19,79.37,36.51,95.24,7.94,38.1,0.0,0.0,14.29,38.1,0.0,4.76,4.76,19.05,34.92,52.39,SIU Edwardsville Cougars
Sidney Wilson,200.0,381.5,-0.51,85.97883597883597,86.49350649350649,85.98,88.1,47.35,92.06,7.94,25.66,0.0,0.0,12.43,34.66,0.0,8.2,6.88,20.37,24.6,47.09,SIU Edwardsville Cougars
Courtney Carter,800.0,1532.5,-10.25,85.00327439423707,95.25357607282184,85.0,95.94,47.02,94.11,7.47,24.3,0.0,0.0,14.41,30.91,0.0,7.33,5.57,20.3,21.15,45.32,SIU Edwardsville Cougars
Lamar Wright,800.0,1532.5,-10.25,85.00327439423707,95.25357607282184,85.0,95.94,47.02,94.11,7.47,24.3,0.0,0.0,14.41,30.91,0.0,7.33,5.57,20.3,21.15,45.32,SIU Edwardsville Cougars
Carlos Curtis,320.0,619.5,-10.35,90.77669902912622,101.12721417069244,90.78,101.62,48.38,96.44,8.25,23.46,0.0,0.0,18.45,29.45,0.0,7.61,5.5,22.01,17.64,47.9,SIU Edwardsville Cougars
Shamar Wright,760.0,1464.5,-11.2,85.38251366120218,96.58703071672356,85.38,96.65,47.47,94.06,7.45,23.7,0.0,0.0,14.41,30.6,0.0,7.45,5.6,20.36,20.56,45.01,SIU Edwardsville Cougars
Mike Adewunmi,760.0,1458.5,-11.88,83.81542699724518,95.69965870307168,83.82,96.56,46.83,94.7,7.02,24.17,0.0,0.0,14.94,30.51,0.0,7.3,5.58,20.25,21.63,45.45,SIU Edwardsville Cougars
Desmond Polk,320.0,605.5,-12.37,81.35313531353135,93.71900826446281,81.35,93.56,45.87,91.58,7.43,24.59,0.0,0.0,10.23,31.02,0.0,6.6,4.79,18.65,21.45,41.25,SIU Edwardsville Cougars
Yor Anei,40.0,75.5,6.02,87.83783783783784,81.81818181818183,87.84,85.14,43.24,90.54,10.81,28.38,0.0,0.0,20.27,35.14,0.0,5.41,5.41,29.73,24.32,55.41,SMU Mustangs
Isiah Jasey,399.8,772.5,3.59,90.03931847968545,86.44501278772378,90.04,88.6,48.23,95.81,8.78,27.79,0.0,0.0,12.19,34.86,0.0,6.82,6.16,16.38,23.2,47.05,SMU Mustangs
Emmanuel Bandoumel,479.8,939.0,3.11,88.6853448275862,85.57894736842105,88.69,87.61,47.2,95.47,9.16,28.34,0.0,0.0,13.47,33.62,0.0,6.79,5.93,18.0,23.28,47.09,SMU Mustangs
Ethan Chargois,479.8,939.0,3.11,88.6853448275862,85.57894736842105,88.69,87.61,47.2,95.47,9.16,28.34,0.0,0.0,13.47,33.62,0.0,6.79,5.93,18.0,23.28,47.09,SMU Mustangs
Feron Hunt,479.8,939.0,3.11,88.6853448275862,85.57894736842105,88.69,87.61,47.2,95.47,9.16,28.34,0.0,0.0,13.47,33.62,0.0,6.79,5.93,18.0,23.28,47.09,SMU Mustangs
Kendric Davis,479.8,939.0,3.11,88.6853448275862,85.57894736842105,88.69,87.61,47.2,95.47,9.16,28.34,0.0,0.0,13.47,33.62,0.0,6.79,5.93,18.0,23.28,47.09,SMU Mustangs
Darius McNeill,40.0,91.0,-3.3,78.02197802197803,81.31868131868131,78.02,81.32,41.76,96.7,10.99,32.97,0.0,0.0,18.68,21.98,0.0,7.69,4.4,21.98,23.08,40.66,SMU Mustangs
Spencer Monteiro,80.0,146.5,26.54,101.36986301369863,74.82993197278913,101.37,75.34,54.11,99.32,8.9,23.97,0.0,0.0,15.07,34.93,0.0,14.38,3.42,15.75,26.03,50.0,Sacramento State Hornets
Deshaun Highler,45.0,71.5,1.92,80.0,78.08219178082192,80.0,81.43,40.0,102.86,10.0,24.29,0.0,0.0,18.57,35.71,0.0,14.29,0.0,15.71,25.71,54.28,Sacramento State Hornets
David Jones,215.0,374.0,-2.89,91.84782608695652,94.73684210526315,91.85,97.83,50.27,106.52,8.97,26.09,0.0,0.0,18.75,33.42,0.0,8.7,3.26,12.23,26.36,52.17,Sacramento State Hornets
Bryce Fowler,615.0,1124.0,-3.49,95.36128456735058,98.84649511978705,95.36,99.38,51.29,101.43,9.28,24.62,0.0,0.0,14.9,29.97,0.0,9.01,3.21,13.47,24.44,44.87,Sacramento State Hornets
Ethan Esposito,615.0,1124.0,-3.49,95.36128456735058,98.84649511978705,95.36,99.38,51.29,101.43,9.28,24.62,0.0,0.0,14.9,29.97,0.0,9.01,3.21,13.47,24.44,44.87,Sacramento State Hornets
William FitzPatrick,570.0,1052.5,-3.9,96.38439581351093,100.28462998102468,96.38,100.57,52.05,101.33,9.23,24.64,0.0,0.0,14.65,29.59,0.0,8.66,3.43,13.32,24.36,44.24,Sacramento State Hornets
Christian Terrell,440.0,822.5,-5.35,95.74726609963548,101.09489051094891,95.75,100.97,51.03,99.27,8.99,23.94,0.0,0.0,13.37,28.8,0.0,8.99,3.4,14.09,23.57,42.17,Sacramento State Hornets
Brandon Davis,495.0,905.0,-6.96,95.4696132596685,102.43093922651934,95.47,102.43,51.49,101.66,9.72,24.75,0.0,0.0,14.7,28.84,0.0,8.29,2.98,13.04,24.2,43.54,Sacramento State Hornets
Mike Sixsmith,239.6,435.5,-0.44,88.76404494382022,89.2018779342723,88.76,85.39,48.99,98.2,8.76,29.66,0.0,0.0,13.93,36.85,0.0,5.84,3.15,15.73,19.78,50.78,Sacred Heart Pioneers
Cantavio Dutreil,444.6,863.5,-4.54,91.22006841505132,95.76470588235294,91.22,92.82,50.06,97.15,10.26,29.65,0.0,0.0,13.34,31.7,0.0,5.82,2.62,16.19,19.84,45.04,Sacred Heart Pioneers
Matas Spokas,524.6,987.5,-5.49,92.03980099502488,97.52577319587628,92.04,94.13,50.25,97.41,10.25,29.95,0.0,0.0,13.63,31.94,0.0,5.77,2.59,16.22,19.9,45.57,Sacred Heart Pioneers
Alex Watson,604.6,1145.0,-8.08,88.37209302325581,96.45704162976085,88.37,93.8,48.58,97.33,9.56,30.15,0.0,0.0,14.21,32.04,0.0,6.03,2.67,16.88,20.93,46.25,Sacred Heart Pioneers
Tyler Thomas,604.6,1145.0,-8.08,88.37209302325581,96.45704162976085,88.37,93.8,48.58,97.33,9.56,30.15,0.0,0.0,14.21,32.04,0.0,6.03,2.67,16.88,20.93,46.25,Sacred Heart Pioneers
Aaron Clarke,365.0,709.5,-12.72,88.12849162011173,100.85348506401137,88.13,99.02,48.32,96.79,10.06,30.45,0.0,0.0,14.39,29.05,0.0,6.15,2.37,17.6,21.65,43.44,Sacred Heart Pioneers
Bryce Johnson,160.0,281.5,-18.99,79.5774647887324,98.56630824372759,79.58,96.83,44.01,97.89,7.39,31.69,0.0,0.0,16.9,33.1,0.0,6.69,2.82,19.01,24.3,50.0,Sacred Heart Pioneers
Nico Galette,80.0,157.5,-25.19,64.74358974358975,89.937106918239,64.74,91.67,37.82,96.79,5.13,31.41,0.0,0.0,17.95,32.69,0.0,7.69,3.21,21.15,27.56,50.64,Sacred Heart Pioneers
Ryan Daly,205.0,415.5,-5.17,94.58823529411765,99.75369458128078,94.59,95.29,50.12,98.12,13.41,38.59,0.0,0.0,11.29,32.47,0.0,6.82,2.82,13.18,17.65,43.76,Saint Joseph's Hawks
Dahmir Bishop,339.4,669.5,-7.61,86.79817905918058,94.41176470588235,86.8,97.42,43.7,96.21,11.68,36.87,0.0,0.0,14.72,33.69,0.0,7.89,2.73,18.51,22.0,48.41,Saint Joseph's Hawks
Jordan Hall,500.0,982.0,-8.76,89.81670061099797,98.57433808553971,89.82,98.57,45.42,97.25,12.83,39.21,0.0,0.0,12.53,33.2,0.0,8.04,2.24,15.27,19.25,45.73,Saint Joseph's Hawks
Cameron Brown,409.4,822.5,-9.25,90.2676399026764,99.51397326852977,90.27,99.64,46.84,94.89,12.77,37.35,0.0,0.0,12.17,31.87,0.0,7.06,2.68,17.27,18.86,44.04,Saint Joseph's Hawks
Jack Forrest,255.0,495.0,-9.94,88.47736625514403,98.4126984126984,88.48,102.06,42.59,95.47,12.76,39.71,0.0,0.0,12.55,32.3,0.0,9.26,1.85,17.08,20.16,44.85,Saint Joseph's Hawks
Taylor Funk,579.4,1136.5,-10.95,87.90820829655782,98.85964912280701,87.91,99.47,44.75,95.76,12.53,38.22,0.0,0.0,12.71,33.19,0.0,7.41,2.29,16.95,19.42,45.9,Saint Joseph's Hawks
Anton Jansson,40.0,74.0,-12.16,83.78378378378379,95.94594594594594,83.78,95.95,40.54,109.46,9.46,35.14,0.0,0.0,20.27,31.08,0.0,9.46,1.35,10.81,17.57,51.35,Saint Joseph's Hawks
Rahmir Moore,200.0,392.5,-13.67,91.29353233830845,104.96083550913838,91.29,100.0,48.26,95.77,13.68,38.81,0.0,0.0,10.45,31.09,0.0,6.97,1.74,14.68,15.67,41.54,Saint Joseph's Hawks
Anthony Longpre,169.4,320.0,-17.81,78.79746835443038,96.60493827160494,78.8,99.05,40.51,91.14,11.39,36.08,0.0,0.0,14.24,35.44,0.0,6.33,1.9,23.1,22.47,49.68,Saint Joseph's Hawks
Greg Foster Jr.,39.4,82.0,-20.7,73.41772151898735,94.11764705882352,73.42,101.27,41.77,88.61,8.86,30.38,0.0,0.0,18.99,31.65,0.0,1.27,1.27,30.38,26.58,50.64,Saint Joseph's Hawks
Jadrian Tracey,120.0,218.5,-27.34,75.81395348837209,103.15315315315314,75.81,106.51,36.74,93.02,12.09,40.0,0.0,0.0,11.63,39.53,0.0,6.05,2.33,18.6,17.67,51.16,Saint Joseph's Hawks
Myles Douglas,40.0,74.5,-28.63,79.16666666666666,107.79220779220779,79.17,115.28,34.72,91.67,13.89,47.22,0.0,0.0,6.94,40.28,0.0,5.56,1.39,15.28,16.67,47.22,Saint Joseph's Hawks
Joshua Hightower,40.0,70.0,24.51,108.33333333333333,83.82352941176471,108.33,79.17,58.33,104.17,8.33,13.89,0.0,0.0,22.22,31.94,0.0,13.89,4.17,18.06,18.06,54.16,Saint Louis Billikens
Fred Thatch Jr.,120.0,211.5,15.21,95.67307692307693,80.46511627906978,95.67,83.17,48.08,112.02,10.58,39.9,0.0,0.0,28.85,40.87,0.0,8.65,0.96,16.83,22.12,69.72,Saint Louis Billikens
Jimmy Bell Jr.,160.0,288.5,6.62,99.6551724137931,93.03135888501743,99.66,92.07,55.52,104.14,7.24,16.9,0.0,0.0,21.38,35.17,0.0,7.59,4.48,17.24,20.34,56.55,Saint Louis Billikens
Hasahn French,480.0,879.0,6.11,95.096921322691,88.98978433598184,95.1,89.4,51.65,105.36,8.44,26.57,0.0,0.0,21.21,36.49,0.0,8.1,4.45,15.85,22.23,57.7,Saint Louis Billikens
Javonte Perkins,480.0,879.0,6.11,95.096921322691,88.98978433598184,95.1,89.4,51.65,105.36,8.44,26.57,0.0,0.0,21.21,36.49,0.0,8.1,4.45,15.85,22.23,57.7,Saint Louis Billikens
Jordan Goodwin,480.0,879.0,6.11,95.096921322691,88.98978433598184,95.1,89.4,51.65,105.36,8.44,26.57,0.0,0.0,21.21,36.49,0.0,8.1,4.45,15.85,22.23,57.7,Saint Louis Billikens
Gibson Jimerson,320.0,590.5,5.81,92.84497444633732,87.03703703703704,92.84,88.07,49.74,105.96,9.03,31.35,0.0,0.0,21.12,37.14,0.0,8.35,4.43,15.16,23.17,58.26,Saint Louis Billikens
Yuri Collins,320.0,597.5,0.66,93.2998324958124,92.64214046822742,93.3,92.8,52.09,103.18,7.71,23.45,0.0,0.0,18.43,35.51,0.0,7.2,5.7,15.24,22.78,53.94,Saint Louis Billikens
Judah Brown,160.0,275.0,2.77,82.11678832116789,79.34782608695652,82.12,79.93,46.72,101.09,6.57,28.83,0.0,0.0,15.69,37.96,0.0,8.76,4.38,14.6,24.45,53.65,Saint Mary's Gaels
Jabe Mullins,80.0,143.5,-5.4,82.26950354609929,87.67123287671232,82.27,90.78,44.68,99.29,7.8,27.66,0.0,0.0,12.77,37.59,0.0,9.22,2.84,13.48,25.53,50.36,Saint Mary's Gaels
Dan Fotu,480.0,877.0,-6.07,80.91954022988506,86.99095022624435,80.92,88.39,44.83,95.98,6.78,26.78,0.0,0.0,11.38,33.33,0.0,8.28,4.14,15.4,23.79,44.71,Saint Mary's Gaels
Logan Johnson,480.0,877.0,-6.07,80.91954022988506,86.99095022624435,80.92,88.39,44.83,95.98,6.78,26.78,0.0,0.0,11.38,33.33,0.0,8.28,4.14,15.4,23.79,44.71,Saint Mary's Gaels
Matthias Tass,480.0,877.0,-6.07,80.91954022988506,86.99095022624435,80.92,88.39,44.83,95.98,6.78,26.78,0.0,0.0,11.38,33.33,0.0,8.28,4.14,15.4,23.79,44.71,Saint Mary's Gaels
Tommy Kuhse,480.0,877.0,-6.07,80.91954022988506,86.99095022624435,80.92,88.39,44.83,95.98,6.78,26.78,0.0,0.0,11.38,33.33,0.0,8.28,4.14,15.4,23.79,44.71,Saint Mary's Gaels
Kyle Bowen,240.0,458.5,-11.56,79.78021978021978,91.34199134199135,79.78,92.75,43.74,91.87,6.59,25.27,0.0,0.0,8.35,29.23,0.0,7.69,4.4,16.48,22.86,37.58,Saint Mary's Gaels
Noah Kamba,40.0,64.5,27.74,103.125,75.38461538461539,103.12,76.56,51.56,106.25,14.06,31.25,0.0,0.0,18.75,43.75,0.0,9.38,7.81,12.5,29.69,62.5,Saint Peter's Peacocks
Dallas Watson,80.0,146.0,15.82,85.41666666666666,69.5945945945946,85.42,71.53,47.22,98.61,6.94,24.31,0.0,0.0,18.06,43.06,0.0,9.72,6.25,19.44,28.47,61.12,Saint Peter's Peacocks
Fousseyni Drame,360.0,677.0,6.09,87.36842105263159,81.27721335268505,87.37,84.21,46.47,96.09,9.32,27.67,0.0,0.0,16.09,35.34,0.0,9.62,7.67,20.0,25.26,51.43,Saint Peter's Peacocks
KC Ndefo,759.8,1436.5,5.52,82.3157894736842,76.79558011049724,82.32,78.04,46.25,97.33,8.07,25.4,0.0,0.0,17.12,35.65,0.0,10.39,7.3,19.79,26.53,52.77,Saint Peter's Peacocks
Daryl Banks III,799.8,1512.0,4.74,82.12141427618413,77.37704918032787,82.12,78.72,46.03,97.13,7.87,25.35,0.0,0.0,16.81,35.69,0.0,10.34,7.4,19.68,26.28,52.5,Saint Peter's Peacocks
Tarojae Brake,399.8,748.0,4.21,78.7716955941255,74.56492637215528,78.77,74.37,45.93,98.13,6.68,22.83,0.0,0.0,17.62,36.72,0.0,10.81,7.08,19.49,27.64,54.34,Saint Peter's Peacocks
Matthew Lee,759.8,1447.5,3.72,81.18466898954703,77.46575342465754,81.18,78.82,45.78,96.72,7.6,25.09,0.0,0.0,16.72,35.33,0.0,10.38,7.39,20.0,26.13,52.05,Saint Peter's Peacocks
Doug Edert,320.0,618.0,2.94,85.47854785478548,82.53968253968253,85.48,85.81,45.87,95.54,9.57,28.71,0.0,0.0,15.51,32.67,0.0,9.9,8.09,19.97,24.09,48.18,Saint Peter's Peacocks
Hassan Drame,479.8,910.5,2.62,77.97356828193833,75.35596933187296,77.97,75.77,45.37,97.58,6.5,23.57,0.0,0.0,16.85,36.01,0.0,10.79,7.38,19.27,26.65,52.86,Saint Peter's Peacocks
Demarkus Lampley,639.9,1300.0,13.34,98.67601246105919,85.33434650455926,98.68,87.46,50.55,98.05,12.31,34.03,0.0,0.0,14.88,31.46,0.0,10.05,4.05,16.82,25.16,46.34,Sam Houston Bearkats
Donte Powers,679.9,1374.5,13.05,97.93966151582045,84.89208633093526,97.94,86.83,50.48,98.45,12.07,33.41,0.0,0.0,15.67,32.01,0.0,9.86,4.05,17.22,25.02,47.68,Sam Houston Bearkats
Javion May,679.9,1374.5,13.05,97.93966151582045,84.89208633093526,97.94,86.83,50.48,98.45,12.07,33.41,0.0,0.0,15.67,32.01,0.0,9.86,4.05,17.22,25.02,47.68,Sam Houston Bearkats
Tristan Ikpe,679.9,1374.5,13.05,97.93966151582045,84.89208633093526,97.94,86.83,50.48,98.45,12.07,33.41,0.0,0.0,15.67,32.01,0.0,9.86,4.05,17.22,25.02,47.68,Sam Houston Bearkats
Zach Nutall,679.9,1374.5,13.05,97.93966151582045,84.89208633093526,97.94,86.83,50.48,98.45,12.07,33.41,0.0,0.0,15.67,32.01,0.0,9.86,4.05,17.22,25.02,47.68,Sam Houston Bearkats
Jarren Cook,40.0,74.5,8.31,85.33333333333334,77.02702702702703,85.33,76.0,49.33,105.33,8.0,22.67,0.0,0.0,29.33,41.33,0.0,6.67,4.0,24.0,22.67,70.66,Sam Houston Bearkats
Christian Guess,80.0,168.0,0.89,87.95180722891565,87.05882352941177,87.95,89.16,46.99,90.96,9.04,25.3,0.0,0.0,11.45,31.33,0.0,11.45,4.82,20.48,27.71,42.78,Samford Bulldogs
Richardson Maitre,330.0,674.0,-6.8,88.04185351270553,94.84536082474226,88.04,96.26,47.53,95.67,7.92,27.5,0.0,0.0,16.29,32.74,0.0,8.97,3.14,20.63,25.41,49.03,Samford Bulldogs
Triston Chambers,240.0,487.0,-7.06,91.7184265010352,98.77800407331976,91.72,100.41,49.07,100.0,8.9,29.81,0.0,0.0,18.84,31.88,0.0,9.73,2.69,18.84,25.88,50.72,Samford Bulldogs
Jacob Tryon,320.0,650.0,-9.98,87.88819875776397,97.86585365853658,87.89,99.69,46.74,97.98,8.85,29.66,0.0,0.0,17.55,32.92,0.0,9.16,3.42,19.57,25.31,50.47,Samford Bulldogs
A.J. Staton-McCray,455.0,911.5,-11.11,85.93406593406593,97.04271631982475,85.93,97.36,46.04,95.16,8.13,28.13,0.0,0.0,15.93,32.53,0.0,8.9,3.19,20.77,23.85,48.46,Samford Bulldogs
Stanley Henderson Jr.,40.0,79.5,-11.49,89.74358974358975,101.23456790123457,89.74,105.13,46.15,100.0,8.97,35.9,0.0,0.0,19.23,34.62,0.0,3.85,2.56,19.23,28.21,53.85,Samford Bulldogs
Jalen Dupree,245.0,484.5,-13.49,86.51452282157676,100.0,86.51,101.04,45.85,98.34,8.51,31.74,0.0,0.0,17.01,31.95,0.0,9.13,2.9,18.67,22.2,48.96,Samford Bulldogs
Jaron Rillie,255.0,506.5,-17.79,78.06324110671937,95.85798816568047,78.06,96.05,41.7,91.5,7.31,29.05,0.0,0.0,12.65,33.6,0.0,7.91,3.56,21.15,21.15,46.25,Samford Bulldogs
Logan Dye,215.0,426.0,-20.36,77.51756440281031,97.88235294117648,77.52,97.42,41.92,93.21,7.03,29.74,0.0,0.0,13.58,33.26,0.0,7.96,3.04,20.37,20.37,46.84,Samford Bulldogs
Preston Parks,215.0,426.0,-20.36,77.51756440281031,97.88235294117648,77.52,97.42,41.92,93.21,7.03,29.74,0.0,0.0,13.58,33.26,0.0,7.96,3.04,20.37,20.37,46.84,Samford Bulldogs
Marcellus Vail,80.0,154.5,-26.06,78.43137254901961,104.48717948717949,78.43,106.54,39.87,96.73,8.5,36.6,0.0,0.0,13.73,33.99,0.0,9.15,1.31,16.99,18.95,47.72,Samford Bulldogs
Lamont Butler,80.0,148.0,41.01,124.3421052631579,83.33333333333334,124.34,78.95,61.18,110.53,19.08,38.82,0.0,0.0,29.61,28.95,0.0,12.5,2.63,19.08,23.68,58.56,San Diego State Aztecs
Terrell Gomez,565.0,1061.0,22.67,103.0841121495327,80.41825095057035,103.08,79.07,55.79,103.55,11.03,28.6,0.0,0.0,17.2,34.95,0.0,11.21,3.08,13.64,25.14,52.15,San Diego State Aztecs
Nathan Mensah,725.0,1355.0,18.36,99.85283296541574,81.49518874907476,99.85,81.02,53.64,101.18,11.11,28.92,0.0,0.0,16.04,34.88,0.0,10.6,3.38,14.86,25.02,50.92,San Diego State Aztecs
Jordan Schakel,765.0,1430.0,17.55,98.88501742160278,81.33333333333333,98.89,80.77,53.17,100.98,10.87,28.64,0.0,0.0,15.89,34.77,0.0,10.59,3.41,14.91,25.23,50.66,San Diego State Aztecs
Trey Pulliam,765.0,1430.0,17.55,98.88501742160278,81.33333333333333,98.89,80.77,53.17,100.98,10.87,28.64,0.0,0.0,15.89,34.77,0.0,10.59,3.41,14.91,25.23,50.66,San Diego State Aztecs
Matt Mitchell,605.0,1126.5,14.57,96.3620230700976,81.79396092362344,96.36,81.72,52.09,97.96,10.2,27.15,0.0,0.0,12.87,35.76,0.0,10.12,3.55,14.91,25.2,48.63,San Diego State Aztecs
Adam Seiko,240.0,446.0,7.62,89.91031390134529,82.28699551569507,89.91,82.29,49.1,100.22,9.87,29.6,0.0,0.0,16.59,34.3,0.0,10.09,4.04,16.37,24.89,50.89,San Diego State Aztecs
Joshua Tomaic,40.0,75.0,3.2,81.57894736842105,78.37837837837837,81.58,76.32,44.74,97.37,6.58,23.68,0.0,0.0,13.16,32.89,0.0,10.53,3.95,15.79,28.95,46.05,San Diego State Aztecs
Aguek Arop,40.0,78.5,0.62,78.66666666666666,78.04878048780488,78.67,85.33,40.0,94.67,8.0,25.33,0.0,0.0,10.67,32.0,0.0,8.0,4.0,16.0,32.0,42.67,San Diego State Aztecs
Taavi Jurkatamm,520.0,985.0,4.19,92.15481171548117,87.96844181459566,92.15,93.31,44.77,95.71,13.18,40.38,0.0,0.0,11.92,31.69,0.0,10.46,4.39,16.21,25.42,43.61,San Francisco Dons
Dzmitry Ryuny,600.0,1130.0,2.27,92.66304347826086,90.39792387543253,92.66,94.66,45.56,97.19,12.86,40.58,0.0,0.0,12.5,30.89,0.0,10.14,4.17,15.31,24.82,43.39,San Francisco Dons
Jamaree Bouyea,600.0,1130.0,2.27,92.66304347826086,90.39792387543253,92.66,94.66,45.56,97.19,12.86,40.58,0.0,0.0,12.5,30.89,0.0,10.14,4.17,15.31,24.82,43.39,San Francisco Dons
Josh Kunen,600.0,1130.0,2.27,92.66304347826086,90.39792387543253,92.66,94.66,45.56,97.19,12.86,40.58,0.0,0.0,12.5,30.89,0.0,10.14,4.17,15.31,24.82,43.39,San Francisco Dons
Khalil Shabazz,600.0,1130.0,2.27,92.66304347826086,90.39792387543253,92.66,94.66,45.56,97.19,12.86,40.58,0.0,0.0,12.5,30.89,0.0,10.14,4.17,15.31,24.82,43.39,San Francisco Dons
Jonas Visser,80.0,145.0,-11.8,95.94594594594594,107.74647887323943,95.95,103.38,50.68,106.76,10.81,41.89,0.0,0.0,16.22,25.68,0.0,8.11,2.7,9.46,20.95,41.9,San Francisco Dons
Michael Ofoegbu,40.0,71.0,-6.83,88.88888888888889,95.71428571428572,88.89,93.06,43.06,95.83,12.5,36.11,0.0,0.0,11.11,33.33,0.0,4.17,4.17,15.28,19.44,44.44,San José State Spartans
Trey Smith,360.0,688.0,-13.34,87.66519823788546,101.00719424460432,87.67,103.08,45.37,93.69,11.31,30.84,0.0,0.0,10.28,34.07,0.0,4.99,2.64,16.59,22.76,44.35,San José State Spartans
Caleb Simmons,160.0,291.5,-13.69,83.21917808219177,96.90721649484536,83.22,96.58,44.18,92.47,10.96,31.85,0.0,0.0,10.96,40.07,0.0,5.48,3.08,18.49,21.92,51.03,San José State Spartans
Nate Lacewell,200.0,391.0,-20.31,86.49350649350649,106.80100755667506,86.49,110.13,43.38,94.03,10.65,29.61,0.0,0.0,10.91,30.39,0.0,5.71,3.9,16.88,20.52,41.3,San José State Spartans
Ralph Gonzales-Agee,480.0,941.0,-20.35,82.49194414607949,102.83911671924291,82.49,105.05,43.29,94.74,9.99,29.43,0.0,0.0,11.39,33.4,0.0,5.91,3.33,16.65,21.37,44.79,San José State Spartans
Jalen Dalcourt,280.0,520.0,-21.57,82.08092485549133,103.6468330134357,82.08,104.05,42.58,94.99,10.21,31.41,0.0,0.0,12.33,36.22,0.0,6.36,3.66,17.34,19.27,48.55,San José State Spartans
Omari Moore,560.0,1100.5,-22.18,81.79322964318389,103.97111913357399,81.79,105.4,42.73,95.33,9.88,29.83,0.0,0.0,11.71,32.66,0.0,5.67,3.66,16.38,20.68,44.37,San José State Spartans
Sebastian Mendoza,160.0,329.5,-23.27,78.52760736196319,101.8018018018018,78.53,103.99,42.33,97.85,8.9,28.53,0.0,0.0,12.27,30.98,0.0,6.13,3.07,14.42,21.47,43.25,San José State Spartans
Richard Washington,360.0,713.5,-24.03,84.84419263456091,108.87656033287101,84.84,111.19,43.2,96.6,10.2,30.17,0.0,0.0,11.9,29.46,0.0,5.52,3.54,15.3,19.83,41.36,San José State Spartans
Hugo Clarkin,80.0,184.0,-43.3,61.62162162162163,104.91803278688525,61.62,103.78,35.68,97.84,5.41,24.86,0.0,0.0,14.05,29.19,0.0,5.95,6.49,16.22,18.92,43.24,San José State Spartans
Seneca Knight,80.0,184.0,-43.3,61.62162162162163,104.91803278688525,61.62,103.78,35.68,97.84,5.41,24.86,0.0,0.0,14.05,29.19,0.0,5.95,6.49,16.22,18.92,43.24,San José State Spartans
Chase Courtney,40.0,88.5,-54.1,68.88888888888889,122.98850574712642,68.89,118.89,36.67,101.11,6.67,28.89,0.0,0.0,15.56,24.44,0.0,4.44,6.67,14.44,14.44,40.0,San José State Spartans
Keshawn Justice,280.0,550.0,-3.07,91.57706093189965,94.64944649446494,91.58,91.94,51.61,94.98,8.6,23.48,0.0,0.0,9.14,34.59,0.0,3.76,3.41,14.16,20.07,43.73,Santa Clara Broncos
Giordan Williams,80.0,174.0,-5.75,92.52873563218391,98.27586206896551,92.53,98.28,52.3,97.7,7.47,21.84,0.0,0.0,12.07,27.59,0.0,6.9,4.02,14.37,24.71,39.66,Santa Clara Broncos
Christian Carlyle,480.0,961.0,-6.81,88.14432989690721,94.9579831932773,88.14,93.2,50.21,94.43,7.73,21.75,0.0,0.0,10.41,33.2,0.0,4.64,3.92,15.98,22.06,43.61,Santa Clara Broncos
Guglielmo Caruso,480.0,961.0,-6.81,88.14432989690721,94.9579831932773,88.14,93.2,50.21,94.43,7.73,21.75,0.0,0.0,10.41,33.2,0.0,4.64,3.92,15.98,22.06,43.61,Santa Clara Broncos
Jalen Williams,480.0,961.0,-6.81,88.14432989690721,94.9579831932773,88.14,93.2,50.21,94.43,7.73,21.75,0.0,0.0,10.41,33.2,0.0,4.64,3.92,15.98,22.06,43.61,Santa Clara Broncos
Josip Vrankic,480.0,961.0,-6.81,88.14432989690721,94.9579831932773,88.14,93.2,50.21,94.43,7.73,21.75,0.0,0.0,10.41,33.2,0.0,4.64,3.92,15.98,22.06,43.61,Santa Clara Broncos
DJ Mitchell,120.0,237.0,-16.33,76.89075630252101,93.22033898305084,76.89,92.44,45.38,90.76,5.88,17.65,0.0,0.0,12.18,34.03,0.0,5.04,5.04,21.43,24.79,46.21,Santa Clara Broncos
Jared Pearre,40.0,85.5,6.17,92.6829268292683,86.51685393258427,92.68,93.9,46.34,104.88,13.41,41.46,0.0,0.0,19.51,35.37,0.0,7.32,6.1,14.63,28.05,54.88,Seattle U Redhawks
Aaron Nettles,165.0,345.0,2.98,87.57225433526011,84.59302325581395,87.57,84.1,49.71,102.31,10.98,32.95,0.0,0.0,16.47,28.9,0.0,9.83,4.05,14.16,26.01,45.37,Seattle U Redhawks
Nate Robinson,280.0,562.5,-1.36,87.14788732394366,88.50987432675045,87.15,86.8,48.94,101.06,9.15,29.23,0.0,0.0,15.49,27.29,0.0,10.04,2.82,14.44,23.59,42.78,Seattle U Redhawks
Darrion Trammell,405.0,820.5,-2.04,87.28813559322035,89.32515337423312,87.29,88.14,49.27,102.18,9.69,30.63,0.0,0.0,15.98,27.24,0.0,9.56,3.27,13.8,24.7,43.22,Seattle U Redhawks
Emeka Udenyi,405.0,820.5,-2.04,87.28813559322035,89.32515337423312,87.29,88.14,49.27,102.18,9.69,30.63,0.0,0.0,15.98,27.24,0.0,9.56,3.27,13.8,24.7,43.22,Seattle U Redhawks
Kobe Williamson,405.0,820.5,-2.04,87.28813559322035,89.32515337423312,87.29,88.14,49.27,102.18,9.69,30.63,0.0,0.0,15.98,27.24,0.0,9.56,3.27,13.8,24.7,43.22,Seattle U Redhawks
Riley Grigsby,325.0,648.0,-6.38,86.58536585365853,92.96875,86.59,90.7,49.7,102.74,8.99,29.27,0.0,0.0,15.7,25.3,0.0,9.3,2.9,12.96,24.54,41.0,Seattle U Redhawks
Ike Obiagu,770.0,1446.5,1.11,90.69767441860465,89.58770090845563,90.7,87.69,49.52,97.4,8.41,27.43,0.0,0.0,13.68,32.83,0.0,7.73,5.68,16.28,21.27,46.51,Seton Hall Pirates
Jared Rhoden,810.0,1524.5,-1.78,89.31347150259067,91.09634551495016,89.31,88.8,49.03,97.28,8.16,27.14,0.0,0.0,13.8,32.19,0.0,7.97,5.63,16.52,20.79,45.99,Seton Hall Pirates
Myles Cale,810.0,1524.5,-1.78,89.31347150259067,91.09634551495016,89.31,88.8,49.03,97.28,8.16,27.14,0.0,0.0,13.8,32.19,0.0,7.97,5.63,16.52,20.79,45.99,Seton Hall Pirates
Sandro Mamukelashvili,810.0,1524.5,-1.78,89.31347150259067,91.09634551495016,89.31,88.8,49.03,97.28,8.16,27.14,0.0,0.0,13.8,32.19,0.0,7.97,5.63,16.52,20.79,45.99,Seton Hall Pirates
Shavar Reynolds,810.0,1524.5,-1.78,89.31347150259067,91.09634551495016,89.31,88.8,49.03,97.28,8.16,27.14,0.0,0.0,13.8,32.19,0.0,7.97,5.63,16.52,20.79,45.99,Seton Hall Pirates
Takal Molson,40.0,78.0,-55.64,64.63414634146342,120.27027027027026,64.63,108.54,40.24,95.12,3.66,21.95,0.0,0.0,15.85,20.73,0.0,12.2,4.88,20.73,12.2,36.58,Seton Hall Pirates
Kyle Young,280.0,531.5,4.72,93.86617100371747,89.14285714285714,93.87,86.99,51.12,97.03,10.41,26.95,0.0,0.0,12.83,34.76,0.0,7.25,2.97,15.8,20.63,47.59,Siena Saints
Nick Hopkins,440.0,806.5,4.21,89.119804400978,84.90566037735849,89.12,82.52,49.02,97.19,9.17,26.65,0.0,0.0,13.57,35.94,0.0,7.82,3.55,16.38,21.15,49.51,Siena Saints
Jalen Pickett,560.0,1023.5,3.16,86.95652173913044,83.79446640316206,86.96,81.93,47.92,96.14,8.02,24.93,0.0,0.0,13.24,34.98,0.0,7.92,5.12,17.1,22.03,48.22,Siena Saints
Jordan King,680.0,1242.5,2.86,89.05630452022204,86.19281045751634,89.06,83.66,48.93,95.72,8.56,24.9,0.0,0.0,13.16,35.21,0.0,7.45,4.44,17.45,21.02,48.37,Siena Saints
Manny Camper,680.0,1242.5,2.86,89.05630452022204,86.19281045751634,89.06,83.66,48.93,95.72,8.56,24.9,0.0,0.0,13.16,35.21,0.0,7.45,4.44,17.45,21.02,48.37,Siena Saints
Jackson Stormo,400.0,711.0,1.5,85.47717842323651,83.97711015736766,85.48,81.19,47.3,94.74,7.19,23.37,0.0,0.0,13.42,35.55,0.0,7.61,5.53,18.67,21.3,48.97,Siena Saints
Colin Golson Jr.,160.0,291.0,0.54,86.00682593856655,85.46712802768167,86.01,84.3,47.44,91.81,7.17,22.18,0.0,0.0,10.92,34.13,0.0,8.87,4.78,19.11,21.16,45.05,Siena Saints
Aidan Carpenter,200.0,364.0,0.48,97.07446808510637,96.5909090909091,97.07,90.43,52.66,94.41,9.84,23.14,0.0,0.0,13.83,35.11,0.0,4.26,4.26,19.41,17.82,48.94,Siena Saints
Sam Iorio,160.0,300.0,15.09,94.35215946843853,79.26421404682274,94.35,78.74,50.5,95.35,11.63,27.91,0.0,0.0,14.62,41.2,0.0,8.31,4.65,19.27,20.93,55.82,South Alabama Jaguars
John Pettway,725.0,1347.5,1.01,94.23076923076923,93.2241250930752,94.23,92.6,49.04,100.52,12.65,36.09,0.0,0.0,15.98,35.28,0.0,8.06,4.96,15.46,20.56,51.26,South Alabama Jaguars
Michael Flowers,725.0,1347.5,1.01,94.23076923076923,93.2241250930752,94.23,92.6,49.04,100.52,12.65,36.09,0.0,0.0,15.98,35.28,0.0,8.06,4.96,15.46,20.56,51.26,South Alabama Jaguars
Kayo Goncalves,685.0,1273.5,0.96,93.36973478939157,92.41106719367589,93.37,91.19,48.91,100.78,12.48,36.19,0.0,0.0,15.99,35.18,0.0,8.03,4.68,15.21,20.36,51.17,South Alabama Jaguars
Tyreke Locure,640.0,1192.0,0.48,93.36134453781513,92.88107202680067,93.36,93.19,48.15,100.76,12.61,36.72,0.0,0.0,15.88,35.71,0.0,8.07,5.21,15.13,21.01,51.59,South Alabama Jaguars
Jamal West,485.0,897.5,0.12,95.32293986636972,95.20624303232998,95.32,95.1,49.44,102.78,12.92,38.98,0.0,0.0,16.82,34.41,0.0,7.91,5.23,14.03,20.27,51.23,South Alabama Jaguars
KK Curry,205.0,379.5,-6.33,97.14285714285714,103.475935828877,97.14,100.52,50.13,97.66,13.51,33.51,0.0,0.0,15.32,31.69,0.0,8.31,4.68,17.66,20.26,47.01,South Alabama Jaguars
Jermaine Couisnard,400.0,854.5,-1.0,89.19239904988123,90.19607843137256,89.19,92.87,47.15,99.88,8.91,28.5,0.0,0.0,18.05,27.2,0.0,10.93,5.23,18.17,23.52,45.25,South Carolina Gamecocks
Seventh Woods,480.0,1023.5,-3.3,89.48412698412699,92.78152069297401,89.48,95.63,47.42,99.8,9.13,28.47,0.0,0.0,17.66,26.98,0.0,10.52,5.06,17.86,23.71,44.64,South Carolina Gamecocks
Wildens Leveque,560.0,1178.0,-5.74,86.98275862068967,92.7257525083612,86.98,95.6,46.55,100.0,8.45,27.5,0.0,0.0,17.24,26.81,0.0,10.09,5.09,17.24,23.36,44.05,South Carolina Gamecocks
Justin Minaya,600.0,1282.0,-6.06,85.62401263823065,91.67950693374422,85.62,94.0,45.66,99.05,7.82,26.46,0.0,0.0,16.35,27.49,0.0,10.43,4.9,17.3,22.35,43.84,South Carolina Gamecocks
A.J. Lawson,680.0,1451.0,-7.09,86.24301675977654,93.33333333333333,86.24,95.81,46.02,99.09,8.1,26.68,0.0,0.0,16.27,27.3,0.0,10.2,4.82,17.18,22.63,43.57,South Carolina Gamecocks
Tre-Vaughn Minott,120.0,273.0,-12.9,83.08823529411765,95.98540145985402,83.09,96.69,43.75,95.22,6.62,23.16,0.0,0.0,12.13,29.41,0.0,10.66,3.68,16.91,19.49,41.54,South Carolina Gamecocks
Trey Anderson,40.0,85.5,-13.21,90.12345679012346,103.33333333333334,90.12,114.81,45.68,95.06,12.35,29.63,0.0,0.0,17.28,24.69,0.0,13.58,3.7,22.22,28.4,41.97,South Carolina Gamecocks
Keyshawn Bryant,200.0,442.0,-13.7,86.0730593607306,99.77578475336323,86.07,101.6,45.66,96.8,7.99,25.11,0.0,0.0,13.47,28.08,0.0,9.82,3.88,16.67,21.46,41.55,South Carolina Gamecocks
T.J. Moss,200.0,427.5,-16.13,78.5377358490566,94.66357308584686,78.54,96.23,42.69,97.41,5.66,22.41,0.0,0.0,12.97,28.07,0.0,9.43,4.25,15.57,20.05,41.04,South Carolina Gamecocks
Nathan Nelson,80.0,160.5,-18.29,79.24528301886792,97.53086419753086,79.25,99.37,44.03,101.26,6.92,27.67,0.0,0.0,13.84,25.79,0.0,6.29,5.66,12.58,20.13,39.63,South Carolina Gamecocks
Jalyn McCreary,40.0,77.5,-23.06,75.64102564102564,98.7012987012987,75.64,97.44,46.15,103.85,2.56,14.1,0.0,0.0,15.38,26.92,0.0,5.13,3.85,11.54,23.08,42.3,South Carolina Gamecocks
Tariq Simmons,40.0,74.5,-0.2,85.13513513513513,85.33333333333334,85.14,86.49,45.95,94.59,8.11,27.03,0.0,0.0,18.92,44.59,0.0,2.7,5.41,24.32,28.38,63.51,South Carolina State Bulldogs
Jemal Davis,80.0,161.0,-9.32,86.95652173913044,96.27329192546584,86.96,96.27,47.83,91.93,8.07,26.71,0.0,0.0,13.66,31.06,0.0,6.83,5.59,21.74,23.6,44.72,South Carolina State Bulldogs
Majok Madol,80.0,161.0,-9.32,86.95652173913044,96.27329192546584,86.96,96.27,47.83,91.93,8.07,26.71,0.0,0.0,13.66,31.06,0.0,6.83,5.59,21.74,23.6,44.72,South Carolina State Bulldogs
Omer Croskey,80.0,161.0,-9.32,86.95652173913044,96.27329192546584,86.96,96.27,47.83,91.93,8.07,26.71,0.0,0.0,13.66,31.06,0.0,6.83,5.59,21.74,23.6,44.72,South Carolina State Bulldogs
Themus Fulks,80.0,161.0,-9.32,86.95652173913044,96.27329192546584,86.96,96.27,47.83,91.93,8.07,26.71,0.0,0.0,13.66,31.06,0.0,6.83,5.59,21.74,23.6,44.72,South Carolina State Bulldogs
Rahsaan Edwards,40.0,86.5,-17.31,88.50574712643679,105.8139534883721,88.51,104.6,49.43,89.66,8.05,26.44,0.0,0.0,9.2,19.54,0.0,10.34,5.75,19.54,19.54,28.74,South Carolina State Bulldogs
Quentin Hodge,80.0,145.0,5.06,85.61643835616438,80.55555555555556,85.62,79.45,45.21,90.41,10.96,30.82,0.0,0.0,12.33,29.45,0.0,13.01,2.74,21.92,25.34,41.78,South Carolina Upstate Spartans
Dalvin White,600.0,1109.0,-4.73,86.93284936479128,91.66666666666666,86.93,92.83,46.82,94.37,9.17,29.49,0.0,0.0,12.16,32.3,0.0,8.35,3.36,17.79,24.32,44.46,South Carolina Upstate Spartans
Nevin Zink,600.0,1109.0,-4.73,86.93284936479128,91.66666666666666,86.93,92.83,46.82,94.37,9.17,29.49,0.0,0.0,12.16,32.3,0.0,8.35,3.36,17.79,24.32,44.46,South Carolina Upstate Spartans
Bryson Mozone,240.0,442.5,-7.51,87.91946308724832,95.4337899543379,87.92,93.51,46.76,95.3,11.41,34.68,0.0,0.0,12.98,33.33,0.0,6.71,4.7,17.67,23.04,46.31,South Carolina Upstate Spartans
Everette Hammond,640.0,1210.0,-8.73,87.45874587458746,96.19205298013244,87.46,95.87,47.03,93.07,9.82,29.95,0.0,0.0,11.3,31.27,0.0,7.76,3.22,18.23,23.84,42.57,South Carolina Upstate Spartans
Tommy Bruner,600.0,1133.5,-10.52,87.19081272084806,97.70925110132158,87.19,97.97,47.0,93.9,9.45,29.59,0.0,0.0,11.57,31.54,0.0,7.16,3.45,17.67,24.12,43.11,South Carolina Upstate Spartans
Josh Aldrich,520.0,990.0,-12.29,86.00405679513185,98.28973843058351,86.0,99.09,46.55,92.49,8.92,27.79,0.0,0.0,10.95,29.82,0.0,7.91,2.94,18.46,25.25,40.77,South Carolina Upstate Spartans
Mysta Goodloe,40.0,84.0,-28.78,88.50574712643679,117.28395061728396,88.51,109.2,45.98,90.8,11.49,26.44,0.0,0.0,11.49,25.29,0.0,6.9,3.45,20.69,24.14,36.78,South Carolina Upstate Spartans
Khydarius Smith,80.0,169.5,-36.43,87.5,123.92638036809815,87.5,114.77,46.59,88.07,12.5,31.25,0.0,0.0,8.52,25.0,0.0,4.55,3.41,20.45,23.86,33.52,South Carolina Upstate Spartans
Mason Archambault,80.0,161.0,10.3,100.0,89.6969696969697,100.0,94.27,56.05,93.63,10.19,22.29,0.0,0.0,8.92,32.48,0.0,3.18,2.55,15.29,27.39,41.4,South Dakota Coyotes
A.J. Plitzuweit,680.0,1332.0,9.66,100.52710843373494,90.86826347305389,100.53,91.42,54.29,97.74,10.47,25.23,0.0,0.0,10.77,37.58,0.0,5.8,3.01,13.03,24.17,48.35,South Dakota Coyotes
Tasos Kamateros,760.0,1493.0,9.2,100.87542087542087,91.67221852098601,100.88,92.66,54.95,96.9,10.57,24.71,0.0,0.0,10.1,36.9,0.0,5.72,2.83,13.2,24.58,47.0,South Dakota Coyotes
Kruz Perrott-Hunt,800.0,1568.0,8.75,100.70603337612323,91.95183776932826,100.71,93.13,54.62,97.18,10.59,24.9,0.0,0.0,10.27,36.59,0.0,5.65,2.82,13.09,24.71,46.86,South Dakota Coyotes
Stanley Umude,800.0,1568.0,8.75,100.70603337612323,91.95183776932826,100.71,93.13,54.62,97.18,10.59,24.9,0.0,0.0,10.27,36.59,0.0,5.65,2.82,13.09,24.71,46.86,South Dakota Coyotes
Xavier Fuller,800.0,1568.0,8.75,100.70603337612323,91.95183776932826,100.71,93.13,54.62,97.18,10.59,24.9,0.0,0.0,10.27,36.59,0.0,5.65,2.82,13.09,24.71,46.86,South Dakota Coyotes
Brady Heiman,40.0,75.0,-0.14,97.26027397260275,97.40259740259741,97.26,102.74,47.95,102.74,10.96,28.77,0.0,0.0,13.7,30.14,0.0,4.11,2.74,10.96,27.4,43.84,South Dakota Coyotes
Kanon Koster,40.0,75.0,-10.1,105.47945205479452,115.5844155844156,105.48,121.92,57.53,94.52,13.7,24.66,0.0,0.0,4.11,27.4,0.0,8.22,0.0,9.59,28.77,31.51,South Dakota Coyotes
David Wingett,200.0,401.0,6.57,98.76543209876543,92.19143576826197,98.77,90.37,55.56,99.26,9.88,28.15,0.0,0.0,11.85,35.8,0.0,5.93,5.19,12.59,20.74,47.65,South Dakota State Jackrabbits
Douglas Wilson,520.0,1043.0,6.4,100.56764427625356,94.16909620991254,100.57,91.67,55.72,97.54,9.56,22.52,0.0,0.0,13.34,34.72,0.0,7.28,3.69,15.8,20.91,48.06,South Dakota State Jackrabbits
Alex Arians,680.0,1360.5,4.64,99.4198694706309,94.7839046199702,99.42,92.24,55.4,97.53,9.43,24.0,0.0,0.0,12.62,34.74,0.0,6.96,4.13,15.08,20.45,47.36,South Dakota State Jackrabbits
Baylor Scheierman,680.0,1360.5,4.64,99.4198694706309,94.7839046199702,99.42,92.24,55.4,97.53,9.43,24.0,0.0,0.0,12.62,34.74,0.0,6.96,4.13,15.08,20.45,47.36,South Dakota State Jackrabbits
Matt Dentlinger,680.0,1360.5,4.64,99.4198694706309,94.7839046199702,99.42,92.24,55.4,97.53,9.43,24.0,0.0,0.0,12.62,34.74,0.0,6.96,4.13,15.08,20.45,47.36,South Dakota State Jackrabbits
Charlie Easley,320.0,618.0,3.38,102.04081632653062,98.6644407345576,102.04,92.78,57.93,96.23,8.01,19.47,0.0,0.0,12.72,32.65,0.0,6.75,3.77,16.48,18.84,45.37,South Dakota State Jackrabbits
Noah Freidel,320.0,659.0,1.67,95.44764795144158,93.77845220030349,95.45,93.78,52.35,97.72,10.32,28.22,0.0,0.0,11.84,36.12,0.0,7.28,4.55,14.11,21.09,47.96,South Dakota State Jackrabbits
Rashun Williams,160.0,299.0,-5.69,86.95652173913044,92.64214046822742,86.96,92.64,45.82,99.33,9.03,26.76,0.0,0.0,16.72,37.46,0.0,6.69,5.35,17.39,19.4,54.18,South Florida Bulls
Michael Durr,525.0,983.5,-6.76,84.74747474747475,91.50460593654043,84.75,90.3,46.26,100.3,8.89,26.67,0.0,0.0,19.19,33.74,0.0,6.77,4.24,18.89,22.02,52.93,South Florida Bulls
Alexis Yetna,405.0,765.5,-8.54,83.41968911917098,91.9631093544137,83.42,90.41,46.76,101.68,8.55,26.68,0.0,0.0,20.21,31.35,0.0,6.35,3.5,18.52,23.19,51.56,South Florida Bulls
David Collins,645.0,1212.5,-12.63,82.55528255528255,95.1827242524917,82.56,93.86,45.62,100.08,8.44,26.37,0.0,0.0,18.67,32.1,0.0,6.55,3.77,18.59,21.95,50.77,South Florida Bulls
Justin Brown,645.0,1212.5,-12.63,82.55528255528255,95.1827242524917,82.56,93.86,45.62,100.08,8.44,26.37,0.0,0.0,18.67,32.1,0.0,6.55,3.77,18.59,21.95,50.77,South Florida Bulls
Caleb Murphy,525.0,981.0,-13.88,81.3953488372093,95.27235354573484,81.4,93.73,45.3,99.6,8.39,25.78,0.0,0.0,19.01,30.64,0.0,6.88,3.34,19.41,22.45,49.65,South Florida Bulls
Xavier Castaneda,200.0,379.5,-23.08,80.36649214659685,103.44827586206897,80.37,102.09,43.98,98.69,7.85,26.96,0.0,0.0,16.23,33.25,0.0,6.02,4.19,17.54,20.16,49.48,South Florida Bulls
Russel Tchewa,120.0,229.0,-37.85,73.16017316017316,111.01321585903084,73.16,109.09,42.86,99.13,6.49,25.11,0.0,0.0,16.45,25.11,0.0,5.63,1.73,17.32,21.65,41.56,South Florida Bulls
Manny Patterson,485.0,952.0,-2.37,88.25995807127882,90.63157894736842,88.26,90.25,47.9,93.61,9.85,26.83,0.0,0.0,13.21,31.45,0.0,8.28,2.73,19.6,21.07,44.66,Southeast Missouri State Redhawks
Nygal Russell,40.0,75.0,-2.67,89.33333333333333,92.0,89.33,92.0,46.67,93.33,12.0,36.0,0.0,0.0,8.0,34.67,0.0,6.67,4.0,14.67,24.0,42.67,Southeast Missouri State Redhawks
Dylan Branson,80.0,157.5,-3.72,84.81012658227847,88.53503184713377,84.81,87.97,47.47,89.24,8.23,24.68,0.0,0.0,10.13,31.65,0.0,7.59,3.8,20.89,22.15,41.78,Southeast Missouri State Redhawks
Chris Harris,815.0,1608.5,-3.91,84.22029702970298,88.13241723922548,84.22,87.31,46.66,93.01,9.41,27.23,0.0,0.0,12.0,31.13,0.0,8.54,2.66,19.0,22.52,43.13,Southeast Missouri State Redhawks
DQ Nicholas,855.0,1690.5,-4.05,84.13915094339622,88.18991097922849,84.14,87.62,46.52,93.16,9.38,27.36,0.0,0.0,12.15,31.37,0.0,8.55,2.77,18.99,22.52,43.52,Southeast Missouri State Redhawks
Eric Reed Jr.,815.0,1615.5,-4.11,83.89882788402221,88.01242236024845,83.9,87.42,46.51,93.15,9.25,26.96,0.0,0.0,12.34,31.22,0.0,8.64,2.71,19.19,22.46,43.56,Southeast Missouri State Redhawks
Nana Akenten,815.0,1615.0,-4.22,83.99258343634116,88.21339950372209,83.99,87.89,46.29,93.7,9.46,27.75,0.0,0.0,12.48,31.58,0.0,8.65,2.78,18.79,22.56,44.06,Southeast Missouri State Redhawks
Nolan Taylor,370.0,738.5,-6.19,78.84097035040432,85.03401360544217,78.84,84.23,44.74,92.59,8.76,28.03,0.0,0.0,10.78,31.27,0.0,8.89,2.83,18.19,24.39,42.05,Southeast Missouri State Redhawks
Kyler Filewich,645.0,1133.5,-8.49,84.8404255319149,93.32748024582968,84.84,94.24,42.02,90.43,11.7,32.45,0.0,0.0,7.89,34.04,0.0,8.51,1.95,17.46,19.86,41.93,Southern Illinois Salukis
Steven Verplancken Jr.,645.0,1133.5,-8.49,84.8404255319149,93.32748024582968,84.84,94.24,42.02,90.43,11.7,32.45,0.0,0.0,7.89,34.04,0.0,8.51,1.95,17.46,19.86,41.93,Southern Illinois Salukis
Anthony D'Avanzo,564.7,978.5,-10.16,88.3076923076923,98.4725050916497,88.31,99.18,44.82,90.56,11.18,30.15,0.0,0.0,8.21,31.69,0.0,8.92,1.95,17.64,20.0,39.9,Southern Illinois Salukis
Lance Jones,764.7,1349.5,-10.62,85.07021433850703,95.69093610698366,85.07,95.2,43.02,91.06,11.31,31.19,0.0,0.0,7.91,32.37,0.0,8.06,1.92,16.85,19.51,40.28,Southern Illinois Salukis
Trent Brown,804.7,1419.5,-11.41,84.50704225352112,95.91261451726568,84.51,95.85,42.82,90.85,11.06,30.99,0.0,0.0,7.82,32.54,0.0,8.31,2.04,16.97,19.65,40.36,Southern Illinois Salukis
Ben Harvey,399.7,727.0,-17.54,78.96879240162822,96.51324965132495,78.97,93.89,41.38,91.86,9.91,29.85,0.0,0.0,7.19,31.34,0.0,7.19,2.31,15.33,18.86,38.53,Southern Illinois Salukis
Marcus Domask,159.7,286.0,-23.21,83.21917808219177,106.42857142857143,83.22,102.05,45.89,92.47,8.56,25.34,0.0,0.0,7.53,26.71,0.0,7.53,2.4,15.07,18.84,34.24,Southern Illinois Salukis
Dalton Banks,40.0,70.0,-26.87,73.13432835820896,100.0,73.13,108.96,38.81,86.57,5.97,26.87,0.0,0.0,5.97,35.82,0.0,13.43,4.48,19.4,22.39,41.79,Southern Illinois Salukis
Lamarcus Lee,159.9,319.0,9.6,85.22012578616352,75.625,85.22,76.1,48.11,94.34,7.55,17.61,0.0,0.0,14.47,36.48,0.0,8.81,3.46,20.13,27.36,50.95,Southern Jaguars
Brendon Brooks,164.9,321.5,7.33,84.82972136222911,77.5,84.83,76.78,48.3,95.98,8.05,19.81,0.0,0.0,17.03,32.82,0.0,11.15,3.1,21.05,24.77,49.85,Southern Jaguars
Harrison Henderson,439.1,895.5,5.74,85.29741863075196,79.55555555555556,85.3,80.36,48.6,95.51,6.85,19.3,0.0,0.0,14.7,33.78,0.0,10.55,3.14,19.19,23.91,48.48,Southern Jaguars
Delor Johnson,444.9,903.0,5.64,84.77777777777777,79.13907284768213,84.78,79.67,49.22,95.67,6.33,18.89,0.0,0.0,15.11,33.22,0.0,10.67,2.67,19.44,24.22,48.33,Southern Jaguars
Terrell Williams Jr.,484.1,979.0,4.32,84.64687819856704,80.32619775739042,84.65,80.66,48.52,95.8,6.76,19.65,0.0,0.0,15.46,32.96,0.0,10.85,2.87,19.65,23.54,48.42,Southern Jaguars
Samkelo Cele,285.0,584.0,3.48,84.5360824742268,81.05802047781569,84.54,81.62,49.83,96.39,5.67,19.59,0.0,0.0,15.46,31.44,0.0,11.68,2.23,19.07,22.51,46.9,Southern Jaguars
Jayden Saddler,319.2,657.5,2.86,84.5565749235474,81.69440242057489,84.56,82.57,48.62,95.72,6.12,19.57,0.0,0.0,14.68,33.03,0.0,10.7,2.75,18.96,22.94,47.71,Southern Jaguars
Kirk Parker,45.0,83.5,-10.98,77.90697674418605,88.88888888888889,77.91,83.72,47.67,98.84,5.81,23.26,0.0,0.0,23.26,24.42,0.0,13.95,0.0,24.42,19.77,47.68,Southern Jaguars
Ahsante Shivers,39.2,76.0,-11.55,83.11688311688312,94.66666666666667,83.12,92.21,40.26,97.4,11.69,28.57,0.0,0.0,19.48,29.87,0.0,12.99,5.19,22.08,15.58,49.35,Southern Jaguars
Isaiah Rollins,39.2,76.0,-11.55,83.11688311688312,94.66666666666667,83.12,92.21,40.26,97.4,11.69,28.57,0.0,0.0,19.48,29.87,0.0,12.99,5.19,22.08,15.58,49.35,Southern Jaguars
Artur Konontsuk,120.0,235.5,-3.78,85.34482758620689,89.1213389121339,85.34,91.81,48.28,96.12,6.9,21.55,0.0,0.0,12.07,39.22,0.0,6.9,3.45,15.95,25.0,51.29,Southern Miss Golden Eagles
DeAndre Pinckney,560.0,1076.0,-5.16,84.63687150837988,89.79591836734694,84.64,90.13,46.18,94.79,6.33,21.23,0.0,0.0,11.82,35.85,0.0,8.1,3.45,17.04,21.23,47.67,Southern Miss Golden Eagles
Tae Hardy,645.0,1210.0,-6.74,84.57095709570957,91.30794701986756,84.57,91.01,46.86,93.81,5.69,18.98,0.0,0.0,12.13,35.81,0.0,7.76,3.22,18.32,20.87,47.94,Southern Miss Golden Eagles
LaDavius Draine,725.0,1366.5,-6.78,84.86842105263158,91.64835164835165,84.87,91.45,47.22,94.15,5.92,19.3,0.0,0.0,12.06,35.89,0.0,7.68,3.14,17.91,20.98,47.95,Southern Miss Golden Eagles
Tyler Stevenson,725.0,1366.5,-6.78,84.86842105263158,91.64835164835165,84.87,91.45,47.22,94.15,5.92,19.3,0.0,0.0,12.06,35.89,0.0,7.68,3.14,17.91,20.98,47.95,Southern Miss Golden Eagles
Justin Johnson,160.0,302.0,-6.78,83.22368421052632,90.0,83.22,88.82,47.37,92.43,4.61,17.11,0.0,0.0,13.49,36.51,0.0,8.22,2.63,21.05,21.05,50.0,Southern Miss Golden Eagles
Jaron Pierre Jr.,485.0,900.5,-7.1,86.57047724750278,93.66666666666667,86.57,93.56,47.72,95.01,6.22,19.09,0.0,0.0,11.76,36.07,0.0,7.55,3.0,16.76,19.64,47.83,Southern Miss Golden Eagles
Clay Weatherspoon,40.0,85.0,-12.09,75.86206896551724,87.95180722891565,75.86,83.91,43.68,90.8,8.05,27.59,0.0,0.0,9.2,24.14,0.0,8.05,4.6,18.39,25.29,33.34,Southern Miss Golden Eagles
Denijay Harris,125.0,219.0,-12.11,87.89237668161435,100.0,87.89,96.41,51.12,90.58,4.93,12.11,0.0,0.0,12.11,38.12,0.0,4.48,2.69,21.52,18.83,50.23,Southern Miss Golden Eagles
Tyler Morman,40.0,71.5,-15.57,78.87323943661971,94.44444444444444,78.87,95.77,50.7,95.77,2.82,12.68,0.0,0.0,15.49,29.58,0.0,11.27,0.0,19.72,23.94,45.07,Southern Miss Golden Eagles
Maizen Fausett,485.0,955.5,6.51,98.76160990712074,92.25053078556263,98.76,89.68,55.42,99.69,9.39,29.0,0.0,0.0,13.62,35.71,0.0,6.91,3.51,13.93,21.05,49.33,Southern Utah Thunderbirds
Dre Marin,565.0,1116.5,6.24,98.94459102902374,92.7007299270073,98.94,89.36,55.58,100.09,9.76,29.55,0.0,0.0,14.07,33.77,0.0,7.56,3.17,13.98,20.76,47.84,Southern Utah Thunderbirds
Ivan Madunic,565.0,1116.5,6.24,98.94459102902374,92.7007299270073,98.94,89.36,55.58,100.09,9.76,29.55,0.0,0.0,14.07,33.77,0.0,7.56,3.17,13.98,20.76,47.84,Southern Utah Thunderbirds
John Knight III,565.0,1116.5,6.24,98.94459102902374,92.7007299270073,98.94,89.36,55.58,100.09,9.76,29.55,0.0,0.0,14.07,33.77,0.0,7.56,3.17,13.98,20.76,47.84,Southern Utah Thunderbirds
Tevian Jones,565.0,1116.5,6.24,98.94459102902374,92.7007299270073,98.94,89.36,55.58,100.09,9.76,29.55,0.0,0.0,14.07,33.77,0.0,7.56,3.17,13.98,20.76,47.84,Southern Utah Thunderbirds
Harrison Butler,80.0,161.0,4.55,100.0,95.45454545454545,100.0,87.5,56.55,102.38,11.9,32.74,0.0,0.0,16.67,22.62,0.0,11.31,1.19,14.29,19.05,39.29,Southern Utah Thunderbirds
Jalen Adaway,640.0,1117.5,14.19,98.40989399293287,84.22484134179511,98.41,82.07,51.94,102.03,10.16,27.3,0.0,0.0,17.31,35.87,0.0,8.83,5.57,15.28,21.2,53.18,St. Bonaventure Bonnies
Dominick Welch,680.0,1194.5,13.35,97.19703215169002,83.84353741496598,97.2,81.29,51.77,101.9,9.73,26.55,0.0,0.0,17.39,35.7,0.0,8.66,5.61,15.5,20.94,53.09,St. Bonaventure Bonnies
Jaren Holmes,680.0,1194.5,13.35,97.19703215169002,83.84353741496598,97.2,81.29,51.77,101.9,9.73,26.55,0.0,0.0,17.39,35.7,0.0,8.66,5.61,15.5,20.94,53.09,St. Bonaventure Bonnies
Kyle Lofton,680.0,1194.5,13.35,97.19703215169002,83.84353741496598,97.2,81.29,51.77,101.9,9.73,26.55,0.0,0.0,17.39,35.7,0.0,8.66,5.61,15.5,20.94,53.09,St. Bonaventure Bonnies
Osun Osunniyi,680.0,1194.5,13.35,97.19703215169002,83.84353741496598,97.2,81.29,51.77,101.9,9.73,26.55,0.0,0.0,17.39,35.7,0.0,8.66,5.61,15.5,20.94,53.09,St. Bonaventure Bonnies
Alejandro Vasquez,40.0,77.0,2.16,80.24691358024691,78.08219178082192,80.25,70.37,49.38,100.0,3.7,16.05,0.0,0.0,18.52,33.33,0.0,6.17,6.17,18.52,17.28,51.85,St. Bonaventure Bonnies
Tyler Stewart,40.0,91.0,2.25,85.22727272727273,82.97872340425532,85.23,88.64,42.05,76.14,9.09,21.59,0.0,0.0,6.82,38.64,0.0,9.09,3.41,30.68,21.59,45.46,St. Francis (PA) Red Flash
Ramiir Dixon-Conover,644.5,1268.0,-3.5,88.19826907946499,91.699604743083,88.2,91.27,49.33,97.25,7.47,23.84,0.0,0.0,16.05,32.81,0.0,7.08,3.3,18.8,22.03,48.86,St. Francis (PA) Red Flash
Maxwell Land,524.3,1041.0,-3.52,88.18973862536302,91.70638703527169,88.19,93.13,47.82,96.52,8.23,24.69,0.0,0.0,15.49,33.79,0.0,6.97,2.9,18.97,23.04,49.28,St. Francis (PA) Red Flash
Bryce Laskey,569.3,1111.0,-4.06,88.67082961641391,92.7338782924614,88.67,91.08,49.69,98.39,7.58,24.17,0.0,0.0,15.34,32.83,0.0,6.6,3.12,16.95,22.57,48.17,St. Francis (PA) Red Flash
Mark Flagg,649.3,1279.5,-4.61,88.01556420233463,92.62166405023548,88.02,91.83,49.81,96.96,7.0,23.35,0.0,0.0,15.25,32.3,0.0,6.46,3.11,18.29,22.18,47.55,St. Francis (PA) Red Flash
Myles Thompson,649.7,1264.5,-6.36,86.71383647798741,93.07875894988067,86.71,91.98,48.66,96.7,7.15,23.51,0.0,0.0,15.49,32.55,0.0,6.92,3.22,18.79,21.54,48.04,St. Francis (PA) Red Flash
Marlon Hargis,159.6,299.0,-7.07,85.8085808580858,92.88135593220339,85.81,90.43,51.16,100.66,5.94,22.44,0.0,0.0,16.83,30.69,0.0,5.94,1.98,16.17,23.1,47.52,St. Francis (PA) Red Flash
Ronell Giles Jr.,245.0,458.0,-11.15,82.12765957446808,93.27354260089686,82.13,88.51,49.36,96.38,4.68,21.06,0.0,0.0,15.11,31.06,0.0,5.96,3.62,18.72,18.72,46.17,St. Francis (PA) Red Flash
Josh Cohen,80.0,142.0,-12.94,77.77777777777779,90.71428571428571,77.78,88.19,40.28,96.53,9.03,25.69,0.0,0.0,15.97,36.81,0.0,9.03,2.78,19.44,20.14,52.78,St. Francis (PA) Red Flash
Dan Henry,45.0,86.0,-15.58,72.22222222222221,87.8048780487805,72.22,80.0,43.33,92.22,3.33,20.0,0.0,0.0,8.89,31.11,0.0,5.56,1.11,16.67,18.89,40.0,St. Francis (PA) Red Flash
Zahree Harrison,39.9,67.5,-28.12,83.82352941176471,111.94029850746267,83.82,110.29,47.06,97.06,7.35,23.53,0.0,0.0,10.29,33.82,0.0,1.47,1.47,13.24,25.0,44.11,St. Francis (PA) Red Flash
Yaradyah Evans,80.0,180.5,3.05,97.70114942528735,94.6524064171123,97.7,101.72,49.43,100.57,9.77,28.74,0.0,0.0,14.37,29.31,0.0,6.9,6.32,13.79,27.59,43.68,St. Francis Brooklyn Terriers
Chauncey Hawkins,520.0,1116.5,-0.07,93.20214669051879,93.27354260089686,93.2,93.02,52.06,99.37,7.42,22.27,0.0,0.0,13.42,30.05,0.0,9.75,4.03,14.04,23.08,43.47,St. Francis Brooklyn Terriers
Rob Higgins,725.0,1527.5,-0.16,93.11258278145695,93.26860841423948,93.11,95.43,51.66,99.34,7.42,22.25,0.0,0.0,13.51,29.8,0.0,9.4,4.11,14.17,24.3,43.31,St. Francis Brooklyn Terriers
Unique McLean,725.0,1527.5,-0.16,93.11258278145695,93.26860841423948,93.11,95.43,51.66,99.34,7.42,22.25,0.0,0.0,13.51,29.8,0.0,9.4,4.11,14.17,24.3,43.31,St. Francis Brooklyn Terriers
Vuk Stevanic,725.0,1527.5,-0.16,93.11258278145695,93.26860841423948,93.11,95.43,51.66,99.34,7.42,22.25,0.0,0.0,13.51,29.8,0.0,9.4,4.11,14.17,24.3,43.31,St. Francis Brooklyn Terriers
Trey Quartlebaum,205.0,411.0,-0.4,92.85714285714286,93.25581395348837,92.86,102.3,50.51,99.23,7.4,22.19,0.0,0.0,13.78,29.08,0.0,8.42,4.34,14.54,27.81,42.86,St. Francis Brooklyn Terriers
Travis Atson,645.0,1347.0,-0.56,92.51497005988024,93.0780559646539,92.51,94.61,51.95,99.18,7.11,21.41,0.0,0.0,13.4,29.87,0.0,9.73,3.82,14.22,23.88,43.27,St. Francis Brooklyn Terriers
Josh Roberts,569.5,1144.5,3.67,92.80070237050045,89.13043478260869,92.8,89.99,49.96,99.47,9.31,27.92,0.0,0.0,14.22,30.82,0.0,9.75,5.09,14.75,22.65,45.04,St. John's Red Storm
Rasheem Dunn,609.5,1222.0,3.02,93.85749385749385,90.84219133278822,93.86,90.99,50.12,98.77,9.99,28.17,0.0,0.0,13.68,30.55,0.0,9.42,4.42,14.91,21.62,44.23,St. John's Red Storm
Arnaldo Toro,160.0,340.0,2.95,94.5945945945946,91.64265129682997,94.59,95.5,48.95,96.1,10.81,27.03,0.0,0.0,12.01,32.13,0.0,9.61,5.71,15.92,23.12,44.14,St. John's Red Storm
Vince Cole,655.0,1350.0,2.52,93.64248317127898,91.12252384446074,93.64,92.89,50.49,99.4,9.05,26.78,0.0,0.0,14.36,30.89,0.0,9.42,4.49,14.96,22.51,45.25,St. John's Red Storm
Julian Champagnie,814.5,1665.0,1.6,93.11594202898551,91.51732377538829,93.12,92.51,49.82,98.91,9.42,26.93,0.0,0.0,13.71,30.43,0.0,9.6,4.89,14.79,22.22,44.14,St. John's Red Storm
Posh Alexander,689.5,1413.0,0.5,93.24324324324324,92.74647887323944,93.24,93.67,49.5,98.58,9.6,26.96,0.0,0.0,13.58,30.16,0.0,9.74,5.33,15.01,22.33,43.74,St. John's Red Storm
Greg Williams Jr.,489.5,1010.0,0.19,91.33466135458167,91.14173228346458,91.33,92.23,49.0,98.9,8.96,25.6,0.0,0.0,13.05,30.08,0.0,9.86,5.38,14.14,22.41,43.13,St. John's Red Storm
Isaih Moore,85.0,180.5,-14.39,92.3913043478261,106.77966101694916,92.39,102.72,50.54,100.54,7.61,20.65,0.0,0.0,13.59,25.0,0.0,8.7,2.17,13.04,17.93,38.59,St. John's Red Storm
Oscar da Silva,700.0,1346.5,-1.67,88.51251840942562,90.187265917603,88.51,88.66,50.52,92.56,6.11,19.44,0.0,0.0,10.97,32.7,0.0,8.84,3.76,18.41,20.32,43.67,Stanford Cardinal
Michael O'Connell,699.9,1320.0,-1.71,89.52164009111617,91.23204837490552,89.52,91.65,49.58,92.79,7.21,21.56,0.0,0.0,11.77,32.5,0.0,8.96,3.95,18.98,21.03,44.27,Stanford Cardinal
Spencer Jones,739.9,1406.5,-2.89,88.32271762208069,91.21428571428571,88.32,90.38,49.68,92.85,6.51,20.38,0.0,0.0,11.32,32.63,0.0,8.99,3.68,18.47,20.52,43.95,Stanford Cardinal
Jaiden Delaire,819.9,1553.0,-3.99,88.18998716302953,92.18346253229974,88.19,91.59,49.29,92.75,6.8,21.12,0.0,0.0,11.49,32.67,0.0,8.73,3.85,18.74,20.54,44.16,Stanford Cardinal
Lukas Kisunas,579.9,1064.5,-4.27,88.70056497175142,92.970946579194,88.7,93.41,48.59,91.81,7.16,21.56,0.0,0.0,10.55,31.83,0.0,9.32,3.86,18.74,20.43,42.38,Stanford Cardinal
Daniel Begovich,40.0,68.5,-6.0,95.38461538461539,101.38888888888889,95.38,112.31,44.62,89.23,13.85,35.38,0.0,0.0,13.85,33.85,0.0,6.15,6.15,24.62,26.15,47.7,Stanford Cardinal
Ziaire Williams,279.9,562.0,-9.0,83.45070422535211,92.44604316546763,83.45,90.49,48.06,94.54,6.34,22.01,0.0,0.0,13.73,33.45,0.0,7.92,3.52,19.19,20.25,47.18,Stanford Cardinal
Daejon Davis,120.0,211.0,-10.0,93.26923076923077,103.27102803738318,93.27,106.25,47.12,94.23,10.58,27.88,0.0,0.0,13.94,34.62,0.0,6.25,5.77,19.71,21.63,48.56,Stanford Cardinal
Bryce Wills,120.0,233.0,-16.86,80.91286307053942,97.77777777777777,80.91,91.29,47.72,92.53,4.56,18.67,0.0,0.0,9.96,33.61,0.0,7.47,3.32,17.43,17.84,43.57,Stanford Cardinal
Charlie Daniels,120.0,242.5,17.69,98.7603305785124,81.06995884773663,98.76,81.4,57.85,101.65,6.2,23.55,0.0,0.0,19.01,28.51,0.0,15.7,4.55,17.36,28.93,47.52,Stephen F. Austin Lumberjacks
Calvin Solomon,609.4,1240.5,13.44,98.9558232931727,85.51779935275081,98.96,84.9,56.63,98.31,5.62,16.39,0.0,0.0,17.51,29.0,0.0,11.0,4.5,19.2,23.86,46.51,Stephen F. Austin Lumberjacks
Roti Ware,529.4,1080.5,12.71,96.30314232902033,83.59592215013902,96.3,83.36,56.19,97.97,5.45,17.01,0.0,0.0,17.19,29.21,0.0,11.37,4.44,19.22,24.49,46.4,Stephen F. Austin Lumberjacks
Cameron Johnson,649.4,1321.0,12.68,97.65861027190333,84.9772382397572,97.66,84.59,56.34,98.19,5.44,16.54,0.0,0.0,17.52,28.93,0.0,11.56,4.31,19.34,24.17,46.45,Stephen F. Austin Lumberjacks
David Kachelries,649.4,1321.0,12.68,97.65861027190333,84.9772382397572,97.66,84.59,56.34,98.19,5.44,16.54,0.0,0.0,17.52,28.93,0.0,11.56,4.31,19.34,24.17,46.45,Stephen F. Austin Lumberjacks
Nigel Hawkins,120.0,240.5,12.51,103.71900826446281,91.21338912133892,103.72,90.08,57.02,99.17,5.37,14.46,0.0,0.0,19.01,27.69,0.0,12.4,3.72,19.83,22.73,46.7,Stephen F. Austin Lumberjacks
Gavin Kensmil,569.4,1159.0,10.82,96.03789836347975,85.22039757994814,96.04,84.93,55.73,97.33,5.08,15.25,0.0,0.0,17.23,28.94,0.0,11.28,4.05,19.9,23.51,46.17,Stephen F. Austin Lumberjacks
Josh Smith,280.0,518.5,1.88,92.64990328820116,90.76923076923077,92.65,91.3,47.58,97.87,11.8,34.43,0.0,0.0,12.96,33.27,0.0,11.8,3.48,15.09,21.08,46.23,Stetson Hatters
Mahamadou Diawara,644.9,1224.5,1.37,95.17184942716858,93.80603096984515,95.17,94.19,49.1,96.15,12.19,31.1,0.0,0.0,13.5,31.42,0.0,9.33,2.78,17.35,22.09,44.92,Stetson Hatters
Chase Johnston,724.9,1363.0,0.45,94.28152492668622,93.83259911894272,94.28,93.7,48.68,96.99,12.02,31.67,0.0,0.0,13.71,31.67,0.0,9.75,3.01,16.72,21.41,45.38,Stetson Hatters
Christiaan Jones,724.9,1363.0,0.45,94.28152492668622,93.83259911894272,94.28,93.7,48.68,96.99,12.02,31.67,0.0,0.0,13.71,31.67,0.0,9.75,3.01,16.72,21.41,45.38,Stetson Hatters
Rob Perry,724.9,1363.0,0.45,94.28152492668622,93.83259911894272,94.28,93.7,48.68,96.99,12.02,31.67,0.0,0.0,13.71,31.67,0.0,9.75,3.01,16.72,21.41,45.38,Stetson Hatters
Joel Kabimba,85.0,182.0,0.39,82.6086956521739,82.22222222222221,82.61,80.43,44.02,90.22,11.96,25.54,0.0,0.0,12.5,30.43,0.0,13.04,2.17,22.28,23.37,42.93,Stetson Hatters
Stephan Swenson,439.9,801.0,-1.85,96.64596273291926,98.49435382685068,96.65,97.52,49.81,99.25,11.93,32.17,0.0,0.0,14.78,31.3,0.0,8.32,3.23,15.53,20.12,46.08,Stetson Hatters
Alex Christie,80.0,143.0,6.41,82.26950354609929,75.86206896551724,82.27,78.01,43.97,101.42,8.51,32.62,0.0,0.0,17.73,36.88,0.0,12.06,5.67,16.31,25.53,54.61,Stony Brook Seawolves
Omar Habwe,284.5,536.0,4.72,89.72477064220183,85.00948766603416,89.72,82.2,50.09,98.35,8.26,23.67,0.0,0.0,15.78,34.86,0.0,8.44,6.06,17.43,23.12,50.64,Stony Brook Seawolves
Tyler Stephenson-Moore,120.0,210.0,4.23,83.57487922705315,79.34272300469483,83.57,81.64,42.51,103.86,9.66,37.2,0.0,0.0,23.19,40.1,0.0,9.18,7.73,19.32,23.19,63.29,Stony Brook Seawolves
Jaden Sayles,524.5,955.5,2.27,88.14968814968816,85.87987355110643,88.15,84.72,48.44,101.77,8.42,28.79,0.0,0.0,19.23,37.73,0.0,6.65,6.24,17.46,22.66,56.96,Stony Brook Seawolves
Frankie Policelli,324.5,605.5,2.08,88.63636363636364,86.5546218487395,88.64,83.6,50.81,100.0,6.33,22.08,0.0,0.0,16.72,36.2,0.0,8.12,4.87,16.72,22.89,52.92,Stony Brook Seawolves
Tykei Greene,644.5,1172.5,1.51,87.61662425784563,86.10634648370498,87.62,85.16,48.26,100.25,8.48,28.5,0.0,0.0,17.64,37.07,0.0,7.38,6.45,17.39,23.32,54.71,Stony Brook Seawolves
Juan Felix Rodriguez,684.5,1248.0,0.71,87.01195219123507,86.3013698630137,87.01,85.34,48.13,100.56,8.21,28.29,0.0,0.0,17.93,36.65,0.0,7.49,6.22,17.37,23.43,54.58,Stony Brook Seawolves
Jordan McKenzie,280.0,500.5,-3.33,85.34136546184739,88.66799204771371,85.34,89.56,47.19,99.4,9.24,31.33,0.0,0.0,15.86,34.74,0.0,7.83,5.82,16.47,25.5,50.6,Stony Brook Seawolves
Mouhamadou Gueye,440.0,793.5,-4.46,85.30150753768844,89.75979772439949,85.3,89.2,47.11,100.75,8.29,30.65,0.0,0.0,18.72,37.19,0.0,5.9,7.29,17.96,23.37,55.91,Stony Brook Seawolves
Lenny Kadisha,40.0,75.5,-11.7,77.63157894736842,89.33333333333333,77.63,88.16,46.05,105.26,3.95,25.0,0.0,0.0,22.37,30.26,0.0,9.21,2.63,17.11,25.0,52.63,Stony Brook Seawolves
Alan Griffin,720.0,1363.5,4.73,98.59882005899705,93.8730853391685,98.6,94.91,51.55,100.44,11.21,31.71,0.0,0.0,14.75,30.97,0.0,11.28,6.71,14.31,19.91,45.72,Syracuse Orange
Buddy Boeheim,720.0,1363.5,4.73,98.59882005899705,93.8730853391685,98.6,94.91,51.55,100.44,11.21,31.71,0.0,0.0,14.75,30.97,0.0,11.28,6.71,14.31,19.91,45.72,Syracuse Orange
Joseph Girard III,720.0,1363.5,4.73,98.59882005899705,93.8730853391685,98.6,94.91,51.55,100.44,11.21,31.71,0.0,0.0,14.75,30.97,0.0,11.28,6.71,14.31,19.91,45.72,Syracuse Orange
Marek Dolezaj,720.0,1363.5,4.73,98.59882005899705,93.8730853391685,98.6,94.91,51.55,100.44,11.21,31.71,0.0,0.0,14.75,30.97,0.0,11.28,6.71,14.31,19.91,45.72,Syracuse Orange
Quincy Guerrier,720.0,1363.5,4.73,98.59882005899705,93.8730853391685,98.6,94.91,51.55,100.44,11.21,31.71,0.0,0.0,14.75,30.97,0.0,11.28,6.71,14.31,19.91,45.72,Syracuse Orange
Taryn Todd,80.0,156.5,-3.01,80.0,83.00653594771242,80.0,79.38,43.75,100.0,9.38,25.0,0.0,0.0,20.0,35.62,0.0,6.88,5.0,20.0,22.5,55.62,TCU Horned Frogs
Francisco Farabello,40.0,76.5,-3.79,101.33333333333334,105.12820512820514,101.33,109.33,52.0,105.33,13.33,37.33,0.0,0.0,16.0,28.0,0.0,5.33,6.67,10.67,24.0,44.0,TCU Horned Frogs
Chuck O'Bannon Jr.,440.0,832.5,-11.04,82.11284513805522,93.14903846153845,82.11,93.04,45.5,94.0,8.16,25.45,0.0,0.0,13.93,31.93,0.0,8.04,4.2,19.93,22.33,45.86,TCU Horned Frogs
Kevin Samuel,680.0,1283.0,-13.3,82.578125,95.8786936236392,82.58,96.33,45.16,93.67,8.36,25.55,0.0,0.0,13.52,32.27,0.0,7.58,4.53,19.84,21.09,45.79,TCU Horned Frogs
RJ Nembhard Jr.,680.0,1283.0,-13.3,82.578125,95.8786936236392,82.58,96.33,45.16,93.67,8.36,25.55,0.0,0.0,13.52,32.27,0.0,7.58,4.53,19.84,21.09,45.79,TCU Horned Frogs
PJ Fuller II,640.0,1209.5,-13.73,83.55481727574751,97.28395061728395,83.55,98.17,46.01,94.19,8.22,25.42,0.0,0.0,13.46,32.06,0.0,7.48,4.73,19.27,21.01,45.52,TCU Horned Frogs
Mike Miles Jr.,600.0,1123.5,-14.83,80.64228367528992,95.47069271758437,80.64,95.9,43.98,91.44,8.03,24.98,0.0,0.0,12.49,32.29,0.0,7.94,4.1,21.05,20.79,44.78,TCU Horned Frogs
Kevin Easley Jr.,240.0,450.5,-17.44,83.44519015659955,100.88105726872247,83.45,102.46,44.52,93.06,8.72,25.73,0.0,0.0,12.75,32.89,0.0,6.71,5.15,19.69,18.79,45.64,TCU Horned Frogs
Freddy Hicks,360.0,661.5,1.0,88.03030303030303,87.02865761689291,88.03,87.42,49.85,95.3,7.27,18.94,0.0,0.0,10.0,31.06,0.0,8.48,2.58,14.7,25.45,41.06,Tarleton Texans
Konstantin Dotsenko,160.0,287.5,-0.54,86.68941979522185,87.2340425531915,86.69,83.96,51.88,94.88,5.8,16.72,0.0,0.0,8.19,28.67,0.0,7.85,1.71,13.31,23.55,36.86,Tarleton Texans
Montre' Gipson,400.0,734.0,-0.71,87.44884038199181,88.16326530612245,87.45,88.4,49.8,95.09,6.96,18.55,0.0,0.0,9.55,29.88,0.0,8.59,2.59,14.46,25.24,39.43,Tarleton Texans
Shakur Daniel,400.0,734.0,-0.71,87.44884038199181,88.16326530612245,87.45,88.4,49.8,95.09,6.96,18.55,0.0,0.0,9.55,29.88,0.0,8.59,2.59,14.46,25.24,39.43,Tarleton Texans
Shamir Bogues,400.0,734.0,-0.71,87.44884038199181,88.16326530612245,87.45,88.4,49.8,95.09,6.96,18.55,0.0,0.0,9.55,29.88,0.0,8.59,2.59,14.46,25.24,39.43,Tarleton Texans
Jonathan Jackson Jr.,280.0,519.0,-2.96,87.13450292397661,90.0952380952381,87.13,92.2,48.54,94.93,7.21,19.1,0.0,0.0,9.75,29.04,0.0,9.16,3.12,14.81,25.93,38.79,Tarleton Texans
Nick Jourdain,120.0,233.0,8.15,90.98712446351931,82.83261802575107,90.99,82.83,49.36,95.71,12.02,26.61,0.0,0.0,11.59,36.48,0.0,5.15,6.01,15.88,27.04,48.07,Temple Owls
Khalif Battle,160.0,306.0,3.67,90.55374592833876,86.88524590163934,90.55,86.32,49.84,93.49,11.4,25.41,0.0,0.0,11.73,35.18,0.0,4.89,4.89,18.24,27.04,46.91,Temple Owls
De'Vondre Perry,600.0,1144.5,-5.48,84.26966292134831,89.75265017667844,84.27,87.81,46.93,96.37,9.33,27.05,0.0,0.0,13.31,34.4,0.0,5.36,2.94,16.94,22.82,47.71,Temple Owls
Jake Forrester,600.0,1144.5,-5.48,84.26966292134831,89.75265017667844,84.27,87.81,46.93,96.37,9.33,27.05,0.0,0.0,13.31,34.4,0.0,5.36,2.94,16.94,22.82,47.71,Temple Owls
Jeremiah Williams,600.0,1144.5,-5.48,84.26966292134831,89.75265017667844,84.27,87.81,46.93,96.37,9.33,27.05,0.0,0.0,13.31,34.4,0.0,5.36,2.94,16.94,22.82,47.71,Temple Owls
Damian Dunn,440.0,838.5,-8.81,82.0,90.81015719467956,82.0,88.35,45.88,97.41,8.59,27.65,0.0,0.0,13.88,34.12,0.0,5.53,2.24,16.47,21.29,48.0,Temple Owls
J.P. Moorman II,480.0,911.5,-8.97,82.57575757575758,91.54616240266962,82.58,89.07,46.32,96.54,8.66,27.16,0.0,0.0,13.74,33.87,0.0,5.41,2.16,17.21,21.75,47.61,Temple Owls
Yusuf Mohamed,200.0,384.0,-3.39,81.25,84.63541666666666,81.25,84.64,44.53,92.19,8.07,25.78,0.0,0.0,11.72,31.51,0.0,9.38,5.21,19.53,21.61,43.23,Tennessee State Tigers
Marcus Fitzgerald Jr.,410.0,820.5,-4.37,80.92909535452323,85.29769137302551,80.93,85.82,46.82,92.79,6.85,23.35,0.0,0.0,12.84,31.91,0.0,8.07,4.03,20.05,24.94,44.75,Tennessee State Tigers
Evan Joyner,160.0,332.0,-5.25,93.86503067484662,99.11242603550295,93.87,102.76,50.31,92.64,11.04,29.14,0.0,0.0,10.12,28.22,0.0,9.82,3.99,17.48,24.85,38.34,Tennessee State Tigers
Ravel Moody,640.0,1290.5,-5.7,85.078125,90.77632590315142,85.08,92.27,46.95,95.39,7.58,25.39,0.0,0.0,13.75,29.61,0.0,9.61,4.14,18.36,24.22,43.36,Tennessee State Tigers
Shakem Johnson,690.0,1409.5,-6.28,84.83105679367362,91.1064425770308,84.83,93.53,46.94,95.26,7.62,25.31,0.0,0.0,14.09,29.04,0.0,9.13,3.52,18.84,26.82,43.13,Tennessee State Tigers
Mark Freeman,690.0,1408.0,-6.52,84.60982658959537,91.13128491620111,84.61,94.29,46.46,95.74,7.8,26.08,0.0,0.0,13.8,28.61,0.0,9.39,3.4,18.06,26.45,42.41,Tennessee State Tigers
Josh Linder,450.0,920.5,-7.0,86.09566184649611,93.09978768577494,86.1,97.55,46.61,96.11,8.34,26.81,0.0,0.0,14.79,28.03,0.0,9.45,3.56,18.69,28.03,42.82,Tennessee State Tigers
Mason Green,200.0,394.5,-7.0,75.82697201017811,82.82828282828282,75.83,83.46,43.51,93.13,5.85,23.66,0.0,0.0,14.25,32.82,0.0,8.91,5.6,21.12,23.92,47.07,Tennessee State Tigers
Shakwon Barrett,280.0,584.5,-10.59,80.1038062283737,90.69373942470389,80.1,92.73,44.29,94.12,5.88,25.61,0.0,0.0,14.19,27.68,0.0,9.52,3.81,20.07,27.16,41.87,Tennessee State Tigers
Monty Johal,290.0,585.0,-10.69,78.85615251299826,89.54468802698145,78.86,92.03,44.54,94.11,7.28,26.17,0.0,0.0,14.38,29.81,0.0,8.67,4.68,20.28,26.52,44.19,Tennessee State Tigers
Donnie Malone,40.0,76.0,-16.1,80.0,96.1038961038961,80.0,98.67,42.67,109.33,9.33,25.33,0.0,0.0,20.0,32.0,0.0,8.0,2.67,10.67,29.33,52.0,Tennessee State Tigers
Kenny White Jr.,40.0,80.0,7.04,87.8048780487805,80.76923076923077,87.8,76.83,50.0,93.9,7.32,28.05,0.0,0.0,14.63,32.93,0.0,14.63,4.88,20.73,21.95,47.56,Tennessee Tech Golden Eagles
Maverick Smith,120.0,224.0,1.27,92.37668161434978,91.11111111111111,92.38,91.93,46.64,96.86,13.0,36.32,0.0,0.0,14.35,29.15,0.0,10.76,3.59,17.49,24.66,43.5,Tennessee Tech Golden Eagles
Amadou Sylla,160.0,313.0,-4.39,91.11111111111111,95.4983922829582,91.11,94.29,46.98,92.38,12.7,34.6,0.0,0.0,11.75,30.48,0.0,11.11,3.17,19.37,22.54,42.23,Tennessee Tech Golden Eagles
CJ Gettelfinger,200.0,377.0,-6.15,92.26666666666667,98.41688654353563,92.27,99.47,46.93,93.87,10.93,32.8,0.0,0.0,12.8,31.73,0.0,9.07,2.67,18.93,18.4,44.53,Tennessee Tech Golden Eagles
Jr. Clay,720.0,1372.0,-7.28,91.69701383831027,98.97884755652808,91.7,98.83,47.41,93.66,11.43,32.99,0.0,0.0,13.98,31.25,0.0,9.54,2.77,20.32,19.08,45.23,Tennessee Tech Golden Eagles
Shandon Goldman,280.0,539.5,-8.18,91.44981412639405,99.63031423290202,91.45,100.19,47.4,95.72,10.41,31.97,0.0,0.0,14.68,31.23,0.0,9.29,2.97,18.96,18.22,45.91,Tennessee Tech Golden Eagles
Damaria Franklin,640.0,1222.0,-8.29,90.8121410992617,99.10204081632654,90.81,99.59,46.84,93.68,11.16,32.24,0.0,0.0,13.78,31.99,0.0,9.27,2.71,20.1,18.95,45.77,Tennessee Tech Golden Eagles
Austin Harvell,760.0,1455.5,-9.08,89.95873452544704,99.03912148249829,89.96,99.24,46.84,93.54,10.87,32.53,0.0,0.0,13.76,31.16,0.0,9.63,2.89,20.22,19.26,44.92,Tennessee Tech Golden Eagles
Keishawn Davidson,760.0,1455.0,-9.1,89.46280991735537,98.559670781893,89.46,98.97,46.49,93.8,10.74,32.51,0.0,0.0,14.05,30.85,0.0,9.64,2.96,20.25,19.63,44.9,Tennessee Tech Golden Eagles
Marcus Hopkins,320.0,594.5,-12.12,87.37373737373737,99.49579831932773,87.37,99.66,45.96,94.11,10.27,33.0,0.0,0.0,14.81,31.99,0.0,8.59,2.69,20.71,18.69,46.8,Tennessee Tech Golden Eagles
Jaden Springer,520.0,1027.0,7.33,91.40625,84.07766990291262,91.41,84.57,49.9,95.02,9.47,27.93,0.0,0.0,12.3,31.64,0.0,9.08,6.15,17.29,22.07,43.94,Tennessee Volunteers
John Fulkerson,680.0,1343.0,4.82,87.99110452186805,83.1712789827973,87.99,82.43,49.07,96.37,8.23,25.43,0.0,0.0,12.82,30.39,0.0,8.52,6.38,16.46,22.16,43.21,Tennessee Volunteers
Victor Bailey Jr.,240.0,482.0,4.62,88.19875776397515,83.57588357588358,88.2,83.23,49.28,97.93,8.49,24.02,0.0,0.0,14.29,31.88,0.0,7.87,6.0,16.36,22.36,46.17,Tennessee Volunteers
Santiago Vescovi,600.0,1187.5,3.43,86.5546218487395,83.12236286919831,86.55,82.77,48.24,96.64,7.9,25.46,0.0,0.0,13.11,30.25,0.0,8.82,6.72,16.47,22.35,43.36,Tennessee Volunteers
Yves Pons,720.0,1412.0,2.99,86.93502824858757,83.94886363636364,86.94,83.47,48.09,96.89,8.19,25.92,0.0,0.0,13.49,30.72,0.0,8.62,6.57,16.6,22.1,44.21,Tennessee Volunteers
Keon Johnson,600.0,1192.0,0.78,86.756077116513,85.97816960537364,86.76,85.83,47.95,95.89,8.55,26.91,0.0,0.0,13.41,30.09,0.0,8.89,6.45,17.52,21.29,43.5,Tennessee Volunteers
Josiah-Jordan James,440.0,879.0,0.09,85.31073446327684,85.2233676975945,85.31,84.07,48.25,96.38,7.8,24.75,0.0,0.0,12.43,29.15,0.0,9.15,6.44,16.05,21.92,41.58,Tennessee Volunteers
Jay Jay Chandler,80.0,142.5,-4.55,78.67647058823529,83.22147651006712,78.68,91.18,41.18,101.47,6.62,33.82,0.0,0.0,17.65,31.62,0.0,10.29,2.94,16.18,23.53,49.27,Texas A&M Aggies
Savion Flagg,120.0,223.0,-6.4,94.03669724770643,100.43859649122805,94.04,105.05,47.71,104.59,9.63,33.49,0.0,0.0,20.18,28.44,0.0,9.17,3.21,15.6,24.77,48.62,Texas A&M Aggies
Jonathan Aku,240.0,425.0,-11.06,85.91885441527445,96.98375870069606,85.92,99.76,44.15,95.47,9.31,29.12,0.0,0.0,17.18,28.88,0.0,8.59,3.34,21.72,24.82,46.06,Texas A&M Aggies
Jaxson Robinson,120.0,228.5,-12.13,83.55555555555556,95.6896551724138,83.56,98.67,42.67,93.78,11.56,40.44,0.0,0.0,14.22,32.44,0.0,8.44,2.22,20.44,22.67,46.66,Texas A&M Aggies
Quenton Jackson,280.0,520.5,-12.87,87.13450292397661,100.0,87.13,102.92,44.44,98.83,10.14,37.04,0.0,0.0,16.96,30.21,0.0,8.38,2.92,18.13,23.39,47.17,Texas A&M Aggies
Andre Gordon,440.0,791.0,-13.0,84.37900128040972,97.37827715355806,84.38,99.87,43.53,97.06,9.48,33.8,0.0,0.0,16.77,29.96,0.0,8.71,2.94,19.72,23.43,46.73,Texas A&M Aggies
Hassan Diarra,160.0,270.5,-13.2,79.1044776119403,92.3076923076923,79.1,94.03,41.79,93.66,8.21,27.61,0.0,0.0,16.42,29.48,0.0,9.33,2.99,22.76,23.51,45.9,Texas A&M Aggies
Emanuel Miller,400.0,722.5,-13.77,84.31372549019608,98.08481532147742,84.31,100.42,43.28,95.1,9.8,33.47,0.0,0.0,16.11,29.97,0.0,8.26,3.08,21.01,23.81,46.08,Texas A&M Aggies
Kevin Marfo,200.0,366.0,-15.24,82.59668508287292,97.83783783783784,82.6,100.0,42.82,98.9,9.67,39.23,0.0,0.0,16.3,31.22,0.0,8.84,2.49,17.4,21.82,47.52,Texas A&M Aggies
Hayden Hefner,120.0,196.5,-17.05,81.4070351758794,98.4536082474227,81.41,95.98,43.72,96.48,8.54,26.63,0.0,0.0,18.09,28.14,0.0,10.05,2.51,21.61,22.11,46.23,Texas A&M Aggies
LaDamien Bradford,40.0,69.0,-36.09,77.14285714285715,113.23529411764706,77.14,110.0,40.0,97.14,7.14,37.14,0.0,0.0,15.71,28.57,0.0,5.71,4.29,18.57,21.43,44.28,Texas A&M Aggies
Myles Smith,519.5,1011.0,-10.17,85.15240904621436,95.32338308457712,85.15,94.2,45.62,92.92,9.14,25.27,0.0,0.0,12.78,31.27,0.0,8.85,3.05,19.86,21.24,44.05,Texas A&M-Corpus Christi Islanders
Jalen White,559.5,1114.0,-11.41,83.72093023255815,95.13513513513514,83.72,94.45,45.17,92.4,8.86,24.51,0.0,0.0,13.15,30.95,0.0,8.86,3.4,20.75,21.2,44.1,Texas A&M-Corpus Christi Islanders
De'Lazarus Keys,519.9,1018.0,-12.27,83.46303501945526,95.73412698412699,83.46,93.87,45.62,92.8,8.46,24.03,0.0,0.0,13.04,31.13,0.0,8.85,3.02,20.23,20.62,44.17,Texas A&M-Corpus Christi Islanders
Simeon Fryer,439.6,890.0,-12.37,82.5503355704698,94.92099322799096,82.55,94.07,45.3,92.39,8.39,24.16,0.0,0.0,13.98,30.31,0.0,9.51,3.47,21.59,21.48,44.29,Texas A&M-Corpus Christi Islanders
Nolan Bertain,559.9,1103.5,-12.96,83.19856244384546,96.16087751371116,83.2,94.52,45.28,92.81,8.45,23.81,0.0,0.0,13.21,31.0,0.0,8.63,3.23,20.4,20.58,44.21,Texas A&M-Corpus Christi Islanders
Jordan Hairston,120.0,238.5,-16.53,77.21518987341773,93.75,77.22,94.94,42.19,92.41,8.02,23.63,0.0,0.0,12.24,31.65,0.0,7.17,3.38,19.83,21.1,43.89,Texas A&M-Corpus Christi Islanders
Peyton Smith,159.5,312.0,-17.31,81.41025641025641,98.71794871794873,81.41,98.72,43.27,93.59,8.97,23.4,0.0,0.0,13.78,31.41,0.0,4.81,2.56,20.19,25.0,45.19,Texas A&M-Corpus Christi Islanders
Perry Francois,119.6,238.0,-19.95,77.96610169491525,97.91666666666666,77.97,99.58,41.53,94.49,8.47,24.15,0.0,0.0,14.83,30.51,0.0,5.08,2.97,20.34,25.85,45.34,Texas A&M-Corpus Christi Islanders
Kamaka Hepa,40.0,77.5,23.08,107.89473684210526,84.81012658227847,107.89,88.16,51.32,96.05,15.79,40.79,0.0,0.0,9.21,35.53,0.0,11.84,5.26,13.16,23.68,44.74,Texas Longhorns
Royce Hamm Jr.,40.0,89.0,6.92,92.94117647058823,86.02150537634408,92.94,94.12,51.76,100.0,7.06,29.41,0.0,0.0,15.29,38.82,0.0,4.71,5.88,15.29,34.12,54.11,Texas Longhorns
Andrew Jones,775.0,1546.5,5.6,93.24236517218974,87.64478764478764,93.24,88.5,49.51,95.84,11.05,30.15,0.0,0.0,13.65,33.98,0.0,8.19,4.81,17.8,23.39,47.63,Texas Longhorns
Matt Coleman III,775.0,1546.5,5.6,93.24236517218974,87.64478764478764,93.24,88.5,49.51,95.84,11.05,30.15,0.0,0.0,13.65,33.98,0.0,8.19,4.81,17.8,23.39,47.63,Texas Longhorns
Courtney Ramey,735.0,1457.5,5.51,93.25997248968363,87.74811772758385,93.26,88.17,49.38,95.6,11.28,30.19,0.0,0.0,13.55,33.7,0.0,8.39,4.75,17.95,22.76,47.25,Texas Longhorns
Jericho Sims,735.0,1457.5,5.51,93.25997248968363,87.74811772758385,93.26,88.17,49.38,95.6,11.28,30.19,0.0,0.0,13.55,33.7,0.0,8.39,4.75,17.95,22.76,47.25,Texas Longhorns
Greg Brown III,695.0,1379.0,5.27,92.2514619883041,86.97841726618705,92.25,88.38,48.76,95.69,11.04,30.34,0.0,0.0,13.82,34.43,0.0,7.97,4.82,18.13,23.68,48.25,Texas Longhorns
Kai Jones,80.0,179.0,1.19,94.44444444444444,93.25842696629213,94.44,92.22,55.56,98.89,7.22,23.89,0.0,0.0,15.0,32.22,0.0,6.67,5.0,16.11,26.11,47.22,Texas Longhorns
Justin Hopkins,165.0,345.5,9.38,92.02279202279202,82.6470588235294,92.02,80.06,53.28,95.44,6.27,18.23,0.0,0.0,14.81,32.19,0.0,6.55,3.99,19.37,21.08,47.0,Texas Southern Tigers
Jordan Gilliam,404.9,867.5,6.59,88.47457627118645,81.88235294117648,88.47,78.64,52.43,94.8,5.2,18.76,0.0,0.0,14.46,34.58,0.0,8.02,5.99,19.66,21.69,49.04,Texas Southern Tigers
Yahuza Rasas,160.0,345.5,5.15,86.15819209039547,81.00890207715133,86.16,77.12,51.41,95.48,4.8,18.36,0.0,0.0,13.56,31.64,0.0,8.19,5.37,18.08,21.75,45.2,Texas Southern Tigers
John Walker III,364.9,779.5,4.81,86.70012547051444,81.88976377952756,86.7,78.29,51.69,95.23,4.77,17.31,0.0,0.0,15.81,35.63,0.0,8.78,6.27,20.58,21.46,51.44,Texas Southern Tigers
Michael Weathers,484.9,1038.5,4.55,87.48824082784571,82.9388560157791,87.49,79.12,52.21,95.3,5.17,18.06,0.0,0.0,15.33,33.49,0.0,8.28,5.93,20.04,20.88,48.82,Texas Southern Tigers
Joirdon Karl Nicholas,404.9,863.5,4.15,88.58757062146893,84.44180522565321,88.59,80.34,52.88,94.92,5.65,18.76,0.0,0.0,15.37,32.77,0.0,7.91,5.76,20.45,20.56,48.14,Texas Southern Tigers
Galen Alexander,359.9,781.5,2.35,85.66084788029926,83.311432325887,85.66,79.05,51.87,95.64,4.74,17.83,0.0,0.0,15.84,33.54,0.0,8.98,6.86,20.2,20.2,49.38,Texas Southern Tigers
John Jones,80.0,171.0,-5.83,82.58426966292134,88.41463414634147,82.58,81.46,51.12,97.75,5.06,14.61,0.0,0.0,19.66,28.09,0.0,9.55,5.62,21.91,16.85,47.75,Texas Southern Tigers
Shelby Adams,490.0,823.5,9.68,93.39853300733496,83.71531966224367,93.4,84.84,50.12,97.07,8.31,21.27,0.0,0.0,14.55,34.6,0.0,9.17,3.42,17.48,22.49,49.15,Texas State Bobcats
Isiah Small,490.0,824.5,9.65,93.64303178484109,83.99518652226233,93.64,85.33,49.76,96.58,8.56,22.25,0.0,0.0,14.67,34.47,0.0,8.92,3.67,18.09,23.96,49.14,Texas State Bobcats
Mason Harrell,490.0,824.5,9.65,93.64303178484109,83.99518652226233,93.64,85.33,49.76,96.58,8.56,22.25,0.0,0.0,14.67,34.47,0.0,8.92,3.67,18.09,23.96,49.14,Texas State Bobcats
Alonzo Sule,530.0,896.0,9.24,92.81705948372615,83.57380688124306,92.82,84.51,49.61,95.85,8.64,22.11,0.0,0.0,14.14,34.57,0.0,8.87,3.37,18.29,23.34,48.71,Texas State Bobcats
Caleb Asberry,530.0,896.0,9.24,92.81705948372615,83.57380688124306,92.82,84.51,49.61,95.85,8.64,22.11,0.0,0.0,14.14,34.57,0.0,8.87,3.37,18.29,23.34,48.71,Texas State Bobcats
Dylan Dawson,40.0,71.5,4.99,83.56164383561644,78.57142857142857,83.56,75.34,47.95,87.67,9.59,20.55,0.0,0.0,8.22,35.62,0.0,8.22,0.0,20.55,16.44,43.84,Texas State Bobcats
Quentin Scott,40.0,71.5,4.99,83.56164383561644,78.57142857142857,83.56,75.34,47.95,87.67,9.59,20.55,0.0,0.0,8.22,35.62,0.0,8.22,0.0,20.55,16.44,43.84,Texas State Bobcats
Marlin Davis,40.0,72.5,4.36,86.3013698630137,81.94444444444444,86.3,80.82,43.84,82.19,12.33,31.51,0.0,0.0,9.59,34.25,0.0,5.48,2.74,27.4,32.88,43.84,Texas State Bobcats
Micah Peavy,605.0,1148.0,7.77,93.88111888111888,86.11111111111111,93.88,86.71,52.71,100.7,7.69,22.81,0.0,0.0,14.42,30.94,0.0,9.35,5.07,13.72,23.78,45.36,Texas Tech Red Raiders
Kyler Edwards,605.0,1142.5,6.2,93.3740191804708,87.17047451669596,93.37,86.49,52.48,101.57,7.85,23.02,0.0,0.0,15.26,30.43,0.0,9.94,5.06,13.69,22.84,45.69,Texas Tech Red Raiders
Kevin McCullar Jr.,610.0,1161.0,5.52,93.48757497857754,87.96536796536797,93.49,87.06,52.96,100.69,7.88,22.54,0.0,0.0,14.74,30.25,0.0,9.6,5.4,14.05,23.05,44.99,Texas Tech Red Raiders
Mac McClung,690.0,1311.5,5.45,92.61796042617961,87.16577540106952,92.62,86.83,52.21,100.61,7.76,22.83,0.0,0.0,14.61,30.21,0.0,9.36,5.18,14.0,23.21,44.82,Texas Tech Red Raiders
Marcus Santos-Silva,690.0,1311.5,5.45,92.61796042617961,87.16577540106952,92.62,86.83,52.21,100.61,7.76,22.83,0.0,0.0,14.61,30.21,0.0,9.36,5.18,14.0,23.21,44.82,Texas Tech Red Raiders
Jamarius Burton,85.0,169.0,0.29,87.42514970059881,87.13450292397661,87.43,89.22,50.3,94.01,7.19,21.56,0.0,0.0,10.18,28.74,0.0,5.39,5.99,16.17,25.75,38.92,Texas Tech Red Raiders
Terrence Shannon Jr.,165.0,314.0,-3.24,84.85804416403786,88.10289389067523,84.86,86.44,47.63,100.0,7.57,23.97,0.0,0.0,14.83,27.44,0.0,8.52,4.73,14.83,21.77,42.27,Texas Tech Red Raiders
Brady Spence,40.0,87.5,4.55,104.54545454545455,100.0,104.55,98.86,54.55,90.91,18.18,35.23,0.0,0.0,2.27,34.09,0.0,6.82,7.95,11.36,23.86,36.36,The Citadel Bulldogs
Fletcher Abee,639.3,1322.5,-6.31,93.84384384384384,100.15232292460014,93.84,98.72,50.0,97.52,11.11,33.26,0.0,0.0,12.31,34.31,0.0,4.95,5.33,14.79,19.74,46.62,The Citadel Bulldogs
Hayden Brown,719.3,1469.5,-9.13,92.10526315789474,101.23541523678792,92.11,99.53,49.12,97.71,10.53,32.79,0.0,0.0,12.15,33.67,0.0,5.4,4.93,14.44,18.89,45.82,The Citadel Bulldogs
Kaiden Rice,719.3,1469.5,-9.13,92.10526315789474,101.23541523678792,92.11,99.53,49.12,97.71,10.53,32.79,0.0,0.0,12.15,33.67,0.0,5.4,4.93,14.44,18.89,45.82,The Citadel Bulldogs
Tyler Moffe,719.3,1469.5,-9.13,92.10526315789474,101.23541523678792,92.11,99.53,49.12,97.71,10.53,32.79,0.0,0.0,12.15,33.67,0.0,5.4,4.93,14.44,18.89,45.82,The Citadel Bulldogs
Stephen Clark,679.3,1382.0,-9.99,91.31994261119083,101.3138686131387,91.32,99.57,48.78,98.13,10.04,32.64,0.0,0.0,12.77,33.64,0.0,5.31,4.73,14.63,18.58,46.41,The Citadel Bulldogs
Brent Davis,80.0,147.0,-34.44,76.66666666666667,111.11111111111111,76.67,106.67,41.33,99.33,5.33,28.67,0.0,0.0,10.67,28.0,0.0,9.33,1.33,11.33,11.33,38.67,The Citadel Bulldogs
Jonathan Komagum,80.0,155.5,21.42,106.28930817610063,84.86842105263158,106.29,81.13,55.35,99.37,14.47,38.36,0.0,0.0,16.98,33.33,0.0,5.66,2.52,17.61,20.75,50.31,Toledo Rockets
Marreon Jackson,849.4,1672.5,12.38,105.82986317668055,93.44951923076923,105.83,92.5,54.55,100.12,13.5,36.17,0.0,0.0,13.5,33.85,0.0,7.67,3.39,13.38,19.1,47.35,Toledo Rockets
Ryan Rollins,849.4,1672.5,12.38,105.82986317668055,93.44951923076923,105.83,92.5,54.55,100.12,13.5,36.17,0.0,0.0,13.5,33.85,0.0,7.67,3.39,13.38,19.1,47.35,Toledo Rockets
Setric Millner Jr.,849.4,1672.5,12.38,105.82986317668055,93.44951923076923,105.83,92.5,54.55,100.12,13.5,36.17,0.0,0.0,13.5,33.85,0.0,7.67,3.39,13.38,19.1,47.35,Toledo Rockets
Spencer Littleson,849.4,1672.5,12.38,105.82986317668055,93.44951923076923,105.83,92.5,54.55,100.12,13.5,36.17,0.0,0.0,13.5,33.85,0.0,7.67,3.39,13.38,19.1,47.35,Toledo Rockets
JT Shumate,769.4,1517.0,11.47,105.78186596583443,94.31216931216932,105.78,93.69,54.47,100.2,13.4,35.94,0.0,0.0,13.14,33.9,0.0,7.88,3.48,12.94,18.92,47.04,Toledo Rockets
Cam Allen,160.0,305.5,-2.75,92.71523178807946,95.46925566343042,92.72,97.68,53.31,99.01,4.97,20.86,0.0,0.0,18.54,35.76,0.0,4.64,4.64,19.54,25.17,54.3,Towson Tigers
Victor Uyaelunmo,200.0,376.0,-4.81,93.06666666666666,97.87798408488064,93.07,98.4,53.87,100.27,4.8,21.33,0.0,0.0,19.2,34.13,0.0,5.6,4.27,18.93,24.53,53.33,Towson Tigers
Solomon Uyaelunmo,320.0,583.0,-7.99,90.63032367972743,98.61830742659758,90.63,97.27,52.81,100.85,4.94,18.74,0.0,0.0,18.57,33.9,0.0,5.79,3.58,17.72,23.85,52.47,Towson Tigers
Zane Martin,410.0,754.0,-8.35,92.18543046357615,100.53120849933599,92.19,100.26,52.05,106.36,7.28,25.3,0.0,0.0,21.72,29.8,0.0,7.68,4.64,15.36,23.97,51.52,Towson Tigers
Nicolas Timberlake,530.0,969.0,-9.24,90.75975359342917,100.0,90.76,98.97,51.64,104.21,6.78,23.61,0.0,0.0,20.33,31.21,0.0,7.08,4.31,16.12,23.72,51.54,Towson Tigers
Demetrius Mims,330.0,601.0,-11.56,89.10891089108911,100.67114093959732,89.11,99.01,50.0,104.79,7.92,26.24,0.0,0.0,20.3,30.36,0.0,7.59,4.62,15.51,23.27,50.66,Towson Tigers
Charles Thompson,330.0,593.0,-12.05,89.31552587646077,101.36286201022146,89.32,99.33,50.25,106.68,8.01,25.04,0.0,0.0,21.04,29.38,0.0,8.01,4.34,14.36,23.21,50.42,Towson Tigers
Jason Gibson,370.0,663.5,-12.26,89.88095238095238,102.13740458015268,89.88,99.55,50.89,106.55,7.59,24.85,0.0,0.0,21.13,29.17,0.0,8.18,4.17,14.58,23.07,50.3,Towson Tigers
Kieffer Punter,243.5,449.5,-4.74,87.72321428571429,92.46119733924611,87.72,93.08,45.98,93.08,9.38,29.69,0.0,0.0,13.39,35.27,0.0,7.81,4.24,20.31,22.1,48.66,Troy Trojans
Duke Miles,518.5,1010.5,-6.8,82.04365079365078,88.84501480750247,82.04,89.29,44.44,94.25,8.53,30.46,0.0,0.0,13.29,35.42,0.0,8.23,3.47,19.05,21.92,48.71,Troy Trojans
Nick Stampley,643.5,1244.0,-7.54,83.64222401289283,91.17882919005613,83.64,91.62,45.21,95.65,8.86,30.54,0.0,0.0,14.59,34.41,0.0,7.74,3.63,18.94,22.0,49.0,Troy Trojans
Kam Woods,325.0,620.5,-7.72,82.98217179902755,90.7051282051282,82.98,91.73,43.76,94.17,8.75,29.66,0.0,0.0,14.91,32.58,0.0,7.46,3.24,20.75,22.2,47.49,Troy Trojans
Zay Williams,683.5,1308.5,-8.03,83.63914373088684,91.67303284950343,83.64,91.74,45.03,94.88,8.79,30.28,0.0,0.0,14.22,34.1,0.0,7.72,3.75,19.34,21.87,48.32,Troy Trojans
Desmond Williams,360.0,702.0,-8.69,83.42776203966005,92.12034383954155,83.43,91.08,46.46,97.17,8.5,30.17,0.0,0.0,14.73,33.14,0.0,7.37,3.97,17.56,21.81,47.87,Troy Trojans
Khalyl Waters,563.5,1062.0,-9.81,84.61538461538461,94.4234404536862,84.62,93.71,45.68,95.03,9.01,30.11,0.0,0.0,14.63,34.05,0.0,7.22,4.22,19.61,21.76,48.68,Troy Trojans
Jakevan Leftridge,40.0,81.0,-15.68,74.68354430379746,90.36144578313254,74.68,94.94,35.44,96.2,8.86,39.24,0.0,0.0,15.19,31.65,0.0,12.66,0.0,18.99,18.99,46.84,Troy Trojans
Christian Turner,40.0,64.5,-18.03,83.5820895522388,101.61290322580645,83.58,94.03,41.79,80.6,7.46,25.37,0.0,0.0,7.46,28.36,0.0,7.46,5.97,26.87,19.4,35.82,Troy Trojans
Jadan Coleman,40.0,78.5,2.96,95.06172839506173,92.10526315789474,95.06,86.42,55.56,98.77,7.41,28.4,0.0,0.0,7.41,33.33,0.0,12.35,4.94,8.64,17.28,40.74,Tulane Green Wave
Tylan Pope,240.0,441.5,-0.81,83.6322869955157,84.43935926773455,83.63,82.74,47.76,100.0,7.85,28.25,0.0,0.0,14.57,36.1,0.0,8.74,2.91,14.57,20.63,50.67,Tulane Green Wave
Jaylen Forbes,720.0,1360.5,-10.92,81.91027496382056,92.83047050037341,81.91,89.94,47.03,98.26,7.96,27.5,0.0,0.0,12.59,31.55,0.0,9.7,3.76,14.33,20.12,44.14,Tulane Green Wave
Jordan Walker,720.0,1360.5,-10.92,81.91027496382056,92.83047050037341,81.91,89.94,47.03,98.26,7.96,27.5,0.0,0.0,12.59,31.55,0.0,9.7,3.76,14.33,20.12,44.14,Tulane Green Wave
Kevin Cross,640.0,1208.0,-10.93,82.75020341741252,93.68155012636899,82.75,90.48,47.93,98.29,7.73,26.69,0.0,0.0,12.94,31.49,0.0,9.76,3.82,14.65,19.85,44.43,Tulane Green Wave
Nobal Days,80.0,152.5,-11.02,75.16339869281046,86.18421052631578,75.16,85.62,39.87,98.04,9.8,33.99,0.0,0.0,9.8,32.03,0.0,9.15,3.27,11.76,22.22,41.83,Tulane Green Wave
Sion James,560.0,1081.0,-11.81,83.02919708029196,94.8405253283302,83.03,92.24,48.45,98.36,7.48,26.28,0.0,0.0,12.59,30.93,0.0,10.04,4.11,14.23,20.07,43.52,Tulane Green Wave
Gabe Watson,400.0,739.5,-12.37,77.93923381770145,90.30470914127424,77.94,86.13,43.99,95.77,8.85,27.87,0.0,0.0,11.23,30.52,0.0,10.3,3.43,15.46,19.42,41.75,Tulane Green Wave
R.J. McGee,200.0,380.5,-20.09,81.77083333333334,101.85676392572944,81.77,100.0,46.35,100.78,7.81,29.17,0.0,0.0,14.06,29.69,0.0,8.07,4.17,13.28,21.61,43.75,Tulane Green Wave
Keshawn Williams,40.0,73.0,10.81,100.0,89.1891891891892,100.0,91.67,58.33,109.72,8.33,31.94,0.0,0.0,19.44,23.61,0.0,11.11,0.0,9.72,23.61,43.05,Tulsa Golden Hurricane
Keyshawn Embery-Simpson,400.0,744.0,0.2,87.46556473829202,87.27034120734908,87.47,91.6,47.52,96.56,9.78,31.82,0.0,0.0,13.09,35.81,0.0,7.3,3.03,16.53,25.07,48.9,Tulsa Golden Hurricane
Rey Idowu,280.0,514.5,-1.46,89.2578125,90.71566731141199,89.26,91.6,49.02,98.05,9.38,29.49,0.0,0.0,15.62,33.2,0.0,8.79,3.12,17.58,22.07,48.82,Tulsa Golden Hurricane
Austin Richie,440.0,810.5,-1.51,87.26591760299625,88.78048780487805,87.27,90.89,49.06,95.13,8.11,27.59,0.0,0.0,13.73,32.33,0.0,8.49,3.12,18.6,23.22,46.06,Tulsa Golden Hurricane
Brandon Rachal,680.0,1254.5,-2.48,86.4297253634895,88.90637293469709,86.43,91.28,47.66,96.2,8.8,29.81,0.0,0.0,13.73,33.04,0.0,8.0,2.67,17.53,23.59,46.77,Tulsa Golden Hurricane
Elijah Joiner,680.0,1254.5,-2.48,86.4297253634895,88.90637293469709,86.43,91.28,47.66,96.2,8.8,29.81,0.0,0.0,13.73,33.04,0.0,8.0,2.67,17.53,23.59,46.77,Tulsa Golden Hurricane
Emmanuel Ugboh,400.0,740.0,-3.23,84.43526170798899,87.66578249336871,84.44,91.05,46.69,94.9,8.4,30.03,0.0,0.0,12.4,32.92,0.0,7.44,2.34,17.49,24.66,45.32,Tulsa Golden Hurricane
Darien Jackson,40.0,65.5,-6.64,77.41935483870968,84.05797101449275,77.42,93.55,37.1,90.32,6.45,33.87,0.0,0.0,8.06,38.71,0.0,11.29,3.23,17.74,25.81,46.77,Tulsa Golden Hurricane
Curtis Haywood II,440.0,816.0,-6.77,84.1717791411043,90.94247246022032,84.17,91.17,46.26,96.2,8.83,29.69,0.0,0.0,14.23,31.66,0.0,7.61,2.09,18.04,22.45,45.89,Tulsa Golden Hurricane
Jalen Benjamin,120.0,200.0,10.41,97.07317073170731,86.66666666666667,97.07,82.44,50.24,102.44,11.22,31.22,0.0,0.0,17.07,33.17,0.0,8.78,5.85,14.63,17.56,50.24,UAB Blazers
Michael Ertel,680.0,1222.0,6.03,92.11382113821138,86.07907742998353,92.11,84.96,50.16,102.03,7.07,22.93,0.0,0.0,15.85,32.11,0.0,9.84,4.8,13.82,19.43,47.96,UAB Blazers
Tyreek Scott-Grayson,560.0,1014.5,5.29,92.66862170087975,87.37574552683897,92.67,85.92,49.66,101.66,7.53,23.75,0.0,0.0,15.15,33.04,0.0,10.07,4.59,13.49,18.77,48.19,UAB Blazers
Kassim Nicholson,760.0,1376.0,4.58,91.54121863799283,86.95652173913044,91.54,84.59,50.18,101.94,7.03,21.94,0.0,0.0,15.84,32.26,0.0,9.68,4.95,13.91,19.28,48.1,UAB Blazers
Trey Jemison,800.0,1451.0,4.13,91.286589516678,87.15980460572226,91.29,85.02,49.97,101.63,6.94,21.92,0.0,0.0,15.79,32.33,0.0,9.67,4.9,14.16,19.33,48.12,UAB Blazers
Tavin Lovan,720.0,1320.5,3.41,90.20926756352765,86.79969301611665,90.21,84.53,49.93,100.97,6.28,20.18,0.0,0.0,15.47,32.44,0.0,9.72,5.01,14.5,19.51,47.91,UAB Blazers
Quan Jackson,360.0,671.0,-2.52,87.59124087591242,90.10654490106545,87.59,86.42,49.64,101.31,5.69,17.96,0.0,0.0,16.79,31.39,0.0,8.91,4.96,15.47,20.29,48.18,UAB Blazers
Cameron Ba,165.0,331.5,2.08,88.35820895522389,86.28048780487805,88.36,84.48,49.85,97.01,8.36,23.88,0.0,0.0,14.93,28.66,0.0,9.25,2.69,17.91,24.18,43.59,UC Davis Aggies
Christian Anigwe,370.0,711.0,1.78,87.6770538243626,85.89385474860335,87.68,87.11,49.58,94.9,6.66,21.67,0.0,0.0,13.88,29.32,0.0,9.77,3.68,18.98,25.78,43.2,UC Davis Aggies
Elijah Pepper,535.0,1043.0,-3.19,86.468330134357,89.65517241379311,86.47,89.83,49.23,95.68,6.81,21.21,0.0,0.0,14.01,27.64,0.0,9.21,3.26,18.33,24.38,41.65,UC Davis Aggies
Ezra Manjon,535.0,1043.0,-3.19,86.468330134357,89.65517241379311,86.47,89.83,49.23,95.68,6.81,21.21,0.0,0.0,14.01,27.64,0.0,9.21,3.26,18.33,24.38,41.65,UC Davis Aggies
Kennedy Koehler,535.0,1043.0,-3.19,86.468330134357,89.65517241379311,86.47,89.83,49.23,95.68,6.81,21.21,0.0,0.0,14.01,27.64,0.0,9.21,3.26,18.33,24.38,41.65,UC Davis Aggies
Damion Squire,370.0,711.5,-5.63,85.57284299858557,91.20111731843575,85.57,92.36,48.94,95.05,6.08,19.94,0.0,0.0,13.58,27.16,0.0,9.19,3.54,18.53,24.47,40.74,UC Davis Aggies
Caleb Fuller,80.0,171.5,-11.34,83.33333333333334,94.67455621301775,83.33,91.95,47.13,93.68,7.47,20.11,0.0,0.0,12.07,21.26,0.0,9.77,2.3,18.39,19.54,33.33,UC Davis Aggies
B.J. Shaw,85.0,160.5,-16.69,84.5679012345679,101.25786163522012,84.57,99.38,50.0,101.23,6.79,20.37,0.0,0.0,16.67,27.16,0.0,6.17,2.47,15.43,23.46,43.83,UC Davis Aggies
JC Butler,365.0,647.0,9.92,86.7601246105919,76.84049079754601,86.76,78.04,50.31,97.66,6.54,19.47,0.0,0.0,15.89,37.23,0.0,9.97,4.83,18.22,23.36,53.12,UC Irvine Anteaters
Brad Greene,810.0,1489.5,7.2,89.82597054886212,82.62626262626263,89.83,82.13,51.27,98.66,6.22,18.47,0.0,0.0,15.39,38.49,0.0,9.64,5.76,16.73,21.95,53.88,UC Irvine Anteaters
Collin Welp,810.0,1489.5,7.2,89.82597054886212,82.62626262626263,89.83,82.13,51.27,98.66,6.22,18.47,0.0,0.0,15.39,38.49,0.0,9.64,5.76,16.73,21.95,53.88,UC Irvine Anteaters
Isaiah Lee,810.0,1489.5,7.2,89.82597054886212,82.62626262626263,89.83,82.13,51.27,98.66,6.22,18.47,0.0,0.0,15.39,38.49,0.0,9.64,5.76,16.73,21.95,53.88,UC Irvine Anteaters
Jeron Artest,690.0,1266.5,6.58,89.49019607843137,82.9093799682035,89.49,81.8,51.14,99.92,5.8,18.12,0.0,0.0,15.92,38.59,0.0,9.65,6.35,16.0,21.25,54.51,UC Irvine Anteaters
Dawson Baker,565.0,1065.5,6.21,92.06349206349206,85.84905660377359,92.06,84.97,52.01,97.76,6.54,18.3,0.0,0.0,14.47,39.12,0.0,9.43,5.6,16.71,21.94,53.59,UC Irvine Anteaters
George Willborn III,40.0,72.5,21.47,91.8918918918919,70.4225352112676,91.89,67.57,50.0,98.65,9.46,22.97,0.0,0.0,14.86,35.14,0.0,8.11,4.05,16.22,22.97,50.0,UC Riverside Highlanders
Arinze Chidom,605.0,1094.0,9.68,96.74418604651163,87.06199460916442,96.74,90.14,48.74,97.02,12.28,32.93,0.0,0.0,12.84,38.7,0.0,8.28,3.63,15.81,23.63,51.54,UC Riverside Highlanders
Dominick Pickett,685.0,1246.5,8.52,95.77235772357724,87.25257323832145,95.77,89.59,48.7,97.24,12.11,33.41,0.0,0.0,13.09,38.7,0.0,8.05,3.41,15.85,22.76,51.79,UC Riverside Highlanders
Jock Perry,685.0,1246.5,8.52,95.77235772357724,87.25257323832145,95.77,89.59,48.7,97.24,12.11,33.41,0.0,0.0,13.09,38.7,0.0,8.05,3.41,15.85,22.76,51.79,UC Riverside Highlanders
Zyon Pullin,685.0,1246.5,8.52,95.77235772357724,87.25257323832145,95.77,89.59,48.7,97.24,12.11,33.41,0.0,0.0,13.09,38.7,0.0,8.05,3.41,15.85,22.76,51.79,UC Riverside Highlanders
Flynn Cameron,645.0,1174.0,7.77,96.02076124567473,88.25503355704699,96.02,91.0,48.62,97.15,12.28,34.08,0.0,0.0,12.98,38.93,0.0,8.04,3.37,15.83,22.75,51.91,UC Riverside Highlanders
Angus McWilliam,80.0,152.5,0.37,89.03225806451613,88.66666666666667,89.03,85.81,48.39,98.71,10.97,36.77,0.0,0.0,14.84,38.71,0.0,6.45,1.94,16.13,16.77,53.55,UC Riverside Highlanders
Martin Tombe,40.0,72.5,11.5,116.90140845070422,105.40540540540539,116.9,109.86,56.34,92.96,14.08,26.76,0.0,0.0,4.23,35.21,0.0,11.27,0.0,11.27,18.31,39.44,UC San Diego Tritons
Jace Roquemore,80.0,164.5,0.39,96.25,95.85798816568047,96.25,101.25,43.75,92.5,15.0,39.38,0.0,0.0,8.12,25.0,0.0,13.12,3.75,15.62,20.62,33.12,UC San Diego Tritons
Hugh Baxter,525.0,998.0,-7.85,91.44869215291752,99.30139720558883,91.45,100.1,43.96,89.64,13.38,36.22,0.0,0.0,7.55,29.48,0.0,7.85,2.11,17.91,19.22,37.03,UC San Diego Tritons
Gabe Hadley,565.0,1062.5,-8.7,90.64272211720227,99.34395501405811,90.64,100.19,43.29,89.32,13.42,36.29,0.0,0.0,7.47,29.77,0.0,7.56,2.27,18.15,18.62,37.24,UC San Diego Tritons
Jake Killingsworth,565.0,1062.5,-8.7,90.64272211720227,99.34395501405811,90.64,100.19,43.29,89.32,13.42,36.29,0.0,0.0,7.47,29.77,0.0,7.56,2.27,18.15,18.62,37.24,UC San Diego Tritons
Mikey Howell,525.0,983.0,-8.86,91.0386965376782,99.89837398373984,91.04,100.1,43.48,89.41,13.65,36.05,0.0,0.0,7.43,30.14,0.0,7.33,2.24,18.02,18.33,37.57,UC San Diego Tritons
Bryce Pope,485.0,905.0,-11.74,87.15393133997786,98.89746416758544,87.15,99.34,41.97,88.37,12.85,36.77,0.0,0.0,7.64,29.79,0.0,6.53,2.21,19.27,18.6,37.43,UC San Diego Tritons
Toni Rocak,40.0,64.5,-21.88,78.125,100.0,78.12,101.56,32.81,84.38,14.06,37.5,0.0,0.0,6.25,34.38,0.0,3.12,4.69,21.88,9.38,40.63,UC San Diego Tritons
Destin Barnes,40.0,69.5,21.74,100.0,78.26086956521739,100.0,77.14,51.43,104.29,11.43,35.71,0.0,0.0,20.0,35.71,0.0,14.29,4.29,15.71,18.57,55.71,UC Santa Barbara Gauchos
Miles Norris,770.0,1412.0,12.86,97.5051975051975,84.64880521361331,97.51,81.01,54.75,99.31,7.9,23.7,0.0,0.0,14.0,33.61,0.0,10.05,3.33,14.69,20.79,47.61,UC Santa Barbara Gauchos
Brandon Cyrus,850.0,1550.0,12.75,97.59797724399493,84.84848484848484,97.6,81.42,54.68,99.43,8.22,24.46,0.0,0.0,14.16,33.38,0.0,10.11,3.29,14.73,20.92,47.54,UC Santa Barbara Gauchos
Devearl Ramsey,850.0,1550.0,12.75,97.59797724399493,84.84848484848484,97.6,81.42,54.68,99.43,8.22,24.46,0.0,0.0,14.16,33.38,0.0,10.11,3.29,14.73,20.92,47.54,UC Santa Barbara Gauchos
JaQuori McLaughlin,850.0,1550.0,12.75,97.59797724399493,84.84848484848484,97.6,81.42,54.68,99.43,8.22,24.46,0.0,0.0,14.16,33.38,0.0,10.11,3.29,14.73,20.92,47.54,UC Santa Barbara Gauchos
Amadou Sow,810.0,1480.5,12.32,97.4867724867725,85.16218081435473,97.49,81.61,54.83,99.21,8.07,23.94,0.0,0.0,13.89,33.27,0.0,9.92,3.24,14.68,21.03,47.16,UC Santa Barbara Gauchos
Robinson Idehen,80.0,138.0,11.7,98.56115107913669,86.86131386861314,98.56,85.61,53.96,100.72,11.51,32.37,0.0,0.0,15.83,30.94,0.0,10.79,2.88,15.11,22.3,46.77,UC Santa Barbara Gauchos
Darius Perry,525.0,967.5,4.85,93.86056191467222,89.01437371663245,93.86,90.22,48.28,94.59,12.17,32.05,0.0,0.0,13.42,34.03,0.0,9.68,5.31,18.83,21.12,47.45,UCF Knights
Jamille Reynolds,440.0,806.5,4.46,92.75905118601749,88.30049261083744,92.76,89.51,47.69,95.26,12.23,33.83,0.0,0.0,13.98,32.83,0.0,9.99,5.99,18.73,21.35,46.81,UCF Knights
Darin Green Jr.,805.0,1510.5,-1.93,88.8,90.72978303747534,88.8,92.0,46.93,94.47,10.47,29.73,0.0,0.0,14.4,32.07,0.0,8.93,4.73,19.93,22.27,46.47,UCF Knights
Isaiah Adams,445.0,862.0,-2.63,86.84516880093132,89.47976878612717,86.85,90.1,46.68,93.36,9.55,28.06,0.0,0.0,13.62,32.01,0.0,9.08,4.54,20.26,21.42,45.63,UCF Knights
C.J. Walker,525.0,970.5,-3.42,90.44652128764278,93.86503067484662,90.45,95.33,46.94,94.7,11.42,30.84,0.0,0.0,15.78,31.36,0.0,9.03,4.05,21.08,22.85,47.14,UCF Knights
Brandon Mahan,645.0,1211.5,-3.5,89.85868661679135,93.36065573770492,89.86,94.68,47.8,94.85,10.47,29.26,0.0,0.0,14.63,30.84,0.0,8.65,3.91,19.78,22.86,45.47,UCF Knights
Sean Mobley,200.0,371.5,-7.19,80.87431693989072,88.06366047745358,80.87,90.71,45.08,95.36,7.38,24.32,0.0,0.0,15.3,33.61,0.0,6.83,4.92,19.95,25.41,48.91,UCF Knights
Dre Fuller Jr.,440.0,852.5,-8.75,81.34592680047226,90.09324009324008,81.35,91.26,44.51,93.51,8.03,26.68,0.0,0.0,14.4,31.05,0.0,8.15,4.96,20.9,22.43,45.45,UCF Knights
Chris Smith,80.0,134.5,14.09,108.8235294117647,94.73684210526315,108.82,92.65,54.41,99.26,13.24,25.0,0.0,0.0,13.97,33.82,0.0,8.09,2.21,14.71,16.91,47.79,UCLA Bruins
Jules Bernard,655.0,1175.0,6.26,98.98391193903471,92.72882805816937,98.98,91.79,53.09,98.9,9.57,23.45,0.0,0.0,14.56,34.72,0.0,7.03,3.22,15.66,20.75,49.28,UCLA Bruins
Cody Riley,735.0,1324.0,5.24,98.87133182844244,93.63153904473086,98.87,92.93,53.05,99.32,9.63,23.85,0.0,0.0,14.67,34.09,0.0,7.15,3.39,15.35,21.14,48.76,UCLA Bruins
Jaime Jaquez Jr.,735.0,1324.0,5.24,98.87133182844244,93.63153904473086,98.87,92.93,53.05,99.32,9.63,23.85,0.0,0.0,14.67,34.09,0.0,7.15,3.39,15.35,21.14,48.76,UCLA Bruins
Tyger Campbell,735.0,1324.0,5.24,98.87133182844244,93.63153904473086,98.87,92.93,53.05,99.32,9.63,23.85,0.0,0.0,14.67,34.09,0.0,7.15,3.39,15.35,21.14,48.76,UCLA Bruins
Johnny Juzang,655.0,1192.0,4.23,98.16207184628237,93.93428812131424,98.16,93.15,53.05,99.67,9.61,24.56,0.0,0.0,14.95,33.92,0.0,7.18,3.34,15.29,21.22,48.87,UCLA Bruins
Mac Etienne,40.0,65.5,2.92,98.4375,95.52238805970148,98.44,100.0,50.0,96.88,7.81,14.06,0.0,0.0,12.5,34.38,0.0,4.69,7.81,15.62,26.56,46.88,UCLA Bruins
David Singleton,40.0,81.0,-7.53,91.25,98.78048780487805,91.25,101.25,52.5,102.5,6.25,25.0,0.0,0.0,15.0,27.5,0.0,8.75,5.0,12.5,28.75,42.5,UCLA Bruins
James Bouknight,405.0,755.5,15.1,97.08994708994709,81.98675496688742,97.09,81.88,53.31,104.37,8.47,26.98,0.0,0.0,19.18,35.32,0.0,6.75,5.69,14.81,24.07,54.5,UConn Huskies
Andre Jackson Jr.,80.0,152.0,13.16,100.6578947368421,87.5,100.66,87.5,52.63,101.97,10.53,25.0,0.0,0.0,17.76,36.84,0.0,6.58,9.21,15.79,25.66,54.6,UConn Huskies
R.J. Cole,645.0,1196.5,12.56,95.22212908633698,82.66666666666667,95.22,83.15,51.89,103.1,8.8,26.15,0.0,0.0,18.78,34.12,0.0,8.38,6.29,15.67,24.56,52.9,UConn Huskies
Adama Sanogo,680.0,1255.5,12.32,95.99679743795036,83.67670364500792,96.0,84.55,51.72,102.88,9.05,26.26,0.0,0.0,18.57,34.75,0.0,8.17,6.97,15.69,24.98,53.32,UConn Huskies
Isaiah Whaley,725.0,1346.0,11.27,95.0,83.72781065088756,95.0,84.48,51.42,102.84,8.96,26.72,0.0,0.0,18.43,34.33,0.0,8.28,6.79,15.6,24.85,52.76,UConn Huskies
Tyrese Martin,725.0,1346.0,11.27,95.0,83.72781065088756,95.0,84.48,51.42,102.84,8.96,26.72,0.0,0.0,18.43,34.33,0.0,8.28,6.79,15.6,24.85,52.76,UConn Huskies
Brendan Adams,200.0,366.0,5.6,90.38461538461539,84.78260869565217,90.38,85.71,48.63,100.82,9.89,26.37,0.0,0.0,17.86,31.04,0.0,12.09,7.14,17.03,24.45,48.9,UConn Huskies
Jalen Gaffney,80.0,149.5,1.09,93.19727891156462,92.10526315789474,93.2,95.24,47.62,100.68,10.2,31.29,0.0,0.0,15.65,36.05,0.0,7.48,10.88,14.97,27.21,51.7,UConn Huskies
Josh Carlton,45.0,90.5,-3.13,81.31868131868131,84.44444444444444,81.32,83.52,47.25,102.2,7.69,32.97,0.0,0.0,16.48,28.57,0.0,9.89,4.4,14.29,23.08,45.05,UConn Huskies
Tyler Polley,40.0,72.5,-4.49,83.82352941176471,88.31168831168831,83.82,100.0,42.65,98.53,5.88,29.41,0.0,0.0,14.71,35.29,0.0,8.82,11.76,16.18,33.82,50.0,UConn Huskies
Zion Griffin,80.0,158.5,18.77,107.18954248366013,88.41463414634147,107.19,94.77,48.37,101.31,17.65,43.14,0.0,0.0,16.34,39.87,0.0,5.23,6.54,15.03,31.37,56.21,UIC Flames
RayQuawndis Mitchell,120.0,227.5,14.23,101.35135135135135,87.1244635193133,101.35,91.44,47.3,99.55,13.96,38.29,0.0,0.0,15.77,42.79,0.0,4.5,5.86,16.22,27.03,58.56,UIC Flames
Rob Howard,609.7,1151.0,-2.35,90.50576752440107,92.85106382978724,90.51,96.81,45.25,96.81,11.09,33.63,0.0,0.0,14.64,36.91,0.0,5.24,4.26,17.83,25.38,51.55,UIC Flames
Michael Diggins,649.5,1225.5,-3.17,89.97493734335839,93.14194577352472,89.97,97.58,45.03,96.83,10.86,33.42,0.0,0.0,14.62,37.09,0.0,5.26,4.26,17.79,25.73,51.71,UIC Flames
Teyvion Kirk,649.5,1225.5,-3.17,89.97493734335839,93.14194577352472,89.97,97.58,45.03,96.83,10.86,33.42,0.0,0.0,14.62,37.09,0.0,5.26,4.26,17.79,25.73,51.71,UIC Flames
Maurice Commander,404.8,760.5,-4.17,87.3485868102288,91.51670951156812,87.35,95.83,44.82,95.56,9.96,31.49,0.0,0.0,14.4,37.01,0.0,5.25,3.77,18.84,26.51,51.41,UIC Flames
Jamie Ahale,569.5,1067.0,-6.4,87.4521072796935,93.8532110091743,87.45,97.99,44.54,96.17,9.87,31.99,0.0,0.0,14.37,36.69,0.0,5.27,3.93,18.2,24.9,51.06,UIC Flames
Jacob Wiley,40.0,64.5,-7.82,95.16129032258065,102.98507462686568,95.16,111.29,46.77,109.68,12.9,37.1,0.0,0.0,19.35,38.71,0.0,1.61,1.61,9.68,29.03,58.06,UIC Flames
Deon Ejim,39.8,74.5,-16.04,81.42857142857143,97.46835443037975,81.43,110.0,41.43,97.14,7.14,30.0,0.0,0.0,14.29,40.0,0.0,5.71,4.29,17.14,31.43,54.29,UIC Flames
Brian Taylor,84.7,173.0,-19.84,84.70588235294117,104.54545454545455,84.71,108.24,42.35,94.12,10.0,34.12,0.0,0.0,12.35,29.41,0.0,7.65,5.29,18.24,19.41,41.76,UIC Flames
Elijah Gonzales,480.0,854.0,-4.46,88.25622775800713,92.71676300578035,88.26,95.14,44.6,95.73,10.68,32.62,0.0,0.0,13.76,31.08,0.0,10.32,3.2,18.03,22.66,44.84,UL Monroe Warhawks
Langston Powell,40.0,71.5,-4.99,78.57142857142857,83.56164383561644,78.57,87.14,41.43,92.86,11.43,38.57,0.0,0.0,12.86,28.57,0.0,15.71,1.43,20.0,24.29,41.43,UL Monroe Warhawks
Marco Morency,440.0,780.0,-5.39,87.90637191157347,93.29962073324906,87.91,95.97,44.47,96.1,10.4,32.77,0.0,0.0,14.3,31.08,0.0,10.27,3.12,18.21,22.63,45.38,UL Monroe Warhawks
Russell Harrison,519.6,961.0,-6.07,88.56243441762854,94.63364293085655,88.56,96.22,46.07,95.17,9.55,28.65,0.0,0.0,11.75,29.59,0.0,10.6,3.88,16.58,22.35,41.34,UL Monroe Warhawks
Chris Efretuei,639.6,1165.0,-6.61,88.29141370338249,94.90229396771453,88.29,96.88,45.27,95.49,9.89,30.01,0.0,0.0,12.58,30.01,0.0,10.06,3.82,17.09,22.2,42.59,UL Monroe Warhawks
Koreem Ozier,639.6,1165.0,-6.61,88.29141370338249,94.90229396771453,88.29,96.88,45.27,95.49,9.89,30.01,0.0,0.0,12.58,30.01,0.0,10.06,3.82,17.09,22.2,42.59,UL Monroe Warhawks
Josh Nicholas,279.6,528.0,-7.91,86.25954198473282,94.17293233082707,86.26,95.61,45.42,93.89,9.54,28.24,0.0,0.0,10.11,28.05,0.0,11.26,4.2,16.22,22.14,38.16,UL Monroe Warhawks
Luke Phillips,160.0,275.5,-8.07,84.81481481481481,92.88256227758008,84.81,96.67,41.48,95.93,11.48,37.04,0.0,0.0,15.56,31.11,0.0,9.63,2.96,19.63,22.22,46.67,UL Monroe Warhawks
Erie Olonade,199.6,382.5,-11.08,86.57894736842105,97.66233766233766,86.58,98.95,46.05,94.47,8.42,25.79,0.0,0.0,10.0,27.37,0.0,10.53,4.74,15.53,21.58,37.37,UL Monroe Warhawks
Brandon Horvath,560.0,1035.0,1.96,88.46153846153845,86.50485436893204,88.46,85.67,48.85,97.6,9.71,27.79,0.0,0.0,13.75,37.31,0.0,5.77,2.12,16.15,22.4,51.06,UMBC Retrievers
Dimitrije Spasojevic,520.0,961.0,1.2,87.48707342295761,86.282722513089,87.49,85.21,48.81,97.1,9.2,27.51,0.0,0.0,13.55,37.44,0.0,5.27,2.17,16.44,22.54,50.99,UMBC Retrievers
Darnell Rogers,600.0,1111.5,1.04,88.46153846153845,87.42081447963801,88.46,86.4,48.75,97.23,9.66,27.46,0.0,0.0,13.24,36.76,0.0,6.08,2.06,16.01,22.18,50.0,UMBC Retrievers
RJ Eytle-Rock,600.0,1111.5,1.04,88.46153846153845,87.42081447963801,88.46,86.4,48.75,97.23,9.66,27.46,0.0,0.0,13.24,36.76,0.0,6.08,2.06,16.01,22.18,50.0,UMBC Retrievers
L.J. Owens,560.0,1041.5,0.84,89.18660287081339,88.34296724470136,89.19,87.75,48.8,96.56,10.14,27.37,0.0,0.0,13.01,36.27,0.0,6.41,2.2,16.46,22.39,49.28,UMBC Retrievers
Dan Akin,80.0,150.5,0.04,94.70198675496688,94.66666666666667,94.7,94.04,48.34,98.01,12.58,27.15,0.0,0.0,11.26,32.45,0.0,11.26,1.32,13.25,19.87,43.71,UMBC Retrievers
Keondre Kennedy,80.0,146.5,-3.88,83.44370860927152,87.32394366197182,83.44,82.12,47.68,99.34,5.96,25.83,0.0,0.0,11.26,36.42,0.0,5.96,0.66,11.92,19.21,47.68,UMBC Retrievers
Gregory Hammond,40.0,80.0,21.7,94.87179487179486,73.17073170731707,94.87,76.92,50.0,103.85,6.41,20.51,0.0,0.0,19.23,42.31,0.0,0.0,3.85,15.38,30.77,61.54,UMass Lowell River Hawks
Obadiah Noel,558.9,1091.5,2.39,88.47583643122677,86.08852755194218,88.48,88.57,48.14,94.52,8.64,24.63,0.0,0.0,13.48,33.46,0.0,6.41,4.55,18.96,27.6,46.94,UMass Lowell River Hawks
Allin Blunt,718.9,1409.0,1.62,88.75358166189112,87.13080168776372,88.75,88.75,48.07,93.91,8.74,24.43,0.0,0.0,12.89,33.52,0.0,6.52,5.16,18.98,26.72,46.41,UMass Lowell River Hawks
Bryce Daley,718.9,1409.0,1.62,88.75358166189112,87.13080168776372,88.75,88.75,48.07,93.91,8.74,24.43,0.0,0.0,12.89,33.52,0.0,6.52,5.16,18.98,26.72,46.41,UMass Lowell River Hawks
Salif Boudie,718.9,1409.0,1.62,88.75358166189112,87.13080168776372,88.75,88.75,48.07,93.91,8.74,24.43,0.0,0.0,12.89,33.52,0.0,6.52,5.16,18.98,26.72,46.41,UMass Lowell River Hawks
Connor Withers,638.9,1240.0,0.5,89.12337662337663,88.62179487179486,89.12,89.77,48.05,93.51,9.17,25.57,0.0,0.0,12.5,33.36,0.0,7.06,5.28,18.99,25.81,45.86,UMass Lowell River Hawks
Kalil Thomas,159.9,317.5,-1.11,89.6875,90.7936507936508,89.69,89.38,47.81,91.88,9.06,23.75,0.0,0.0,10.94,33.75,0.0,6.88,7.19,19.06,23.75,44.69,UMass Lowell River Hawks
Ronald Mitchell Jr.,40.0,89.0,-1.44,77.90697674418605,79.34782608695652,77.91,84.88,46.51,90.7,4.65,11.63,0.0,0.0,12.79,27.91,0.0,4.65,4.65,22.09,36.05,40.7,UMass Lowell River Hawks
Dibaji Walker,205.0,399.5,4.18,84.39024390243902,80.20565552699229,84.39,76.1,47.07,97.56,10.0,33.41,0.0,0.0,11.71,31.95,0.0,9.51,5.12,14.15,17.8,43.66,UMass Minutemen
Noah Fernandes,375.0,739.5,3.76,92.38985313751668,88.63013698630137,92.39,86.38,50.47,98.13,11.08,32.71,0.0,0.0,12.28,31.91,0.0,8.68,4.27,14.15,19.49,44.19,UMass Minutemen
Tre Mitchell,375.0,739.5,3.76,92.38985313751668,88.63013698630137,92.39,86.38,50.47,98.13,11.08,32.71,0.0,0.0,12.28,31.91,0.0,8.68,4.27,14.15,19.49,44.19,UMass Minutemen
Carl Pierre,495.0,968.0,3.03,91.11338100102145,88.08777429467085,91.11,86.11,48.93,97.55,10.93,33.5,0.0,0.0,12.36,32.28,0.0,8.68,5.11,14.81,20.12,44.64,UMass Minutemen
Ronnie DeGray III,455.0,892.5,2.88,92.23946784922394,89.35447338618346,92.24,87.47,49.56,97.45,10.98,32.82,0.0,0.0,12.08,32.37,0.0,8.2,5.1,14.63,19.84,44.45,UMass Minutemen
Javohn Garcia,330.0,644.0,2.69,93.80804953560371,91.1214953271028,93.81,90.56,49.23,97.68,11.46,34.52,0.0,0.0,13.16,32.35,0.0,8.82,5.11,15.48,21.98,45.51,UMass Minutemen
Mark Gasperini,120.0,228.5,0.61,86.95652173913044,86.34361233480176,86.96,85.22,43.91,95.65,10.43,36.09,0.0,0.0,12.61,33.48,0.0,8.7,7.83,16.96,22.17,46.09,UMass Minutemen
T.J. Weeks Jr.,120.0,228.5,0.61,86.95652173913044,86.34361233480176,86.96,85.22,43.91,95.65,10.43,36.09,0.0,0.0,12.61,33.48,0.0,8.7,7.83,16.96,22.17,46.09,UMass Minutemen
Jamon Battle,369.8,720.0,7.19,98.18941504178274,90.99722991689751,98.19,91.5,51.11,96.24,11.56,28.27,0.0,0.0,12.95,29.53,0.0,10.72,5.01,16.71,23.68,42.48,UNC Asheville Bulldogs
Evan Clayborne,569.8,1105.0,3.88,94.7463768115942,90.86799276672694,94.75,91.03,49.0,94.75,11.23,29.44,0.0,0.0,12.5,30.71,0.0,8.97,5.53,17.75,23.19,43.21,UNC Asheville Bulldogs
Lavar Batts Jr.,320.0,631.0,2.94,94.48818897637796,91.54704944178629,94.49,90.39,49.61,96.22,9.92,29.13,0.0,0.0,11.97,31.02,0.0,8.5,5.35,15.75,21.42,42.99,UNC Asheville Bulldogs
LJ Thorpe,484.8,937.5,2.21,94.16755037115588,91.95278969957081,94.17,90.88,48.78,94.06,10.39,30.65,0.0,0.0,12.41,30.86,0.0,9.23,5.62,18.35,21.95,43.27,UNC Asheville Bulldogs
Tajion Jones,609.8,1176.5,1.89,93.97283531409168,92.08510638297872,93.97,91.85,48.56,94.14,10.87,29.37,0.0,0.0,12.31,30.05,0.0,9.25,5.26,18.17,22.67,42.36,UNC Asheville Bulldogs
Trent Stephney,289.8,545.5,0.67,93.37016574585635,92.7007299270073,93.37,93.55,47.33,91.71,11.97,29.65,0.0,0.0,12.71,28.91,0.0,10.13,5.16,20.99,24.13,41.62,UNC Asheville Bulldogs
Coty Jude,325.0,611.5,-4.53,88.25448613376835,92.78688524590164,88.25,92.33,45.35,93.47,10.44,29.85,0.0,0.0,12.4,29.36,0.0,8.48,4.89,18.92,22.02,41.76,UNC Asheville Bulldogs
DeVon Baker,80.0,155.5,-13.49,90.38461538461539,103.87096774193549,90.38,103.21,44.87,83.33,9.62,24.36,0.0,0.0,7.05,25.64,0.0,7.69,3.85,23.72,21.15,32.69,UNC Asheville Bulldogs
Angelo Allegri,805.0,1525.0,11.44,98.34983498349835,86.9055374592834,98.35,88.05,50.5,104.69,10.43,32.74,0.0,0.0,17.29,34.46,0.0,9.97,4.42,12.61,21.85,51.75,UNC Greensboro Spartans
Isaiah Miller,805.0,1525.0,11.44,98.34983498349835,86.9055374592834,98.35,88.05,50.5,104.69,10.43,32.74,0.0,0.0,17.29,34.46,0.0,9.97,4.42,12.61,21.85,51.75,UNC Greensboro Spartans
Kaleb Hunter,805.0,1525.0,11.44,98.34983498349835,86.9055374592834,98.35,88.05,50.5,104.69,10.43,32.74,0.0,0.0,17.29,34.46,0.0,9.97,4.42,12.61,21.85,51.75,UNC Greensboro Spartans
Keyshaun Langley,805.0,1525.0,11.44,98.34983498349835,86.9055374592834,98.35,88.05,50.5,104.69,10.43,32.74,0.0,0.0,17.29,34.46,0.0,9.97,4.42,12.61,21.85,51.75,UNC Greensboro Spartans
Mohammed Abdulsalam,805.0,1525.0,11.44,98.34983498349835,86.9055374592834,98.35,88.05,50.5,104.69,10.43,32.74,0.0,0.0,17.29,34.46,0.0,9.97,4.42,12.61,21.85,51.75,UNC Greensboro Spartans
Jamahri Harvey,240.0,457.0,-5.06,95.15418502202643,100.21739130434784,95.15,101.54,51.32,101.54,9.03,28.19,0.0,0.0,13.0,28.19,0.0,7.27,4.41,11.45,23.13,41.19,UNC Wilmington Seahawks
Jake Boggs,320.0,619.5,-6.58,92.44372990353698,99.02755267423015,92.44,98.23,51.45,101.77,8.68,27.65,0.0,0.0,13.02,26.69,0.0,6.27,4.02,11.25,23.15,39.71,UNC Wilmington Seahawks
Joe Pridgen,320.0,619.5,-6.58,92.44372990353698,99.02755267423015,92.44,98.23,51.45,101.77,8.68,27.65,0.0,0.0,13.02,26.69,0.0,6.27,4.02,11.25,23.15,39.71,UNC Wilmington Seahawks
Mike Okauru,320.0,619.5,-6.58,92.44372990353698,99.02755267423015,92.44,98.23,51.45,101.77,8.68,27.65,0.0,0.0,13.02,26.69,0.0,6.27,4.02,11.25,23.15,39.71,UNC Wilmington Seahawks
Ty Gadsden,320.0,619.5,-6.58,92.44372990353698,99.02755267423015,92.44,98.23,51.45,101.77,8.68,27.65,0.0,0.0,13.02,26.69,0.0,6.27,4.02,11.25,23.15,39.71,UNC Wilmington Seahawks
Jaylen Sims,80.0,162.5,-10.42,85.11904761904762,95.54140127388536,85.12,89.29,51.79,102.38,7.74,26.19,0.0,0.0,13.1,22.62,0.0,3.57,2.98,10.71,23.21,35.72,UNC Wilmington Seahawks
Edoardo Del Cadia,159.8,296.0,11.18,96.56357388316151,85.38205980066445,96.56,88.32,50.17,99.31,9.97,31.96,0.0,0.0,17.18,38.14,0.0,9.97,3.44,17.87,28.18,55.32,UNLV Rebels
Bryce Hamilton,719.7,1286.5,4.58,95.4366640440598,90.86021505376344,95.44,93.08,48.7,98.27,10.46,30.21,0.0,0.0,16.92,36.59,0.0,9.05,4.25,18.65,25.02,53.51,UNLV Rebels
Devin Tillis,319.9,576.0,3.13,94.72759226713534,91.59519725557462,94.73,93.85,48.86,99.12,8.79,26.89,0.0,0.0,17.57,37.26,0.0,8.26,4.57,18.45,23.9,54.83,UNLV Rebels
Caleb Grill,799.7,1433.5,1.89,94.26345609065156,92.37113402061856,94.26,95.18,48.02,97.88,10.62,31.02,0.0,0.0,16.5,36.33,0.0,8.85,4.04,18.63,25.35,52.83,UNLV Rebels
Cheikh Mbacke Diong,799.7,1433.5,1.89,94.26345609065156,92.37113402061856,94.26,95.18,48.02,97.88,10.62,31.02,0.0,0.0,16.5,36.33,0.0,8.85,4.04,18.63,25.35,52.83,UNLV Rebels
Nick Blake,360.0,620.0,0.03,95.90163934426229,95.87301587301587,95.9,99.02,48.85,100.66,10.33,31.31,0.0,0.0,19.34,37.54,0.0,7.87,3.77,18.69,25.57,56.88,UNLV Rebels
David Jenkins Jr.,519.8,960.5,-0.5,91.62248144220572,92.12678936605317,91.62,95.55,46.55,95.55,11.03,31.92,0.0,0.0,14.1,35.21,0.0,9.23,3.92,18.56,25.66,49.31,UNLV Rebels
Moses Wood,320.0,561.5,-4.28,92.57246376811594,96.8476357267951,92.57,100.18,46.01,95.83,12.86,34.78,0.0,0.0,15.04,34.42,0.0,8.88,3.8,19.2,25.36,49.46,UNLV Rebels
Chevez Goodwin,40.0,67.5,16.47,104.34782608695652,87.87878787878788,104.35,84.06,50.72,98.55,14.49,30.43,0.0,0.0,21.74,36.23,0.0,5.8,1.45,23.19,15.94,57.97,USC Trojans
Drew Peterson,729.9,1387.0,7.8,94.822695035461,87.02346041055719,94.82,84.18,52.41,99.93,8.16,23.05,0.0,0.0,15.67,34.61,0.0,6.24,6.88,15.74,20.14,50.28,USC Trojans
Isaiah White,809.9,1539.5,5.64,93.74201787994892,88.10310641110377,93.74,85.12,51.72,99.74,8.17,22.92,0.0,0.0,15.9,34.1,0.0,6.51,6.26,16.16,19.8,50.0,USC Trojans
Evan Mobley,849.9,1605.0,5.29,93.81506429883649,88.52251109701966,93.82,85.49,51.75,100.12,8.08,22.96,0.0,0.0,16.23,34.05,0.0,6.55,6.31,16.11,19.84,50.28,USC Trojans
Tahj Eaddy,849.9,1605.0,5.29,93.81506429883649,88.52251109701966,93.82,85.49,51.75,100.12,8.08,22.96,0.0,0.0,16.23,34.05,0.0,6.55,6.31,16.11,19.84,50.28,USC Trojans
Isaiah Mobley,809.9,1537.5,4.8,93.35038363171356,88.5506287227002,93.35,85.55,51.79,100.19,7.8,22.63,0.0,0.0,15.98,33.95,0.0,6.59,6.52,15.79,20.01,49.93,USC Trojans
Max Agbonkpolo,40.0,65.5,-2.92,95.52238805970148,98.4375,95.52,94.03,52.24,108.96,5.97,23.88,0.0,0.0,23.88,32.84,0.0,7.46,7.46,14.93,20.9,56.72,USC Trojans
Ethan Anderson,120.0,218.0,-10.68,87.4439461883408,98.12206572769952,87.44,93.72,47.53,101.35,7.62,22.42,0.0,0.0,19.73,30.49,0.0,8.52,2.69,18.39,17.94,50.22,USC Trojans
Lazaro Rojas,40.0,64.0,12.5,100.0,87.5,100.0,87.5,50.0,112.5,12.5,29.69,0.0,0.0,25.0,43.75,0.0,7.81,7.81,12.5,20.31,68.75,UT Arlington Mavericks
Kaodirichi Akobundu-Ehiogu,325.0,582.0,1.93,91.6955017301038,89.76109215017065,91.7,91.0,47.23,104.67,10.9,32.7,0.0,0.0,19.72,33.22,0.0,10.55,8.3,15.05,20.93,52.94,UT Arlington Mavericks
Jordan Phillips,245.0,452.0,1.67,93.54120267260579,91.86813186813187,93.54,93.1,47.88,102.0,11.58,31.63,0.0,0.0,17.82,31.4,0.0,11.58,6.68,15.81,20.94,49.22,UT Arlington Mavericks
David Azore,160.0,307.5,0.64,99.34640522875817,98.70550161812298,99.35,99.67,53.27,106.86,10.78,29.08,0.0,0.0,17.32,26.47,0.0,12.09,4.9,10.46,22.55,43.79,UT Arlington Mavericks
Patrick Mwamba,605.0,1118.0,-1.02,90.00892060660125,91.03139013452915,90.01,90.54,47.01,103.48,11.33,33.01,0.0,0.0,18.82,33.45,0.0,9.72,7.4,15.34,21.14,52.27,UT Arlington Mavericks
Shahada Wells,645.0,1209.5,-1.62,90.92409240924091,92.54349627174814,90.92,92.16,47.69,102.97,11.3,32.51,0.0,0.0,18.15,32.01,0.0,10.15,6.85,15.18,21.37,50.16,UT Arlington Mavericks
Sam Griffin,485.0,902.0,-2.34,88.0794701986755,90.42316258351893,88.08,89.62,45.81,101.66,11.48,33.66,0.0,0.0,18.43,33.89,0.0,9.49,7.51,16.78,20.97,52.32,UT Arlington Mavericks
Nicolas Elame,160.0,313.0,-3.87,95.17684887459808,99.04761904761905,95.18,100.32,51.45,103.86,9.97,30.55,0.0,0.0,16.72,24.76,0.0,11.9,5.79,12.86,22.83,41.48,UT Arlington Mavericks
Davis Steelman,280.0,536.0,-4.22,88.21362799263352,92.43856332703214,88.21,90.06,46.78,102.21,11.79,33.33,0.0,0.0,17.86,33.7,0.0,8.84,6.45,15.65,21.36,51.56,UT Arlington Mavericks
Fredelin De La Cruz,280.0,563.5,-6.93,89.12280701754386,96.05026929982047,89.12,93.86,47.89,100.18,11.58,32.63,0.0,0.0,15.79,29.47,0.0,10.0,5.26,15.61,21.93,45.26,UT Arlington Mavericks
Anthony Thomas,120.0,207.5,1.73,87.37864077669903,85.64593301435407,87.38,86.89,43.69,100.97,10.68,32.04,0.0,0.0,17.96,31.55,0.0,11.65,1.94,16.99,22.82,49.51,UT Martin Skyhawks
Eden Holt,160.0,313.5,-8.34,88.23529411764706,96.57320872274143,88.24,101.31,46.73,99.02,9.48,24.51,0.0,0.0,15.69,31.37,0.0,8.82,1.63,16.67,24.18,47.06,UT Martin Skyhawks
Hannes Polla,480.0,926.0,-12.11,85.24229074889867,97.35169491525424,85.24,101.21,45.7,96.04,9.03,27.2,0.0,0.0,14.54,27.97,0.0,9.25,2.2,18.5,24.45,42.51,UT Martin Skyhawks
Eman Sertovic,560.0,1049.0,-12.41,84.39922480620154,96.81050656660413,84.4,100.0,44.09,95.45,9.4,28.78,0.0,0.0,14.83,27.81,0.0,9.3,3.2,19.38,24.52,42.64,UT Martin Skyhawks
Ajani Kennedy,600.0,1123.5,-13.71,83.39350180505414,97.1027216856892,83.39,99.82,43.77,95.58,9.39,28.79,0.0,0.0,14.71,27.98,0.0,9.48,3.34,19.13,24.37,42.69,UT Martin Skyhawks
Jaron Williams,760.0,1442.0,-13.81,83.85964912280703,97.66963673749143,83.86,100.0,44.98,95.65,8.84,27.23,0.0,0.0,15.09,27.72,0.0,9.61,2.88,19.44,23.93,42.81,UT Martin Skyhawks
Kenton Eskridge,760.0,1444.5,-14.51,83.64912280701753,98.15573770491804,83.65,100.84,44.56,96.28,9.12,27.65,0.0,0.0,15.23,28.0,0.0,9.47,2.95,18.95,24.07,43.23,UT Martin Skyhawks
Jonte Coleman,160.0,315.5,-17.15,83.17757009345794,100.32258064516128,83.18,96.88,48.91,98.13,6.23,22.74,0.0,0.0,15.89,24.92,0.0,9.66,1.56,17.76,18.69,40.81,UT Martin Skyhawks
Cameron Holden,400.0,786.0,-19.12,83.16326530612244,102.28426395939086,83.16,102.81,46.43,96.05,7.65,23.72,0.0,0.0,15.82,26.66,0.0,9.06,2.93,19.77,22.32,42.48,UT Martin Skyhawks
Connor Raines,79.9,169.5,23.73,90.0,66.27218934911244,90.0,65.88,47.65,100.0,7.06,28.82,0.0,0.0,17.65,31.18,0.0,15.29,5.29,17.65,24.12,48.83,UT Rio Grande Valley Vaqueros
Malik Lawrence-Anderson,79.9,169.5,23.73,90.0,66.27218934911244,90.0,65.88,47.65,100.0,7.06,28.82,0.0,0.0,17.65,31.18,0.0,15.29,5.29,17.65,24.12,48.83,UT Rio Grande Valley Vaqueros
Sean Rhea,79.9,169.5,23.73,90.0,66.27218934911244,90.0,65.88,47.65,100.0,7.06,28.82,0.0,0.0,17.65,31.18,0.0,15.29,5.29,17.65,24.12,48.83,UT Rio Grande Valley Vaqueros
Uche Dibiamaka,239.9,473.0,2.15,82.6923076923077,80.5439330543933,82.69,82.26,44.02,100.43,7.69,29.7,0.0,0.0,17.74,29.91,0.0,11.11,5.56,17.31,28.85,47.65,UT Rio Grande Valley Vaqueros
Javon Levi,279.9,547.5,-0.59,81.80147058823529,82.3956442831216,81.8,83.46,43.75,99.45,7.72,30.33,0.0,0.0,18.01,30.7,0.0,10.48,6.25,18.57,28.31,48.71,UT Rio Grande Valley Vaqueros
Marek Nelson,160.0,303.5,-9.83,78.52348993288591,88.3495145631068,78.52,91.61,41.95,100.67,8.05,30.2,0.0,0.0,17.79,29.19,0.0,8.72,5.7,17.11,31.54,46.98,UT Rio Grande Valley Vaqueros
Quinton Johnson II,160.0,303.5,-9.83,78.52348993288591,88.3495145631068,78.52,91.61,41.95,100.67,8.05,30.2,0.0,0.0,17.79,29.19,0.0,8.72,5.7,17.11,31.54,46.98,UT Rio Grande Valley Vaqueros
Jeff Otchere,200.0,378.0,-11.45,78.07486631016043,89.52879581151832,78.07,91.44,41.98,99.2,8.02,31.02,0.0,0.0,18.18,30.48,0.0,8.29,6.68,18.98,30.21,48.66,UT Rio Grande Valley Vaqueros
Anthony Bratton,40.0,74.5,-18.2,76.31578947368422,94.52054794520548,76.32,90.79,42.11,93.42,7.89,34.21,0.0,0.0,19.74,35.53,0.0,6.58,10.53,26.32,25.0,55.27,UT Rio Grande Valley Vaqueros
Nick Mora,40.0,74.5,-18.2,76.31578947368422,94.52054794520548,76.32,90.79,42.11,93.42,7.89,34.21,0.0,0.0,19.74,35.53,0.0,6.58,10.53,26.32,25.0,55.27,UT Rio Grande Valley Vaqueros
Rob McClain Jr.,40.0,74.5,-18.2,76.31578947368422,94.52054794520548,76.32,90.79,42.11,93.42,7.89,34.21,0.0,0.0,19.74,35.53,0.0,6.58,10.53,26.32,25.0,55.27,UT Rio Grande Valley Vaqueros
Bryson Williams,685.0,1297.5,1.52,90.859798605732,89.34049079754601,90.86,90.24,50.04,100.7,9.14,28.04,0.0,0.0,14.33,32.46,0.0,7.28,3.25,13.63,24.01,46.79,UTEP Miners
Jamal Bieniemy,685.0,1297.5,1.52,90.859798605732,89.34049079754601,90.86,90.24,50.04,100.7,9.14,28.04,0.0,0.0,14.33,32.46,0.0,7.28,3.25,13.63,24.01,46.79,UTEP Miners
Keonte Kennedy,685.0,1297.5,1.52,90.859798605732,89.34049079754601,90.86,90.24,50.04,100.7,9.14,28.04,0.0,0.0,14.33,32.46,0.0,7.28,3.25,13.63,24.01,46.79,UTEP Miners
Souley Boum,685.0,1297.5,1.52,90.859798605732,89.34049079754601,90.86,90.24,50.04,100.7,9.14,28.04,0.0,0.0,14.33,32.46,0.0,7.28,3.25,13.63,24.01,46.79,UTEP Miners
Tydus Verhoeven,685.0,1297.5,1.52,90.859798605732,89.34049079754601,90.86,90.24,50.04,100.7,9.14,28.04,0.0,0.0,14.33,32.46,0.0,7.28,3.25,13.63,24.01,46.79,UTEP Miners
Phoenix Ford,40.0,78.0,30.47,128.0,97.53086419753086,128.0,105.33,60.0,102.67,17.33,29.33,0.0,0.0,14.67,37.33,0.0,5.33,4.0,12.0,22.67,52.0,UTSA Roadrunners
Cedrick Alley Jr.,320.0,632.5,14.71,107.5684380032206,92.85714285714286,107.57,96.3,54.59,101.13,11.27,27.86,0.0,0.0,14.49,33.66,0.0,8.21,2.9,13.37,22.22,48.15,UTSA Roadrunners
Jordan Ivy-Curry,400.0,790.5,11.66,100.25839793281655,88.5997521685254,100.26,92.38,52.33,101.29,9.69,26.23,0.0,0.0,14.99,34.37,0.0,7.49,3.75,13.7,23.13,49.36,UTSA Roadrunners
Jhivvan Jackson,720.0,1423.0,4.41,96.86162624821684,92.45152354570637,96.86,95.22,50.21,100.64,10.56,30.03,0.0,0.0,14.55,32.88,0.0,7.49,3.42,13.91,23.04,47.43,UTSA Roadrunners
Keaton Wallace,720.0,1423.0,4.41,96.86162624821684,92.45152354570637,96.86,95.22,50.21,100.64,10.56,30.03,0.0,0.0,14.55,32.88,0.0,7.49,3.42,13.91,23.04,47.43,UTSA Roadrunners
Jacob Germany,680.0,1345.0,2.95,95.10173323285606,92.14966984592809,95.1,94.65,49.66,100.53,10.17,30.07,0.0,0.0,14.54,32.63,0.0,7.61,3.39,14.02,23.06,47.17,UTSA Roadrunners
Adrian Rodriguez,160.0,315.0,2.04,91.34615384615384,89.30817610062893,91.35,91.03,50.0,103.85,10.26,30.13,0.0,0.0,16.35,33.01,0.0,6.09,4.17,12.5,21.47,49.36,UTSA Roadrunners
Eric Parrish,360.0,714.0,-4.49,90.38189533239039,94.86823855755895,90.38,96.75,46.25,98.73,11.17,34.09,0.0,0.0,14.0,32.53,0.0,7.07,3.54,15.28,23.2,46.53,UTSA Roadrunners
Erik Czumbel,200.0,394.0,-8.51,89.23076923076924,97.73869346733667,89.23,99.74,46.41,99.49,10.26,33.59,0.0,0.0,13.33,29.23,0.0,8.21,2.82,13.85,25.13,42.56,UTSA Roadrunners
Rollie Worster,720.0,1366.0,20.05,95.63953488372093,75.58997050147492,95.64,74.49,50.51,99.85,9.59,27.4,0.0,0.0,17.73,38.37,0.0,8.65,7.56,17.88,20.13,56.1,Utah State Aggies
Brock Miller,800.0,1541.5,16.83,95.28118939883645,78.45052083333334,95.28,77.89,51.13,99.61,9.18,26.83,0.0,0.0,17.71,37.1,0.0,8.79,6.98,18.1,20.23,54.81,Utah State Aggies
Justin Bean,880.0,1682.5,16.34,94.85207100591715,78.50746268656717,94.85,77.81,50.71,99.7,9.11,26.63,0.0,0.0,17.51,37.4,0.0,8.82,6.98,17.81,20.24,54.91,Utah State Aggies
Marco Anthony,880.0,1682.5,16.34,94.85207100591715,78.50746268656717,94.85,77.81,50.71,99.7,9.11,26.63,0.0,0.0,17.51,37.4,0.0,8.82,6.98,17.81,20.24,54.91,Utah State Aggies
Neemias Queta,880.0,1682.5,16.34,94.85207100591715,78.50746268656717,94.85,77.81,50.71,99.7,9.11,26.63,0.0,0.0,17.51,37.4,0.0,8.82,6.98,17.81,20.24,54.91,Utah State Aggies
Alphonso Anderson,160.0,309.0,9.41,91.7981072555205,82.39202657807309,91.8,78.23,50.79,100.32,8.52,24.61,0.0,0.0,15.77,36.28,0.0,9.78,5.68,15.46,17.67,52.05,Utah State Aggies
Steven Ashworth,80.0,148.5,-7.53,89.28571428571429,96.81528662420382,89.29,108.57,47.86,97.86,5.0,21.43,0.0,0.0,17.14,33.57,0.0,8.57,4.29,19.29,27.14,50.71,Utah State Aggies
Isaiah Pope,159.9,317.0,-3.02,84.12698412698413,87.14733542319749,84.13,88.25,45.4,91.11,9.52,29.84,0.0,0.0,12.7,32.7,0.0,8.25,3.17,21.59,28.57,45.4,Utah Tech Trailblazers
Brock Gilbert,80.0,172.0,-6.14,87.57396449704143,93.71428571428572,87.57,97.04,54.44,98.22,6.51,24.26,0.0,0.0,15.38,26.63,0.0,6.51,1.18,17.16,25.44,42.01,Utah Tech Trailblazers
Hunter Schofield,400.0,826.5,-7.67,83.15151515151516,90.82125603864735,83.15,91.15,47.88,94.55,7.64,24.48,0.0,0.0,12.85,30.42,0.0,9.09,3.03,18.3,24.97,43.27,Utah Tech Trailblazers
Dason Youngblood,360.0,733.0,-11.36,79.78142076502732,91.14441416893733,79.78,91.39,45.22,92.62,7.38,23.63,0.0,0.0,11.75,31.15,0.0,9.56,3.42,19.13,25.82,42.9,Utah Tech Trailblazers
Cameron Gooden,559.9,1155.5,-11.44,79.96515679442508,91.40154772141015,79.97,92.6,45.82,92.77,6.88,23.87,0.0,0.0,12.54,30.57,0.0,8.71,2.7,19.77,25.87,43.11,Utah Tech Trailblazers
Frank Staine,559.9,1155.5,-11.44,79.96515679442508,91.40154772141015,79.97,92.6,45.82,92.77,6.88,23.87,0.0,0.0,12.54,30.57,0.0,8.71,2.7,19.77,25.87,43.11,Utah Tech Trailblazers
Jarod Greene,359.9,749.5,-15.54,76.24161073825503,91.77718832891246,76.24,92.89,43.76,92.35,5.77,22.01,0.0,0.0,12.21,30.87,0.0,9.4,2.55,19.87,25.5,43.08,Utah Tech Trailblazers
Jacob Nicolds,239.9,501.0,-15.9,77.23577235772358,93.13725490196079,77.24,96.54,45.33,91.67,5.49,22.97,0.0,0.0,13.01,29.47,0.0,7.32,1.63,21.34,27.24,42.48,Utah Tech Trailblazers
Andre Mulibea,80.0,167.5,-19.99,74.09638554216868,94.0828402366864,74.1,95.78,40.96,87.35,5.42,21.08,0.0,0.0,11.45,30.72,0.0,7.23,2.41,24.1,23.49,42.17,Utah Tech Trailblazers
Mikael Jantunen,690.0,1306.5,3.59,95.96651445966515,92.37875288683603,95.97,91.32,51.98,93.0,9.21,24.73,0.0,0.0,9.67,32.04,0.0,5.86,4.41,16.67,22.91,41.71,Utah Utes
Rylan Jones,440.0,819.0,1.87,93.17904993909866,91.30966952264382,93.18,90.86,50.18,94.15,8.4,25.46,0.0,0.0,11.45,33.5,0.0,6.46,4.02,17.3,24.24,44.95,Utah Utes
Pelle Larsson,730.0,1378.0,0.25,94.608195542775,94.35897435897435,94.61,92.6,51.26,90.8,8.99,24.37,0.0,0.0,8.63,31.7,0.0,5.61,4.74,17.83,22.07,40.33,Utah Utes
Branden Carlson,690.0,1278.0,-0.34,95.2932098765432,95.63492063492063,95.29,92.98,51.16,92.82,9.57,25.39,0.0,0.0,9.8,30.86,0.0,6.02,4.17,16.98,21.22,40.66,Utah Utes
Timmy Allen,850.0,1592.0,-0.38,93.78109452736318,94.16243654822335,93.78,92.29,50.68,92.29,8.96,25.19,0.0,0.0,9.58,31.59,0.0,5.91,4.48,17.29,22.2,41.17,Utah Utes
Alfonso Plummer,530.0,987.0,-3.16,93.12749003984064,96.28865979381443,93.13,93.03,50.3,92.83,9.36,26.1,0.0,0.0,9.36,29.88,0.0,5.88,4.48,16.53,20.72,39.24,Utah Utes
Riley Battin,320.0,599.5,-9.13,85.8085808580858,94.94097807757167,85.81,92.9,46.86,89.6,7.1,25.74,0.0,0.0,8.91,32.18,0.0,5.78,5.28,19.31,22.77,41.09,Utah Utes
Blaze Nield,505.0,1004.0,-1.78,87.80971258671953,89.5895895895896,87.81,88.7,50.84,97.03,6.74,18.33,0.0,0.0,15.56,35.48,0.0,6.54,6.14,18.53,24.08,51.04,Utah Valley Wolverines
Evan Cole,505.0,1004.0,-1.78,87.80971258671953,89.5895895895896,87.81,88.7,50.84,97.03,6.74,18.33,0.0,0.0,15.56,35.48,0.0,6.54,6.14,18.53,24.08,51.04,Utah Valley Wolverines
Fardaws Aimaq,505.0,1004.0,-1.78,87.80971258671953,89.5895895895896,87.81,88.7,50.84,97.03,6.74,18.33,0.0,0.0,15.56,35.48,0.0,6.54,6.14,18.53,24.08,51.04,Utah Valley Wolverines
JJ Overton,505.0,1004.0,-1.78,87.80971258671953,89.5895895895896,87.81,88.7,50.84,97.03,6.74,18.33,0.0,0.0,15.56,35.48,0.0,6.54,6.14,18.53,24.08,51.04,Utah Valley Wolverines
Trey Woodbury,505.0,1004.0,-1.78,87.80971258671953,89.5895895895896,87.81,88.7,50.84,97.03,6.74,18.33,0.0,0.0,15.56,35.48,0.0,6.54,6.14,18.53,24.08,51.04,Utah Valley Wolverines
Corey Douglas Jr.,279.4,563.0,6.57,87.2113676731794,80.63943161634103,87.21,80.64,48.85,95.03,7.82,22.91,0.0,0.0,15.63,30.37,0.0,12.43,7.99,20.6,24.33,46.0,VCU Rams
Bones Hyland,604.4,1168.0,5.67,89.4781864841745,83.80462724935732,89.48,83.66,49.87,95.47,8.04,24.04,0.0,0.0,14.46,31.82,0.0,10.95,7.01,18.99,23.7,46.28,VCU Rams
Adrian Baldwin Jr.,684.4,1310.0,4.2,89.04109589041096,84.83920367534456,89.04,84.32,49.7,95.89,7.99,24.35,0.0,0.0,14.46,31.74,0.0,10.65,6.93,18.57,23.59,46.2,VCU Rams
Vince Williams Jr.,684.4,1310.0,4.2,89.04109589041096,84.83920367534456,89.04,84.32,49.7,95.89,7.99,24.35,0.0,0.0,14.46,31.74,0.0,10.65,6.93,18.57,23.59,46.2,VCU Rams
Levi Stockard III,644.4,1230.5,3.93,89.04220779220779,85.10984540276648,89.04,84.9,49.35,95.94,8.2,24.76,0.0,0.0,14.37,31.9,0.0,10.63,7.22,18.43,23.78,46.27,VCU Rams
Hason Ward,445.0,826.5,2.96,90.27611044417768,87.3170731707317,90.28,85.95,50.78,96.4,7.8,24.73,0.0,0.0,13.81,32.41,0.0,9.48,5.76,17.41,22.81,46.22,VCU Rams
Jamir Watkins,80.0,142.0,-8.01,85.51724137931035,93.5251798561151,85.52,89.66,48.28,99.31,7.59,26.9,0.0,0.0,14.48,31.03,0.0,8.28,6.21,15.17,22.76,45.51,VCU Rams
Myles Lewis,369.9,720.5,1.3,97.2451790633609,95.94405594405593,97.25,94.49,49.31,96.14,12.95,35.95,0.0,0.0,10.33,40.36,0.0,5.51,4.68,14.19,17.63,50.69,VMI Keydets
Greg Parham II,649.9,1275.0,-0.2,98.2932505818464,98.49325931800159,98.29,96.35,50.66,96.28,13.11,34.83,0.0,0.0,10.24,37.7,0.0,5.82,4.03,13.96,17.61,47.94,VMI Keydets
Jake Stephens,649.9,1275.0,-0.2,98.2932505818464,98.49325931800159,98.29,96.35,50.66,96.28,13.11,34.83,0.0,0.0,10.24,37.7,0.0,5.82,4.03,13.96,17.61,47.94,VMI Keydets
Kamdyn Curfman,649.9,1275.0,-0.2,98.2932505818464,98.49325931800159,98.29,96.35,50.66,96.28,13.11,34.83,0.0,0.0,10.24,37.7,0.0,5.82,4.03,13.96,17.61,47.94,VMI Keydets
Sean Conway,649.9,1275.0,-0.2,98.2932505818464,98.49325931800159,98.29,96.35,50.66,96.28,13.11,34.83,0.0,0.0,10.24,37.7,0.0,5.82,4.03,13.96,17.61,47.94,VMI Keydets
Trey Bonham,280.0,554.5,-2.19,99.64476021314387,101.83150183150182,99.64,98.76,52.4,96.45,13.32,33.39,0.0,0.0,10.12,34.28,0.0,6.22,3.2,13.68,17.58,44.4,VMI Keydets
Mileek McMillan,320.0,543.5,0.4,89.34579439252337,88.94927536231883,89.35,91.78,44.86,94.95,9.91,32.34,0.0,0.0,12.52,38.69,0.0,7.48,4.11,17.57,21.5,51.21,Valparaiso Beacons
Sheldon Edwards,400.0,699.0,-1.35,87.15728715728716,88.51063829787233,87.16,90.04,45.17,94.23,9.24,30.01,0.0,0.0,11.69,38.53,0.0,8.08,4.76,17.46,20.2,50.22,Valparaiso Beacons
Ben Krikke,770.0,1368.0,-6.3,86.97878566203366,93.27976625273922,86.98,93.42,45.43,96.34,9.73,31.09,0.0,0.0,12.14,35.04,0.0,7.68,4.61,15.8,19.75,47.18,Valparaiso Beacons
Eron Gordon,770.0,1368.0,-6.3,86.97878566203366,93.27976625273922,86.98,93.42,45.43,96.34,9.73,31.09,0.0,0.0,12.14,35.04,0.0,7.68,4.61,15.8,19.75,47.18,Valparaiso Beacons
Donovan Clay,690.0,1228.0,-7.26,86.3080684596577,93.5720097640358,86.31,93.72,45.23,97.8,9.62,31.05,0.0,0.0,13.04,35.13,0.0,7.74,4.81,15.24,19.97,48.17,Valparaiso Beacons
Daniel Sackey,530.0,964.5,-8.88,86.52263374485597,95.40229885057471,86.52,93.93,45.99,95.27,9.77,30.45,0.0,0.0,10.8,32.92,0.0,7.72,4.63,15.53,18.52,43.72,Valparaiso Beacons
Connor Barrett,370.0,669.0,-11.55,86.79525222551929,98.3433734939759,86.8,96.88,45.7,98.52,10.24,32.2,0.0,0.0,12.61,31.45,0.0,7.27,4.45,14.09,19.29,44.06,Valparaiso Beacons
Ejike Obinna,160.0,311.0,1.01,98.40764331210191,97.40259740259741,98.41,95.54,52.55,97.13,13.06,32.17,0.0,0.0,15.29,26.75,0.0,11.46,4.46,18.15,21.34,42.04,Vanderbilt Commodores
Maxwell Evans,600.0,1181.0,-1.41,90.77711357813834,92.19143576826197,90.78,93.77,48.08,95.99,12.47,34.76,0.0,0.0,12.89,29.97,0.0,8.8,3.42,16.91,24.08,42.86,Vanderbilt Commodores
Dylan Disu,440.0,892.0,-2.55,92.21218961625283,94.76614699331849,92.21,96.05,49.77,97.63,11.63,31.72,0.0,0.0,15.01,28.67,0.0,8.8,3.39,17.38,24.49,43.68,Vanderbilt Commodores
Jordan Wright,560.0,1096.5,-3.46,90.154968094804,93.61313868613139,90.15,93.53,47.95,95.35,11.85,33.55,0.0,0.0,13.22,29.08,0.0,10.21,3.65,17.87,22.06,42.3,Vanderbilt Commodores
Scotty Pippen Jr.,600.0,1192.5,-4.49,90.49621530698066,94.98327759197325,90.5,95.54,48.95,96.38,11.44,32.8,0.0,0.0,13.88,28.76,0.0,9.0,3.53,17.49,23.55,42.64,Vanderbilt Commodores
Isaiah Rice,80.0,156.5,-4.58,92.25806451612904,96.83544303797468,92.26,98.71,47.74,96.13,12.26,32.26,0.0,0.0,9.03,30.97,0.0,9.68,3.87,12.9,21.29,40.0,Vanderbilt Commodores
Clevon Brown,400.0,779.0,-4.85,87.74193548387098,92.5925925925926,87.74,93.55,47.48,95.35,10.58,33.16,0.0,0.0,12.52,30.19,0.0,9.68,3.74,17.16,22.58,42.71,Vanderbilt Commodores
Quentin Millora-Brown,120.0,223.5,-6.84,84.86238532110092,91.70305676855895,84.86,96.33,41.28,90.37,15.6,40.37,0.0,0.0,11.01,27.98,0.0,6.88,1.38,20.64,25.69,38.99,Vanderbilt Commodores
Issac McBride,40.0,74.0,-6.89,82.85714285714286,89.74358974358975,82.86,100.0,34.29,85.71,18.57,47.14,0.0,0.0,12.86,28.57,0.0,4.29,0.0,27.14,30.0,41.43,Vanderbilt Commodores
D.J. Harvey,280.0,558.5,-8.71,90.76086956521739,99.46902654867257,90.76,101.81,48.91,96.74,11.78,34.78,0.0,0.0,12.86,28.8,0.0,6.16,3.44,16.12,25.18,41.66,Vanderbilt Commodores
Braelee Albert,120.0,246.0,-9.7,84.29752066115702,94.0,84.3,97.11,42.56,92.15,12.81,34.3,0.0,0.0,9.5,29.34,0.0,7.44,1.24,17.36,24.79,38.84,Vanderbilt Commodores
Myles Stute,120.0,244.0,-15.22,90.04149377593362,105.26315789473684,90.04,107.88,48.13,96.68,9.96,29.46,0.0,0.0,13.69,28.63,0.0,6.64,3.32,17.01,25.31,42.32,Vanderbilt Commodores
Trey Thomas,80.0,160.5,-15.59,89.375,104.96894409937889,89.38,105.62,48.75,96.25,10.0,27.5,0.0,0.0,16.88,23.75,0.0,8.12,3.75,20.62,23.12,40.63,Vanderbilt Commodores
Bailey Patella,40.0,79.5,27.08,106.02409638554218,78.94736842105263,106.02,72.29,59.04,87.95,12.05,24.1,0.0,0.0,14.46,31.33,0.0,13.25,3.61,26.51,24.1,45.79,Vermont Catamounts
Ryan Davis,530.0,969.0,13.72,99.17948717948718,85.46209761163031,99.18,84.41,53.23,96.62,10.87,30.15,0.0,0.0,12.82,36.72,0.0,6.97,4.0,16.21,23.49,49.54,Vermont Catamounts
Ben Shungu,610.0,1132.5,11.13,95.71303587051618,84.58110516934046,95.71,83.03,52.14,96.06,10.15,29.48,0.0,0.0,12.25,35.52,0.0,6.56,3.5,16.19,23.45,47.77,Vermont Catamounts
Isaiah Powell,610.0,1132.5,11.13,95.71303587051618,84.58110516934046,95.71,83.03,52.14,96.06,10.15,29.48,0.0,0.0,12.25,35.52,0.0,6.56,3.5,16.19,23.45,47.77,Vermont Catamounts
Justin Mazzulla,570.0,1053.0,9.92,94.90566037735849,84.99043977055449,94.91,83.87,51.6,96.7,10.0,29.91,0.0,0.0,12.08,35.85,0.0,6.04,3.49,15.38,23.4,47.93,Vermont Catamounts
Stef Smith,570.0,1053.0,9.92,94.90566037735849,84.99043977055449,94.91,83.87,51.6,96.7,10.0,29.91,0.0,0.0,12.08,35.85,0.0,6.04,3.49,15.38,23.4,47.93,Vermont Catamounts
Robin Duncan,120.0,243.0,6.51,85.65737051792829,79.14893617021276,85.66,74.1,50.2,91.24,7.97,25.1,0.0,0.0,10.76,29.48,0.0,7.17,1.59,19.52,23.51,40.24,Vermont Catamounts
Collin Gillespie,560.0,1034.5,9.27,101.42993326978073,92.15686274509804,101.43,89.61,53.67,101.72,12.87,35.65,0.0,0.0,14.2,32.03,0.0,7.91,1.33,12.49,19.83,46.23,Villanova Wildcats
Caleb Daniels,600.0,1107.0,8.18,99.01960784313727,90.84249084249085,99.02,88.41,52.67,101.96,12.39,35.65,0.0,0.0,14.08,32.44,0.0,7.84,1.52,12.12,19.88,46.52,Villanova Wildcats
Jermaine Samuels,600.0,1107.0,8.18,99.01960784313727,90.84249084249085,99.02,88.41,52.67,101.96,12.39,35.65,0.0,0.0,14.08,32.44,0.0,7.84,1.52,12.12,19.88,46.52,Villanova Wildcats
Justin Moore,600.0,1105.0,7.93,99.3766696349065,91.44434222631095,99.38,88.51,52.89,101.69,12.38,34.91,0.0,0.0,14.07,32.41,0.0,7.93,1.51,12.38,19.59,46.48,Villanova Wildcats
Jeremiah Robinson-Earl,640.0,1180.0,7.51,99.16457811194654,91.65950128976785,99.16,89.06,52.8,101.84,12.36,35.25,0.0,0.0,13.95,32.16,0.0,7.77,1.42,12.11,20.13,46.11,Villanova Wildcats
Chris Arcidiacono,40.0,75.0,1.21,95.94594594594594,94.73684210526315,95.95,97.3,51.35,104.05,12.16,40.54,0.0,0.0,12.16,28.38,0.0,5.41,0.0,8.11,28.38,40.54,Villanova Wildcats
Brandon Slater,80.0,148.0,-0.66,98.65771812080537,99.31972789115646,98.66,97.99,53.02,102.01,12.08,34.9,0.0,0.0,12.08,28.19,0.0,6.04,0.0,10.07,26.17,40.27,Villanova Wildcats
Cole Swider,80.0,143.5,-6.85,85.90604026845638,92.7536231884058,85.91,85.91,48.32,100.67,8.72,26.85,0.0,0.0,12.08,32.89,0.0,7.38,2.01,11.41,20.13,44.97,Villanova Wildcats
Casey Morsell,40.0,67.0,21.7,103.125,81.42857142857143,103.12,89.06,48.44,103.12,12.5,40.62,0.0,0.0,10.94,43.75,0.0,4.69,4.69,7.81,23.44,54.69,Virginia Cavaliers
Tomas Woldetensae,40.0,65.0,16.92,95.38461538461539,78.46153846153847,95.38,78.46,47.69,101.54,12.31,33.85,0.0,0.0,13.85,41.54,0.0,13.85,6.15,12.31,12.31,55.39,Virginia Cavaliers
Jay Huff,720.0,1196.0,12.98,101.95412064570944,88.97119341563786,101.95,91.84,50.81,95.58,13.17,34.24,0.0,0.0,9.86,38.49,0.0,7.22,6.46,14.27,19.37,48.35,Virginia Cavaliers
Kihei Clark,720.0,1196.0,12.98,101.95412064570944,88.97119341563786,101.95,91.84,50.81,95.58,13.17,34.24,0.0,0.0,9.86,38.49,0.0,7.22,6.46,14.27,19.37,48.35,Virginia Cavaliers
Sam Hauser,720.0,1196.0,12.98,101.95412064570944,88.97119341563786,101.95,91.84,50.81,95.58,13.17,34.24,0.0,0.0,9.86,38.49,0.0,7.22,6.46,14.27,19.37,48.35,Virginia Cavaliers
Trey Murphy III,720.0,1196.0,12.98,101.95412064570944,88.97119341563786,101.95,91.84,50.81,95.58,13.17,34.24,0.0,0.0,9.86,38.49,0.0,7.22,6.46,14.27,19.37,48.35,Virginia Cavaliers
Reece Beekman,640.0,1064.0,12.2,102.29007633587786,90.0925925925926,102.29,92.84,51.15,94.75,13.26,33.87,0.0,0.0,9.54,37.98,0.0,6.97,6.58,14.79,19.56,47.52,Virginia Cavaliers
Jalen Cone,165.0,294.5,6.0,92.70833333333334,86.71096345514951,92.71,90.62,47.92,96.53,11.46,33.33,0.0,0.0,10.42,39.24,0.0,6.6,7.29,13.89,21.18,49.66,Virginia Tech Hokies
Justyn Mutts,565.0,1057.0,3.27,91.65876777251185,88.38526912181302,91.66,88.72,49.1,96.78,10.14,28.91,0.0,0.0,11.66,33.65,0.0,6.92,5.78,14.88,21.23,45.31,Virginia Tech Hokies
Keve Aluma,565.0,1057.0,3.27,91.65876777251185,88.38526912181302,91.66,88.72,49.1,96.78,10.14,28.91,0.0,0.0,11.66,33.65,0.0,6.92,5.78,14.88,21.23,45.31,Virginia Tech Hokies
Nahiem Alleyne,565.0,1057.0,3.27,91.65876777251185,88.38526912181302,91.66,88.72,49.1,96.78,10.14,28.91,0.0,0.0,11.66,33.65,0.0,6.92,5.78,14.88,21.23,45.31,Virginia Tech Hokies
Wabissa Bede,565.0,1057.0,3.27,91.65876777251185,88.38526912181302,91.66,88.72,49.1,96.78,10.14,28.91,0.0,0.0,11.66,33.65,0.0,6.92,5.78,14.88,21.23,45.31,Virginia Tech Hokies
Tyrece Radford,400.0,762.5,2.21,91.26466753585397,89.05013192612137,91.26,88.01,49.54,96.87,9.65,27.25,0.0,0.0,12.13,31.55,0.0,7.04,5.22,15.25,21.25,43.68,Virginia Tech Hokies
Elijah Allen,565.0,1072.5,9.48,96.22285174693107,86.74033149171271,96.22,88.95,51.65,101.13,8.31,24.65,0.0,0.0,18.32,32.01,0.0,8.97,3.4,17.19,26.82,50.33,Wagner Seahawks
Ja'Mier Fletcher,685.0,1279.5,9.45,96.91943127962085,87.47099767981439,96.92,89.34,52.29,102.29,8.14,24.25,0.0,0.0,18.56,32.07,0.0,10.03,3.32,16.27,25.43,50.63,Wagner Seahawks
Elijah Ford,520.0,964.5,9.16,97.04329461457233,87.88187372708758,97.04,91.13,52.38,102.32,7.92,24.39,0.0,0.0,19.11,32.1,0.0,10.67,3.27,16.79,25.77,51.21,Wagner Seahawks
Alex Morales,725.0,1361.5,8.47,96.13382899628253,87.66328011611031,96.13,89.81,51.97,101.86,8.1,24.39,0.0,0.0,18.51,31.45,0.0,10.19,3.2,16.65,26.1,49.96,Wagner Seahawks
DeLonnie Hunt,725.0,1361.5,8.47,96.13382899628253,87.66328011611031,96.13,89.81,51.97,101.86,8.1,24.39,0.0,0.0,18.51,31.45,0.0,10.19,3.2,16.65,26.1,49.96,Wagner Seahawks
Nigel Jackson,205.0,397.0,6.85,93.96984924623115,87.12121212121212,93.97,86.68,51.01,100.75,8.54,24.37,0.0,0.0,17.09,29.9,0.0,9.05,3.02,16.33,26.88,46.99,Wagner Seahawks
Will Martinez,160.0,289.0,4.71,95.8041958041958,91.0958904109589,95.8,93.01,53.15,104.55,7.34,23.43,0.0,0.0,19.23,29.37,0.0,14.69,2.45,14.69,23.43,48.6,Wagner Seahawks
Justin Brown,40.0,82.0,-7.04,83.54430379746836,90.58823529411765,83.54,97.47,46.84,94.94,7.59,26.58,0.0,0.0,17.72,21.52,0.0,12.66,1.27,22.78,36.71,39.24,Wagner Seahawks
Emmanuel Okpomo,40.0,78.0,7.33,89.6103896103896,82.27848101265823,89.61,84.42,48.05,101.3,9.09,33.77,0.0,0.0,18.18,51.95,0.0,3.9,5.19,16.88,22.08,70.13,Wake Forest Demon Deacons
Ismael Massoud,200.0,372.5,-2.73,90.95890410958904,93.6842105263158,90.96,97.53,43.84,95.34,15.89,38.9,0.0,0.0,15.07,33.42,0.0,7.67,4.66,19.73,22.19,48.49,Wake Forest Demon Deacons
Jalen Johnson,75.8,144.0,-8.55,80.41958041958041,88.96551724137932,80.42,90.21,42.66,92.31,6.99,30.07,0.0,0.0,13.99,43.36,0.0,7.69,2.8,21.68,18.18,57.35,Wake Forest Demon Deacons
Jonah Antonio,400.0,736.5,-12.2,85.90971272229822,98.11320754716981,85.91,99.59,43.09,94.25,13.41,36.25,0.0,0.0,13.68,31.33,0.0,7.52,3.28,19.43,22.02,45.01,Wake Forest Demon Deacons
Daivien Williamson,720.3,1335.5,-13.54,84.67924528301887,98.21693907875185,84.68,99.77,43.55,94.87,12.0,35.09,0.0,0.0,13.28,31.25,0.0,7.09,3.09,18.42,22.34,44.53,Wake Forest Demon Deacons
Isaiah Mucius,760.3,1400.0,-13.62,85.10791366906474,98.72340425531915,85.11,100.14,43.53,94.46,12.16,34.82,0.0,0.0,12.95,31.37,0.0,7.05,3.02,18.49,22.16,44.32,Wake Forest Demon Deacons
Jahcobi Neath,115.8,217.5,-14.44,79.16666666666666,93.60730593607306,79.17,94.91,42.59,94.44,7.87,31.94,0.0,0.0,13.89,30.09,0.0,10.19,0.46,19.44,21.76,43.98,Wake Forest Demon Deacons
Ody Oguama,720.3,1322.0,-14.86,84.84386900228485,99.69947407963937,84.84,101.07,43.26,94.06,12.34,34.88,0.0,0.0,12.64,30.16,0.0,7.24,2.89,18.58,22.16,42.8,Wake Forest Demon Deacons
Carter Whitt,404.5,734.0,-15.15,86.6120218579235,101.7663043478261,86.61,102.32,45.36,94.67,11.48,32.92,0.0,0.0,11.75,30.6,0.0,6.28,2.87,17.08,22.68,42.35,Wake Forest Demon Deacons
Isaiah Wilkins,40.0,64.5,-15.53,93.84615384615384,109.375,93.85,107.69,43.08,86.15,15.38,29.23,0.0,0.0,6.15,33.85,0.0,6.15,1.54,20.0,18.46,40.0,Wake Forest Demon Deacons
Ian DuBose,324.5,595.5,-21.22,81.95615514333895,103.17725752508362,81.96,104.05,42.16,94.44,11.97,35.08,0.0,0.0,11.64,28.67,0.0,5.73,2.87,17.2,22.77,40.31,Wake Forest Demon Deacons
Travis Rice,40.0,75.0,16.68,83.78378378378379,67.10526315789474,83.78,68.92,44.59,87.84,10.81,31.08,0.0,0.0,6.76,45.95,0.0,2.7,9.46,18.92,29.73,52.71,Washington Huskies
Quade Green,760.0,1491.5,-7.96,90.72305593451568,98.681608437706,90.72,102.11,47.14,94.2,10.71,30.22,0.0,0.0,11.8,30.42,0.0,7.23,4.57,17.6,24.42,42.22,Washington Huskies
Jamal Bey,840.0,1668.0,-8.42,89.27483241925655,97.69911504424779,89.27,100.91,46.37,94.58,10.66,30.71,0.0,0.0,12.13,30.1,0.0,7.43,4.27,17.55,23.64,42.23,Washington Huskies
Hameir Wright,840.0,1667.5,-8.55,89.20731707317073,97.75811209439527,89.21,101.04,46.1,95.0,10.61,30.61,0.0,0.0,12.26,29.57,0.0,7.68,4.39,17.26,23.84,41.83,Washington Huskies
Nate Roberts,880.0,1747.5,-9.19,89.23792902850495,98.42342342342343,89.24,101.69,46.48,94.88,10.41,30.37,0.0,0.0,12.16,29.84,0.0,7.5,4.25,17.28,23.73,42.0,Washington Huskies
Erik Stevenson,760.0,1511.0,-9.84,89.50907868190988,99.3485342019544,89.51,102.56,46.67,94.82,10.49,30.53,0.0,0.0,12.31,29.19,0.0,7.73,4.03,17.48,23.27,41.5,Washington Huskies
Marcus Tsohonis,160.0,338.0,-13.62,82.88288288288288,96.50145772594753,82.88,99.4,42.64,98.2,9.91,31.83,0.0,0.0,14.11,27.93,0.0,8.41,2.7,15.92,21.02,42.04,Washington Huskies
J'Raan Brooks,40.0,80.0,-22.47,89.87341772151899,112.34567901234568,89.87,115.19,54.43,92.41,6.33,25.32,0.0,0.0,10.13,35.44,0.0,3.8,1.27,17.72,21.52,45.57,Washington Huskies
Nate Pryor,40.0,79.5,-25.12,88.46153846153845,113.58024691358024,88.46,117.95,48.72,101.28,5.13,23.08,0.0,0.0,12.82,24.36,0.0,8.97,3.85,11.54,25.64,37.18,Washington Huskies
RaeQuan Battle,40.0,79.5,-25.12,88.46153846153845,113.58024691358024,88.46,117.95,48.72,101.28,5.13,23.08,0.0,0.0,12.82,24.36,0.0,8.97,3.85,11.54,25.64,37.18,Washington Huskies
TJ Bamba,180.0,314.0,3.76,91.82389937106919,88.06451612903226,91.82,85.85,48.11,101.89,12.26,33.96,0.0,0.0,20.13,32.7,0.0,9.43,3.46,18.24,20.75,52.83,Washington State Cougars
Aljaz Kunc,220.0,388.0,3.22,89.08629441624365,85.86387434554975,89.09,83.25,47.21,101.78,11.68,31.98,0.0,0.0,20.3,33.76,0.0,9.9,4.06,18.53,21.07,54.06,Washington State Cougars
DJ Rodman,240.0,476.5,-2.07,85.1153039832285,87.18487394957984,85.12,87.0,46.96,93.71,9.64,28.72,0.0,0.0,14.26,31.45,0.0,6.08,4.4,20.55,27.88,45.71,Washington State Cougars
Efe Abogidi,830.0,1567.5,-2.86,86.82864450127877,89.68809675366009,86.83,90.09,46.68,96.36,10.1,28.84,0.0,0.0,16.3,31.91,0.0,7.93,4.16,19.95,24.87,48.21,Washington State Cougars
Noah Williams,830.0,1567.5,-2.86,86.82864450127877,89.68809675366009,86.83,90.09,46.68,96.36,10.1,28.84,0.0,0.0,16.3,31.91,0.0,7.93,4.16,19.95,24.87,48.21,Washington State Cougars
Andrej Jakimovski,590.0,1091.0,-3.2,87.5804967801288,90.77625570776256,87.58,91.44,46.55,97.52,10.3,28.89,0.0,0.0,17.2,32.11,0.0,8.74,4.05,19.69,23.55,49.31,Washington State Cougars
Ryan Rapp,120.0,222.0,-3.53,90.5829596412556,94.11764705882352,90.58,93.27,49.33,92.83,11.66,28.25,0.0,0.0,15.25,34.53,0.0,4.93,5.83,22.42,26.91,49.78,Washington State Cougars
Isaac Bonton,570.0,1112.5,-3.85,85.52036199095022,89.375,85.52,90.59,46.24,95.48,9.59,27.33,0.0,0.0,15.38,31.31,0.0,7.87,3.98,19.91,25.7,46.69,Washington State Cougars
Dishon Jackson,530.0,1028.5,-4.72,85.46168958742632,90.18286814244466,85.46,92.04,46.27,94.5,9.04,27.9,0.0,0.0,14.93,31.53,0.0,6.88,4.32,20.43,26.62,46.46,Washington State Cougars
Volodymyr Markovetskyy,40.0,70.0,-21.43,80.0,101.42857142857142,80.0,101.43,41.43,92.86,10.0,27.14,0.0,0.0,14.29,24.29,0.0,15.71,2.86,21.43,20.0,38.58,Washington State Cougars
Dillon Jones,79.7,146.0,41.63,115.27777777777777,73.64864864864865,115.28,75.69,55.56,98.61,18.06,40.28,0.0,0.0,11.81,40.28,0.0,9.72,2.78,13.19,16.67,52.09,Weber State Wildcats
Michal Kozak,319.7,627.5,14.49,99.04306220095694,84.55414012738854,99.04,84.69,54.23,96.49,8.45,24.08,0.0,0.0,11.48,34.45,0.0,9.09,2.71,14.99,19.62,45.93,Weber State Wildcats
Cody Carlson,638.8,1270.0,11.5,99.37402190923318,87.87638668779715,99.37,86.78,55.24,95.31,8.84,23.94,0.0,0.0,10.17,32.55,0.0,8.45,3.6,14.87,20.34,42.72,Weber State Wildcats
Isiah Brown,638.8,1270.0,11.5,99.37402190923318,87.87638668779715,99.37,86.78,55.24,95.31,8.84,23.94,0.0,0.0,10.17,32.55,0.0,8.45,3.6,14.87,20.34,42.72,Weber State Wildcats
Seikou Sisoho Jawara,638.8,1270.0,11.5,99.37402190923318,87.87638668779715,99.37,86.78,55.24,95.31,8.84,23.94,0.0,0.0,10.17,32.55,0.0,8.45,3.6,14.87,20.34,42.72,Weber State Wildcats
Dontay Bassett,319.1,642.5,8.53,99.69278033794163,91.16719242902208,99.69,88.79,56.22,94.16,9.22,23.81,0.0,0.0,8.91,30.72,0.0,7.83,4.45,14.75,21.04,39.63,Weber State Wildcats
Zahir Porter,559.1,1124.0,7.59,97.35449735449735,89.76660682226212,97.35,88.18,55.2,94.89,7.67,21.87,0.0,0.0,9.96,31.57,0.0,8.29,3.7,15.08,20.81,41.53,Weber State Wildcats
Jordan McCabe,160.0,315.0,10.6,91.9753086419753,81.37254901960785,91.98,76.85,50.93,94.14,10.19,24.07,0.0,0.0,11.11,32.41,0.0,11.11,4.94,16.98,20.99,43.52,West Virginia Mountaineers
Taz Sherman,160.0,329.5,1.39,92.33038348082596,90.9375,92.33,85.84,52.51,97.05,9.44,24.19,0.0,0.0,12.39,27.43,0.0,12.68,3.24,15.34,20.06,39.82,West Virginia Mountaineers
Jalen Bridges,615.0,1253.5,-0.03,91.09217660728117,91.11842105263158,91.09,85.82,51.59,99.54,9.6,25.02,0.0,0.0,14.33,28.66,0.0,9.3,3.49,14.79,19.67,42.99,West Virginia Mountaineers
Derek Culver,655.0,1314.0,-0.96,90.78171091445427,91.74528301886792,90.78,86.06,51.11,100.0,9.59,24.78,0.0,0.0,15.04,29.2,0.0,8.55,3.32,15.04,19.17,44.24,West Virginia Mountaineers
Sean McNeil,535.0,1072.0,-2.69,90.07220216606498,92.76061776061776,90.07,86.73,50.99,101.17,9.3,25.09,0.0,0.0,15.97,28.61,0.0,8.03,3.34,14.8,18.95,44.58,West Virginia Mountaineers
Miles McBride,655.0,1328.5,-3.13,90.88256746900073,94.01244167962675,90.88,88.18,51.5,100.66,9.41,24.8,0.0,0.0,15.32,28.01,0.0,8.97,2.92,14.66,18.96,43.33,West Virginia Mountaineers
Emmitt Matthews Jr.,575.0,1159.5,-3.48,89.90825688073394,93.39285714285714,89.91,87.24,51.29,101.33,9.01,25.19,0.0,0.0,16.01,27.61,0.0,8.76,3.34,14.68,19.02,43.62,West Virginia Mountaineers
Gabe Osabuohien,40.0,87.5,-13.28,87.91208791208791,101.19047619047619,87.91,93.41,54.95,103.3,5.49,26.37,0.0,0.0,16.48,15.38,0.0,17.58,3.3,13.19,19.78,31.86,West Virginia Mountaineers
Oscar Tshiebwe,80.0,148.0,-16.32,86.53846153846155,102.85714285714285,86.54,92.31,49.36,105.77,7.05,23.72,0.0,0.0,21.79,25.64,0.0,7.69,1.92,16.03,15.38,47.43,West Virginia Mountaineers
Marcus Thomas,40.0,73.5,39.46,119.71830985915493,80.26315789473685,119.72,85.92,52.11,85.92,18.31,36.62,0.0,0.0,5.63,39.44,0.0,8.45,5.63,19.72,18.31,45.07,Western Carolina Catamounts
Mason Faulkner,479.4,951.0,-8.17,89.84126984126985,98.01462904911182,89.84,99.26,47.94,94.07,9.95,31.11,0.0,0.0,11.11,32.49,0.0,6.56,3.17,17.04,22.22,43.6,Western Carolina Catamounts
Cory Hightower,684.4,1350.5,-10.07,89.48926720947446,99.55555555555556,89.49,99.48,47.67,93.04,10.14,30.2,0.0,0.0,10.44,33.46,0.0,6.14,2.96,17.39,21.02,43.9,Western Carolina Catamounts
Matt Halvorsen,684.4,1350.5,-10.07,89.48926720947446,99.55555555555556,89.49,99.48,47.67,93.04,10.14,30.2,0.0,0.0,10.44,33.46,0.0,6.14,2.96,17.39,21.02,43.9,Western Carolina Catamounts
Xavier Cork,684.4,1350.5,-10.07,89.48926720947446,99.55555555555556,89.49,99.48,47.67,93.04,10.14,30.2,0.0,0.0,10.44,33.46,0.0,6.14,2.96,17.39,21.02,43.9,Western Carolina Catamounts
Tyler Harris,444.4,873.0,-11.63,87.11162255466053,98.74572405929305,87.11,99.65,47.3,94.02,9.32,29.92,0.0,0.0,11.39,33.14,0.0,6.21,3.11,17.38,21.75,44.53,Western Carolina Catamounts
Kameron Gibson,245.0,490.0,-14.23,90.1010101010101,104.32989690721651,90.1,102.22,48.08,92.73,10.71,29.9,0.0,0.0,9.49,34.14,0.0,5.45,2.22,16.77,19.8,43.63,Western Carolina Catamounts
Sin'Cere McMahon,160.0,313.5,-16.67,87.26708074534162,103.93442622950819,87.27,98.45,46.27,89.44,10.25,27.33,0.0,0.0,8.39,34.78,0.0,5.28,2.48,18.94,18.01,43.17,Western Carolina Catamounts
Colton Sandage,360.0,787.5,-5.5,88.33124215809285,93.83033419023135,88.33,91.59,51.94,99.5,8.66,25.6,0.0,0.0,16.06,32.12,0.0,6.27,3.14,16.56,23.71,48.18,Western Illinois Leathernecks
Ramean Hinton,400.0,868.5,-5.94,88.71151653363741,94.65116279069767,88.71,92.82,51.65,99.54,9.01,25.88,0.0,0.0,15.74,31.7,0.0,6.16,3.19,16.19,24.4,47.44,Western Illinois Leathernecks
Cameron Burrell,440.0,941.5,-6.2,88.11777076761304,94.31330472103005,88.12,92.43,51.31,99.89,8.83,25.97,0.0,0.0,15.46,32.07,0.0,5.78,3.47,15.56,24.19,47.53,Western Illinois Leathernecks
Tamell Pearson,600.0,1251.0,-9.27,87.11217183770883,96.3855421686747,87.11,95.47,50.52,99.76,8.11,25.3,0.0,0.0,14.64,31.74,0.0,6.05,3.26,14.88,24.98,46.38,Western Illinois Leathernecks
Will Carius,600.0,1251.0,-9.27,87.11217183770883,96.3855421686747,87.11,95.47,50.52,99.76,8.11,25.3,0.0,0.0,14.64,31.74,0.0,6.05,3.26,14.88,24.98,46.38,Western Illinois Leathernecks
Anthony Jones,120.0,218.0,-15.6,81.19266055045871,96.78899082568807,81.19,96.79,46.33,102.29,6.88,27.06,0.0,0.0,11.47,32.11,0.0,5.05,3.67,9.17,22.94,43.58,Western Illinois Leathernecks
Rod Johnson Jr.,240.0,463.5,-15.64,85.0,100.6423982869379,85.0,102.17,48.04,100.22,7.17,24.78,0.0,0.0,12.17,31.09,0.0,5.65,3.48,11.96,27.17,43.26,Western Illinois Leathernecks
Erik Talton,80.0,164.5,-18.37,86.41975308641975,104.79041916167664,86.42,108.02,50.0,97.53,4.94,19.75,0.0,0.0,12.96,31.48,0.0,6.79,3.09,15.43,30.86,44.44,Western Illinois Leathernecks
Justin Brookens,160.0,309.5,-18.57,83.98692810457517,102.555910543131,83.99,104.9,48.04,99.35,5.88,23.2,0.0,0.0,12.09,30.72,0.0,6.86,2.61,12.75,27.45,42.81,Western Illinois Leathernecks
Jordan Rawls,120.0,229.0,10.81,96.65271966527197,85.84474885844749,96.65,78.66,53.97,101.67,7.11,22.59,0.0,0.0,20.5,37.66,0.0,9.62,6.28,18.83,13.39,58.16,Western Kentucky Hilltoppers
Dayvion McKnight,564.9,1056.5,5.94,93.4065934065934,87.46327130264446,93.41,81.78,52.2,95.79,8.97,24.27,0.0,0.0,15.2,36.36,0.0,7.97,6.32,19.41,15.66,51.56,Western Kentucky Hilltoppers
Carson Williams,689.9,1289.5,5.02,91.8552036199095,86.83160415003991,91.86,82.05,51.81,94.19,8.67,23.53,0.0,0.0,14.18,36.35,0.0,8.14,6.03,19.98,17.04,50.53,Western Kentucky Hilltoppers
Charles Bassey,689.9,1289.5,5.02,91.8552036199095,86.83160415003991,91.86,82.05,51.81,94.19,8.67,23.53,0.0,0.0,14.18,36.35,0.0,8.14,6.03,19.98,17.04,50.53,Western Kentucky Hilltoppers
Taveion Hollingsworth,689.9,1289.5,5.02,91.8552036199095,86.83160415003991,91.86,82.05,51.81,94.19,8.67,23.53,0.0,0.0,14.18,36.35,0.0,8.14,6.03,19.98,17.04,50.53,Western Kentucky Hilltoppers
Josh Anderson,569.9,1060.5,3.76,90.80036798528059,87.04061895551257,90.8,82.8,51.33,92.55,9.02,23.74,0.0,0.0,12.79,36.06,0.0,7.82,5.98,20.24,17.85,48.85,Western Kentucky Hilltoppers
Kenny Cooper,125.0,233.0,0.56,84.61538461538461,84.05172413793103,84.62,83.33,50.0,86.75,7.26,20.09,0.0,0.0,9.4,36.32,0.0,8.97,4.7,22.65,23.5,45.72,Western Kentucky Hilltoppers
Danny Kolp,40.0,69.5,6.98,98.52941176470588,91.54929577464789,98.53,95.59,48.53,101.47,13.24,38.24,0.0,0.0,19.12,33.82,0.0,13.24,1.47,17.65,25.0,52.94,Western Michigan Broncos
Rafael Cruz Jr.,40.0,66.5,-0.07,95.45454545454545,95.52238805970148,95.45,96.97,46.97,95.45,10.61,28.79,0.0,0.0,16.67,45.45,0.0,4.55,3.03,21.21,25.76,62.12,Western Michigan Broncos
Josiah Freeman,40.0,76.0,-6.85,93.15068493150685,100.0,93.15,108.22,49.32,93.15,6.85,21.92,0.0,0.0,12.33,31.51,0.0,4.11,0.0,19.18,31.51,43.84,Western Michigan Broncos
William Boyer-Richard,240.0,450.5,-13.21,86.35346756152126,99.55947136563876,86.35,101.12,44.52,92.17,9.62,28.64,0.0,0.0,12.53,36.24,0.0,4.47,3.13,20.36,22.15,48.77,Western Michigan Broncos
B. Artis White,440.0,828.0,-14.15,83.21167883211679,97.3621103117506,83.21,98.78,43.19,91.97,9.12,29.68,0.0,0.0,11.68,34.55,0.0,7.18,1.95,19.71,21.78,46.23,Western Michigan Broncos
Greg Lee,600.0,1125.0,-14.45,84.40860215053763,98.85361552028219,84.41,100.45,43.55,91.67,9.23,28.85,0.0,0.0,11.47,35.3,0.0,6.18,2.06,19.8,22.04,46.77,Western Michigan Broncos
Jason Whitens,600.0,1125.0,-14.45,84.40860215053763,98.85361552028219,84.41,100.45,43.55,91.67,9.23,28.85,0.0,0.0,11.47,35.3,0.0,6.18,2.06,19.8,22.04,46.77,Western Michigan Broncos
Titus Wright,400.0,760.0,-14.98,84.23127463863338,99.2094861660079,84.23,98.95,43.5,91.2,9.72,28.25,0.0,0.0,11.56,35.74,0.0,5.65,2.1,20.37,20.63,47.3,Western Michigan Broncos
Adrian Martin,440.0,829.0,-17.23,82.8883495145631,100.1199040767386,82.89,101.33,42.6,90.66,9.22,28.76,0.0,0.0,10.19,35.07,0.0,6.43,1.7,19.54,21.12,45.26,Western Michigan Broncos
Patrick Emilien,160.0,295.5,-18.14,81.53310104529616,99.67105263157895,81.53,105.57,42.51,90.59,6.97,28.22,0.0,0.0,9.41,34.49,0.0,5.92,2.09,18.82,25.09,43.9,Western Michigan Broncos
Alterique Gilbert,570.0,1102.5,3.29,90.83557951482479,87.54578754578755,90.84,85.89,49.42,102.52,10.96,31.72,0.0,0.0,16.26,33.06,0.0,8.0,4.31,13.75,20.22,49.32,Wichita State Shockers
Dexter Dennis,610.0,1165.0,2.65,90.9245122985581,88.27106863596872,90.92,86.17,49.62,102.88,10.94,31.38,0.0,0.0,16.71,32.65,0.0,7.72,4.33,13.83,20.27,49.36,Wichita State Shockers
Morris Udeze,610.0,1165.0,2.65,90.9245122985581,88.27106863596872,90.92,86.17,49.62,102.88,10.94,31.38,0.0,0.0,16.71,32.65,0.0,7.72,4.33,13.83,20.27,49.36,Wichita State Shockers
Trey Wade,610.0,1165.0,2.65,90.9245122985581,88.27106863596872,90.92,86.17,49.62,102.88,10.94,31.38,0.0,0.0,16.71,32.65,0.0,7.72,4.33,13.83,20.27,49.36,Wichita State Shockers
Tyson Etienne,610.0,1165.0,2.65,90.9245122985581,88.27106863596872,90.92,86.17,49.62,102.88,10.94,31.38,0.0,0.0,16.71,32.65,0.0,7.72,4.33,13.83,20.27,49.36,Wichita State Shockers
Craig Porter Jr.,40.0,62.5,-9.27,92.42424242424242,101.69491525423729,92.42,90.91,53.03,109.09,10.61,25.76,0.0,0.0,24.24,25.76,0.0,3.03,4.55,15.15,21.21,50.0,Wichita State Shockers
Quinn Blair,320.0,582.0,-7.81,90.25210084033614,98.06678383128296,90.25,93.78,51.43,99.16,6.72,22.69,0.0,0.0,15.97,34.45,0.0,6.39,4.54,16.81,18.66,50.42,William & Mary Tribe
Ben Wight,400.0,724.5,-12.91,86.81022880215343,99.71671388101983,86.81,94.75,49.39,97.85,6.73,24.63,0.0,0.0,15.48,33.24,0.0,6.86,4.58,17.63,18.17,48.72,William & Mary Tribe
Connor Kochera,400.0,724.5,-12.91,86.81022880215343,99.71671388101983,86.81,94.75,49.39,97.85,6.73,24.63,0.0,0.0,15.48,33.24,0.0,6.86,4.58,17.63,18.17,48.72,William & Mary Tribe
Luke Loewe,400.0,724.5,-12.91,86.81022880215343,99.71671388101983,86.81,94.75,49.39,97.85,6.73,24.63,0.0,0.0,15.48,33.24,0.0,6.86,4.58,17.63,18.17,48.72,William & Mary Tribe
Yuri Covington,400.0,724.5,-12.91,86.81022880215343,99.71671388101983,86.81,94.75,49.39,97.85,6.73,24.63,0.0,0.0,15.48,33.24,0.0,6.86,4.58,17.63,18.17,48.72,William & Mary Tribe
Thatcher Stone,80.0,142.5,-33.6,72.97297297297297,106.56934306569343,72.97,98.65,41.22,92.57,6.76,32.43,0.0,0.0,13.51,28.38,0.0,8.78,4.73,20.95,16.22,41.89,William & Mary Tribe
D.J. Burns Jr.,800.0,1621.0,16.11,96.97903822441431,80.8641975308642,96.98,80.76,52.03,100.55,10.73,30.46,0.0,0.0,18.25,34.46,0.0,8.94,2.9,17.69,22.93,52.71,Winthrop Eagles
Chandler Vaudrin,760.0,1544.0,15.9,97.08926261319533,81.19325551232166,97.09,80.98,52.01,101.03,10.93,30.79,0.0,0.0,18.56,34.41,0.0,8.86,2.91,17.53,22.7,52.97,Winthrop Eagles
Charles Falden,840.0,1705.0,15.35,97.01405152224825,81.66862514688601,97.01,81.38,52.05,101.05,10.77,30.33,0.0,0.0,18.38,33.96,0.0,9.19,2.93,17.33,22.42,52.34,Winthrop Eagles
Kyle Zunic,840.0,1705.0,15.35,97.01405152224825,81.66862514688601,97.01,81.38,52.05,101.05,10.77,30.33,0.0,0.0,18.38,33.96,0.0,9.19,2.93,17.33,22.42,52.34,Winthrop Eagles
Micheal Anumba,840.0,1705.0,15.35,97.01405152224825,81.66862514688601,97.01,81.38,52.05,101.05,10.77,30.33,0.0,0.0,18.38,33.96,0.0,9.19,2.93,17.33,22.42,52.34,Winthrop Eagles
Russell Jones Jr.,80.0,161.0,10.05,96.29629629629629,86.25,96.3,85.19,52.47,101.23,9.26,25.93,0.0,0.0,16.67,29.63,0.0,12.35,3.09,15.43,19.75,46.3,Winthrop Eagles
Chase Claxton,40.0,84.0,0.11,97.67441860465115,97.5609756097561,97.67,93.02,52.33,110.47,11.63,27.91,0.0,0.0,20.93,24.42,0.0,13.95,3.49,10.47,12.79,45.35,Winthrop Eagles
Nate Reuvers,610.0,1099.0,0.94,92.6027397260274,91.65911151405258,92.6,92.33,48.13,101.1,11.78,33.15,0.0,0.0,12.42,33.24,0.0,7.49,4.02,11.32,21.46,45.66,Wisconsin Badgers
Micah Potter,530.0,952.5,0.68,90.3125,89.62962962962962,90.31,88.23,47.19,96.98,10.42,31.67,0.0,0.0,10.31,35.31,0.0,7.6,3.96,13.33,20.0,45.62,Wisconsin Badgers
Aleem Ford,890.0,1605.5,0.57,90.9090909090909,90.34267912772586,90.91,90.29,47.14,99.13,11.33,33.56,0.0,0.0,11.64,33.87,0.0,7.97,4.42,12.52,21.73,45.51,Wisconsin Badgers
Brad Davison,890.0,1605.5,0.57,90.9090909090909,90.34267912772586,90.91,90.29,47.14,99.13,11.33,33.56,0.0,0.0,11.64,33.87,0.0,7.97,4.42,12.52,21.73,45.51,Wisconsin Badgers
D'Mitrik Trice,890.0,1605.5,0.57,90.9090909090909,90.34267912772586,90.91,90.29,47.14,99.13,11.33,33.56,0.0,0.0,11.64,33.87,0.0,7.97,4.42,12.52,21.73,45.51,Wisconsin Badgers
Tyler Wahl,640.0,1159.5,0.13,89.80121002592912,89.67297762478485,89.8,90.06,46.15,99.05,11.67,35.52,0.0,0.0,12.01,33.28,0.0,8.73,5.19,12.96,23.42,45.29,Wisconsin Badgers
Sam Godwin,200.0,369.0,2.98,94.41489361702128,91.4364640883978,94.41,88.03,49.2,96.28,12.77,36.44,0.0,0.0,11.44,35.64,0.0,7.18,3.46,15.16,20.21,47.08,Wofford Terriers
Max Klesmit,84.9,148.5,1.34,99.32432432432432,97.98657718120806,99.32,98.65,46.62,92.57,16.89,44.59,0.0,0.0,10.81,31.76,0.0,10.81,0.68,18.24,22.97,42.57,Wofford Terriers
Ryan Larson,684.9,1251.5,0.78,96.99129057798892,96.20967741935483,96.99,94.46,48.77,94.06,13.46,37.93,0.0,0.0,11.4,33.73,0.0,8.71,2.61,17.34,20.82,45.13,Wofford Terriers
Storm Murphy,684.9,1251.5,0.78,96.99129057798892,96.20967741935483,96.99,94.46,48.77,94.06,13.46,37.93,0.0,0.0,11.4,33.73,0.0,8.71,2.61,17.34,20.82,45.13,Wofford Terriers
Tray Hollowell,684.9,1251.5,0.78,96.99129057798892,96.20967741935483,96.99,94.46,48.77,94.06,13.46,37.93,0.0,0.0,11.4,33.73,0.0,8.71,2.61,17.34,20.82,45.13,Wofford Terriers
Morgan Safford,600.0,1103.0,0.71,96.68161434977578,95.96700274977086,96.68,93.9,49.06,94.26,13.0,37.04,0.0,0.0,11.48,33.99,0.0,8.43,2.87,17.22,20.54,45.47,Wofford Terriers
Messiah Jones,484.9,882.5,-0.09,98.08342728297632,98.17767653758543,98.08,97.18,48.59,93.12,13.75,38.56,0.0,0.0,11.39,32.92,0.0,9.36,2.25,18.26,21.08,44.31,Wofford Terriers
Tim Finke,764.7,1507.5,14.78,101.93298969072164,87.14969241285031,101.93,82.15,56.31,102.06,9.28,24.87,0.0,0.0,17.72,37.31,0.0,7.22,4.19,15.66,16.11,55.03,Wright State Raiders
Loudon Love,804.7,1593.0,14.16,101.34064594759293,87.18446601941747,101.34,82.08,56.31,101.46,9.02,24.13,0.0,0.0,17.12,37.17,0.0,7.19,4.33,15.66,16.33,54.29,Wright State Raiders
Tanner Holden,804.7,1593.0,14.16,101.34064594759293,87.18446601941747,101.34,82.08,56.31,101.46,9.02,24.13,0.0,0.0,17.12,37.17,0.0,7.19,4.33,15.66,16.33,54.29,Wright State Raiders
Trey Calvin,804.7,1593.0,14.16,101.34064594759293,87.18446601941747,101.34,82.08,56.31,101.46,9.02,24.13,0.0,0.0,17.12,37.17,0.0,7.19,4.33,15.66,16.33,54.29,Wright State Raiders
Jaylon Hall,240.0,479.5,13.83,99.18032786885246,85.35031847133759,99.18,82.38,54.1,97.95,8.4,24.39,0.0,0.0,15.98,38.73,0.0,8.61,4.3,18.03,17.62,54.71,Wright State Raiders
Grant Basile,604.7,1199.0,13.47,101.44927536231884,87.9757785467128,101.45,81.88,57.17,102.09,8.94,23.11,0.0,0.0,16.83,36.39,0.0,6.6,4.51,14.73,16.1,53.22,Wright State Raiders
Graham Ike,285.0,547.5,5.04,97.10669077757686,92.06642066420663,97.11,90.24,51.36,96.93,12.66,34.36,0.0,0.0,11.57,31.65,0.0,9.22,2.17,14.65,22.42,43.22,Wyoming Cowboys
Kwane Marble,525.0,1033.5,0.01,95.84541062801932,95.83333333333334,95.85,95.56,50.43,97.2,12.95,37.87,0.0,0.0,12.56,29.86,0.0,7.25,2.51,15.36,24.54,42.42,Wyoming Cowboys
Marcus Williams,684.9,1318.5,-3.59,93.89140271493213,97.48283752860412,93.89,96.38,49.55,96.23,12.9,36.88,0.0,0.0,11.16,30.02,0.0,7.47,2.26,14.93,23.91,41.18,Wyoming Cowboys
Kenny Foster,359.9,689.0,-3.69,94.15204678362574,97.8386167146974,94.15,99.27,49.56,96.05,13.16,35.53,0.0,0.0,10.53,31.29,0.0,5.85,2.63,14.47,25.58,41.82,Wyoming Cowboys
Hunter Maldonado,724.9,1402.0,-4.33,93.52773826458038,97.85407725321889,93.53,97.3,49.43,96.37,12.66,36.56,0.0,0.0,11.31,29.87,0.0,7.18,2.35,14.94,23.97,41.18,Wyoming Cowboys
Xavier DuSell,445.0,864.0,-6.08,92.75862068965517,98.83449883449883,92.76,97.47,49.2,96.44,12.3,36.9,0.0,0.0,11.84,28.97,0.0,7.7,2.18,15.4,22.64,40.81,Wyoming Cowboys
Hunter Thompson,439.9,845.0,-10.39,90.55489964580875,100.94899169632265,90.55,100.47,47.46,95.4,12.99,38.96,0.0,0.0,10.63,29.52,0.0,6.38,2.24,15.23,24.44,40.15,Wyoming Cowboys
Jeremiah Oden,159.9,310.5,-18.4,86.73139158576052,105.12820512820514,86.73,106.15,47.9,96.44,9.71,29.45,0.0,0.0,9.39,26.54,0.0,5.83,2.59,12.94,23.95,35.93,Wyoming Cowboys
Adam Kunkel,165.0,292.0,0.37,101.3840830449827,101.01694915254238,101.38,103.11,49.83,103.11,13.84,37.37,0.0,0.0,16.61,37.37,0.0,5.88,3.46,13.49,20.42,53.98,Xavier Musketeers
Jason Carter,525.0,990.5,-0.9,93.84460141271444,94.74747474747474,93.84,94.65,49.04,101.31,9.59,31.69,0.0,0.0,15.74,35.82,0.0,8.68,4.24,14.43,20.89,51.56,Xavier Musketeers
Nate Johnson,360.0,698.5,-1.22,92.5925925925926,93.81294964028777,92.59,92.88,48.86,101.71,9.54,31.48,0.0,0.0,16.52,35.47,0.0,9.12,3.85,14.81,19.94,51.99,Xavier Musketeers
Paul Scruggs,565.0,1058.5,-1.51,93.20113314447592,94.7069943289225,93.2,94.62,48.82,100.94,9.35,31.92,0.0,0.0,15.3,35.6,0.0,8.88,4.15,14.35,21.25,50.9,Xavier Musketeers
Zach Freemantle,565.0,1058.5,-1.51,93.20113314447592,94.7069943289225,93.2,94.62,48.82,100.94,9.35,31.92,0.0,0.0,15.3,35.6,0.0,8.88,4.15,14.35,21.25,50.9,Xavier Musketeers
Colby Jones,445.0,831.5,-1.66,91.59663865546219,93.25301204819277,91.6,92.92,48.62,100.48,8.16,30.13,0.0,0.0,15.13,35.29,0.0,9.48,4.44,14.65,21.49,50.42,Xavier Musketeers
Dwon Odom,160.0,295.0,-3.44,91.15646258503402,94.5945945945946,91.16,95.24,48.3,98.3,7.82,32.65,0.0,0.0,11.56,35.03,0.0,9.52,4.76,13.27,24.49,46.59,Xavier Musketeers
C.J. Wilcher,40.0,68.0,-10.29,83.82352941176471,94.11764705882352,83.82,94.12,45.59,95.59,5.88,35.29,0.0,0.0,8.82,32.35,0.0,11.76,2.94,13.24,26.47,41.17,Xavier Musketeers
Darius Quisenberry,450.0,864.0,1.36,92.86536248561565,91.50174621653086,92.87,90.45,51.55,99.19,8.52,27.39,0.0,0.0,14.73,31.76,0.0,7.83,1.5,15.54,22.78,46.49,Youngstown State Penguins
Myles Hunter,410.0,765.5,-4.8,93.2051282051282,98.00266311584554,93.21,94.36,51.15,103.97,9.23,30.0,0.0,0.0,17.69,30.77,0.0,7.05,1.79,13.72,20.38,48.46,Youngstown State Penguins
Garrett Covington,855.0,1630.0,-6.2,91.62621359223301,97.8287841191067,91.63,95.69,50.61,101.46,8.86,28.82,0.0,0.0,16.38,29.92,0.0,6.8,1.76,14.93,21.66,46.3,Youngstown State Penguins
Michael Akuchie,855.0,1630.0,-6.2,91.62621359223301,97.8287841191067,91.63,95.69,50.61,101.46,8.86,28.82,0.0,0.0,16.38,29.92,0.0,6.8,1.76,14.93,21.66,46.3,Youngstown State Penguins
Naz Bohannon,855.0,1630.0,-6.2,91.62621359223301,97.8287841191067,91.63,95.69,50.61,101.46,8.86,28.82,0.0,0.0,16.38,29.92,0.0,6.8,1.76,14.93,21.66,46.3,Youngstown State Penguins
Shemar Rathan-Mayes,730.0,1397.0,-7.85,91.28277817150958,99.13232104121475,91.28,97.17,50.25,100.64,8.86,28.84,0.0,0.0,15.88,29.27,0.0,6.38,1.7,15.24,21.62,45.15,Youngstown State Penguins
Alex Vargo,120.0,233.5,-29.09,83.89830508474576,112.98701298701299,83.9,110.59,47.46,106.36,8.9,30.08,0.0,0.0,21.19,24.15,0.0,4.66,2.97,14.83,22.03,45.34,Youngstown State Penguins
