Combo,Mins,Avg_Poss,NetRtg,ORtg,DRtg,PF_100,PA_100,FGM_100,FGA_100,FG3M_100,FG3A_100,FTM_100,FTA_100,ORB_100,DRB_100,AST_100,STL_100,BLK_100,TOV_100,Foul_100,REB_100,Team
"Joe Pleasant, Kolton Kohl, Mahki Morris, Paul Hiepler, Reggie Miller",40.0,79.5,30.3,106.25,75.9493670886076,106.25,75.0,53.75,102.5,15.0,41.25,0.0,0.0,18.75,36.25,0.0,17.5,6.25,16.25,22.5,55.0,Abilene Christian Wildcats
"Coryon Mason, Damien Daniels, Joe Pleasant, Kolton Kohl, Reggie Miller",400.0,814.0,22.15,98.03680981595092,75.89175891758919,98.04,75.71,52.64,99.75,10.67,26.75,0.0,0.0,18.04,32.64,0.0,13.01,3.8,18.28,25.77,50.68,Abilene Christian Wildcats
"Damien Daniels, Joe Pleasant, Kolton Kohl, Mahki Morris, Reggie Miller",240.0,469.5,16.89,98.51380042462846,81.62393162393163,98.51,81.1,53.5,101.7,9.34,28.45,0.0,0.0,15.5,29.51,0.0,9.55,4.25,13.8,22.29,45.01,Abilene Christian Wildcats
"A.J. Walker, Ameka Akaya, Chris Joyce, Keaton Van Soelen, Nikc Jackson",40.0,71.5,2.21,92.7536231884058,90.54054054054053,92.75,97.1,52.17,94.2,8.7,26.09,0.0,0.0,11.59,30.43,0.0,10.14,5.8,17.39,30.43,42.02,Air Force Falcons
"A.J. Walker, Ameka Akaya, Chris Joyce, Glen McClintock, Nikc Jackson",200.0,333.5,-6.73,93.27217125382263,100.0,93.27,103.98,44.04,92.35,16.51,44.34,0.0,0.0,9.48,26.61,0.0,9.48,4.28,17.13,25.69,36.09,Air Force Falcons
"A.J. Walker, Camden Vander Zwaag, Carter Murphy, Chris Joyce, Nikc Jackson",40.0,74.0,-13.33,86.66666666666667,100.0,86.67,97.33,48.0,97.33,8.0,32.0,0.0,0.0,13.33,18.67,0.0,16.0,2.67,16.0,21.33,32.0,Air Force Falcons
"A.J. Walker, Ameka Akaya, Carter Murphy, Chris Joyce, Nikc Jackson",160.0,289.5,-22.37,72.88732394366197,95.25423728813558,72.89,98.94,40.49,87.32,5.63,25.35,0.0,0.0,8.45,25.7,0.0,10.92,5.99,21.13,25.0,34.15,Air Force Falcons
"A.J. Walker, Chris Joyce, Glen McClintock, Keaton Van Soelen, Nikc Jackson",400.0,727.5,-23.37,83.008356545961,106.37720488466758,83.01,109.19,44.43,83.98,8.64,25.63,0.0,0.0,6.69,26.04,0.0,9.75,2.65,22.7,22.7,32.73,Air Force Falcons
"Ali Ali, Bryan Trimble Jr., Enrique Freeman, Loren Cristian Jackson, Maishe Dailey",644.6,1240.5,7.46,98.95666131621188,91.49797570850203,98.96,90.69,51.52,99.04,13.16,36.68,0.0,0.0,15.01,35.55,0.0,6.1,4.33,15.97,23.35,50.56,Akron Zips
"Ali Ali, Bryan Trimble Jr., Enrique Freeman, Greg Tribble, Loren Cristian Jackson",165.0,325.0,-4.31,91.38461538461539,95.6923076923077,91.38,95.69,50.77,107.38,8.31,31.08,0.0,0.0,19.08,32.62,0.0,5.23,7.08,11.69,22.15,51.7,Akron Zips
"EJ Williams, Garrett Hicks, Jalen Johnson, Jevon Tatum, London Riley",40.0,82.5,2.6,93.5064935064935,90.9090909090909,93.51,103.9,46.75,90.91,12.99,27.27,0.0,0.0,15.58,37.66,0.0,5.19,3.9,24.68,31.17,53.24,Alabama A&M Bulldogs
"Cameron Tucker, Dailin Smith, EJ Williams, Garrett Hicks, Jalen Johnson",199.8,388.5,2.36,85.34704370179949,82.9896907216495,85.35,82.78,47.3,103.34,7.46,22.88,0.0,0.0,20.57,34.7,0.0,7.97,4.63,17.22,20.82,55.27,Alabama A&M Bulldogs
"Dailin Smith, EJ Williams, Garrett Hicks, Jalen Johnson, Jevon Tatum",80.0,166.5,-3.98,76.96969696969697,80.95238095238095,76.97,82.42,44.85,94.55,6.06,23.03,0.0,0.0,12.73,35.15,0.0,6.67,3.03,18.18,27.27,47.88,Alabama A&M Bulldogs
"Brandon Houston, Dailin Smith, Garrett Hicks, Jalen Johnson, Jevon Tatum",40.0,81.0,-4.56,65.06024096385542,69.62025316455697,65.06,66.27,32.53,77.11,7.23,24.1,0.0,0.0,6.02,43.37,0.0,2.41,4.82,28.92,18.07,49.39,Alabama A&M Bulldogs
"Brandon Powell, Garrett Hicks, Jalen Johnson, Jevon Tatum, Myles Parker",40.0,70.0,-14.54,53.03030303030303,67.56756756756756,53.03,75.76,31.82,93.94,1.52,19.7,0.0,0.0,12.12,40.91,0.0,10.61,6.06,18.18,22.73,53.03,Alabama A&M Bulldogs
"Herbert Jones, Jaden Shackelford, Jordan Bruner, Joshua Primo, Keon Ellis",40.0,93.5,27.19,91.11111111111111,63.91752577319587,91.11,68.89,46.67,98.89,13.33,41.11,0.0,0.0,15.56,35.56,0.0,6.67,5.56,16.67,30.0,51.12,Alabama Crimson Tide
"Alex Reese, Herbert Jones, Jaden Shackelford, John Petty Jr., Joshua Primo",280.0,609.5,21.94,99.33774834437085,77.39837398373983,99.34,78.81,50.17,92.22,15.07,35.1,0.0,0.0,9.93,36.75,0.0,10.43,5.13,17.72,20.36,46.68,Alabama Crimson Tide
"Herbert Jones, Jaden Shackelford, John Petty Jr., Jordan Bruner, Joshua Primo",280.0,600.0,18.78,96.71848013816926,77.93880837359099,96.72,83.59,47.84,100.17,13.47,35.92,0.0,0.0,16.41,31.43,0.0,11.4,5.53,16.23,25.73,47.84,Alabama Crimson Tide
"Herbert Jones, Jaden Shackelford, John Petty Jr., Jordan Bruner, Keon Ellis",120.0,237.0,4.64,91.56118143459916,86.91983122362869,91.56,86.92,47.26,105.06,10.97,38.82,0.0,0.0,21.94,35.86,0.0,10.55,6.33,16.88,20.68,57.8,Alabama Crimson Tide
"Alex Reese, Herbert Jones, John Petty Jr., Jordan Bruner, Tyler Barnes",40.0,87.5,3.53,93.18181818181817,89.65517241379311,93.18,88.64,52.27,101.14,11.36,44.32,0.0,0.0,11.36,30.68,0.0,9.09,5.68,10.23,22.73,42.04,Alabama Crimson Tide
"Herbert Jones, Jaden Shackelford, John Petty Jr., Joshua Primo, Juwan Gary",40.0,91.0,1.38,88.04347826086956,86.66666666666667,88.04,84.78,46.74,95.65,13.04,36.96,0.0,0.0,19.57,25.0,0.0,8.7,8.7,23.91,20.65,44.57,Alabama Crimson Tide
"Brandon Battle, DJ Heath, DJ Jackson, Kenny Strawbridge Jr., Kevion Stewart",120.0,254.0,-0.95,79.44664031620553,80.3921568627451,79.45,81.03,46.25,101.98,5.93,24.9,0.0,0.0,20.55,33.2,0.0,7.51,3.16,18.58,27.67,53.75,Alabama State Hornets
"Brandon Battle, DJ Heath, Jordan Cousin, Kevion Stewart, Mike Stone",40.0,83.5,-2.61,80.72289156626506,83.33333333333334,80.72,84.34,49.4,96.39,6.02,15.66,0.0,0.0,20.48,34.94,0.0,9.64,3.61,24.1,21.69,55.42,Alabama State Hornets
"Brandon Battle, DJ Heath, Jordan O'Neal, Kenny Strawbridge Jr., Kevion Stewart",160.0,316.0,-7.98,82.75862068965517,90.73482428115017,82.76,89.03,47.02,94.04,8.15,20.38,0.0,0.0,13.79,30.09,0.0,7.52,3.45,19.75,24.76,43.88,Alabama State Hornets
"Brandon Battle, DJ Jackson, Jordan Cousin, Kenny Strawbridge Jr., LaTrell Tate",40.0,88.5,-8.2,87.35632183908046,95.55555555555556,87.36,98.85,44.83,98.85,12.64,31.03,0.0,0.0,13.79,21.84,0.0,6.9,1.15,14.94,25.29,35.63,Alabama State Hornets
"Brandon Battle, DJ Heath, DJ Jackson, Jordan O'Neal, Kenny Strawbridge Jr.",160.0,340.5,-10.22,74.48680351906158,84.70588235294117,74.49,84.46,43.7,100.29,7.33,24.34,0.0,0.0,19.94,30.21,0.0,7.04,4.11,19.65,23.75,50.15,Alabama State Hornets
"Brandon Battle, DJ Heath, E.J. Clark, Jordan O'Neal, Kenny Strawbridge Jr.",40.0,80.0,-21.25,61.25000000000001,82.5,61.25,82.5,36.25,96.25,2.5,25.0,0.0,0.0,21.25,32.5,0.0,15.0,5.0,25.0,17.5,53.75,Alabama State Hornets
"Brandon Battle, DJ Heath, Jordan Cousin, Kenny Strawbridge Jr., Kevion Stewart",40.0,88.0,-30.26,75.55555555555556,105.8139534883721,75.56,101.11,42.22,97.78,8.89,23.33,0.0,0.0,15.56,24.44,0.0,11.11,0.0,17.78,20.0,40.0,Alabama State Hornets
"Adam Lulka, Antonio Rizzuto, Chuck Champion, Jamel Horton Jr., Kellon Taylor",80.0,163.5,1.78,92.02453987730061,90.2439024390244,92.02,90.8,51.53,102.45,7.98,21.47,0.0,0.0,15.95,28.22,0.0,11.04,1.23,13.5,22.7,44.17,Albany Great Danes
"Antonio Rizzuto, C.J. Kelly, Jamel Horton Jr., Jarvis Doles, Kellon Taylor",320.0,627.0,1.66,89.96865203761756,88.31168831168831,89.97,85.27,51.57,92.79,7.05,21.94,0.0,0.0,9.25,32.13,0.0,8.15,2.82,16.46,21.79,41.38,Albany Great Danes
"Antonio Rizzuto, C.J. Kelly, Jarvis Doles, JoJo Anderson, Kellon Taylor",80.0,145.0,-1.05,90.84507042253522,91.8918918918919,90.85,95.77,47.18,95.07,10.56,28.87,0.0,0.0,13.38,31.69,0.0,8.45,2.82,18.31,26.06,45.07,Albany Great Danes
"Adam Lulka, C.J. Kelly, Cameron Healy, JoJo Anderson, Kellon Taylor",80.0,161.5,-2.96,76.5432098765432,79.5031055900621,76.54,79.01,41.98,96.3,7.41,25.31,0.0,0.0,8.64,26.54,0.0,6.17,2.47,12.35,25.31,35.18,Albany Great Danes
"Anthony Fairley, Byron Joshua, Justin Thomas, Oddyst Walker, Troymain Crosby",40.0,91.0,7.36,90.69767441860465,83.33333333333334,90.7,93.02,48.84,91.86,10.47,20.93,0.0,0.0,12.79,29.07,0.0,4.65,4.65,20.93,32.56,41.86,Alcorn State Braves
"Anthony Fairley, Kurk Lee, Oddyst Walker, Troymain Crosby, Tyree Corbett",80.0,161.5,2.51,82.38993710691824,79.8780487804878,82.39,82.39,47.8,96.23,8.18,28.93,0.0,0.0,14.47,28.93,0.0,11.95,2.52,18.24,30.19,43.4,Alcorn State Braves
"Anthony Fairley, Byron Joshua, Dekedran Thorn, Malik Hardmon, Tajah Fraley",40.0,79.5,-13.91,87.34177215189874,101.25,87.34,102.53,44.3,98.73,7.59,26.58,0.0,0.0,18.99,29.11,0.0,13.92,2.53,20.25,20.25,48.1,Alcorn State Braves
"Anthony Fairley, Justin Thomas, Kurk Lee, Oddyst Walker, Troymain Crosby",40.0,88.5,-14.77,85.22727272727273,100.0,85.23,101.14,54.55,89.77,4.55,14.77,0.0,0.0,7.95,22.73,0.0,5.68,4.55,18.18,26.14,30.68,Alcorn State Braves
"Anthony Fairley, Byron Joshua, Justin Thomas, Malik Hardmon, Oddyst Walker",40.0,83.5,-24.69,67.07317073170732,91.76470588235294,67.07,95.12,35.37,100.0,7.32,31.71,0.0,0.0,23.17,26.83,0.0,8.54,0.0,23.17,21.95,50.0,Alcorn State Braves
"Adrian Delph, Donovan Gregory, James Lewis Jr., Justin Forrest, Michael Almonacy",85.0,146.5,3.61,95.9731543624161,92.36111111111111,95.97,89.26,50.34,104.7,16.11,38.26,0.0,0.0,18.12,34.23,0.0,7.38,2.01,13.42,16.11,52.35,Appalachian State Mountaineers
"Adrian Delph, Donovan Gregory, Justin Forrest, Michael Almonacy, RJ Duhart",85.0,168.5,2.51,83.72093023255815,81.21212121212122,83.72,77.91,45.93,100.58,11.63,33.14,0.0,0.0,15.12,31.98,0.0,15.7,4.07,14.53,16.86,47.1,Appalachian State Mountaineers
"Adrian Delph, Deshon Parker, Donovan Gregory, James Lewis Jr., Justin Forrest",488.5,895.5,0.63,92.88061336254107,92.25512528473804,92.88,88.72,50.49,102.52,10.41,31.76,0.0,0.0,16.76,30.01,0.0,10.41,4.16,14.24,18.73,46.77,Appalachian State Mountaineers
"Adrian Delph, Donovan Gregory, James Lewis Jr., Justin Forrest, Michael Eads Jr.",40.0,70.0,-5.71,84.28571428571429,90.0,84.29,90.0,41.43,100.0,10.0,35.71,0.0,0.0,15.71,30.0,0.0,11.43,2.86,15.71,24.29,45.71,Appalachian State Mountaineers
"Adrian Delph, Donovan Gregory, Justin Forrest, Michael Almonacy, Xavion Brown",40.0,60.5,-18.23,91.93548387096774,110.16949152542372,91.94,104.84,45.16,114.52,9.68,46.77,0.0,0.0,27.42,24.19,0.0,12.9,1.61,12.9,17.74,51.61,Appalachian State Mountaineers
"Adrian Delph, Deshon Parker, James Lewis Jr., Justin Forrest, Sasha Glushkov",40.0,72.0,-22.46,97.26027397260275,119.71830985915493,97.26,116.44,52.05,98.63,10.96,32.88,0.0,0.0,17.81,31.51,0.0,8.22,6.85,19.18,19.18,49.32,Appalachian State Mountaineers
"Alonzo Verge Jr., Chris Osten, Holland Woods, Kimani Lawrence, Remy Martin",40.0,92.0,33.97,104.3010752688172,70.32967032967034,104.3,68.82,55.91,101.08,10.75,27.96,0.0,0.0,9.68,38.71,0.0,12.9,5.38,8.6,20.43,48.39,Arizona State Sun Devils
"Jalen Graham, Josh Christopher, Marcus Bagley, Remy Martin, Taeshon Cherry",40.0,79.0,12.18,87.17948717948718,75.0,87.18,76.92,47.44,85.9,7.69,26.92,0.0,0.0,3.85,30.77,0.0,3.85,3.85,17.95,24.36,34.62,Arizona State Sun Devils
"Jalen Graham, Josh Christopher, Kimani Lawrence, Marcus Bagley, Remy Martin",80.0,166.0,8.14,92.07317073170732,83.92857142857143,92.07,85.98,51.83,91.46,5.49,20.12,0.0,0.0,6.71,25.61,0.0,12.2,5.49,15.24,24.39,32.32,Arizona State Sun Devils
"Alonzo Verge Jr., Chris Osten, Josh Christopher, Marcus Bagley, Remy Martin",120.0,250.5,-2.25,93.06122448979592,95.3125,93.06,99.59,51.43,98.78,9.8,29.8,0.0,0.0,11.43,25.71,0.0,6.94,4.49,12.65,28.57,37.14,Arizona State Sun Devils
"Alonzo Verge Jr., Chris Osten, Holland Woods, Josh Christopher, Marcus Bagley",85.0,179.0,-2.9,80.34682080924856,83.24324324324324,80.35,89.02,43.93,98.84,8.67,28.9,0.0,0.0,10.4,31.21,0.0,8.09,4.05,11.56,28.9,41.61,Arizona State Sun Devils
"Alonzo Verge Jr., Holland Woods, Jalen Graham, Kimani Lawrence, Remy Martin",365.0,717.5,-10.43,88.5952712100139,99.02234636871509,88.6,98.61,48.82,98.05,7.93,22.53,0.0,0.0,11.13,28.93,0.0,8.62,2.64,13.07,21.14,40.06,Arizona State Sun Devils
"Alonzo Verge Jr., Jalen Graham, Josh Christopher, Kimani Lawrence, Remy Martin",40.0,77.5,-17.67,81.0126582278481,98.68421052631578,81.01,94.94,41.77,100.0,11.39,32.91,0.0,0.0,17.72,36.71,0.0,7.59,3.8,17.72,15.19,54.43,Arizona State Sun Devils
"Azuolas Tubelis, Bennedict Mathurin, Christian Koloko, James Akinjo, Terrell Brown Jr.",240.0,461.5,11.2,97.45762711864407,86.25277161862527,97.46,82.42,56.57,98.73,6.99,16.1,0.0,0.0,15.04,34.32,0.0,9.75,6.57,16.31,21.4,49.36,Arizona Wildcats
"Azuolas Tubelis, Bennedict Mathurin, Ira Lee, James Akinjo, Terrell Brown Jr.",40.0,82.0,5.65,93.75,88.09523809523809,93.75,92.5,55.0,108.75,10.0,35.0,0.0,0.0,21.25,35.0,0.0,7.5,3.75,12.5,21.25,56.25,Arizona Wildcats
"Azuolas Tubelis, Dalen Terry, James Akinjo, Jemarl Baker, Jordan Brown",210.0,419.0,4.87,95.49763033175356,90.625,95.5,89.34,54.98,107.82,7.35,22.51,0.0,0.0,19.19,32.94,0.0,7.11,3.55,11.37,25.36,52.13,Arizona Wildcats
"Azuolas Tubelis, Christian Koloko, Dalen Terry, James Akinjo, Terrell Brown Jr.",80.0,151.5,-7.27,94.70198675496688,101.9736842105263,94.7,102.65,52.32,96.69,9.93,23.84,0.0,0.0,14.57,28.48,0.0,6.62,3.97,17.88,19.87,43.05,Arizona Wildcats
"Azuolas Tubelis, Bennedict Mathurin, Christian Koloko, James Akinjo, Kerr Kriisa",200.0,360.0,-9.44,91.42091152815014,100.86455331412103,91.42,93.83,51.21,101.88,9.65,26.01,0.0,0.0,16.09,34.05,0.0,3.22,3.49,14.21,19.03,50.14,Arizona Wildcats
"Connor Vanover, Desi Sills, Jalen Tate, Justin Smith, Moses Moody",120.0,242.0,15.76,106.47773279352226,90.71729957805907,106.48,87.04,58.7,102.43,9.72,25.91,0.0,0.0,15.79,30.36,0.0,11.34,6.07,13.36,19.03,46.15,Arkansas Razorbacks
"Connor Vanover, Davonte Davis, Jalen Tate, Justin Smith, Moses Moody",320.0,680.0,8.34,90.2439024390244,81.90045248868778,90.24,77.91,50.93,96.41,7.32,23.53,0.0,0.0,13.06,33.29,0.0,8.9,6.46,16.64,18.79,46.35,Arkansas Razorbacks
"Connor Vanover, Davonte Davis, Jalen Tate, Moses Moody, Vance Jackson",80.0,182.0,7.69,96.15384615384616,88.46153846153845,96.15,88.46,51.1,100.55,10.99,28.57,0.0,0.0,16.48,28.57,0.0,9.34,1.65,15.93,20.88,45.05,Arkansas Razorbacks
"Connor Vanover, JD Notae, Jalen Tate, Justin Smith, Moses Moody",40.0,82.0,2.44,91.46341463414635,89.02439024390245,91.46,89.02,50.0,97.56,4.88,18.29,0.0,0.0,17.07,29.27,0.0,9.76,6.1,19.51,24.39,46.34,Arkansas Razorbacks
"Connor Vanover, Desi Sills, Jalen Tate, Jaylin Williams, Moses Moody",40.0,82.0,0.73,93.67088607594937,92.94117647058823,93.67,100.0,46.84,82.28,10.13,25.32,0.0,0.0,7.59,39.24,0.0,2.53,2.53,25.32,27.85,46.83,Arkansas Razorbacks
"Desi Sills, Jalen Tate, Jaylin Williams, Justin Smith, Moses Moody",40.0,86.0,-35.34,67.04545454545455,102.38095238095238,67.05,97.73,38.64,90.91,4.55,19.32,0.0,0.0,11.36,29.55,0.0,10.23,5.68,20.45,17.05,40.91,Arkansas Razorbacks
"Caleb Fields, Christian Willis, Markise Davis, Marquis Eaton, Norchad Omier",45.0,84.5,8.36,97.6470588235294,89.28571428571429,97.65,88.24,54.12,107.06,9.41,24.71,0.0,0.0,23.53,38.82,0.0,5.88,3.53,16.47,16.47,62.35,Arkansas State Red Wolves
"Antwon Jackson, Caleb Fields, Christian Willis, Marquis Eaton, Norchad Omier",119.6,245.5,2.93,95.1417004048583,92.21311475409836,95.14,91.09,55.87,100.4,8.5,21.46,0.0,0.0,17.81,35.63,0.0,5.26,2.02,17.41,23.89,53.44,Arkansas State Red Wolves
"Caleb Fields, Christian Willis, Keyon Wesley, Marquis Eaton, Norchad Omier",400.0,726.5,1.26,94.91758241758241,93.65517241379311,94.92,93.27,50.27,98.9,9.2,23.35,0.0,0.0,15.25,33.93,0.0,8.52,3.3,16.35,22.25,49.18,Arkansas State Red Wolves
"Caleb Fields, Markise Davis, Marquis Eaton, Norchad Omier, Tim Holland Jr.",40.0,76.5,-7.79,94.87179487179486,102.66666666666666,94.87,98.72,52.56,103.85,6.41,12.82,0.0,0.0,21.79,26.92,0.0,12.82,5.13,17.95,19.23,48.71,Arkansas State Red Wolves
"Dequan Morris, Joshuwan Johnson, Markedric Bell, Shaun Doss Jr., Terrance Banyard",200.0,413.5,5.0,89.52380952380953,84.52088452088452,89.52,81.9,52.38,98.1,6.67,20.95,0.0,0.0,15.95,30.0,0.0,10.95,6.9,17.86,23.33,45.95,Arkansas-Pine Bluff Golden Lions
"Jalen Lynn, Joshuwan Johnson, Markedric Bell, Shaun Doss Jr., Terrance Banyard",324.8,601.5,-8.79,81.56146179401993,90.34941763727122,81.56,90.2,46.01,95.85,6.48,21.1,0.0,0.0,15.45,32.06,0.0,8.31,3.65,19.6,23.09,47.51,Arkansas-Pine Bluff Golden Lions
"Alvin Stredic, Dequan Morris, Joshuwan Johnson, Markedric Bell, Shaun Doss Jr.",40.0,79.5,-54.24,63.095238095238095,117.33333333333333,63.1,104.76,46.43,97.62,2.38,8.33,0.0,0.0,14.29,15.48,0.0,4.76,2.38,16.67,22.62,29.77,Arkansas-Pine Bluff Golden Lions
"Alex King, Lonnie Grayson, Mark Madden, Nick Finke, Tucker Blackwell",40.0,64.5,-3.64,85.07462686567165,88.70967741935483,85.07,82.09,44.78,97.01,8.96,34.33,0.0,0.0,13.43,43.28,0.0,4.48,1.49,16.42,19.4,56.71,Army Black Knights
"Alex King, Charlie Peterson, Jalen Rucker, Josh Caldwell, Lonnie Grayson",605.0,1156.5,-4.69,91.54568744662681,96.23467600700525,91.55,93.85,48.16,97.44,9.48,29.38,0.0,0.0,13.15,31.68,0.0,8.54,1.28,15.71,20.15,44.83,Army Black Knights
"Allen Flanigan, JT Thor, Jamal Johnson, Jaylin Williams, Sharife Cooper",280.0,642.5,6.81,94.38377535101404,87.5776397515528,94.38,87.99,54.45,96.1,8.27,26.37,0.0,0.0,13.57,32.14,0.0,7.8,9.98,17.47,22.31,45.71,Auburn Tigers
"Allen Flanigan, Devan Cambridge, JT Thor, Jaylin Williams, Justin Powell",80.0,164.5,-4.43,93.7888198757764,98.21428571428571,93.79,102.48,45.34,89.44,16.15,38.51,0.0,0.0,12.42,27.95,0.0,9.32,4.97,22.98,21.12,40.37,Auburn Tigers
"Allen Flanigan, Devan Cambridge, JT Thor, Jaylin Williams, Sharife Cooper",165.0,333.5,-7.48,94.6268656716418,102.10843373493977,94.63,101.19,50.45,102.39,11.94,34.03,0.0,0.0,21.19,28.36,0.0,6.27,8.06,18.81,22.39,49.55,Auburn Tigers
"Allen Flanigan, Devan Cambridge, JT Thor, Jamal Johnson, Jaylin Williams",200.0,385.5,-11.68,83.79746835443038,95.47872340425532,83.8,90.89,45.06,96.46,10.89,36.46,0.0,0.0,16.71,32.66,0.0,7.09,5.32,20.25,19.24,49.37,Auburn Tigers
"Carlos Paez, Corbin Merritt, Jordyn Adams, Tai'Reon Joseph, Terry Taylor",40.0,73.5,24.75,93.24324324324324,68.4931506849315,93.24,67.57,51.35,100.0,12.16,24.32,0.0,0.0,18.92,33.78,0.0,12.16,0.0,18.92,22.97,52.7,Austin Peay Governors
"Alec Woodard, Carlos Paez, Jordyn Adams, Mike Peake, Terry Taylor",285.0,515.5,6.81,101.73745173745175,94.9317738791423,101.74,94.02,51.16,96.91,12.36,29.92,0.0,0.0,15.06,28.76,0.0,7.14,2.12,18.15,23.55,43.82,Austin Peay Governors
"Alec Woodard, Carlos Paez, Elton Walker, Reginald Gee, Terry Taylor",40.0,77.0,6.34,97.36842105263158,91.02564102564102,97.37,93.42,51.32,103.95,9.21,25.0,0.0,0.0,23.68,38.16,0.0,6.58,2.63,19.74,15.79,61.84,Austin Peay Governors
"Carlos Paez, Mike Peake, Reginald Gee, Tai'Reon Joseph, Terry Taylor",165.0,319.0,5.96,93.10344827586206,87.14733542319749,93.1,87.15,52.66,99.06,9.09,29.15,0.0,0.0,18.18,28.21,0.0,7.84,3.45,19.12,26.33,46.39,Austin Peay Governors
"Carlos Paez, Jordyn Adams, Mike Peake, Tai'Reon Joseph, Terry Taylor",80.0,149.5,4.86,98.69281045751634,93.83561643835617,98.69,89.54,56.21,103.92,7.84,28.76,0.0,0.0,18.3,28.76,0.0,12.42,2.61,14.38,18.95,47.06,Austin Peay Governors
"Carlos Paez, Elton Walker, Reginald Gee, Tai'Reon Joseph, Terry Taylor",80.0,155.0,-4.36,93.67088607594937,98.02631578947368,93.67,94.3,50.63,97.47,7.59,24.05,0.0,0.0,18.35,22.78,0.0,8.86,2.53,20.89,20.25,41.13,Austin Peay Governors
"Carlos Paez, Jordyn Adams, Mike Peake, Reginald Gee, Terry Taylor",80.0,147.0,-10.07,89.93288590604027,100.0,89.93,97.32,47.65,101.34,8.05,29.53,0.0,0.0,18.79,28.19,0.0,10.07,2.01,17.45,23.49,46.98,Austin Peay Governors
"DJ Peavy, Elton Walker, Jordyn Adams, Mike Peake, Terry Taylor",40.0,70.5,-44.0,80.28169014084507,124.28571428571429,80.28,122.54,42.25,92.96,8.45,26.76,0.0,0.0,16.9,19.72,0.0,2.82,0.0,23.94,16.9,36.62,Austin Peay Governors
"Alex Barcello, Brandon Averette, Caleb Lohner, Gideon George, Matt Haarms",325.0,619.0,17.68,105.40098199672667,87.71929824561403,105.4,90.02,53.36,95.25,13.58,29.3,0.0,0.0,11.78,38.46,0.0,6.55,3.76,16.53,24.71,50.24,BYU Cougars
"Alex Barcello, Brandon Averette, Kolby Lee, Matt Haarms, Trevin Knell",250.0,474.0,10.05,94.75890985324948,84.71337579617835,94.76,83.65,52.2,97.48,8.81,27.88,0.0,0.0,12.37,41.93,0.0,6.29,3.77,14.88,19.92,54.3,BYU Cougars
"Alex Barcello, Brandon Averette, Connor Harding, Kolby Lee, Matt Haarms",40.0,82.0,-16.13,86.25,102.38095238095238,86.25,107.5,47.5,93.75,5.0,20.0,0.0,0.0,13.75,33.75,0.0,3.75,2.5,20.0,23.75,47.5,BYU Cougars
"Brachen Hazen, Ishmael El-Amin, Jarron Coleman, Luke Bumbalough, Miryne Thomas",40.0,84.0,20.87,98.78048780487805,77.90697674418605,98.78,81.71,47.56,101.22,18.29,45.12,0.0,0.0,14.63,47.56,0.0,4.88,0.0,13.41,23.17,62.19,Ball State Cardinals
"Ben Hendriks, Ishmael El-Amin, K.J. Walton, Luke Bumbalough, Miryne Thomas",80.0,157.5,8.09,95.51282051282051,87.42138364779875,95.51,89.1,54.49,95.51,10.26,25.64,0.0,0.0,13.46,33.97,0.0,7.05,6.41,17.95,25.0,47.43,Ball State Cardinals
"Brachen Hazen, Ishmael El-Amin, K.J. Walton, Luke Bumbalough, Zach Gunn",120.0,260.5,5.5,92.85714285714286,87.36059479553904,92.86,93.25,48.81,91.67,11.51,27.38,0.0,0.0,11.9,35.32,0.0,7.54,3.17,20.24,26.19,47.22,Ball State Cardinals
"Brachen Hazen, Ishmael El-Amin, Jarron Coleman, K.J. Walton, Miryne Thomas",285.0,579.5,3.97,101.73611111111111,97.77015437392797,101.74,98.96,52.26,95.66,11.63,32.47,0.0,0.0,14.58,32.47,0.0,5.03,2.26,18.92,24.13,47.05,Ball State Cardinals
"Brachen Hazen, Ishmael El-Amin, K.J. Walton, Luke Bumbalough, Miryne Thomas",125.0,229.5,2.63,96.95652173913044,94.32314410480349,96.96,93.91,51.3,98.26,12.17,32.17,0.0,0.0,13.04,29.57,0.0,7.83,2.61,14.78,23.91,42.61,Ball State Cardinals
"Brachen Hazen, Ishmael El-Amin, Jarron Coleman, Kani Acree, Luke Bumbalough",79.6,155.5,-27.74,66.66666666666666,94.40993788819875,66.67,101.33,34.0,86.67,7.33,35.33,0.0,0.0,10.67,36.67,0.0,6.0,3.33,24.0,24.67,47.34,Ball State Cardinals
"Davion Mitchell, Flo Thamba, Jared Butler, MaCio Teague, Mark Vital",605.0,1172.5,15.48,102.14041095890411,86.66100254885302,102.14,87.33,52.05,98.63,12.07,31.08,0.0,0.0,15.5,28.51,0.0,11.56,4.62,16.87,22.77,44.01,Baylor Bears
"CJ Fleming, Dylan Penn, Ethan Claycomb, Nick Thelen, Pedro Bradshaw",559.9,1001.5,8.9,101.89054726368158,92.98597194388778,101.89,92.34,55.12,97.31,8.66,24.48,0.0,0.0,13.13,30.05,0.0,10.05,3.38,15.82,21.99,43.18,Bellarmine Knights
"Ben Sheppard, Derek Sabin, Grayson Murphy, JaCobi Wood, Luke Smith",40.0,80.5,22.51,107.31707317073172,84.81012658227847,107.32,81.71,53.66,95.12,14.63,39.02,0.0,0.0,8.54,34.15,0.0,14.63,0.0,13.41,15.85,42.69,Belmont Bruins
"Ben Sheppard, Caleb Hollander, Grayson Murphy, Luke Smith, Nick Muszynski",600.0,1154.5,18.1,105.3127677806341,87.215411558669,105.31,85.35,54.33,98.71,12.0,32.65,0.0,0.0,13.54,34.62,0.0,10.54,4.71,14.82,17.65,48.16,Belmont Bruins
"Ben Sheppard, Derek Sabin, Grayson Murphy, Luke Smith, Nick Muszynski",200.0,397.5,13.98,103.20987654320987,89.23076923076924,103.21,85.93,54.81,96.54,11.11,32.35,0.0,0.0,10.86,32.1,0.0,8.89,3.21,14.32,15.31,42.96,Belmont Bruins
"Ben Sheppard, Caleb Hollander, Derek Sabin, Grayson Murphy, Luke Smith",85.0,183.0,-7.67,83.24022346368714,90.9090909090909,83.24,94.97,42.46,99.44,10.06,36.87,0.0,0.0,15.64,31.84,0.0,7.82,1.68,16.2,26.26,47.48,Belmont Bruins
"Bryce Beamer, Dan Petcash, George Tinsley, Hakon Hjalmarsson, Tyler Bertram",80.0,145.5,26.91,105.71428571428572,78.80794701986756,105.71,85.0,52.86,89.29,12.86,32.86,0.0,0.0,10.71,40.71,0.0,7.86,6.43,21.43,27.14,51.42,Binghamton Bearcats
"Brenton Mills, Bryce Beamer, Dan Petcash, George Tinsley, Hunter Crist",40.0,76.5,11.54,100.0,88.46153846153845,100.0,92.0,46.67,97.33,20.0,48.0,0.0,0.0,20.0,40.0,0.0,5.33,2.67,22.67,24.0,60.0,Binghamton Bearcats
"Brenton Mills, Bryce Beamer, Dan Petcash, George Tinsley, Tyler Bertram",205.0,363.5,-1.14,91.85393258426966,92.99191374663073,91.85,96.91,46.63,96.91,11.52,31.46,0.0,0.0,16.85,37.36,0.0,8.99,5.06,19.94,22.47,54.21,Binghamton Bearcats
"Brenton Mills, Christian Hinckson, George Tinsley, Hakon Hjalmarsson, Ogheneyole Akuwovo",45.0,79.5,-1.9,93.33333333333333,95.23809523809523,93.33,106.67,41.33,98.67,14.67,38.67,0.0,0.0,16.0,34.67,0.0,6.67,5.33,17.33,29.33,50.67,Binghamton Bearcats
"Brenton Mills, Bryce Beamer, Christian Hinckson, George Tinsley, Kellen Amos",40.0,74.0,-12.04,89.33333333333333,101.36986301369863,89.33,98.67,44.0,92.0,16.0,33.33,0.0,0.0,13.33,37.33,0.0,5.33,4.0,21.33,20.0,50.66,Binghamton Bearcats
"Christian Hinckson, Dan Petcash, George Tinsley, Hakon Hjalmarsson, Ogheneyole Akuwovo",40.0,77.0,-13.74,78.66666666666666,92.40506329113924,78.67,97.33,38.67,92.0,10.67,29.33,0.0,0.0,16.0,29.33,0.0,8.0,6.67,24.0,20.0,45.33,Binghamton Bearcats
"Ador Athuai, Brenton Mills, Dan Petcash, George Tinsley, Tyler Bertram",39.4,78.5,-21.98,97.5,119.48051948051948,97.5,115.0,51.25,107.5,12.5,40.0,0.0,0.0,18.75,18.75,0.0,5.0,2.5,11.25,26.25,37.5,Binghamton Bearcats
"Brenton Mills, Dan Petcash, George Tinsley, Thomas Bruce, Tyler Bertram",40.0,71.0,-23.94,84.50704225352112,108.45070422535213,84.51,108.45,43.66,109.86,8.45,49.3,0.0,0.0,23.94,29.58,0.0,5.63,2.82,14.08,23.94,53.52,Binghamton Bearcats
"Brenton Mills, Dan Petcash, George Tinsley, Ogheneyole Akuwovo, Tyler Bertram",80.0,139.0,-38.92,75.36231884057972,114.28571428571428,75.36,115.94,41.3,105.8,7.25,39.13,0.0,0.0,20.29,28.99,0.0,5.8,0.72,14.49,24.64,49.28,Binghamton Bearcats
"Abu Kigab, Derrick Alston Jr., Emmanuel Akot, Mladen Armus, RayJ Dennis",160.0,311.0,26.63,104.19354838709678,77.56410256410257,104.19,78.06,56.45,97.74,10.97,26.77,0.0,0.0,12.58,35.16,0.0,10.97,3.87,14.84,24.52,47.74,Boise State Broncos
"Abu Kigab, Derrick Alston Jr., Marcus Shaver Jr., Mladen Armus, RayJ Dennis",605.0,1127.0,1.81,92.85714285714286,91.04882459312839,92.86,87.72,50.61,98.43,9.76,29.44,0.0,0.0,13.5,32.67,0.0,7.58,4.18,15.07,20.82,46.17,Boise State Broncos
"Derrick Alston Jr., Devonaire Doutrive, Emmanuel Akot, Marcus Shaver Jr., Mladen Armus",40.0,87.0,-8.05,94.25287356321839,102.29885057471265,94.25,102.3,56.32,93.1,8.05,20.69,0.0,0.0,6.9,28.74,0.0,8.05,3.45,13.79,24.14,35.64,Boise State Broncos
"CJ Felder, DeMarr Langford Jr., Jay Heath, Rich Kelly, Steffon Mitchell",80.0,145.5,8.96,105.55555555555556,96.5986394557823,105.56,98.61,48.61,100.0,18.75,44.44,0.0,0.0,11.81,38.19,0.0,9.03,9.72,11.81,15.97,50.0,Boston College Eagles
"DeMarr Langford Jr., Jay Heath, Sam Holtze, Steffon Mitchell, Will Jackowitz",40.0,81.5,-2.02,111.90476190476191,113.9240506329114,111.9,107.14,64.29,108.33,10.71,22.62,0.0,0.0,14.29,27.38,0.0,9.52,0.0,5.95,20.24,41.67,Boston College Eagles
"CJ Felder, Jay Heath, Kamari Williams, Rich Kelly, Steffon Mitchell",120.0,238.5,-10.63,83.12236286919831,93.75,83.12,94.94,43.46,96.62,10.97,41.35,0.0,0.0,10.97,29.96,0.0,9.7,3.8,14.35,17.3,40.93,Boston College Eagles
"CJ Felder, Jay Heath, Makai Ashton-Langford, Steffon Mitchell, Wynston Tabbs",120.0,246.0,-18.52,83.88429752066115,102.4,83.88,105.79,45.45,95.45,10.74,35.95,0.0,0.0,14.46,24.79,0.0,10.33,2.07,19.01,23.55,39.25,Boston College Eagles
"DeMarr Langford Jr., Frederick Scott, James Karnik, Jay Heath, Makai Ashton-Langford",80.0,165.5,-20.51,84.33734939759037,104.84848484848486,84.34,104.22,42.77,94.58,12.65,34.34,0.0,0.0,15.06,30.12,0.0,6.63,4.82,20.48,18.07,45.18,Boston College Eagles
"CJ Felder, DeMarr Langford Jr., James Karnik, Jay Heath, Rich Kelly",40.0,66.0,-23.25,72.05882352941177,95.3125,72.06,89.71,38.24,102.94,8.82,30.88,0.0,0.0,19.12,35.29,0.0,4.41,8.82,16.18,14.71,54.41,Boston College Eagles
"Andrew Petcash, Ethan Brittain-Watts, Fletcher Tynen, Jonas Harper, Sukhmail Mathon",40.0,82.0,10.9,102.46913580246914,91.56626506024097,102.47,93.83,54.32,97.53,8.64,22.22,0.0,0.0,20.99,37.04,0.0,12.35,6.17,23.46,24.69,58.03,Boston University Terriers
"Andrew Petcash, Javante McCoy, Jonas Harper, Sukhmail Mathon, Walter Whyte",40.0,69.5,10.14,104.16666666666667,94.02985074626866,104.17,87.5,51.39,94.44,20.83,37.5,0.0,0.0,6.94,37.5,0.0,5.56,4.17,12.5,15.28,44.44,Boston University Terriers
"Ethan Brittain-Watts, Javante McCoy, Jonas Harper, Sukhmail Mathon, Walter Whyte",360.0,654.0,-0.01,98.9247311827957,98.93455098934551,98.92,99.85,52.07,97.39,9.68,26.88,0.0,0.0,15.21,33.33,0.0,8.91,4.45,17.82,20.74,48.54,Boston University Terriers
"Fletcher Tynen, Javante McCoy, Jonas Harper, Sukhmail Mathon, Walter Whyte",40.0,81.0,-3.21,88.46153846153845,91.66666666666666,88.46,98.72,50.0,98.72,6.41,26.92,0.0,0.0,8.97,38.46,0.0,5.13,5.13,10.26,34.62,47.43,Boston University Terriers
"Ethan Brittain-Watts, Fletcher Tynen, Javante McCoy, Sukhmail Mathon, Walter Whyte",40.0,81.0,-6.13,98.75,104.8780487804878,98.75,107.5,52.5,106.25,8.75,32.5,0.0,0.0,21.25,38.75,0.0,1.25,2.5,15.0,27.5,60.0,Boston University Terriers
"Andrew Petcash, Fletcher Tynen, Javante McCoy, Jonas Harper, Sukhmail Mathon",40.0,71.5,-9.36,89.1891891891892,98.55072463768117,89.19,91.89,47.3,108.11,9.46,35.14,0.0,0.0,21.62,40.54,0.0,1.35,4.05,13.51,17.57,62.16,Boston University Terriers
"Garrett Pascoe, Javante McCoy, Jonas Harper, Sukhmail Mathon, Walter Whyte",80.0,156.5,-11.73,81.13207547169812,92.85714285714286,81.13,89.94,50.94,106.29,5.03,23.9,0.0,0.0,18.24,34.59,0.0,6.29,2.52,11.95,26.42,52.83,Boston University Terriers
"Daman Tate, Ethan Brittain-Watts, Jack Hemphill, Sukhmail Mathon, Walter Whyte",40.0,73.5,-20.85,83.09859154929578,103.94736842105263,83.1,111.27,38.03,85.92,16.9,45.07,0.0,0.0,12.68,33.8,0.0,2.82,0.0,26.76,25.35,46.48,Boston University Terriers
"Daman Tate, Ethan Brittain-Watts, Fletcher Tynen, Sukhmail Mathon, Walter Whyte",40.0,76.0,-53.29,60.810810810810814,114.1025641025641,60.81,120.27,39.19,102.7,1.35,39.19,0.0,0.0,17.57,25.68,0.0,8.11,1.35,14.86,25.68,43.25,Boston University Terriers
"Caleb Fields, Daeqwon Plowden, Dylan Swingle, Justin Turner, Kaden Metheny",600.0,1205.5,4.93,94.97942386831276,90.05016722408027,94.98,88.64,52.1,104.44,9.63,30.53,0.0,0.0,16.63,32.35,0.0,7.98,2.63,12.18,22.3,48.98,Bowling Green Falcons
"Daeqwon Plowden, Jacob Washington, Justin Turner, Kaden Metheny, Trey Diggs",40.0,87.5,-2.05,105.8139534883721,107.86516853932584,105.81,111.63,53.49,105.81,11.63,32.56,0.0,0.0,15.12,25.58,0.0,5.81,3.49,9.3,18.6,40.7,Bowling Green Falcons
"Caleb Fields, Daeqwon Plowden, Justin Turner, Kaden Metheny, Trey Diggs",45.0,88.0,-7.79,88.76404494382022,96.55172413793103,88.76,94.38,44.94,111.24,11.24,44.94,0.0,0.0,22.47,31.46,0.0,12.36,4.49,11.24,19.1,53.93,Bowling Green Falcons
"Caleb Fields, Cam Young, Daeqwon Plowden, Justin Turner, Kaden Metheny",40.0,75.5,-11.86,89.47368421052632,101.33333333333334,89.47,100.0,44.74,105.26,10.53,36.84,0.0,0.0,10.53,31.58,0.0,11.84,1.32,5.26,21.05,42.11,Bowling Green Falcons
"Caleb Fields, Daeqwon Plowden, Jacob Washington, Justin Turner, Kaden Metheny",40.0,79.0,-17.99,85.71428571428571,103.7037037037037,85.71,109.09,38.96,106.49,10.39,46.75,0.0,0.0,16.88,35.06,0.0,10.39,2.6,10.39,14.29,51.94,Bowling Green Falcons
"Antonio Thomas, Darius Hannah, Ja'Shon Henry, Rienk Mast, Sean East II",40.0,73.0,13.03,94.36619718309859,81.33333333333333,94.37,85.92,52.11,101.41,8.45,30.99,0.0,0.0,14.08,32.39,0.0,8.45,5.63,12.68,23.94,46.47,Bradley Braves
"Danya Kingsby, Elijah Childs, Kevin McAdoo, Rienk Mast, Terry Nolan Jr.",120.0,217.5,11.26,98.64253393665159,87.38317757009347,98.64,84.62,50.68,94.57,14.03,34.84,0.0,0.0,9.95,35.75,0.0,8.14,4.07,15.38,17.19,45.7,Bradley Braves
"Elijah Childs, Rienk Mast, Sean East II, Terry Nolan Jr., Ville Tahvanainen",328.0,612.5,2.52,92.21854304635761,89.69404186795491,92.22,92.22,48.68,95.7,8.11,24.5,0.0,0.0,13.58,35.43,0.0,6.62,3.48,17.88,26.32,49.01,Bradley Braves
"Danya Kingsby, Elijah Childs, Rienk Mast, Sean East II, Terry Nolan Jr.",40.0,72.0,1.18,79.1044776119403,77.92207792207793,79.1,89.55,41.79,86.57,4.48,23.88,0.0,0.0,7.46,37.31,0.0,1.49,7.46,20.9,29.85,44.77,Bradley Braves
"Darius Hannah, Ja'Shon Henry, Kevin McAdoo, Rienk Mast, Ville Tahvanainen",39.6,70.5,-5.18,104.41176470588236,109.58904109589041,104.41,117.65,50.0,102.94,11.76,38.24,0.0,0.0,14.71,35.29,0.0,2.94,2.94,11.76,22.06,50.0,Bradley Braves
"Darius Hannah, Kevin McAdoo, Rienk Mast, Sean East II, Ville Tahvanainen",40.0,65.0,-12.17,98.4375,110.6060606060606,98.44,114.06,45.31,95.31,10.94,32.81,0.0,0.0,12.5,39.06,0.0,3.12,3.12,17.19,20.31,51.56,Bradley Braves
"Danya Kingsby, Elijah Childs, Jayson Kent, Rienk Mast, Terry Nolan Jr.",40.0,67.0,-12.49,84.61538461538461,97.10144927536231,84.62,103.08,44.62,104.62,6.15,35.38,0.0,0.0,23.08,35.38,0.0,3.08,3.08,18.46,24.62,58.46,Bradley Braves
"Ja'Shon Henry, Jayson Kent, Kevin McAdoo, Rienk Mast, Ville Tahvanainen",40.0,74.0,-25.88,94.66666666666667,120.54794520547945,94.67,117.33,50.67,100.0,10.67,34.67,0.0,0.0,13.33,24.0,0.0,5.33,1.33,13.33,18.67,37.33,Bradley Braves
"Darius Hannah, Jayson Kent, Kevin McAdoo, Rienk Mast, Ville Tahvanainen",80.0,131.5,-27.31,83.45864661654136,110.76923076923077,83.46,108.27,43.61,90.23,8.27,29.32,0.0,0.0,8.27,27.82,0.0,6.02,3.76,18.05,15.04,36.09,Bradley Braves
"Charles Pride, Erickson Bans, Hall Elisias, Luis Hurtado Jr., Peter Kiss",40.0,65.0,46.15,130.76923076923077,84.61538461538461,130.77,84.62,66.15,100.0,10.77,26.15,0.0,0.0,16.92,43.08,0.0,1.54,7.69,16.92,20.0,60.0,Bryant Bulldogs
"Charles Pride, Chris Childs, Hall Elisias, Michael Green III, Peter Kiss",160.0,318.5,5.76,87.92569659442725,82.16560509554141,87.93,79.88,48.61,94.12,8.36,22.91,0.0,0.0,13.62,37.15,0.0,6.19,1.86,19.5,21.05,50.77,Bryant Bulldogs
"Charles Pride, Hall Elisias, Luis Hurtado Jr., Michael Green III, Peter Kiss",440.0,952.5,3.11,93.07851239669421,89.96798292422625,93.08,87.09,50.1,95.87,11.67,30.68,0.0,0.0,13.43,32.85,0.0,8.57,3.93,17.56,18.49,46.28,Bryant Bulldogs
"Brock Bertram, David Nickelberry, Jamon Bivens, Jayvon Graves, Tra'Von Fagan",40.0,79.0,15.35,101.25,85.8974358974359,101.25,83.75,53.75,97.5,8.75,26.25,0.0,0.0,18.75,36.25,0.0,11.25,10.0,21.25,17.5,55.0,Buffalo Bulls
"Brock Bertram, Jayvon Graves, Jeenathan Williams, Ronaldo Segu, Tra'Von Fagan",80.0,177.5,12.75,94.31818181818183,81.56424581005587,94.32,82.95,52.84,99.43,8.52,22.73,0.0,0.0,14.2,38.07,0.0,5.68,6.25,14.77,24.43,52.27,Buffalo Bulls
"Jayvon Graves, Jeenathan Williams, Josh Mballa, LaQuill Hardnett, Ronaldo Segu",445.0,906.5,11.7,97.60609357997824,85.90604026845638,97.61,83.57,53.43,104.13,7.83,22.74,0.0,0.0,20.24,35.69,0.0,9.68,4.79,16.1,18.82,55.93,Buffalo Bulls
"Brock Bertram, Jayvon Graves, Jeenathan Williams, Josh Mballa, Ronaldo Segu",160.0,341.0,7.22,94.10029498525073,86.88046647230321,94.1,87.91,49.26,108.26,9.73,29.5,0.0,0.0,23.6,32.74,0.0,9.44,4.42,15.34,24.19,56.34,Buffalo Bulls
"Jayvon Graves, Jeenathan Williams, Josh Mballa, Keishawn Brewton, Ronaldo Segu",80.0,167.5,5.51,98.23529411764706,92.72727272727272,98.24,90.0,52.94,94.12,9.41,27.06,0.0,0.0,12.35,28.24,0.0,11.18,2.94,18.24,20.0,40.59,Buffalo Bulls
"Aaron Thompson, Bo Hodges, Bryce Golden, Bryce Nze, Jair Bolden",165.0,310.5,-0.83,88.31168831168831,89.1373801916933,88.31,90.58,48.05,98.38,10.71,29.55,0.0,0.0,14.94,26.3,0.0,10.71,3.25,16.56,24.68,41.24,Butler Bulldogs
"Aaron Thompson, Bryce Golden, Bryce Nze, Jair Bolden, Myles Tate",204.5,352.0,-4.33,85.47008547008546,89.80169971671388,85.47,90.31,42.45,99.15,9.69,33.05,0.0,0.0,14.81,37.61,0.0,5.7,1.99,15.67,23.65,52.42,Butler Bulldogs
"Aaron Thompson, Bryce Golden, Bryce Nze, Chuck Harris, Jair Bolden",80.0,139.0,-5.47,87.2340425531915,92.7007299270073,87.23,90.07,47.52,100.0,8.51,26.24,0.0,0.0,14.89,33.33,0.0,9.22,1.42,14.89,19.86,48.22,Butler Bulldogs
"Bryce Golden, Bryce Nze, Chuck Harris, Jair Bolden, Myles Tate",285.0,485.0,-5.93,91.37577002053389,97.30848861283644,91.38,96.51,47.02,99.18,10.88,31.42,0.0,0.0,15.4,32.65,0.0,8.21,3.08,16.22,18.07,48.05,Butler Bulldogs
"Bryce Golden, Christian David, Chuck Harris, Jair Bolden, Myles Tate",40.0,71.5,-11.22,73.91304347826086,85.13513513513513,73.91,91.3,39.13,105.8,8.7,44.93,0.0,0.0,26.09,36.23,0.0,8.7,1.45,20.29,26.09,62.32,Butler Bulldogs
"Aaron Thompson, Bryce Nze, Chuck Harris, JaKobe Coles, Jair Bolden",40.0,76.0,-27.62,85.71428571428571,113.33333333333333,85.71,110.39,48.05,89.61,9.09,19.48,0.0,0.0,9.09,29.87,0.0,0.0,1.3,19.48,31.17,38.96,Butler Bulldogs
"Alimamy Koroma, Brantly Stevenson, Colby Rogers, Keith Smith, Mark Crowe",40.0,78.5,7.74,111.53846153846155,103.79746835443038,111.54,105.13,57.69,91.03,15.38,23.08,0.0,0.0,6.41,34.62,0.0,7.69,5.13,15.38,25.64,41.03,Cal Poly Mustangs
"Alimamy Koroma, Colby Rogers, Keith Smith, Mark Crowe, Riley Till",485.0,903.5,-11.0,78.93544733861835,89.93506493506493,78.94,94.11,42.02,91.85,9.4,28.65,0.0,0.0,10.99,32.28,0.0,8.38,3.51,19.14,27.41,43.27,Cal Poly Mustangs
"Colby Rogers, Keith Smith, Mark Crowe, Riley Till, Tuukka Jaakkola",40.0,66.5,-13.97,74.60317460317461,88.57142857142857,74.6,98.41,39.68,88.89,6.35,31.75,0.0,0.0,11.11,38.1,0.0,6.35,4.76,22.22,30.16,49.21,Cal Poly Mustangs
"Camren Pierce, Colby Rogers, Kobe Sanders, Riley Till, Tuukka Jaakkola",40.0,72.5,-22.34,69.44444444444444,91.78082191780823,69.44,93.06,40.28,95.83,4.17,29.17,0.0,0.0,16.67,30.56,0.0,11.11,1.39,20.83,26.39,47.23,Cal Poly Mustangs
"Alimamy Koroma, Colby Rogers, Keith Smith, Kobe Sanders, Riley Till",80.0,141.0,-38.19,73.23943661971832,111.42857142857143,73.24,109.86,38.03,99.3,10.56,31.69,0.0,0.0,12.68,33.1,0.0,6.34,4.23,13.38,15.49,45.78,Cal Poly Mustangs
"Czar Perry, De'Monte Buckingham, Justin Edler-Davis, Justin McCall, Shawn Stith",160.0,281.5,13.21,100.35335689045937,87.14285714285714,100.35,86.22,54.77,108.83,8.48,22.61,0.0,0.0,23.32,33.22,0.0,6.36,4.24,14.49,24.03,56.54,Cal State Bakersfield Roadrunners
"Czar Perry, Justin Edler-Davis, Justin McCall, Ronne Readus, Taze Moore",80.0,130.0,11.36,93.7984496124031,82.44274809160305,93.8,83.72,46.51,99.22,9.3,28.68,0.0,0.0,20.16,33.33,0.0,10.08,4.65,20.93,19.38,53.49,Cal State Bakersfield Roadrunners
"Czar Perry, Justin Edler-Davis, Justin McCall, Ronne Readus, Shaun Williams",120.0,209.5,9.2,106.43564356435644,97.23502304147466,106.44,104.46,53.96,99.01,10.89,30.2,0.0,0.0,16.34,30.2,0.0,8.42,6.93,17.33,24.26,46.54,Cal State Bakersfield Roadrunners
"Czar Perry, Justin Edler-Davis, Justin McCall, Shawn Stith, Taze Moore",200.0,376.0,4.81,97.81420765027322,93.00518134715026,97.81,98.09,51.64,100.0,6.83,19.13,0.0,0.0,17.21,31.42,0.0,8.47,3.55,17.21,28.69,48.63,Cal State Bakersfield Roadrunners
"Czar Perry, De'Monte Buckingham, Justin Edler-Davis, Shawn Stith, Taze Moore",120.0,219.5,3.06,76.27906976744187,73.21428571428571,76.28,76.28,40.93,97.21,6.51,19.07,0.0,0.0,13.95,36.28,0.0,6.05,3.72,16.74,25.12,50.23,Cal State Bakersfield Roadrunners
"Czar Perry, De'Monte Buckingham, Justin Edler-Davis, Ronne Readus, Taze Moore",45.0,95.5,-2.03,92.70833333333334,94.73684210526315,92.71,93.75,59.38,116.67,6.25,26.04,0.0,0.0,35.42,26.04,0.0,8.33,3.12,18.75,29.17,61.46,Cal State Bakersfield Roadrunners
"Dante Maddox Jr., Jalen Harris, Josh Hall, Tray Maddox Jr., Vincent Lee",40.0,86.5,3.93,88.63636363636364,84.70588235294117,88.64,81.82,51.14,96.59,6.82,26.14,0.0,0.0,11.36,27.27,0.0,12.5,1.14,14.77,25.0,38.63,Cal State Fullerton Titans
"Josh Hall, Latrell Wrightsell Jr., Tory San Antonio, Tray Maddox Jr., Vincent Lee",200.0,397.5,-0.43,96.76616915422885,97.20101781170484,96.77,95.02,53.98,96.02,10.7,25.12,0.0,0.0,8.71,28.36,0.0,8.71,2.74,12.69,22.14,37.07,Cal State Fullerton Titans
"Dante Maddox Jr., Josh Hall, Latrell Wrightsell Jr., Tray Maddox Jr., Vincent Lee",85.0,167.5,-2.27,79.76190476190477,82.03592814371258,79.76,81.55,44.05,88.69,8.93,22.62,0.0,0.0,10.12,35.12,0.0,7.14,1.19,21.43,22.62,45.24,Cal State Fullerton Titans
"Dante Maddox Jr., Josh Hall, Landis Spivey, Tory San Antonio, Vincent Lee",40.0,89.0,-6.04,90.69767441860465,96.73913043478261,90.7,103.49,48.84,98.84,11.63,31.4,0.0,0.0,16.28,24.42,0.0,10.47,4.65,17.44,25.58,40.7,Cal State Fullerton Titans
"Dante Maddox Jr., Josh Hall, Tory San Antonio, Tray Maddox Jr., Vincent Lee",160.0,311.0,-7.45,98.10126582278481,105.55555555555556,98.1,102.22,52.53,101.9,10.76,27.85,0.0,0.0,16.14,31.96,0.0,7.91,2.22,14.24,18.99,48.1,Cal State Fullerton Titans
"Johnny Wang, Josh Hall, Latrell Wrightsell Jr., Tory San Antonio, Tray Maddox Jr.",40.0,86.0,-15.85,82.95454545454545,98.80952380952381,82.95,94.32,47.73,86.36,10.23,28.41,0.0,0.0,4.55,22.73,0.0,4.55,2.27,18.18,15.91,27.28,Cal State Fullerton Titans
"Dante Maddox Jr., Jalen Harris, Tory San Antonio, Tray Maddox Jr., Vincent Lee",40.0,75.0,-24.0,84.0,108.0,84.0,108.0,42.67,86.67,6.67,21.33,0.0,0.0,9.33,29.33,0.0,5.33,1.33,22.67,21.33,38.66,Cal State Fullerton Titans
"Alex Merkviladze, Atin Wright, Brendan Harrick, Darius Brown II, T.J. Starks",44.7,83.0,18.05,108.64197530864197,90.58823529411765,108.64,95.06,53.09,108.64,16.05,39.51,0.0,0.0,22.22,39.51,0.0,12.35,2.47,13.58,12.35,61.73,Cal State Northridge Matadors
"Atin Wright, Brendan Harrick, Darius Brown II, Miles Brookins, Ron Artest III",40.0,70.0,13.89,88.88888888888889,75.0,88.89,70.83,45.83,88.89,11.11,29.17,0.0,0.0,9.72,36.11,0.0,8.33,2.78,20.83,15.28,45.83,Cal State Northridge Matadors
"Brendan Harrick, Darius Brown II, Miles Brookins, Ron Artest III, T.J. Starks",80.0,159.5,-2.48,93.75,96.22641509433963,93.75,95.62,53.75,99.38,8.75,20.62,0.0,0.0,12.5,30.63,0.0,8.75,2.5,13.12,30.0,43.13,Cal State Northridge Matadors
"Alex Merkviladze, Atin Wright, Brendan Harrick, Darius Brown II, Fidelis Okereke",40.0,74.0,-4.07,98.66666666666667,102.73972602739727,98.67,100.0,50.67,113.33,13.33,30.67,0.0,0.0,22.67,36.0,0.0,8.0,1.33,9.33,13.33,58.67,Cal State Northridge Matadors
"Darius Brown II, Festus Ndumanya, Ron Artest III, T.J. Starks, Vante Hendrix",40.0,75.0,-11.1,86.3013698630137,97.40259740259741,86.3,102.74,46.58,100.0,9.59,28.77,0.0,0.0,15.07,31.51,0.0,12.33,6.85,15.07,26.03,46.58,Cal State Northridge Matadors
"Alex Merkviladze, Amound Anderson, Darius Brown II, Fidelis Okereke, T.J. Starks",160.0,316.0,-11.18,88.81987577639751,100.0,88.82,96.27,49.38,99.38,7.76,26.09,0.0,0.0,13.04,27.64,0.0,6.52,2.48,13.66,19.25,40.68,Cal State Northridge Matadors
"Alex Merkviladze, Darius Brown II, Festus Ndumanya, Lance Coleman II, T.J. Starks",40.0,75.0,-16.07,89.1891891891892,105.26315789473684,89.19,108.11,48.65,95.95,6.76,20.27,0.0,0.0,9.46,28.38,0.0,5.41,2.7,13.51,25.68,37.84,Cal State Northridge Matadors
"Alex Merkviladze, Brendan Harrick, Darius Brown II, Festus Ndumanya, Vante Hendrix",120.0,255.5,-24.28,83.52941176470588,107.8125,83.53,108.24,45.88,90.2,9.8,29.41,0.0,0.0,7.45,24.71,0.0,6.67,3.53,17.25,21.96,32.16,Cal State Northridge Matadors
"Alex Merkviladze, Atin Wright, Darius Brown II, Fidelis Okereke, T.J. Starks",40.0,68.5,-42.52,82.85714285714286,125.37313432835822,82.86,120.0,41.43,95.71,8.57,30.0,0.0,0.0,15.71,28.57,0.0,7.14,2.86,20.0,7.14,44.28,Cal State Northridge Matadors
"Elijah Thomas, Gorjok Gak, Reed Nottage, Tre Armstrong, Ty Rowell",480.0,958.0,-2.19,91.8580375782881,94.05010438413362,91.86,94.05,50.63,93.42,10.02,25.57,0.0,0.0,10.54,33.72,0.0,5.53,3.13,17.12,24.32,44.26,California Baptist Lancers
"Grant Anticevich, Jalen Celestine, Jarred Hyder, Joel Brown, Lars Thiemann",40.0,74.0,29.24,105.55555555555556,76.31578947368422,105.56,80.56,54.17,91.67,12.5,23.61,0.0,0.0,8.33,34.72,0.0,6.94,4.17,16.67,23.61,43.05,California Golden Bears
"Andre Kelly, Grant Anticevich, Kuany Kuany, Makale Foreman, Ryan Betley",40.0,76.0,11.84,94.73684210526315,82.89473684210526,94.74,82.89,51.32,94.74,10.53,31.58,0.0,0.0,10.53,28.95,0.0,7.89,3.95,15.79,22.37,39.48,California Golden Bears
"Andre Kelly, Grant Anticevich, Jalen Celestine, Joel Brown, Matt Bradley",80.0,149.0,6.5,95.23809523809523,88.74172185430463,95.24,91.16,53.06,100.0,10.2,29.93,0.0,0.0,14.29,34.01,0.0,7.48,3.4,14.29,29.25,48.3,California Golden Bears
"Andre Kelly, Grant Anticevich, Joel Brown, Makale Foreman, Ryan Betley",80.0,142.0,1.36,97.16312056737588,95.8041958041958,97.16,97.16,46.81,93.62,14.89,34.04,0.0,0.0,7.09,26.24,0.0,7.09,2.84,13.48,22.7,33.33,California Golden Bears
"Grant Anticevich, Jalen Celestine, Joel Brown, Lars Thiemann, Matt Bradley",40.0,73.0,-4.11,79.45205479452055,83.56164383561644,79.45,83.56,45.21,91.78,9.59,34.25,0.0,0.0,10.96,30.14,0.0,1.37,2.74,19.18,31.51,41.1,California Golden Bears
"Andre Kelly, Grant Anticevich, Jarred Hyder, Joel Brown, Matt Bradley",40.0,78.5,-4.29,85.71428571428571,90.0,85.71,93.51,46.75,100.0,9.09,31.17,0.0,0.0,19.48,36.36,0.0,2.6,1.3,19.48,22.08,55.84,California Golden Bears
"Andre Kelly, Grant Anticevich, Jarred Hyder, Makale Foreman, Ryan Betley",40.0,74.5,-6.77,91.8918918918919,98.66666666666667,91.89,100.0,50.0,101.35,9.46,29.73,0.0,0.0,14.86,27.03,0.0,4.05,8.11,13.51,31.08,41.89,California Golden Bears
"Grant Anticevich, Joel Brown, Lars Thiemann, Matt Bradley, Ryan Betley",40.0,77.0,-8.13,82.89473684210526,91.02564102564102,82.89,93.42,44.74,94.74,7.89,32.89,0.0,0.0,10.53,32.89,0.0,10.53,3.95,15.79,26.32,43.42,California Golden Bears
"Andre Kelly, Grant Anticevich, Makale Foreman, Matt Bradley, Ryan Betley",120.0,222.0,-9.3,77.13004484304933,86.42533936651584,77.13,85.65,44.39,90.13,6.73,29.15,0.0,0.0,11.66,29.15,0.0,4.04,3.14,21.52,23.77,40.81,California Golden Bears
"Andre Kelly, Joel Brown, Lars Thiemann, Matt Bradley, Ryan Betley",119.9,225.5,-10.17,88.93805309734513,99.11111111111111,88.94,98.67,49.56,96.02,10.62,28.76,0.0,0.0,13.72,30.97,0.0,4.42,0.44,17.7,27.43,44.69,California Golden Bears
"Andre Kelly, Jarred Hyder, Joel Brown, Lars Thiemann, Ryan Betley",40.0,79.5,-14.87,75.0,89.87341772151899,75.0,88.75,43.75,100.0,6.25,26.25,0.0,0.0,8.75,26.25,0.0,10.0,2.5,8.75,25.0,35.0,California Golden Bears
"Jalen Celestine, Kuany Kuany, Lars Thiemann, Makale Foreman, Matt Bradley",40.0,75.0,-16.68,67.10526315789474,83.78378378378379,67.11,81.58,42.11,114.47,3.95,22.37,0.0,0.0,27.63,35.53,0.0,2.63,3.95,13.16,19.74,63.16,California Golden Bears
"Andre Kelly, Grant Anticevich, Joel Brown, Matt Bradley, Ryan Betley",120.0,200.0,-20.15,86.22448979591837,106.37254901960785,86.22,110.71,41.84,88.78,11.73,34.18,0.0,0.0,10.2,30.1,0.0,4.08,1.53,21.43,24.49,40.3,California Golden Bears
"Andre Kelly, Grant Anticevich, Jalen Celestine, Joel Brown, Ryan Betley",40.0,66.5,-48.12,76.11940298507463,124.24242424242425,76.12,122.39,41.79,100.0,7.46,25.37,0.0,0.0,16.42,28.36,0.0,2.99,4.48,16.42,26.87,44.78,California Golden Bears
"Cedric Henderson Jr., Gediminas Mokseckas, Jordan Whitfield, Joshua Lusane, Messiah Thompson",79.5,130.0,18.3,114.3939393939394,96.09375,114.39,93.18,56.82,105.3,18.18,35.61,0.0,0.0,15.91,34.09,0.0,8.33,3.79,10.61,16.67,50.0,Campbell Fighting Camels
"Cedric Henderson Jr., Jesus Carralero, Jordan Whitfield, Joshua Lusane, Ricky Clemons",40.0,100.5,9.79,88.29787234042553,78.50467289719626,88.3,89.36,46.81,79.79,8.51,14.89,0.0,0.0,1.06,22.34,0.0,11.7,2.13,21.28,40.43,23.4,Campbell Fighting Camels
"Cedric Henderson Jr., Gediminas Mokseckas, Jesus Carralero, Jordan Whitfield, Messiah Thompson",40.0,71.5,9.59,90.14084507042254,80.55555555555556,90.14,81.69,47.89,84.51,4.23,19.72,0.0,0.0,5.63,35.21,0.0,9.86,0.0,21.13,18.31,40.84,Campbell Fighting Camels
"Cedric Henderson Jr., Gediminas Mokseckas, Jordan Whitfield, Joshua Lusane, Ricky Clemons",334.8,592.0,6.85,92.03389830508475,85.18518518518519,92.03,85.76,48.14,90.68,10.68,27.97,0.0,0.0,7.29,31.02,0.0,8.14,3.22,16.61,23.39,38.31,Campbell Fighting Camels
"Austin McCullough, Cedric Henderson Jr., Jordan Whitfield, Joshua Lusane, Ricky Clemons",160.0,270.0,4.21,95.97069597069597,91.76029962546816,95.97,89.74,50.18,93.41,9.52,23.81,0.0,0.0,10.99,30.77,0.0,7.33,4.76,17.58,20.15,41.76,Campbell Fighting Camels
"Cedric Henderson Jr., Jordan Whitfield, Joshua Lusane, Messiah Thompson, Ricky Clemons",40.0,67.0,-6.68,103.17460317460319,109.85915492957747,103.17,123.81,53.97,93.65,9.52,31.75,0.0,0.0,4.76,31.75,0.0,4.76,1.59,11.11,28.57,36.51,Campbell Fighting Camels
"Austin McCullough, Cedric Henderson Jr., Jesus Carralero, Jordan Whitfield, Messiah Thompson",80.0,147.5,-7.36,93.33333333333333,100.6896551724138,93.33,97.33,49.33,93.33,11.33,26.67,0.0,0.0,5.33,29.33,0.0,4.67,2.0,12.0,19.33,34.66,Campbell Fighting Camels
"Austin McCullough, Cedric Henderson Jr., Jesus Carralero, Jordan Whitfield, Ricky Clemons",40.0,91.5,-26.82,80.0,106.81818181818181,80.0,98.95,50.53,89.47,5.26,15.79,0.0,0.0,3.16,16.84,0.0,5.26,2.11,13.68,17.89,20.0,Campbell Fighting Camels
"DeAndre Jones, Jared Chatham, Khaleem Bennett, Rylan Bergersen, Samson George",80.0,167.0,10.78,98.20359281437125,87.42514970059881,98.2,87.43,56.29,94.61,5.99,17.37,0.0,0.0,13.17,36.53,0.0,7.78,5.39,18.56,26.35,49.7,Central Arkansas Bears
"Eddy Kayouloud, Jared Chatham, Khaleem Bennett, Masai Olowokere, Rylan Bergersen",80.0,149.5,6.04,106.04026845637584,100.0,106.04,100.67,51.68,101.34,16.11,34.23,0.0,0.0,19.46,35.57,0.0,7.38,2.68,18.12,23.49,55.03,Central Arkansas Bears
"Collin Cooper, Jared Chatham, Khaleem Bennett, Rylan Bergersen, SK Shittu",40.0,79.5,-10.12,74.02597402597402,84.14634146341463,74.03,89.61,38.96,83.12,6.49,24.68,0.0,0.0,7.79,33.77,0.0,2.6,3.9,24.68,29.87,41.56,Central Arkansas Bears
"Eddy Kayouloud, Jared Chatham, Khaleem Bennett, Rylan Bergersen, SK Shittu",120.0,243.0,-15.6,87.29508196721312,102.89256198347107,87.3,102.05,49.18,103.69,7.38,24.59,0.0,0.0,21.72,28.28,0.0,8.2,5.33,18.03,21.31,50.0,Central Arkansas Bears
"Collin Cooper, Eddy Kayouloud, Jared Chatham, Rylan Bergersen, SK Shittu",160.0,314.5,-21.59,86.07594936708861,107.66773162939299,86.08,106.65,43.99,91.14,10.76,28.48,0.0,0.0,12.66,32.59,0.0,6.33,4.43,21.52,22.78,45.25,Central Arkansas Bears
"Jared Chatham, Jaxson Baker, Khaleem Bennett, Rylan Bergersen, SK Shittu",160.0,330.5,-24.96,83.03571428571429,108.0,83.04,104.46,49.11,93.15,5.36,18.15,0.0,0.0,15.48,31.25,0.0,4.17,1.49,22.32,22.02,46.73,Central Arkansas Bears
"Greg Outlaw, Ian Krishnan, Jamir Reed, Xavier Wilson, Zach Newkirk",40.0,81.5,24.35,96.29629629629629,71.95121951219512,96.3,72.84,56.79,100.0,7.41,24.69,0.0,0.0,13.58,29.63,0.0,8.64,7.41,13.58,19.75,43.21,Central Connecticut Blue Devils
"Greg Outlaw, Ian Krishnan, Jamir Reed, Nigel Scantlebury, Xavier Wilson",120.0,258.5,0.34,98.4313725490196,98.09160305343512,98.43,100.78,50.2,94.12,11.37,22.75,0.0,0.0,11.37,29.41,0.0,7.84,1.96,17.25,24.31,40.78,Central Connecticut Blue Devils
"Greg Outlaw, Ian Krishnan, Jamir Reed, Karrington Wallace, Zach Newkirk",160.0,288.0,-0.64,92.04152249134948,92.6829268292683,92.04,92.04,48.44,96.19,10.03,29.41,0.0,0.0,12.46,30.1,0.0,12.11,3.46,16.26,25.26,42.56,Central Connecticut Blue Devils
"Ian Krishnan, Jamir Reed, Stephane Ayangma, Xavier Wilson, Zach Newkirk",40.0,78.5,-6.67,93.33333333333333,100.0,93.33,109.33,44.0,98.67,14.67,34.67,0.0,0.0,14.67,28.0,0.0,8.0,1.33,16.0,25.33,42.67,Central Connecticut Blue Devils
"Jamir Reed, Myles Baker, Stephane Ayangma, Xavier Wilson, Zach Newkirk",80.0,176.5,-9.01,86.4406779661017,95.45454545454545,86.44,94.92,46.33,95.48,7.91,27.68,0.0,0.0,12.99,28.81,0.0,9.04,0.56,17.51,17.51,41.8,Central Connecticut Blue Devils
"Nigel Scantlebury, Stephane Ayangma, Tre Mitchell, Xavier Wilson, Zach Newkirk",80.0,160.5,-16.47,87.42514970059881,103.89610389610388,87.43,95.81,49.7,97.01,8.98,26.95,0.0,0.0,12.57,26.35,0.0,7.19,2.99,15.57,13.17,38.92,Central Connecticut Blue Devils
"Greg Outlaw, Ian Krishnan, Karrington Wallace, Xavier Wilson, Zach Newkirk",40.0,79.5,-17.79,60.526315789473685,78.3132530120482,60.53,85.53,32.89,94.74,6.58,30.26,0.0,0.0,14.47,36.84,0.0,6.58,6.58,19.74,25.0,51.31,Central Connecticut Blue Devils
"Greg Outlaw, Stephane Ayangma, Tre Mitchell, Xavier Wilson, Zach Newkirk",80.0,166.5,-18.43,80.98159509202453,99.41176470588235,80.98,103.68,39.26,90.18,9.82,33.13,0.0,0.0,9.2,29.45,0.0,8.59,5.52,19.02,17.79,38.65,Central Connecticut Blue Devils
"Greg Outlaw, Ian Krishnan, Jamir Reed, Stephane Ayangma, Zach Newkirk",40.0,77.5,-25.17,57.49999999999999,82.66666666666667,57.5,77.5,38.75,85.0,2.5,18.75,0.0,0.0,11.25,31.25,0.0,5.0,2.5,26.25,21.25,42.5,Central Connecticut Blue Devils
"Aundre Polk, Devontae Lane, Matt Beachler, Meikkel Murray, Travon Broadway Jr.",40.0,77.5,26.33,107.40740740740742,81.08108108108108,107.41,74.07,56.79,100.0,11.11,27.16,0.0,0.0,16.05,33.33,0.0,6.17,1.23,16.05,18.52,49.38,Central Michigan Chippewas
"Caleb Huffman, Malik Muhammad, Matt Beachler, Meikkel Murray, Ralph Bissainthe",160.0,328.0,-5.18,97.85276073619632,103.03030303030303,97.85,104.29,53.07,100.31,10.12,29.14,0.0,0.0,13.8,31.29,0.0,8.28,4.6,13.5,23.93,45.09,Central Michigan Chippewas
"Caleb Huffman, Malik Muhammad, Matt Beachler, Meikkel Murray, Travon Broadway Jr.",40.0,69.5,-6.98,91.54929577464789,98.52941176470588,91.55,94.37,53.52,92.96,4.23,22.54,0.0,0.0,11.27,33.8,0.0,7.04,2.82,18.31,23.94,45.07,Central Michigan Chippewas
"Devontae Lane, Malik Muhammad, Matt Beachler, Meikkel Murray, Travon Broadway Jr.",319.2,676.5,-17.52,84.13391557496361,101.65165165165165,84.13,98.54,47.6,98.84,6.4,20.96,0.0,0.0,16.16,29.11,0.0,9.46,3.78,17.32,18.92,45.27,Central Michigan Chippewas
"Malik Muhammad, Matt Beachler, Meikkel Murray, PJ Mitchell, Ralph Bissainthe",40.0,80.0,-59.62,65.06024096385542,124.67532467532467,65.06,115.66,38.55,89.16,6.02,28.92,0.0,0.0,6.02,28.92,0.0,6.02,4.82,16.87,10.84,34.94,Central Michigan Chippewas
"Brenden Tucker, Lorenzo Edwards, Osinachi Smart, Payton Willis, Zep Jasper",370.0,629.5,6.71,100.48701298701299,93.7791601866252,100.49,97.89,50.16,99.19,12.66,31.98,0.0,0.0,12.5,35.23,0.0,8.28,4.87,13.31,22.56,47.73,Charleston Cougars
"Darius Bowser, Emorie Knox, Ja'Quavian Florence, Melvin Edwards Jr., Phlandrous Fleming Jr.",325.0,611.5,-2.16,89.33333333333333,91.49277688603532,89.33,95.0,47.17,97.67,11.17,35.5,0.0,0.0,16.5,36.5,0.0,7.0,5.5,18.83,26.83,53.0,Charleston Southern Buccaneers
"Jamir Moore, Malik Battle, Phlandrous Fleming Jr., Sean Price, Terence Porter Jr.",80.0,158.5,-8.29,92.94871794871796,101.24223602484473,92.95,104.49,45.51,90.38,13.46,33.33,0.0,0.0,10.9,31.41,0.0,11.54,5.77,20.51,25.64,42.31,Charleston Southern Buccaneers
"Ja'Quavian Florence, Jamir Moore, Phlandrous Fleming Jr., Sean Price, Ty Jones",40.0,78.0,-9.38,73.33333333333333,82.71604938271605,73.33,89.33,34.67,94.67,14.67,42.67,0.0,0.0,16.0,34.67,0.0,9.33,8.0,21.33,26.67,50.67,Charleston Southern Buccaneers
"Darius Bowser, Emorie Knox, Melvin Edwards Jr., Phlandrous Fleming Jr., Sean Price",40.0,85.0,-9.41,88.23529411764706,97.6470588235294,88.24,97.65,50.59,95.29,5.88,24.71,0.0,0.0,14.12,30.59,0.0,4.71,3.53,18.82,23.53,44.71,Charleston Southern Buccaneers
"Emorie Knox, Ja'Quavian Florence, Melvin Edwards Jr., Phlandrous Fleming Jr., Terence Porter Jr.",40.0,78.0,-17.62,78.48101265822784,96.1038961038961,78.48,93.67,41.77,87.34,10.13,37.97,0.0,0.0,7.59,34.18,0.0,10.13,5.06,20.25,20.25,41.77,Charleston Southern Buccaneers
"Emorie Knox, Melvin Edwards Jr., Phlandrous Fleming Jr., Sean Price, Terence Porter Jr.",120.0,228.5,-34.67,71.55172413793103,106.22222222222221,71.55,103.02,39.22,95.26,9.05,32.33,0.0,0.0,15.95,26.72,0.0,7.33,4.31,20.69,21.12,42.67,Charleston Southern Buccaneers
"Jackson Threadgill, Jahmir Young, Jhery Matos, Jordan Shepherd, Milos Supica",40.0,63.5,28.29,112.90322580645163,84.61538461538461,112.9,88.71,56.45,93.55,16.13,30.65,0.0,0.0,11.29,40.32,0.0,4.84,0.0,17.74,24.19,51.61,Charlotte 49ers
"Jahmir Young, Jhery Matos, Jordan Shepherd, Marvin Cannon, Milos Supica",205.0,346.0,-8.12,91.01449275362319,99.13544668587896,91.01,99.71,48.99,91.59,8.7,25.8,0.0,0.0,9.86,30.72,0.0,6.96,3.77,18.26,19.71,40.58,Charlotte 49ers
"Brice Williams, Jahmir Young, Jhery Matos, Jordan Shepherd, Milos Supica",254.6,460.5,-8.68,77.82515991471215,86.50442477876106,77.83,83.37,46.27,88.06,6.18,21.11,0.0,0.0,9.81,32.2,0.0,8.1,3.62,21.75,19.83,42.01,Charlotte 49ers
"Anzac Rissetto, Jahmir Young, Jhery Matos, Jordan Shepherd, Marvin Cannon",200.0,371.5,-24.11,78.96103896103897,103.07262569832403,78.96,95.84,45.45,97.66,6.75,22.34,0.0,0.0,12.73,33.25,0.0,6.49,3.12,15.06,16.62,45.98,Charlotte 49ers
"Darius Banks, David Jean-Baptiste, KC Hankton, Malachi Smith, Stefan Kenic",330.0,580.5,3.99,96.04810996563575,92.05526770293609,96.05,91.58,49.31,98.45,12.54,35.4,0.0,0.0,11.86,35.91,0.0,9.79,3.09,13.4,18.04,47.77,Chattanooga Mocs
"A.J. Caldwell, Jamaal Walker, Josh Ayeni, Malachi Smith, Stefan Kenic",160.0,312.5,2.54,100.32362459546927,97.78481012658227,100.32,100.0,50.49,96.76,13.27,33.01,0.0,0.0,8.74,32.69,0.0,6.47,1.94,11.97,20.39,41.43,Chattanooga Mocs
"Darius Banks, David Jean-Baptiste, Josh Ayeni, Malachi Smith, Stefan Kenic",160.0,295.5,-5.89,91.69435215946844,97.58620689655172,91.69,94.02,51.16,96.01,8.31,25.91,0.0,0.0,10.3,30.56,0.0,9.3,1.99,14.29,20.6,40.86,Chattanooga Mocs
"A.J. Caldwell, David Jean-Baptiste, Jamaal Walker, KC Hankton, Stefan Kenic",40.0,72.5,-14.9,72.6027397260274,87.5,72.6,86.3,39.73,98.63,8.22,32.88,0.0,0.0,16.44,32.88,0.0,12.33,5.48,17.81,16.44,49.32,Chattanooga Mocs
"Chris Vogt, Jeremiah Davenport, Keith Williams, Mika Adams-Woods, Tari Eason",40.0,79.5,29.63,110.8108108108108,81.17647058823529,110.81,93.24,55.41,105.41,16.22,40.54,0.0,0.0,17.57,40.54,0.0,9.46,4.05,12.16,28.38,58.11,Cincinnati Bearcats
"Chris Vogt, David DeJulius, Jeremiah Davenport, Keith Williams, Mika Adams-Woods",40.0,77.0,5.99,93.33333333333333,87.34177215189874,93.33,92.0,45.33,108.0,13.33,34.67,0.0,0.0,26.67,33.33,0.0,12.0,6.67,18.67,26.67,60.0,Cincinnati Bearcats
"David DeJulius, Jeremiah Davenport, Keith Williams, Mika Adams-Woods, Tari Eason",79.8,176.0,4.48,88.37209302325581,83.88888888888889,88.37,87.79,47.09,93.6,9.3,26.16,0.0,0.0,11.05,34.88,0.0,8.14,4.65,17.44,23.84,45.93,Cincinnati Bearcats
"Chris Vogt, David DeJulius, Jeremiah Davenport, Mike Saunders Jr., Rob Banks",40.0,80.0,1.83,77.77777777777779,75.9493670886076,77.78,74.07,39.51,96.3,11.11,37.04,0.0,0.0,12.35,33.33,0.0,11.11,6.17,16.05,17.28,45.68,Cincinnati Bearcats
"Chris Vogt, Jeremiah Davenport, Keith Williams, Mika Adams-Woods, Mike Saunders Jr.",160.0,321.5,-4.32,86.0248447204969,90.34267912772586,86.02,90.06,46.89,97.2,9.63,29.19,0.0,0.0,15.53,32.3,0.0,9.63,6.21,18.32,19.88,47.83,Cincinnati Bearcats
"Adam Cook, Chris Vogt, Keith Williams, Mamoudou Diarra, Sam Martin",40.0,84.5,-10.34,86.04651162790698,96.3855421686747,86.05,93.02,45.35,90.7,10.47,27.91,0.0,0.0,8.14,27.91,0.0,8.14,6.98,17.44,19.77,36.05,Cincinnati Bearcats
"Chris Vogt, David DeJulius, Keith Williams, Mika Adams-Woods, Tari Eason",120.0,229.5,-11.08,83.96624472573839,95.04504504504504,83.97,89.03,48.52,98.31,7.59,23.63,0.0,0.0,16.46,28.69,0.0,5.91,3.38,18.14,25.74,45.15,Cincinnati Bearcats
"Chris Vogt, David DeJulius, Jeremiah Davenport, Keith Williams, Mike Saunders Jr.",160.0,311.0,-12.69,80.5111821086262,93.20388349514563,80.51,92.01,45.37,94.89,7.35,26.2,0.0,0.0,13.42,33.23,0.0,7.35,4.15,18.53,23.0,46.65,Cincinnati Bearcats
"Aamir Simms, Chase Hunter, Clyde Trapp, Hunter Tyson, Nick Honor",39.7,63.5,31.85,93.75,61.904761904761905,93.75,60.94,51.56,95.31,10.94,35.94,0.0,0.0,15.62,51.56,0.0,6.25,3.12,20.31,18.75,67.18,Clemson Tigers
"Aamir Simms, Alex Hemenway, Clyde Trapp, Jonathan Baehre, Nick Honor",40.0,66.0,19.77,112.3076923076923,92.53731343283582,112.31,95.38,52.31,90.77,18.46,38.46,0.0,0.0,7.69,32.31,0.0,4.62,4.62,16.92,20.0,40.0,Clemson Tigers
"Aamir Simms, Alex Hemenway, Clyde Trapp, Hunter Tyson, Nick Honor",240.0,420.5,9.05,95.36585365853658,86.3109048723898,95.37,90.73,46.83,93.17,14.63,33.66,0.0,0.0,11.22,34.88,0.0,7.56,4.63,18.05,21.95,46.1,Clemson Tigers
"Aamir Simms, Al-Amir Dawes, Clyde Trapp, Jonathan Baehre, Nick Honor",40.0,79.0,4.54,82.1917808219178,77.64705882352942,82.19,90.41,42.47,87.67,13.7,34.25,0.0,0.0,5.48,28.77,0.0,9.59,8.22,17.81,32.88,34.25,Clemson Tigers
"Aamir Simms, Al-Amir Dawes, Alex Hemenway, Clyde Trapp, Jonathan Baehre",125.0,209.0,-11.69,90.64039408866995,102.32558139534885,90.64,108.37,42.36,96.55,11.33,36.45,0.0,0.0,11.33,31.53,0.0,5.91,3.45,14.78,24.14,42.86,Clemson Tigers
"Aamir Simms, Al-Amir Dawes, Clyde Trapp, Hunter Tyson, John Newman III",80.0,140.5,-13.32,74.26470588235294,87.58620689655172,74.26,93.38,38.97,95.59,8.82,41.18,0.0,0.0,13.24,40.44,0.0,5.88,4.41,17.65,22.79,53.68,Clemson Tigers
"Aamir Simms, Al-Amir Dawes, Clyde Trapp, John Newman III, Jonathan Baehre",120.0,231.0,-18.2,84.93723849372385,103.13901345291481,84.94,96.23,48.95,97.49,8.79,30.13,0.0,0.0,15.9,29.71,0.0,7.95,2.09,18.41,17.99,45.61,Clemson Tigers
"Craig Beaudion II, D'Moi Hodge, Deante Johnson, Torrey Patton, Tre Gomillion",945.0,1792.0,6.02,94.67787114845937,88.6603668704836,94.68,89.36,51.48,99.83,8.4,25.66,0.0,0.0,15.97,31.88,0.0,9.58,3.19,16.13,23.81,47.85,Cleveland State Vikings
"DeVante' Jones, Ebrima Dibba, Essam Mostafa, Garrick Green, Kevin Williamson",165.0,328.0,11.5,91.13149847094802,79.63525835866263,91.13,80.12,49.24,98.17,9.17,30.89,0.0,0.0,15.6,41.9,0.0,9.48,6.12,17.43,21.71,57.5,Coastal Carolina Chanticleers
"DeAnthony Tipler, DeVante' Jones, Ebrima Dibba, Essam Mostafa, Isaac Hippolyte",120.0,247.0,5.49,88.75502008032129,83.26530612244898,88.76,81.93,47.39,97.59,11.24,32.13,0.0,0.0,16.47,37.35,0.0,9.24,3.21,18.88,21.29,53.82,Coastal Carolina Chanticleers
"DeVante' Jones, Ebrima Dibba, Essam Mostafa, Garrick Green, Tyrik Dixon",320.0,617.0,4.4,93.68932038834951,89.28571428571429,93.69,89.0,48.54,97.09,12.3,32.04,0.0,0.0,17.15,35.28,0.0,10.68,4.53,20.06,21.2,52.43,Coastal Carolina Chanticleers
"DeVante' Jones, Ebrima Dibba, Garrick Green, Kevin Williamson, Tim Ceaser",40.0,82.5,4.2,74.71264367816092,70.51282051282051,74.71,63.22,45.98,95.4,5.75,28.74,0.0,0.0,16.09,40.23,0.0,10.34,5.75,20.69,17.24,56.32,Coastal Carolina Chanticleers
"Jordan Burns, Keegan Records, Nelly Cummings, Ryan Moffatt, Tucker Richardson",604.7,1200.0,19.59,106.4967105263158,86.90878378378379,106.5,84.62,56.5,101.89,11.18,27.8,0.0,0.0,14.23,37.09,0.0,8.88,4.19,12.34,19.33,51.32,Colgate Raiders
"D'Shawn Schwartz, Dallas Walton, Elijah Parquet, Evan Battey, McKinley Wright IV",600.0,1088.5,11.48,98.89705882352942,87.41965105601469,98.9,87.5,54.14,98.35,10.48,26.38,0.0,0.0,14.15,33.55,0.0,7.08,3.49,15.81,22.79,47.7,Colorado Buffaloes
"D'Shawn Schwartz, Elijah Parquet, Evan Battey, Jeriah Horne, McKinley Wright IV",280.0,531.0,4.31,95.28301886792453,90.97744360902256,95.28,91.32,52.08,103.02,8.68,29.43,0.0,0.0,16.23,34.91,0.0,6.42,4.91,13.21,21.89,51.14,Colorado Buffaloes
"Adam Thistlewood, David Roddy, Dischon Thomas, Isaiah Stevens, Kendle Moore",80.0,159.5,21.82,94.54545454545455,72.72727272727273,94.55,67.88,53.33,89.09,12.73,30.3,0.0,0.0,9.09,35.15,0.0,7.88,3.64,20.0,21.21,44.24,Colorado State Rams
"Adam Thistlewood, David Roddy, Isaiah Stevens, James Moors, Kendle Moore",600.0,1157.5,11.12,97.41824440619621,86.29661751951431,97.42,85.63,53.18,94.66,10.41,30.81,0.0,0.0,12.31,35.89,0.09,6.71,3.44,17.64,23.75,48.2,Colorado State Rams
"Adam Thistlewood, Isaiah Stevens, James Moors, John Tonje, Kendle Moore",39.8,75.0,4.0,110.66666666666667,106.66666666666667,110.67,106.67,50.67,89.33,21.33,38.67,0.0,0.0,8.0,24.0,0.0,4.0,1.33,18.67,21.33,32.0,Colorado State Rams
"Adam Thistlewood, David Roddy, Isaiah Rivera, Isaiah Stevens, James Moors",40.0,77.5,-25.16,80.24691358024691,105.40540540540539,80.25,96.3,46.91,88.89,8.64,24.69,0.0,0.0,9.88,23.46,0.0,8.64,1.23,20.99,19.75,33.34,Colorado State Rams
"Anthony Tarke, DeJuan Clayton, Koby Thomas, Nendah Tarke, Yuat Alok",200.0,449.5,-0.49,83.4061135371179,83.90022675736961,83.41,80.79,46.94,91.27,9.39,28.17,0.0,0.0,9.39,35.81,0.0,7.64,4.59,18.12,17.9,45.2,Coppin State Eagles
"Anthony Tarke, DeJuan Clayton, Kenan Sarvan, Koby Thomas, Kyle Cardaci",80.0,196.0,-5.64,79.52380952380952,85.16483516483517,79.52,73.81,46.67,90.48,8.1,28.1,0.0,0.0,6.67,31.43,0.0,10.95,4.76,16.19,16.67,38.1,Coppin State Eagles
"Anthony Tarke, DeJuan Clayton, Kenan Sarvan, Koby Thomas, Yuat Alok",239.6,563.0,-5.75,83.94415357766142,89.69258589511753,83.94,86.56,47.29,90.75,9.95,29.67,0.0,0.0,9.95,32.46,0.0,8.73,4.01,19.2,20.94,42.41,Coppin State Eagles
"Christian Bishop, Damien Jefferson, Denzel Mahoney, Mitch Ballock, Shereef Mitchell",85.0,158.5,11.94,104.48717948717949,92.54658385093167,104.49,95.51,50.64,95.51,14.1,37.82,0.0,0.0,10.9,35.26,0.0,7.05,8.33,15.38,23.08,46.16,Creighton Bluejays
"Christian Bishop, Damien Jefferson, Denzel Mahoney, Marcus Zegarowski, Mitch Ballock",805.0,1540.5,6.67,95.21035598705502,88.54166666666666,95.21,88.03,47.96,96.83,12.23,33.79,0.0,0.0,11.72,34.89,0.0,9.13,4.08,14.89,20.19,46.61,Creighton Bluejays
"Bates Jones, Carter Collins, Hyunjung Lee, Kellan Grady, Luka Brajkovic",40.0,70.0,18.93,97.01492537313433,78.08219178082192,97.01,85.07,49.25,92.54,10.45,35.82,0.0,0.0,8.96,29.85,0.0,14.93,4.48,16.42,23.88,38.81,Davidson Wildcats
"Carter Collins, Hyunjung Lee, Kellan Grady, Luka Brajkovic, Sam Mennenga",485.0,834.0,10.14,101.32850241545894,91.19047619047619,101.33,92.51,49.28,99.88,14.01,38.89,0.0,0.0,15.7,37.68,0.0,7.97,3.62,15.82,19.57,53.38,Davidson Wildcats
"Ibi Watson, Jalen Crutcher, Jordy Tshimanga, Rodney Chatman, Zimi Nwokeji",40.0,79.0,25.0,93.82716049382715,68.83116883116884,93.83,65.43,53.09,90.12,9.88,27.16,0.0,0.0,4.94,41.98,0.0,11.11,6.17,14.81,17.28,46.92,Dayton Flyers
"Ibi Watson, Jalen Crutcher, Jordy Tshimanga, Koby Brea, Mustapha Amzil",80.0,132.0,5.06,94.11764705882352,89.0625,94.12,83.82,49.26,89.71,11.76,35.29,0.0,0.0,11.03,35.29,0.0,7.35,0.74,21.32,19.85,46.32,Dayton Flyers
"Ibi Watson, Jalen Crutcher, Jordy Tshimanga, R.J. Blakney, Rodney Chatman",120.0,223.0,2.96,91.5929203539823,88.63636363636364,91.59,86.28,47.79,92.92,12.39,26.99,0.0,0.0,15.49,34.51,0.0,5.75,1.77,22.57,23.45,50.0,Dayton Flyers
"Elijah Weaver, Ibi Watson, Jalen Crutcher, Jordy Tshimanga, Mustapha Amzil",415.0,762.5,2.61,92.91338582677166,90.30144167758847,92.91,90.42,49.08,94.23,11.42,31.63,0.0,0.0,10.76,36.61,0.0,4.46,2.76,16.54,20.21,47.37,Dayton Flyers
"Ibi Watson, Jalen Crutcher, Jordy Tshimanga, Mustapha Amzil, Rodney Chatman",40.0,71.0,-8.06,89.04109589041096,97.10144927536231,89.04,91.78,52.05,93.15,5.48,23.29,0.0,0.0,12.33,28.77,0.0,1.37,0.0,19.18,17.81,41.1,Dayton Flyers
"Ibi Watson, Jalen Crutcher, Mustapha Amzil, Rodney Chatman, Zimi Nwokeji",40.0,79.0,-10.66,109.09090909090908,119.75308641975309,109.09,125.97,54.55,96.1,12.99,32.47,0.0,0.0,12.99,31.17,0.0,6.49,1.3,16.88,22.08,44.16,Dayton Flyers
"Charlie Moore, David Jones, Javon Freeman-Liberty, Pauly Paulicap, Ray Salnave",40.0,86.0,14.67,84.33734939759037,69.66292134831461,84.34,74.7,49.4,96.39,4.82,18.07,0.0,0.0,14.46,40.96,0.0,9.64,3.61,18.07,28.92,55.42,DePaul Blue Demons
"Charlie Moore, Javon Freeman-Liberty, Nick Ongenda, Oscar Lopez Jr., Ray Salnave",50.0,98.0,8.42,98.9010989010989,90.47619047619048,98.9,104.4,47.25,90.11,10.99,26.37,0.0,0.0,8.79,35.16,0.0,6.59,3.3,18.68,24.18,43.95,DePaul Blue Demons
"Darious Hall, Kobe Elvis, Pauly Paulicap, Ray Salnave, Romeo Weems",80.0,161.5,0.86,88.0503144654088,87.1951219512195,88.05,89.94,47.8,88.68,4.4,11.95,0.0,0.0,16.35,35.22,0.0,9.43,8.18,27.67,27.67,51.57,DePaul Blue Demons
"Darious Hall, Javon Freeman-Liberty, Pauly Paulicap, Ray Salnave, Romeo Weems",40.0,75.0,-2.35,86.11111111111111,88.46153846153845,86.11,95.83,44.44,104.17,8.33,33.33,0.0,0.0,19.44,31.94,0.0,12.5,6.94,15.28,27.78,51.38,DePaul Blue Demons
"Charlie Moore, Darious Hall, Kobe Elvis, Pauly Paulicap, Romeo Weems",40.0,75.5,-2.74,83.33333333333334,86.07594936708861,83.33,94.44,43.06,93.06,9.72,25.0,0.0,0.0,11.11,27.78,0.0,8.33,2.78,18.06,23.61,38.89,DePaul Blue Demons
"Charlie Moore, Darious Hall, Javon Freeman-Liberty, Pauly Paulicap, Romeo Weems",200.0,379.0,-8.88,79.57559681697613,88.4514435695538,79.58,89.39,43.5,98.41,6.1,23.61,0.0,0.0,19.1,33.69,0.0,9.02,4.24,20.69,24.14,52.79,DePaul Blue Demons
"Darious Hall, Javon Freeman-Liberty, Kobe Elvis, Pauly Paulicap, Ray Salnave",40.0,71.5,-8.91,68.11594202898551,77.02702702702703,68.12,82.61,36.23,104.35,4.35,13.04,0.0,0.0,23.19,42.03,0.0,5.8,5.8,18.84,23.19,65.22,DePaul Blue Demons
"Charlie Moore, Darious Hall, Pauly Paulicap, Ray Salnave, Romeo Weems",80.0,157.0,-12.36,82.11920529801324,94.47852760736197,82.12,101.99,40.4,97.35,7.95,29.8,0.0,0.0,15.23,33.11,0.0,8.61,4.64,17.88,29.14,48.34,DePaul Blue Demons
"Charlie Moore, Javon Freeman-Liberty, Nick Ongenda, Ray Salnave, Romeo Weems",80.0,158.5,-15.44,82.6923076923077,98.13664596273291,82.69,101.28,46.15,100.64,5.13,19.23,0.0,0.0,21.15,21.79,0.0,8.33,4.49,20.51,26.92,42.94,DePaul Blue Demons
"Charlie Moore, Javon Freeman-Liberty, Pauly Paulicap, Ray Salnave, Romeo Weems",40.0,80.5,-38.68,75.9493670886076,114.6341463414634,75.95,118.99,44.3,94.94,5.06,13.92,0.0,0.0,13.92,26.58,0.0,3.8,2.53,18.99,29.11,40.5,DePaul Blue Demons
"Andrew Carr, Dylan Painter, Ebby Asamoah, Kevin Anderson, Ryan Allen",160.0,302.5,5.01,91.88311688311688,86.86868686868688,91.88,83.77,52.92,99.35,10.06,26.3,0.0,0.0,17.53,37.66,0.0,5.52,5.52,18.18,22.73,55.19,Delaware Blue Hens
"Andrew Carr, Dylan Painter, Gianmarco Arletti, Johnny McCoy, Ryan Allen",160.0,295.5,2.62,92.85714285714286,90.23569023569024,92.86,91.16,50.68,96.26,5.1,21.77,0.0,0.0,17.35,35.71,0.0,7.48,6.46,21.09,24.49,53.06,Delaware Blue Hens
"Ameer Bennett, Johquin Wiley, Martaz Robinson, Myles Carter, Ronald Lucas",45.0,99.0,1.61,80.61224489795919,79.0,80.61,80.61,45.92,97.96,12.24,34.69,0.0,0.0,12.24,31.63,0.0,3.06,7.14,14.29,30.61,43.87,Delaware State Hornets
"D'Marco Baucum, Johquin Wiley, Myles Carter, Ronald Lucas, Zach Kent",120.0,275.0,1.26,88.84615384615384,87.58620689655172,88.85,97.69,43.46,93.46,13.46,35.38,0.0,0.0,13.08,32.31,0.0,8.08,3.08,19.62,27.31,45.39,Delaware State Hornets
"John Stansbury, Johquin Wiley, Myles Carter, Ronald Lucas, Zach Kent",40.0,81.5,-0.75,87.34177215189874,88.09523809523809,87.34,93.67,43.04,92.41,12.66,31.65,0.0,0.0,10.13,27.85,0.0,8.86,11.39,17.72,22.78,37.98,Delaware State Hornets
"Ameer Bennett, D'Marco Baucum, John Stansbury, Johquin Wiley, Myles Carter",80.0,182.0,-3.3,84.0,87.3015873015873,84.0,94.29,48.57,90.86,7.43,25.71,0.0,0.0,12.0,30.29,0.0,9.14,2.86,21.14,26.86,42.29,Delaware State Hornets
"Ameer Bennett, John Stansbury, Johquin Wiley, Myles Carter, Zach Kent",120.0,271.0,-21.88,73.03370786516854,94.9090909090909,73.03,97.75,40.45,92.88,6.74,30.71,0.0,0.0,14.61,31.09,0.0,7.49,3.0,21.72,22.1,45.7,Delaware State Hornets
"D'Marco Baucum, John Stansbury, Johquin Wiley, Myles Carter, Zach Kent",40.0,74.0,-26.23,94.28571428571428,120.51282051282051,94.29,134.29,47.14,92.86,11.43,31.43,0.0,0.0,12.86,27.14,0.0,8.57,2.86,20.0,25.71,40.0,Delaware State Hornets
"Eric Moenkhaus, Jase Townsend, Robert Jones, Sam Hines Jr., Taelyr Gatlin",85.0,175.0,2.51,93.56725146198829,91.06145251396647,93.57,95.32,50.88,91.81,11.11,26.32,0.0,0.0,9.36,29.82,0.0,8.77,2.34,17.54,27.49,39.18,Denver Pioneers
"Drake Muller, Jase Townsend, Robert Jones, Sam Hines Jr., Taelyr Gatlin",40.0,91.0,0.36,79.3103448275862,78.94736842105263,79.31,86.21,40.23,91.95,8.05,25.29,0.0,0.0,6.9,25.29,0.0,13.79,1.15,14.94,33.33,32.19,Denver Pioneers
"Eric Moenkhaus, JaVonni Bickham, Sam Hines Jr., Taelyr Gatlin, Tristan Green",40.0,69.0,-1.27,92.06349206349206,93.33333333333333,92.06,111.11,44.44,95.24,11.11,30.16,0.0,0.0,9.52,34.92,0.0,3.17,1.59,14.29,33.33,44.44,Denver Pioneers
"Jase Townsend, Kobey Lam, Robert Jones, Roscoe Eastmond, Sam Hines Jr.",40.0,82.0,-2.56,93.82716049382715,96.3855421686747,93.83,98.77,44.44,103.7,12.35,27.16,0.0,0.0,14.81,24.69,0.0,9.88,0.0,11.11,22.22,39.5,Denver Pioneers
"Eric Moenkhaus, JaVonni Bickham, Jase Townsend, Sam Hines Jr., Taelyr Gatlin",45.0,95.0,-5.01,85.41666666666666,90.42553191489363,85.42,88.54,47.92,90.62,9.38,20.83,0.0,0.0,7.29,28.12,0.0,8.33,3.12,16.67,28.12,35.41,Denver Pioneers
"Jase Townsend, Kobey Lam, Robert Jones, Sam Hines Jr., Taelyr Gatlin",120.0,246.0,-5.6,84.51882845188284,90.11857707509881,84.52,95.4,47.28,91.63,7.53,23.85,0.0,0.0,12.55,29.71,0.0,5.86,4.6,20.92,27.62,42.26,Denver Pioneers
"Eric Moenkhaus, Jase Townsend, Sam Hines Jr., Taelyr Gatlin, Tristan Green",40.0,88.0,-8.09,93.02325581395348,101.11111111111111,93.02,105.81,52.33,95.35,9.3,25.58,0.0,0.0,13.95,18.6,0.0,6.98,5.81,18.6,25.58,32.55,Denver Pioneers
"Frank Ryder, Jase Townsend, Sam Hines Jr., Taelyr Gatlin, Tristan Green",120.0,242.0,-30.79,78.45528455284553,109.24369747899159,78.46,105.69,43.5,92.68,9.35,28.05,0.0,0.0,9.35,26.42,0.0,5.69,3.25,16.67,21.95,35.77,Denver Pioneers
"JaVonni Bickham, Jase Townsend, Sam Hines Jr., Taelyr Gatlin, Tristan Green",40.0,73.0,-33.13,78.87323943661971,112.00000000000001,78.87,118.31,39.44,91.55,8.45,29.58,0.0,0.0,12.68,21.13,0.0,2.82,0.0,21.13,21.13,33.81,Denver Pioneers
"Antoine Davis, Buay Koka, Bul Kuol, Chris Brandon, Marquell Fraser",40.0,70.5,28.16,116.21621621621621,88.05970149253731,116.22,79.73,51.35,78.38,22.97,35.14,0.0,0.0,5.41,36.49,0.0,14.86,2.7,27.03,10.81,41.9,Detroit Mercy Titans
"Antoine Davis, Bul Kuol, Chris Brandon, Marquell Fraser, Matt Johnson",40.0,70.0,22.08,107.79220779220779,85.71428571428571,107.79,70.13,59.74,102.6,15.58,40.26,0.0,0.0,18.18,29.87,0.0,15.58,2.6,15.58,14.29,48.05,Detroit Mercy Titans
"Antoine Davis, Bul Kuol, Dwayne Rose Jr., Marquell Fraser, Noah Waterman",40.0,65.5,20.01,125.80645161290323,105.79710144927536,125.81,117.74,58.06,101.61,16.13,38.71,0.0,0.0,14.52,30.65,0.0,12.9,1.61,12.9,19.35,45.17,Detroit Mercy Titans
"Antoine Davis, Bul Kuol, Chris Brandon, Dwayne Rose Jr., Marquell Fraser",80.0,144.5,11.16,109.79020979020979,98.63013698630137,109.79,100.7,54.55,94.41,16.08,34.27,0.0,0.0,6.29,33.57,0.0,7.69,2.1,11.89,15.38,39.86,Detroit Mercy Titans
"Antoine Davis, Bul Kuol, Chris Brandon, Marquell Fraser, Noah Waterman",200.0,368.5,10.82,109.18918918918918,98.36512261580381,109.19,97.57,55.41,95.68,15.95,35.95,0.0,0.0,10.81,33.51,0.0,8.92,3.51,15.14,18.38,44.32,Detroit Mercy Titans
"Antoine Davis, Bul Kuol, Chris Brandon, Dwayne Rose Jr., Noah Waterman",40.0,74.5,9.26,107.89473684210526,98.63013698630137,107.89,94.74,51.32,89.47,17.11,40.79,0.0,0.0,7.89,34.21,0.0,6.58,3.95,18.42,21.05,42.1,Detroit Mercy Titans
"Antoine Davis, Bul Kuol, Marquell Fraser, Noah Waterman, Willy Isiani",40.0,78.5,0.41,106.57894736842107,106.17283950617285,106.58,113.16,55.26,106.58,15.79,42.11,0.0,0.0,18.42,30.26,0.0,9.21,3.95,11.84,30.26,48.68,Detroit Mercy Titans
"Antoine Davis, Buay Koka, Bul Kuol, Marquell Fraser, Noah Waterman",80.0,142.5,-0.77,102.77777777777777,103.54609929078013,102.78,101.39,51.39,95.83,13.19,31.94,0.0,0.0,14.58,31.94,0.0,6.94,2.08,18.75,15.97,46.52,Detroit Mercy Titans
"Antoine Davis, Buay Koka, Bul Kuol, Matt Johnson, Noah Waterman",45.0,88.5,-0.96,84.26966292134831,85.22727272727273,84.27,84.27,44.94,89.89,11.24,30.34,0.0,0.0,11.24,32.58,0.0,6.74,4.49,21.35,22.47,43.82,Detroit Mercy Titans
"Antoine Davis, Bul Kuol, Dwayne Rose Jr., Marquell Fraser, Willy Isiani",40.0,85.5,-3.21,87.8048780487805,91.01123595505618,87.8,98.78,48.78,98.78,8.54,29.27,0.0,0.0,14.63,23.17,0.0,10.98,7.32,15.85,30.49,37.8,Detroit Mercy Titans
"Antoine Davis, Bul Kuol, Chris Brandon, Matt Johnson, Noah Waterman",40.0,73.0,-7.06,88.88888888888889,95.94594594594594,88.89,98.61,47.22,102.78,9.72,37.5,0.0,0.0,15.28,27.78,0.0,8.33,2.78,12.5,20.83,43.06,Detroit Mercy Titans
"Antoine Davis, Bul Kuol, Marquell Fraser, Matt Johnson, Willy Isiani",40.0,76.0,-27.69,87.17948717948718,114.86486486486487,87.18,108.97,42.31,98.72,10.26,35.9,0.0,0.0,11.54,29.49,0.0,6.41,6.41,12.82,16.67,41.03,Detroit Mercy Titans
"D.J. Wilkins, Darnell Brodie, Roman Penn, ShanQuan Hemphill, Tremell Murphy",445.0,838.5,15.59,99.7610513739546,84.16666666666667,99.76,84.47,52.81,100.96,8.24,24.25,0.0,0.0,15.29,35.6,0.0,8.96,3.58,14.34,22.22,50.89,Drake Bulldogs
"D.J. Wilkins, Darnell Brodie, Garrett Sturtz, Roman Penn, Tremell Murphy",164.7,269.5,1.45,99.24812030075188,97.8021978021978,99.25,100.38,50.75,100.38,9.77,29.32,0.0,0.0,12.03,29.7,0.0,10.9,4.51,11.65,21.8,41.73,Drake Bulldogs
"D.J. Wilkins, Darnell Brodie, Garrett Sturtz, Joseph Yesufu, Tremell Murphy",199.6,347.5,-3.17,98.59550561797754,101.76991150442478,98.6,96.91,53.93,101.12,8.99,25.0,0.0,0.0,12.36,32.02,0.0,5.9,4.21,11.24,17.13,44.38,Drake Bulldogs
"Camren Wynter, James Butler, Mate Okros, T.J. Bickerstaff, Zach Walton",200.0,347.0,9.2,102.31884057971014,93.12320916905445,102.32,94.2,53.91,97.68,9.28,30.14,0.0,0.0,13.33,35.07,0.0,8.12,5.22,15.65,22.61,48.4,Drexel Dragons
"Camren Wynter, James Butler, T.J. Bickerstaff, Xavier Bell, Zach Walton",240.0,418.5,3.01,105.91016548463357,102.89855072463767,105.91,100.71,54.37,93.62,13.48,26.24,0.0,0.0,13.24,35.46,0.0,4.26,3.07,19.62,18.91,48.7,Drexel Dragons
"Camren Wynter, James Butler, Matey Juric, T.J. Bickerstaff, Zach Walton",40.0,75.0,-16.88,83.11688311688312,100.0,83.12,94.81,46.75,92.21,7.79,28.57,0.0,0.0,11.69,35.06,0.0,1.3,1.3,19.48,23.38,46.75,Drexel Dragons
"DJ Steward, Jeremy Roach, Jordan Goldwire, Mark Williams, Matthew Hurt",40.0,72.0,26.37,112.85714285714286,86.48648648648648,112.86,91.43,55.71,101.43,12.86,38.57,0.0,0.0,21.43,28.57,0.0,14.29,5.71,20.0,22.86,50.0,Duke Blue Devils
"DJ Steward, Jalen Johnson, Jordan Goldwire, Matthew Hurt, Wendell Moore Jr.",80.0,147.0,11.08,101.98675496688743,90.9090909090909,101.99,86.09,54.3,101.99,9.93,31.79,0.0,0.0,16.56,31.79,0.0,8.61,5.3,14.57,17.22,48.35,Duke Blue Devils
"DJ Steward, Jeremy Roach, Mark Williams, Matthew Hurt, Wendell Moore Jr.",365.0,686.5,7.85,103.09278350515463,95.2449567723343,103.09,97.35,50.96,98.67,11.93,30.93,0.0,0.0,14.73,30.34,0.0,10.6,6.63,16.05,21.8,45.07,Duke Blue Devils
"DJ Steward, Jalen Johnson, Jeremy Roach, Matthew Hurt, Wendell Moore Jr.",80.0,154.0,0.13,90.32258064516128,90.19607843137256,90.32,89.03,49.03,92.26,8.39,26.45,0.0,0.0,10.97,33.55,0.0,7.74,2.58,18.71,21.29,44.52,Duke Blue Devils
"DJ Steward, Jaemyn Brakefield, Jeremy Roach, Jordan Goldwire, Matthew Hurt",80.0,166.0,-1.45,87.5,88.95348837209302,87.5,95.62,45.62,102.5,10.0,35.62,0.0,0.0,15.62,33.12,0.0,8.75,6.25,13.12,28.75,48.74,Duke Blue Devils
"DJ Steward, Jordan Goldwire, Mark Williams, Matthew Hurt, Wendell Moore Jr.",45.0,86.5,-7.07,84.88372093023256,91.95402298850574,84.88,93.02,50.0,94.19,4.65,24.42,0.0,0.0,8.14,30.23,0.0,8.14,5.81,13.95,23.26,38.37,Duke Blue Devils
"Chad Baker, Marcus Weathers, Michael Hughes, Mike Bekelja, Tavian Dunn-Martin",120.0,223.5,20.18,99.10714285714286,78.9237668161435,99.11,78.57,50.89,103.12,11.16,37.05,0.0,0.0,17.41,41.52,0.0,8.04,6.25,14.29,20.98,58.93,Duquesne Dukes
"Lamar Norman Jr., Maceo Austin, Marcus Weathers, Michael Hughes, Sincere Carry",80.0,153.5,8.34,97.36842105263158,89.03225806451613,97.37,90.79,50.66,102.63,9.87,28.29,0.0,0.0,18.42,34.87,0.0,8.55,3.29,15.79,25.66,53.29,Duquesne Dukes
"Chad Baker, Marcus Weathers, Michael Hughes, Tavian Dunn-Martin, Toby Okani",400.0,760.5,-4.6,83.44549125168237,88.04627249357327,83.45,92.19,45.36,98.65,7.54,25.84,0.0,0.0,17.5,30.96,0.0,9.02,7.0,18.84,24.23,48.46,Duquesne Dukes
"Maceo Austin, Marcus Weathers, Michael Hughes, Sincere Carry, Tavian Dunn-Martin",40.0,71.0,-24.84,64.86486486486487,89.70588235294117,64.86,82.43,36.49,98.65,8.11,28.38,0.0,0.0,17.57,39.19,0.0,5.41,8.11,18.92,10.81,56.76,Duquesne Dukes
"Brandon Suggs, J.J. Miles, Jayden Gardner, Ludgy Debaut, Tremont Robinson-White",40.0,77.5,13.42,86.8421052631579,73.41772151898735,86.84,76.32,50.0,93.42,7.89,25.0,0.0,0.0,11.84,38.16,0.0,3.95,2.63,18.42,19.74,50.0,East Carolina Pirates
"Bitumba Baruti, Brandon Suggs, J.J. Miles, Jayden Gardner, Tremont Robinson-White",40.0,76.0,-3.26,74.66666666666667,77.92207792207793,74.67,80.0,34.67,81.33,13.33,34.67,0.0,0.0,9.33,37.33,0.0,5.33,2.67,28.0,22.67,46.66,East Carolina Pirates
"Bitumba Baruti, Brandon Suggs, J.J. Miles, Ludgy Debaut, Tremont Robinson-White",40.0,79.5,-4.42,80.76923076923077,85.18518518518519,80.77,88.46,48.72,101.28,5.13,25.64,0.0,0.0,15.38,33.33,0.0,7.69,5.13,14.1,26.92,48.71,East Carolina Pirates
"Bitumba Baruti, Brandon Suggs, Jayden Gardner, Tremont Robinson-White, Tristen Newton",40.0,73.0,-4.53,90.14084507042254,94.66666666666667,90.14,100.0,47.89,108.45,5.63,28.17,0.0,0.0,25.35,32.39,0.0,8.45,4.23,16.9,21.13,57.74,East Carolina Pirates
"Bitumba Baruti, J.J. Miles, Jayden Gardner, Tremont Robinson-White, Tristen Newton",40.0,78.0,-9.16,88.31168831168831,97.46835443037975,88.31,100.0,49.35,98.7,6.49,23.38,0.0,0.0,15.58,23.38,0.0,10.39,3.9,16.88,29.87,38.96,East Carolina Pirates
"J.J. Miles, Jayden Gardner, Ludgy Debaut, Tremont Robinson-White, Tristen Newton",240.0,472.5,-10.89,80.3347280334728,91.22055674518201,80.33,89.12,48.33,98.54,6.07,22.59,0.0,0.0,12.55,30.96,0.0,8.16,3.35,14.02,22.18,43.51,East Carolina Pirates
"Brandon Suggs, Jayden Gardner, Ludgy Debaut, Tremont Robinson-White, Tristen Newton",80.0,151.0,-26.49,71.52317880794702,98.01324503311258,71.52,98.01,37.75,96.69,6.62,25.17,0.0,0.0,16.56,31.79,0.0,5.3,3.31,19.87,22.52,48.35,East Carolina Pirates
"Damari Monsanto, Ledarrius Brewer, Serrel Smith Jr., Silas Adheke, Vonnie Patterson",360.0,662.0,9.94,103.19634703196347,93.25337331334332,103.2,94.67,52.66,101.07,13.55,32.88,0.0,0.0,16.13,34.4,0.0,9.89,2.59,15.07,23.44,50.53,East Tennessee State Buccaneers
"Damari Monsanto, David Sloan, Ledarrius Brewer, Silas Adheke, Vonnie Patterson",200.0,346.0,3.62,90.11627906976744,86.49425287356321,90.12,87.5,47.09,93.9,10.76,30.23,0.0,0.0,11.63,36.34,0.0,9.88,5.23,17.73,20.93,47.97,East Tennessee State Buccaneers
"Damari Monsanto, David Sloan, Serrel Smith Jr., Silas Adheke, Vonnie Patterson",85.0,162.5,-15.85,84.14634146341463,100.0,84.15,98.17,47.56,98.78,6.71,27.44,0.0,0.0,17.07,25.61,0.0,9.76,4.27,18.29,20.12,42.68,East Tennessee State Buccaneers
"Barlow Alleruzzo IV, Henry Abraham, Kashawn Charles, Madani Diarra, Marvin Johnson",40.0,83.0,16.87,103.6144578313253,86.74698795180723,103.61,86.75,53.01,81.93,13.25,21.69,0.0,0.0,8.43,38.55,0.0,6.02,7.23,26.51,18.07,46.98,Eastern Illinois Panthers
"Barlow Alleruzzo IV, Henry Abraham, Josiah Wallace, Madani Diarra, Marvin Johnson",40.0,71.5,11.31,97.22222222222221,85.91549295774648,97.22,84.72,51.39,95.83,12.5,26.39,0.0,0.0,12.5,38.89,0.0,6.94,2.78,16.67,20.83,51.39,Eastern Illinois Panthers
"Jordan Skipper-Brown, Josiah Wallace, Kashawn Charles, Marvin Johnson, Sammy Friday IV",40.0,76.5,6.63,96.1038961038961,89.47368421052632,96.1,88.31,50.65,96.1,6.49,23.38,0.0,0.0,15.58,27.27,0.0,11.69,9.09,19.48,16.88,42.85,Eastern Illinois Panthers
"George Dixon, Josiah Wallace, Junior Farquhar, Marvin Johnson, Sammy Friday IV",40.0,82.5,6.04,104.81927710843372,98.78048780487805,104.82,97.59,57.83,96.39,8.43,16.87,0.0,0.0,16.87,31.33,0.0,10.84,3.61,20.48,22.89,48.2,Eastern Illinois Panthers
"Jordan Skipper-Brown, Josiah Wallace, Mack Smith, Marvin Johnson, Sammy Friday IV",160.0,306.0,3.54,99.00990099009901,95.46925566343042,99.01,97.36,53.47,95.71,8.25,22.11,0.0,0.0,18.48,31.35,0.0,9.24,5.28,22.77,22.44,49.83,Eastern Illinois Panthers
"George Dixon, Junior Farquhar, Mack Smith, Marvin Johnson, Sammy Friday IV",40.0,87.5,-4.9,71.76470588235294,76.66666666666667,71.76,81.18,38.82,94.12,7.06,23.53,0.0,0.0,22.35,35.29,0.0,14.12,4.71,28.24,23.53,57.64,Eastern Illinois Panthers
"George Dixon, Jordan Skipper-Brown, Josiah Wallace, Mack Smith, Marvin Johnson",40.0,77.0,-6.34,91.02564102564102,97.36842105263158,91.03,94.87,47.44,92.31,12.82,44.87,0.0,0.0,7.69,29.49,0.0,14.1,6.41,15.38,21.79,37.18,Eastern Illinois Panthers
"Barlow Alleruzzo IV, Henry Abraham, Mack Smith, Marvin Johnson, Sammy Friday IV",40.0,81.0,-8.61,79.48717948717949,88.09523809523809,79.49,94.87,41.03,114.1,8.97,38.46,0.0,0.0,24.36,33.33,0.0,7.69,2.56,10.26,20.51,57.69,Eastern Illinois Panthers
"Barlow Alleruzzo IV, Deang Deang, Henry Abraham, Josiah Wallace, Marvin Johnson",40.0,77.5,-10.08,98.66666666666667,108.74999999999999,98.67,116.0,52.0,101.33,5.33,25.33,0.0,0.0,14.67,24.0,0.0,9.33,1.33,13.33,22.67,38.67,Eastern Illinois Panthers
"Barlow Alleruzzo IV, George Dixon, Henry Abraham, Josiah Wallace, Marvin Johnson",40.0,76.0,-10.36,72.97297297297297,83.33333333333334,72.97,87.84,36.49,94.59,8.11,35.14,0.0,0.0,10.81,24.32,0.0,10.81,2.7,16.22,21.62,35.13,Eastern Illinois Panthers
"Henry Abraham, Jordan Skipper-Brown, Mack Smith, Marvin Johnson, Sammy Friday IV",40.0,71.5,-13.87,95.71428571428572,109.58904109589041,95.71,114.29,42.86,90.0,10.0,30.0,0.0,0.0,5.71,31.43,0.0,8.57,2.86,15.71,22.86,37.14,Eastern Illinois Panthers
"George Dixon, Henry Abraham, Josiah Wallace, Marvin Johnson, Sammy Friday IV",40.0,73.0,-15.09,91.66666666666666,106.75675675675676,91.67,109.72,44.44,93.06,11.11,25.0,0.0,0.0,20.83,37.5,0.0,4.17,1.39,27.78,18.06,58.33,Eastern Illinois Panthers
"Barlow Alleruzzo IV, Deang Deang, Henry Abraham, Josiah Wallace, Junior Farquhar",40.0,63.5,-16.89,64.0625,80.95238095238095,64.06,79.69,34.38,96.88,4.69,37.5,0.0,0.0,21.88,43.75,0.0,10.94,3.12,25.0,14.06,65.63,Eastern Illinois Panthers
"George Dixon, Kashawn Charles, Mack Smith, Marvin Johnson, Sammy Friday IV",85.0,176.5,-17.7,83.42857142857143,101.12359550561798,83.43,102.86,44.0,101.14,7.43,32.0,0.0,0.0,17.14,30.29,0.0,7.43,2.86,16.0,19.43,47.43,Eastern Illinois Panthers
"Henry Abraham, Jordan Skipper-Brown, Kashawn Charles, Madani Diarra, Marvin Johnson",40.0,77.0,-31.32,81.33333333333333,112.65822784810126,81.33,118.67,38.67,92.0,9.33,33.33,0.0,0.0,13.33,38.67,0.0,8.0,4.0,21.33,13.33,52.0,Eastern Illinois Panthers
"Barlow Alleruzzo IV, Deang Deang, Josiah Wallace, Junior Farquhar, Marvin Johnson",40.0,73.5,-36.71,61.97183098591549,98.68421052631578,61.97,105.63,29.58,90.14,12.68,46.48,0.0,0.0,11.27,23.94,0.0,12.68,2.82,21.13,21.13,35.21,Eastern Illinois Panthers
"Cooper Robb, Curt Lewis, Michael Moreno, Russhard Cruickshank, Wendell Green Jr.",40.0,85.5,58.4,139.50617283950618,81.11111111111111,139.51,90.12,62.96,98.77,24.69,45.68,0.0,0.0,13.58,20.99,0.0,14.81,1.23,14.81,28.4,34.57,Eastern Kentucky Colonels
"Brandon Knapper, Curt Lewis, Michael Moreno, Tre King, Wendell Green Jr.",45.0,87.0,8.81,82.14285714285714,73.33333333333333,82.14,78.57,41.67,113.1,7.14,38.1,0.0,0.0,21.43,34.52,0.0,7.14,7.14,8.33,16.67,55.95,Eastern Kentucky Colonels
"Cheikh Faye, Devontae Blanton, JacQuess Hobbs, Russhard Cruickshank, Tariq Balogun",40.0,87.5,4.9,76.66666666666667,71.76470588235294,76.67,67.78,42.22,91.11,5.56,22.22,0.0,0.0,11.11,30.0,0.0,17.78,7.78,20.0,17.78,41.11,Eastern Kentucky Colonels
"Cooper Robb, Curt Lewis, Michael Moreno, Tre King, Wendell Green Jr.",605.0,1250.5,4.63,94.13183279742765,89.49880668257757,94.13,90.43,47.75,96.7,11.5,30.06,0.0,0.0,12.3,29.42,0.0,10.93,3.86,15.59,22.19,41.72,Eastern Kentucky Colonels
"JacQuess Hobbs, Michael Moreno, Peyton Broughton, Russhard Cruickshank, Tre King",40.0,90.5,0.24,95.6989247311828,95.45454545454545,95.7,90.32,59.14,97.85,6.45,20.43,0.0,0.0,9.68,25.81,0.0,8.6,3.23,11.83,10.75,35.49,Eastern Kentucky Colonels
"Cooper Robb, Michael Moreno, Russhard Cruickshank, Tre King, Wendell Green Jr.",85.0,159.5,-0.87,106.4516129032258,107.31707317073172,106.45,113.55,49.03,106.45,17.42,43.87,0.0,0.0,16.77,27.74,0.0,10.97,1.94,10.32,24.52,44.51,Eastern Kentucky Colonels
"Bryce McBride, Darion Spottsville, Noah Morgan, Ty Groce, Yeikson Montero",120.0,222.0,0.0,99.09909909909909,99.09909909909909,99.1,99.1,51.35,104.05,12.61,30.18,0.0,0.0,15.77,31.08,0.0,9.91,4.05,11.71,19.37,46.85,Eastern Michigan Eagles
"Bryce McBride, Drew Lowder, James Love III, Ty Groce, Yeikson Montero",40.0,77.5,-9.61,101.36986301369863,110.97560975609757,101.37,124.66,52.05,108.22,12.33,42.47,0.0,0.0,27.4,30.14,0.0,9.59,4.11,19.18,30.14,57.54,Eastern Michigan Eagles
"Bryce McBride, Chris James, Noah Morgan, Ty Groce, Yeikson Montero",39.8,82.0,-13.41,78.04878048780488,91.46341463414635,78.05,91.46,45.12,96.34,3.66,29.27,0.0,0.0,19.51,37.8,0.0,7.32,1.22,23.17,24.39,57.31,Eastern Michigan Eagles
"Bryce McBride, Drew Lowder, Miles Gibson, Ty Groce, Yeikson Montero",80.0,170.0,-20.67,82.84023668639054,103.50877192982458,82.84,104.73,47.93,96.45,5.92,24.26,0.0,0.0,13.02,23.08,0.0,8.88,1.78,16.57,24.26,36.1,Eastern Michigan Eagles
"Chris James, Darion Spottsville, Miles Gibson, Ty Groce, Yeikson Montero",120.0,221.0,-21.27,82.80542986425338,104.07239819004526,82.81,104.07,44.34,91.4,8.14,23.98,0.0,0.0,6.79,28.05,0.0,11.76,0.9,15.38,16.29,34.84,Eastern Michigan Eagles
"Bryce McBride, Drew Lowder, Noah Morgan, Ty Groce, Yeikson Montero",120.0,229.0,-24.18,83.96624472573839,108.1447963800905,83.97,100.84,44.73,95.36,9.28,30.38,0.0,0.0,8.86,29.54,0.0,7.59,2.95,13.5,18.14,38.4,Eastern Michigan Eagles
"Bryce McBride, Chris James, James Love III, Ty Groce, Yeikson Montero",40.0,77.5,-26.33,81.08108108108108,107.40740740740742,81.08,117.57,40.54,91.89,12.16,37.84,0.0,0.0,14.86,29.73,0.0,10.81,2.7,22.97,28.38,44.59,Eastern Michigan Eagles
"Casson Rouse, Jacob Davison, Kim Aiken Jr., Tanner Groves, Tyler Robertson",40.0,77.0,25.52,104.0,78.48101265822784,104.0,82.67,54.67,90.67,10.67,22.67,0.0,0.0,9.33,46.67,0.0,1.33,2.67,18.67,29.33,56.0,Eastern Washington Eagles
"Jack Perry, Jacob Groves, Kim Aiken Jr., Mike Meadows, Tanner Groves",80.0,151.5,20.24,91.66666666666666,71.42857142857143,91.67,67.31,51.28,92.95,7.05,21.79,0.0,0.0,9.62,41.03,0.0,5.77,4.49,16.67,18.59,50.65,Eastern Washington Eagles
"Ellis Magnuson, Jacob Groves, Kim Aiken Jr., Mike Meadows, Tanner Groves",400.0,797.0,14.82,105.25,90.42821158690177,105.25,89.75,57.12,98.38,11.12,27.75,0.0,0.0,12.62,34.38,0.0,6.75,3.0,14.25,21.25,47.0,Eastern Washington Eagles
"Jack Perry, Jacob Davison, Kim Aiken Jr., Mike Meadows, Tanner Groves",80.0,143.0,10.72,97.24137931034483,86.52482269503547,97.24,84.14,51.72,100.0,11.72,37.24,0.0,0.0,15.86,35.86,0.0,8.28,3.45,15.86,23.45,51.72,Eastern Washington Eagles
"Ellis Magnuson, Jacob Davison, Kim Aiken Jr., Tanner Groves, Tyler Robertson",120.0,249.0,0.44,97.60956175298804,97.16599190283401,97.61,95.62,52.19,100.0,11.16,32.27,0.0,0.0,12.35,31.87,0.0,5.98,3.98,12.35,24.7,44.22,Eastern Washington Eagles
"Chuck Hannah, Darius Burford, Hunter McIntosh, Ikenna Ndugba, Simon Wright",320.0,558.5,21.1,104.4362292051756,83.33333333333334,104.44,88.72,50.46,101.85,13.86,38.45,0.0,0.0,15.53,39.0,0.0,9.98,2.96,13.68,24.58,54.53,Elon Phoenix
"Chuck Hannah, Hunter McIntosh, Hunter Woods, Ikenna Ndugba, Kris Wooten",76.7,142.5,-14.52,73.91304347826086,88.43537414965986,73.91,94.2,39.13,93.48,7.97,32.61,0.0,0.0,10.14,43.48,0.0,4.35,1.45,16.67,26.81,53.62,Elon Phoenix
"Darius Burford, Federico Poser, Hunter McIntosh, Hunter Woods, Ikenna Ndugba",120.0,233.5,-14.82,74.67248908296943,89.49579831932773,74.67,93.01,38.86,95.2,11.35,38.86,0.0,0.0,14.41,38.86,0.0,4.37,6.55,19.21,28.82,53.27,Elon Phoenix
"Federico Poser, Hunter McIntosh, Hunter Woods, Ikenna Ndugba, Simon Wright",80.0,142.0,-17.2,80.71428571428572,97.91666666666666,80.71,100.71,40.71,95.0,8.57,29.29,0.0,0.0,11.43,27.14,0.0,10.71,0.71,16.43,27.86,38.57,Elon Phoenix
"Evan Kuhlman, Jawaun Newton, Jax Levitch, Noah Frederking, Shamar Givance",717.5,1241.5,-1.02,95.89490968801314,96.91699604743083,95.89,100.66,47.13,93.19,14.12,37.19,0.0,0.0,8.37,29.39,0.0,7.8,2.79,15.19,20.85,37.76,Evansville Purple Aces
"Iyen Enaruna, Jawaun Newton, Jax Levitch, Noah Frederking, Shamar Givance",40.0,60.5,-13.11,94.82758620689656,107.93650793650794,94.83,117.24,37.93,84.48,18.97,43.1,0.0,0.0,10.34,32.76,0.0,3.45,5.17,25.86,27.59,43.1,Evansville Purple Aces
"Caleb Green, Jalen Leach, Jesus Cruz, Supreme Cook, Taj Benning",40.0,76.5,16.56,85.8974358974359,69.33333333333334,85.9,66.67,50.0,97.44,6.41,23.08,0.0,0.0,15.38,33.33,0.0,8.97,6.41,17.95,20.51,48.71,Fairfield Stags
"Caleb Green, Jake Wojcik, Jason Edokpayi, Taj Benning, Zach Crisler",205.0,358.5,5.88,89.07103825136612,83.1908831908832,89.07,79.78,50.55,100.55,9.56,27.05,0.0,0.0,15.03,36.89,0.0,6.83,3.55,14.48,22.68,51.92,Fairfield Stags
"Caleb Green, Chris Maidoh, Jake Wojcik, Taj Benning, Zach Crisler",360.0,650.0,-3.8,85.0381679389313,88.83720930232558,85.04,87.48,47.79,96.64,7.48,22.6,0.0,0.0,13.74,33.44,0.0,6.11,3.21,17.1,25.19,47.18,Fairfield Stags
"Caleb Green, Jake Wojcik, Supreme Cook, Taj Benning, Zach Crisler",80.0,146.0,-16.65,84.02777777777779,100.67567567567568,84.03,103.47,43.75,99.31,12.5,34.03,0.0,0.0,16.67,29.17,0.0,6.94,0.69,17.36,29.17,45.84,Fairfield Stags
"Caleb Green, Jake Wojcik, Jesus Cruz, Supreme Cook, Taj Benning",40.0,72.5,-17.36,71.83098591549296,89.1891891891892,71.83,92.96,38.03,100.0,11.27,42.25,0.0,0.0,15.49,42.25,0.0,4.23,2.82,15.49,23.94,57.74,Fairfield Stags
"Caleb Green, Jake Wojcik, Jesus Cruz, Taj Benning, Zach Crisler",120.0,202.0,-18.46,85.64593301435407,104.10256410256412,85.65,97.13,45.93,99.04,9.57,31.1,0.0,0.0,17.7,32.06,0.0,6.7,1.91,18.66,22.97,49.76,Fairfield Stags
"Caleb Green, Jesus Cruz, Supreme Cook, Taj Benning, Tshiefu Ngalakulondi",40.0,71.0,-43.92,57.534246575342465,101.44927536231884,57.53,95.89,32.88,86.3,5.48,21.92,0.0,0.0,12.33,36.99,0.0,6.85,2.74,26.03,26.03,49.32,Fairfield Stags
"Brandon Rush, Callum Baker, Elyjah Williams, Jahlil Jenkins, John Mikey Square",40.0,81.0,12.16,98.75,86.58536585365853,98.75,88.75,55.0,101.25,10.0,22.5,0.0,0.0,22.5,41.25,0.0,5.0,2.5,21.25,26.25,63.75,Fairleigh Dickinson Knights
"Brandon Powell, Brandon Rush, Elyjah Williams, Jahlil Jenkins, Pier-Olivier Racine",240.0,485.0,8.28,95.83333333333334,87.55102040816325,95.83,89.38,53.33,93.75,8.96,27.08,0.0,0.0,12.29,34.17,0.0,9.58,6.04,18.54,21.04,46.46,Fairleigh Dickinson Knights
"Brandon Powell, Callum Baker, Jahlil Jenkins, Joe Munden Jr., John Mikey Square",40.0,83.5,1.39,88.75,87.35632183908046,88.75,95.0,46.25,92.5,11.25,23.75,0.0,0.0,10.0,33.75,0.0,8.75,2.5,17.5,23.75,43.75,Fairleigh Dickinson Knights
"Brandon Powell, Brandon Rush, Elyjah Williams, Jahlil Jenkins, John Mikey Square",124.8,258.0,-1.55,99.6124031007752,101.16279069767442,99.61,101.16,53.1,103.1,11.63,27.91,0.0,0.0,19.38,25.19,0.0,10.47,6.59,16.28,24.81,44.57,Fairleigh Dickinson Knights
"Brandon Rush, Elyjah Williams, Jahlil Jenkins, Joe Munden Jr., Pier-Olivier Racine",120.0,248.0,-3.87,102.05761316872429,105.92885375494072,102.06,110.29,50.21,100.0,16.05,34.16,0.0,0.0,17.28,28.81,0.0,7.82,5.35,17.28,23.87,46.09,Fairleigh Dickinson Knights
"Brandon Powell, Brandon Rush, Elyjah Williams, Jahlil Jenkins, Joe Munden Jr.",85.0,150.0,-7.84,90.13157894736842,97.97297297297297,90.13,95.39,49.34,99.34,8.55,26.32,0.0,0.0,12.5,32.24,0.0,8.55,1.32,13.16,24.34,44.74,Fairleigh Dickinson Knights
"Brandon Rush, Callum Baker, Elyjah Williams, Jahlil Jenkins, Pier-Olivier Racine",40.0,85.5,-11.9,100.0,111.90476190476191,100.0,108.05,57.47,101.15,9.2,29.89,0.0,0.0,12.64,22.99,0.0,12.64,1.15,11.49,21.84,35.63,Fairleigh Dickinson Knights
"Brandon Rush, Callum Baker, Daniel Rodriguez, Jahlil Jenkins, John Mikey Square",39.6,68.5,-17.26,73.91304347826086,91.17647058823529,73.91,89.86,40.58,102.9,5.8,23.19,0.0,0.0,17.39,30.43,0.0,11.59,2.9,14.49,18.84,47.82,Fairleigh Dickinson Knights
"Bryce Moragne, DJ Jones, Jalen Speer, Johnny Brown, Kamron Reaves",40.0,80.5,22.35,91.02564102564102,68.67469879518072,91.03,73.08,50.0,110.26,3.85,17.95,0.0,0.0,29.49,43.59,0.0,5.13,5.13,19.23,23.08,73.08,Florida A&M Rattlers
"Bryce Moragne, DJ Jones, Jalen Speer, Kamron Reaves, MJ Randolph",200.0,381.0,10.22,88.17204301075269,77.94871794871796,88.17,81.72,47.58,92.2,7.26,22.04,0.0,0.0,12.9,36.56,0.0,7.53,1.88,20.7,27.69,49.46,Florida A&M Rattlers
"Bryce Moragne, DJ Jones, Evins Desir, Jalen Speer, Kamron Reaves",39.8,81.5,-6.12,77.21518987341773,83.33333333333334,77.22,88.61,43.04,94.94,6.33,18.99,0.0,0.0,22.78,27.85,0.0,11.39,10.13,27.85,34.18,50.63,Florida A&M Rattlers
"Bryan Greenlee, Everett Winchester, Karlis Silins, Kenan Blackshear, Michael Forrest",280.0,559.0,9.25,90.50179211469535,81.25,90.5,81.54,47.67,95.34,11.29,30.11,0.0,0.0,15.05,36.92,0.0,10.22,2.51,19.71,23.48,51.97,Florida Atlantic Owls
"Bryan Greenlee, Jailyn Ingram, Karlis Silins, Kenan Blackshear, Michael Forrest",284.5,546.5,8.98,97.22222222222221,88.24593128390596,97.22,90.37,49.63,97.59,12.22,32.41,0.0,0.0,17.41,36.48,0.0,5.74,4.07,19.81,24.26,53.89,Florida Atlantic Owls
"Anthony Duruji, Colin Castleton, Noah Locke, Scottie Lewis, Tre Mann",80.0,166.5,15.57,105.45454545454544,89.88095238095238,105.45,91.52,60.0,97.58,7.27,23.03,0.0,0.0,13.94,31.52,0.0,8.48,6.67,16.36,26.67,45.46,Florida Gators
"Anthony Duruji, Noah Locke, Omar Payne, Tre Mann, Tyree Appleby",160.0,324.5,11.61,93.73040752351098,82.12121212121211,93.73,84.95,51.41,95.3,7.21,25.39,0.0,0.0,15.67,35.11,0.0,11.29,7.84,20.38,23.82,50.78,Florida Gators
"Anthony Duruji, Colin Castleton, Noah Locke, Tre Mann, Tyree Appleby",200.0,384.0,7.44,93.19371727748691,85.75129533678756,93.19,86.65,52.62,93.46,7.85,21.47,0.0,0.0,11.52,32.2,0.0,8.64,6.02,18.06,20.68,43.72,Florida Gators
"Anthony Duruji, Colin Castleton, Noah Locke, Samson Ruzhentsev, Tre Mann",40.0,73.0,5.74,93.24324324324324,87.5,93.24,85.14,51.35,95.95,8.11,25.68,0.0,0.0,12.16,39.19,0.0,5.41,2.7,16.22,18.92,51.35,Florida Gators
"Colin Castleton, Noah Locke, Omar Payne, Tre Mann, Tyree Appleby",120.0,231.5,-4.35,90.9090909090909,95.25862068965517,90.91,95.67,47.62,96.54,11.69,31.17,0.0,0.0,15.15,29.87,0.0,8.66,9.52,18.61,23.81,45.02,Florida Gators
"Anthony Duruji, Colin Castleton, Noah Locke, Scottie Lewis, Tyree Appleby",40.0,71.0,-20.63,72.22222222222221,92.85714285714286,72.22,90.28,41.67,90.28,4.17,18.06,0.0,0.0,12.5,27.78,0.0,12.5,4.17,22.22,19.44,40.28,Florida Gators
"Anthony Duruji, Colin Castleton, Scottie Lewis, Tre Mann, Tyree Appleby",40.0,72.5,-23.55,80.55555555555556,104.10958904109589,80.56,105.56,38.89,95.83,12.5,27.78,0.0,0.0,18.06,23.61,0.0,5.56,5.56,22.22,16.67,41.67,Florida Gators
"Caleb Catto, Cyrus Largie, Eli Abaev, Franco Miller Jr., Jalen Warren",80.0,162.0,19.96,93.37349397590361,73.41772151898735,93.37,69.88,50.0,100.6,10.24,33.13,0.0,0.0,13.25,43.98,0.0,9.04,7.23,12.65,14.46,57.23,Florida Gulf Coast Eagles
"Caleb Catto, Cyrus Largie, Dakota Rivers, Eli Abaev, Jalen Warren",160.0,312.5,-3.96,85.20900321543408,89.171974522293,85.21,90.03,44.69,102.25,9.0,37.3,0.0,0.0,17.36,32.8,0.0,6.43,7.07,15.11,21.22,50.16,Florida Gulf Coast Eagles
"Caleb Catto, Cyrus Largie, Eli Abaev, Jalen Warren, Luis Rolon",160.0,327.5,-11.13,83.63636363636363,94.76923076923077,83.64,93.33,43.03,91.82,9.39,30.0,0.0,0.0,11.21,30.0,0.0,8.48,4.55,19.39,21.21,41.21,Florida Gulf Coast Eagles
"Antonio Daye, Dimon Carrigan, Jonathan Nunez, Radshad Davis, Tevin Brewer",39.9,75.0,5.88,109.72222222222223,103.84615384615385,109.72,112.5,51.39,104.17,19.44,36.11,0.0,0.0,15.28,23.61,0.0,6.94,8.33,11.11,22.22,38.89,Florida International Panthers
"Antonio Daye, Dimon Carrigan, Eric Lovett, Radshad Davis, Tevin Brewer",200.0,390.0,1.1,88.88888888888889,87.78625954198473,88.89,89.15,44.7,94.32,11.11,37.98,0.0,0.0,14.21,29.46,0.0,11.11,4.65,19.9,20.41,43.67,Florida International Panthers
"Dimon Carrigan, Eric Lovett, Javaunte Hawkins, Jonathan Nunez, Tevin Brewer",85.0,147.5,-5.73,82.1917808219178,87.91946308724832,82.19,89.73,43.15,101.37,10.27,39.04,0.0,0.0,15.07,30.14,0.0,12.33,4.79,13.7,25.34,45.21,Florida International Panthers
"Antonio Daye, Dimon Carrigan, Eric Lovett, Isaiah Banks, Tevin Brewer",80.0,158.5,-6.35,84.66666666666667,91.01796407185628,84.67,101.33,42.0,93.33,12.0,35.33,0.0,0.0,16.0,34.0,0.0,10.0,2.0,22.67,28.67,50.0,Florida International Panthers
"Anthony Mason, Bernie Andre, Javaunte Hawkins, Jonathan Nunez, Tevin Brewer",39.3,79.5,-8.34,86.8421052631579,95.18072289156626,86.84,103.95,36.84,89.47,15.79,46.05,0.0,0.0,13.16,35.53,0.0,11.84,2.63,23.68,25.0,48.69,Florida International Panthers
"Antonio Daye, Bernie Andre, Dimon Carrigan, Jonathan Nunez, Tevin Brewer",40.0,76.0,-16.81,97.2972972972973,114.1025641025641,97.3,120.27,45.95,93.24,14.86,47.3,0.0,0.0,14.86,31.08,0.0,4.05,1.35,21.62,20.27,45.94,Florida International Panthers
"Dimon Carrigan, Eric Lovett, Isaiah Banks, Radshad Davis, Tevin Brewer",80.0,150.0,-22.6,81.25,103.84615384615385,81.25,112.5,36.11,95.14,13.19,44.44,0.0,0.0,15.28,26.39,0.0,9.03,9.03,20.14,20.83,41.67,Florida International Panthers
"Antonio Daye, Dimon Carrigan, Eric Lovett, Jonathan Nunez, Tevin Brewer",80.0,157.5,-27.47,82.46753246753246,109.93788819875776,82.47,114.94,44.81,91.56,7.14,29.87,0.0,0.0,16.88,22.73,0.0,5.84,7.79,25.32,20.13,39.61,Florida International Panthers
"Antonio Daye, Dimon Carrigan, Jonathan Nunez, Petar Krivokapic, Tevin Brewer",40.0,92.5,-44.42,68.47826086956522,112.90322580645163,68.48,114.13,42.39,89.13,3.26,20.65,0.0,0.0,6.52,22.83,0.0,4.35,2.17,17.39,25.0,29.35,Florida International Panthers
"Harrison Prieto, Justin Lindner, RayQuan Evans, Travis Light, Will Miles",40.0,85.0,36.3,110.71428571428572,74.4186046511628,110.71,76.19,53.57,89.29,15.48,32.14,0.0,0.0,9.52,32.14,0.0,10.71,9.52,20.24,19.05,41.66,Florida State Seminoles
"Anthony Polite, Malik Osborne, RaiQuan Gray, RayQuan Evans, Wyatt Wilkes",40.0,76.5,31.8,120.54794520547945,88.75,120.55,97.26,57.53,104.11,12.33,34.25,0.0,0.0,19.18,42.47,0.0,6.85,10.96,15.07,17.81,61.65,Florida State Seminoles
"Balsa Koprivica, MJ Walker, RaiQuan Gray, RayQuan Evans, Wyatt Wilkes",200.0,398.5,12.54,95.62982005141389,83.08823529411765,95.63,87.15,50.39,99.23,9.0,25.19,0.0,0.0,19.28,32.13,0.0,11.31,6.17,20.05,25.71,51.41,Florida State Seminoles
"MJ Walker, Malik Osborne, RaiQuan Gray, RayQuan Evans, Wyatt Wilkes",125.0,244.0,11.98,102.02429149797571,90.04149377593362,102.02,87.85,57.09,101.62,11.74,25.51,0.0,0.0,12.96,32.79,0.0,7.69,6.07,11.34,19.03,45.75,Florida State Seminoles
"Anthony Polite, Balsa Koprivica, MJ Walker, RaiQuan Gray, RayQuan Evans",200.0,409.0,7.51,99.01477832512316,91.50485436893204,99.01,92.86,54.43,90.64,9.61,21.18,0.0,0.0,11.58,30.79,0.0,8.13,6.4,20.94,23.89,42.37,Florida State Seminoles
"Anthony Polite, Balsa Koprivica, MJ Walker, RaiQuan Gray, Scottie Barnes",80.0,156.5,5.73,91.44736842105263,85.71428571428571,91.45,90.79,46.05,90.13,11.18,32.24,0.0,0.0,9.87,32.24,0.0,9.21,4.61,19.74,25.66,42.11,Florida State Seminoles
"Anthony Holland, Christian Gray, Isaiah Hill, Kyle Harding, Orlando Robinson",80.0,155.0,13.38,99.375,86.0,99.38,80.62,51.25,108.75,12.5,34.38,0.0,0.0,23.75,33.12,0.0,7.5,6.88,15.0,15.0,56.87,Fresno State Bulldogs
"Anthony Holland, Devin Gage, Isaiah Hill, Junior Ballard, Orlando Robinson",79.9,155.5,11.54,100.0,88.46153846153845,100.0,89.03,55.48,95.48,7.1,21.29,0.0,0.0,13.55,36.13,0.0,8.39,7.74,18.06,28.39,49.68,Fresno State Bulldogs
"Anthony Holland, Isaiah Hill, Junior Ballard, Leo Colimerio, Orlando Robinson",45.0,84.5,1.48,75.29411764705883,73.80952380952381,75.29,72.94,38.82,95.29,11.76,35.29,0.0,0.0,15.29,32.94,0.0,12.94,0.0,20.0,25.88,48.23,Fresno State Bulldogs
"Anthony Holland, Deon Stroud, Isaiah Hill, Junior Ballard, Orlando Robinson",480.0,867.0,-3.81,87.88927335640139,91.6955017301038,87.89,91.7,48.56,95.73,9.69,27.34,0.0,0.0,14.76,32.3,0.0,7.96,3.11,19.03,24.45,47.06,Fresno State Bulldogs
"Anthony Holland, Christian Gray, Isaiah Hill, Junior Ballard, Orlando Robinson",40.0,83.5,-17.36,74.68354430379746,92.04545454545455,74.68,102.53,37.97,102.53,7.59,37.97,0.0,0.0,21.52,26.58,0.0,6.33,2.53,18.99,32.91,48.1,Fresno State Bulldogs
"Christian Gray, Deon Stroud, Isaiah Hill, Jordan Campbell, Orlando Robinson",40.0,87.0,-19.91,73.03370786516854,92.94117647058823,73.03,88.76,46.07,89.89,6.74,17.98,0.0,0.0,10.11,28.09,0.0,7.87,0.0,20.22,23.6,38.2,Fresno State Bulldogs
"Christian Gray, Isaiah Hill, Jordan Campbell, Junior Ballard, Orlando Robinson",40.0,73.5,-23.38,69.86301369863014,93.24324324324324,69.86,94.52,39.73,86.3,4.11,17.81,0.0,0.0,8.22,35.62,0.0,8.22,2.74,21.92,21.92,43.84,Fresno State Bulldogs
"Anthony Holland, Christian Gray, Devin Gage, Junior Ballard, Orlando Robinson",40.0,76.0,-26.74,70.66666666666667,97.40259740259741,70.67,100.0,38.67,90.67,5.33,30.67,0.0,0.0,20.0,30.67,0.0,8.0,1.33,29.33,25.33,50.67,Fresno State Bulldogs
"Alex Hunter, Colin Kenney, Garrett Hien, Mike Bothwell, Noah Gurley",40.0,79.5,28.56,88.31168831168831,59.756097560975604,88.31,63.64,44.16,87.01,9.09,29.87,0.0,0.0,10.39,49.35,0.0,7.79,10.39,23.38,19.48,59.74,Furman Paladins
"Alex Hunter, Clay Mounce, Colin Kenney, Mike Bothwell, Noah Gurley",40.0,71.0,15.36,102.85714285714285,87.5,102.86,90.0,48.57,91.43,11.43,38.57,0.0,0.0,7.14,45.71,0.0,8.57,12.86,15.71,18.57,52.85,Furman Paladins
"Alex Hunter, Clay Mounce, Garrett Hien, Mike Bothwell, Noah Gurley",160.0,295.5,13.76,100.34129692832765,86.57718120805369,100.34,88.05,50.17,96.93,13.99,41.98,0.0,0.0,13.31,33.45,0.0,8.53,3.75,16.38,22.18,46.76,Furman Paladins
"Alex Hunter, Clay Mounce, Joe Anderson, Mike Bothwell, Noah Gurley",40.0,72.5,6.91,102.73972602739727,95.83333333333334,102.74,94.52,49.32,91.78,12.33,28.77,0.0,0.0,8.22,39.73,0.0,8.22,5.48,16.44,17.81,47.95,Furman Paladins
"Alex Hunter, Clay Mounce, Jalen Slawson, Mike Bothwell, Noah Gurley",319.9,604.5,3.29,100.66889632107024,97.38134206219313,100.67,99.5,50.67,99.83,11.87,37.63,0.0,0.0,15.22,29.26,0.0,11.87,3.51,15.38,21.57,44.48,Furman Paladins
"Alex Hunter, Clay Mounce, Jaylon Pugh, Mike Bothwell, Noah Gurley",45.0,83.0,-3.83,107.14285714285714,110.97560975609757,107.14,108.33,52.38,97.62,14.29,32.14,0.0,0.0,8.33,29.76,0.0,8.33,1.19,10.71,16.67,38.09,Furman Paladins
"D'Maurian Williams, Jacob Falko, Jaheam Cornwall, Jamaine Mann, Kareem Reid",160.0,265.5,20.5,102.74509803921568,82.2463768115942,102.75,89.02,51.37,100.78,12.55,33.73,0.0,0.0,14.51,36.86,0.0,11.37,7.06,13.73,27.45,51.37,Gardner-Webb Runnin' Bulldogs
"Jacob Falko, Jaheam Cornwall, Jamaine Mann, Jordan Sears, Sammy Itodo",40.0,79.5,20.09,107.59493670886076,87.5,107.59,88.61,60.76,102.53,8.86,22.78,0.0,0.0,12.66,34.18,0.0,2.53,8.86,10.13,25.32,46.84,Gardner-Webb Runnin' Bulldogs
"Jacob Falko, Jaheam Cornwall, Jordan Sears, Kareem Reid, Ludovic Dufeal",280.0,528.5,8.57,100.0,91.43389199255121,100.0,94.42,49.42,98.46,13.85,34.23,0.0,0.0,14.04,30.0,0.0,9.23,7.31,15.58,24.62,44.04,Gardner-Webb Runnin' Bulldogs
"Jacob Falko, Jaheam Cornwall, Jamaine Mann, Jordan Sears, Kareem Reid",200.0,382.0,3.07,89.35064935064935,86.2796833773087,89.35,84.94,49.87,95.58,10.13,30.39,0.0,0.0,11.43,32.47,0.0,8.05,5.45,15.84,23.38,43.9,Gardner-Webb Runnin' Bulldogs
"Anthony Selden, Jacob Falko, Jaheam Cornwall, Kareem Reid, Ludovic Dufeal",80.0,167.0,2.67,87.87878787878788,85.20710059171599,87.88,87.27,44.85,96.36,12.12,33.33,0.0,0.0,10.91,35.15,0.0,6.06,5.45,14.55,25.45,46.06,Gardner-Webb Runnin' Bulldogs
"Anthony Selden, D'Maurian Williams, Jacob Falko, Jaheam Cornwall, Ludovic Dufeal",40.0,68.0,-7.58,92.42424242424242,100.0,92.42,106.06,43.94,86.36,12.12,40.91,0.0,0.0,4.55,43.94,0.0,3.03,9.09,18.18,24.24,48.49,Gardner-Webb Runnin' Bulldogs
"Jacob Falko, Jaheam Cornwall, Kareem Reid, Lance Terry, Ludovic Dufeal",40.0,88.0,-18.29,75.82417582417582,94.11764705882352,75.82,87.91,47.25,105.49,6.59,34.07,0.0,0.0,17.58,31.87,0.0,7.69,4.4,12.09,24.18,49.45,Gardner-Webb Runnin' Bulldogs
"A.J. Wilson, Greg Calixte, Jamal Hartwell II, Javon Greene, Jordan Miller",40.0,72.0,45.86,121.91780821917808,76.05633802816901,121.92,73.97,60.27,106.85,15.07,30.14,0.0,0.0,16.44,39.73,0.0,10.96,5.48,9.59,20.55,56.17,George Mason Patriots
"A.J. Wilson, Javon Greene, Josh Oduro, Tyler Kolek, Xavier Johnson",50.0,107.5,4.94,88.57142857142857,83.63636363636363,88.57,87.62,51.43,99.05,6.67,15.24,0.0,0.0,16.19,35.24,0.0,10.48,7.62,17.14,32.38,51.43,George Mason Patriots
"A.J. Wilson, Jamal Hartwell II, Javon Greene, Jordan Miller, Tyler Kolek",205.0,389.0,4.01,92.09183673469387,88.08290155440415,92.09,86.73,51.02,103.32,8.67,25.77,0.0,0.0,18.11,34.95,0.0,9.95,5.36,14.8,20.15,53.06,George Mason Patriots
"A.J. Wilson, Javon Greene, Jordan Miller, Josh Oduro, Tyler Kolek",290.0,541.0,-2.72,89.75791433891993,92.4770642201835,89.76,93.85,46.18,100.56,8.94,28.12,0.0,0.0,17.69,36.13,0.0,7.64,5.59,17.13,17.88,53.82,George Mason Patriots
"A.J. Wilson, Jordan Miller, Josh Oduro, Tyler Kolek, Xavier Johnson",80.0,143.5,-12.99,86.3013698630137,99.29078014184397,86.3,95.89,45.89,95.21,9.59,26.03,0.0,0.0,13.01,30.14,0.0,7.53,3.42,17.81,19.18,43.15,George Mason Patriots
"Chase Paar, James Bishop IV, Jamison Battle, Lincoln Ball, Ricky Lindo Jr.",40.0,63.5,5.88,78.46153846153847,72.58064516129032,78.46,69.23,40.0,93.85,9.23,41.54,0.0,0.0,7.69,43.08,0.0,12.31,1.54,13.85,10.77,50.77,George Washington Colonials
"Chase Paar, James Bishop IV, Jamison Battle, Lincoln Ball, Matthew Moyer",120.0,223.0,5.47,93.30357142857143,87.83783783783784,93.3,87.05,50.45,100.0,9.38,26.79,0.0,0.0,14.73,35.27,0.0,5.8,4.91,14.73,24.55,50.0,George Washington Colonials
"Chase Paar, James Bishop IV, Lincoln Ball, Matthew Moyer, Ricky Lindo Jr.",40.0,97.5,-6.33,79.38144329896907,85.71428571428571,79.38,86.6,47.42,87.63,6.19,15.46,0.0,0.0,11.34,27.84,0.0,14.43,6.19,23.71,20.62,39.18,George Washington Colonials
"Hunter Dean, James Bishop IV, Jamison Battle, Lincoln Ball, Ricky Lindo Jr.",120.0,210.0,-20.95,84.28571428571429,105.23809523809524,84.29,105.24,47.62,95.71,6.67,20.95,0.0,0.0,12.86,36.19,0.0,7.62,2.86,17.14,17.62,49.05,George Washington Colonials
"Chase Paar, Hunter Dean, James Bishop IV, Jamison Battle, Ricky Lindo Jr.",40.0,75.5,-22.03,76.62337662337663,98.64864864864865,76.62,94.81,42.86,96.1,6.49,19.48,0.0,0.0,7.79,36.36,0.0,5.19,1.3,11.69,19.48,44.15,George Washington Colonials
"Chase Paar, James Bishop IV, Matthew Moyer, Ricky Lindo Jr., Tyler Brelsford",40.0,71.0,-30.46,71.05263157894737,101.51515151515152,71.05,88.16,42.11,93.42,5.26,25.0,0.0,0.0,7.89,27.63,0.0,3.95,2.63,14.47,23.68,35.52,George Washington Colonials
"Chudier Bile, Dante Harris, Donald Carey, Jamorko Pickett, Qudus Wahab",280.0,532.5,4.72,90.65934065934066,85.9344894026975,90.66,81.68,51.47,98.35,9.71,25.46,0.0,0.0,15.57,35.9,0.0,7.88,4.58,17.22,18.86,51.47,Georgetown Hoyas
"Dante Harris, Donald Carey, Jahvon Blair, Jamorko Pickett, Timothy Ighoefe",40.0,71.5,2.82,102.8169014084507,100.0,102.82,101.41,57.75,116.9,8.45,32.39,0.0,0.0,26.76,42.25,0.0,4.23,5.63,9.86,21.13,69.01,Georgetown Hoyas
"Chudier Bile, Dante Harris, Jahvon Blair, Jamorko Pickett, Qudus Wahab",240.0,467.0,-2.93,90.40511727078892,93.33333333333333,90.41,92.54,48.61,92.96,10.87,27.51,0.0,0.0,15.78,31.56,0.0,10.23,4.26,22.81,18.98,47.34,Georgetown Hoyas
"Dante Harris, Donald Carey, Jamorko Pickett, Kobe Clark, Qudus Wahab",40.0,76.0,-3.12,80.0,83.11688311688312,80.0,85.33,41.33,96.0,6.67,32.0,0.0,0.0,18.67,40.0,0.0,9.33,5.33,22.67,20.0,58.67,Georgetown Hoyas
"Dante Harris, Donald Carey, Jahvon Blair, Jamorko Pickett, Qudus Wahab",165.0,341.0,-5.86,88.95522388059702,94.81268011527378,88.96,98.21,47.16,96.42,11.04,25.97,0.0,0.0,14.03,35.52,0.0,7.16,5.37,17.61,21.19,49.55,Georgetown Hoyas
"Donald Carey, Jahvon Blair, Jalen Harris, Jamorko Pickett, Qudus Wahab",40.0,68.5,-14.54,94.02985074626866,108.57142857142857,94.03,113.43,44.78,97.01,10.45,34.33,0.0,0.0,14.93,40.3,0.0,0.0,2.99,17.91,25.37,55.23,Georgetown Hoyas
"Justin Kier, P.J. Horne, Sahvir Wheeler, Toumani Camara, Tye Fagan",685.0,1456.5,-7.2,88.53809196980096,95.74175824175825,88.54,95.68,48.8,94.44,7.82,23.54,0.0,0.0,13.45,27.11,0.0,9.27,2.75,19.01,21.76,40.56,Georgia Bulldogs
"Justin Kier, P.J. Horne, Sahvir Wheeler, Toumani Camara, Ty McMillan",40.0,100.5,-20.47,75.49019607843137,95.95959595959596,75.49,93.14,44.12,99.02,3.92,9.8,0.0,0.0,16.67,20.59,0.0,12.75,2.94,17.65,24.51,37.26,Georgia Bulldogs
"Elijah McCadden, Gedi Juozapaitis, Grant Weatherford, Prince Toyambi, Zack Bryant",40.0,60.5,18.23,110.16949152542372,91.93548387096774,110.17,96.61,52.54,101.69,13.56,30.51,0.0,0.0,23.73,44.07,0.0,5.08,10.17,22.03,22.03,67.8,Georgia Southern Eagles
"Eric Boone, Gedi Juozapaitis, Kamari Brown, Prince Toyambi, Zack Bryant",80.0,154.0,12.16,102.66666666666666,90.50632911392405,102.67,95.33,50.67,99.33,14.67,30.67,0.0,0.0,14.67,29.33,0.0,6.67,4.67,15.33,22.67,44.0,Georgia Southern Eagles
"Andrei Savrasov, Elijah McCadden, Eric Boone, Kaden Archie, Zack Bryant",40.0,70.5,4.84,94.02985074626866,89.1891891891892,94.03,98.51,44.78,94.03,11.94,37.31,0.0,0.0,19.4,32.84,0.0,10.45,4.48,25.37,28.36,52.24,Georgia Southern Eagles
"Elijah McCadden, Gedi Juozapaitis, Kamari Brown, Prince Toyambi, Zack Bryant",125.0,225.0,0.61,86.7579908675799,86.14718614718615,86.76,90.87,43.38,98.63,11.42,36.53,0.0,0.0,15.53,40.64,0.0,7.76,5.94,16.89,22.37,56.17,Georgia Southern Eagles
"Elijah McCadden, Eric Boone, Gedi Juozapaitis, Kamari Brown, Prince Toyambi",335.0,622.0,-4.18,83.41463414634146,87.5993640699523,83.41,89.59,42.76,96.1,10.89,33.17,0.0,0.0,16.91,31.38,0.0,10.73,5.69,20.81,21.79,48.29,Georgia Southern Eagles
"Elijah McCadden, Eric Boone, Mackenzie McFatten, Prince Toyambi, Zack Bryant",40.0,74.0,-28.53,84.28571428571429,112.82051282051282,84.29,125.71,40.0,95.71,14.29,52.86,0.0,0.0,15.71,18.57,0.0,14.29,2.86,20.0,28.57,34.28,Georgia Southern Eagles
"Corey Allen, Eliel Nsoseme, Jalen Thomas, Justin Roberts, Kane Williams",440.0,844.0,5.12,98.22695035460993,93.11163895486936,98.23,92.67,53.31,102.48,9.46,26.71,0.0,0.0,17.73,33.22,0.0,7.57,5.44,15.25,19.03,50.95,Georgia State Panthers
"Collin Moore, Corey Allen, Jalen Thomas, Justin Roberts, Ryan Boyce",80.0,151.5,0.46,95.94594594594594,95.48387096774194,95.95,100.0,49.32,99.32,8.78,27.7,0.0,0.0,20.95,31.76,0.0,10.81,4.05,21.62,20.27,52.71,Georgia State Panthers
"Corey Allen, Jalen Thomas, Justin Roberts, Kane Williams, Ryan Boyce",80.0,171.5,-1.85,81.28654970760235,83.13953488372093,81.29,83.63,46.78,95.32,7.02,25.73,0.0,0.0,9.36,30.99,0.0,8.77,4.68,14.04,26.32,40.35,Georgia State Panthers
"Jordan Usher, Jose Alvarado, Khalid Moore, Michael Devoe, Moses Wright",405.0,767.5,9.74,97.25848563968668,87.51625487646294,97.26,87.86,52.74,99.35,8.75,27.02,0.0,0.0,13.84,28.98,0.0,12.53,4.7,14.49,20.37,42.82,Georgia Tech Yellow Jackets
"Bubba Parham, Jordan Usher, Jose Alvarado, Michael Devoe, Moses Wright",315.8,557.0,2.84,97.47747747747748,94.63327370304114,97.48,95.32,48.83,92.61,11.35,29.55,0.0,0.0,7.21,28.47,0.0,12.43,5.41,14.59,20.18,35.68,Georgia Tech Yellow Jackets
"Anton Watson, Corey Kispert, Drew Timme, Jalen Suggs, Joel Ayayi",360.0,762.0,23.94,103.83141762452108,79.89203778677462,103.83,75.61,58.24,96.3,7.92,22.35,0.0,0.0,10.6,34.36,0.0,8.68,3.83,14.3,19.67,44.96,Gonzaga Bulldogs
"Andrew Nembhard, Corey Kispert, Drew Timme, Jalen Suggs, Joel Ayayi",280.0,581.5,21.46,105.35117056856187,83.89380530973452,105.35,79.26,57.02,95.99,8.86,22.91,0.0,0.0,10.54,34.28,0.0,9.53,3.01,14.55,17.89,44.82,Gonzaga Bulldogs
"Aaron Cook, Corey Kispert, Drew Timme, Jalen Suggs, Joel Ayayi",40.0,84.0,9.29,96.62921348314607,87.34177215189874,96.63,77.53,55.06,89.89,10.11,19.1,0.0,0.0,2.25,21.35,0.0,10.11,1.12,12.36,20.22,23.6,Gonzaga Bulldogs
"Cameron Christon, Prince Moss, Sarion McGee, Terreon Randolph, Trevell Cunningham",40.0,80.0,21.25,82.5,61.25000000000001,82.5,61.25,42.5,88.75,8.75,20.0,0.0,0.0,13.75,38.75,0.0,16.25,7.5,25.0,20.0,52.5,Grambling Tigers
"Cameron Christon, Sarion McGee, Terreon Randolph, Trevell Cunningham, Zahad Munford",39.2,76.0,11.55,94.66666666666667,83.11688311688312,94.67,85.33,49.33,90.67,8.0,14.67,0.0,0.0,10.67,38.67,0.0,18.67,1.33,20.0,20.0,49.34,Grambling Tigers
"Cameron Christon, Prince Moss, Terreon Randolph, Tra'Michael Moton, Zahad Munford",125.0,249.0,10.65,93.00411522633745,82.35294117647058,93.0,86.42,51.03,97.53,8.23,20.16,0.0,0.0,18.52,35.8,0.0,10.7,4.12,20.99,25.51,54.32,Grambling Tigers
"Cameron Christon, Peyton Taylor, Sarion McGee, Terreon Randolph, Trevell Cunningham",80.0,167.5,7.94,94.0828402366864,86.14457831325302,94.08,84.62,53.25,101.18,8.28,21.3,0.0,0.0,18.34,35.5,0.0,12.43,4.14,17.16,20.12,53.84,Grambling Tigers
"Cameron Christon, Kelton Edwards, Prince Moss, Terreon Randolph, Trevell Cunningham",40.0,82.5,-2.6,90.9090909090909,93.5064935064935,90.91,81.82,55.68,103.41,9.09,28.41,0.0,0.0,13.64,25.0,0.0,14.77,2.27,10.23,17.05,38.64,Grambling Tigers
"Cameron Christon, Prince Moss, Sarion McGee, Terreon Randolph, Tra'Michael Moton",40.0,78.5,-4.82,71.42857142857143,76.25,71.43,79.22,41.56,102.6,3.9,22.08,0.0,0.0,20.78,36.36,0.0,16.88,3.9,18.18,22.08,57.14,Grambling Tigers
"Cameron Christon, Sarion McGee, Terreon Randolph, Tra'Michael Moton, Zahad Munford",40.0,85.5,-7.41,82.95454545454545,90.36144578313254,82.95,85.23,52.27,96.59,4.55,17.05,0.0,0.0,9.09,25.0,0.0,10.23,1.14,12.5,19.32,34.09,Grambling Tigers
"Cameron Christon, Sarion McGee, Terreon Randolph, Tra'Michael Moton, Trevell Cunningham",40.0,80.5,-7.8,71.95121951219512,79.74683544303798,71.95,76.83,42.68,90.24,4.88,18.29,0.0,0.0,12.2,39.02,0.0,7.32,1.22,21.95,25.61,51.22,Grambling Tigers
"Cameron Christon, Kelton Edwards, Prince Moss, Sarion McGee, Trevell Cunningham",120.0,237.0,-8.3,79.83193277310924,88.13559322033898,79.83,87.39,48.32,100.0,3.78,15.55,0.0,0.0,21.01,31.51,0.0,7.98,3.36,21.01,23.11,52.52,Grambling Tigers
"Alessandro Lever, Asbjorn Midtgaard, Jovan Blacksher Jr., Mikey Dixon, Oscar Frayer",480.0,886.5,13.23,95.06726457399103,81.83881952326901,95.07,80.83,51.68,99.33,9.3,27.69,0.0,0.0,16.82,38.34,0.0,5.94,3.25,17.49,23.99,55.16,Grand Canyon Lopes
"Amari Davis, Emmanuel Ansong, Josh Jefferson, Lucas Stieber, Terrance Thompson",45.0,82.0,4.88,102.4390243902439,97.5609756097561,102.44,97.56,58.54,104.88,10.98,34.15,0.0,0.0,17.07,28.05,0.0,4.88,4.88,12.2,24.39,45.12,Green Bay Phoenix
"Amari Davis, Lucas Stieber, PJ Pipes, Ryan Claflin, Terrance Thompson",405.0,769.5,3.91,98.80794701986756,94.89795918367348,98.81,98.54,51.13,97.09,11.26,29.4,0.0,0.0,13.64,28.61,0.0,8.74,4.11,16.56,21.59,42.25,Green Bay Phoenix
"Amari Davis, Emmanuel Ansong, Japannah Kellogg III, Lucas Stieber, PJ Pipes",90.0,156.0,-0.51,96.22641509433963,96.73202614379085,96.23,93.08,55.35,103.14,3.77,16.98,0.0,0.0,11.32,38.36,0.0,5.66,7.55,8.18,16.35,49.68,Green Bay Phoenix
"Amari Davis, Emmanuel Ansong, Lucas Stieber, PJ Pipes, Terrance Thompson",80.0,159.5,-4.22,92.5925925925926,96.81528662420382,92.59,93.83,58.02,99.38,3.7,19.14,0.0,0.0,9.88,32.1,0.0,5.56,7.41,10.49,20.37,41.98,Green Bay Phoenix
"Amari Davis, Japannah Kellogg III, Josh Jefferson, Lucas Stieber, PJ Pipes",40.0,69.0,-4.35,84.05797101449275,88.40579710144928,84.06,88.41,44.93,107.25,5.8,23.19,0.0,0.0,15.94,39.13,0.0,11.59,8.7,8.7,15.94,55.07,Green Bay Phoenix
"Emmanuel Ansong, Lucas Stieber, PJ Pipes, Ryan Claflin, Terrance Thompson",40.0,83.5,-4.85,92.7710843373494,97.61904761904762,92.77,98.8,53.01,102.41,9.64,26.51,0.0,0.0,10.84,25.3,0.0,1.2,2.41,8.43,30.12,36.14,Green Bay Phoenix
"Amari Davis, Japannah Kellogg III, Josh Jefferson, PJ Pipes, Paris Taylor",40.0,76.5,-9.89,83.78378378378379,93.67088607594937,83.78,100.0,43.24,95.95,12.16,32.43,0.0,0.0,8.11,32.43,0.0,6.76,1.35,12.16,24.32,40.54,Green Bay Phoenix
"Amari Davis, Emmanuel Ansong, Josh Jefferson, PJ Pipes, Terrance Thompson",40.0,66.0,-13.62,92.53731343283582,106.15384615384616,92.54,102.99,49.25,100.0,8.96,25.37,0.0,0.0,11.94,31.34,0.0,1.49,4.48,11.94,14.93,43.28,Green Bay Phoenix
"Amari Davis, Japannah Kellogg III, Lucas Stieber, PJ Pipes, Paris Taylor",40.0,72.5,-15.89,74.64788732394366,90.54054054054053,74.65,94.37,36.62,94.37,5.63,18.31,0.0,0.0,9.86,36.62,0.0,12.68,7.04,15.49,16.9,46.48,Green Bay Phoenix
"Chris Shelton, Dajour Dickens, Davion Warren, Edward Oliver-Hampton, Russell Dean",40.0,78.0,9.38,82.71604938271605,73.33333333333333,82.72,67.9,49.38,100.0,4.94,19.75,0.0,0.0,18.52,41.98,0.0,16.05,7.41,18.52,13.58,60.5,Hampton Pirates
"Chris Shelton, Dajour Dickens, Daniel Banister, Davion Warren, Russell Dean",119.4,238.5,0.43,92.67241379310344,92.24489795918367,92.67,97.41,46.12,93.1,12.07,28.45,0.0,0.0,9.91,35.34,0.0,6.03,9.48,16.81,21.12,45.25,Hampton Pirates
"Chris Shelton, Dajour Dickens, Davion Warren, Marquis Godwin, Russell Dean",559.2,1088.0,-4.8,88.47583643122677,93.27272727272728,88.48,95.35,47.68,92.84,9.57,28.62,0.0,0.0,8.74,33.09,0.0,6.97,7.06,15.89,21.65,41.83,Hampton Pirates
"Austin Williams, D.J. Mitchell, Hunter Marks, Miroslav Stafl, Traci Carter",560.0,1012.5,5.98,93.00492610837439,87.02970297029702,93.0,86.6,49.16,94.98,9.95,31.23,0.0,0.0,12.61,34.98,0.0,9.16,3.25,17.64,23.55,47.59,Hartford Hawks
"Austin Williams, Hunter Marks, Moses Flowers, Thomas Webley, Traci Carter",160.0,295.5,1.75,83.1081081081081,81.35593220338984,83.11,81.08,43.24,91.55,12.5,32.43,0.0,0.0,12.5,33.78,0.0,9.46,2.03,20.95,23.99,46.28,Hartford Hawks
"Casdon Jardine, JoVon McClanahan, Justin Webster, Mate Colina, Noel Coleman",120.0,212.0,10.47,95.30516431924883,84.83412322274881,95.31,84.04,51.17,93.9,10.33,25.82,0.0,0.0,12.21,37.56,0.0,4.69,2.35,18.31,24.88,49.77,Hawai'i Rainbow Warriors
"Biwali Bayles, Casdon Jardine, JoVon McClanahan, Justin Webster, Mate Colina",40.0,65.5,5.01,74.24242424242425,69.23076923076923,74.24,68.18,37.88,89.39,7.58,31.82,0.0,0.0,7.58,40.91,0.0,12.12,1.52,18.18,22.73,48.49,Hawai'i Rainbow Warriors
"Casdon Jardine, James Jean-Marie, JoVon McClanahan, Junior Madut, Justin Webster",45.0,74.5,3.09,75.9493670886076,72.85714285714285,75.95,64.56,43.04,87.34,8.86,22.78,0.0,0.0,12.66,32.91,0.0,13.92,1.27,25.32,21.52,45.57,Hawai'i Rainbow Warriors
"Biwali Bayles, Casdon Jardine, James Jean-Marie, Junior Madut, Justin Webster",320.0,584.0,-0.61,94.5578231292517,95.17241379310344,94.56,93.88,49.49,99.66,10.71,31.29,0.0,0.0,17.18,34.69,0.0,6.63,2.04,17.52,21.26,51.87,Hawai'i Rainbow Warriors
"Casdon Jardine, James Jean-Marie, Junior Madut, Justin Webster, Noel Coleman",120.0,233.0,-4.26,86.36363636363636,90.625,86.36,83.88,47.52,96.69,8.68,28.93,0.0,0.0,12.4,28.93,0.0,6.2,1.24,15.7,20.66,41.33,Hawai'i Rainbow Warriors
"Casdon Jardine, JoVon McClanahan, Junior Madut, Justin Webster, Mate Colina",45.0,87.5,-8.99,81.81818181818183,90.80459770114942,81.82,89.77,47.73,85.23,9.09,19.32,0.0,0.0,5.68,23.86,0.0,7.95,4.55,20.45,25.0,29.54,Hawai'i Rainbow Warriors
"Biwali Bayles, Casdon Jardine, James Jean-Marie, Junior Madut, Noel Coleman",44.7,83.0,-18.05,90.58823529411765,108.64197530864197,90.59,103.53,44.71,97.65,14.12,32.94,0.0,0.0,15.29,36.47,0.0,4.71,1.18,17.65,17.65,51.76,Hawai'i Rainbow Warriors
"Ahmil Flowers, Bryant Randleman, Caden Sanchez, Denny Slay II, Lydell Elmore",80.0,140.5,2.0,81.42857142857143,79.43262411347519,81.43,80.0,45.0,93.57,8.57,25.71,0.0,0.0,10.71,36.43,0.0,6.43,7.14,17.14,22.86,47.14,High Point Panthers
"Ahmil Flowers, Alex Holt, Bryant Randleman, John-Michael Wright, Lydell Elmore",399.6,762.5,-5.73,84.97409326424871,90.70385126162019,84.97,88.47,50.0,106.35,5.05,21.37,0.0,0.0,19.82,31.35,0.0,8.68,4.15,13.47,22.93,51.17,High Point Panthers
"Ahmil Flowers, Alex Holt, Denny Slay II, John-Michael Wright, Lydell Elmore",40.0,76.0,-5.89,85.13513513513513,91.02564102564102,85.14,95.95,43.24,101.35,6.76,14.86,0.0,0.0,21.62,37.84,0.0,13.51,9.46,20.27,22.97,59.46,High Point Panthers
"Ahmil Flowers, Bryant Randleman, Emmanuel Izunabor, John-Michael Wright, Lydell Elmore",160.0,296.0,-12.03,80.06644518272425,92.09621993127148,80.07,89.04,47.18,93.69,6.64,22.26,0.0,0.0,13.95,26.91,0.0,8.97,6.64,20.27,24.92,40.86,High Point Panthers
"Ahmil Flowers, Bryson Childress, Emmanuel Izunabor, John-Michael Wright, Lydell Elmore",84.8,166.5,-15.47,88.8235294117647,104.29447852760735,88.82,100.0,50.59,100.0,4.12,18.82,0.0,0.0,18.24,27.65,0.0,10.0,1.76,18.24,18.82,45.89,High Point Panthers
"Caleb Burgess, Isaac Kante, Jalen Ray, Kvonn Cramer, Vukasin Masic",80.0,150.0,4.19,111.03896103896105,106.84931506849315,111.04,101.3,62.34,103.9,7.79,25.97,0.0,0.0,16.23,31.82,0.0,5.84,2.6,12.34,20.13,48.05,Hofstra Pride
"Caleb Burgess, Isaac Kante, Jalen Ray, Kvonn Cramer, Tareq Coburn",440.0,809.0,-2.13,96.27329192546584,98.4009840098401,96.27,99.38,49.94,101.61,11.55,30.81,0.0,0.0,17.76,31.18,0.0,8.7,4.84,16.15,21.61,48.94,Hofstra Pride
"Austin Butler, Judson Martindale, Matt Faw, R.J. Johnson, Ryan Wade",80.0,148.5,22.62,105.51724137931035,82.89473684210526,105.52,86.9,50.34,91.72,13.79,33.1,0.0,0.0,5.52,33.79,0.0,14.48,3.45,13.79,24.83,39.31,Holy Cross Crusaders
"Austin Butler, Gerrale Gates, Matt Faw, R.J. Johnson, Ryan Wade",160.0,298.5,-2.4,96.27118644067797,98.67549668874173,96.27,101.02,51.86,100.34,10.85,26.78,0.0,0.0,16.95,27.12,0.0,7.8,3.73,16.61,26.44,44.07,Holy Cross Crusaders
"Austin Butler, Gerrale Gates, Judson Martindale, Matt Faw, R.J. Johnson",240.0,472.0,-9.86,91.18279569892474,101.0438413361169,91.18,104.09,47.74,97.2,8.82,24.95,0.0,0.0,16.34,32.04,0.0,9.03,5.38,19.14,24.95,48.38,Holy Cross Crusaders
"Austin Butler, Bo Montgomery, Gerrale Gates, Matt Faw, R.J. Johnson",164.7,320.0,-10.81,84.85804416403786,95.6656346749226,84.86,97.48,46.69,100.0,5.68,21.77,0.0,0.0,15.77,32.18,0.0,7.26,6.31,15.77,24.61,47.95,Holy Cross Crusaders
"Hunter Janacek, Myles Pierre, Pedro Castro, Philip McKenzie, Zach Iyeyemi",45.0,99.5,5.06,99.0,93.93939393939394,99.0,93.0,55.0,102.0,12.0,32.0,0.0,0.0,16.0,34.0,0.0,6.0,2.0,14.0,19.0,50.0,Houston Christian Huskies
"Brycen Long, Hunter Janacek, Jade Tse, Pedro Castro, Zach Iyeyemi",440.0,892.0,-4.48,88.2750845546787,92.7536231884058,88.28,93.8,47.91,96.39,8.57,27.62,0.0,0.0,15.67,31.91,0.0,9.24,3.83,19.28,21.08,47.58,Houston Christian Huskies
"Hunter Janacek, Myles Pierre, Pedro Castro, Za-Ontay Boothman, Zach Iyeyemi",120.0,237.0,-8.29,87.02928870292888,95.31914893617022,87.03,93.72,45.61,87.45,10.04,29.71,0.0,0.0,10.46,26.78,0.0,10.46,6.69,23.01,26.36,37.24,Houston Christian Huskies
"Jade Tse, Pedro Castro, Philip McKenzie, Ryan Gomes, Ty Dalton",40.0,83.5,-29.92,83.33333333333334,113.25301204819279,83.33,111.9,41.67,92.86,13.1,39.29,0.0,0.0,13.1,27.38,0.0,4.76,2.38,20.24,20.24,40.48,Houston Christian Huskies
"Brycen Long, Jade Tse, Jason Thompson, Pedro Castro, Zach Iyeyemi",40.0,86.0,-33.72,68.6046511627907,102.32558139534885,68.6,102.33,40.7,91.86,4.65,24.42,0.0,0.0,20.93,29.07,0.0,16.28,6.98,29.07,19.77,50.0,Houston Christian Huskies
"DeJon Jarreau, Justin Gorham, Marcus Sasser, Quentin Grimes, Reggie Chaney",200.0,370.0,43.68,119.00826446280992,75.3315649867374,119.01,78.24,60.33,104.96,14.88,36.36,0.0,0.0,15.98,39.67,0.0,9.09,8.26,11.02,25.07,55.65,Houston Cougars
"Brison Gresham, DeJon Jarreau, Justin Gorham, Quentin Grimes, Tramon Mark",40.0,76.0,40.82,104.10958904109589,63.29113924050633,104.11,68.49,52.05,100.0,13.7,35.62,0.0,0.0,24.66,38.36,0.0,12.33,10.96,24.66,31.51,63.02,Houston Cougars
"Brison Gresham, DeJon Jarreau, Justin Gorham, Marcus Sasser, Tramon Mark",40.0,72.0,37.49,118.57142857142857,81.08108108108108,118.57,85.71,55.71,108.57,18.57,45.71,0.0,0.0,22.86,38.57,0.0,8.57,7.14,14.29,22.86,61.43,Houston Cougars
"Brison Gresham, DeJon Jarreau, Justin Gorham, Marcus Sasser, Quentin Grimes",520.0,978.0,14.6,94.57523029682702,79.97957099080695,94.58,80.14,50.77,105.02,11.36,33.98,0.0,0.0,19.65,33.67,0.0,9.72,4.61,14.64,24.97,53.32,Houston Cougars
"Bakari LaStrap, Elyjah Goss, Marcus Burk, Mike DePersia, Nathan McClure",40.0,84.0,0.37,84.70588235294117,84.33734939759037,84.71,82.35,45.88,87.06,9.41,20.0,0.0,0.0,9.41,31.76,0.0,12.94,2.35,22.35,22.35,41.17,IUPUI Jaguars
"Dimitar Pandev, Elyjah Goss, Jaylen Minnett, Marcus Burk, Mike DePersia",40.0,76.5,-2.84,81.57894736842105,84.4155844155844,81.58,85.53,43.42,98.68,5.26,27.63,0.0,0.0,22.37,26.32,0.0,9.21,2.63,23.68,25.0,48.69,IUPUI Jaguars
"Elyjah Goss, Jaylen Minnett, Marcus Burk, Mike DePersia, Nathan McClure",400.0,814.0,-3.18,91.33663366336634,94.51219512195121,91.34,95.92,49.88,98.76,10.4,29.33,0.0,0.0,14.11,30.45,0.0,7.8,2.72,15.35,24.88,44.56,IUPUI Jaguars
"Bobby Harvey, Elyjah Goss, Jaylen Minnett, Marcus Burk, Mike DePersia",40.0,80.5,-8.9,78.75,87.65432098765432,78.75,88.75,38.75,83.75,12.5,31.25,0.0,0.0,2.5,32.5,0.0,7.5,2.5,18.75,25.0,35.0,IUPUI Jaguars
"Bobby Harvey, Dimitar Pandev, Elyjah Goss, Marcus Burk, Mike DePersia",40.0,75.5,-12.3,65.33333333333333,77.63157894736842,65.33,78.67,33.33,80.0,6.67,32.0,0.0,0.0,9.33,29.33,0.0,20.0,2.67,29.33,20.0,38.66,IUPUI Jaguars
"Azariah Seay, Bobby Harvey, Elyjah Goss, Marcus Burk, Mike DePersia",40.0,87.5,-24.22,81.3953488372093,105.61797752808988,81.4,109.3,43.02,91.86,9.3,31.4,0.0,0.0,6.98,31.4,0.0,5.81,0.0,15.12,23.26,38.38,IUPUI Jaguars
"Azariah Seay, Elyjah Goss, Jaylen Minnett, Mike DePersia, Nathan McClure",40.0,80.0,-32.52,83.33333333333334,115.85365853658536,83.33,121.79,42.31,102.56,7.69,32.05,0.0,0.0,15.38,28.21,0.0,5.13,2.56,12.82,23.08,43.59,IUPUI Jaguars
"Austin Smellie, Brayden Parker, Daxton Carr, Robert Ford III, Tarik Cool",569.6,1016.5,1.34,87.58620689655172,86.2475442043222,87.59,86.5,49.85,98.62,8.08,26.9,0.0,0.0,17.93,34.78,0.0,6.31,4.53,19.31,26.5,52.71,Idaho State Bengals
"Chance Garvin, Damen Thacker, DeAndre Robinson, Ja'Vary Christmas, Scott Blakney",40.0,76.5,-0.86,86.48648648648648,87.34177215189874,86.49,93.24,44.59,85.14,8.11,21.62,0.0,0.0,8.11,37.84,0.0,5.41,1.35,22.97,24.32,45.95,Idaho Vandals
"Damen Thacker, DeAndre Robinson, Gabe Quinnett, Ja'Vary Christmas, Scott Blakney",165.0,314.5,-7.61,92.07920792079209,99.69325153374233,92.08,107.26,50.5,89.77,6.93,20.46,0.0,0.0,8.91,33.0,0.0,6.93,4.29,19.14,27.39,41.91,Idaho Vandals
"Babacar Thiombane, Gabe Quinnett, Hunter-Jack Madden, Ja'Vary Christmas, Tanner Christensen",45.0,71.5,-9.59,80.55555555555556,90.14084507042254,80.56,88.89,44.44,98.61,9.72,19.44,0.0,0.0,19.44,26.39,0.0,4.17,4.17,20.83,31.94,45.83,Idaho Vandals
"Chance Garvin, Damen Thacker, Gabe Quinnett, Ja'Vary Christmas, Scott Blakney",40.0,69.0,-11.72,89.70588235294117,101.42857142857142,89.71,104.41,52.94,86.76,5.88,14.71,0.0,0.0,10.29,23.53,0.0,10.29,1.47,23.53,30.88,33.82,Idaho Vandals
"Damen Thacker, DeAndre Robinson, Gabe Quinnett, Hunter-Jack Madden, Scott Blakney",40.0,77.5,-17.97,83.33333333333334,101.29870129870129,83.33,100.0,43.59,92.31,8.97,28.21,0.0,0.0,11.54,37.18,0.0,0.0,2.56,19.23,26.92,48.72,Idaho Vandals
"Babacar Thiombane, Gabe Quinnett, Hunter-Jack Madden, Ja'Vary Christmas, Scott Blakney",40.0,81.5,-18.99,81.0126582278481,100.0,81.01,106.33,48.1,77.22,6.33,16.46,0.0,0.0,10.13,32.91,0.0,6.33,0.0,32.91,30.38,43.04,Idaho Vandals
"DeAndre Robinson, Gabe Quinnett, Hunter-Jack Madden, Ja'Vary Christmas, Scott Blakney",80.0,147.0,-22.41,75.49668874172185,97.9020979020979,75.5,92.72,44.37,86.75,7.28,22.52,0.0,0.0,7.95,28.48,0.0,6.62,2.65,21.19,23.18,36.43,Idaho Vandals
"Babacar Thiombane, Damen Thacker, Gabe Quinnett, Ja'Vary Christmas, Tanner Christensen",80.0,154.0,-22.73,87.66233766233766,110.3896103896104,87.66,110.39,45.45,94.16,9.74,22.73,0.0,0.0,13.64,26.62,0.0,6.49,0.65,19.48,23.38,40.26,Idaho Vandals
"Babacar Thiombane, Chance Garvin, Damen Thacker, Gabe Quinnett, Scott Blakney",80.0,146.5,-26.54,74.82993197278913,101.36986301369863,74.83,100.68,40.82,84.35,6.8,18.37,0.0,0.0,8.16,27.89,0.0,6.12,2.72,23.81,20.41,36.05,Idaho Vandals
"Babacar Thiombane, Damen Thacker, Gabe Quinnett, Ja'Vary Christmas, Scott Blakney",119.1,234.0,-27.01,76.82403433476395,103.82978723404254,76.82,104.72,44.21,90.13,3.86,20.17,0.0,0.0,10.3,32.19,0.0,6.87,3.0,20.17,20.6,42.49,Idaho Vandals
"Ethan Kilgore, Gabe Quinnett, Hunter-Jack Madden, Ja'Vary Christmas, Scott Blakney",39.6,70.0,-32.6,63.23529411764706,95.83333333333334,63.24,101.47,32.35,89.71,4.41,14.71,0.0,0.0,10.29,36.76,0.0,8.82,1.47,20.59,22.06,47.05,Idaho Vandals
"Adam Miller, Da'Monte Williams, Jacob Grandison, Kofi Cockburn, Trent Frazier",80.0,163.0,14.11,90.36144578313254,76.25,90.36,73.49,50.6,92.17,6.63,13.25,0.0,0.0,11.45,39.76,0.0,6.02,3.01,19.28,23.49,51.21,Illinois Fighting Illini
"Adam Miller, Ayo Dosunmu, Da'Monte Williams, Kofi Cockburn, Trent Frazier",320.0,645.0,12.05,98.28926905132192,86.24420401854714,98.29,86.78,53.19,97.82,9.33,24.57,0.0,0.0,12.6,35.93,0.0,6.07,2.95,14.77,22.08,48.53,Illinois Fighting Illini
"Adam Miller, Da'Monte Williams, Kofi Cockburn, Trent Frazier, Zach Griffith",40.0,90.0,11.46,90.10989010989012,78.65168539325843,90.11,76.92,54.95,96.7,4.4,25.27,0.0,0.0,13.19,34.07,0.0,8.79,2.2,16.48,21.98,47.26,Illinois Fighting Illini
"Adam Miller, Ayo Dosunmu, Jacob Grandison, Kofi Cockburn, Trent Frazier",495.0,995.0,8.22,94.75247524752474,86.53061224489797,94.75,83.96,53.76,99.01,7.43,21.29,0.0,0.0,13.86,33.76,0.0,7.52,3.66,14.85,21.09,47.62,Illinois Fighting Illini
"Abdou Ndiaye, Antonio Reeves, DJ Horne, Emon Washington, Howard Fleming Jr.",160.0,288.0,2.4,90.45936395759718,88.05460750853243,90.46,91.17,44.88,98.94,10.95,35.69,0.0,0.0,15.19,40.64,0.0,7.77,4.59,16.25,24.38,55.83,Illinois State Redbirds
"Antonio Reeves, Dusan Mahorcic, Emon Washington, Howard Fleming Jr., Josiah Strong",130.0,243.5,0.32,95.850622406639,95.52845528455285,95.85,97.51,51.45,91.29,9.54,32.78,0.0,0.0,9.96,33.61,0.0,7.47,2.49,18.67,22.82,43.57,Illinois State Redbirds
"Antonio Reeves, DJ Horne, Dusan Mahorcic, Howard Fleming Jr., Josiah Strong",40.0,72.5,-1.64,92.95774647887323,94.5945945945946,92.96,98.59,47.89,101.41,9.86,23.94,0.0,0.0,16.9,35.21,0.0,9.86,5.63,15.49,19.72,52.11,Illinois State Redbirds
"Antonio Reeves, DJ Horne, Dusan Mahorcic, Harouna Sissoko, Josiah Strong",240.0,431.5,-5.51,87.89954337899543,93.41176470588235,87.9,90.64,44.75,94.98,9.82,24.89,0.0,0.0,11.64,35.39,0.0,8.68,4.11,16.67,17.81,47.03,Illinois State Redbirds
"Antonio Reeves, DJ Horne, Dusan Mahorcic, Emon Washington, Howard Fleming Jr.",125.0,236.5,-18.92,82.35294117647058,101.27659574468085,82.35,100.0,43.28,91.6,7.98,29.83,0.0,0.0,12.18,31.51,0.0,9.66,4.62,20.59,17.23,43.69,Illinois State Redbirds
"Alston Andrews, DJ Horne, Harouna Sissoko, Howard Fleming Jr., Josiah Strong",40.0,70.0,-35.72,82.08955223880598,117.8082191780822,82.09,128.36,37.31,86.57,11.94,34.33,0.0,0.0,11.94,26.87,0.0,4.48,4.48,25.37,23.88,38.81,Illinois State Redbirds
"Antonio Reeves, Dusan Mahorcic, Harouna Sissoko, Howard Fleming Jr., Josiah Strong",40.0,76.5,-40.5,77.92207792207793,118.42105263157893,77.92,116.88,38.96,85.71,10.39,24.68,0.0,0.0,6.49,22.08,0.0,5.19,1.3,20.78,20.78,28.57,Illinois State Redbirds
"Brandon Swaby, Des Balentine, Godsgift Ezedinma, Keaston Willis, Logan Bracamonte",360.0,639.0,0.29,91.77215189873418,91.48606811145511,91.77,93.51,46.84,94.62,13.13,31.33,0.0,0.0,12.82,32.28,0.0,8.07,1.27,18.2,24.37,45.1,Incarnate Word Cardinals
"Brandon Swaby, Des Balentine, Drew Lutz, Godsgift Ezedinma, Keaston Willis",40.0,79.5,-9.25,88.31168831168831,97.5609756097561,88.31,103.9,49.35,102.6,6.49,28.57,0.0,0.0,19.48,31.17,0.0,5.19,1.3,16.88,32.47,50.65,Incarnate Word Cardinals
"Bradley Akhile, Brandon Swaby, Des Balentine, Keaston Willis, Marcus Larsson",80.0,156.0,-11.38,87.9746835443038,99.35064935064936,87.97,96.84,47.47,91.77,10.13,25.32,0.0,0.0,12.66,25.95,0.0,7.59,1.9,20.89,23.42,38.61,Incarnate Word Cardinals
"Derek Van Vlerah, Des Balentine, Drew Lutz, Keaston Willis, Logan Bracamonte",40.0,72.5,-13.52,89.33333333333333,102.85714285714285,89.33,96.0,49.33,97.33,8.0,28.0,0.0,0.0,10.67,32.0,0.0,4.0,4.0,13.33,21.33,42.67,Incarnate Word Cardinals
"Brandon Swaby, Charlie Yoder, Des Balentine, Josh Morgan, Marcus Larsson",40.0,84.0,-21.32,84.70588235294117,106.02409638554218,84.71,103.53,52.94,100.0,5.88,27.06,0.0,0.0,16.47,24.71,0.0,7.06,2.35,16.47,25.88,41.18,Incarnate Word Cardinals
"Bradley Akhile, Des Balentine, Drew Lutz, Godsgift Ezedinma, Logan Bracamonte",40.0,79.5,-30.3,75.9493670886076,106.25,75.95,107.59,39.24,87.34,12.66,30.38,0.0,0.0,11.39,30.38,0.0,8.86,2.53,24.05,15.19,41.77,Incarnate Word Cardinals
"Al Durham, Race Thompson, Rob Phinisee, Trayce Jackson-Davis, Trey Galloway",130.0,246.5,-3.32,92.24489795918367,95.56451612903226,92.24,96.73,49.39,100.41,8.16,25.71,0.0,0.0,12.65,33.06,0.0,5.71,4.9,12.24,24.9,45.71,Indiana Hoosiers
"Al Durham, Armaan Franklin, Race Thompson, Trayce Jackson-Davis, Trey Galloway",85.0,155.0,-5.81,93.54838709677419,99.35483870967742,93.55,99.35,50.32,92.26,8.39,23.87,0.0,0.0,5.81,30.97,0.0,7.1,7.74,13.55,21.94,36.78,Indiana Hoosiers
"Al Durham, Armaan Franklin, Race Thompson, Rob Phinisee, Trayce Jackson-Davis",415.0,784.5,-7.53,88.4184308841843,95.95300261096605,88.42,91.53,50.68,101.12,8.34,21.17,0.0,0.0,17.19,29.89,0.0,7.97,2.86,16.06,22.67,47.08,Indiana Hoosiers
"Al Durham, Jerome Hunter, Race Thompson, Rob Phinisee, Trayce Jackson-Davis",159.9,293.0,-15.81,74.91525423728814,90.72164948453609,74.92,89.49,44.07,99.32,4.41,25.08,0.0,0.0,12.88,30.17,0.0,7.46,4.41,13.56,23.73,43.05,Indiana Hoosiers
"Cooper Neese, Jake LaRavia, Tobias Howard, Tre Williams, Tyreke Key",160.0,301.5,7.54,93.44262295081968,85.90604026845638,93.44,83.93,53.77,95.08,7.54,22.95,0.0,0.0,13.77,34.43,0.0,9.51,3.93,18.69,20.0,48.2,Indiana State Sycamores
"Jake LaRavia, Julian Larry, Randy Miller Jr., Tre Williams, Tyreke Key",160.0,264.0,2.32,98.1203007518797,95.80152671755725,98.12,94.36,53.01,96.24,7.52,18.8,0.0,0.0,10.9,32.71,0.0,7.89,3.01,14.66,17.67,43.61,Indiana State Sycamores
"Cooper Neese, Jake LaRavia, Julian Larry, Randy Miller Jr., Tre Williams",80.0,139.5,-1.97,81.11888111888112,83.08823529411765,81.12,79.02,46.15,104.2,6.29,30.77,0.0,0.0,14.69,34.27,0.0,9.79,4.2,10.49,16.08,48.96,Indiana State Sycamores
"Cooper Neese, Jake LaRavia, Julian Larry, Tre Williams, Tyreke Key",400.0,730.5,-3.22,87.36263736263736,90.58663028649386,87.36,91.21,48.08,97.12,9.75,25.14,0.0,0.0,13.87,31.59,0.0,8.52,4.26,16.76,21.57,45.46,Indiana State Sycamores
"Berrick JeanLouis, Dylan van Eyck, Isaiah Ross, Nelly Junior Joseph, Ryan Myers",40.0,70.0,22.58,101.44927536231884,78.87323943661971,101.45,81.16,55.07,111.59,5.8,30.43,0.0,0.0,26.09,34.78,0.0,13.04,8.7,14.49,27.54,60.87,Iona Gaels
"Asante Gist, Berrick JeanLouis, Dylan van Eyck, Isaiah Ross, Nelly Junior Joseph",120.0,224.0,12.3,88.18181818181819,75.87719298245614,88.18,78.64,47.73,95.91,9.55,25.0,0.0,0.0,14.09,34.09,0.0,7.73,2.73,18.18,29.09,48.18,Iona Gaels
"Asante Gist, Berrick JeanLouis, Dwayne Koroma, Isaiah Ross, Nelly Junior Joseph",360.0,732.5,11.97,90.62068965517241,78.64864864864865,90.62,80.28,51.45,94.07,9.1,24.14,0.0,0.0,15.17,35.45,0.0,8.97,4.69,21.1,27.03,50.62,Iona Gaels
"Connor McCaffery, Joe Wieskamp, Jordan Bohannon, Keegan Murray, Luka Garza",160.0,307.0,8.12,102.96052631578947,94.83870967741936,102.96,96.71,51.32,104.93,14.8,33.55,0.0,0.0,14.8,36.84,0.0,5.59,4.61,9.87,22.04,51.64,Iowa Hawkeyes
"CJ Fredrick, Connor McCaffery, Joe Wieskamp, Jordan Bohannon, Luka Garza",725.0,1392.0,7.63,100.84925690021231,93.21663019693655,100.85,90.45,53.5,102.05,11.61,30.57,0.0,0.0,14.58,37.51,0.0,6.72,5.45,12.53,18.61,52.09,Iowa Hawkeyes
"Jalen Coleman-Lands, Rasir Bolton, Solomon Young, Tre Jackson, Tyler Harris",40.0,77.0,3.57,98.63013698630137,95.06172839506173,98.63,105.48,45.21,89.04,13.7,28.77,0.0,0.0,12.33,35.62,0.0,8.22,5.48,23.29,30.14,47.95,Iowa State Cyclones
"Eric Steyer, Jalen Coleman-Lands, Nate Schuster, Rasir Bolton, Solomon Young",40.0,74.5,1.3,100.0,98.7012987012987,100.0,105.56,48.61,90.28,12.5,31.94,0.0,0.0,8.33,30.56,0.0,6.94,11.11,18.06,20.83,38.89,Iowa State Cyclones
"Darlinstone Dubar, Jalen Coleman-Lands, Javan Johnson, Rasir Bolton, Solomon Young",120.0,251.0,1.24,83.33333333333334,82.08955223880598,83.33,94.02,42.74,82.48,8.12,24.36,0.0,0.0,8.12,29.06,0.0,11.97,2.99,25.64,32.91,37.18,Iowa State Cyclones
"Jaden Walker, Jalen Coleman-Lands, Rasir Bolton, Solomon Young, Tyler Harris",40.0,77.0,1.1,98.63013698630137,97.53086419753086,98.63,108.22,39.73,100.0,21.92,42.47,0.0,0.0,13.7,27.4,0.0,5.48,4.11,13.7,30.14,41.1,Iowa State Cyclones
"George Conditt IV, Jaden Walker, Jalen Coleman-Lands, Rasir Bolton, Tyler Harris",40.0,83.5,-1.61,87.8048780487805,89.41176470588236,87.8,92.68,42.68,91.46,10.98,25.61,0.0,0.0,10.98,28.05,0.0,8.54,1.22,19.51,25.61,39.03,Iowa State Cyclones
"Jalen Coleman-Lands, Javan Johnson, Solomon Young, Tre Jackson, Tyler Harris",160.0,310.0,-8.35,83.6734693877551,92.02453987730061,83.67,102.04,42.86,95.58,9.86,36.05,0.0,0.0,14.97,30.61,0.0,9.86,2.38,19.39,26.19,45.58,Iowa State Cyclones
"Jalen Coleman-Lands, Javan Johnson, Rasir Bolton, Solomon Young, Tre Jackson",80.0,153.0,-16.37,91.2751677852349,107.64331210191082,91.28,113.42,46.31,92.62,8.72,26.85,0.0,0.0,8.05,30.2,0.0,6.04,2.68,15.44,24.16,38.25,Iowa State Cyclones
"Jaden Walker, Jalen Coleman-Lands, Javan Johnson, Rasir Bolton, Solomon Young",200.0,385.5,-19.09,78.85117493472585,97.9381443298969,78.85,99.22,44.13,94.78,6.79,26.37,0.0,0.0,12.53,32.11,0.0,5.74,4.96,17.75,21.41,44.64,Iowa State Cyclones
"Darlinstone Dubar, George Conditt IV, Jaden Walker, Rasir Bolton, Tyler Harris",40.0,84.0,-25.0,71.42857142857143,96.42857142857143,71.43,96.43,39.29,90.48,8.33,26.19,0.0,0.0,4.76,17.86,0.0,15.48,3.57,14.29,19.05,22.62,Iowa State Cyclones
"Cainan McClelland, Hezekiah Quinlan, Jayveous McKinnis, Ken Evans Jr., Tristan Jarrett",40.0,71.5,23.4,84.50704225352112,61.111111111111114,84.51,61.97,45.07,94.37,11.27,33.8,0.0,0.0,12.68,36.62,0.0,9.86,5.63,18.31,22.54,49.3,Jackson State Tigers
"Cainan McClelland, Isaiah Williams, Jayveous McKinnis, Jonas James III, Tristan Jarrett",285.0,568.5,14.63,87.39205526770294,72.75985663082437,87.39,70.12,52.68,101.55,5.87,16.06,0.0,0.0,17.96,36.1,0.0,10.02,4.15,16.41,21.93,54.06,Jackson State Tigers
"Cainan McClelland, Isaiah Williams, Jayveous McKinnis, Jonas James III, Ken Evans Jr.",40.0,80.5,7.8,79.74683544303798,71.95121951219512,79.75,74.68,40.51,106.33,12.66,26.58,0.0,0.0,25.32,36.71,0.0,13.92,8.86,18.99,25.32,62.03,Jackson State Tigers
"Cainan McClelland, Darius Hicks, Isaiah Williams, Jonas James III, Tristan Jarrett",45.0,84.0,-1.51,71.91011235955057,73.41772151898735,71.91,65.17,47.19,98.88,4.49,26.97,0.0,0.0,15.73,34.83,0.0,5.62,1.12,16.85,22.47,50.56,Jackson State Tigers
"Bryce Workman, Corey Romich, Kevion Nolan, Mo Arnold, Tyreese Davis",80.0,149.5,10.19,89.79591836734694,79.60526315789474,89.8,82.31,46.94,91.16,8.16,27.21,0.0,0.0,10.88,34.69,0.0,10.88,0.68,19.73,25.17,45.57,Jacksonville Dolphins
"Bryce Workman, Dontarius James, Kevion Nolan, Mo Arnold, Tyreese Davis",205.0,406.0,-4.37,91.66666666666666,96.03960396039604,91.67,95.1,51.47,99.75,7.84,23.53,0.0,0.0,13.73,27.7,0.0,10.05,2.7,13.97,21.32,41.43,Jacksonville Dolphins
"Cameron Boozer, Dontarius James, Mo Arnold, Trey Sides, Tyreese Davis",120.0,208.5,-7.62,85.64593301435407,93.26923076923077,85.65,92.82,45.45,96.65,10.05,33.97,0.0,0.0,14.35,36.36,0.0,7.66,4.31,17.7,18.66,50.71,Jacksonville Dolphins
"Bryce Workman, Dontarius James, Mo Arnold, Trey Sides, Tyreese Davis",160.0,289.5,-16.77,76.28865979381443,93.05555555555556,76.29,92.1,41.58,92.78,8.93,30.93,0.0,0.0,13.06,34.02,0.0,9.97,3.78,20.27,20.27,47.08,Jacksonville Dolphins
"Brandon Huffman, Darian Adams, Jalen Finch, Kayne Henry, Martin Roub",40.0,71.0,16.91,108.69565217391303,91.78082191780823,108.7,97.1,59.42,100.0,10.14,21.74,0.0,0.0,23.19,43.48,0.0,10.14,1.45,23.19,20.29,66.67,Jacksonville State Gamecocks
"Brandon Huffman, Darian Adams, Jalen Finch, Jay Pal, Kayne Henry",690.0,1280.0,6.83,99.37791601866252,92.54317111459969,99.38,91.68,52.33,98.99,10.96,30.02,0.0,0.0,15.94,36.08,0.0,6.07,5.13,16.95,20.14,52.02,Jacksonville State Gamecocks
"Darian Adams, Jalen Finch, Jay Pal, Kayne Henry, Martin Roub",45.0,87.0,-8.81,73.33333333333333,82.14285714285714,73.33,76.67,43.33,101.11,3.33,24.44,0.0,0.0,21.11,43.33,0.0,4.44,5.56,20.0,17.78,64.44,Jacksonville State Gamecocks
"Brandon Huffman, Darian Adams, Demaree King, Jalen Finch, Jay Pal",40.0,68.0,-11.11,76.38888888888889,87.5,76.39,77.78,41.67,101.39,8.33,31.94,0.0,0.0,12.5,36.11,0.0,5.56,4.17,11.11,20.83,48.61,Jacksonville State Gamecocks
"Amanze Ngumezi, Darian Adams, Jalen Finch, Jay Pal, Kayne Henry",40.0,76.0,-25.0,86.8421052631579,111.8421052631579,86.84,111.84,48.68,90.79,5.26,23.68,0.0,0.0,9.21,26.32,0.0,6.58,2.63,18.42,27.63,35.53,Jacksonville State Gamecocks
"Julien Wooden, Justin Amadi, Matt Lewis, Terrence Edwards, Vado Morse",40.0,78.5,12.71,103.84615384615385,91.13924050632912,103.85,92.31,52.56,103.85,19.23,41.03,0.0,0.0,17.95,25.64,0.0,6.41,3.85,14.1,23.08,43.59,James Madison Dukes
"Julien Wooden, Justin Amadi, Matt Lewis, Terell Strickland, Vado Morse",320.0,634.5,6.65,93.91575663026521,87.26114649681529,93.92,85.49,51.33,103.43,10.3,30.11,0.0,0.0,17.16,34.95,0.0,8.89,2.03,13.73,21.68,52.11,James Madison Dukes
"Julien Wooden, Justin Amadi, Terell Strickland, Terrence Edwards, Vado Morse",40.0,78.5,-0.11,91.02564102564102,91.13924050632912,91.03,92.31,50.0,101.28,7.69,32.05,0.0,0.0,14.1,35.9,0.0,8.97,6.41,12.82,24.36,50.0,James Madison Dukes
"Julien Wooden, Terell Strickland, Terrence Edwards, Vado Morse, Zach Jacobs",40.0,76.5,-3.69,104.0,107.6923076923077,104.0,112.0,56.0,102.67,10.67,22.67,0.0,0.0,16.0,24.0,0.0,10.67,4.0,13.33,20.0,40.0,James Madison Dukes
"Brandon McKissic, Franck Kamgain, Jacob Johnson, Josiah Allick, Zion Williams",160.0,284.5,7.08,88.42105263157895,81.33802816901408,88.42,81.05,47.37,88.42,8.77,20.7,0.0,0.0,7.72,34.04,0.0,9.82,2.11,19.3,24.91,41.76,Kansas City Roos
"Arkel Lamar, Franck Kamgain, Jacob Johnson, Sam Martin, Zion Williams",80.0,134.5,4.34,89.23076923076924,84.89208633093526,89.23,90.77,45.38,100.0,11.54,30.0,0.0,0.0,12.31,29.23,0.0,11.54,3.85,12.31,31.54,41.54,Kansas City Roos
"Brandon McKissic, Demarius Pitts, Franck Kamgain, Josiah Allick, Zion Williams",40.0,77.0,3.76,82.92682926829268,79.16666666666666,82.93,69.51,52.44,84.15,2.44,14.63,0.0,0.0,3.66,29.27,0.0,10.98,2.44,19.51,29.27,32.93,Kansas City Roos
"Demarius Pitts, Franck Kamgain, Josiah Allick, Marvin Nesbitt Jr., Zion Williams",40.0,78.0,3.74,108.45070422535213,104.70588235294119,108.45,125.35,54.93,92.96,14.08,29.58,0.0,0.0,8.45,12.68,0.0,8.45,2.82,15.49,42.25,21.13,Kansas City Roos
"Brandon McKissic, Demarius Pitts, Josiah Allick, Marvin Nesbitt Jr., Zion Williams",80.0,146.5,-1.22,88.11188811188812,89.33333333333333,88.11,93.71,46.85,97.2,9.79,30.77,0.0,0.0,15.38,34.97,0.0,7.69,2.1,18.18,31.47,50.35,Kansas City Roos
"Brandon McKissic, Franck Kamgain, Josiah Allick, Marvin Nesbitt Jr., Zion Williams",120.0,219.0,-1.28,88.15165876777252,89.42731277533039,88.15,96.21,49.29,100.0,8.53,27.96,0.0,0.0,14.22,30.33,0.0,8.53,2.84,14.22,31.28,44.55,Kansas City Roos
"Christian Braun, Dajuan Harris Jr., David McCormack, Jalen Wilson, Ochai Agbaji",40.0,73.5,32.23,122.36842105263158,90.14084507042254,122.37,84.21,65.79,107.89,10.53,26.32,0.0,0.0,18.42,35.53,0.0,6.58,5.26,10.53,15.79,53.95,Kansas Jayhawks
"Christian Braun, David McCormack, Jalen Wilson, Marcus Garrett, Ochai Agbaji",645.0,1219.0,7.95,90.45267489711935,82.50204415372036,90.45,83.05,48.23,97.7,9.38,29.05,0.0,0.0,14.4,35.06,0.0,7.98,5.93,16.71,20.66,49.46,Kansas Jayhawks
"Bryce Thompson, Christian Braun, Jalen Wilson, Marcus Garrett, Ochai Agbaji",40.0,73.0,7.13,93.24324324324324,86.11111111111111,93.24,83.78,47.3,90.54,10.81,29.73,0.0,0.0,6.76,29.73,0.0,13.51,1.35,16.22,13.51,36.49,Kansas Jayhawks
"DaJuan Gordon, Davion Bradford, Mike McGuirl, Nijel Pack, Selton Miguel",320.0,601.5,-1.98,88.70431893687709,90.68219633943427,88.7,90.53,48.01,95.85,8.97,30.9,0.0,0.0,13.46,28.24,0.0,9.3,1.5,17.61,22.26,41.7,Kansas State Wildcats
"Antonio Gordon, Davion Bradford, Mike McGuirl, Nijel Pack, Selton Miguel",240.0,440.0,-10.49,80.27522935779817,90.76576576576578,80.28,92.43,42.66,94.95,8.26,27.75,0.0,0.0,14.22,33.49,0.0,6.65,2.29,19.27,23.85,47.71,Kansas State Wildcats
"DaJuan Gordon, Davion Bradford, Mike McGuirl, Rudi Williams, Selton Miguel",120.0,223.5,-22.72,68.94977168949772,91.66666666666666,68.95,95.43,36.53,89.5,5.48,24.66,0.0,0.0,15.98,34.7,0.0,4.57,0.91,26.48,25.57,50.68,Kansas State Wildcats
"Antonio Gordon, Davion Bradford, Mike McGuirl, Rudi Williams, Selton Miguel",40.0,77.5,-23.08,84.81012658227847,107.89473684210526,84.81,103.8,44.3,93.67,8.86,24.05,0.0,0.0,11.39,31.65,0.0,1.27,1.27,17.72,20.25,43.04,Kansas State Wildcats
"Antonio Gordon, DaJuan Gordon, Davion Bradford, Mike McGuirl, Selton Miguel",40.0,73.0,-24.1,61.42857142857143,85.52631578947368,61.43,92.86,35.71,94.29,4.29,27.14,0.0,0.0,20.0,31.43,0.0,7.14,0.0,25.71,27.14,51.43,Kansas State Wildcats
"DaJuan Gordon, Davion Bradford, Kaosi Ezeagu, Mike McGuirl, Nijel Pack",40.0,87.0,-66.36,64.13043478260869,130.4878048780488,64.13,116.3,39.13,82.61,5.43,22.83,0.0,0.0,5.43,19.57,0.0,8.7,0.0,22.83,17.39,25.0,Kansas State Wildcats
"Alex Peterson, Armani Harris, Chris Youngblood, Kasen Jennings, Spencer Rodgers",40.0,90.5,1.76,72.72727272727273,70.96774193548387,72.73,75.0,44.32,80.68,5.68,17.05,0.0,0.0,5.68,37.5,0.0,3.41,3.41,25.0,31.82,43.18,Kennesaw State Owls
"Alex Peterson, Chris Youngblood, Cole LaRue, Kasen Jennings, Spencer Rodgers",40.0,82.0,-2.01,76.47058823529412,78.48101265822784,76.47,72.94,44.71,98.82,7.06,25.88,0.0,0.0,12.94,23.53,0.0,8.24,0.0,14.12,24.71,36.47,Kennesaw State Owls
"Alex Peterson, Brandon Stroud, Chris Youngblood, Kasen Jennings, Spencer Rodgers",240.0,473.0,-9.99,88.1104033970276,98.10526315789474,88.11,98.94,47.56,94.06,9.13,28.03,0.0,0.0,11.04,27.6,0.0,7.22,2.34,16.99,22.72,38.64,Kennesaw State Owls
"Armani Harris, Chris Youngblood, Cole LaRue, Kasen Jennings, Spencer Rodgers",40.0,72.0,-13.97,75.36231884057972,89.33333333333333,75.36,97.1,36.23,98.55,10.14,28.99,0.0,0.0,14.49,28.99,0.0,5.8,2.9,15.94,28.99,43.48,Kennesaw State Owls
"Alex Peterson, Brandon Stroud, Chris Youngblood, Spencer Rodgers, Terrell Burden",240.0,433.0,-19.03,75.17241379310344,94.19953596287704,75.17,93.33,40.0,91.03,7.59,26.44,0.0,0.0,10.8,32.87,0.0,7.36,2.99,19.77,21.84,43.67,Kennesaw State Owls
"Evan Bainbridge, Giovanni Santiago, Justyn Hamilton, Michael Nuga, Tervell Beck",40.0,74.5,33.41,105.40540540540539,72.0,105.41,72.97,50.0,97.3,12.16,41.89,0.0,0.0,16.22,33.78,0.0,12.16,2.7,18.92,22.97,50.0,Kent State Golden Flashes
"Danny Pippen, Giovanni Santiago, Justyn Hamilton, Michael Nuga, Tervell Beck",200.0,424.0,6.86,99.76470588235294,92.90780141843972,99.76,92.47,56.71,100.0,8.47,25.88,0.0,0.0,17.18,31.53,0.0,8.0,3.53,17.18,22.12,48.71,Kent State Golden Flashes
"Danny Pippen, Giovanni Santiago, Justyn Hamilton, Malique Jacobs, Tervell Beck",240.0,442.5,6.73,94.85458612975391,88.12785388127854,94.85,86.35,52.35,99.78,9.4,29.31,0.0,0.0,16.55,36.24,0.0,8.28,4.92,16.78,20.58,52.79,Kent State Golden Flashes
"Danny Pippen, Giovanni Santiago, Jeremiah Hernandez, Justyn Hamilton, Tervell Beck",40.0,76.5,3.22,92.40506329113924,89.1891891891892,92.41,83.54,50.63,96.2,13.92,31.65,0.0,0.0,10.13,37.97,0.0,3.8,3.8,13.92,22.78,48.1,Kent State Golden Flashes
"Giovanni Santiago, Jeremiah Hernandez, Justyn Hamilton, Michael Nuga, Tervell Beck",40.0,87.5,2.05,107.86516853932584,105.8139534883721,107.87,102.25,56.18,100.0,14.61,31.46,0.0,0.0,12.36,29.21,0.0,7.87,3.37,12.36,19.1,41.57,Kent State Golden Flashes
"Danny Pippen, Giovanni Santiago, Justyn Hamilton, Malique Jacobs, Michael Nuga",80.0,156.5,-0.83,93.5064935064935,94.33962264150944,93.51,97.4,47.4,104.55,11.69,35.06,0.0,0.0,22.08,37.66,0.0,6.49,7.79,17.53,20.78,59.74,Kent State Golden Flashes
"Evan Bainbridge, Gabe O'Neal, Giovanni Santiago, Malique Jacobs, Tervell Beck",40.0,79.0,-15.35,85.8974358974359,101.25,85.9,103.85,46.15,100.0,7.69,34.62,0.0,0.0,16.67,25.64,0.0,8.97,2.56,16.67,17.95,42.31,Kent State Golden Flashes
"Danny Pippen, Giovanni Santiago, James Jordan, Jeremiah Hernandez, Tervell Beck",40.0,75.0,-22.3,75.0,97.2972972972973,75.0,94.74,39.47,97.37,7.89,35.53,0.0,0.0,19.74,28.95,0.0,7.89,2.63,22.37,21.05,48.69,Kent State Golden Flashes
"Evan Bainbridge, Giovanni Santiago, Justyn Hamilton, Malique Jacobs, Tervell Beck",40.0,81.0,-27.16,77.77777777777779,104.93827160493827,77.78,104.94,44.44,88.89,8.64,28.4,0.0,0.0,8.64,24.69,0.0,8.64,0.0,19.75,24.69,33.33,Kent State Golden Flashes
"Brandon Boston Jr., Davion Mintz, Isaiah Jackson, Jacob Toppin, Olivier Sarr",80.0,164.0,15.34,100.0,84.66257668711657,100.0,83.64,49.7,100.0,14.55,32.73,0.0,0.0,13.33,32.12,0.0,7.27,4.24,13.33,20.61,45.45,Kentucky Wildcats
"Brandon Boston Jr., Davion Mintz, Devin Askew, Lance Ware, Olivier Sarr",80.0,150.0,8.94,99.35064935064936,90.41095890410958,99.35,85.71,58.44,98.7,7.14,16.88,0.0,0.0,9.09,34.42,0.0,10.39,10.39,10.39,21.43,43.51,Kentucky Wildcats
"Brandon Boston Jr., Davion Mintz, Devin Askew, Isaiah Jackson, Olivier Sarr",330.0,651.5,-0.63,88.17204301075269,88.8036809815951,88.17,88.94,48.08,99.08,9.06,24.42,0.0,0.0,16.44,32.26,0.0,9.06,8.91,17.36,22.73,48.7,Kentucky Wildcats
"Davion Mintz, Devin Askew, Dontaie Allen, Lance Ware, Olivier Sarr",40.0,74.0,-8.21,80.51948051948052,88.73239436619718,80.52,81.82,48.05,97.4,1.3,16.88,0.0,0.0,19.48,33.77,0.0,6.49,7.79,22.08,14.29,53.25,Kentucky Wildcats
"Brandon Boston Jr., Davion Mintz, Devin Askew, Keion Brooks, Olivier Sarr",120.0,250.5,-8.21,81.74603174603175,89.95983935742971,81.75,88.89,48.41,97.62,6.75,23.02,0.0,0.0,15.48,34.52,0.0,6.75,7.14,17.86,25.0,50.0,Kentucky Wildcats
"Brandon Boston Jr., Davion Mintz, Isaiah Jackson, Olivier Sarr, Riley Welch",40.0,75.5,-16.25,83.75,100.0,83.75,88.75,55.0,96.25,5.0,25.0,0.0,0.0,15.0,20.0,0.0,7.5,7.5,18.75,18.75,35.0,Kentucky Wildcats
"Aundre Hyatt, Cam Thomas, Darius Days, Javonte Smart, Trendon Watford",400.0,820.5,9.34,102.33990147783251,93.00361881785284,102.34,94.95,53.69,102.96,10.59,28.57,0.0,0.0,15.39,33.74,0.0,7.76,3.45,12.44,21.67,49.13,LSU Tigers
"Cam Thomas, Darius Days, Javonte Smart, Mwani Wilkinson, Trendon Watford",365.0,758.5,0.45,94.02597402597402,93.57429718875501,94.03,90.78,52.6,100.0,8.7,27.4,0.0,0.0,14.81,29.48,0.0,10.52,3.25,14.81,20.26,44.29,LSU Tigers
"Cam Thomas, Javonte Smart, Josh LeBlanc Sr., Mwani Wilkinson, Trendon Watford",40.0,86.5,-29.19,65.93406593406593,95.1219512195122,65.93,85.71,39.56,95.6,4.4,18.68,0.0,0.0,9.89,28.57,0.0,15.38,6.59,14.29,14.29,38.46,LSU Tigers
"Christian Ray, Clifton Moore, David Beatty, Jhamir Brickus, Scott Spencer",40.0,82.5,18.75,100.0,81.25,100.0,76.47,56.47,89.41,12.94,27.06,0.0,0.0,15.29,30.59,0.0,14.12,4.71,25.88,17.65,45.88,La Salle Explorers
"Anwar Gill, Clifton Moore, David Beatty, Jack Clark, Jhamir Brickus",160.0,310.5,2.66,88.33333333333333,85.66978193146417,88.33,91.67,41.67,94.0,11.67,35.0,0.0,0.0,12.67,31.67,0.0,11.33,4.0,18.67,24.67,44.34,La Salle Explorers
"Christian Ray, Clifton Moore, Jhamir Brickus, Scott Spencer, Sherif Gross-Bullock",80.0,158.5,-1.48,92.3076923076923,93.7888198757764,92.31,96.79,50.0,91.67,9.62,24.36,0.0,0.0,12.18,26.28,0.0,8.97,1.92,20.51,23.72,38.46,La Salle Explorers
"David Beatty, Jack Clark, Jared Kimbrough, Jhamir Brickus, Scott Spencer",80.0,159.0,-4.31,88.59060402684564,92.89940828402366,88.59,105.37,42.95,95.3,10.74,29.53,0.0,0.0,14.09,39.6,0.0,4.7,4.03,18.79,26.85,53.69,La Salle Explorers
"Christian Ray, Clifton Moore, Jack Clark, Jhamir Brickus, Sherif Gross-Bullock",245.0,469.0,-6.81,92.77899343544857,99.58419958419958,92.78,104.81,49.45,103.06,9.41,32.82,0.0,0.0,19.69,27.79,0.0,9.63,2.63,16.63,24.07,47.48,La Salle Explorers
"Christian Ray, David Beatty, Jared Kimbrough, Jhamir Brickus, Scott Spencer",80.0,155.5,-19.97,91.71974522292994,111.68831168831169,91.72,109.55,48.41,94.9,6.37,21.66,0.0,0.0,13.38,28.03,0.0,10.83,4.46,18.47,15.29,41.41,La Salle Explorers
"Christian Ray, Clifton Moore, David Beatty, Scott Spencer, Sherif Gross-Bullock",40.0,64.0,-31.18,85.48387096774194,116.66666666666667,85.48,124.19,41.94,93.55,9.68,40.32,0.0,0.0,9.68,32.26,0.0,9.68,4.84,16.13,20.97,41.94,La Salle Explorers
"E.J. Stephens, Justin Jaworski, Leo O'Boyle, Sean Good, Ty Perry",40.0,76.0,13.16,106.49350649350649,93.33333333333333,106.49,90.91,55.84,94.81,15.58,37.66,0.0,0.0,10.39,32.47,0.0,7.79,9.09,15.58,18.18,42.86,Lafayette Leopards
"Dylan Hastings, Justin Jaworski, Leo O'Boyle, Neal Quinn, Ty Perry",285.0,562.0,6.88,97.49552772808586,90.61946902654867,97.5,91.59,52.24,101.07,10.91,30.23,0.0,0.0,13.77,32.92,0.0,8.94,4.11,12.7,24.33,46.69,Lafayette Leopards
"Dylan Hastings, E.J. Stephens, Justin Jaworski, Kyle Jenkins, Ty Perry",40.0,76.0,2.91,96.15384615384616,93.24324324324324,96.15,88.46,50.0,96.15,10.26,32.05,0.0,0.0,10.26,33.33,0.0,6.41,5.13,14.1,19.23,43.59,Lafayette Leopards
"Justin Jaworski, Kyle Jenkins, Leo O'Boyle, Neal Quinn, Ty Perry",215.0,425.0,-4.39,92.05607476635514,96.44549763033176,92.06,95.09,50.47,98.36,9.81,27.34,0.0,0.0,10.98,33.18,0.0,7.48,3.27,12.62,22.2,44.16,Lafayette Leopards
"E.J. Stephens, Justin Jaworski, Kyle Jenkins, Leo O'Boyle, Neal Quinn",40.0,83.0,-29.77,80.23255813953489,110.00000000000001,80.23,102.33,47.67,88.37,6.98,20.93,0.0,0.0,5.81,29.07,0.0,2.33,3.49,17.44,23.26,34.88,Lafayette Leopards
"Avery Sullivan, David Muoka, Davion Buster, Ellis Jefferson, Kasen Harrison",330.0,603.0,5.97,92.03980099502488,86.06965174129353,92.04,86.07,48.09,94.03,8.62,21.39,0.0,0.0,12.44,34.49,0.0,10.61,7.46,18.41,20.9,46.93,Lamar Cardinals
"Avery Sullivan, David Muoka, Davion Buster, Kasen Harrison, Quinlan Bennett",80.0,152.0,-4.49,88.88888888888889,93.37748344370861,88.89,92.16,46.41,90.2,11.76,20.92,0.0,0.0,9.15,34.64,0.0,7.84,7.84,18.95,20.92,43.79,Lamar Cardinals
"Anderson Kopp, Avery Sullivan, David Muoka, Kasen Harrison, Quinlan Bennett",80.0,157.0,-12.82,87.17948717948718,100.0,87.18,101.28,50.64,103.21,4.49,17.95,0.0,0.0,19.23,28.85,0.0,12.18,3.85,16.03,18.59,48.08,Lamar Cardinals
"Anderson Kopp, Avery Sullivan, Davion Buster, Kasen Harrison, Quinlan Bennett",120.0,236.0,-12.97,84.03361344537815,97.00854700854701,84.03,95.38,47.48,94.96,4.62,18.07,0.0,0.0,13.45,26.89,0.0,11.76,3.36,18.49,19.33,40.34,Lamar Cardinals
"Anderson Kopp, Avery Sullivan, David Muoka, Davion Buster, Ellis Jefferson",40.0,79.0,-13.72,85.0,98.71794871794873,85.0,96.25,51.25,97.5,3.75,21.25,0.0,0.0,13.75,31.25,0.0,6.25,6.25,16.25,26.25,45.0,Lamar Cardinals
"Anderson Kopp, Avery Sullivan, Davion Buster, Ellis Jefferson, Kasen Harrison",119.9,238.0,-17.36,85.65573770491804,103.01724137931035,85.66,97.95,49.18,98.36,6.97,24.18,0.0,0.0,14.34,29.1,0.0,7.38,5.74,15.98,22.13,43.44,Lamar Cardinals
"Jake Betlow, Jakob Alamudun, Marques Wilson, Nic Lynch, Reed Fenton",40.0,80.0,5.2,92.10526315789474,86.90476190476191,92.11,96.05,51.32,100.0,3.95,15.79,0.0,0.0,15.79,31.58,0.0,5.26,5.26,15.79,31.58,47.37,Lehigh Mountain Hawks
"Jake Betlow, Jeameril Wilson, Marques Wilson, Nic Lynch, Reed Fenton",125.0,241.0,-3.12,94.04255319148936,97.16599190283401,94.04,102.13,51.49,97.45,4.68,12.34,0.0,0.0,13.19,34.47,0.0,5.53,2.13,15.74,27.23,47.66,Lehigh Mountain Hawks
"Ben Li, Evan Taylor, Marques Wilson, Nic Lynch, Reed Fenton",160.0,320.0,-4.92,85.04672897196261,89.96865203761756,85.05,89.41,45.48,97.82,7.79,23.99,0.0,0.0,14.33,33.33,0.0,9.66,2.18,16.51,19.94,47.66,Lehigh Mountain Hawks
"Ben Li, Evan Taylor, Jake Betlow, Marques Wilson, Nic Lynch",160.0,332.5,-7.24,87.65060240963855,94.8948948948949,87.65,95.18,49.7,99.1,6.93,20.78,0.0,0.0,15.96,32.53,0.0,7.23,3.31,16.87,20.48,48.49,Lehigh Mountain Hawks
"Jalin Sinclair, Jeameril Wilson, Marques Wilson, Nic Lynch, Reed Fenton",40.0,69.0,-16.25,86.56716417910447,102.8169014084507,86.57,108.96,44.78,91.04,4.48,17.91,0.0,0.0,4.48,22.39,0.0,10.45,1.49,13.43,23.88,26.87,Lehigh Mountain Hawks
"Evan Taylor, Jake Betlow, Jakob Alamudun, Marques Wilson, Nic Lynch",40.0,77.5,-19.5,79.22077922077922,98.71794871794873,79.22,100.0,44.16,96.1,5.19,19.48,0.0,0.0,12.99,35.06,0.0,9.09,2.6,16.88,22.08,48.05,Lehigh Mountain Hawks
"Ben Li, Evan Taylor, Jalin Sinclair, Marques Wilson, Nic Lynch",40.0,78.5,-34.68,60.256410256410255,94.9367088607595,60.26,96.15,34.62,84.62,5.13,21.79,0.0,0.0,8.97,38.46,0.0,5.13,2.56,24.36,24.36,47.43,Lehigh Mountain Hawks
"Blake Preston, Darius McGhee, Drake Dobbs, Elijah Cuffee, Kyle Rode",40.0,67.5,19.29,107.35294117647058,88.05970149253731,107.35,86.76,55.88,98.53,13.24,33.82,0.0,0.0,14.71,42.65,0.0,7.35,0.0,16.18,19.12,57.36,Liberty Flames
"Blake Preston, Chris Parker, Darius McGhee, Elijah Cuffee, Kyle Rode",600.0,1050.5,16.98,102.96650717703348,85.98484848484848,102.97,86.89,52.44,96.65,12.92,33.78,0.0,0.0,10.53,38.95,0.0,4.88,3.64,13.88,21.72,49.48,Liberty Flames
"Ahsan Asadullah, KJ Johnson, Parker Hazen, Romeao Ferguson, Will Pruitt",80.0,159.5,17.01,95.625,78.61635220125787,95.62,78.12,50.0,96.25,10.0,30.0,0.0,0.0,9.38,33.75,0.0,9.38,0.62,13.12,22.5,43.13,Lipscomb Bisons
"Ahsan Asadullah, Carson Cary, KJ Johnson, Parker Hazen, Romeao Ferguson",40.0,80.0,1.86,92.7710843373494,90.9090909090909,92.77,84.34,54.22,100.0,6.02,20.48,0.0,0.0,4.82,38.55,0.0,2.41,0.0,4.82,16.87,43.37,Lipscomb Bisons
"Ahsan Asadullah, Greg Jones, Jake Wolfe, KJ Johnson, Romeao Ferguson",480.0,883.0,-4.0,91.36212624584718,95.36500579374277,91.36,91.14,50.39,97.56,8.97,27.46,0.0,0.0,13.84,33.78,0.0,7.86,3.77,16.28,18.16,47.62,Lipscomb Bisons
"Ahsan Asadullah, Greg Jones, KJ Johnson, Parker Hazen, Romeao Ferguson",40.0,68.5,-34.63,68.4931506849315,103.125,68.49,90.41,41.1,86.3,5.48,17.81,0.0,0.0,5.48,32.88,0.0,8.22,2.74,19.18,15.07,38.36,Lipscomb Bisons
"Ben Coupet Jr., Jovan Stulic, Marko Andric, Nikola Maric, Ruot Monyyong",285.0,538.5,0.19,92.11009174311927,91.9172932330827,92.11,89.72,52.29,95.23,7.52,22.39,0.0,0.0,15.23,34.86,0.0,7.16,5.5,20.0,19.08,50.09,Little Rock Trojans
"Ben Coupet Jr., Isaiah Palermo, Marko Andric, Nikola Maric, Ruot Monyyong",205.0,356.5,-3.28,87.98882681564247,91.26760563380282,87.99,90.5,48.32,95.81,9.22,29.89,0.0,0.0,17.04,31.56,0.0,10.34,4.19,21.23,22.07,48.6,Little Rock Trojans
"Ben Coupet Jr., CJ White, Marko Lukic, Nikola Maric, Ruot Monyyong",239.7,441.0,-7.38,85.9375,93.31797235023042,85.94,90.4,48.88,100.22,6.03,22.77,0.0,0.0,18.53,33.93,0.0,7.37,4.91,18.3,20.31,52.46,Little Rock Trojans
"Ben Coupet Jr., Isaiah Palermo, Markquis Nowell, Nikola Maric, Ruot Monyyong",40.0,63.0,-18.4,70.3125,88.70967741935483,70.31,85.94,37.5,87.5,7.81,28.12,0.0,0.0,10.94,31.25,0.0,9.38,1.56,23.44,23.44,42.19,Little Rock Trojans
"Chance Hunter, Isaiah Washington, Jadon Jones, Joe Hampton, Jordan Roberts",80.0,173.5,17.43,104.24242424242425,86.81318681318682,104.24,95.76,52.73,98.18,11.52,25.45,0.0,0.0,16.36,35.76,0.0,7.88,1.21,18.18,25.45,52.12,Long Beach State Beach
"Chance Hunter, Isaiah Washington, Jadon Jones, Joe Hampton, Michael Carter III",125.0,243.0,-0.26,89.16666666666667,89.43089430894308,89.17,91.67,47.08,91.67,8.75,25.42,0.0,0.0,10.0,33.75,0.0,8.75,3.75,18.33,24.58,43.75,Long Beach State Beach
"Chance Hunter, Isaiah Washington, Joe Hampton, Michael Carter III, Trever Irish",80.0,163.5,-0.99,81.17647058823529,82.16560509554141,81.18,75.88,49.41,98.82,5.88,23.53,0.0,0.0,14.12,39.41,0.0,8.24,4.12,15.29,19.41,53.53,Long Beach State Beach
"Chance Hunter, Jadon Jones, Joe Hampton, Michael Carter III, Trever Irish",85.0,173.0,-1.36,81.3953488372093,82.75862068965517,81.4,83.72,47.09,88.37,5.23,18.6,0.0,0.0,12.21,34.3,0.0,7.56,6.98,23.84,22.09,46.51,Long Beach State Beach
"Chance Hunter, Isaiah Washington, Jadon Jones, Joe Hampton, Trever Irish",85.0,174.5,-3.53,82.75862068965517,86.28571428571429,82.76,86.78,41.95,84.48,12.07,27.01,0.0,0.0,9.77,35.63,0.0,6.32,2.87,25.29,24.71,45.4,Long Beach State Beach
"Isaiah Washington, Jadon Jones, Joe Hampton, Michael Carter III, Trever Irish",85.0,175.5,-5.16,95.40229885057471,100.56497175141243,95.4,102.3,53.45,93.68,10.92,25.86,0.0,0.0,10.34,23.56,0.0,5.17,4.02,16.67,28.16,33.9,Long Beach State Beach
"Chance Hunter, Isaiah Washington, Jadon Jones, Joe Hampton, RJ Rhoden",40.0,79.0,-21.09,72.5,93.58974358974359,72.5,91.25,37.5,97.5,8.75,31.25,0.0,0.0,20.0,36.25,0.0,10.0,3.75,22.5,13.75,56.25,Long Beach State Beach
"Alex Rivera, Eral Penn, Jack Ballantyne, Jermaine Jackson Jr., Ty Flowers",40.0,86.0,14.6,79.3103448275862,64.70588235294117,79.31,63.22,48.28,98.85,4.6,17.24,0.0,0.0,16.09,32.18,0.0,4.6,4.6,17.24,24.14,48.27,Long Island University Sharks
"Alex Rivera, Eral Penn, Tre Wood, Ty Flowers, Virshon Cotton",120.0,235.0,0.67,86.0655737704918,85.39823008849558,86.07,79.1,47.13,104.92,8.61,31.97,0.0,0.0,25.82,27.05,0.0,12.7,6.15,20.9,18.44,52.87,Long Island University Sharks
"Alex Rivera, Eral Penn, Jermaine Jackson Jr., Ty Flowers, Virshon Cotton",520.0,1086.5,-0.54,88.77737226277372,89.322191272052,88.78,87.77,47.08,97.63,9.31,31.48,0.0,0.0,14.69,31.48,0.0,10.31,4.2,17.06,21.08,46.17,Long Island University Sharks
"Christian Wilson, DeShaun Wade, Jesper Granlund, Justin Hill, Zac Watson",40.0,72.0,29.5,102.73972602739727,73.23943661971832,102.74,71.23,52.05,91.78,16.44,42.47,0.0,0.0,6.85,32.88,0.0,6.85,2.74,15.07,30.14,39.73,Longwood Lancers
"Christian Wilson, Jesper Granlund, Juan Munoz, Justin Hill, Leslie Nkereuwem",80.0,143.0,3.76,87.31343283582089,83.55263157894737,87.31,94.78,40.3,86.57,16.42,39.55,0.0,0.0,10.45,31.34,0.0,5.22,2.24,23.88,38.81,41.79,Longwood Lancers
"Christian Wilson, DeShaun Wade, Jesper Granlund, Juan Munoz, Zac Watson",680.0,1234.0,-0.05,88.54838709677419,88.59934853420195,88.55,87.74,47.66,99.11,9.52,27.1,0.0,0.0,16.05,32.1,0.0,9.76,2.34,16.94,21.61,48.15,Longwood Lancers
"Christian Wilson, Jesper Granlund, Juan Munoz, Justin Hill, Zac Watson",40.0,76.5,-13.0,92.40506329113924,105.40540540540539,92.41,98.73,54.43,101.27,6.33,20.25,0.0,0.0,13.92,34.18,0.0,6.33,1.27,12.66,17.72,48.1,Longwood Lancers
"Christian Wilson, DeShaun Wade, Ilija Stefanovic, Jesper Granlund, Juan Munoz",40.0,72.0,-13.68,90.66666666666666,104.34782608695652,90.67,96.0,50.67,98.67,9.33,29.33,0.0,0.0,13.33,28.0,0.0,5.33,0.0,14.67,16.0,41.33,Longwood Lancers
"Brayan Au, Cedric Russell, Dou Gueye, Mylik Wilson, Theo Akwuba",325.0,604.0,6.54,98.33055091819699,91.78981937602627,98.33,93.32,51.59,98.33,10.35,24.04,0.0,0.0,16.53,35.73,0.0,6.51,5.34,18.2,23.87,52.26,Louisiana Ragin' Cajuns
"Cedric Russell, Dou Gueye, Mylik Wilson, Theo Akwuba, Ty Harper",279.7,539.0,3.4,94.9438202247191,91.54411764705883,94.94,93.26,50.94,104.68,9.55,26.59,0.0,0.0,22.28,35.39,0.0,6.37,5.43,17.6,22.47,57.67,Louisiana Ragin' Cajuns
"Brayan Au, Devin Butts, Jacobi Gordon, Mylik Wilson, Theo Akwuba",40.0,88.5,2.26,101.17647058823529,98.91304347826086,101.18,107.06,51.76,112.94,10.59,25.88,0.0,0.0,24.71,31.76,0.0,8.24,5.88,11.76,21.18,56.47,Louisiana Ragin' Cajuns
"Cedric Russell, Devin Butts, Dou Gueye, Mylik Wilson, Theo Akwuba",40.0,81.0,-7.41,95.06172839506173,102.46913580246914,95.06,102.47,53.09,98.77,8.64,24.69,0.0,0.0,17.28,28.4,0.0,11.11,3.7,18.52,24.69,45.68,Louisiana Ragin' Cajuns
"Amorie Archibald, Cobe Williams, Isaiah Crawford, JaColby Pemberton, Kenneth Lofton Jr.",480.0,921.5,11.41,94.57446808510637,83.16722037652269,94.57,79.89,51.91,98.62,9.89,27.45,0.0,0.0,14.79,38.19,0.0,8.83,3.4,16.17,18.19,52.98,Louisiana Tech Bulldogs
"Amorie Archibald, Isaiah Crawford, JaColby Pemberton, Kalob Ledoux, Kenneth Lofton Jr.",80.0,144.5,1.77,86.01398601398601,84.24657534246576,86.01,86.01,47.55,95.8,8.39,25.17,0.0,0.0,18.18,39.16,0.0,3.5,6.99,22.38,18.88,57.34,Louisiana Tech Bulldogs
"Amorie Archibald, Cobe Williams, JaColby Pemberton, Kalob Ledoux, Kenneth Lofton Jr.",159.9,312.5,0.76,87.57961783439491,86.81672025723472,87.58,85.99,49.04,100.32,6.37,23.25,0.0,0.0,15.61,34.71,0.0,8.28,2.23,15.29,21.97,50.32,Louisiana Tech Bulldogs
"Carlik Jones, Dre Davis, Jae'Lyn Withers, Malik Williams, Samuell Williamson",40.0,69.5,15.96,98.57142857142858,82.6086956521739,98.57,81.43,50.0,107.14,10.0,30.0,0.0,0.0,21.43,45.71,0.0,2.86,1.43,14.29,17.14,67.14,Louisville Cardinals
"Carlik Jones, David Johnson, Jae'Lyn Withers, Malik Williams, Samuell Williamson",45.0,86.5,7.07,91.95402298850574,84.88372093023256,91.95,83.91,52.87,103.45,4.6,13.79,0.0,0.0,17.24,31.03,0.0,6.9,1.15,13.79,24.14,48.27,Louisville Cardinals
"Carlik Jones, David Johnson, Dre Davis, Jae'Lyn Withers, Quinn Slazinski",120.0,218.5,3.91,84.95575221238938,81.04265402843602,84.96,75.66,46.9,103.98,7.96,26.11,0.0,0.0,18.14,40.27,0.0,7.52,2.21,14.16,19.03,58.41,Louisville Cardinals
"Carlik Jones, David Johnson, Dre Davis, Jae'Lyn Withers, Samuell Williamson",280.0,542.5,-3.65,89.40520446096654,93.05301645338209,89.41,94.61,50.0,98.88,6.13,21.93,0.0,0.0,15.24,33.46,0.0,7.25,2.97,16.36,23.23,48.7,Louisville Cardinals
"Carlik Jones, David Johnson, Jae'Lyn Withers, Quinn Slazinski, Samuell Williamson",80.0,136.5,-16.91,83.82352941176471,100.72992700729928,83.82,101.47,45.59,111.03,8.82,27.94,0.0,0.0,19.12,31.62,0.0,4.41,0.74,8.09,19.12,50.74,Louisville Cardinals
"Aher Uguak, Braden Norris, Cameron Krutwig, Lucas Williamson, Tate Hall",160.0,288.5,21.24,104.8109965635739,83.56643356643356,104.81,82.13,54.64,96.22,12.03,31.96,0.0,0.0,12.37,34.71,0.0,7.56,3.09,16.15,21.99,47.08,Loyola Chicago Ramblers
"Aher Uguak, Braden Norris, Cameron Krutwig, Keith Clemons, Lucas Williamson",689.8,1169.5,18.99,97.4979149291076,78.50877192982456,97.5,74.65,52.54,94.25,8.84,25.35,0.0,0.0,10.43,35.53,0.0,11.09,3.75,16.18,19.1,45.96,Loyola Chicago Ramblers
"Brent Holcombe, Ethan Norton, Isaiah Hart, Luke Johnson, Santi Aldama",40.0,76.5,11.59,76.92307692307693,65.33333333333333,76.92,62.82,43.59,105.13,3.85,19.23,0.0,0.0,16.67,32.05,0.0,8.97,6.41,11.54,21.79,48.72,Loyola Maryland Greyhounds
"Golden Dike, Isaiah Hart, Jaylin Andrews, Luke Johnson, Santi Aldama",200.0,426.0,6.74,84.28571428571429,77.54629629629629,84.29,79.76,46.67,92.62,5.95,18.33,0.0,0.0,11.43,32.14,0.0,10.71,4.29,18.81,24.76,43.57,Loyola Maryland Greyhounds
"Golden Dike, Jaylin Andrews, Kenneth Jones, Luke Johnson, Santi Aldama",135.0,264.0,5.75,94.5945945945946,88.84758364312268,94.59,92.28,52.9,103.86,6.95,25.48,0.0,0.0,17.76,37.84,0.0,7.72,5.41,13.9,21.62,55.6,Loyola Maryland Greyhounds
"Cam Spencer, Golden Dike, Jaylin Andrews, Kenneth Jones, Santi Aldama",80.0,146.5,-2.8,96.52777777777779,99.32885906040269,96.53,102.78,47.92,96.53,10.42,30.56,0.0,0.0,15.28,36.11,0.0,2.78,1.39,18.75,20.83,51.39,Loyola Maryland Greyhounds
"Brandon Bradsher, Golden Dike, Jaylin Andrews, Santi Aldama, Wade Jackson",120.0,231.0,-8.7,89.9581589958159,98.65470852017937,89.96,92.05,51.46,100.0,6.28,20.5,0.0,0.0,18.41,31.8,0.0,6.28,3.35,18.41,22.18,50.21,Loyola Maryland Greyhounds
"Brandon Bradsher, Golden Dike, Jaylin Andrews, Luke Johnson, Santi Aldama",55.0,96.0,-10.79,78.21782178217822,89.01098901098901,78.22,80.2,45.54,94.06,1.98,13.86,0.0,0.0,10.89,25.74,0.0,12.87,2.97,16.83,13.86,36.63,Loyola Maryland Greyhounds
"Eli Scott, Ivan Alipiev, Jalin Anderson, Keli Leaupepe, Kodye Pugh",80.0,137.5,13.85,102.89855072463767,89.05109489051095,102.9,88.41,53.62,102.9,13.77,32.61,0.0,0.0,21.01,39.13,0.0,3.62,6.52,18.12,23.91,60.14,Loyola Marymount Lions
"Eli Scott, Jalin Anderson, Joe Quintana, Keli Leaupepe, Kodye Pugh",80.0,145.5,4.15,106.20689655172413,102.05479452054796,106.21,102.76,60.0,101.38,10.34,23.45,0.0,0.0,13.79,27.59,0.0,4.14,2.07,12.41,26.9,41.38,Loyola Marymount Lions
"Dameane Douglas, Eli Scott, Jalin Anderson, Joe Quintana, Keli Leaupepe",165.0,312.0,-1.39,78.48101265822784,79.87012987012987,78.48,77.85,45.25,85.76,5.7,21.52,0.0,0.0,11.71,35.76,0.0,7.28,5.38,25.95,24.05,47.47,Loyola Marymount Lions
"Eli Scott, Ivan Alipiev, Jalin Anderson, Keli Leaupepe, Mattias Markusson",120.0,238.5,-5.59,89.7119341563786,95.2991452991453,89.71,91.77,52.67,93.0,7.41,17.7,0.0,0.0,11.93,29.22,0.0,7.0,1.23,18.93,22.22,41.15,Loyola Marymount Lions
"Eli Scott, Ivan Alipiev, Jalin Anderson, Joe Quintana, Mattias Markusson",80.0,128.5,-8.62,87.31343283582089,95.9349593495935,87.31,88.06,52.24,87.31,5.22,20.9,0.0,0.0,11.94,35.07,0.0,5.22,2.24,24.63,21.64,47.01,Loyola Marymount Lions
"Eli Scott, Jalin Anderson, Joe Quintana, Keli Leaupepe, Mattias Markusson",40.0,84.0,-9.29,87.34177215189874,96.62921348314607,87.34,108.86,46.84,88.61,7.59,18.99,0.0,0.0,12.66,27.85,0.0,8.86,2.53,24.05,30.38,40.51,Loyola Marymount Lions
"Ant Nelson, Elijah Buchanan, Ethan Lasko, Marques Watson, Warren Williams",120.0,209.5,11.01,78.92156862745098,67.90697674418604,78.92,71.57,40.69,97.06,10.78,35.29,0.0,0.0,16.67,38.24,0.0,11.76,5.88,19.61,29.9,54.91,Manhattan Jaspers
"Ant Nelson, Jason Douglas-Stanley, Nick Brennen, Samba Diallo, Warren Williams",45.0,82.5,3.14,85.8974358974359,82.75862068965517,85.9,92.31,46.15,103.85,10.26,33.33,0.0,0.0,23.08,20.51,0.0,10.26,3.85,19.23,37.18,43.59,Manhattan Jaspers
"Ant Nelson, Elijah Buchanan, Jason Douglas-Stanley, Marques Watson, Warren Williams",50.0,102.0,-2.94,77.45098039215686,80.3921568627451,77.45,80.39,46.08,100.98,5.88,27.45,0.0,0.0,18.63,30.39,0.0,10.78,2.94,17.65,27.45,49.02,Manhattan Jaspers
"Ant Nelson, Elijah Buchanan, Samba Diallo, Samir Stewart, Warren Williams",449.9,877.5,-4.85,82.53783469150174,87.38839285714286,82.54,91.15,46.22,101.98,6.98,26.43,0.0,0.0,19.91,30.15,0.0,9.9,4.77,17.93,30.38,50.06,Manhattan Jaspers
"Ant Nelson, Elijah Buchanan, Ethan Lasko, Samba Diallo, Warren Williams",40.0,76.5,-10.11,69.62025316455697,79.72972972972973,69.62,74.68,41.77,98.73,6.33,21.52,0.0,0.0,13.92,30.38,0.0,8.86,2.53,15.19,29.11,44.3,Manhattan Jaspers
"Ant Nelson, Elijah Buchanan, Jason Douglas-Stanley, Samba Diallo, Warren Williams",79.8,153.5,-12.87,79.74683544303798,92.61744966442953,79.75,87.34,48.1,88.61,5.7,26.58,0.0,0.0,14.56,27.22,0.0,10.13,4.43,25.95,23.42,41.78,Manhattan Jaspers
"Hakim Byrd, Jordan Jones, Matt Herasme, Tucker Lee, Tyler Saint-Furcy",40.0,76.5,17.99,85.52631578947368,67.53246753246754,85.53,68.42,43.42,90.79,10.53,38.16,0.0,0.0,11.84,51.32,0.0,9.21,1.32,21.05,15.79,63.16,Marist Red Foxes
"Matt Herasme, Raheim Sullivan, Ricardo Wright, Tyler Saint-Furcy, Victor Enoh",85.0,156.0,14.37,83.64779874213836,69.28104575163398,83.65,66.67,50.31,86.79,8.81,22.64,0.0,0.0,14.47,32.7,0.0,8.81,5.03,27.67,24.53,47.17,Marist Red Foxes
"Jordan Jones, Matt Herasme, Raheim Sullivan, Ricardo Wright, Tyler Saint-Furcy",40.0,69.5,6.73,92.64705882352942,85.91549295774648,92.65,89.71,41.18,89.71,19.12,45.59,0.0,0.0,11.76,44.12,0.0,8.82,4.41,22.06,22.06,55.88,Marist Red Foxes
"Braden Bell, Hakim Byrd, Jordan Jones, Ricardo Wright, Tyler Saint-Furcy",159.8,308.5,-0.07,78.24675324675324,78.31715210355988,78.25,78.57,44.16,95.45,9.42,29.87,0.0,0.0,13.96,37.01,0.0,6.82,4.87,18.51,25.32,50.97,Marist Red Foxes
"Braden Bell, Jordan Jones, Matt Herasme, Raheim Sullivan, Tyler Saint-Furcy",119.8,213.5,-1.0,84.97652582159625,85.98130841121495,84.98,86.38,44.6,93.9,9.86,27.23,0.0,0.0,13.15,41.31,0.0,5.16,4.69,19.25,26.76,54.46,Marist Red Foxes
"Braden Bell, Jordan Jones, Michael Cubbage, Raheim Sullivan, Ricardo Wright",80.0,156.0,-6.0,78.70967741935485,84.71337579617835,78.71,85.81,45.16,88.39,5.81,22.58,0.0,0.0,12.26,34.84,0.0,8.39,2.58,23.87,21.29,47.1,Marist Red Foxes
"Hakim Byrd, Javon Cooley, Jordan Jones, Matt Herasme, Ricardo Wright",160.0,283.0,-6.07,87.58865248226951,93.66197183098592,87.59,94.33,46.45,98.23,6.74,32.27,0.0,0.0,14.18,34.04,0.0,8.16,9.93,15.96,22.34,48.22,Marist Red Foxes
"Javon Cooley, Jordan Jones, Matt Herasme, Raheim Sullivan, Ricardo Wright",80.0,146.5,-11.52,94.8905109489051,106.41025641025641,94.89,121.17,43.8,91.24,14.6,38.69,0.0,0.0,9.49,34.31,0.0,3.65,6.57,18.25,28.47,43.8,Marist Red Foxes
"D.J. Carton, Dawson Garcia, Greg Elliott, Jamal Cain, Justin Lewis",40.0,83.0,0.78,89.53488372093024,88.75,89.53,82.56,52.33,93.02,6.98,26.74,0.0,0.0,9.3,37.21,0.0,5.81,4.65,16.28,16.28,46.51,Marquette Golden Eagles
"D.J. Carton, Dawson Garcia, Jamal Cain, Koby McEwen, Theo John",645.0,1192.0,-5.02,90.4156064461408,95.4356846473029,90.42,97.54,49.11,94.06,8.82,27.06,0.0,0.0,12.64,34.27,0.0,6.7,4.75,18.58,23.07,46.91,Marquette Golden Eagles
"D.J. Carton, Dawson Garcia, Greg Elliott, Jamal Cain, Theo John",80.0,146.0,-26.71,73.28767123287672,100.0,73.29,100.0,39.04,93.15,6.16,27.4,0.0,0.0,14.38,32.19,0.0,5.48,4.11,21.23,22.6,46.57,Marquette Golden Eagles
"Andrew Taylor, Goran Miladinovic, Jannson Williams, Jarrod West, Taevion Kinsey",80.0,158.0,15.42,101.30718954248366,85.88957055214725,101.31,91.5,50.33,99.35,12.42,36.6,0.0,0.0,13.07,37.25,0.0,7.19,5.88,13.73,20.92,50.32,Marshall Thundering Herd
"Andrew Taylor, Jannson Williams, Jarrod West, Mikel Beyers, Taevion Kinsey",80.0,148.5,7.83,98.62068965517241,90.78947368421053,98.62,95.17,48.28,99.31,13.1,40.0,0.0,0.0,13.79,38.62,0.0,11.03,6.9,14.48,19.31,52.41,Marshall Thundering Herd
"Andrew Taylor, Jannson Williams, Jarrod West, Obinna Anochili-Killen, Taevion Kinsey",399.0,800.0,7.37,101.49999999999999,94.125,101.5,94.12,51.25,98.75,11.75,31.87,0.0,0.0,11.5,31.37,0.0,8.88,5.5,12.75,18.12,42.87,Marshall Thundering Herd
"Andrew Taylor, David Early, Goran Miladinovic, Mikel Beyers, Taevion Kinsey",40.0,76.5,-7.38,91.25,98.63013698630137,91.25,90.0,46.25,91.25,12.5,22.5,0.0,0.0,8.75,30.0,0.0,15.0,2.5,17.5,12.5,38.75,Marshall Thundering Herd
"Aaron Wiggins, Darryl Morsell, Donta Scott, Eric Ayala, Hakim Hart",360.0,635.0,7.84,91.22257053291536,83.38607594936708,91.22,82.6,48.75,94.67,11.44,32.92,0.0,0.0,10.82,39.66,0.0,6.9,4.08,16.14,21.47,50.48,Maryland Terrapins
"Aaron Wiggins, Darryl Morsell, Eric Ayala, Galin Smith, Reese Mona",40.0,74.5,-0.99,84.72222222222221,85.71428571428571,84.72,91.67,41.67,84.72,11.11,29.17,0.0,0.0,2.78,41.67,0.0,6.94,5.56,18.06,26.39,44.45,Maryland Terrapins
"Aaron Wiggins, Darryl Morsell, Donta Scott, Eric Ayala, Galin Smith",200.0,362.5,-3.62,87.95518207282913,91.57608695652173,87.96,94.4,46.5,93.28,9.8,28.29,0.0,0.0,8.68,32.49,0.0,7.56,5.6,15.41,22.69,41.17,Maryland Terrapins
"Aaron Wiggins, Donta Scott, Eric Ayala, Hakim Hart, Jairus Hamilton",40.0,72.0,-4.17,97.22222222222221,101.38888888888889,97.22,101.39,48.61,109.72,13.89,38.89,0.0,0.0,16.67,34.72,0.0,6.94,4.17,6.94,25.0,51.39,Maryland Terrapins
"Aaron Wiggins, Donta Scott, Eric Ayala, Galin Smith, Jairus Hamilton",40.0,77.5,-13.77,82.27848101265823,96.05263157894737,82.28,92.41,48.1,92.41,6.33,24.05,0.0,0.0,7.59,35.44,0.0,6.33,2.53,15.19,18.99,43.03,Maryland Terrapins
"Aaron Wiggins, Darryl Morsell, Donta Scott, Galin Smith, Hakim Hart",80.0,153.5,-19.03,81.64556962025317,100.67114093959732,81.65,94.94,46.84,96.84,7.59,24.68,0.0,0.0,10.13,27.85,0.0,3.8,5.06,13.29,18.99,37.98,Maryland Terrapins
"Aaron Wiggins, Donta Scott, Eric Ayala, Galin Smith, Hakim Hart",40.0,77.5,-27.09,87.01298701298701,114.1025641025641,87.01,115.58,37.66,85.71,15.58,45.45,0.0,0.0,6.49,35.06,0.0,5.19,1.3,20.78,11.69,41.55,Maryland Terrapins
"A.J. Lawson, Carlos Rosario, Collin Warren, Dru Kuxhausen, KeyShawn Feazell",320.0,635.0,1.26,99.21383647798741,97.94952681388013,99.21,97.64,51.57,92.61,11.32,27.36,0.0,0.0,12.11,32.55,0.0,7.86,2.2,19.5,22.33,44.66,McNeese Cowboys
"Braelon Bush, Carlos Rosario, Collin Warren, Dru Kuxhausen, KeyShawn Feazell",40.0,69.5,-0.12,97.05882352941177,97.1830985915493,97.06,101.47,50.0,89.71,7.35,25.0,0.0,0.0,19.12,29.41,0.0,10.29,1.47,29.41,25.0,48.53,McNeese Cowboys
"A.J. Lawson, Carlos Rosario, Collin Warren, Harwin Francois, KeyShawn Feazell",40.0,78.5,-2.69,87.17948717948718,89.87341772151899,87.18,91.03,47.44,91.03,8.97,30.77,0.0,0.0,17.95,39.74,0.0,6.41,5.13,26.92,19.23,57.69,McNeese Cowboys
"A.J. Lawson, Carlos Rosario, Dru Kuxhausen, KeyShawn Feazell, Myles Hutchinson",40.0,90.0,-11.11,84.44444444444444,95.55555555555556,84.44,95.56,48.89,80.0,8.89,20.0,0.0,0.0,8.89,24.44,0.0,10.0,5.56,28.89,32.22,33.33,McNeese Cowboys
"A.J. Lawson, Carlos Rosario, Dru Kuxhausen, Harwin Francois, KeyShawn Feazell",80.0,140.0,-15.71,84.28571428571429,100.0,84.29,100.0,43.57,92.86,10.0,26.43,0.0,0.0,13.57,39.29,0.0,2.86,5.71,20.71,20.71,52.86,McNeese Cowboys
"A.J. Lawson, Dru Kuxhausen, Jeremy Harrell, KeyShawn Feazell, Myles Hutchinson",80.0,144.0,-17.36,94.44444444444444,111.80555555555556,94.44,111.81,49.31,95.14,8.33,25.0,0.0,0.0,15.97,30.56,0.0,4.86,0.0,20.83,24.31,46.53,McNeese Cowboys
"A.J. Lawson, Braelon Bush, Carlos Rosario, Chris Orlina, Dru Kuxhausen",40.0,85.5,-17.39,77.90697674418605,95.29411764705881,77.91,94.19,46.51,103.49,10.47,26.74,0.0,0.0,18.6,24.42,0.0,8.14,1.16,15.12,24.42,43.02,McNeese Cowboys
"DeAndre Williams, Jayden Hardaway, Landers Nolley II, Lester Quinones, Moussa Cisse",160.0,304.5,16.46,96.06557377049181,79.60526315789474,96.07,79.34,47.54,93.44,13.44,27.54,0.0,0.0,13.77,38.03,0.0,7.21,7.54,20.33,22.3,51.8,Memphis Tigers
"Boogie Ellis, DeAndre Williams, Landers Nolley II, Lester Quinones, Moussa Cisse",360.0,742.5,13.3,89.1745602165088,75.87131367292224,89.17,76.59,48.71,96.75,9.2,25.58,0.0,0.0,18.0,33.56,0.0,12.45,4.74,21.24,24.36,51.56,Memphis Tigers
"Alex Lomax, D.J. Jeffries, DeAndre Williams, Lester Quinones, Moussa Cisse",40.0,70.5,4.37,83.82352941176471,79.45205479452055,83.82,85.29,45.59,89.71,5.88,22.06,0.0,0.0,20.59,35.29,0.0,11.76,4.41,30.88,29.41,55.88,Memphis Tigers
"D.J. Jeffries, Damion Baugh, Landers Nolley II, Lester Quinones, Moussa Cisse",40.0,85.5,3.86,91.95402298850574,88.09523809523809,91.95,85.06,52.87,108.05,9.2,25.29,0.0,0.0,25.29,32.18,0.0,8.05,3.45,17.24,22.99,57.47,Memphis Tigers
"D.J. Jeffries, DeAndre Williams, Landers Nolley II, Lester Quinones, Moussa Cisse",80.0,144.0,-3.11,74.82517482517483,77.93103448275862,74.83,79.02,39.86,95.8,6.29,23.78,0.0,0.0,20.28,38.46,0.0,14.69,9.09,24.48,25.17,58.74,Memphis Tigers
"Felipe Haase, Jacksen Greco, James Glisson III, Neftali Alvarez, Ross Cummings",85.0,155.5,27.57,109.74025974025975,82.16560509554141,109.74,83.77,53.9,94.16,12.99,31.82,0.0,0.0,10.39,40.26,0.0,9.74,1.95,16.23,16.23,50.65,Mercer Bears
"Felipe Haase, James Glisson III, Jeffrey Gary, Neftali Alvarez, Ross Cummings",200.0,367.5,4.75,94.5054945054945,89.75741239892183,94.51,91.48,47.53,96.43,10.44,30.77,0.0,0.0,12.36,41.21,0.0,9.34,2.75,15.93,17.86,53.57,Mercer Bears
"Felipe Haase, Jeffrey Gary, Maciej Bender, Neftali Alvarez, Ross Cummings",240.0,462.5,3.2,100.21929824561404,97.01492537313433,100.22,99.78,52.41,95.83,10.09,28.07,0.0,0.0,10.31,35.09,0.0,8.11,4.17,14.47,24.56,45.4,Mercer Bears
"Felipe Haase, James Glisson III, Leon Ayers III, Neftali Alvarez, Ross Cummings",255.0,474.5,1.04,91.77215189873418,90.73684210526316,91.77,90.93,47.26,92.62,10.97,29.11,0.0,0.0,9.92,29.96,0.0,10.13,3.38,17.3,18.99,39.88,Mercer Bears
"Felipe Haase, Jeffrey Gary, Kamar Robertson, Maciej Bender, Ross Cummings",40.0,82.5,-7.23,95.23809523809523,102.46913580246914,95.24,98.81,51.19,88.1,8.33,21.43,0.0,0.0,10.71,32.14,0.0,9.52,4.76,22.62,15.48,42.85,Mercer Bears
"Felipe Haase, Jeffrey Gary, Leon Ayers III, Maciej Bender, Ross Cummings",40.0,72.0,-20.93,85.91549295774648,106.84931506849315,85.92,109.86,40.85,100.0,12.68,38.03,0.0,0.0,16.9,35.21,0.0,7.04,2.82,16.9,15.49,52.11,Mercer Bears
"Devin Jensen, Jordan Minor, Mikey Watkins, Mykel Derring, Ziggy Reid",683.6,1310.0,-0.55,85.71428571428571,86.2670713201821,85.71,87.33,45.55,91.86,8.83,28.57,0.0,0.0,9.29,31.03,0.0,10.37,5.07,17.43,22.12,40.32,Merrimack Warriors
"Dae Dae Grant, Dalonte Brown, Mekhi Lairy, Myja White, Precious Ayah",245.0,450.0,10.92,98.42342342342343,87.5,98.42,89.86,49.32,100.0,13.29,34.23,0.0,0.0,15.54,37.39,0.0,4.5,2.93,15.54,22.75,52.93,Miami (OH) Redhawks
"Dae Dae Grant, Dalonte Brown, James Beck, Josh Brewer, Mekhi Lairy",80.0,139.0,-0.83,95.62043795620438,96.45390070921985,95.62,99.27,47.45,94.16,13.14,29.93,0.0,0.0,13.14,32.12,0.0,8.03,2.19,18.98,19.71,45.26,Miami (OH) Redhawks
"Dae Dae Grant, Dalonte Brown, Elijah McNamara, Mekhi Lairy, Myja White",360.0,690.5,-1.15,98.56115107913669,99.70845481049562,98.56,98.42,53.24,99.14,10.22,29.93,0.0,0.0,13.09,30.65,0.0,6.19,3.02,13.96,23.02,43.74,Miami (OH) Redhawks
"Dae Dae Grant, Dalonte Brown, James Beck, Mekhi Lairy, Precious Ayah",40.0,84.0,-26.72,75.60975609756098,102.32558139534885,75.61,107.32,41.46,97.56,7.32,30.49,0.0,0.0,8.54,28.05,0.0,6.1,3.66,10.98,25.61,36.59,Miami (OH) Redhawks
"Anthony Walker, Elijah Olaniyi, Harlond Beverly, Isaiah Wong, Kameron McGusty",40.0,74.5,6.8,105.47945205479452,98.68421052631578,105.48,102.74,53.42,98.63,9.59,17.81,0.0,0.0,17.81,30.14,0.0,12.33,6.85,19.18,15.07,47.95,Miami Hurricanes
"Deng Gak, Elijah Olaniyi, Kameron McGusty, Nysier Brooks, Willie Herenton",40.0,80.5,3.77,98.76543209876543,95.0,98.77,93.83,56.79,109.88,8.64,29.63,0.0,0.0,18.52,34.57,0.0,7.41,7.41,8.64,17.28,53.09,Miami Hurricanes
"Elijah Olaniyi, Harlond Beverly, Isaiah Wong, Matt Cross, Nysier Brooks",40.0,70.0,-4.1,91.54929577464789,95.65217391304348,91.55,92.96,49.3,94.37,9.86,23.94,0.0,0.0,16.9,36.62,0.0,9.86,4.23,22.54,18.31,53.52,Miami Hurricanes
"Earl Timberlake, Harlond Beverly, Isaiah Wong, Matt Cross, Nysier Brooks",120.0,229.0,-9.83,82.68398268398268,92.51101321585902,82.68,90.91,48.92,96.54,4.33,19.05,0.0,0.0,13.42,32.9,0.0,10.39,5.63,16.88,17.75,46.32,Miami Hurricanes
"Anthony Walker, Deng Gak, Harlond Beverly, Isaiah Wong, Kameron McGusty",40.0,66.0,-12.68,84.375,97.05882352941177,84.38,103.12,35.94,92.19,14.06,25.0,0.0,0.0,9.38,43.75,0.0,10.94,9.38,17.19,18.75,53.13,Miami Hurricanes
"Anthony Walker, Elijah Olaniyi, Harlond Beverly, Isaiah Wong, Nysier Brooks",160.0,313.5,-13.26,84.81012658227847,98.07073954983923,84.81,96.52,45.25,93.67,8.54,29.75,0.0,0.0,12.97,31.96,0.0,6.96,4.11,19.3,18.35,44.93,Miami Hurricanes
"Anthony Walker, Elijah Olaniyi, Isaiah Wong, Kameron McGusty, Nysier Brooks",325.0,585.5,-16.26,87.27272727272727,103.53356890459364,87.27,96.86,49.26,96.2,7.11,22.98,0.0,0.0,12.07,31.07,0.0,6.94,3.64,15.87,13.39,43.14,Miami Hurricanes
"Elijah Olaniyi, Harlond Beverly, Isaiah Wong, Kameron McGusty, Nysier Brooks",40.0,75.5,-18.62,77.21518987341773,95.83333333333334,77.22,87.34,43.04,112.66,6.33,27.85,0.0,0.0,18.99,34.18,0.0,7.59,5.06,6.33,12.66,53.17,Miami Hurricanes
"Elijah Olaniyi, Isaiah Wong, Kameron McGusty, Matt Cross, Nysier Brooks",40.0,72.0,-21.99,80.82191780821918,102.8169014084507,80.82,100.0,43.84,98.63,4.11,30.14,0.0,0.0,12.33,27.4,0.0,15.07,4.11,13.7,17.81,39.73,Miami Hurricanes
"Anthony Walker, Harlond Beverly, Isaiah Wong, Kameron McGusty, Nysier Brooks",40.0,75.5,-30.13,76.62337662337663,106.75675675675676,76.62,102.6,38.96,92.21,11.69,29.87,0.0,0.0,9.09,20.78,0.0,12.99,2.6,16.88,12.99,29.87,Miami Hurricanes
"A.J. Hoggard, Aaron Henry, Joey Hauser, Joshua Langford, Thomas Kithier",120.0,233.5,10.66,87.28813559322035,76.62337662337663,87.29,75.0,51.69,91.53,6.78,21.19,0.0,0.0,10.59,34.75,0.0,6.36,9.32,19.07,24.58,45.34,Michigan State Spartans
"A.J. Hoggard, Aaron Henry, Joshua Langford, Julius Marble, Malik Hall",119.9,227.0,8.81,92.95154185022027,84.14096916299559,92.95,84.14,54.19,102.64,6.61,19.82,0.0,0.0,16.3,36.56,0.0,6.61,7.05,13.66,25.99,52.86,Michigan State Spartans
"Aaron Henry, Foster Loyer, Joey Hauser, Joshua Langford, Marcus Bingham Jr.",80.0,158.0,7.09,93.5064935064935,86.41975308641975,93.51,90.91,48.7,103.9,11.69,33.77,0.0,0.0,23.38,37.01,0.0,6.49,7.14,19.48,33.77,60.39,Michigan State Spartans
"Aaron Henry, Gabe Brown, Joshua Langford, Julius Marble, Rocket Watts",120.0,227.5,1.45,92.82511210762333,91.37931034482759,92.83,95.07,52.02,101.35,7.17,22.87,0.0,0.0,15.25,32.74,0.0,5.83,7.62,13.9,28.7,47.99,Michigan State Spartans
"A.J. Hoggard, Aaron Henry, Joshua Langford, Malik Hall, Marcus Bingham Jr.",40.0,74.0,-8.41,90.27777777777779,98.68421052631578,90.28,104.17,48.61,97.22,9.72,22.22,0.0,0.0,19.44,34.72,0.0,2.78,2.78,22.22,34.72,54.16,Michigan State Spartans
"Aaron Henry, Joey Hauser, Joshua Langford, Rocket Watts, Thomas Kithier",120.0,242.5,-12.33,85.65400843881856,97.98387096774194,85.65,102.53,47.26,98.73,8.86,27.85,0.0,0.0,12.24,29.96,0.0,4.64,1.27,13.5,27.85,42.2,Michigan State Spartans
"Aaron Henry, Joshua Langford, Julius Marble, Malik Hall, Rocket Watts",80.0,155.0,-16.31,70.39473684210526,86.70886075949366,70.39,90.13,40.13,91.45,2.63,16.45,0.0,0.0,11.18,31.58,0.0,7.89,5.26,19.74,26.97,42.76,Michigan State Spartans
"Aaron Henry, Foster Loyer, Joshua Langford, Malik Hall, Marcus Bingham Jr.",80.0,143.5,-18.87,82.51748251748252,101.38888888888889,82.52,102.1,44.06,103.5,6.99,25.17,0.0,0.0,16.78,37.76,0.0,5.59,3.5,13.29,24.48,54.54,Michigan State Spartans
"Foster Loyer, Joey Hauser, Joshua Langford, Rocket Watts, Thomas Kithier",40.0,83.0,-28.14,68.29268292682927,96.42857142857143,68.29,98.78,39.02,107.32,7.32,30.49,0.0,0.0,14.63,29.27,0.0,4.88,2.44,7.32,18.29,43.9,Michigan State Spartans
"A.J. Hoggard, Aaron Henry, Joey Hauser, Rocket Watts, Thomas Kithier",40.0,66.5,-39.29,57.8125,97.10144927536231,57.81,104.69,26.56,95.31,6.25,31.25,0.0,0.0,28.12,31.25,0.0,6.25,6.25,32.81,23.44,59.37,Michigan State Spartans
"Eli Brooks, Franz Wagner, Hunter Dickinson, Isaiah Livers, Mike Smith",680.0,1257.5,14.38,100.4746835443038,86.09112709832134,100.47,85.21,53.56,97.39,10.21,24.92,0.0,0.0,11.87,37.26,0.0,5.93,5.7,14.48,20.02,49.13,Michigan Wolverines
"Brandon Johns Jr., Eli Brooks, Franz Wagner, Hunter Dickinson, Mike Smith",40.0,71.0,-4.09,93.05555555555556,97.14285714285714,93.06,94.44,56.94,111.11,8.33,26.39,0.0,0.0,13.89,36.11,0.0,4.17,6.94,2.78,22.22,50.0,Michigan Wolverines
"Chaundee Brown Jr., Franz Wagner, Hunter Dickinson, Isaiah Livers, Mike Smith",40.0,78.5,-21.86,73.07692307692307,94.9367088607595,73.08,96.15,37.18,89.74,7.69,28.21,0.0,0.0,15.38,34.62,0.0,5.13,1.28,25.64,19.23,50.0,Michigan Wolverines
"Deandre Dishman, Dontrell Shuler, Jayce Johnson, Jo'Vontae Millner-Criss, Jordan Davis",120.0,210.5,-8.71,84.688995215311,93.39622641509435,84.69,94.74,41.63,91.87,10.05,28.23,0.0,0.0,12.92,31.1,0.0,9.09,3.83,21.05,22.49,44.02,Middle Tennessee Blue Raiders
"Deandre Dishman, Eli Lawrence, Jalen Jordan, Jo'Vontae Millner-Criss, Jordan Davis",40.0,76.5,-11.27,88.73239436619718,100.0,88.73,115.49,45.07,87.32,11.27,30.99,0.0,0.0,7.04,22.54,0.0,12.68,1.41,19.72,30.99,29.58,Middle Tennessee Blue Raiders
"Deandre Dishman, Donovan Sims, Jalen Jordan, Jo'Vontae Millner-Criss, Jordan Davis",160.0,312.5,-13.66,74.36708860759494,88.02588996763754,74.37,86.08,39.87,93.04,7.91,29.75,0.0,0.0,14.24,33.86,0.0,8.86,2.22,21.2,17.72,48.1,Middle Tennessee Blue Raiders
"Deandre Dishman, Dontrell Shuler, Eli Lawrence, Jo'Vontae Millner-Criss, Jordan Davis",40.0,75.5,-14.58,70.4225352112676,85.0,70.42,95.77,39.44,101.41,7.04,32.39,0.0,0.0,16.9,33.8,0.0,7.04,2.82,15.49,23.94,50.7,Middle Tennessee Blue Raiders
"Deandre Dishman, Eli Lawrence, Jalen Jordan, Jayce Johnson, Jordan Davis",40.0,74.5,-15.8,69.33333333333334,85.13513513513513,69.33,84.0,42.67,101.33,5.33,26.67,0.0,0.0,16.0,28.0,0.0,9.33,2.67,14.67,24.0,44.0,Middle Tennessee Blue Raiders
"Deandre Dishman, Jalen Jordan, Jayce Johnson, Jo'Vontae Millner-Criss, Jordan Davis",279.7,525.5,-17.93,87.73946360153256,105.6710775047259,87.74,107.09,43.87,95.4,12.84,32.95,0.0,0.0,13.22,31.42,0.0,8.24,2.87,17.82,18.58,44.64,Middle Tennessee Blue Raiders
"Amir Allen, CJ Wilbourn, DeAndre Gholston, Donovan Newby, Te'Jon Lucas",40.0,86.0,10.29,97.6470588235294,87.35632183908046,97.65,89.41,57.65,98.82,7.06,22.35,0.0,0.0,12.94,37.65,0.0,5.88,3.53,14.12,24.71,50.59,Milwaukee Panthers
"Amir Allen, Courtney Brown Jr., DeAndre Gholston, Josh Thomas, Te'Jon Lucas",255.0,515.5,2.59,94.01544401544402,91.42300194931774,94.02,90.54,51.54,103.86,8.3,25.48,0.0,0.0,15.06,30.89,0.0,6.76,2.9,11.2,21.62,45.95,Milwaukee Panthers
"CJ Wilbourn, DeAndre Gholston, Grant Coleman, Josh Thomas, Te'Jon Lucas",285.0,584.5,-0.47,86.07809847198642,86.55172413793103,86.08,85.23,47.54,93.89,9.34,29.71,0.0,0.0,8.49,31.92,0.0,7.98,2.21,14.6,21.05,40.41,Milwaukee Panthers
"CJ Wilbourn, Courtney Brown Jr., DeAndre Gholston, Josh Thomas, Te'Jon Lucas",40.0,74.0,-1.61,94.44444444444444,96.05263157894737,94.44,101.39,47.22,97.22,11.11,33.33,0.0,0.0,9.72,36.11,0.0,5.56,1.39,12.5,22.22,45.83,Milwaukee Panthers
"Amir Allen, Courtney Brown Jr., DeAndre Gholston, Donovan Newby, Te'Jon Lucas",40.0,81.5,-3.11,105.12820512820514,108.23529411764706,105.13,117.95,56.41,106.41,8.97,25.64,0.0,0.0,14.1,24.36,0.0,8.97,0.0,7.69,25.64,38.46,Milwaukee Panthers
"CJ Wilbourn, Courtney Brown Jr., DeAndre Gholston, Donovan Newby, Te'Jon Lucas",120.0,243.0,-16.86,89.75409836065575,106.61157024793388,89.75,105.74,48.36,95.08,8.2,20.9,0.0,0.0,11.07,27.87,0.0,6.56,3.28,15.98,23.77,38.94,Milwaukee Panthers
"Both Gach, Brandon Johnson, Gabe Kalscheur, Liam Robbins, Marcus Carr",280.0,535.0,-2.39,86.48148148148148,88.86792452830188,86.48,87.22,47.41,101.67,8.89,33.52,0.0,0.0,15.19,34.26,0.0,7.78,5.19,13.52,21.85,49.45,Minnesota Golden Gophers
"Brandon Johnson, Gabe Kalscheur, Liam Robbins, Marcus Carr, Tre' Williams",200.0,372.5,-3.77,92.20430107526882,95.97855227882037,92.2,96.24,49.19,105.91,10.48,36.02,0.0,0.0,19.89,29.03,0.0,7.26,5.65,13.98,25.27,48.92,Minnesota Golden Gophers
"Brandon Johnson, Eric Curry, Jamal Mashburn Jr., Marcus Carr, Tre' Williams",205.0,416.5,-9.4,81.97115384615384,91.36690647482014,81.97,91.59,46.88,104.33,7.45,31.97,0.0,0.0,17.31,29.81,0.0,8.89,4.33,12.98,24.04,47.12,Minnesota Golden Gophers
"Both Gach, Gabe Kalscheur, Isaiah Ihnen, Liam Robbins, Marcus Carr",85.0,186.0,-14.85,87.89473684210526,102.74725274725273,87.89,98.42,49.47,103.68,12.63,37.37,0.0,0.0,12.63,26.84,0.0,5.26,5.79,8.95,22.11,39.47,Minnesota Golden Gophers
"Brandon Johnson, Jamal Mashburn Jr., Liam Robbins, Marcus Carr, Tre' Williams",80.0,158.0,-24.7,85.98726114649682,110.69182389937107,85.99,112.1,49.04,100.64,7.64,22.93,0.0,0.0,17.2,20.38,0.0,6.37,8.28,16.56,24.2,37.58,Minnesota Golden Gophers
"Abdul Ado, DJ Stewart, Deivon Smith, Derek Fountain, Tolu Smith",40.0,77.0,21.39,86.25,64.86486486486487,86.25,60.0,51.25,91.25,5.0,15.0,0.0,0.0,17.5,46.25,0.0,10.0,7.5,26.25,18.75,63.75,Mississippi State Bulldogs
"Abdul Ado, DJ Stewart, Iverson Molinar, Jalen Johnson, Tolu Smith",330.0,604.0,-3.85,88.81578947368422,92.66666666666666,88.82,91.45,50.66,99.84,4.44,14.8,0.0,0.0,18.42,35.53,0.0,9.38,7.24,18.59,17.93,53.95,Mississippi State Bulldogs
"Abdul Ado, DJ Stewart, Deivon Smith, Iverson Molinar, Tolu Smith",160.0,307.5,-5.7,87.41935483870968,93.11475409836065,87.42,91.61,47.42,95.81,8.39,23.23,0.0,0.0,18.71,32.9,0.0,8.06,4.52,22.9,21.94,51.61,Mississippi State Bulldogs
"Abdul Ado, Cameron Matthews, DJ Stewart, Iverson Molinar, Tolu Smith",40.0,74.5,-9.61,67.10526315789474,76.71232876712328,67.11,73.68,42.11,96.05,3.95,17.11,0.0,0.0,19.74,35.53,0.0,11.84,5.26,23.68,26.32,55.27,Mississippi State Bulldogs
"Abdul Ado, DJ Stewart, Derek Fountain, Iverson Molinar, Tolu Smith",200.0,354.0,-12.61,84.8314606741573,97.44318181818183,84.83,96.35,44.94,93.82,5.9,23.31,0.0,0.0,16.01,37.64,0.0,6.46,6.46,22.19,18.54,53.65,Mississippi State Bulldogs
"Caleb Hunter, Kam'Ron Blue, Keiondre Jefferson, Lee'Andre Howard, Terry Collins",200.0,421.5,-24.14,76.32850241545893,100.46620046620048,76.33,104.11,40.1,90.82,10.39,28.99,0.0,0.0,13.29,32.61,0.0,6.04,3.14,22.46,21.26,45.9,Mississippi Valley State Delta Devils
"Caleb Hunter, Keiondre Jefferson, Lee'Andre Howard, Terry Collins, Treylan Smith",39.8,70.5,-25.56,86.76470588235294,112.32876712328768,86.76,120.59,39.71,104.41,13.24,32.35,0.0,0.0,17.65,27.94,0.0,10.29,2.94,13.24,25.0,45.59,Mississippi Valley State Delta Devils
"Caleb Hunter, Devin Gordon, Keiondre Jefferson, Lee'Andre Howard, Terry Collins",40.0,80.0,-33.75,80.0,113.75,80.0,113.75,43.75,103.75,8.75,35.0,0.0,0.0,21.25,33.75,0.0,7.5,5.0,17.5,18.75,55.0,Mississippi Valley State Delta Devils
"Caleb Hunter, Devin Gordon, Ronald Williams, Terry Collins, Treylan Smith",40.0,89.5,-36.7,61.1764705882353,97.87234042553192,61.18,108.24,34.12,96.47,5.88,24.71,0.0,0.0,18.82,30.59,0.0,7.06,3.53,22.35,28.24,49.41,Mississippi Valley State Delta Devils
"Demarcus Sharp, Gaige Prim, Isiaih Mosley, Keaton Hervey, Spencer Brown",80.0,131.5,27.31,110.76923076923077,83.45864661654136,110.77,85.38,49.23,92.31,19.23,38.46,0.0,0.0,13.08,39.23,0.0,12.31,5.38,20.77,16.92,52.31,Missouri State Bears
"Gaige Prim, Isiaih Mosley, JaMonta' Black, Jared Ridder, Keaton Hervey",320.0,641.0,4.09,91.9629057187017,87.8740157480315,91.96,86.24,51.78,92.74,8.66,27.2,0.0,0.0,9.89,37.71,0.0,5.87,3.09,17.16,20.87,47.6,Missouri State Bears
"Demarcus Sharp, Gaige Prim, Isiaih Mosley, JaMonta' Black, Keaton Hervey",399.9,713.0,1.21,91.84247538677918,90.62937062937063,91.84,91.14,48.95,94.94,8.16,24.89,0.0,0.0,11.11,38.68,0.0,5.2,4.36,16.17,20.11,49.79,Missouri State Bears
"Dru Smith, Kobe Brown, Mark Smith, Mitchell Smith, Xavier Pinson",80.0,166.0,6.38,98.14814814814815,91.76470588235294,98.15,96.3,53.09,93.83,9.26,28.4,0.0,0.0,7.41,32.1,0.0,9.26,4.94,13.58,25.93,39.51,Missouri Tigers
"Dru Smith, Javon Pickett, Jeremiah Tilmon Jr., Kobe Brown, Xavier Pinson",40.0,85.5,-1.1,84.26966292134831,85.36585365853658,84.27,78.65,47.19,97.75,10.11,23.6,0.0,0.0,11.24,30.34,0.0,8.99,3.37,13.48,17.98,41.58,Missouri Tigers
"Dru Smith, Jeremiah Tilmon Jr., Kobe Brown, Mark Smith, Xavier Pinson",520.0,1026.5,-2.31,87.2423945044161,89.55512572533848,87.24,90.87,47.69,96.96,8.05,26.01,0.0,0.0,14.52,30.03,0.0,9.91,5.2,17.57,25.22,44.55,Missouri Tigers
"Deion Hammond, George Papas, Melik Martin, Nikkei Rutty, Samuel Chaput",240.0,522.5,5.67,89.82725527831093,84.16030534351145,89.83,84.64,48.94,93.86,8.45,22.65,0.0,0.0,11.32,33.21,0.0,7.49,3.45,17.47,24.57,44.53,Monmouth Hawks
"Deion Hammond, George Papas, Melik Martin, Myles Ruth, Nikkei Rutty",85.0,172.5,1.75,80.57142857142857,78.82352941176471,80.57,76.57,47.43,101.71,6.29,22.29,0.0,0.0,19.43,34.86,0.0,8.0,5.71,17.71,25.71,54.29,Monmouth Hawks
"Deion Hammond, George Papas, Marcus McClary, Melik Martin, Myles Ruth",450.0,944.5,1.01,86.10526315789474,85.09052183173588,86.11,84.11,49.16,98.21,8.84,24.95,0.0,0.0,12.74,31.89,0.0,10.53,4.21,14.53,23.26,44.63,Monmouth Hawks
"Brandon Whitney, Derrick Carter-Hollinger Jr., Josh Vazquez, Kyle Owens, Michael Steadman",80.0,160.0,11.09,103.94736842105263,92.85714285714286,103.95,102.63,57.24,97.37,10.53,22.37,0.0,0.0,11.84,22.37,0.0,5.92,3.29,14.47,31.58,34.21,Montana Grizzlies
"Brandon Whitney, Eddy Egun, Josh Bannan, Josh Vazquez, Michael Steadman",40.0,73.0,2.94,100.0,97.05882352941177,100.0,84.62,64.1,101.28,5.13,16.67,0.0,0.0,12.82,26.92,0.0,5.13,1.28,11.54,25.64,39.74,Montana Grizzlies
"Brandon Whitney, Eddy Egun, Josh Vazquez, Kyle Owens, Michael Steadman",50.0,89.0,-0.23,96.51162790697676,96.73913043478261,96.51,103.49,52.33,103.49,6.98,18.6,0.0,0.0,15.12,37.21,0.0,2.33,1.16,11.63,32.56,52.33,Montana Grizzlies
"Brandon Whitney, Cameron Parker, Kyle Owens, Mack Anderson, Robby Beasley III",45.0,86.0,-0.27,77.77777777777779,78.04878048780488,77.78,71.11,46.67,83.33,4.44,11.11,0.0,0.0,10.0,37.78,0.0,6.67,8.89,26.67,18.89,47.78,Montana Grizzlies
"Brandon Whitney, Josh Bannan, Josh Vazquez, Kyle Owens, Michael Steadman",159.6,276.0,-0.69,86.07142857142858,86.76470588235294,86.07,84.29,49.29,93.57,6.79,18.21,0.0,0.0,11.07,36.07,0.0,5.71,5.36,17.5,23.93,47.14,Montana Grizzlies
"Brandon Whitney, Josh Bannan, Kyle Owens, Mack Anderson, Robby Beasley III",240.0,462.0,-4.98,86.14718614718615,91.12554112554112,86.15,91.13,48.92,93.94,7.79,23.38,0.0,0.0,11.04,32.03,0.0,7.58,3.68,17.1,25.32,43.07,Montana Grizzlies
"Brandon Whitney, Cameron Parker, Kyle Owens, Michael Steadman, Robby Beasley III",40.0,66.5,-6.2,84.84848484848484,91.04477611940298,84.85,92.42,48.48,90.91,4.55,13.64,0.0,0.0,10.61,27.27,0.0,9.09,0.0,19.7,27.27,37.88,Montana Grizzlies
"Brandon Whitney, Josh Bannan, Josh Vazquez, Kyle Owens, Mack Anderson",40.0,81.5,-13.43,95.0,108.43373493975903,95.0,112.5,52.5,101.25,8.75,22.5,0.0,0.0,16.25,30.0,0.0,5.0,0.0,15.0,30.0,46.25,Montana Grizzlies
"Abdul Mohamed, Amin Adamu, Devin Kirby, Jubrile Belo, Xavier Bishop",245.0,474.5,0.85,89.14405010438414,88.29787234042553,89.14,86.64,54.07,97.7,5.22,17.75,0.0,0.0,13.78,30.9,0.0,9.19,3.13,16.08,22.96,44.68,Montana State Bobcats
"Abdul Mohamed, Amin Adamu, Jubrile Belo, Tyler Patterson, Xavier Bishop",445.0,864.0,-1.99,90.9090909090909,92.89871944121072,90.91,91.83,51.78,96.66,7.59,24.17,0.0,0.0,12.2,30.96,0.0,6.67,2.53,15.54,23.36,43.16,Montana State Bobcats
"DeVon Cooper, James Baker, Johni Broome, KJ Hunt, Skyelar Potter",650.0,1208.0,10.11,93.95161290322581,83.84353741496598,93.95,79.52,52.18,95.73,8.71,21.45,0.0,0.0,13.55,36.85,0.0,5.89,6.69,17.82,16.77,50.4,Morehead State Eagles
"DeVon Cooper, James Baker, Johni Broome, Skyelar Potter, Ta'lon Cooper",40.0,79.0,9.5,96.34146341463415,86.8421052631579,96.34,80.49,53.66,101.22,9.76,24.39,0.0,0.0,20.73,34.15,0.0,10.98,3.66,19.51,15.85,54.88,Morehead State Eagles
"DeVon Cooper, James Baker, KJ Hunt, LJ Bryan, Skyelar Potter",120.0,216.0,6.35,81.69014084507043,75.34246575342466,81.69,77.46,44.6,98.59,6.57,26.76,0.0,0.0,17.84,38.03,0.0,6.57,7.98,19.25,22.07,55.87,Morehead State Eagles
"DeVon Cooper, Johni Broome, Julius Dixon, Skyelar Potter, Ta'lon Cooper",80.0,163.5,0.94,83.33333333333334,82.38993710691824,83.33,77.98,48.81,93.45,6.55,26.19,0.0,0.0,16.07,31.55,0.0,5.36,7.74,22.62,20.24,47.62,Morehead State Eagles
"DeVon Cooper, James Baker, Johni Broome, Julius Dixon, Ta'lon Cooper",40.0,77.5,-5.03,87.17948717948718,92.20779220779221,87.18,91.03,42.31,69.23,7.69,16.67,0.0,0.0,3.85,38.46,0.0,3.85,5.13,34.62,16.67,42.31,Morehead State Eagles
"Lagio Grantsaan, Malik Miller, Sherwyn Devonish, Trevor Moore, Troy Baxter Jr.",479.7,1082.0,5.0,87.78696051423324,82.7906976744186,87.79,81.73,49.86,98.53,9.09,27.73,0.0,0.0,16.44,31.13,0.0,8.36,4.59,17.91,23.69,47.57,Morgan State Bears
"Malik Miller, Sherwyn Devonish, Trevor Moore, Troy Baxter Jr., Victor Okafor",40.0,80.0,4.57,85.52631578947368,80.95238095238095,85.53,89.47,47.37,103.95,5.26,28.95,0.0,0.0,19.74,23.68,0.0,7.89,3.95,15.79,30.26,43.42,Morgan State Bears
"De'Torrion Ware, Lagio Grantsaan, Malik Miller, Sherwyn Devonish, Trevor Moore",40.0,86.5,1.19,101.19047619047619,100.0,101.19,105.95,48.81,96.43,15.48,34.52,0.0,0.0,13.1,29.76,0.0,4.76,1.19,16.67,32.14,42.86,Morgan State Bears
"Damian Chong Qui, Jalen Gibbs, Malik Jefferson, Mezie Offurum, Nana Opoku",39.9,67.5,28.12,111.94029850746267,83.82352941176471,111.94,85.07,56.72,104.48,10.45,40.3,0.0,0.0,13.43,40.3,0.0,5.97,10.45,8.96,25.37,53.73,Mount St. Mary's Mountaineers
"Damian Chong Qui, Josh Reaves, Malik Jefferson, Mezie Offurum, Nana Opoku",689.0,1215.0,4.16,89.49545078577337,85.33988533988534,89.5,86.19,48.22,99.42,9.18,26.72,0.0,0.0,17.87,38.79,0.0,6.12,5.96,18.44,21.42,56.66,Mount St. Mary's Mountaineers
"Chico Carter Jr., Demond Robinson, Dionte Bostick, KJ Williams, Tevin Brown",240.0,449.5,22.16,104.40528634361232,82.24719101123596,104.41,80.62,53.96,96.04,11.67,28.85,0.0,0.0,11.67,35.9,0.0,9.69,3.3,15.64,22.03,47.57,Murray State Racers
"DaQuan Smith, Demond Robinson, Dionte Bostick, KJ Williams, Tevin Brown",280.0,507.5,11.91,100.79681274900398,88.88888888888889,100.8,90.84,49.8,100.6,13.94,36.25,0.0,0.0,14.94,33.07,0.0,9.36,5.58,14.34,21.71,48.01,Murray State Racers
"Brion Whitley, Demond Robinson, Justice Hill, KJ Williams, Tevin Brown",120.0,217.5,8.13,97.67441860465115,89.54545454545455,97.67,91.63,52.09,89.3,7.44,25.58,0.0,0.0,9.77,31.16,0.0,9.77,3.72,20.47,23.72,40.93,Murray State Racers
"Brion Whitley, Jackson Sivills, Justice Hill, KJ Williams, Tevin Brown",40.0,77.5,-5.48,72.72727272727273,78.2051282051282,72.73,79.22,42.86,101.3,6.49,25.97,0.0,0.0,22.08,33.77,0.0,6.49,7.79,20.78,31.17,55.85,Murray State Racers
"DaQuan Smith, Demond Robinson, Justice Hill, KJ Williams, Tevin Brown",40.0,76.5,-6.63,89.47368421052632,96.1038961038961,89.47,97.37,43.42,85.53,11.84,28.95,0.0,0.0,15.79,30.26,0.0,11.84,7.89,30.26,21.05,46.05,Murray State Racers
"Chico Carter Jr., Dionte Bostick, KJ Williams, Nicholas McMullen, Tevin Brown",125.0,217.0,-11.98,92.16589861751152,104.14746543778801,92.17,104.15,46.54,100.92,11.52,32.72,0.0,0.0,16.59,34.1,0.0,5.99,3.69,15.67,22.12,50.69,Murray State Racers
"Cam Hayes, D.J. Funderburk, Dereon Seabron, Jericole Hellems, Manny Bates",239.8,446.0,1.94,95.35398230088495,93.4090909090909,95.35,90.93,54.2,98.67,8.41,21.9,0.0,0.0,12.83,30.09,0.0,8.63,5.97,14.16,21.02,42.92,NC State Wolfpack
"Braxton Beverly, Devon Daniels, Jericole Hellems, Manny Bates, Thomas Allen",120.0,243.0,1.05,90.83665338645417,89.7872340425532,90.84,84.06,51.0,95.22,7.97,20.32,0.0,0.0,14.34,25.1,0.0,11.16,5.98,19.12,20.32,39.44,NC State Wolfpack
"Braxton Beverly, Cam Hayes, Jericole Hellems, Manny Bates, Thomas Allen",120.0,230.5,-2.82,94.0677966101695,96.88888888888889,94.07,92.37,52.12,94.07,8.47,25.42,0.0,0.0,13.56,31.36,0.0,10.17,5.08,19.49,18.22,44.92,NC State Wolfpack
"Braxton Beverly, Cam Hayes, Devon Daniels, Jericole Hellems, Manny Bates",40.0,70.5,-3.38,85.5072463768116,88.88888888888889,85.51,92.75,43.48,101.45,10.14,30.43,0.0,0.0,24.64,31.88,0.0,10.14,5.8,23.19,27.54,56.52,NC State Wolfpack
"Braxton Beverly, Dereon Seabron, Jericole Hellems, Manny Bates, Thomas Allen",40.0,68.0,-5.53,84.61538461538461,90.14084507042254,84.62,98.46,44.62,98.46,6.15,21.54,0.0,0.0,16.92,30.77,0.0,9.23,0.0,18.46,24.62,47.69,NC State Wolfpack
"Cam Hayes, Devon Daniels, Jericole Hellems, Manny Bates, Thomas Allen",45.0,79.5,-9.54,82.35294117647058,91.8918918918919,82.35,80.0,47.06,91.76,8.24,22.35,0.0,0.0,8.24,38.82,0.0,5.88,3.53,16.47,18.82,47.06,NC State Wolfpack
"Braxton Beverly, D.J. Funderburk, Devon Daniels, Jericole Hellems, Thomas Allen",40.0,84.0,-9.61,91.56626506024097,101.17647058823529,91.57,103.61,46.99,95.18,7.23,21.69,0.0,0.0,8.43,27.71,0.0,12.05,10.84,13.25,20.48,36.14,NC State Wolfpack
"D.J. Funderburk, Jericole Hellems, Manny Bates, Shakeel Moore, Thomas Allen",40.0,69.0,-18.08,79.1044776119403,97.1830985915493,79.1,102.99,41.79,89.55,2.99,13.43,0.0,0.0,17.91,29.85,0.0,11.94,5.97,28.36,19.4,47.76,NC State Wolfpack
"Cam Hayes, D.J. Funderburk, Devon Daniels, Jericole Hellems, Shakeel Moore",40.0,73.5,-41.89,100.0,141.89189189189187,100.0,143.84,46.58,97.26,15.07,35.62,0.0,0.0,12.33,13.7,0.0,6.85,4.11,15.07,16.44,26.03,NC State Wolfpack
"Dylan O'Hearn, Kjell de Graaf, Mekhi Gray, San Antonio Brinson, Zach Cooks",240.0,436.0,-0.47,87.72727272727273,88.19444444444444,87.73,86.59,46.14,99.77,10.0,30.68,0.0,0.0,12.95,32.5,0.0,8.64,4.55,13.18,22.5,45.45,NJIT Highlanders
"Antwuan Butler, Dylan O'Hearn, San Antonio Brinson, Souleymane Diakite, Zach Cooks",160.0,299.0,-5.81,76.94805194805194,82.75862068965517,76.95,77.92,46.75,102.27,5.84,21.43,0.0,0.0,16.23,31.82,0.0,7.14,2.6,13.96,24.03,48.05,NJIT Highlanders
"Dylan O'Hearn, Mekhi Gray, San Antonio Brinson, Souleymane Diakite, Zach Cooks",80.0,164.0,-7.66,90.56603773584906,98.22485207100591,90.57,104.4,45.28,89.31,10.06,24.53,0.0,0.0,9.43,24.53,0.0,11.32,0.63,20.13,22.64,33.96,NJIT Highlanders
"Antwuan Butler, Diego Willis, San Antonio Brinson, Souleymane Diakite, Zach Cooks",90.0,170.0,-11.64,90.7514450867052,102.39520958083833,90.75,98.84,52.02,98.84,6.94,24.86,0.0,0.0,11.56,30.64,0.0,8.67,2.31,12.72,22.54,42.2,NJIT Highlanders
"Antwuan Butler, Mekhi Gray, San Antonio Brinson, Souleymane Diakite, Zach Cooks",40.0,78.0,-15.16,83.54430379746836,98.7012987012987,83.54,96.2,49.37,92.41,5.06,22.78,0.0,0.0,7.59,25.32,0.0,6.33,6.33,15.19,26.58,32.91,NJIT Highlanders
"Antwuan Butler, Diego Willis, Dylan O'Hearn, San Antonio Brinson, Zach Cooks",40.0,71.0,-26.63,85.13513513513513,111.76470588235294,85.14,102.7,45.95,104.05,9.46,40.54,0.0,0.0,20.27,24.32,0.0,10.81,1.35,16.22,18.92,44.59,NJIT Highlanders
"Antwuan Butler, Kjell de Graaf, Mekhi Gray, San Antonio Brinson, Zach Cooks",40.0,74.5,-27.27,72.72727272727273,100.0,72.73,93.51,44.16,101.3,3.9,27.27,0.0,0.0,15.58,23.38,0.0,9.09,1.3,14.29,19.48,38.96,NJIT Highlanders
"Cam Davis, Greg Summers, John Carter Jr., Richard Njoku, Tyler Nelson",325.0,619.0,6.35,90.56603773584906,84.21926910299004,90.57,79.72,52.04,99.53,7.55,22.33,0.0,0.0,15.57,31.92,0.0,10.53,2.83,16.04,20.28,47.49,Navy Midshipmen
"Cam Davis, Greg Summers, Patrick Dorsey, Richard Njoku, Tyler Nelson",85.0,162.5,6.13,93.63057324840764,87.5,93.63,93.63,48.41,101.27,8.28,25.48,0.0,0.0,18.47,34.39,0.0,11.46,4.46,17.2,26.75,52.86,Navy Midshipmen
"Austin Inge, Daniel Deaver, Greg Summers, Patrick Dorsey, Tyler Nelson",40.0,91.5,4.05,78.49462365591397,74.44444444444444,78.49,72.04,48.39,92.47,4.3,11.83,0.0,0.0,9.68,20.43,0.0,12.9,4.3,17.2,25.81,30.11,Navy Midshipmen
"Derrick Walker, Kobe Webster, Lat Mayen, Thorir Thorbjarnarson, Trey McGowens",200.0,398.0,-2.67,90.86294416243655,93.53233830845771,90.86,95.43,44.67,90.36,13.2,36.29,0.0,0.0,10.91,34.01,0.0,8.88,3.3,20.56,20.3,44.92,Nebraska Cornhuskers
"Dalano Banton, Derrick Walker, Lat Mayen, Teddy Allen, Trey McGowens",363.5,715.0,-10.41,80.70422535211267,91.11111111111111,80.7,92.39,41.69,93.66,9.15,27.46,0.0,0.0,11.83,33.94,0.0,8.73,4.51,18.17,22.68,45.77,Nebraska Cornhuskers
"Dalano Banton, Derrick Walker, Lat Mayen, Trevor Lakes, Trey McGowens",40.0,86.5,-18.01,71.76470588235294,89.77272727272727,71.76,92.94,43.53,96.47,3.53,17.65,0.0,0.0,17.65,37.65,0.0,7.06,5.88,21.18,25.88,55.3,Nebraska Cornhuskers
"Dalano Banton, Lat Mayen, Teddy Allen, Trey McGowens, Yvan Ouedraogo",160.0,320.5,-20.38,79.3103448275862,99.68944099378882,79.31,100.63,42.95,97.18,9.09,31.03,0.0,0.0,12.85,28.84,0.0,6.9,4.08,15.67,23.51,41.69,Nebraska Cornhuskers
"Desmond Cambridge Jr., Grant Sherfield, Kwame Hymes, Tre Coleman, Warren Washington",40.0,87.5,4.64,96.5909090909091,91.95402298850574,96.59,90.91,57.95,101.14,12.5,30.68,0.0,0.0,13.64,27.27,0.0,6.82,1.14,12.5,30.68,40.91,Nevada Wolf Pack
"Daniel Foster, Desmond Cambridge Jr., Grant Sherfield, Tre Coleman, Warren Washington",320.0,644.5,4.54,93.65325077399382,89.11353032659409,93.65,88.7,50.46,92.88,10.68,26.63,0.0,0.0,8.05,32.82,0.0,7.59,3.72,15.17,24.61,40.87,Nevada Wolf Pack
"Desmond Cambridge Jr., Grant Sherfield, Tre Coleman, Warren Washington, Zane Meeks",160.0,308.0,2.25,85.85209003215434,83.60655737704919,85.85,81.99,48.55,93.89,7.72,27.33,0.0,0.0,12.22,31.83,0.0,7.72,4.18,18.33,26.05,44.05,Nevada Wolf Pack
"Desmond Cambridge Jr., Grant Sherfield, Robby Robinson, Tre Coleman, Warren Washington",120.0,260.0,-0.59,88.16793893129771,88.75968992248062,88.17,87.4,54.58,100.76,5.73,25.95,0.0,0.0,13.74,31.68,0.0,6.11,3.82,12.98,24.43,45.42,Nevada Wolf Pack
"Jayden Martinez, Marque Maultsby, Nick Guadarrama, Nick Johnson, Tayler Mattos",120.0,233.0,13.75,94.75982532751091,81.0126582278481,94.76,83.84,50.22,102.18,13.1,35.37,0.0,0.0,18.78,34.5,0.0,6.55,3.49,16.59,25.33,53.28,New Hampshire Wildcats
"Blondeau Tchoukuiegno, Chris Lester, Jayden Martinez, Marque Maultsby, Nick Guadarrama",80.0,157.0,5.63,81.76100628930818,76.12903225806451,81.76,74.21,44.65,94.34,7.55,20.75,0.0,0.0,13.21,37.74,0.0,6.29,3.14,18.87,24.53,50.95,New Hampshire Wildcats
"Blondeau Tchoukuiegno, Jayden Martinez, Marque Maultsby, Nick Guadarrama, Tayler Mattos",40.0,67.0,2.76,93.93939393939394,91.17647058823529,93.94,93.94,48.48,106.06,13.64,31.82,0.0,0.0,16.67,34.85,0.0,6.06,1.52,10.61,27.27,51.52,New Hampshire Wildcats
"Blondeau Tchoukuiegno, Jayden Martinez, Nick Guadarrama, Nick Johnson, Qon Murphy",164.9,309.0,-1.62,87.70226537216828,89.32038834951457,87.7,89.32,48.87,102.27,7.77,25.57,0.0,0.0,12.3,30.42,0.0,7.77,4.85,10.03,24.6,42.72,New Hampshire Wildcats
"Blondeau Tchoukuiegno, Jayden Martinez, Marque Maultsby, Nick Johnson, Tayler Mattos",40.0,67.0,-4.74,87.32394366197182,92.06349206349206,87.32,81.69,56.34,107.04,2.82,15.49,0.0,0.0,21.13,28.17,0.0,8.45,4.23,14.08,23.94,49.3,New Hampshire Wildcats
"Blondeau Tchoukuiegno, Chris Lester, Jayden Martinez, Marque Maultsby, Tayler Mattos",39.8,68.0,-5.41,81.15942028985508,86.56716417910447,81.16,84.06,46.38,92.75,5.8,26.09,0.0,0.0,8.7,37.68,0.0,7.25,0.0,15.94,28.99,46.38,New Hampshire Wildcats
"Chris Lester, Jayden Martinez, Marque Maultsby, Nick Guadarrama, Nick Johnson",40.0,78.5,-11.1,86.48648648648648,97.59036144578313,86.49,109.46,41.89,90.54,9.46,25.68,0.0,0.0,10.81,32.43,0.0,4.05,8.11,20.27,24.32,43.24,New Hampshire Wildcats
"Blondeau Tchoukuiegno, Jayden Martinez, Josh Hopkins, Marque Maultsby, Nick Guadarrama",40.0,74.5,-16.93,71.23287671232876,88.1578947368421,71.23,91.78,36.99,95.89,8.22,32.88,0.0,0.0,13.7,36.99,0.0,4.11,5.48,17.81,24.66,50.69,New Hampshire Wildcats
"Blondeau Tchoukuiegno, Jayden Martinez, Marque Maultsby, Nick Guadarrama, Nick Johnson",40.0,72.5,-32.09,59.45945945945946,91.54929577464789,59.46,87.84,33.78,101.35,5.41,31.08,0.0,0.0,16.22,31.08,0.0,9.46,2.7,14.86,20.27,47.3,New Hampshire Wildcats
"Bayron Matos, Kurt Wegscheider, Makuach Maluach, Rod Brown, Saquan Singleton",45.0,84.5,-1.48,73.80952380952381,75.29411764705883,73.81,76.19,42.86,95.24,1.19,10.71,0.0,0.0,16.67,34.52,0.0,7.14,5.95,21.43,25.0,51.19,New Mexico Lobos
"Bayron Matos, Emmanuel Kuac, Isaiah Marin, Makuach Maluach, Saquan Singleton",120.0,230.0,-3.27,85.52631578947368,88.79310344827587,85.53,90.35,47.81,94.3,4.39,16.67,0.0,0.0,18.86,33.33,0.0,8.77,4.82,24.56,23.25,52.19,New Mexico Lobos
"Jeremiah Francis III, Makuach Maluach, Rod Brown, Saquan Singleton, Valdir Manuel",40.0,74.5,-5.87,77.46478873239437,83.33333333333334,77.46,91.55,38.03,104.23,7.04,32.39,0.0,0.0,26.76,29.58,0.0,9.86,2.82,22.54,25.35,56.34,New Mexico Lobos
"Bayron Matos, Kurt Wegscheider, Makuach Maluach, Saquan Singleton, Valdir Manuel",45.0,84.0,-6.27,90.2439024390244,96.51162790697676,90.24,101.22,48.78,103.66,8.54,23.17,0.0,0.0,20.73,40.24,0.0,4.88,3.66,17.07,29.27,60.97,New Mexico Lobos
"Bayron Matos, Javonte Johnson, Makuach Maluach, Saquan Singleton, Valdir Manuel",40.0,70.5,-8.93,65.71428571428571,74.64788732394366,65.71,75.71,32.86,87.14,8.57,30.0,0.0,0.0,17.14,37.14,0.0,12.86,4.29,30.0,27.14,54.28,New Mexico Lobos
"Isaiah Marin, Javonte Johnson, Jeremiah Francis III, Makuach Maluach, Saquan Singleton",80.0,167.5,-14.86,88.75739644970415,103.6144578313253,88.76,101.78,48.52,101.78,11.24,31.36,0.0,0.0,16.57,20.12,0.0,6.51,6.51,14.79,24.85,36.69,New Mexico Lobos
"Bayron Matos, Isaiah Marin, Makuach Maluach, Rod Brown, Saquan Singleton",120.0,222.5,-38.21,66.21004566210046,104.42477876106196,66.21,107.76,36.99,95.43,5.94,27.4,0.0,0.0,16.44,25.57,0.0,7.76,4.57,21.0,23.74,42.01,New Mexico Lobos
"Bayron Matos, Jeremiah Francis III, Makuach Maluach, Rod Brown, Saquan Singleton",80.0,149.5,-44.76,65.5844155844156,110.34482758620689,65.58,103.9,38.96,93.51,3.9,15.58,0.0,0.0,13.64,22.08,0.0,4.55,1.95,20.13,20.13,35.72,New Mexico Lobos
"Clayton Henry, Donnie Tillman, Evan Gilyard II, Sir'Jabari Rice, Wilfried Likayi",40.0,83.5,38.29,118.29268292682926,80.0,118.29,82.93,60.98,98.78,12.2,30.49,0.0,0.0,8.54,21.95,0.0,12.2,1.22,9.76,24.39,30.49,New Mexico State Aggies
"Clayton Henry, Evan Gilyard II, Johnny McCants, Kalen Williams, Sir'Jabari Rice",40.0,69.0,26.09,100.0,73.91304347826086,100.0,73.91,50.72,115.94,11.59,42.03,0.0,0.0,33.33,36.23,0.0,7.25,5.8,17.39,20.29,69.56,New Mexico State Aggies
"Clayton Henry, Donnie Tillman, Evan Gilyard II, Johnny McCants, Sir'Jabari Rice",340.0,615.5,10.84,97.03947368421053,86.19582664526484,97.04,88.32,49.34,102.47,12.99,38.32,0.0,0.0,18.75,34.05,0.0,7.4,3.95,16.28,25.49,52.8,New Mexico State Aggies
"C.J. Roberts, Clayton Henry, Johnny McCants, Kalen Williams, Sir'Jabari Rice",40.0,63.0,-17.29,85.9375,103.2258064516129,85.94,100.0,45.31,103.12,14.06,51.56,0.0,0.0,25.0,29.69,0.0,1.56,3.12,21.88,25.0,54.69,New Mexico State Aggies
"Clayton Henry, Evan Gilyard II, Johnny McCants, Sir'Jabari Rice, Wilfried Likayi",80.0,135.0,-20.32,82.73381294964028,103.05343511450383,82.73,97.12,48.92,105.76,8.63,42.45,0.0,0.0,23.02,28.78,0.0,5.76,0.72,17.27,22.3,51.8,New Mexico State Aggies
"D'Ante Bell, Damion Rosser, Jahmel Myers, Lamont Berzat, Troy Green",40.0,80.5,34.56,111.39240506329114,76.82926829268293,111.39,79.75,59.49,96.2,7.59,16.46,0.0,0.0,12.66,40.51,0.0,7.59,5.06,16.46,27.85,53.17,New Orleans Privateers
"Ahren Freeman, Jahmel Myers, Lamont Berzat, Rodney Carson Jr., Troy Green",40.0,85.0,25.28,120.73170731707317,95.45454545454545,120.73,102.44,57.32,112.2,13.41,36.59,0.0,0.0,21.95,34.15,0.0,8.54,4.88,9.76,25.61,56.1,New Orleans Privateers
"D'Ante Bell, Damion Rosser, Derek St. Hilaire, Rodney Carson Jr., Troy Green",290.0,622.0,7.43,94.3820224719101,86.95652173913044,94.38,86.68,54.57,91.97,6.26,17.5,0.0,0.0,12.2,31.14,0.0,9.95,3.85,20.22,24.56,43.34,New Orleans Privateers
"Damion Rosser, Jahmel Myers, Lamont Berzat, Rodney Carson Jr., Troy Green",200.0,406.0,1.23,95.32019704433498,94.08866995073892,95.32,94.09,51.48,98.28,7.39,21.18,0.0,0.0,16.01,30.05,0.0,11.08,2.96,17.73,22.91,46.06,New Orleans Privateers
"Damion Rosser, Derek St. Hilaire, Jahmel Myers, Rodney Carson Jr., Troy Green",80.0,171.5,-8.89,87.05882352941177,95.95375722543352,87.06,97.65,51.76,92.94,7.65,22.35,0.0,0.0,10.59,27.06,0.0,5.88,4.12,17.65,25.29,37.65,New Orleans Privateers
"Damion Rosser, Jahmel Myers, Ladarius Marshall, Lamont Berzat, Troy Green",39.6,86.0,-16.28,74.4186046511628,90.69767441860465,74.42,90.7,50.0,86.05,0.0,8.14,0.0,0.0,12.79,18.6,0.0,12.79,1.16,26.74,29.07,31.39,New Orleans Privateers
"Greg Kuakumensah, Kobi Nwandu, Marcus Hammond, Nicholas Kratholm, Steven Levnaic",40.0,86.5,5.16,93.25842696629213,88.09523809523809,93.26,83.15,53.93,98.88,7.87,21.35,0.0,0.0,10.11,32.58,0.0,5.62,2.25,11.24,23.6,42.69,Niagara Purple Eagles
"Greg Kuakumensah, Justin Roberts, Kobi Nwandu, Marcus Hammond, Nicholas Kratholm",440.0,791.0,2.3,91.20198265179678,88.90322580645162,91.2,85.38,50.31,101.12,10.29,29.37,0.0,0.0,12.76,31.23,0.0,7.81,2.11,11.65,22.68,43.99,Niagara Purple Eagles
"Greg Kuakumensah, Kobi Nwandu, Marcus Hammond, Nicholas Kratholm, Shandon Brown",200.0,372.0,-6.45,80.05464480874316,86.5079365079365,80.05,89.34,45.63,97.81,6.01,24.04,0.0,0.0,12.02,33.88,0.0,8.2,3.01,14.21,25.41,45.9,Niagara Purple Eagles
"Justin Roberts, Kobi Nwandu, Marcus Hammond, Nicholas Kratholm, Shandon Brown",40.0,78.0,-20.51,69.23076923076923,89.74358974358975,69.23,89.74,38.46,93.59,5.13,15.38,0.0,0.0,14.1,33.33,0.0,10.26,3.85,20.51,16.67,47.43,Niagara Purple Eagles
"Andre Jones, Kevin Johnson, Najee Garvin, Ryghe Lyons, Ty Gordon",240.0,477.0,17.45,101.27118644067797,83.81742738589212,101.27,85.59,52.12,104.24,10.59,32.84,0.0,0.0,19.49,36.23,0.0,11.65,4.66,15.25,20.34,55.72,Nicholls Colonels
"Kevin Johnson, Najee Garvin, Pierce Spencer, Ryghe Lyons, Ty Gordon",40.0,93.5,12.63,100.0,87.36842105263159,100.0,90.22,54.35,88.04,7.61,18.48,0.0,0.0,8.7,30.43,0.0,18.48,0.0,20.65,21.74,39.13,Nicholls Colonels
"Andre Jones, Jaylen Fornes, Kevin Johnson, Najee Garvin, Ryghe Lyons",84.9,165.5,10.62,100.62111801242236,90.0,100.62,95.03,52.8,101.24,8.7,26.71,0.0,0.0,13.66,35.4,0.0,6.21,4.97,12.42,22.98,49.06,Nicholls Colonels
"Andre Jones, Jaylen Fornes, Kevin Johnson, Ryghe Lyons, Ty Gordon",244.6,516.0,4.3,94.00386847195358,89.70873786407768,94.0,89.36,51.06,100.0,8.7,28.63,0.0,0.0,14.31,33.46,0.0,10.44,4.26,14.31,20.7,47.77,Nicholls Colonels
"Andre Jones, Jeremiah Buford, Kevin Johnson, Najee Garvin, Ryghe Lyons",40.0,84.0,-1.23,97.59036144578313,98.82352941176471,97.59,101.2,46.99,91.57,14.46,39.76,0.0,0.0,8.43,30.12,0.0,8.43,6.02,16.87,21.69,38.55,Nicholls Colonels
"Andre Jones, Kevin Johnson, Pierce Spencer, Ryghe Lyons, Ty Gordon",40.0,95.0,-10.68,73.19587628865979,83.87096774193549,73.2,80.41,41.24,87.63,7.22,24.74,0.0,0.0,13.4,29.9,0.0,11.34,1.03,25.77,22.68,43.3,Nicholls Colonels
"Devante Carter, J.J. Matthews, Kashaun Hicks, Kyonze Chavis, Mustafa Lawrence",40.0,84.5,33.73,100.0,66.26506024096386,100.0,63.95,52.33,95.35,10.47,26.74,0.0,0.0,13.95,29.07,0.0,12.79,3.49,18.6,23.26,43.02,Norfolk State Spartans
"Devante Carter, J.J. Matthews, Joe Bryant Jr., Kashaun Hicks, Kyonze Chavis",160.0,334.0,13.97,90.09009009009009,76.11940298507463,90.09,76.58,51.65,95.5,9.91,24.92,0.0,0.0,14.41,31.53,0.0,7.51,4.5,18.92,28.23,45.94,Norfolk State Spartans
"Devante Carter, J.J. Matthews, Joe Bryant Jr., Kyonze Chavis, Tyrese Jenkins",199.9,428.5,4.77,91.54929577464789,86.77494199535964,91.55,87.79,48.12,102.58,10.09,31.92,0.0,0.0,15.49,32.63,0.0,7.75,2.35,12.91,23.47,48.12,Norfolk State Spartans
"Devante Carter, Efstratios Kalogerias, Joe Bryant Jr., Kyonze Chavis, Tyrese Jenkins",85.0,178.0,4.15,92.22222222222223,88.06818181818183,92.22,86.11,52.22,101.11,10.0,24.44,0.0,0.0,14.44,31.11,0.0,6.67,3.33,13.33,24.44,45.55,Norfolk State Spartans
"Devante Carter, J.J. Matthews, Joe Bryant Jr., Kyonze Chavis, Mustafa Lawrence",40.0,86.5,-1.19,100.0,101.19047619047619,100.0,95.51,58.43,105.62,10.11,22.47,0.0,0.0,19.1,32.58,0.0,3.37,4.49,13.48,17.98,51.68,Norfolk State Spartans
"Devante Carter, Efstratios Kalogerias, J.J. Matthews, Kyonze Chavis, Mustafa Lawrence",40.0,82.0,-7.14,89.1566265060241,96.29629629629629,89.16,93.98,50.6,108.43,12.05,34.94,0.0,0.0,21.69,31.33,0.0,4.82,8.43,13.25,20.48,53.02,Norfolk State Spartans
"C.J. Brim, Emanuel Littles, Jamari Blackmon, James Anderson II, Payton Youngblood",40.0,75.5,12.93,98.64864864864865,85.71428571428571,98.65,89.19,48.65,89.19,14.86,35.14,0.0,0.0,12.16,41.89,0.0,6.76,1.35,22.97,22.97,54.05,North Alabama Lions
"C.J. Brim, Emanuel Littles, Jamari Blackmon, Mervin James, Payton Youngblood",445.0,855.0,-1.46,88.15165876777252,89.60739030023095,88.15,91.94,46.92,93.01,10.66,29.74,0.0,0.0,11.37,33.41,0.0,6.99,4.62,18.36,22.87,44.78,North Alabama Lions
"Detalian Brown, Emanuel Littles, Jamari Blackmon, Mervin James, Payton Youngblood",245.0,495.0,-2.69,85.71428571428571,88.4,85.71,90.2,47.55,96.33,7.96,25.51,0.0,0.0,14.29,35.1,0.0,5.31,2.86,17.96,23.47,49.39,North Alabama Lions
"Kameron Langley, Kwe Parker, Tyler Maye, Tyrone Lyons, Webster Filmore",119.8,240.0,0.41,83.73983739837398,83.33333333333334,83.74,79.27,51.22,110.57,5.69,23.58,0.0,0.0,26.42,29.27,0.0,11.79,2.85,15.85,21.54,55.69,North Carolina A&T Aggies
"Armando Bacot, Caleb Love, Day'Ron Sharpe, Kerwin Walton, Leaky Black",80.0,146.5,28.63,112.41379310344828,83.78378378378379,112.41,85.52,58.62,118.62,11.72,32.41,0.0,0.0,31.72,38.62,0.0,8.97,9.66,13.1,17.24,70.34,North Carolina Tar Heels
"Andrew Platek, Garrison Brooks, K.J. Smith, Leaky Black, Walker Miller",40.0,91.0,13.85,96.80851063829788,82.95454545454545,96.81,77.66,55.32,87.23,8.51,19.15,0.0,0.0,8.51,31.91,0.0,2.13,11.7,21.28,15.96,40.42,North Carolina Tar Heels
"Armando Bacot, Caleb Love, Garrison Brooks, Kerwin Walton, Leaky Black",520.0,1043.0,2.16,91.71374764595103,89.55078125,91.71,86.35,50.47,102.45,6.97,22.13,0.0,0.0,19.3,31.45,0.0,9.7,5.08,16.85,20.24,50.75,North Carolina Tar Heels
"Armando Bacot, Day'Ron Sharpe, Kerwin Walton, Leaky Black, R.J. Davis",40.0,88.0,0.57,75.28089887640449,74.71264367816092,75.28,73.03,41.57,93.26,10.11,22.47,0.0,0.0,15.73,34.83,0.0,10.11,6.74,22.47,25.84,50.56,North Carolina Tar Heels
"Armando Bacot, Caleb Love, Garrison Brooks, Leaky Black, R.J. Davis",40.0,84.0,-8.66,81.92771084337349,90.58823529411765,81.93,92.77,46.99,100.0,2.41,14.46,0.0,0.0,21.69,32.53,0.0,9.64,8.43,21.69,22.89,54.22,North Carolina Tar Heels
"Caleb Nero, Filip Rebraca, Mitchell Sueker, Seybian Sims, Tyree Ihenacho",120.0,216.0,-5.0,87.09677419354838,92.09302325581396,87.1,91.24,45.62,98.16,8.29,31.34,0.0,0.0,14.29,35.94,0.0,5.53,2.3,16.13,21.66,50.23,North Dakota Fighting Hawks
"Bentiu Panoam, Ethan Igbanugo, Filip Rebraca, Seybian Sims, Tyree Ihenacho",495.0,989.5,-5.6,93.88777555110221,99.49031600407747,93.89,97.8,51.7,97.19,10.42,26.75,0.0,0.0,11.62,30.56,0.0,6.41,2.71,14.43,22.24,42.18,North Dakota Fighting Hawks
"Caleb Nero, Ethan Igbanugo, Filip Rebraca, Mitchell Sueker, Seybian Sims",120.0,215.5,-14.62,79.04761904761905,93.66515837104072,79.05,98.57,38.57,93.33,9.52,29.52,0.0,0.0,10.48,34.76,0.0,6.19,3.81,17.14,23.81,45.24,North Dakota Fighting Hawks
"Grant Nelson, Jarius Cook, Rocky Kreuser, Sam Griesel, Tyree Eady",120.0,216.5,10.39,98.68421052631578,88.29268292682927,98.68,79.39,59.21,95.18,7.46,19.3,0.0,0.0,10.53,35.53,0.0,7.46,4.39,15.35,17.11,46.06,North Dakota State Bison
"Jarius Cook, Rocky Kreuser, Sam Griesel, Tyler Witz, Tyree Eady",40.0,77.5,9.5,112.00000000000001,102.49999999999999,112.0,109.33,54.67,93.33,14.67,30.67,0.0,0.0,9.33,30.67,0.0,9.33,1.33,16.0,26.67,40.0,North Dakota State Bison
"Jarius Cook, Maleeck Harden-Hayes, Rocky Kreuser, Sam Griesel, Tyree Eady",685.0,1265.5,3.32,94.71639471639472,91.39871382636656,94.72,88.34,52.29,99.22,9.01,26.81,0.0,0.0,14.61,36.52,0.0,4.43,3.11,15.38,21.29,51.13,North Dakota State Bison
"Dezmond McKinney, Grant Nelson, Rocky Kreuser, Sam Griesel, Tyree Eady",40.0,60.0,-6.0,77.04918032786885,83.05084745762711,77.05,80.33,42.62,95.08,8.2,31.15,0.0,0.0,19.67,50.82,0.0,4.92,6.56,24.59,22.95,70.49,North Dakota State Bison
"Carter Hendricksen, Emmanuel Adedoyin, Jonathan Aybar, Jose Placer, Josh Endicott",80.0,145.5,5.66,104.34782608695652,98.69281045751634,104.35,109.42,49.28,100.0,17.39,48.55,0.0,0.0,15.94,28.99,0.0,5.8,4.35,15.94,28.26,44.93,North Florida Ospreys
"Carter Hendricksen, Emmanuel Adedoyin, Jonathan Aybar, Jose Placer, Ryan Burkhardt",80.0,145.0,1.97,93.75,91.78082191780823,93.75,93.06,45.14,91.67,15.97,39.58,0.0,0.0,16.67,38.19,0.0,4.86,2.08,25.0,19.44,54.86,North Florida Ospreys
"Carter Hendricksen, Dorian James, Emmanuel Adedoyin, Jose Placer, Josh Endicott",240.0,442.5,-2.6,91.57175398633257,94.17040358744396,91.57,95.67,48.75,92.48,11.16,29.61,0.0,0.0,9.34,30.3,0.0,5.24,4.33,16.86,23.92,39.64,North Florida Ospreys
"Carter Hendricksen, Emmanuel Adedoyin, Jacob Crews, Jonathan Aybar, Jose Placer",120.0,220.0,-7.3,94.95412844036697,102.25225225225225,94.95,104.13,46.79,94.5,13.3,38.99,0.0,0.0,11.01,28.9,0.0,9.17,4.59,16.51,20.18,39.91,North Florida Ospreys
"James Reese V, Javion Hamlet, Mardrez McBride, Thomas Bell, Zachary Simmons",725.0,1275.5,11.4,95.56611243072051,84.16149068322981,95.57,85.83,50.51,95.65,10.37,28.42,0.0,0.0,14.01,34.84,0.0,9.42,4.43,18.37,22.64,48.85,North Texas Mean Green
"Coleman Stucke, Jahmyl Telfort, Jason Strong, Shaquille Walters, Tyson Walker",40.0,75.5,9.51,86.8421052631579,77.33333333333333,86.84,76.32,44.74,92.11,9.21,32.89,0.0,0.0,3.95,40.79,0.0,6.58,2.63,11.84,19.74,44.74,Northeastern Huskies
"Coleman Stucke, Greg Eboigbodin, Jason Strong, Shaquille Walters, Tyson Walker",116.7,208.5,7.34,93.80952380952381,86.47342995169082,93.81,85.24,49.52,95.71,10.95,30.48,0.0,0.0,10.0,35.24,0.0,8.57,3.81,14.29,22.38,45.24,Northeastern Huskies
"Chris Doherty, Coleman Stucke, Jahmyl Telfort, Quirin Emanga, Tyson Walker",80.0,136.0,5.26,94.8905109489051,89.62962962962962,94.89,88.32,48.91,103.65,10.22,29.93,0.0,0.0,18.25,31.39,0.0,10.95,8.03,14.6,21.9,49.64,Northeastern Huskies
"Coleman Stucke, Jason Strong, Quirin Emanga, Shaquille Walters, Tyson Walker",200.0,363.5,5.25,95.05494505494505,89.80716253443526,95.05,89.56,47.53,91.21,13.74,36.26,0.0,0.0,8.52,38.74,0.0,7.69,4.12,17.31,18.13,47.26,Northeastern Huskies
"Ajang Aguek, Cam Shelton, Carson Towt, Isaiah Lewis, Keith Haymon",40.0,64.0,3.62,93.93939393939394,90.32258064516128,93.94,84.85,48.48,100.0,7.58,21.21,0.0,0.0,13.64,31.82,0.0,9.09,3.03,13.64,15.15,45.46,Northern Arizona Lumberjacks
"Cam Shelton, Carson Towt, Jackson Larsen, Jay Green, Luke Avdalovic",165.0,309.0,-0.65,93.85113268608414,94.49838187702265,93.85,94.5,50.16,101.29,11.0,27.51,0.0,0.0,11.97,28.48,0.0,7.77,2.59,10.68,26.54,40.45,Northern Arizona Lumberjacks
"Cam Shelton, Carson Towt, Keith Haymon, Luke Avdalovic, Nik Mains",240.0,451.0,-4.91,90.80459770114942,95.71734475374733,90.8,102.76,45.29,93.79,11.26,26.21,0.0,0.0,10.57,30.34,0.0,8.28,2.3,16.78,25.98,40.91,Northern Arizona Lumberjacks
"Cam Shelton, Carson Towt, Isaiah Lewis, Keith Haymon, Nik Mains",80.0,138.5,-13.31,74.28571428571429,87.59124087591242,74.29,85.71,42.14,91.43,2.86,15.0,0.0,0.0,11.43,31.43,0.0,10.0,2.14,20.0,26.43,42.86,Northern Arizona Lumberjacks
"Cam Shelton, Carson Towt, Jay Green, Keith Haymon, Wynton Brown",39.6,65.5,-15.36,86.15384615384616,101.51515151515152,86.15,103.08,46.15,109.23,9.23,20.0,0.0,0.0,24.62,24.62,0.0,9.23,4.62,15.38,32.31,49.24,Northern Arizona Lumberjacks
"Ajang Aguek, Cam Shelton, Carson Towt, Keith Haymon, Nik Mains",40.0,65.0,-19.64,102.94117647058823,122.58064516129032,102.94,111.76,57.35,101.47,8.82,25.0,0.0,0.0,20.59,25.0,0.0,4.41,2.94,19.12,26.47,45.59,Northern Arizona Lumberjacks
"Ajang Aguek, Cam Shelton, Jay Green, Keith Haymon, Nik Mains",39.7,73.0,-56.71,76.62337662337663,133.33333333333331,76.62,119.48,42.86,89.61,7.79,23.38,0.0,0.0,9.09,25.97,0.0,6.49,0.0,19.48,16.88,35.06,Northern Arizona Lumberjacks
"Bodie Hume, Daylen Kountz, Kur Jockuch, Matt Johnson, Tre'Shon Smoots",200.0,373.0,7.48,98.65591397849462,91.17647058823529,98.66,91.67,49.73,95.7,14.78,36.29,0.0,0.0,12.37,33.6,0.0,7.53,4.03,16.67,24.19,45.97,Northern Colorado Bears
"Bodie Hume, Bryce Kennedy, Daylen Kountz, Kur Jockuch, Matt Johnson",160.0,315.5,4.49,96.75324675324676,92.26006191950464,96.75,96.75,50.32,97.08,12.01,30.52,0.0,0.0,17.21,35.06,0.0,6.49,4.55,20.13,23.38,52.27,Northern Colorado Bears
"Bodie Hume, Daylen Kountz, Kur Jockuch, Matt Johnson, Rodrick McCobb",40.0,81.5,-2.55,83.33333333333334,85.88235294117646,83.33,93.59,39.74,98.72,15.38,38.46,0.0,0.0,14.1,37.18,0.0,1.28,0.0,15.38,28.21,51.28,Northern Colorado Bears
"Bodie Hume, Daylen Kountz, Kur Jockuch, Matt Johnson, Sam Masten",205.0,386.0,-5.56,82.41469816272966,87.97953964194375,82.41,90.29,44.09,94.49,8.92,28.87,0.0,0.0,13.91,33.6,0.0,6.04,3.15,19.42,25.98,47.51,Northern Colorado Bears
"Adong Makuoi, Anthony Crump, Nate Scott, Trendon Hankerson, Tyler Cochran",40.0,79.5,7.41,102.7027027027027,95.29411764705881,102.7,109.46,48.65,108.11,12.16,29.73,0.0,0.0,24.32,33.78,0.0,6.76,1.35,16.22,36.49,58.1,Northern Illinois Huskies
"Adong Makuoi, Anthony Crump, Darius Beane, Nate Scott, Trendon Hankerson",40.0,71.5,3.09,105.79710144927536,102.7027027027027,105.8,110.14,52.17,105.8,14.49,30.43,0.0,0.0,21.74,39.13,0.0,4.35,2.9,15.94,26.09,60.87,Northern Illinois Huskies
"Chinedu Kingsley Okanu, Kaleb Thornton, Nate Scott, Trendon Hankerson, Tyler Cochran",80.0,153.5,-0.19,94.03973509933775,94.23076923076923,94.04,97.35,48.34,109.27,9.93,25.17,0.0,0.0,20.53,32.45,0.0,10.6,5.96,11.26,22.52,52.98,Northern Illinois Huskies
"Adong Makuoi, Anthony Crump, Darius Beane, Trendon Hankerson, Zool Kueth",165.0,301.0,-8.7,85.76271186440678,94.46254071661238,85.76,98.31,45.42,95.93,8.81,24.75,0.0,0.0,16.27,33.56,0.0,6.78,4.07,20.34,27.12,49.83,Northern Illinois Huskies
"Anthony Crump, Chinedu Kingsley Okanu, Nate Scott, Trendon Hankerson, Tyler Cochran",120.0,235.5,-24.75,84.4155844155844,109.16666666666666,84.42,113.42,43.72,95.67,7.79,22.51,0.0,0.0,12.12,23.38,0.0,8.66,6.49,16.45,22.94,35.5,Northern Illinois Huskies
"Adong Makuoi, Darius Beane, Trendon Hankerson, Tyler Cochran, Zool Kueth",40.0,78.0,-31.68,69.62025316455697,101.29870129870129,69.62,98.73,40.51,97.47,1.27,18.99,0.0,0.0,16.46,25.32,0.0,12.66,2.53,18.99,24.05,41.78,Northern Illinois Huskies
"Adong Makuoi, Darius Beane, Nate Scott, Trendon Hankerson, Tyler Cochran",80.0,149.0,-32.21,67.11409395973155,99.32885906040269,67.11,99.33,34.9,102.01,5.37,18.12,0.0,0.0,23.49,32.89,0.0,8.05,6.04,21.48,23.49,56.38,Northern Illinois Huskies
"Austin Phyfe, Bowen Born, Goanar Mar, James Betz, Nate Heise",80.0,156.0,2.56,96.7948717948718,94.23076923076923,96.79,94.23,50.0,94.23,14.1,34.62,0.0,0.0,13.46,37.18,0.0,7.05,2.56,19.23,21.15,50.64,Northern Iowa Panthers
"Austin Phyfe, Bowen Born, Nate Heise, Trae Berhow, Tywhon Pickford",290.0,550.0,0.76,90.38112522686026,89.61748633879782,90.38,89.29,49.91,98.73,6.9,26.13,0.0,0.0,14.16,35.39,0.0,9.98,3.45,15.43,20.33,49.55,Northern Iowa Panthers
"Austin Phyfe, Bowen Born, Nate Heise, Noah Carter, Trae Berhow",319.7,577.5,-3.74,90.0,93.73913043478261,90.0,92.93,46.9,97.41,9.48,30.17,0.0,0.0,15.0,35.86,0.0,9.31,3.28,17.59,20.17,50.86,Northern Iowa Panthers
"Austin Phyfe, Bowen Born, James Betz, Nate Heise, Trae Berhow",80.0,140.0,-36.71,75.18248175182481,111.8881118881119,75.18,116.79,39.42,92.7,5.84,24.09,0.0,0.0,18.25,32.12,0.0,3.65,5.84,25.55,20.44,50.37,Northern Iowa Panthers
"Adham Eleeda, Adrian Nelson, Bryson Langdon, Marques Warrick, Trevon Faulkner",364.9,663.0,6.88,101.84331797235022,94.96296296296296,101.84,98.46,52.38,103.38,11.06,31.95,0.0,0.0,17.05,33.95,0.0,7.22,2.46,13.67,24.27,51.0,Northern Kentucky Norse
"Adrian Nelson, Bryson Langdon, David Bohm, Marques Warrick, Trevon Faulkner",245.0,454.5,3.07,89.46188340807176,86.39308855291577,89.46,89.69,47.76,95.07,9.42,33.18,0.0,0.0,15.47,30.27,0.0,9.19,2.69,20.4,23.77,45.74,Northern Kentucky Norse
"Adrian Nelson, Bryson Langdon, Marques Warrick, Trevon Faulkner, Trey Robinson",165.0,300.5,2.63,97.65886287625418,95.03311258278146,97.66,95.99,51.84,95.32,9.36,29.77,0.0,0.0,14.72,31.44,0.0,7.36,2.68,19.4,19.73,46.16,Northern Kentucky Norse
"Adham Eleeda, Adrian Nelson, Jake Evans, Marques Warrick, Trevon Faulkner",40.0,75.5,-3.31,91.13924050632912,94.44444444444444,91.14,86.08,55.7,103.8,5.06,17.72,0.0,0.0,11.39,30.38,0.0,11.39,2.53,7.59,18.99,41.77,Northern Kentucky Norse
"CJ Jones, Dalin Williams, Jamaure Gregg, LaTerrance Reed, Trenton Massner",40.0,74.0,6.73,103.94736842105263,97.22222222222221,103.95,92.11,52.63,97.37,14.47,26.32,0.0,0.0,10.53,38.16,0.0,7.89,0.0,13.16,13.16,48.69,Northwestern State Demons
"CJ Jones, Jamaure Gregg, LaTerrance Reed, Larry Owens, Trenton Massner",478.6,973.5,-1.6,92.52814738996929,94.12371134020619,92.53,93.45,50.77,97.54,8.09,21.08,0.0,0.0,15.66,28.97,0.0,9.52,4.3,18.12,20.16,44.63,Northwestern State Demons
"CJ Jones, Jairus Roberson, Jamaure Gregg, Larry Owens, Trenton Massner",205.0,419.5,-7.47,89.92805755395683,97.39336492890996,89.93,98.56,50.84,98.32,6.71,26.62,0.0,0.0,14.39,30.7,0.0,8.15,4.56,16.07,26.86,45.09,Northwestern State Demons
"Boo Buie, Eric Zalewski, Miller Kopp, Pete Nance, Robbie Beran",40.0,76.0,6.75,105.47945205479452,98.73417721518987,105.48,106.85,47.95,93.15,15.07,34.25,0.0,0.0,9.59,30.14,0.0,10.96,4.11,16.44,21.92,39.73,Northwestern Wildcats
"Anthony Gaines, Boo Buie, Chase Audige, Miller Kopp, Pete Nance",40.0,74.0,3.93,97.26027397260275,93.33333333333333,97.26,95.89,50.68,98.63,8.22,21.92,0.0,0.0,5.48,30.14,0.0,9.59,6.85,6.85,19.18,35.62,Northwestern Wildcats
"Anthony Gaines, Chase Audige, Miller Kopp, Pete Nance, Ryan Young",170.0,318.0,-3.11,85.34201954397395,88.44984802431611,85.34,94.79,42.35,94.14,10.42,33.22,0.0,0.0,10.75,33.88,0.0,8.14,5.86,16.61,27.36,44.63,Northwestern Wildcats
"Boo Buie, Chase Audige, Miller Kopp, Pete Nance, Robbie Beran",480.0,915.5,-7.98,88.00880088008802,95.98698481561823,88.01,97.36,46.53,92.63,10.23,30.25,0.0,0.0,8.91,31.57,0.0,8.36,1.65,16.28,22.88,40.48,Northwestern Wildcats
"Boo Buie, Chase Audige, Miller Kopp, Pete Nance, Ryan Young",40.0,69.5,-20.77,75.0,95.77464788732394,75.0,100.0,36.76,86.76,8.82,29.41,0.0,0.0,7.35,38.24,0.0,5.88,5.88,20.59,17.65,45.59,Northwestern Wildcats
"Cormac Ryan, Elijah Morgan, Matt Zona, Nikola Djogo, Tony Sanders Jr.",40.0,72.0,21.99,102.8169014084507,80.82191780821918,102.82,83.1,49.3,88.73,14.08,25.35,0.0,0.0,11.27,43.66,0.0,11.27,2.82,22.54,11.27,54.93,Notre Dame Fighting Irish
"Dane Goodwin, Juwan Durham, Nate Laszewski, Prentiss Hubb, Trey Wertz",280.0,489.5,5.57,100.20202020202021,94.62809917355372,100.2,92.53,48.08,96.16,13.33,34.95,0.0,0.0,8.89,40.61,0.0,6.46,6.26,12.73,16.16,49.5,Notre Dame Fighting Irish
"Cormac Ryan, Dane Goodwin, Juwan Durham, Nate Laszewski, Prentiss Hubb",160.0,288.5,-0.72,101.37457044673539,102.09790209790211,101.37,100.34,52.92,96.56,11.68,36.43,0.0,0.0,8.25,35.05,0.0,5.5,5.5,11.68,15.46,43.3,Notre Dame Fighting Irish
"Cormac Ryan, Juwan Durham, Nate Laszewski, Nikola Djogo, Prentiss Hubb",80.0,157.0,-11.46,97.45222929936305,108.9171974522293,97.45,108.92,53.5,94.9,8.28,29.3,0.0,0.0,9.55,28.66,0.0,3.82,4.46,14.65,24.84,38.21,Notre Dame Fighting Irish
"Juwan Durham, Nate Laszewski, Nikola Djogo, Prentiss Hubb, Trey Wertz",120.0,243.5,-12.31,90.98360655737704,103.29218106995886,90.98,102.87,50.0,95.9,11.48,32.38,0.0,0.0,11.89,29.51,0.0,6.56,6.15,15.98,18.44,41.4,Notre Dame Fighting Irish
"Cormac Ryan, Juwan Durham, Nate Laszewski, Prentiss Hubb, Trey Wertz",40.0,70.0,-18.57,92.85714285714286,111.42857142857143,92.86,111.43,42.86,107.14,14.29,41.43,0.0,0.0,22.86,37.14,0.0,8.57,5.71,15.71,22.86,60.0,Notre Dame Fighting Irish
"Cormac Ryan, Dane Goodwin, Nate Laszewski, Prentiss Hubb, Trey Wertz",40.0,67.0,-21.7,81.42857142857143,103.125,81.43,94.29,48.57,94.29,7.14,28.57,0.0,0.0,4.29,40.0,0.0,4.29,1.43,10.0,15.71,44.29,Notre Dame Fighting Irish
"Daniel Oladapo, Jalen Moore, Micah Parrish, Rashad Williams, Trey Townsend",870.0,1677.0,-4.58,95.17647058823529,99.75816203143893,95.18,97.06,51.53,101.53,10.41,30.35,0.0,0.0,16.65,31.59,0.0,9.47,2.76,15.12,18.12,48.24,Oakland Golden Grizzlies
"Daniel Oladapo, Jalen Moore, Kevin Kangu, Rashad Williams, Trey Townsend",45.0,83.5,-7.14,95.29411764705881,102.4390243902439,95.29,98.82,54.12,100.0,9.41,28.24,0.0,0.0,16.47,27.06,0.0,7.06,2.35,16.47,18.82,43.53,Oakland Golden Grizzlies
"Daniel Oladapo, Jalen Moore, Micah Parrish, Trey Townsend, Zion Young",40.0,78.5,-11.42,91.13924050632912,102.56410256410255,91.14,101.27,50.63,103.8,8.86,30.38,0.0,0.0,22.78,26.58,0.0,12.66,0.0,18.99,22.78,49.36,Oakland Golden Grizzlies
"Ben Roderick, Ben Vander Plas, Colin Granger, Jason Preston, Lunden McDay",40.0,73.5,29.93,115.06849315068493,85.13513513513513,115.07,86.3,53.42,95.89,16.44,36.99,0.0,0.0,12.33,38.36,0.0,10.96,2.74,16.44,15.07,50.69,Ohio Bobcats
"Ben Roderick, Ben Vander Plas, Colin Granger, Lunden McDay, Mark Sears",40.0,83.5,16.86,105.88235294117648,89.02439024390245,105.88,85.88,58.82,102.35,11.76,22.35,0.0,0.0,11.76,36.47,0.0,5.88,2.35,9.41,23.53,48.23,Ohio Bobcats
"Ben Roderick, Ben Vander Plas, Dwight Wilson III, Jason Preston, Lunden McDay",400.0,802.0,9.36,100.12453300124533,90.76154806491886,100.12,90.54,52.68,97.26,9.84,29.14,0.0,0.0,13.08,32.75,0.0,7.85,2.12,15.82,19.8,45.83,Ohio Bobcats
"Ben Roderick, Ben Vander Plas, Dwight Wilson III, Lunden McDay, Mark Sears",160.0,304.5,-1.57,101.66666666666666,103.23624595469256,101.67,106.33,52.33,99.67,12.0,32.33,0.0,0.0,13.0,28.33,0.0,9.33,3.0,13.33,23.33,41.33,Ohio Bobcats
"Ben Vander Plas, Dwight Wilson III, Jason Preston, Lunden McDay, Miles Brown",40.0,70.5,-33.21,97.22222222222221,130.43478260869566,97.22,125.0,50.0,108.33,11.11,37.5,0.0,0.0,16.67,19.44,0.0,8.33,2.78,8.33,18.06,36.11,Ohio Bobcats
"Duane Washington Jr., E.J. Liddell, Jimmy Sotos, Justice Sueing, Kyle Young",40.0,74.5,10.8,103.94736842105263,93.15068493150685,103.95,89.47,57.89,101.32,13.16,31.58,0.0,0.0,15.79,46.05,0.0,3.95,6.58,14.47,19.74,61.84,Ohio State Buckeyes
"Duane Washington Jr., E.J. Liddell, Justice Sueing, Justin Ahrens, Kyle Young",525.0,1047.0,8.99,100.57251908396947,91.58699808795411,100.57,91.41,54.77,95.99,11.55,28.24,0.0,0.0,9.83,33.3,0.0,6.01,3.63,13.84,24.14,43.13,Ohio State Buckeyes
"CJ Walker, Duane Washington Jr., E.J. Liddell, Justice Sueing, Kyle Young",240.0,462.5,2.14,91.991341991342,89.8488120950324,91.99,90.04,50.0,100.65,8.87,31.17,0.0,0.0,14.5,36.36,0.0,3.46,4.55,13.85,24.03,50.86,Ohio State Buckeyes
"Duane Washington Jr., E.J. Liddell, Justice Sueing, Justin Ahrens, Musa Jallow",125.0,245.0,-0.94,91.76954732510289,92.71255060728745,91.77,94.24,50.62,99.18,9.88,25.1,0.0,0.0,11.11,30.45,0.0,6.58,5.35,11.93,27.98,41.56,Ohio State Buckeyes
"Duane Washington Jr., Jimmy Sotos, Justice Sueing, Musa Jallow, Zed Key",40.0,72.0,-9.72,83.33333333333334,93.05555555555556,83.33,93.06,44.44,98.61,8.33,33.33,0.0,0.0,16.67,27.78,0.0,8.33,4.17,18.06,25.0,44.45,Ohio State Buckeyes
"Alondes Williams, Austin Reaves, De'Vion Harmon, EJ Harkless, Kur Kuath",200.0,387.5,15.09,94.14758269720102,79.05759162303664,94.15,76.84,49.87,101.27,10.43,30.03,0.0,0.0,11.96,34.61,0.0,11.45,5.34,10.69,19.34,46.57,Oklahoma Sooners
"Alondes Williams, Austin Reaves, Brady Manek, Kur Kuath, Umoja Gibson",40.0,76.5,3.79,105.12820512820514,101.33333333333334,105.13,97.44,61.54,100.0,7.69,23.08,0.0,0.0,10.26,29.49,0.0,5.13,3.85,10.26,16.67,39.75,Oklahoma Sooners
"Alondes Williams, Austin Reaves, Brady Manek, De'Vion Harmon, Victor Iwuakor",40.0,83.0,2.0,92.5925925925926,90.58823529411765,92.59,95.06,45.68,96.3,13.58,43.21,0.0,0.0,13.58,40.74,0.0,11.11,4.94,17.28,23.46,54.32,Oklahoma Sooners
"Austin Reaves, Brady Manek, De'Vion Harmon, EJ Harkless, Umoja Gibson",330.0,618.5,-1.0,91.98717948717949,92.98531810766721,91.99,91.35,48.88,95.99,9.94,30.29,0.0,0.0,10.9,34.94,0.0,8.01,4.33,14.9,18.43,45.84,Oklahoma Sooners
"Austin Reaves, Brady Manek, De'Vion Harmon, Jalen Hill, Umoja Gibson",45.0,96.0,-2.17,94.73684210526315,96.90721649484536,94.74,98.95,49.47,91.58,10.53,24.21,0.0,0.0,7.37,22.11,0.0,8.42,3.16,15.79,18.95,29.48,Oklahoma Sooners
"De'Vion Harmon, EJ Harkless, Jalen Hill, Kur Kuath, Umoja Gibson",40.0,65.5,-6.36,80.0,86.36363636363636,80.0,87.69,43.08,103.08,9.23,33.85,0.0,0.0,20.0,32.31,0.0,12.31,3.08,16.92,24.62,52.31,Oklahoma Sooners
"Alondes Williams, Austin Reaves, Brady Manek, De'Vion Harmon, Kur Kuath",80.0,150.5,-19.17,81.52866242038218,100.69444444444444,81.53,92.36,47.13,99.36,6.37,24.84,0.0,0.0,15.92,25.48,0.0,9.55,5.1,16.56,17.83,41.4,Oklahoma Sooners
"Avery Anderson III, Bryce Williams, Kalib Boone, Matthew-Alexander Moncrieffe, Rondel Walker",40.0,87.5,13.28,101.19047619047619,87.91208791208791,101.19,95.24,57.14,91.67,4.76,16.67,0.0,0.0,15.48,29.76,0.0,8.33,2.38,23.81,27.38,45.24,Oklahoma State Cowboys
"Avery Anderson III, Bryce Williams, Cade Cunningham, Isaac Likekele, Matthew-Alexander Moncrieffe",125.0,237.5,8.8,93.24894514767934,84.45378151260505,93.25,84.81,51.05,93.25,9.7,22.78,0.0,0.0,10.97,32.91,0.0,11.39,2.95,17.72,23.21,43.88,Oklahoma State Cowboys
"Avery Anderson III, Bryce Williams, Cade Cunningham, Kalib Boone, Rondel Walker",250.0,498.5,3.89,91.0891089108911,87.1951219512195,91.09,84.95,50.69,91.09,7.92,22.97,0.0,0.0,10.69,32.87,0.0,9.11,4.16,19.6,17.43,43.56,Oklahoma State Cowboys
"Avery Anderson III, Bryce Williams, Cade Cunningham, Kalib Boone, Matthew-Alexander Moncrieffe",120.0,257.5,1.64,93.05019305019306,91.40625,93.05,90.35,51.74,95.75,7.34,21.24,0.0,0.0,13.51,30.5,0.0,7.72,6.95,17.76,17.76,44.01,Oklahoma State Cowboys
"Avery Anderson III, Bryce Williams, Isaac Likekele, Kalib Boone, Matthew-Alexander Moncrieffe",80.0,162.0,1.51,89.63414634146342,88.125,89.63,85.98,48.78,92.68,5.49,14.63,0.0,0.0,17.07,35.37,0.0,8.54,6.1,24.39,16.46,52.44,Oklahoma State Cowboys
"Avery Anderson III, Cade Cunningham, Isaac Likekele, Keylan Boone, Matthew-Alexander Moncrieffe",40.0,84.5,-0.38,89.1566265060241,89.53488372093024,89.16,92.77,49.4,96.39,6.02,20.48,0.0,0.0,12.05,33.73,0.0,3.61,3.61,15.66,24.1,45.78,Oklahoma State Cowboys
"Avery Anderson III, Bryce Williams, Cade Cunningham, Isaac Likekele, Kalib Boone",130.0,287.5,-0.5,79.22535211267606,79.72508591065292,79.23,81.69,45.77,95.42,6.34,22.54,0.0,0.0,14.08,29.58,0.0,7.39,7.04,18.66,23.24,43.66,Oklahoma State Cowboys
"Avery Anderson III, Cade Cunningham, Isaac Likekele, Kalib Boone, Matthew-Alexander Moncrieffe",40.0,83.0,-8.05,90.69767441860465,98.75,90.7,91.86,53.49,93.02,9.3,17.44,0.0,0.0,5.81,26.74,0.0,5.81,9.3,12.79,22.09,32.55,Oklahoma State Cowboys
"Bernard Kouma, Cade Cunningham, Ferron Flavors Jr., Isaac Likekele, Keylan Boone",40.0,87.0,-9.25,83.51648351648352,92.7710843373494,83.52,84.62,49.45,102.2,3.3,18.68,0.0,0.0,16.48,24.18,0.0,12.09,2.2,14.29,18.68,40.66,Oklahoma State Cowboys
"A.J. Oliver II, Kalu Ezikpe, Malik Curry, Mekhi Long, Xavier Green",40.0,73.0,2.48,81.42857142857143,78.94736842105263,81.43,85.71,42.86,94.29,8.57,30.0,0.0,0.0,10.0,31.43,0.0,14.29,8.57,15.71,28.57,41.43,Old Dominion Monarchs
"A.J. Oliver II, Joe Reece, Kalu Ezikpe, Malik Curry, Xavier Green",565.0,1048.5,1.68,88.2908404154863,86.60886319845858,88.29,84.89,49.01,95.75,6.7,20.96,0.0,0.0,13.6,34.66,0.0,10.76,5.1,17.85,19.64,48.26,Old Dominion Monarchs
"Jaylin Hunter, Joe Reece, Kalu Ezikpe, Mekhi Long, Xavier Green",80.0,165.5,-10.9,90.30303030303031,101.20481927710843,90.3,101.82,52.12,110.91,3.03,20.61,0.0,0.0,23.03,32.12,0.0,6.67,4.24,12.12,20.0,55.15,Old Dominion Monarchs
"Devontae Shuler, Jarkel Joiner, KJ Buffen, Luis Rodriguez, Romello White",400.0,721.0,4.87,91.32231404958677,86.45251396648045,91.32,85.26,50.83,100.83,6.75,21.76,0.0,0.0,18.18,33.88,0.0,9.09,5.79,17.36,21.07,52.06,Ole Miss Rebels
"Devontae Shuler, Jarkel Joiner, Luis Rodriguez, Robert Allen, Romello White",245.0,462.5,1.74,89.07922912205566,87.33624454148472,89.08,85.65,51.61,97.0,5.78,20.13,0.0,0.0,16.92,28.48,0.0,11.35,4.71,19.91,22.91,45.4,Ole Miss Rebels
"Devontae Shuler, KJ Buffen, Luis Rodriguez, Matthew Murrell, Romello White",80.0,155.5,-6.94,83.125,90.06622516556291,83.12,85.0,46.25,92.5,9.38,30.63,0.0,0.0,11.88,30.0,0.0,13.75,5.62,19.38,18.12,41.88,Ole Miss Rebels
"Austin Crowley, Devontae Shuler, KJ Buffen, Khadim Sy, Luis Rodriguez",40.0,74.5,-8.44,86.3013698630137,94.73684210526315,86.3,98.63,46.58,101.37,8.22,17.81,0.0,0.0,12.33,28.77,0.0,5.48,4.11,10.96,28.77,41.1,Ole Miss Rebels
"Austin Crowley, Devontae Shuler, KJ Buffen, Luis Rodriguez, Romello White",40.0,93.5,-27.19,63.91752577319587,91.11111111111111,63.92,84.54,41.24,102.06,1.03,13.4,0.0,0.0,19.59,28.87,0.0,7.22,3.09,17.53,23.71,48.46,Ole Miss Rebels
"Ayo Akinwole, La'Mel Robinson, Marco Smith, Matt Pile, Nick Ferrarini",80.0,153.5,-1.8,90.96774193548387,92.76315789473685,90.97,90.97,48.39,96.77,7.74,21.29,0.0,0.0,7.1,34.84,0.0,8.39,5.81,10.32,18.71,41.94,Omaha Mavericks
"Ayo Akinwole, Darrius Hughes, La'Mel Robinson, Marco Smith, Matt Pile",120.0,245.0,-2.75,91.90283400809717,94.65020576131687,91.9,93.12,50.61,95.14,10.12,27.53,0.0,0.0,10.12,32.79,0.0,5.26,5.26,14.98,25.91,42.91,Omaha Mavericks
"Ayo Akinwole, La'Mel Robinson, Marlon Ruffin, Matt Pile, Wanjang Tut",160.0,332.0,-9.73,92.63803680981594,102.36686390532543,92.64,106.13,49.08,99.39,8.9,19.63,0.0,0.0,13.19,28.22,0.0,7.06,4.29,13.8,25.77,41.41,Omaha Mavericks
"Ayo Akinwole, La'Mel Robinson, Matt Pile, Nick Ferrarini, Wanjang Tut",80.0,144.0,-10.42,69.71830985915493,80.13698630136986,69.72,82.39,39.44,90.14,4.93,16.9,0.0,0.0,14.79,38.73,0.0,9.15,7.75,24.65,23.24,53.52,Omaha Mavericks
"Ayo Akinwole, Marlon Ruffin, Matt Pile, Sam'i Roe, Wanjang Tut",160.0,315.5,-13.93,92.13836477987421,106.0702875399361,92.14,104.4,51.26,101.26,4.4,14.78,0.0,0.0,12.89,29.87,0.0,6.6,1.89,11.64,22.96,42.76,Omaha Mavericks
"Carlos Jurgens, Francis Lacis, Kareem Thompson, Kevin Obanor, Max Abmas",200.0,426.0,15.81,99.76303317535546,83.95348837209302,99.76,85.55,54.27,94.31,11.85,31.04,0.0,0.0,6.87,33.18,0.0,8.06,7.58,12.56,22.99,40.05,Oral Roberts Golden Eagles
"Francis Lacis, Kareem Thompson, Kevin Obanor, Max Abmas, RJ Glasper",360.0,697.5,8.97,99.71139971139971,90.74074074074075,99.71,91.92,51.66,96.83,13.42,32.18,0.0,0.0,11.83,31.89,0.0,7.36,4.33,15.01,21.5,43.72,Oral Roberts Golden Eagles
"Carlos Jurgens, DeShang Weaver, Kevin Obanor, Max Abmas, RJ Glasper",40.0,76.0,5.23,103.89610389610388,98.66666666666667,103.9,96.1,57.14,105.19,11.69,36.36,0.0,0.0,10.39,35.06,0.0,5.19,5.19,5.19,15.58,45.45,Oral Roberts Golden Eagles
"Carlos Jurgens, DeShang Weaver, Kareem Thompson, Kevin Obanor, Max Abmas",120.0,258.0,2.36,103.515625,101.15384615384615,103.52,102.73,51.17,93.36,17.58,39.84,0.0,0.0,6.64,27.34,0.0,8.59,3.91,13.28,21.09,33.98,Oral Roberts Golden Eagles
"Amauri Hardy, Chandler Lawson, Eugene Omoruyi, LJ Figueroa, Will Richardson",40.0,80.0,10.03,103.7037037037037,93.67088607594937,103.7,91.36,54.32,96.3,14.81,30.86,0.0,0.0,14.81,24.69,0.0,9.88,3.7,18.52,22.22,39.5,Oregon Ducks
"Amauri Hardy, Chris Duarte, Eric Williams Jr., Eugene Omoruyi, LJ Figueroa",160.0,314.5,9.99,96.46302250803859,86.47798742138365,96.46,88.42,47.91,96.46,13.18,32.15,0.0,0.0,9.65,31.19,0.0,11.9,4.82,13.18,21.86,40.84,Oregon Ducks
"Chris Duarte, Eric Williams Jr., Eugene Omoruyi, LJ Figueroa, Will Richardson",280.0,494.0,7.82,107.81563126252505,100.0,107.82,98.0,55.31,99.6,13.43,30.46,0.0,0.0,12.42,30.66,0.0,9.42,3.81,12.83,18.44,43.08,Oregon Ducks
"Chandler Lawson, Chris Duarte, Eugene Omoruyi, LJ Figueroa, Will Richardson",240.0,425.5,4.25,93.01204819277108,88.76146788990825,93.01,93.25,47.71,97.35,10.6,29.88,0.0,0.0,14.94,33.98,0.0,10.12,5.3,17.59,24.34,48.92,Oregon Ducks
"Amauri Hardy, Chris Duarte, Eric Williams Jr., Eugene Omoruyi, N'Faly Dante",40.0,79.5,-1.96,90.2439024390244,92.20779220779221,90.24,86.59,54.88,112.2,4.88,23.17,0.0,0.0,26.83,29.27,0.0,10.98,2.44,14.63,19.51,56.1,Oregon Ducks
"Amauri Hardy, Chandler Lawson, Eric Williams Jr., Eugene Omoruyi, Jalen Terry",40.0,77.5,-10.16,82.05128205128204,92.20779220779221,82.05,91.03,44.87,97.44,10.26,37.18,0.0,0.0,6.41,23.08,0.0,6.41,2.56,8.97,24.36,29.49,Oregon Ducks
"Ethan Thompson, Maurice Calloo, Roman Silva, Warith Alatishe, Zach Reichle",80.0,151.0,3.74,84.0,80.26315789473685,84.0,81.33,44.67,100.67,8.0,24.0,0.0,0.0,20.67,38.67,0.0,6.0,6.67,20.0,22.67,59.34,Oregon State Beavers
"Ethan Thompson, Jarod Lucas, Roman Silva, Warith Alatishe, Zach Reichle",565.0,1039.0,2.95,94.07766990291262,91.12595419847328,94.08,92.72,51.75,99.22,8.93,25.53,0.0,0.0,14.95,29.51,0.0,8.45,3.79,15.73,25.15,44.46,Oregon State Beavers
"Ethan Thompson, Maurice Calloo, Rodrigue Andela, Warith Alatishe, Zach Reichle",79.9,147.0,1.94,98.61111111111111,96.66666666666667,98.61,100.69,52.08,108.33,13.89,37.5,0.0,0.0,19.44,27.08,0.0,9.03,6.94,11.11,31.94,46.52,Oregon State Beavers
"Dearon Tucker, Ethan Thompson, Jarod Lucas, Warith Alatishe, Zach Reichle",200.0,357.5,-0.45,91.24293785310734,91.68975069252078,91.24,93.5,50.56,97.46,9.89,27.12,0.0,0.0,13.56,35.59,0.0,6.5,2.54,16.1,26.55,49.15,Oregon State Beavers
"Dearon Tucker, Ethan Thompson, Maurice Calloo, Warith Alatishe, Zach Reichle",40.0,80.0,-32.46,84.21052631578947,116.66666666666667,84.21,128.95,44.74,98.68,6.58,28.95,0.0,0.0,14.47,25.0,0.0,10.53,5.26,15.79,28.95,39.47,Oregon State Beavers
"Broc Finstuen, Daniss Jenkins, Jeremiah Bailey, Jordan Bell, Pierre Crockrell II",570.0,1078.5,-1.53,90.28037383177569,91.81232750689972,90.28,93.27,48.41,97.1,6.73,22.06,0.0,0.0,13.27,33.18,0.0,8.41,4.49,16.17,25.05,46.45,Pacific Tigers
"Jamari Wheeler, John Harrar, Kyle McCloskey, Taylor Nussbaum, Trent Buttrick",40.0,78.0,24.15,103.89610389610388,79.74683544303798,103.9,81.82,51.95,112.99,12.99,32.47,0.0,0.0,22.08,40.26,0.0,6.49,2.6,9.09,19.48,62.34,Penn State Nittany Lions
"Izaiah Brockington, Jamari Wheeler, John Harrar, Myreon Jones, Seth Lundy",445.0,845.5,-1.29,92.37187127532776,93.66197183098592,92.37,95.11,49.58,102.74,10.01,31.11,0.0,0.0,17.64,30.39,0.0,9.18,2.98,14.9,22.77,48.03,Penn State Nittany Lions
"Izaiah Brockington, Jamari Wheeler, John Harrar, Myreon Jones, Trent Buttrick",40.0,86.5,-5.02,78.3132530120482,83.33333333333334,78.31,90.36,44.58,100.0,8.43,21.69,0.0,0.0,19.28,28.92,0.0,12.05,0.0,19.28,31.33,48.2,Penn State Nittany Lions
"Izaiah Brockington, Jamari Wheeler, John Harrar, Myles Dread, Myreon Jones",318.1,623.0,-6.02,88.76582278481013,94.78827361563518,88.77,92.09,47.15,100.16,11.87,36.39,0.0,0.0,14.4,31.49,0.0,10.76,2.69,14.24,20.89,45.89,Penn State Nittany Lions
"Colbey Ross, Jade' Smith, Kessler Edwards, Sedrick Altman, Victor Ohia Obioha",80.0,163.5,5.55,101.20481927710843,95.65217391304348,101.2,92.77,54.82,93.37,12.65,29.52,0.0,0.0,10.84,34.34,0.0,6.63,2.41,17.47,22.89,45.18,Pepperdine Waves
"Colbey Ross, Kene Chukwuka, Kessler Edwards, Sedrick Altman, Victor Ohia Obioha",360.0,749.5,1.89,89.41018766756032,87.51660026560425,89.41,88.34,48.26,95.84,8.45,25.2,0.0,0.0,11.26,34.18,0.0,8.98,3.22,15.42,22.25,45.44,Pepperdine Waves
"Colbey Ross, Jade' Smith, Jan Zidek, Kessler Edwards, Sedrick Altman",45.0,97.0,-3.47,80.20833333333334,83.6734693877551,80.21,85.42,44.79,95.83,5.21,28.12,0.0,0.0,10.42,27.08,0.0,6.25,2.08,14.58,27.08,37.5,Pepperdine Waves
"Colbey Ross, Jan Zidek, Kessler Edwards, Sedrick Altman, Victor Ohia Obioha",120.0,235.5,-3.96,93.53448275862068,97.48953974895397,93.53,100.43,54.31,96.55,7.76,22.84,0.0,0.0,12.93,28.88,0.0,5.17,2.59,16.38,26.72,41.81,Pepperdine Waves
"Femi Odukale, Ithiel Horton, Nike Sibande, Terrell Brown-Soares, William Jeffress",40.0,75.5,9.44,88.60759493670885,79.16666666666666,88.61,72.15,50.63,96.2,7.59,18.99,0.0,0.0,12.66,40.51,0.0,7.59,8.86,16.46,16.46,53.17,Pittsburgh Panthers
"Abdoul Karim Coulibaly, Au'Diese Toney, Femi Odukale, Justin Champagnie, Nike Sibande",80.0,153.5,2.17,98.11320754716981,95.94594594594594,98.11,89.31,57.23,96.23,9.43,25.79,0.0,0.0,10.06,27.67,0.0,6.92,4.4,13.84,22.64,37.73,Pittsburgh Panthers
"Abdoul Karim Coulibaly, Femi Odukale, Justin Champagnie, Nike Sibande, William Jeffress",40.0,80.0,-0.38,94.8051948051948,95.18072289156626,94.81,102.6,44.16,97.4,12.99,31.17,0.0,0.0,15.58,32.47,0.0,3.9,10.39,18.18,24.68,48.05,Pittsburgh Panthers
"Abdoul Karim Coulibaly, Au'Diese Toney, Ithiel Horton, William Jeffress, Xavier Johnson",40.0,70.0,-0.74,87.5,88.23529411764706,87.5,83.33,45.83,112.5,9.72,38.89,0.0,0.0,34.72,40.28,0.0,4.17,0.0,22.22,16.67,75.0,Pittsburgh Panthers
"Abdoul Karim Coulibaly, Au'Diese Toney, Ithiel Horton, Justin Champagnie, Xavier Johnson",320.0,616.0,-1.68,92.4315619967794,94.10801963993454,92.43,92.59,51.05,101.13,8.37,23.35,0.0,0.0,15.94,33.01,0.0,7.73,4.03,14.81,20.77,48.95,Pittsburgh Panthers
"Abdoul Karim Coulibaly, Femi Odukale, Ithiel Horton, Justin Champagnie, Nike Sibande",40.0,81.0,-3.7,76.5432098765432,80.24691358024691,76.54,80.25,48.15,108.64,3.7,12.35,0.0,0.0,25.93,30.86,0.0,6.17,4.94,17.28,32.1,56.79,Pittsburgh Panthers
"Abdoul Karim Coulibaly, Ithiel Horton, Justin Champagnie, Nike Sibande, Xavier Johnson",40.0,84.0,-6.19,86.74698795180723,92.94117647058823,86.75,95.18,50.6,108.43,4.82,20.48,0.0,0.0,18.07,28.92,0.0,7.23,2.41,9.64,24.1,46.99,Pittsburgh Panthers
"Abdoul Karim Coulibaly, Ithiel Horton, Nike Sibande, Noah Collier, Xavier Johnson",40.0,74.5,-14.49,72.0,86.48648648648648,72.0,85.33,38.67,94.67,5.33,18.67,0.0,0.0,10.67,24.0,0.0,10.67,2.67,16.0,26.67,34.67,Pittsburgh Panthers
"Abdoul Karim Coulibaly, Justin Champagnie, Nike Sibande, Onyebuchi Ezeakudo, William Jeffress",40.0,66.0,-19.77,92.53731343283582,112.3076923076923,92.54,108.96,49.25,91.04,13.43,26.87,0.0,0.0,10.45,26.87,0.0,13.43,4.48,19.4,19.4,37.32,Pittsburgh Panthers
"Chase Adams, Eddie Davis, Isiah Dasher, Latrell Jones, Michael Henn",40.0,88.5,-17.88,73.03370786516854,90.9090909090909,73.03,89.89,39.33,83.15,7.87,29.21,0.0,0.0,1.12,33.71,0.0,11.24,0.0,17.98,16.85,34.83,Portland Pilots
"Ahmed Ali, Eddie Davis, Isiah Dasher, Latrell Jones, Michael Henn",120.0,256.0,-23.01,93.33333333333333,116.34241245136188,93.33,117.25,50.59,95.69,11.76,25.49,0.0,0.0,12.16,20.78,0.0,7.45,1.96,16.47,22.75,32.94,Portland Pilots
"Ahmed Ali, Eddie Davis, Latrell Jones, Michael Henn, Zac Triplett",80.0,155.5,-23.78,87.26114649681529,111.03896103896105,87.26,108.92,44.59,91.72,12.1,35.03,0.0,0.0,9.55,25.48,0.0,8.28,2.55,17.83,21.02,35.03,Portland Pilots
"Eddie Davis, Isiah Dasher, Michael Henn, Quincy Ferebee, Takiula Fahrensohn",40.0,76.0,-33.75,74.35897435897436,108.10810810810811,74.36,102.56,41.03,87.18,10.26,28.21,0.0,0.0,3.85,25.64,0.0,2.56,5.13,16.67,16.67,29.49,Portland Pilots
"Ahmed Ali, Eddie Davis, Isiah Dasher, Michael Henn, Zac Triplett",40.0,76.5,-34.44,76.82926829268293,111.26760563380283,76.83,96.34,50.0,95.12,4.88,23.17,0.0,0.0,7.32,26.83,0.0,7.32,2.44,12.2,17.07,34.15,Portland Pilots
"Eddie Davis, Isiah Dasher, Latrell Jones, Michael Henn, Zac Triplett",40.0,75.0,-36.0,76.0,112.00000000000001,76.0,112.0,38.67,86.67,13.33,34.67,0.0,0.0,9.33,29.33,0.0,8.0,6.67,22.67,22.67,38.66,Portland Pilots
"Chase Adams, Eddie Davis, Hayden Curtiss, Latrell Jones, Takiula Fahrensohn",40.0,59.5,-40.25,84.7457627118644,125.0,84.75,127.12,37.29,89.83,11.86,35.59,0.0,0.0,3.39,22.03,0.0,11.86,6.78,13.56,18.64,25.42,Portland Pilots
"Ahmed Ali, Eddie Davis, Hayden Curtiss, Latrell Jones, Michael Henn",80.0,147.5,-45.5,87.83783783783784,133.33333333333331,87.84,132.43,44.59,93.24,11.49,31.76,0.0,0.0,8.11,24.32,0.0,4.05,4.73,14.86,18.24,32.43,Portland Pilots
"A'mari McCray, Charles Jones, Ian Burke, Khalid Thomas, Monty Scott",40.0,85.5,5.34,88.09523809523809,82.75862068965517,88.1,85.71,48.81,98.81,9.52,26.19,0.0,0.0,22.62,32.14,0.0,11.9,5.95,23.81,32.14,54.76,Portland State Vikings
"A'mari McCray, Ian Burke, Khalid Thomas, Monty Scott, Paris Dawson",160.0,301.0,4.54,85.52188552188552,80.98360655737706,85.52,83.16,46.46,105.05,8.75,27.61,0.0,0.0,23.57,31.31,0.0,12.12,4.04,18.52,31.31,54.88,Portland State Vikings
"Ian Burke, Jacob Eyman, Khalid Thomas, Monty Scott, Paris Dawson",365.0,691.5,1.95,85.85858585858585,83.91304347826087,85.86,83.55,46.9,100.58,8.95,29.73,0.0,0.0,16.74,29.73,0.0,10.39,3.46,16.16,24.39,46.47,Portland State Vikings
"A'mari McCray, Charles Jones, Jaden Nielsen-Skinner, Khalid Thomas, Monty Scott",40.0,92.0,-28.55,72.52747252747253,101.0752688172043,72.53,103.3,41.76,96.7,7.69,31.87,0.0,0.0,17.58,25.27,0.0,10.99,0.0,20.88,25.27,42.85,Portland State Vikings
"Boe Nguidjol, Cam Mack, DeWayne Cox, Jawaun Daniels, Jeremiah Gambrell",40.0,70.5,33.28,108.95522388059702,75.67567567567568,108.96,83.58,56.72,95.52,11.94,31.34,0.0,0.0,10.45,38.81,0.0,14.93,2.99,14.93,31.34,49.26,Prairie View A&M Panthers
"Cam Mack, D'Rell Roberts, DeWayne Cox, Jawaun Daniels, Lenell Henry",40.0,82.0,26.54,101.23456790123457,74.69879518072288,101.23,76.54,49.38,109.88,11.11,34.57,0.0,0.0,23.46,30.86,0.0,22.22,1.23,13.58,18.52,54.32,Prairie View A&M Panthers
"Cam Mack, DeWayne Cox, Jawaun Daniels, Jeremiah Gambrell, Lenell Henry",439.9,883.5,17.15,93.21058688147296,76.05790645879733,93.21,78.6,49.6,96.89,8.52,26.47,0.0,0.0,15.54,33.37,0.0,11.51,6.9,18.64,26.58,48.91,Prairie View A&M Panthers
"Cam Mack, DeWayne Cox, Faite Williams, Jawaun Daniels, Lenell Henry",80.0,161.5,-2.73,85.0,87.73006134969326,85.0,89.38,47.5,105.0,6.88,30.63,0.0,0.0,18.12,31.25,0.0,8.75,3.75,13.12,25.0,49.37,Prairie View A&M Panthers
"Ambaka Le Gregam, Brandon Younger, Owen McCormack, Rayshon Harrison, Trevon Reddish-Rhone",80.0,142.0,1.11,93.5251798561151,92.41379310344827,93.53,96.4,50.36,103.6,11.51,29.5,0.0,0.0,18.71,25.18,0.0,12.23,2.16,15.11,28.78,43.89,Presbyterian Blue Hose
"Brandon Younger, Owen McCormack, Rayshon Harrison, Trevon Reddish-Rhone, Winston Hill",440.0,811.0,-1.34,86.375,87.71289537712896,86.38,90.12,46.62,94.62,8.38,26.88,0.0,0.0,16.38,30.25,0.0,9.38,2.12,21.75,26.0,46.63,Presbyterian Blue Hose
"Owen McCormack, Rayshon Harrison, Trevon Reddish-Rhone, Tristen Becker, Winston Hill",45.0,93.0,-4.66,81.05263157894737,85.71428571428571,81.05,82.11,52.63,109.47,4.21,23.16,0.0,0.0,22.11,31.58,0.0,4.21,5.26,12.63,25.26,53.69,Presbyterian Blue Hose
"Ambaka Le Gregam, Brandon Younger, Owen McCormack, Trevon Reddish-Rhone, Zeb Graham",39.8,67.0,-5.08,67.64705882352942,72.72727272727273,67.65,70.59,36.76,97.06,5.88,22.06,0.0,0.0,16.18,30.88,0.0,14.71,1.47,19.12,20.59,47.06,Presbyterian Blue Hose
"Brandon Younger, Kirshon Thrash, Owen McCormack, Rayshon Harrison, Trevon Reddish-Rhone",40.0,82.5,-30.08,66.26506024096386,96.34146341463415,66.27,95.18,43.37,83.13,3.61,12.05,0.0,0.0,9.64,18.07,0.0,8.43,7.23,26.51,31.33,27.71,Presbyterian Blue Hose
"Ambaka Le Gregam, Brandon Younger, Owen McCormack, Trevon Reddish-Rhone, Winston Hill",40.0,75.5,-32.41,66.23376623376623,98.64864864864865,66.23,94.81,42.86,87.01,2.6,14.29,0.0,0.0,7.79,25.97,0.0,7.79,2.6,20.78,28.57,33.76,Presbyterian Blue Hose
"A.J. Reeves, David Duke Jr., Jared Bynum, Jimmy Nichols, Nate Watson",80.0,136.0,6.06,97.10144927536231,91.04477611940298,97.1,88.41,50.72,97.83,10.87,26.09,0.0,0.0,16.67,39.13,0.0,7.97,4.35,18.84,19.57,55.8,Providence Friars
"A.J. Reeves, Alyn Breed, David Duke Jr., Jimmy Nichols, Nate Watson",245.0,458.0,-2.51,90.23861171366593,92.74725274725274,90.24,91.54,47.94,97.83,10.2,26.03,0.0,0.0,13.23,33.41,0.0,6.29,2.17,15.4,23.43,46.64,Providence Friars
"A.J. Reeves, David Duke Jr., Jared Bynum, Nate Watson, Noah Horchler",135.0,254.5,-3.29,91.5057915057915,94.8,91.51,91.51,50.58,98.84,7.34,25.87,0.0,0.0,13.9,32.05,0.0,7.72,3.86,15.06,20.46,45.95,Providence Friars
"A.J. Reeves, David Duke Jr., Greg Gantt, Nate Watson, Noah Horchler",80.0,156.5,-3.35,74.35897435897436,77.70700636942675,74.36,78.21,39.74,96.15,7.69,28.85,0.0,0.0,12.82,33.33,0.0,5.77,2.56,16.67,24.36,46.15,Providence Friars
"A.J. Reeves, Alyn Breed, David Duke Jr., Nate Watson, Noah Horchler",280.0,520.0,-6.72,86.09523809523809,92.81553398058252,86.1,91.05,46.29,97.52,8.76,26.86,0.0,0.0,13.9,33.33,0.0,6.86,5.71,16.38,20.0,47.23,Providence Friars
"Brandon Newman, Eric Hunter Jr., Mason Gillis, Sasha Stefanovic, Zach Edey",40.0,72.0,9.72,93.05555555555556,83.33333333333334,93.06,83.33,50.0,91.67,8.33,27.78,0.0,0.0,13.89,37.5,0.0,12.5,4.17,22.22,26.39,51.39,Purdue Boilermakers
"Eric Hunter Jr., Jaden Ivey, Mason Gillis, Sasha Stefanovic, Trevion Williams",164.6,305.0,6.94,94.44444444444444,87.5,94.44,86.93,52.94,98.37,8.82,26.14,0.0,0.0,13.73,37.58,0.0,6.86,5.88,15.36,22.88,51.31,Purdue Boilermakers
"Brandon Newman, Eric Hunter Jr., Jaden Ivey, Mason Gillis, Trevion Williams",280.0,516.0,1.91,92.40986717267552,90.4950495049505,92.41,86.72,51.99,101.9,7.02,24.29,0.0,0.0,17.46,34.72,0.0,8.92,5.31,15.56,21.44,52.18,Purdue Boilermakers
"Brandon Newman, Eric Hunter Jr., Mason Gillis, Sasha Stefanovic, Trevion Williams",320.0,598.0,-0.43,90.25210084033614,90.68219633943427,90.25,91.6,48.57,98.82,9.58,30.59,0.0,0.0,14.96,37.82,0.0,4.87,4.03,16.13,25.21,52.78,Purdue Boilermakers
"Bobby Planutis, Deonte Billups, Dylan Carl, Jalon Pipkins, Jarred Godfrey",869.7,1662.5,-3.63,96.66464523953911,100.29832935560859,96.66,101.94,49.61,91.21,11.4,28.26,0.0,0.0,11.58,30.81,0.0,8.73,3.82,20.38,22.74,42.39,Purdue Fort Wayne Mastodons
"Bobby Planutis, Cameron Benford, Deonte Billups, Jalon Pipkins, Jarred Godfrey",40.0,78.0,-6.64,76.25,82.89473684210526,76.25,78.75,41.25,76.25,11.25,28.75,0.0,0.0,11.25,32.5,0.0,7.5,0.0,35.0,16.25,43.75,Purdue Fort Wayne Mastodons
"JJ Riggins, Jacob Rigoni, Savion Lewis, Tymu Chenery, Tyrese Williams",40.0,82.5,16.23,95.23809523809523,79.01234567901234,95.24,76.19,51.19,91.67,11.9,36.9,0.0,0.0,5.95,34.52,0.0,7.14,4.76,14.29,21.43,40.47,Quinnipiac Bobcats
"Jack Higgins, Jacob Rigoni, Savion Lewis, Seth Pinkney, Tyrese Williams",40.0,87.0,0.2,70.78651685393258,70.58823529411765,70.79,67.42,44.94,91.01,3.37,21.35,0.0,0.0,10.11,37.08,0.0,11.24,8.99,19.1,19.1,47.19,Quinnipiac Bobcats
"Jacob Rigoni, Savion Lewis, Seth Pinkney, Tymu Chenery, Tyrese Williams",535.0,1076.0,-2.42,80.86476540938362,83.28638497652582,80.86,81.6,44.07,94.11,9.94,30.54,0.0,0.0,10.03,34.59,0.0,6.44,4.05,15.92,22.45,44.62,Quinnipiac Bobcats
"Jacob Rigoni, Luis Kortright, Seth Pinkney, Tymu Chenery, Tyrese Williams",80.0,165.0,-3.7,79.62962962962963,83.33333333333334,79.63,86.42,40.74,89.51,11.73,28.4,0.0,0.0,11.11,32.1,0.0,9.26,9.88,21.6,24.07,43.21,Quinnipiac Bobcats
"Brendan McGuire, Jacob Rigoni, Savion Lewis, Seth Pinkney, Tymu Chenery",40.0,87.0,-21.84,80.45977011494253,102.29885057471265,80.46,102.3,43.68,93.1,5.75,19.54,0.0,0.0,5.75,24.14,0.0,6.9,3.45,12.64,20.69,29.89,Quinnipiac Bobcats
"Chyree Walker, Fah'Mir Ali, Josiah Jeffers, Lewis Djonkam, Xavier Lipscomb",40.0,75.0,9.53,97.36842105263158,87.83783783783784,97.37,85.53,55.26,97.37,10.53,23.68,0.0,0.0,17.11,38.16,0.0,3.95,1.32,19.74,18.42,55.27,Radford Highlanders
"Dravon Mangum, Fah'Mir Ali, Josiah Jeffers, Lewis Djonkam, Quinton Morton-Robertson",40.0,69.0,2.99,100.0,97.01492537313433,100.0,91.55,56.34,90.14,7.04,15.49,0.0,0.0,14.08,32.39,0.0,8.45,1.41,23.94,25.35,46.47,Radford Highlanders
"Chyree Walker, Dravon Mangum, Lewis Djonkam, Quinton Morton-Robertson, Xavier Lipscomb",40.0,72.5,1.58,86.3013698630137,84.72222222222221,86.3,83.56,47.95,104.11,1.37,16.44,0.0,0.0,20.55,41.1,0.0,8.22,1.37,16.44,15.07,61.65,Radford Highlanders
"Chyree Walker, Dravon Mangum, Fah'Mir Ali, Lewis Djonkam, Xavier Lipscomb",494.4,885.0,1.36,92.13732004429679,90.77277970011534,92.14,87.15,50.72,95.02,8.97,26.36,0.0,0.0,14.29,33.67,0.0,8.64,2.33,19.27,21.59,47.96,Radford Highlanders
"Chyree Walker, Jordan Hemphill, Lewis Djonkam, Quinton Morton-Robertson, Xavier Lipscomb",85.0,155.0,-1.04,89.80891719745223,90.84967320261438,89.81,88.54,51.59,96.18,6.37,21.66,0.0,0.0,20.38,37.58,0.0,5.1,3.82,24.2,19.75,57.96,Radford Highlanders
"Chyree Walker, Dravon Mangum, Fah'Mir Ali, Lewis Djonkam, Quinton Morton-Robertson",120.0,216.0,-4.28,84.070796460177,88.3495145631068,84.07,80.53,51.33,96.9,7.52,27.43,0.0,0.0,15.93,31.86,0.0,7.52,1.77,19.03,24.34,47.79,Radford Highlanders
"Allen Betrand, Antwan Walker, Fatts Russell, Jeremy Sheppard, Makhel Mitchell",245.0,474.5,4.82,89.91769547325103,85.09719222462203,89.92,81.07,50.82,96.91,8.23,22.02,0.0,0.0,16.67,34.16,0.0,6.38,5.97,19.75,18.52,50.83,Rhode Island Rams
"Allen Betrand, Antwan Walker, Ishmael Leggett, Jeremy Sheppard, Makhel Mitchell",120.0,213.5,-1.01,83.09859154929578,84.11214953271028,83.1,84.51,44.13,99.53,4.69,22.07,0.0,0.0,21.13,40.85,0.0,9.86,9.86,21.6,17.37,61.98,Rhode Island Rams
"Antwan Walker, Fatts Russell, Jeremy Sheppard, Makhel Mitchell, Malik Martin",165.0,315.5,-1.48,88.01261829652996,89.49044585987261,88.01,88.64,47.63,97.48,7.26,24.29,0.0,0.0,19.56,38.49,0.0,9.78,5.36,22.08,21.14,58.05,Rhode Island Rams
"Antwan Walker, Fatts Russell, Ishmael Leggett, Jeremy Sheppard, Makhel Mitchell",170.0,331.5,-4.16,90.79754601226993,94.95548961424333,90.8,98.16,51.84,109.82,7.36,25.77,0.0,0.0,21.78,33.13,0.0,7.67,3.99,11.96,23.62,54.91,Rhode Island Rams
"Antwan Walker, Fatts Russell, Ishmael Leggett, Makhel Mitchell, Malik Martin",40.0,72.0,-13.66,101.40845070422534,115.06849315068493,101.41,118.31,49.3,100.0,12.68,35.21,0.0,0.0,15.49,29.58,0.0,1.41,5.63,15.49,21.13,45.07,Rhode Island Rams
"Chris Mullins, Max Fiedler, Quincy Olivari, Riley Abercrombie, Travis Evee",240.0,463.0,5.6,101.08459869848157,95.48387096774194,101.08,96.31,50.54,96.53,14.75,36.88,0.0,0.0,14.1,34.49,0.0,7.59,2.82,17.57,20.17,48.59,Rice Owls
"Cameron Sheffield, Max Fiedler, Quincy Olivari, Riley Abercrombie, Travis Evee",200.0,381.0,0.52,98.68421052631578,98.1675392670157,98.68,98.68,48.95,93.68,15.26,37.63,0.0,0.0,13.95,34.21,0.0,6.05,3.68,20.26,19.21,48.16,Rice Owls
"Cavit Ege Havsa, Chris Mullins, Max Fiedler, Quincy Olivari, Riley Abercrombie",40.0,75.5,-9.41,91.8918918918919,101.29870129870129,91.89,105.41,43.24,87.84,14.86,39.19,0.0,0.0,10.81,37.84,0.0,2.7,4.05,22.97,17.57,48.65,Rice Owls
"Cameron Sheffield, Max Fiedler, Payton Moore, Quincy Olivari, Riley Abercrombie",40.0,84.5,-13.08,88.09523809523809,101.17647058823529,88.1,102.38,50.0,89.29,9.52,23.81,0.0,0.0,11.9,36.9,0.0,2.38,1.19,22.62,20.24,48.8,Rice Owls
"Cameron Sheffield, Chris Mullins, Max Fiedler, Quincy Olivari, Travis Evee",200.0,366.0,-16.74,84.61538461538461,101.3586956521739,84.62,102.47,42.31,90.38,12.09,37.09,0.0,0.0,9.89,35.71,0.0,6.87,3.02,19.51,17.31,45.6,Rice Owls
"Max Fiedler, Payton Moore, Quincy Olivari, Riley Abercrombie, Travis Evee",40.0,67.0,-41.76,77.94117647058823,119.6969696969697,77.94,116.18,44.12,101.47,4.41,25.0,0.0,0.0,19.12,23.53,0.0,10.29,1.47,17.65,14.71,42.65,Rice Owls
"Blake Francis, Grant Golden, Jacob Gilyard, Nathan Cayo, Tyler Burton",400.0,757.0,5.48,98.16272965879264,92.68617021276596,98.16,91.47,53.02,98.16,9.71,26.38,0.0,0.0,9.97,29.92,0.0,11.29,3.02,11.81,20.73,39.89,Richmond Spiders
"Andre Gustavson, Grant Golden, Jacob Gilyard, Nathan Cayo, Tyler Burton",40.0,81.0,-10.11,74.69879518072288,84.81012658227847,74.7,80.72,46.99,98.8,6.02,21.69,0.0,0.0,18.07,33.73,0.0,12.05,3.61,19.28,16.87,51.8,Richmond Spiders
"Allen Powell, Christian Ings, Dontrell McQuarter, Dwight Murray Jr., Tyrel Bladen",80.0,153.5,10.53,93.33333333333333,82.80254777070064,93.33,86.67,51.33,100.67,10.67,25.33,0.0,0.0,18.67,32.0,0.0,7.33,3.33,18.0,26.0,50.67,Rider Broncs
"Ajiri Ogemuno-Johnson, Allen Powell, Christian Ings, Dwight Murray Jr., Rodney Henderson Jr.",79.8,151.5,5.06,95.9731543624161,90.9090909090909,95.97,93.96,46.98,100.0,12.08,32.21,0.0,0.0,11.41,36.24,0.0,9.4,4.03,11.41,23.49,47.65,Rider Broncs
"Ajiri Ogemuno-Johnson, Christian Ings, Dontrell McQuarter, Dwight Murray Jr., Rodney Henderson Jr.",279.6,514.0,-2.23,91.58512720156556,93.81044487427465,91.59,94.91,51.27,95.89,6.26,20.16,0.0,0.0,12.52,33.86,0.0,5.68,2.74,16.63,25.05,46.38,Rider Broncs
"Ajiri Ogemuno-Johnson, Allen Powell, Dontrell McQuarter, Dwight Murray Jr., Rodney Henderson Jr.",80.0,151.5,-2.79,95.27027027027027,98.06451612903226,95.27,102.7,47.3,104.73,9.46,25.68,0.0,0.0,18.24,31.76,0.0,8.78,1.35,13.51,27.7,50.0,Rider Broncs
"Ajiri Ogemuno-Johnson, Allen Powell, Christian Ings, Dontrell McQuarter, Dwight Murray Jr.",125.0,228.0,-9.42,88.79310344827587,98.21428571428571,88.79,94.83,49.57,91.38,9.48,20.69,0.0,0.0,11.21,30.6,0.0,6.03,3.02,19.83,22.41,41.81,Rider Broncs
"Ajiri Ogemuno-Johnson, Christian Ings, Dontrell McQuarter, Dwight Murray Jr., Jeremiah Pope",40.0,76.5,-11.62,83.11688311688312,94.73684210526315,83.12,93.51,55.84,105.19,1.3,11.69,0.0,0.0,18.18,31.17,0.0,5.19,1.3,12.99,36.36,49.35,Rider Broncs
"Ajiri Ogemuno-Johnson, Allen Powell, Christian Ings, Dwight Murray Jr., Jaelen McGlone",120.0,246.0,-18.9,75.51867219917013,94.42231075697211,75.52,98.34,41.08,91.7,7.47,24.9,0.0,0.0,10.37,33.61,0.0,6.64,2.49,18.67,22.41,43.98,Rider Broncs
"AJ Bramah, Dante Treacy, Jon Williams, Kahliel Spear, Kam Farris",80.0,160.0,4.22,114.28571428571428,110.062893081761,114.29,108.7,56.52,100.62,13.66,30.43,0.0,0.0,16.77,22.36,0.0,5.59,2.48,16.15,24.84,39.13,Robert Morris Colonials
"Cameron Wilbon, Enoch Cheeks, Kahliel Spear, Kam Farris, Trayden Williams",40.0,79.0,3.8,84.81012658227847,81.0126582278481,84.81,81.01,49.37,100.0,5.06,17.72,0.0,0.0,20.25,39.24,0.0,8.86,5.06,20.25,22.78,59.49,Robert Morris Colonials
"AJ Bramah, Charles Bain, Dante Treacy, Jon Williams, Kam Farris",260.0,484.0,-5.07,84.43983402489627,89.50617283950618,84.44,90.25,47.1,101.04,7.05,24.69,0.0,0.0,15.98,32.16,0.0,7.68,3.53,14.94,23.65,48.14,Robert Morris Colonials
"Charles Bain, Dante Treacy, Jon Williams, Kahliel Spear, Kam Farris",290.0,536.0,-7.86,95.44592030360532,103.30275229357797,95.45,106.83,46.68,95.45,12.14,30.17,0.0,0.0,12.71,29.03,0.0,8.16,3.23,17.27,25.05,41.74,Robert Morris Colonials
"Geo Baker, Jacob Young, Mamadou Doucoure, Myles Johnson, Ron Harper Jr.",40.0,75.0,19.55,101.36986301369863,81.81818181818183,101.37,86.3,45.21,91.78,15.07,38.36,0.0,0.0,9.59,42.47,0.0,12.33,13.7,17.81,21.92,52.06,Rutgers Scarlet Knights
"Geo Baker, Jacob Young, Montez Mathis, Myles Johnson, Paul Mulcahy",40.0,72.0,6.94,112.5,105.55555555555556,112.5,105.56,58.33,101.39,15.28,29.17,0.0,0.0,9.72,33.33,0.0,9.72,4.17,8.33,23.61,43.05,Rutgers Scarlet Knights
"Caleb McConnell, Geo Baker, Myles Johnson, Paul Mulcahy, Ron Harper Jr.",320.0,583.5,6.07,91.91049913941481,85.83617747440273,91.91,86.57,50.43,99.14,7.23,27.37,0.0,0.0,15.32,34.25,0.0,10.33,7.92,16.18,23.58,49.57,Rutgers Scarlet Knights
"Clifford Omoruyi, Jacob Young, Montez Mathis, Paul Mulcahy, Ron Harper Jr.",80.0,163.0,3.37,97.63313609467455,94.26751592356688,97.63,87.57,53.25,102.96,10.06,23.08,0.0,0.0,13.02,30.77,0.0,7.69,7.69,10.06,20.71,43.79,Rutgers Scarlet Knights
"Geo Baker, Jacob Young, Myles Johnson, Paul Mulcahy, Ron Harper Jr.",165.0,314.5,-3.86,83.71335504885994,87.5776397515528,83.71,91.86,45.6,95.77,6.19,25.08,0.0,0.0,12.05,32.57,0.0,9.77,5.86,16.29,25.73,44.62,Rutgers Scarlet Knights
"Geo Baker, Jacob Young, Montez Mathis, Myles Johnson, Ron Harper Jr.",200.0,377.5,-7.86,84.42622950819673,92.2879177377892,84.43,98.09,41.8,104.1,7.1,24.86,0.0,0.0,17.49,30.05,0.0,12.57,5.74,13.39,26.23,47.54,Rutgers Scarlet Knights
"Jacob Young, Montez Mathis, Myles Johnson, Paul Mulcahy, Ron Harper Jr.",40.0,83.0,-8.02,85.0,93.02325581395348,85.0,100.0,42.5,93.75,12.5,31.25,0.0,0.0,5.0,26.25,0.0,3.75,3.75,11.25,27.5,31.25,Rutgers Scarlet Knights
"Elijah Ifejeh, Gus Okafor, Isiah Kirby, Joe Kasperzyk, JonDarius Warren",40.0,77.0,11.66,105.40540540540539,93.75,105.41,101.35,48.65,95.95,16.22,35.14,0.0,0.0,13.51,31.08,0.0,13.51,2.7,17.57,24.32,44.59,SE Louisiana Lions
"Gus Okafor, Isiah Kirby, Joe Kasperzyk, Keon Clergeot, Nick Caldwell",125.0,245.5,-7.36,88.9795918367347,96.34146341463415,88.98,96.73,46.53,97.55,10.61,31.84,0.0,0.0,13.88,24.08,0.0,14.29,2.45,16.33,19.18,37.96,SE Louisiana Lions
"Elijah Ifejeh, Gus Okafor, Isiah Kirby, Joe Kasperzyk, Keon Clergeot",403.9,838.0,-7.4,85.12396694214877,92.52110977080821,85.12,90.55,49.82,96.93,8.26,26.45,0.0,0.0,16.41,28.34,0.0,7.79,2.72,19.48,25.03,44.75,SE Louisiana Lions
"Brandon Gonzalez, Gus Okafor, Joe Kasperzyk, JonDarius Warren, Pape Diop",40.0,80.5,-11.36,80.0,91.35802469135803,80.0,92.5,43.75,96.25,6.25,27.5,0.0,0.0,15.0,36.25,0.0,7.5,6.25,18.75,25.0,51.25,SE Louisiana Lions
"Gus Okafor, Isiah Kirby, JonDarius Warren, Keon Clergeot, Nick Caldwell",40.0,83.0,-20.48,75.90361445783132,96.3855421686747,75.9,96.39,46.99,93.98,3.61,28.92,0.0,0.0,14.46,20.48,0.0,10.84,0.0,20.48,21.69,34.94,SE Louisiana Lions
"Byron Smith, Gus Okafor, Joe Kasperzyk, Keon Clergeot, Nick Caldwell",40.0,71.0,-22.94,74.28571428571429,97.22222222222221,74.29,100.0,45.71,102.86,4.29,27.14,0.0,0.0,27.14,44.29,0.0,8.57,8.57,24.29,15.71,71.43,SE Louisiana Lions
"Byron Smith, Elijah Ifejeh, Gus Okafor, Joe Kasperzyk, Keon Clergeot",40.0,81.5,-32.71,78.82352941176471,111.53846153846155,78.82,102.35,48.24,105.88,9.41,29.41,0.0,0.0,20.0,17.65,0.0,8.24,5.88,14.12,20.0,37.65,SE Louisiana Lions
"Carlos Curtis, Courtney Carter, Desmond Polk, Lamar Wright, Shamar Wright",40.0,74.0,21.7,108.0,86.3013698630137,108.0,84.0,50.67,82.67,16.0,26.67,0.0,0.0,4.0,38.67,0.0,8.0,5.33,21.33,12.0,42.67,SIU Edwardsville Cougars
"Courtney Carter, Desmond Polk, Iziah James, Lamar Wright, Mike Adewunmi",40.0,68.0,7.7,76.19047619047619,68.4931506849315,76.19,79.37,36.51,95.24,7.94,38.1,0.0,0.0,14.29,38.1,0.0,4.76,4.76,19.05,34.92,52.39,SIU Edwardsville Cougars
"Courtney Carter, Lamar Wright, Mike Adewunmi, Shamar Wright, Sidney Wilson",200.0,381.5,-0.51,85.97883597883597,86.49350649350649,85.98,88.1,47.35,92.06,7.94,25.66,0.0,0.0,12.43,34.66,0.0,8.2,6.88,20.37,24.6,47.09,SIU Edwardsville Cougars
"Carlos Curtis, Courtney Carter, Lamar Wright, Mike Adewunmi, Shamar Wright",280.0,545.5,-14.7,88.39779005524862,103.1021897810219,88.4,104.05,48.07,98.34,7.18,23.02,0.0,0.0,20.44,28.18,0.0,7.55,5.52,22.1,18.42,48.62,SIU Edwardsville Cougars
"Courtney Carter, Desmond Polk, Lamar Wright, Mike Adewunmi, Shamar Wright",240.0,463.5,-21.13,77.77777777777779,98.91067538126362,77.78,97.01,46.37,92.52,5.98,22.44,0.0,0.0,10.68,28.85,0.0,6.62,4.7,18.16,21.15,39.53,SIU Edwardsville Cougars
"Emmanuel Bandoumel, Ethan Chargois, Feron Hunt, Kendric Davis, Yor Anei",40.0,75.5,6.02,87.83783783783784,81.81818181818183,87.84,85.14,43.24,90.54,10.81,28.38,0.0,0.0,20.27,35.14,0.0,5.41,5.41,29.73,24.32,55.41,SMU Mustangs
"Emmanuel Bandoumel, Ethan Chargois, Feron Hunt, Isiah Jasey, Kendric Davis",399.8,772.5,3.59,90.03931847968545,86.44501278772378,90.04,88.6,48.23,95.81,8.78,27.79,0.0,0.0,12.19,34.86,0.0,6.82,6.16,16.38,23.2,47.05,SMU Mustangs
"Darius McNeill, Emmanuel Bandoumel, Ethan Chargois, Feron Hunt, Kendric Davis",40.0,91.0,-3.3,78.02197802197803,81.31868131868131,78.02,81.32,41.76,96.7,10.99,32.97,0.0,0.0,18.68,21.98,0.0,7.69,4.4,21.98,23.08,40.66,SMU Mustangs
"Bryce Fowler, Christian Terrell, Ethan Esposito, Spencer Monteiro, William FitzPatrick",80.0,146.5,26.54,101.36986301369863,74.82993197278913,101.37,75.34,54.11,99.32,8.9,23.97,0.0,0.0,15.07,34.93,0.0,14.38,3.42,15.75,26.03,50.0,Sacramento State Hornets
"Brandon Davis, Bryce Fowler, David Jones, Deshaun Highler, Ethan Esposito",45.0,71.5,1.92,80.0,78.08219178082192,80.0,81.43,40.0,102.86,10.0,24.29,0.0,0.0,18.57,35.71,0.0,14.29,0.0,15.71,25.71,54.28,Sacramento State Hornets
"Brandon Davis, Bryce Fowler, David Jones, Ethan Esposito, William FitzPatrick",130.0,230.0,1.27,98.68421052631578,97.41379310344827,98.68,99.12,55.7,108.77,10.09,27.19,0.0,0.0,19.3,32.46,0.0,7.46,3.51,10.53,27.19,51.76,Sacramento State Hornets
"Brandon Davis, Bryce Fowler, Christian Terrell, Ethan Esposito, William FitzPatrick",320.0,603.5,-11.29,96.04612850082373,107.33333333333333,96.05,106.1,51.24,98.85,9.56,23.89,0.0,0.0,12.52,26.69,0.0,7.91,3.13,13.67,22.9,39.21,Sacramento State Hornets
"Bryce Fowler, Christian Terrell, David Jones, Ethan Esposito, William FitzPatrick",40.0,72.5,-21.24,81.42857142857143,102.66666666666666,81.43,110.0,42.86,102.86,4.29,24.29,0.0,0.0,17.14,34.29,0.0,7.14,5.71,14.29,24.29,51.43,Sacramento State Hornets
"Alex Watson, Cantavio Dutreil, Matas Spokas, Mike Sixsmith, Tyler Thomas",159.6,311.5,4.13,85.17350157728707,81.04575163398692,85.17,78.23,47.95,97.79,8.2,28.71,0.0,0.0,13.25,38.17,0.0,5.99,3.47,15.46,19.56,51.42,Sacred Heart Pioneers
"Aaron Clarke, Alex Watson, Cantavio Dutreil, Matas Spokas, Tyler Thomas",285.0,552.0,-9.4,94.64285714285714,104.04411764705883,94.64,101.07,51.25,96.79,11.43,30.18,0.0,0.0,13.39,28.04,0.0,5.71,2.14,16.61,20.0,41.43,Sacred Heart Pioneers
"Alex Watson, Bryce Johnson, Matas Spokas, Mike Sixsmith, Tyler Thomas",80.0,124.0,-12.34,97.65625,110.00000000000001,97.66,103.12,51.56,99.22,10.16,32.03,0.0,0.0,15.62,33.59,0.0,5.47,2.34,16.41,20.31,49.21,Sacred Heart Pioneers
"Aaron Clarke, Alex Watson, Bryce Johnson, Nico Galette, Tyler Thomas",80.0,157.5,-25.19,64.74358974358975,89.937106918239,64.74,91.67,37.82,96.79,5.13,31.41,0.0,0.0,17.95,32.69,0.0,7.69,3.21,21.15,27.56,50.64,Sacred Heart Pioneers
"Cameron Brown, Dahmir Bishop, Jordan Hall, Ryan Daly, Taylor Funk",45.0,95.5,10.37,95.78947368421052,85.41666666666666,95.79,86.32,49.47,96.84,11.58,33.68,0.0,0.0,12.63,40.0,0.0,5.26,8.42,15.79,23.16,52.63,Saint Joseph's Hawks
"Anthony Longpre, Dahmir Bishop, Jack Forrest, Jordan Hall, Taylor Funk",50.0,94.0,-2.13,90.42553191489363,92.5531914893617,90.43,92.55,43.62,89.36,13.83,40.43,0.0,0.0,10.64,32.98,0.0,10.64,1.06,21.28,25.53,43.62,Saint Joseph's Hawks
"Cameron Brown, Dahmir Bishop, Jack Forrest, Jordan Hall, Taylor Funk",125.0,252.5,-6.59,91.869918699187,98.45559845559846,91.87,103.66,45.12,94.72,13.01,38.62,0.0,0.0,12.6,30.08,0.0,9.76,2.44,17.89,19.92,42.68,Saint Joseph's Hawks
"Cameron Brown, Jordan Hall, Rahmir Moore, Ryan Daly, Taylor Funk",160.0,320.0,-9.95,94.24242424242424,104.19354838709678,94.24,97.88,50.3,98.48,13.94,40.0,0.0,0.0,10.91,30.3,0.0,7.27,1.21,12.42,16.06,41.21,Saint Joseph's Hawks
"Anton Jansson, Dahmir Bishop, Jack Forrest, Jordan Hall, Taylor Funk",40.0,74.0,-12.16,83.78378378378379,95.94594594594594,83.78,95.95,40.54,109.46,9.46,35.14,0.0,0.0,20.27,31.08,0.0,9.46,1.35,10.81,17.57,51.35,Saint Joseph's Hawks
"Anthony Longpre, Cameron Brown, Dahmir Bishop, Greg Foster Jr., Taylor Funk",39.4,82.0,-20.7,73.41772151898735,94.11764705882352,73.42,101.27,41.77,88.61,8.86,30.38,0.0,0.0,18.99,31.65,0.0,1.27,1.27,30.38,26.58,50.64,Saint Joseph's Hawks
"Anthony Longpre, Dahmir Bishop, Jadrian Tracey, Jordan Hall, Taylor Funk",40.0,71.5,-22.63,70.4225352112676,93.05555555555556,70.42,94.37,36.62,104.23,9.86,39.44,0.0,0.0,19.72,43.66,0.0,7.04,1.41,15.49,22.54,63.38,Saint Joseph's Hawks
"Jack Forrest, Jadrian Tracey, Jordan Hall, Myles Douglas, Taylor Funk",40.0,74.5,-28.63,79.16666666666666,107.79220779220779,79.17,115.28,34.72,91.67,13.89,47.22,0.0,0.0,6.94,40.28,0.0,5.56,1.39,15.28,16.67,47.22,Saint Joseph's Hawks
"Anthony Longpre, Cameron Brown, Jadrian Tracey, Rahmir Moore, Taylor Funk",40.0,72.5,-30.44,77.77777777777779,108.21917808219179,77.78,109.72,38.89,83.33,12.5,33.33,0.0,0.0,8.33,34.72,0.0,5.56,4.17,25.0,13.89,43.05,Saint Joseph's Hawks
"Hasahn French, Javonte Perkins, Jimmy Bell Jr., Jordan Goodwin, Joshua Hightower",40.0,70.0,24.51,108.33333333333333,83.82352941176471,108.33,79.17,58.33,104.17,8.33,13.89,0.0,0.0,22.22,31.94,0.0,13.89,4.17,18.06,18.06,54.16,Saint Louis Billikens
"Fred Thatch Jr., Gibson Jimerson, Hasahn French, Javonte Perkins, Jordan Goodwin",120.0,211.5,15.21,95.67307692307693,80.46511627906978,95.67,83.17,48.08,112.02,10.58,39.9,0.0,0.0,28.85,40.87,0.0,8.65,0.96,16.83,22.12,69.72,Saint Louis Billikens
"Hasahn French, Javonte Perkins, Jimmy Bell Jr., Jordan Goodwin, Yuri Collins",120.0,218.5,0.9,96.78899082568807,95.8904109589041,96.79,96.33,54.59,104.13,6.88,17.89,0.0,0.0,21.1,36.24,0.0,5.5,4.59,16.97,21.1,57.34,Saint Louis Billikens
"Gibson Jimerson, Hasahn French, Javonte Perkins, Jordan Goodwin, Yuri Collins",200.0,379.0,0.53,91.2928759894459,90.76517150395779,91.29,90.77,50.66,102.64,8.18,26.65,0.0,0.0,16.89,35.09,0.0,8.18,6.33,14.25,23.75,51.98,Saint Louis Billikens
"Dan Fotu, Judah Brown, Logan Johnson, Matthias Tass, Tommy Kuhse",160.0,275.0,2.77,82.11678832116789,79.34782608695652,82.12,79.93,46.72,101.09,6.57,28.83,0.0,0.0,15.69,37.96,0.0,8.76,4.38,14.6,24.45,53.65,Saint Mary's Gaels
"Dan Fotu, Jabe Mullins, Logan Johnson, Matthias Tass, Tommy Kuhse",80.0,143.5,-5.4,82.26950354609929,87.67123287671232,82.27,90.78,44.68,99.29,7.8,27.66,0.0,0.0,12.77,37.59,0.0,9.22,2.84,13.48,25.53,50.36,Saint Mary's Gaels
"Dan Fotu, Kyle Bowen, Logan Johnson, Matthias Tass, Tommy Kuhse",240.0,458.5,-11.56,79.78021978021978,91.34199134199135,79.78,92.75,43.74,91.87,6.59,25.27,0.0,0.0,8.35,29.23,0.0,7.69,4.4,16.48,22.86,37.58,Saint Mary's Gaels
"Daryl Banks III, Hassan Drame, KC Ndefo, Noah Kamba, Tarojae Brake",40.0,64.5,27.74,103.125,75.38461538461539,103.12,76.56,51.56,106.25,14.06,31.25,0.0,0.0,18.75,43.75,0.0,9.38,7.81,12.5,29.69,62.5,Saint Peter's Peacocks
"Dallas Watson, Daryl Banks III, Fousseyni Drame, KC Ndefo, Matthew Lee",80.0,146.0,15.82,85.41666666666666,69.5945945945946,85.42,71.53,47.22,98.61,6.94,24.31,0.0,0.0,18.06,43.06,0.0,9.72,6.25,19.44,28.47,61.12,Saint Peter's Peacocks
"Daryl Banks III, Doug Edert, Fousseyni Drame, KC Ndefo, Matthew Lee",240.0,455.5,5.65,89.48545861297539,83.83620689655173,89.49,87.02,46.98,95.75,10.96,29.31,0.0,0.0,16.33,32.66,0.0,9.62,7.83,20.58,24.83,48.99,Saint Peter's Peacocks
"Daryl Banks III, Hassan Drame, KC Ndefo, Matthew Lee, Tarojae Brake",359.8,683.5,2.01,76.4963503649635,74.48680351906158,76.5,74.16,45.4,97.37,5.99,22.04,0.0,0.0,17.52,36.06,0.0,10.95,7.01,20.15,27.45,53.58,Saint Peter's Peacocks
"Daryl Banks III, Doug Edert, Hassan Drame, KC Ndefo, Matthew Lee",40.0,87.0,-0.2,70.58823529411765,70.78651685393258,70.59,74.12,43.53,96.47,7.06,29.41,0.0,0.0,15.29,29.41,0.0,11.76,8.24,18.82,22.35,44.7,Saint Peter's Peacocks
"Daryl Banks III, Doug Edert, Fousseyni Drame, Hassan Drame, Matthew Lee",40.0,75.5,-9.93,78.37837837837837,88.31168831168831,78.38,91.89,41.89,93.24,4.05,24.32,0.0,0.0,10.81,36.49,0.0,9.46,9.46,17.57,21.62,47.3,Saint Peter's Peacocks
"Demarkus Lampley, Donte Powers, Javion May, Tristan Ikpe, Zach Nutall",639.9,1300.0,13.34,98.67601246105919,85.33434650455926,98.68,87.46,50.55,98.05,12.31,34.03,0.0,0.0,14.88,31.46,0.0,10.05,4.05,16.82,25.16,46.34,Sam Houston Bearkats
"Donte Powers, Jarren Cook, Javion May, Tristan Ikpe, Zach Nutall",40.0,74.5,8.31,85.33333333333334,77.02702702702703,85.33,76.0,49.33,105.33,8.0,22.67,0.0,0.0,29.33,41.33,0.0,6.67,4.0,24.0,22.67,70.66,Sam Houston Bearkats
"A.J. Staton-McCray, Christian Guess, Jacob Tryon, Richardson Maitre, Triston Chambers",40.0,87.5,5.62,94.25287356321839,88.63636363636364,94.25,89.66,52.87,98.85,9.2,25.29,0.0,0.0,14.94,27.59,0.0,14.94,3.45,16.09,29.89,42.53,Samford Bulldogs
"A.J. Staton-McCray, Christian Guess, Jacob Tryon, Jaron Rillie, Richardson Maitre",40.0,80.5,-4.35,81.0126582278481,85.36585365853658,81.01,88.61,40.51,82.28,8.86,25.32,0.0,0.0,7.59,35.44,0.0,7.59,6.33,25.32,25.32,43.03,Samford Bulldogs
"A.J. Staton-McCray, Jaron Rillie, Logan Dye, Preston Parks, Richardson Maitre",50.0,106.5,-7.33,76.63551401869158,83.9622641509434,76.64,83.18,45.79,85.98,2.8,18.69,0.0,0.0,11.21,34.58,0.0,6.54,2.8,25.23,23.36,45.79,Samford Bulldogs
"A.J. Staton-McCray, Jacob Tryon, Jalen Dupree, Richardson Maitre, Triston Chambers",160.0,320.0,-9.42,91.50943396226415,100.93167701863355,91.51,102.2,48.74,100.31,8.81,29.56,0.0,0.0,19.81,32.39,0.0,9.75,2.52,19.5,24.21,52.2,Samford Bulldogs
"A.J. Staton-McCray, Jacob Tryon, Richardson Maitre, Stanley Henderson Jr., Triston Chambers",40.0,79.5,-11.49,89.74358974358975,101.23456790123457,89.74,105.13,46.15,100.0,8.97,35.9,0.0,0.0,19.23,34.62,0.0,3.85,2.56,19.23,28.21,53.85,Samford Bulldogs
"A.J. Staton-McCray, Jalen Dupree, Jaron Rillie, Logan Dye, Preston Parks",45.0,82.5,-13.9,82.35294117647058,96.25,82.35,90.59,43.53,88.24,8.24,28.24,0.0,0.0,10.59,27.06,0.0,8.24,4.71,22.35,17.65,37.65,Samford Bulldogs
"A.J. Staton-McCray, Jaron Rillie, Logan Dye, Marcellus Vail, Preston Parks",40.0,72.5,-23.37,86.48648648648648,109.85915492957747,86.49,105.41,43.24,91.89,9.46,28.38,0.0,0.0,14.86,32.43,0.0,10.81,0.0,22.97,18.92,47.29,Samford Bulldogs
"Jalen Dupree, Jaron Rillie, Logan Dye, Marcellus Vail, Preston Parks",40.0,82.0,-29.11,70.88607594936708,100.0,70.89,107.59,36.71,101.27,7.59,44.3,0.0,0.0,12.66,35.44,0.0,7.59,2.53,11.39,18.99,48.1,Samford Bulldogs
"A.J. Staton-McCray, Jacob Tryon, Jaron Rillie, Logan Dye, Preston Parks",40.0,82.5,-32.87,71.95121951219512,104.81927710843372,71.95,106.1,39.02,101.22,8.54,32.93,0.0,0.0,19.51,36.59,0.0,7.32,4.88,18.29,21.95,56.1,Samford Bulldogs
"Jordan Schakel, Lamont Butler, Nathan Mensah, Terrell Gomez, Trey Pulliam",80.0,148.0,41.01,124.3421052631579,83.33333333333334,124.34,78.95,61.18,110.53,19.08,38.82,0.0,0.0,29.61,28.95,0.0,12.5,2.63,19.08,23.68,58.56,San Diego State Aztecs
"Adam Seiko, Jordan Schakel, Nathan Mensah, Terrell Gomez, Trey Pulliam",40.0,77.0,30.97,104.93827160493827,73.97260273972603,104.94,66.67,65.43,130.86,7.41,33.33,0.0,0.0,37.04,34.57,0.0,16.05,2.47,6.17,22.22,71.61,San Diego State Aztecs
"Jordan Schakel, Matt Mitchell, Nathan Mensah, Terrell Gomez, Trey Pulliam",405.0,761.0,20.11,100.78843626806832,80.6833114323259,100.79,80.68,54.8,99.87,10.25,26.54,0.0,0.0,13.01,36.4,0.0,10.51,3.15,13.14,25.36,49.41,San Diego State Aztecs
"Jordan Schakel, Joshua Tomaic, Matt Mitchell, Terrell Gomez, Trey Pulliam",40.0,75.0,3.2,81.57894736842105,78.37837837837837,81.58,76.32,44.74,97.37,6.58,23.68,0.0,0.0,13.16,32.89,0.0,10.53,3.95,15.79,28.95,46.05,San Diego State Aztecs
"Adam Seiko, Jordan Schakel, Matt Mitchell, Nathan Mensah, Trey Pulliam",160.0,290.5,3.05,88.62068965517241,85.56701030927834,88.62,85.86,46.9,93.1,11.03,29.66,0.0,0.0,12.41,34.83,0.0,8.97,4.48,19.31,23.79,47.24,San Diego State Aztecs
"Adam Seiko, Aguek Arop, Jordan Schakel, Nathan Mensah, Trey Pulliam",40.0,78.5,0.62,78.66666666666666,78.04878048780488,78.67,85.33,40.0,94.67,8.0,25.33,0.0,0.0,10.67,32.0,0.0,8.0,4.0,16.0,32.0,42.67,San Diego State Aztecs
"Dzmitry Ryuny, Jamaree Bouyea, Josh Kunen, Khalil Shabazz, Taavi Jurkatamm",520.0,985.0,4.19,92.15481171548117,87.96844181459566,92.15,93.31,44.77,95.71,13.18,40.38,0.0,0.0,11.92,31.69,0.0,10.46,4.39,16.21,25.42,43.61,San Francisco Dons
"Dzmitry Ryuny, Jamaree Bouyea, Jonas Visser, Josh Kunen, Khalil Shabazz",80.0,145.0,-11.8,95.94594594594594,107.74647887323943,95.95,103.38,50.68,106.76,10.81,41.89,0.0,0.0,16.22,25.68,0.0,8.11,2.7,9.46,20.95,41.9,San Francisco Dons
"Nate Lacewell, Omari Moore, Ralph Gonzales-Agee, Richard Washington, Trey Smith",80.0,162.5,-4.46,94.9367088607595,99.40119760479041,94.94,105.06,47.47,87.97,12.66,27.85,0.0,0.0,6.33,29.11,0.0,3.16,3.16,18.35,27.22,35.44,San José State Spartans
"Michael Ofoegbu, Omari Moore, Richard Washington, Sebastian Mendoza, Trey Smith",40.0,71.0,-6.83,88.88888888888889,95.71428571428572,88.89,93.06,43.06,95.83,12.5,36.11,0.0,0.0,11.11,33.33,0.0,4.17,4.17,15.28,19.44,44.44,San José State Spartans
"Caleb Simmons, Jalen Dalcourt, Omari Moore, Ralph Gonzales-Agee, Trey Smith",160.0,291.5,-13.69,83.21917808219177,96.90721649484536,83.22,96.58,44.18,92.47,10.96,31.85,0.0,0.0,10.96,40.07,0.0,5.48,3.08,18.49,21.92,51.03,San José State Spartans
"Omari Moore, Ralph Gonzales-Agee, Richard Washington, Sebastian Mendoza, Trey Smith",80.0,163.0,-23.93,88.0503144654088,111.97604790419162,88.05,117.61,46.54,100.63,10.06,29.56,0.0,0.0,12.58,28.3,0.0,6.29,0.63,11.95,21.38,40.88,San José State Spartans
"Jalen Dalcourt, Nate Lacewell, Omari Moore, Ralph Gonzales-Agee, Richard Washington",120.0,228.5,-31.56,80.61674008810573,112.17391304347825,80.62,113.66,40.53,98.24,9.25,30.84,0.0,0.0,14.1,31.28,0.0,7.49,4.41,15.86,15.86,45.38,San José State Spartans
"Hugo Clarkin, Omari Moore, Ralph Gonzales-Agee, Sebastian Mendoza, Seneca Knight",40.0,95.5,-33.8,54.736842105263165,88.54166666666666,54.74,89.47,34.74,94.74,4.21,21.05,0.0,0.0,12.63,33.68,0.0,7.37,6.32,17.89,23.16,46.31,San José State Spartans
"Chase Courtney, Hugo Clarkin, Omari Moore, Richard Washington, Seneca Knight",40.0,88.5,-54.1,68.88888888888889,122.98850574712642,68.89,118.89,36.67,101.11,6.67,28.89,0.0,0.0,15.56,24.44,0.0,4.44,6.67,14.44,14.44,40.0,San José State Spartans
"Christian Carlyle, Guglielmo Caruso, Jalen Williams, Josip Vrankic, Keshawn Justice",280.0,550.0,-3.07,91.57706093189965,94.64944649446494,91.58,91.94,51.61,94.98,8.6,23.48,0.0,0.0,9.14,34.59,0.0,3.76,3.41,14.16,20.07,43.73,Santa Clara Broncos
"Christian Carlyle, Giordan Williams, Guglielmo Caruso, Jalen Williams, Josip Vrankic",80.0,174.0,-5.75,92.52873563218391,98.27586206896551,92.53,98.28,52.3,97.7,7.47,21.84,0.0,0.0,12.07,27.59,0.0,6.9,4.02,14.37,24.71,39.66,Santa Clara Broncos
"Christian Carlyle, DJ Mitchell, Guglielmo Caruso, Jalen Williams, Josip Vrankic",120.0,237.0,-16.33,76.89075630252101,93.22033898305084,76.89,92.44,45.38,90.76,5.88,17.65,0.0,0.0,12.18,34.03,0.0,5.04,5.04,21.43,24.79,46.21,Santa Clara Broncos
"Aaron Nettles, Darrion Trammell, Emeka Udenyi, Kobe Williamson, Nate Robinson",40.0,87.0,22.38,87.5,65.11627906976744,87.5,63.64,48.86,95.45,11.36,30.68,0.0,0.0,14.77,34.09,0.0,13.64,3.41,19.32,22.73,48.86,Seattle U Redhawks
"Aaron Nettles, Darrion Trammell, Emeka Udenyi, Jared Pearre, Kobe Williamson",40.0,85.5,6.17,92.6829268292683,86.51685393258427,92.68,93.9,46.34,104.88,13.41,41.46,0.0,0.0,19.51,35.37,0.0,7.32,6.1,14.63,28.05,54.88,Seattle U Redhawks
"Darrion Trammell, Emeka Udenyi, Kobe Williamson, Nate Robinson, Riley Grigsby",240.0,475.5,-5.7,87.08333333333333,92.78131634819533,87.08,91.04,48.96,102.08,8.75,28.96,0.0,0.0,15.62,26.04,0.0,9.38,2.71,13.54,23.75,41.66,Seattle U Redhawks
"Aaron Nettles, Darrion Trammell, Emeka Udenyi, Kobe Williamson, Riley Grigsby",85.0,172.5,-8.26,85.22727272727273,93.49112426035504,85.23,89.77,51.7,104.55,9.66,30.11,0.0,0.0,15.91,23.3,0.0,9.09,3.41,11.36,26.7,39.21,Seattle U Redhawks
"Ike Obiagu, Jared Rhoden, Myles Cale, Sandro Mamukelashvili, Shavar Reynolds",770.0,1446.5,1.11,90.69767441860465,89.58770090845563,90.7,87.69,49.52,97.4,8.41,27.43,0.0,0.0,13.68,32.83,0.0,7.73,5.68,16.28,21.27,46.51,Seton Hall Pirates
"Jared Rhoden, Myles Cale, Sandro Mamukelashvili, Shavar Reynolds, Takal Molson",40.0,78.0,-55.64,64.63414634146342,120.27027027027026,64.63,108.54,40.24,95.12,3.66,21.95,0.0,0.0,15.85,20.73,0.0,12.2,4.88,20.73,12.2,36.58,Seton Hall Pirates
"Jalen Pickett, Jordan King, Kyle Young, Manny Camper, Nick Hopkins",160.0,312.5,7.0,90.38461538461539,83.38658146964856,90.38,83.65,49.36,99.36,9.94,28.53,0.0,0.0,12.82,33.65,0.0,8.65,4.17,13.46,23.72,46.47,Siena Saints
"Jackson Stormo, Jalen Pickett, Jordan King, Manny Camper, Nick Hopkins",160.0,275.0,3.33,80.0,76.66666666666667,80.0,73.93,45.0,97.5,6.79,26.07,0.0,0.0,15.0,38.21,0.0,8.93,4.64,17.5,22.14,53.21,Siena Saints
"Aidan Carpenter, Jordan King, Kyle Young, Manny Camper, Nick Hopkins",120.0,219.0,1.03,98.67256637168141,97.64150943396226,98.67,91.59,53.54,93.81,11.06,24.78,0.0,0.0,12.83,36.28,0.0,5.31,1.33,19.03,16.37,49.11,Siena Saints
"Colin Golson Jr., Jackson Stormo, Jalen Pickett, Jordan King, Manny Camper",160.0,291.0,0.54,86.00682593856655,85.46712802768167,86.01,84.3,47.44,91.81,7.17,22.18,0.0,0.0,10.92,34.13,0.0,8.87,4.78,19.11,21.16,45.05,Siena Saints
"Aidan Carpenter, Jackson Stormo, Jalen Pickett, Jordan King, Manny Camper",80.0,145.0,-0.33,94.66666666666667,95.0,94.67,88.67,51.33,95.33,8.0,20.67,0.0,0.0,15.33,33.33,0.0,2.67,8.67,20.0,20.0,48.66,Siena Saints
"John Pettway, KK Curry, Kayo Goncalves, Michael Flowers, Sam Iorio",40.0,74.0,28.53,112.82051282051282,84.28571428571429,112.82,75.64,64.1,98.72,12.82,24.36,0.0,0.0,17.95,35.9,0.0,6.41,1.28,19.23,15.38,53.85,South Alabama Jaguars
"John Pettway, Kayo Goncalves, Michael Flowers, Sam Iorio, Tyreke Locure",120.0,226.0,10.16,87.89237668161435,77.72925764192141,87.89,79.82,45.74,94.17,11.21,29.15,0.0,0.0,13.45,43.05,0.0,8.97,5.83,19.28,22.87,56.5,South Alabama Jaguars
"Jamal West, John Pettway, KK Curry, Michael Flowers, Tyreke Locure",40.0,74.0,3.59,110.00000000000001,106.41025641025641,110.0,118.57,51.43,95.71,15.71,34.29,0.0,0.0,15.71,37.14,0.0,8.57,10.0,20.0,24.29,52.85,South Alabama Jaguars
"Jamal West, John Pettway, Kayo Goncalves, Michael Flowers, Tyreke Locure",400.0,742.0,1.79,94.6236559139785,92.83783783783784,94.62,92.34,49.46,103.9,12.63,39.52,0.0,0.0,17.07,34.81,0.0,7.66,4.84,13.17,20.03,51.88,South Alabama Jaguars
"Jamal West, John Pettway, KK Curry, Kayo Goncalves, Michael Flowers",45.0,81.5,-17.04,89.28571428571429,106.32911392405062,89.29,100.0,47.62,98.81,13.1,38.1,0.0,0.0,15.48,28.57,0.0,9.52,4.76,16.67,19.05,44.05,South Alabama Jaguars
"John Pettway, KK Curry, Kayo Goncalves, Michael Flowers, Tyreke Locure",80.0,150.0,-21.94,87.58169934640523,109.52380952380953,87.58,105.23,43.79,97.39,13.07,35.29,0.0,0.0,13.73,28.76,0.0,8.5,3.92,16.34,21.57,42.49,South Alabama Jaguars
"A.J. Lawson, Jermaine Couisnard, Justin Minaya, Seventh Woods, Wildens Leveque",400.0,854.5,-1.0,89.19239904988123,90.19607843137256,89.19,92.87,47.15,99.88,8.91,28.5,0.0,0.0,18.05,27.2,0.0,10.93,5.23,18.17,23.52,45.25,South Carolina Gamecocks
"A.J. Lawson, Justin Minaya, Keyshawn Bryant, T.J. Moss, Tre-Vaughn Minott",120.0,273.0,-12.9,83.08823529411765,95.98540145985402,83.09,96.69,43.75,95.22,6.62,23.16,0.0,0.0,12.13,29.41,0.0,10.66,3.68,16.91,19.49,41.54,South Carolina Gamecocks
"A.J. Lawson, Keyshawn Bryant, Seventh Woods, Trey Anderson, Wildens Leveque",40.0,85.5,-13.21,90.12345679012346,103.33333333333334,90.12,114.81,45.68,95.06,12.35,29.63,0.0,0.0,17.28,24.69,0.0,13.58,3.7,22.22,28.4,41.97,South Carolina Gamecocks
"A.J. Lawson, Keyshawn Bryant, Nathan Nelson, Seventh Woods, Wildens Leveque",40.0,83.5,-16.77,91.76470588235294,108.53658536585367,91.76,104.71,51.76,103.53,8.24,27.06,0.0,0.0,14.12,27.06,0.0,3.53,4.71,10.59,21.18,41.18,South Carolina Gamecocks
"A.J. Lawson, Justin Minaya, Nathan Nelson, T.J. Moss, Wildens Leveque",40.0,77.0,-21.39,64.86486486486487,86.25,64.86,93.24,35.14,98.65,5.41,28.38,0.0,0.0,13.51,24.32,0.0,9.46,6.76,14.86,18.92,37.83,South Carolina Gamecocks
"A.J. Lawson, Jalyn McCreary, Justin Minaya, T.J. Moss, Wildens Leveque",40.0,77.5,-23.06,75.64102564102564,98.7012987012987,75.64,97.44,46.15,103.85,2.56,14.1,0.0,0.0,15.38,26.92,0.0,5.13,3.85,11.54,23.08,42.3,South Carolina Gamecocks
"Jemal Davis, Majok Madol, Omer Croskey, Tariq Simmons, Themus Fulks",40.0,74.5,-0.2,85.13513513513513,85.33333333333334,85.14,86.49,45.95,94.59,8.11,27.03,0.0,0.0,18.92,44.59,0.0,2.7,5.41,24.32,28.38,63.51,South Carolina State Bulldogs
"Jemal Davis, Majok Madol, Omer Croskey, Rahsaan Edwards, Themus Fulks",40.0,86.5,-17.31,88.50574712643679,105.8139534883721,88.51,104.6,49.43,89.66,8.05,26.44,0.0,0.0,9.2,19.54,0.0,10.34,5.75,19.54,19.54,28.74,South Carolina State Bulldogs
"Dalvin White, Everette Hammond, Josh Aldrich, Nevin Zink, Quentin Hodge",80.0,145.0,5.06,85.61643835616438,80.55555555555556,85.62,79.45,45.21,90.41,10.96,30.82,0.0,0.0,12.33,29.45,0.0,13.01,2.74,21.92,25.34,41.78,South Carolina Upstate Spartans
"Bryson Mozone, Dalvin White, Everette Hammond, Nevin Zink, Tommy Bruner",160.0,288.5,3.39,90.41095890410958,87.01754385964912,90.41,84.93,47.6,96.92,11.99,36.3,0.0,0.0,14.04,36.3,0.0,7.53,4.79,17.12,20.89,50.34,South Carolina Upstate Spartans
"Bryson Mozone, Dalvin White, Josh Aldrich, Nevin Zink, Tommy Bruner",40.0,68.5,-9.94,78.78787878787878,88.73239436619718,78.79,95.45,42.42,101.52,6.06,25.76,0.0,0.0,18.18,31.82,0.0,9.09,6.06,16.67,31.82,50.0,South Carolina Upstate Spartans
"Dalvin White, Everette Hammond, Josh Aldrich, Nevin Zink, Tommy Bruner",320.0,607.0,-10.3,86.45484949832776,96.75324675324676,86.45,99.67,47.32,93.31,7.69,26.25,0.0,0.0,10.54,31.1,0.0,7.53,2.51,17.22,24.92,41.64,South Carolina Upstate Spartans
"Everette Hammond, Josh Aldrich, Khydarius Smith, Mysta Goodloe, Tommy Bruner",40.0,84.0,-28.78,88.50574712643679,117.28395061728396,88.51,109.2,45.98,90.8,11.49,26.44,0.0,0.0,11.49,25.29,0.0,6.9,3.45,20.69,24.14,36.78,South Carolina Upstate Spartans
"Bryson Mozone, Everette Hammond, Josh Aldrich, Khydarius Smith, Tommy Bruner",40.0,85.5,-43.97,86.51685393258427,130.4878048780488,86.52,120.22,47.19,85.39,13.48,35.96,0.0,0.0,5.62,24.72,0.0,2.25,3.37,20.22,23.6,30.34,South Carolina Upstate Spartans
"Kruz Perrott-Hunt, Mason Archambault, Stanley Umude, Tasos Kamateros, Xavier Fuller",80.0,161.0,10.3,100.0,89.6969696969697,100.0,94.27,56.05,93.63,10.19,22.29,0.0,0.0,8.92,32.48,0.0,3.18,2.55,15.29,27.39,41.4,South Dakota Coyotes
"A.J. Plitzuweit, Kruz Perrott-Hunt, Stanley Umude, Tasos Kamateros, Xavier Fuller",640.0,1257.0,10.25,100.7171314741036,90.46862589356633,100.72,90.76,54.66,97.45,10.44,25.02,0.0,0.0,10.6,38.01,0.0,5.9,3.03,13.15,23.98,48.61,South Dakota Coyotes
"A.J. Plitzuweit, Brady Heiman, Kruz Perrott-Hunt, Stanley Umude, Xavier Fuller",40.0,75.0,-0.14,97.26027397260275,97.40259740259741,97.26,102.74,47.95,102.74,10.96,28.77,0.0,0.0,13.7,30.14,0.0,4.11,2.74,10.96,27.4,43.84,South Dakota Coyotes
"Kanon Koster, Kruz Perrott-Hunt, Stanley Umude, Tasos Kamateros, Xavier Fuller",40.0,75.0,-10.1,105.47945205479452,115.5844155844156,105.48,121.92,57.53,94.52,13.7,24.66,0.0,0.0,4.11,27.4,0.0,8.22,0.0,9.59,28.77,31.51,South Dakota Coyotes
"Alex Arians, Baylor Scheierman, David Wingett, Douglas Wilson, Matt Dentlinger",40.0,83.5,35.84,110.8433734939759,75.0,110.84,75.9,60.24,106.02,13.25,25.3,0.0,0.0,18.07,39.76,0.0,6.02,3.61,12.05,27.71,57.83,South Dakota State Jackrabbits
"Alex Arians, Baylor Scheierman, Charlie Easley, Douglas Wilson, Matt Dentlinger",280.0,537.0,3.88,102.53164556962024,98.65642994241843,102.53,92.95,58.05,95.12,8.32,19.71,0.0,0.0,12.66,33.45,0.0,6.69,3.44,17.54,19.17,46.11,South Dakota State Jackrabbits
"Alex Arians, Baylor Scheierman, Douglas Wilson, Matt Dentlinger, Noah Freidel",200.0,422.5,3.51,95.96199524940617,92.45283018867924,95.96,93.11,51.78,99.05,10.45,25.65,0.0,0.0,13.3,35.39,0.0,8.31,4.04,14.25,21.85,48.69,South Dakota State Jackrabbits
"Alex Arians, Baylor Scheierman, Charlie Easley, David Wingett, Matt Dentlinger",40.0,81.0,0.09,98.80952380952381,98.71794871794873,98.81,91.67,57.14,103.57,5.95,17.86,0.0,0.0,13.1,27.38,0.0,7.14,5.95,9.52,16.67,40.48,South Dakota State Jackrabbits
"Alex Arians, Baylor Scheierman, David Wingett, Matt Dentlinger, Noah Freidel",120.0,236.5,-1.63,94.53781512605042,96.17021276595744,94.54,94.96,53.36,95.38,10.08,32.77,0.0,0.0,9.24,37.39,0.0,5.46,5.46,13.87,19.75,46.63,South Dakota State Jackrabbits
"Caleb Murphy, David Collins, Justin Brown, Michael Durr, Rashun Williams",40.0,67.5,-0.22,85.07462686567165,85.29411764705883,85.07,86.57,41.79,89.55,10.45,19.4,0.0,0.0,14.93,34.33,0.0,11.94,4.48,25.37,17.91,49.26,South Florida Bulls
"Alexis Yetna, Caleb Murphy, David Collins, Justin Brown, Michael Durr",365.0,684.5,-7.21,83.79160636758321,91.00294985250737,83.79,89.29,46.45,100.72,8.83,26.63,0.0,0.0,20.26,32.13,0.0,6.8,3.76,19.54,23.15,52.39,South Florida Bulls
"David Collins, Justin Brown, Michael Durr, Rashun Williams, Xavier Castaneda",120.0,231.5,-7.31,87.5,94.8051948051948,87.5,94.4,46.98,102.16,8.62,28.88,0.0,0.0,17.24,38.36,0.0,5.17,5.6,15.09,19.83,55.6,South Florida Bulls
"Alexis Yetna, Caleb Murphy, David Collins, Justin Brown, Russel Tchewa",40.0,81.0,-19.75,80.24691358024691,100.0,80.25,100.0,49.38,109.88,6.17,27.16,0.0,0.0,19.75,24.69,0.0,2.47,1.23,9.88,23.46,44.44,South Florida Bulls
"Caleb Murphy, David Collins, Justin Brown, Russel Tchewa, Xavier Castaneda",80.0,148.0,-47.79,69.33333333333334,117.12328767123287,69.33,114.0,39.33,93.33,6.67,24.0,0.0,0.0,14.67,25.33,0.0,7.33,2.0,21.33,20.67,40.0,South Florida Bulls
"Chris Harris, DQ Nicholas, Dylan Branson, Eric Reed Jr., Manny Patterson",40.0,75.5,-0.49,87.17948717948718,87.67123287671232,87.18,82.05,51.28,82.05,7.69,19.23,0.0,0.0,5.13,26.92,0.0,6.41,2.56,23.08,21.79,32.05,Southeast Missouri State Redhawks
"Chris Harris, DQ Nicholas, Eric Reed Jr., Manny Patterson, Nana Akenten",445.0,876.5,-2.52,88.35616438356165,90.87799315849487,88.36,90.98,47.6,94.63,10.05,27.51,0.0,0.0,13.93,31.85,0.0,8.45,2.74,19.29,21.0,45.78,Southeast Missouri State Redhawks
"Chris Harris, DQ Nicholas, Nana Akenten, Nolan Taylor, Nygal Russell",40.0,75.0,-2.67,89.33333333333333,92.0,89.33,92.0,46.67,93.33,12.0,36.0,0.0,0.0,8.0,34.67,0.0,6.67,4.0,14.67,24.0,42.67,Southeast Missouri State Redhawks
"Chris Harris, DQ Nicholas, Eric Reed Jr., Nana Akenten, Nolan Taylor",290.0,581.5,-6.51,77.00170357751279,83.50694444444444,77.0,81.94,44.63,91.99,8.35,26.75,0.0,0.0,10.56,30.15,0.0,9.2,2.39,18.57,24.7,40.71,Southeast Missouri State Redhawks
"DQ Nicholas, Dylan Branson, Eric Reed Jr., Nana Akenten, Nolan Taylor",40.0,82.0,-6.79,82.5,89.28571428571429,82.5,93.75,43.75,96.25,8.75,30.0,0.0,0.0,15.0,36.25,0.0,8.75,5.0,18.75,22.5,51.25,Southeast Missouri State Redhawks
"Anthony D'Avanzo, Kyler Filewich, Lance Jones, Steven Verplancken Jr., Trent Brown",365.0,622.5,-2.38,92.37012987012987,94.75357710651828,92.37,96.75,44.97,90.1,12.99,32.79,0.0,0.0,8.77,33.6,0.0,9.09,1.46,18.67,20.29,42.37,Southern Illinois Salukis
"Ben Harvey, Kyler Filewich, Lance Jones, Steven Verplancken Jr., Trent Brown",240.0,441.0,-13.98,76.17977528089888,90.16018306636155,76.18,88.54,38.43,91.46,10.79,32.81,0.0,0.0,6.97,34.38,0.0,6.97,2.25,15.51,18.88,41.35,Southern Illinois Salukis
"Anthony D'Avanzo, Ben Harvey, Lance Jones, Marcus Domask, Trent Brown",159.7,286.0,-23.21,83.21917808219177,106.42857142857143,83.22,102.05,45.89,92.47,8.56,25.34,0.0,0.0,7.53,26.71,0.0,7.53,2.4,15.07,18.84,34.24,Southern Illinois Salukis
"Anthony D'Avanzo, Dalton Banks, Kyler Filewich, Steven Verplancken Jr., Trent Brown",40.0,70.0,-26.87,73.13432835820896,100.0,73.13,108.96,38.81,86.57,5.97,26.87,0.0,0.0,5.97,35.82,0.0,13.43,4.48,19.4,22.39,41.79,Southern Illinois Salukis
"Brendon Brooks, Delor Johnson, Harrison Henderson, Lamarcus Lee, Terrell Williams Jr.",119.9,238.0,13.7,87.34177215189874,73.64016736401673,87.34,74.26,48.52,94.94,8.86,18.57,0.0,0.0,14.77,35.86,0.0,10.13,4.22,19.83,26.58,50.63,Southern Jaguars
"Delor Johnson, Harrison Henderson, Jayden Saddler, Samkelo Cele, Terrell Williams Jr.",240.0,500.5,5.88,85.68548387096774,79.8019801980198,85.69,81.25,50.2,95.97,5.65,18.95,0.0,0.0,14.11,32.66,0.0,11.29,2.62,18.15,22.98,46.77,Southern Jaguars
"Delor Johnson, Harrison Henderson, Jayden Saddler, Lamarcus Lee, Terrell Williams Jr.",40.0,81.0,-2.47,79.01234567901234,81.48148148148148,79.01,81.48,46.91,92.59,3.7,14.81,0.0,0.0,13.58,38.27,0.0,4.94,1.23,20.99,29.63,51.85,Southern Jaguars
"Brendon Brooks, Delor Johnson, Kirk Parker, Samkelo Cele, Terrell Williams Jr.",45.0,83.5,-10.98,77.90697674418605,88.88888888888889,77.91,83.72,47.67,98.84,5.81,23.26,0.0,0.0,23.26,24.42,0.0,13.95,0.0,24.42,19.77,47.68,Southern Jaguars
"Ahsante Shivers, Harrison Henderson, Isaiah Rollins, Jayden Saddler, Terrell Williams Jr.",39.2,76.0,-11.55,83.11688311688312,94.66666666666667,83.12,92.21,40.26,97.4,11.69,28.57,0.0,0.0,19.48,29.87,0.0,12.99,5.19,22.08,15.58,49.35,Southern Jaguars
"Artur Konontsuk, DeAndre Pinckney, LaDavius Draine, Tae Hardy, Tyler Stevenson",40.0,79.0,2.31,81.57894736842105,79.26829268292683,81.58,85.53,44.74,94.74,5.26,21.05,0.0,0.0,13.16,44.74,0.0,6.58,5.26,18.42,31.58,57.9,Southern Miss Golden Eagles
"DeAndre Pinckney, Justin Johnson, LaDavius Draine, Tae Hardy, Tyler Stevenson",120.0,230.5,-4.05,84.54935622317596,88.59649122807018,84.55,86.7,46.35,91.42,5.15,18.45,0.0,0.0,12.88,38.63,0.0,7.3,3.43,21.46,20.17,51.51,Southern Miss Golden Eagles
"DeAndre Pinckney, Jaron Pierre Jr., LaDavius Draine, Tae Hardy, Tyler Stevenson",280.0,525.0,-5.09,85.82375478927203,90.9090909090909,85.82,91.95,45.59,96.36,6.32,21.26,0.0,0.0,11.69,35.06,0.0,9.0,3.26,15.33,19.35,46.75,Southern Miss Golden Eagles
"Artur Konontsuk, DeAndre Pinckney, Jaron Pierre Jr., LaDavius Draine, Tyler Stevenson",80.0,156.5,-7.09,87.17948717948718,94.26751592356688,87.18,94.87,50.0,96.79,7.69,21.79,0.0,0.0,11.54,36.54,0.0,7.05,2.56,14.74,21.79,48.08,Southern Miss Golden Eagles
"Clay Weatherspoon, DeAndre Pinckney, LaDavius Draine, Tae Hardy, Tyler Stevenson",40.0,85.0,-12.09,75.86206896551724,87.95180722891565,75.86,83.91,43.68,90.8,8.05,27.59,0.0,0.0,9.2,24.14,0.0,8.05,4.6,18.39,25.29,33.34,Southern Miss Golden Eagles
"Denijay Harris, Jaron Pierre Jr., LaDavius Draine, Tae Hardy, Tyler Stevenson",125.0,219.0,-12.11,87.89237668161435,100.0,87.89,96.41,51.12,90.58,4.93,12.11,0.0,0.0,12.11,38.12,0.0,4.48,2.69,21.52,18.83,50.23,Southern Miss Golden Eagles
"Justin Johnson, LaDavius Draine, Tae Hardy, Tyler Morman, Tyler Stevenson",40.0,71.5,-15.57,78.87323943661971,94.44444444444444,78.87,95.77,50.7,95.77,2.82,12.68,0.0,0.0,15.49,29.58,0.0,11.27,0.0,19.72,23.94,45.07,Southern Miss Golden Eagles
"Dre Marin, Ivan Madunic, John Knight III, Maizen Fausett, Tevian Jones",485.0,955.5,6.51,98.76160990712074,92.25053078556263,98.76,89.68,55.42,99.69,9.39,29.0,0.0,0.0,13.62,35.71,0.0,6.91,3.51,13.93,21.05,49.33,Southern Utah Thunderbirds
"Dre Marin, Harrison Butler, Ivan Madunic, John Knight III, Tevian Jones",80.0,161.0,4.55,100.0,95.45454545454545,100.0,87.5,56.55,102.38,11.9,32.74,0.0,0.0,16.67,22.62,0.0,11.31,1.19,14.29,19.05,39.29,Southern Utah Thunderbirds
"Dominick Welch, Jalen Adaway, Jaren Holmes, Kyle Lofton, Osun Osunniyi",640.0,1117.5,14.19,98.40989399293287,84.22484134179511,98.41,82.07,51.94,102.03,10.16,27.3,0.0,0.0,17.31,35.87,0.0,8.83,5.57,15.28,21.2,53.18,St. Bonaventure Bonnies
"Alejandro Vasquez, Dominick Welch, Jaren Holmes, Kyle Lofton, Osun Osunniyi",40.0,77.0,2.16,80.24691358024691,78.08219178082192,80.25,70.37,49.38,100.0,3.7,16.05,0.0,0.0,18.52,33.33,0.0,6.17,6.17,18.52,17.28,51.85,St. Bonaventure Bonnies
"Mark Flagg, Maxwell Land, Myles Thompson, Ramiir Dixon-Conover, Tyler Stewart",40.0,91.0,2.25,85.22727272727273,82.97872340425532,85.23,88.64,42.05,76.14,9.09,21.59,0.0,0.0,6.82,38.64,0.0,9.09,3.41,30.68,21.59,45.46,St. Francis (PA) Red Flash
"Bryce Laskey, Mark Flagg, Marlon Hargis, Maxwell Land, Ramiir Dixon-Conover",79.6,157.0,1.91,89.171974522293,87.26114649681529,89.17,87.26,50.32,98.73,7.64,24.2,0.0,0.0,14.01,34.39,0.0,5.1,1.91,15.29,25.48,48.4,St. Francis (PA) Red Flash
"Bryce Laskey, Mark Flagg, Maxwell Land, Myles Thompson, Ramiir Dixon-Conover",244.8,506.0,1.28,94.22310756972112,92.94117647058823,94.22,94.42,51.79,100.6,8.57,25.5,0.0,0.0,17.93,31.47,0.0,7.57,3.19,17.33,24.1,49.4,St. Francis (PA) Red Flash
"Bryce Laskey, Mark Flagg, Myles Thompson, Ramiir Dixon-Conover, Ronell Giles Jr.",80.0,152.5,-1.92,91.875,93.79310344827586,91.88,85.0,55.62,96.88,5.62,21.25,0.0,0.0,13.75,32.5,0.0,5.62,6.25,16.88,18.12,46.25,St. Francis (PA) Red Flash
"Bryce Laskey, Josh Cohen, Maxwell Land, Myles Thompson, Ramiir Dixon-Conover",80.0,142.0,-12.94,77.77777777777779,90.71428571428571,77.78,88.19,40.28,96.53,9.03,25.69,0.0,0.0,15.97,36.81,0.0,9.03,2.78,19.44,20.14,52.78,St. Francis (PA) Red Flash
"Mark Flagg, Maxwell Land, Myles Thompson, Ramiir Dixon-Conover, Ronell Giles Jr.",40.0,77.5,-14.68,72.97297297297297,87.65432098765432,72.97,95.95,37.84,87.84,5.41,22.97,0.0,0.0,16.22,36.49,0.0,5.41,4.05,28.38,16.22,52.71,St. Francis (PA) Red Flash
"Bryce Laskey, Dan Henry, Mark Flagg, Myles Thompson, Ronell Giles Jr.",45.0,86.0,-15.58,72.22222222222221,87.8048780487805,72.22,80.0,43.33,92.22,3.33,20.0,0.0,0.0,8.89,31.11,0.0,5.56,1.11,16.67,18.89,40.0,St. Francis (PA) Red Flash
"Mark Flagg, Marlon Hargis, Myles Thompson, Ramiir Dixon-Conover, Ronell Giles Jr.",80.0,142.0,-17.08,82.1917808219178,99.27536231884058,82.19,93.84,52.05,102.74,4.11,20.55,0.0,0.0,19.86,26.71,0.0,6.85,2.05,17.12,20.55,46.57,St. Francis (PA) Red Flash
"Bryce Laskey, Mark Flagg, Maxwell Land, Myles Thompson, Zahree Harrison",39.9,67.5,-28.12,83.82352941176471,111.94029850746267,83.82,110.29,47.06,97.06,7.35,23.53,0.0,0.0,10.29,33.82,0.0,1.47,1.47,13.24,25.0,44.11,St. Francis (PA) Red Flash
"Chauncey Hawkins, Rob Higgins, Unique McLean, Vuk Stevanic, Yaradyah Evans",80.0,180.5,3.05,97.70114942528735,94.6524064171123,97.7,101.72,49.43,100.57,9.77,28.74,0.0,0.0,14.37,29.31,0.0,6.9,6.32,13.79,27.59,43.68,St. Francis Brooklyn Terriers
"Rob Higgins, Travis Atson, Trey Quartlebaum, Unique McLean, Vuk Stevanic",205.0,411.0,-0.4,92.85714285714286,93.25581395348837,92.86,102.3,50.51,99.23,7.4,22.19,0.0,0.0,13.78,29.08,0.0,8.42,4.34,14.54,27.81,42.86,St. Francis Brooklyn Terriers
"Chauncey Hawkins, Rob Higgins, Travis Atson, Unique McLean, Vuk Stevanic",440.0,936.0,-0.62,92.37288135593221,92.99568965517241,92.37,91.42,52.54,99.15,6.99,21.08,0.0,0.0,13.24,30.19,0.0,10.28,3.6,14.09,22.25,43.43,St. Francis Brooklyn Terriers
"Arnaldo Toro, Greg Williams Jr., Julian Champagnie, Rasheem Dunn, Vince Cole",40.0,79.5,16.19,103.84615384615385,87.65432098765432,103.85,91.03,53.85,92.31,12.82,28.21,0.0,0.0,11.54,30.77,0.0,10.26,2.56,19.23,20.51,42.31,St. John's Red Storm
"Greg Williams Jr., Josh Roberts, Julian Champagnie, Posh Alexander, Rasheem Dunn",119.5,235.0,4.57,89.91596638655463,85.34482758620689,89.92,83.19,47.9,97.48,10.5,26.47,0.0,0.0,12.61,29.41,0.0,12.18,7.98,15.13,22.69,42.02,St. John's Red Storm
"Greg Williams Jr., Josh Roberts, Julian Champagnie, Rasheem Dunn, Vince Cole",85.0,172.5,3.97,87.20930232558139,83.23699421965318,87.21,83.72,50.58,104.65,6.4,26.16,0.0,0.0,15.7,32.56,0.0,8.14,2.33,11.05,22.09,48.26,St. John's Red Storm
"Josh Roberts, Julian Champagnie, Posh Alexander, Rasheem Dunn, Vince Cole",325.0,655.0,3.76,95.85889570552148,92.09726443768997,95.86,92.94,51.07,98.93,10.12,28.99,0.0,0.0,14.72,30.98,0.0,9.2,4.14,15.8,21.93,45.7,St. John's Red Storm
"Greg Williams Jr., Josh Roberts, Julian Champagnie, Posh Alexander, Vince Cole",40.0,82.0,-0.19,88.31168831168831,88.50574712643679,88.31,100.0,45.45,98.7,5.19,27.27,0.0,0.0,11.69,29.87,0.0,10.39,10.39,12.99,29.87,41.56,St. John's Red Storm
"Arnaldo Toro, Greg Williams Jr., Julian Champagnie, Posh Alexander, Vince Cole",120.0,260.5,-1.09,91.76470588235294,92.85714285714286,91.76,96.86,47.45,97.25,10.2,26.67,0.0,0.0,12.16,32.55,0.0,9.41,6.67,14.9,23.92,44.71,St. John's Red Storm
"Greg Williams Jr., Isaih Moore, Julian Champagnie, Posh Alexander, Vince Cole",45.0,100.5,-7.72,91.2621359223301,98.9795918367347,91.26,94.17,55.34,104.85,3.88,12.62,0.0,0.0,19.42,24.27,0.0,11.65,1.94,14.56,19.42,43.69,St. John's Red Storm
"Greg Williams Jr., Isaih Moore, Julian Champagnie, Posh Alexander, Rasheem Dunn",40.0,80.0,-22.63,93.82716049382715,116.45569620253164,93.83,113.58,44.44,95.06,12.35,30.86,0.0,0.0,6.17,25.93,0.0,4.94,2.47,11.11,16.05,32.1,St. John's Red Storm
"Jaiden Delaire, Michael O'Connell, Oscar da Silva, Spencer Jones, Ziaire Williams",120.0,251.5,7.11,92.03187250996015,84.92063492063492,92.03,85.26,52.99,96.41,7.57,20.72,0.0,0.0,15.14,32.27,0.0,8.76,3.59,18.73,24.3,47.41,Stanford Cardinal
"Jaiden Delaire, Lukas Kisunas, Michael O'Connell, Oscar da Silva, Spencer Jones",420.0,784.0,1.97,90.5852417302799,88.61892583120205,90.59,88.17,51.02,91.22,6.11,18.96,0.0,0.0,9.8,32.57,0.0,9.54,3.82,18.58,20.23,42.37,Stanford Cardinal
"Daejon Davis, Jaiden Delaire, Lukas Kisunas, Michael O'Connell, Spencer Jones",40.0,64.5,0.36,107.93650793650794,107.57575757575756,107.94,112.7,50.79,100.0,12.7,26.98,0.0,0.0,15.87,38.1,0.0,6.35,6.35,15.87,23.81,53.97,Stanford Cardinal
"Daejon Davis, Daniel Begovich, Jaiden Delaire, Lukas Kisunas, Michael O'Connell",40.0,68.5,-6.0,95.38461538461539,101.38888888888889,95.38,112.31,44.62,89.23,13.85,35.38,0.0,0.0,13.85,33.85,0.0,6.15,6.15,24.62,26.15,47.7,Stanford Cardinal
"Bryce Wills, Jaiden Delaire, Oscar da Silva, Spencer Jones, Ziaire Williams",80.0,159.0,-11.09,83.03030303030303,94.11764705882352,83.03,87.27,49.7,92.73,3.64,18.18,0.0,0.0,11.52,38.79,0.0,6.06,3.64,18.79,17.58,50.31,Stanford Cardinal
"Daejon Davis, Jaiden Delaire, Michael O'Connell, Oscar da Silva, Ziaire Williams",40.0,78.0,-21.32,80.0,101.3157894736842,80.0,96.25,46.25,93.75,6.25,22.5,0.0,0.0,12.5,32.5,0.0,6.25,5.0,18.75,16.25,45.0,Stanford Cardinal
"Bryce Wills, Jaiden Delaire, Lukas Kisunas, Oscar da Silva, Spencer Jones",40.0,74.0,-29.24,76.31578947368422,105.55555555555556,76.32,100.0,43.42,92.11,6.58,19.74,0.0,0.0,6.58,22.37,0.0,10.53,2.63,14.47,18.42,28.95,Stanford Cardinal
"Jaiden Delaire, Lukas Kisunas, Michael O'Connell, Spencer Jones, Ziaire Williams",39.9,73.5,-47.0,58.333333333333336,105.33333333333333,58.33,109.72,29.17,93.06,8.33,34.72,0.0,0.0,15.28,26.39,0.0,11.11,1.39,22.22,16.67,41.67,Stanford Cardinal
"Calvin Solomon, Cameron Johnson, Charlie Daniels, David Kachelries, Roti Ware",80.0,162.0,25.97,109.20245398773005,83.22981366459628,109.2,82.21,60.74,104.29,7.98,25.77,0.0,0.0,19.63,28.83,0.0,13.5,6.13,15.34,28.83,48.46,Stephen F. Austin Lumberjacks
"Calvin Solomon, Cameron Johnson, David Kachelries, Gavin Kensmil, Nigel Hawkins",120.0,240.5,12.51,103.71900826446281,91.21338912133892,103.72,90.08,57.02,99.17,5.37,14.46,0.0,0.0,19.01,27.69,0.0,12.4,3.72,19.83,22.73,46.7,Stephen F. Austin Lumberjacks
"Calvin Solomon, Cameron Johnson, David Kachelries, Gavin Kensmil, Roti Ware",409.4,838.0,11.27,95.5952380952381,84.33014354066985,95.6,83.93,55.71,96.9,5.24,15.12,0.0,0.0,16.67,29.4,0.0,10.12,4.4,19.76,23.21,46.07,Stephen F. Austin Lumberjacks
"Cameron Johnson, Charlie Daniels, David Kachelries, Gavin Kensmil, Roti Ware",40.0,80.5,0.39,77.21518987341773,76.82926829268293,77.22,79.75,51.9,96.2,2.53,18.99,0.0,0.0,17.72,27.85,0.0,20.25,1.27,21.52,29.11,45.57,Stephen F. Austin Lumberjacks
"Chase Johnston, Christiaan Jones, Josh Smith, Mahamadou Diawara, Rob Perry",200.0,380.0,5.32,94.93333333333334,89.6103896103896,94.93,92.0,48.53,95.47,12.27,33.6,0.0,0.0,12.0,33.07,0.0,11.2,2.93,16.53,23.2,45.07,Stetson Hatters
"Chase Johnston, Christiaan Jones, Joel Kabimba, Mahamadou Diawara, Rob Perry",85.0,182.0,0.39,82.6086956521739,82.22222222222221,82.61,80.43,44.02,90.22,11.96,25.54,0.0,0.0,12.5,30.43,0.0,13.04,2.17,22.28,23.37,42.93,Stetson Hatters
"Chase Johnston, Christiaan Jones, Mahamadou Diawara, Rob Perry, Stephan Swenson",359.9,662.5,-0.6,98.79336349924586,99.39577039274926,98.79,99.25,50.83,98.19,12.22,31.22,0.0,0.0,14.63,30.77,0.0,7.24,2.87,16.44,21.12,45.4,Stetson Hatters
"Chase Johnston, Christiaan Jones, Josh Smith, Rob Perry, Stephan Swenson",80.0,138.5,-7.45,86.61971830985915,94.07407407407408,86.62,89.44,45.07,104.23,10.56,36.62,0.0,0.0,15.49,33.8,0.0,13.38,4.93,11.27,15.49,49.29,Stetson Hatters
"Alex Christie, Jordan McKenzie, Juan Felix Rodriguez, Tykei Greene, Tyler Stephenson-Moore",40.0,67.5,26.26,87.6923076923077,61.42857142857143,87.69,66.15,41.54,96.92,13.85,41.54,0.0,0.0,12.31,44.62,0.0,15.38,9.23,15.38,26.15,56.93,Stony Brook Seawolves
"Frankie Policelli, Jaden Sayles, Juan Felix Rodriguez, Omar Habwe, Tykei Greene",164.5,311.5,11.1,93.39622641509435,82.29508196721311,93.4,78.93,52.52,99.69,7.86,20.44,0.0,0.0,16.04,35.22,0.0,9.43,3.77,16.35,22.64,51.26,Stony Brook Seawolves
"Jaden Sayles, Juan Felix Rodriguez, Mouhamadou Gueye, Omar Habwe, Tykei Greene",80.0,147.0,5.66,86.48648648648648,80.82191780821918,86.49,79.73,45.95,102.7,10.14,34.46,0.0,0.0,20.27,37.16,0.0,5.41,10.81,17.57,21.62,57.43,Stony Brook Seawolves
"Frankie Policelli, Jaden Sayles, Juan Felix Rodriguez, Mouhamadou Gueye, Tykei Greene",80.0,144.5,0.36,82.87671232876713,82.51748251748252,82.88,80.82,47.95,108.9,2.74,26.71,0.0,0.0,25.34,45.21,0.0,4.79,5.48,16.44,19.86,70.55,Stony Brook Seawolves
"Jaden Sayles, Juan Felix Rodriguez, Mouhamadou Gueye, Tykei Greene, Tyler Stephenson-Moore",40.0,67.0,-0.4,86.36363636363636,86.76470588235294,86.36,89.39,39.39,109.09,12.12,46.97,0.0,0.0,34.85,46.97,0.0,3.03,12.12,25.76,18.18,81.82,Stony Brook Seawolves
"Frankie Policelli, Jordan McKenzie, Juan Felix Rodriguez, Mouhamadou Gueye, Tykei Greene",40.0,72.0,-6.69,87.67123287671232,94.36619718309859,87.67,91.78,52.05,100.0,6.85,26.03,0.0,0.0,13.7,30.14,0.0,6.85,6.85,13.7,24.66,43.84,Stony Brook Seawolves
"Jaden Sayles, Jordan McKenzie, Juan Felix Rodriguez, Mouhamadou Gueye, Tykei Greene",160.0,285.5,-7.46,86.26760563380282,93.72822299651567,86.27,94.72,47.54,98.24,10.21,32.04,0.0,0.0,15.49,34.86,0.0,5.99,5.63,17.25,25.7,50.35,Stony Brook Seawolves
"Alex Christie, Jordan McKenzie, Juan Felix Rodriguez, Lenny Kadisha, Tyler Stephenson-Moore",40.0,75.5,-11.7,77.63157894736842,89.33333333333333,77.63,88.16,46.05,105.26,3.95,25.0,0.0,0.0,22.37,30.26,0.0,9.21,2.63,17.11,25.0,52.63,Stony Brook Seawolves
"Frankie Policelli, Juan Felix Rodriguez, Mouhamadou Gueye, Omar Habwe, Tykei Greene",40.0,77.5,-22.93,81.0126582278481,103.94736842105263,81.01,100.0,48.1,84.81,6.33,16.46,0.0,0.0,6.33,29.11,0.0,10.13,6.33,21.52,27.85,35.44,Stony Brook Seawolves
"Alan Griffin, Buddy Boeheim, Joseph Girard III, Marek Dolezaj, Quincy Guerrier",720.0,1363.5,4.73,98.59882005899705,93.8730853391685,98.6,94.91,51.55,100.44,11.21,31.71,0.0,0.0,14.75,30.97,0.0,11.28,6.71,14.31,19.91,45.72,Syracuse Orange
"Chuck O'Bannon Jr., Kevin Samuel, PJ Fuller II, RJ Nembhard Jr., Taryn Todd",40.0,83.0,-1.02,91.66666666666666,92.6829268292683,91.67,90.48,54.76,113.1,8.33,22.62,0.0,0.0,25.0,35.71,0.0,4.76,8.33,11.9,22.62,60.71,TCU Horned Frogs
"Francisco Farabello, Kevin Easley Jr., Kevin Samuel, PJ Fuller II, RJ Nembhard Jr.",40.0,76.5,-3.79,101.33333333333334,105.12820512820514,101.33,109.33,52.0,105.33,13.33,37.33,0.0,0.0,16.0,28.0,0.0,5.33,6.67,10.67,24.0,44.0,TCU Horned Frogs
"Chuck O'Bannon Jr., Kevin Samuel, Mike Miles Jr., RJ Nembhard Jr., Taryn Todd",40.0,73.5,-4.73,67.10526315789474,71.83098591549296,67.11,67.11,31.58,85.53,10.53,27.63,0.0,0.0,14.47,35.53,0.0,9.21,1.32,28.95,22.37,50.0,TCU Horned Frogs
"Chuck O'Bannon Jr., Kevin Samuel, Mike Miles Jr., PJ Fuller II, RJ Nembhard Jr.",360.0,676.0,-12.82,82.6151560178306,95.43446244477173,82.62,96.29,45.91,92.57,7.88,25.56,0.0,0.0,12.48,31.05,0.0,8.32,4.01,19.91,22.29,43.53,TCU Horned Frogs
"Kevin Easley Jr., Kevin Samuel, Mike Miles Jr., PJ Fuller II, RJ Nembhard Jr.",200.0,374.0,-20.16,79.83870967741935,100.0,79.84,101.08,43.01,90.59,7.8,23.39,0.0,0.0,12.1,33.87,0.0,6.99,4.84,21.51,17.74,45.97,TCU Horned Frogs
"Freddy Hicks, Konstantin Dotsenko, Montre' Gipson, Shakur Daniel, Shamir Bogues",120.0,215.0,4.85,88.18181818181819,83.33333333333334,88.18,79.55,52.73,95.45,6.36,17.27,0.0,0.0,9.09,31.82,0.0,7.27,1.36,13.64,23.64,40.91,Tarleton Texans
"Freddy Hicks, Jonathan Jackson Jr., Montre' Gipson, Shakur Daniel, Shamir Bogues",240.0,446.5,-0.79,87.95454545454545,88.74172185430463,87.95,91.36,48.41,95.23,7.73,19.77,0.0,0.0,10.45,30.68,0.0,9.09,3.18,15.23,26.36,41.13,Tarleton Texans
"Jonathan Jackson Jr., Konstantin Dotsenko, Montre' Gipson, Shakur Daniel, Shamir Bogues",40.0,72.5,-16.42,82.1917808219178,98.61111111111111,82.19,97.26,49.32,93.15,4.11,15.07,0.0,0.0,5.48,19.18,0.0,9.59,2.74,12.33,23.29,24.66,Tarleton Texans
"De'Vondre Perry, Jake Forrester, Jeremiah Williams, Khalif Battle, Nick Jourdain",120.0,233.0,8.15,90.98712446351931,82.83261802575107,90.99,82.83,49.36,95.71,12.02,26.61,0.0,0.0,11.59,36.48,0.0,5.15,6.01,15.88,27.04,48.07,Temple Owls
"Damian Dunn, De'Vondre Perry, J.P. Moorman II, Jake Forrester, Jeremiah Williams",440.0,838.5,-8.81,82.0,90.81015719467956,82.0,88.35,45.88,97.41,8.59,27.65,0.0,0.0,13.88,34.12,0.0,5.53,2.24,16.47,21.29,48.0,Temple Owls
"De'Vondre Perry, J.P. Moorman II, Jake Forrester, Jeremiah Williams, Khalif Battle",40.0,73.0,-10.81,89.1891891891892,100.0,89.19,97.3,51.35,86.49,9.46,21.62,0.0,0.0,12.16,31.08,0.0,4.05,1.35,25.68,27.03,43.24,Temple Owls
"Marcus Fitzgerald Jr., Mark Freeman, Ravel Moody, Shakem Johnson, Yusuf Mohamed",80.0,152.5,5.5,89.6103896103896,84.10596026490066,89.61,82.47,48.05,92.21,9.09,23.38,0.0,0.0,11.69,30.52,0.0,9.09,3.25,19.48,24.03,42.21,Tennessee State Tigers
"Evan Joyner, Josh Linder, Mark Freeman, Ravel Moody, Shakem Johnson",120.0,241.0,1.17,99.14893617021276,97.97570850202429,99.15,102.98,51.06,91.91,12.34,29.36,0.0,0.0,10.21,27.23,0.0,10.64,3.4,18.3,26.38,37.44,Tennessee State Tigers
"Marcus Fitzgerald Jr., Mark Freeman, Mason Green, Ravel Moody, Shakem Johnson",40.0,81.5,-0.32,74.68354430379746,75.0,74.68,79.75,45.57,102.53,1.27,16.46,0.0,0.0,20.25,36.71,0.0,7.59,1.27,17.72,29.11,56.96,Tennessee State Tigers
"Josh Linder, Marcus Fitzgerald Jr., Mark Freeman, Monty Johal, Shakem Johnson",90.0,180.0,-0.98,79.76878612716763,80.74866310160428,79.77,87.28,46.24,91.91,8.67,24.86,0.0,0.0,13.29,30.64,0.0,6.94,2.89,21.39,31.79,43.93,Tennessee State Tigers
"Josh Linder, Mark Freeman, Ravel Moody, Shakem Johnson, Shakwon Barrett",80.0,170.0,-2.44,87.27272727272727,89.71428571428571,87.27,95.15,47.88,98.18,4.24,23.64,0.0,0.0,18.18,29.09,0.0,9.7,3.64,20.0,26.06,47.27,Tennessee State Tigers
"Marcus Fitzgerald Jr., Mark Freeman, Ravel Moody, Shakem Johnson, Shakwon Barrett",40.0,82.5,-6.83,84.52380952380952,91.35802469135803,84.52,88.1,50.0,94.05,4.76,22.62,0.0,0.0,8.33,26.19,0.0,9.52,0.0,14.29,20.24,34.52,Tennessee State Tigers
"Marcus Fitzgerald Jr., Mason Green, Ravel Moody, Shakem Johnson, Shakwon Barrett",40.0,81.5,-7.43,77.38095238095238,84.81012658227847,77.38,79.76,45.24,86.9,5.95,20.24,0.0,0.0,15.48,30.95,0.0,8.33,7.14,28.57,29.76,46.43,Tennessee State Tigers
"Marcus Fitzgerald Jr., Mason Green, Monty Johal, Ravel Moody, Yusuf Mohamed",80.0,151.5,-7.54,77.12418300653596,84.66666666666667,77.12,83.01,45.1,90.85,6.54,24.18,0.0,0.0,12.42,36.6,0.0,7.84,7.19,21.57,18.3,49.02,Tennessee State Tigers
"Mark Freeman, Mason Green, Ravel Moody, Shakwon Barrett, Yusuf Mohamed",40.0,80.0,-12.81,72.72727272727273,85.54216867469879,72.73,92.21,36.36,94.81,9.09,33.77,0.0,0.0,10.39,23.38,0.0,12.99,5.19,15.58,23.38,33.77,Tennessee State Tigers
"Donnie Malone, Josh Linder, Mark Freeman, Ravel Moody, Shakem Johnson",40.0,76.0,-16.1,80.0,96.1038961038961,80.0,98.67,42.67,109.33,9.33,25.33,0.0,0.0,20.0,32.0,0.0,8.0,2.67,10.67,29.33,52.0,Tennessee State Tigers
"Josh Linder, Mark Freeman, Monty Johal, Ravel Moody, Shakem Johnson",40.0,83.0,-16.87,86.74698795180723,103.6144578313253,86.75,103.61,46.99,106.02,7.23,28.92,0.0,0.0,20.48,20.48,0.0,14.46,6.02,14.46,19.28,40.96,Tennessee State Tigers
"Josh Linder, Mark Freeman, Monty Johal, Shakem Johnson, Shakwon Barrett",80.0,170.5,-20.94,75.59523809523809,96.53179190751445,75.6,99.4,41.07,93.45,6.55,27.98,0.0,0.0,14.29,27.38,0.0,8.33,3.57,20.83,32.14,41.67,Tennessee State Tigers
"Evan Joyner, Marcus Fitzgerald Jr., Mark Freeman, Ravel Moody, Shakem Johnson",40.0,91.0,-21.98,80.21978021978022,102.19780219780219,80.22,102.2,48.35,94.51,7.69,28.57,0.0,0.0,9.89,30.77,0.0,7.69,5.49,15.38,20.88,40.66,Tennessee State Tigers
"Damaria Franklin, Jr. Clay, Keishawn Davidson, Maverick Smith, Shandon Goldman",40.0,71.0,14.08,100.0,85.91549295774648,100.0,85.92,47.89,101.41,14.08,36.62,0.0,0.0,16.9,33.8,0.0,8.45,2.82,15.49,22.54,50.7,Tennessee Tech Golden Eagles
"Austin Harvell, CJ Gettelfinger, Damaria Franklin, Jr. Clay, Shandon Goldman",40.0,71.5,13.87,109.58904109589041,95.71428571428572,109.59,91.78,54.79,95.89,16.44,36.99,0.0,0.0,10.96,39.73,0.0,8.22,1.37,15.07,15.07,50.69,Tennessee Tech Golden Eagles
"Austin Harvell, CJ Gettelfinger, Damaria Franklin, Jr. Clay, Keishawn Davidson",40.0,79.5,10.02,103.84615384615385,93.82716049382715,103.85,97.44,50.0,85.9,14.1,28.21,0.0,0.0,10.26,29.49,0.0,12.82,2.56,24.36,20.51,39.75,Tennessee Tech Golden Eagles
"Amadou Sylla, Austin Harvell, Jr. Clay, Keishawn Davidson, Kenny White Jr.",40.0,80.0,7.04,87.8048780487805,80.76923076923077,87.8,76.83,50.0,93.9,7.32,28.05,0.0,0.0,14.63,32.93,0.0,14.63,4.88,20.73,21.95,47.56,Tennessee Tech Golden Eagles
"Amadou Sylla, Austin Harvell, Damaria Franklin, Keishawn Davidson, Maverick Smith",40.0,70.5,-3.14,77.14285714285715,80.28169014084507,77.14,81.43,40.0,90.0,10.0,38.57,0.0,0.0,11.43,32.86,0.0,15.71,5.71,21.43,27.14,44.29,Tennessee Tech Golden Eagles
"Amadou Sylla, Austin Harvell, Jr. Clay, Keishawn Davidson, Maverick Smith",40.0,82.5,-6.04,98.78048780487805,104.81927710843372,98.78,106.1,51.22,98.78,14.63,34.15,0.0,0.0,14.63,21.95,0.0,8.54,2.44,15.85,24.39,36.58,Tennessee Tech Golden Eagles
"Austin Harvell, Damaria Franklin, Jr. Clay, Keishawn Davidson, Marcus Hopkins",240.0,452.5,-11.28,88.49557522123894,99.77924944812362,88.5,100.0,46.9,94.47,10.4,31.19,0.0,0.0,15.04,32.74,0.0,8.19,2.43,20.58,18.58,47.78,Tennessee Tech Golden Eagles
"Austin Harvell, Damaria Franklin, Jr. Clay, Keishawn Davidson, Shandon Goldman",160.0,313.0,-14.09,88.14102564102564,102.22929936305734,88.14,102.88,46.47,92.95,9.62,32.05,0.0,0.0,15.06,28.85,0.0,10.9,3.53,22.12,17.95,43.91,Tennessee Tech Golden Eagles
"Austin Harvell, CJ Gettelfinger, Jr. Clay, Keishawn Davidson, Marcus Hopkins",80.0,142.0,-14.79,83.80281690140845,98.59154929577466,83.8,98.59,42.96,92.96,9.86,38.73,0.0,0.0,14.08,29.58,0.0,9.86,3.52,21.13,19.01,43.66,Tennessee Tech Golden Eagles
"Amadou Sylla, Austin Harvell, Damaria Franklin, Jr. Clay, Keishawn Davidson",40.0,80.0,-15.16,98.76543209876543,113.9240506329114,98.77,111.11,45.68,86.42,18.52,38.27,0.0,0.0,6.17,34.57,0.0,6.17,0.0,19.75,17.28,40.74,Tennessee Tech Golden Eagles
"Austin Harvell, CJ Gettelfinger, Damaria Franklin, Keishawn Davidson, Shandon Goldman",40.0,84.0,-24.16,80.48780487804879,104.65116279069768,80.49,109.76,43.9,101.22,4.88,23.17,0.0,0.0,14.63,30.49,0.0,4.88,2.44,13.41,18.29,45.12,Tennessee Tech Golden Eagles
"Jaden Springer, John Fulkerson, Josiah-Jordan James, Santiago Vescovi, Yves Pons",80.0,147.5,20.02,99.33333333333333,79.3103448275862,99.33,76.67,54.67,92.67,10.0,28.0,0.0,0.0,6.0,31.33,0.0,10.0,5.33,13.33,24.0,37.33,Tennessee Volunteers
"Jaden Springer, John Fulkerson, Keon Johnson, Santiago Vescovi, Yves Pons",160.0,308.5,12.92,90.1639344262295,77.24358974358975,90.16,79.02,48.2,97.38,8.2,27.54,0.0,0.0,15.08,33.44,0.0,7.87,7.54,17.7,23.61,48.52,Tennessee Volunteers
"Jaden Springer, John Fulkerson, Josiah-Jordan James, Keon Johnson, Santiago Vescovi",40.0,92.5,9.64,96.73913043478261,87.09677419354838,96.74,88.04,56.52,88.04,10.87,26.09,0.0,0.0,6.52,27.17,0.0,10.87,4.35,18.48,20.65,33.69,Tennessee Volunteers
"John Fulkerson, Josiah-Jordan James, Santiago Vescovi, Victor Bailey Jr., Yves Pons",80.0,165.0,7.27,82.42424242424242,75.15151515151514,82.42,75.15,47.88,103.03,5.45,16.97,0.0,0.0,16.97,32.73,0.0,6.67,7.27,13.94,25.45,49.7,Tennessee Volunteers
"Jaden Springer, John Fulkerson, Keon Johnson, Victor Bailey Jr., Yves Pons",160.0,317.0,3.22,91.19496855345912,87.9746835443038,91.19,87.42,50.0,95.28,10.06,27.67,0.0,0.0,12.89,31.45,0.0,8.49,5.35,17.61,20.75,44.34,Tennessee Volunteers
"Jaden Springer, Josiah-Jordan James, Keon Johnson, Santiago Vescovi, Yves Pons",80.0,161.5,-8.43,83.64779874213836,92.07317073170732,83.65,94.97,44.65,96.23,9.43,30.19,0.0,0.0,15.09,31.45,0.0,10.69,6.92,18.87,20.75,46.54,Tennessee Volunteers
"John Fulkerson, Josiah-Jordan James, Keon Johnson, Santiago Vescovi, Yves Pons",160.0,312.5,-11.47,77.74294670846395,89.2156862745098,77.74,85.58,44.83,97.18,6.27,24.14,0.0,0.0,13.48,25.71,0.0,8.78,6.9,16.3,20.06,39.19,Tennessee Volunteers
"Andre Gordon, Emanuel Miller, Hassan Diarra, Jay Jay Chandler, Jonathan Aku",40.0,74.0,-4.75,72.46376811594203,77.21518987341773,72.46,88.41,36.23,85.51,7.25,30.43,0.0,0.0,11.59,33.33,0.0,7.25,4.35,26.09,27.54,44.92,Texas A&M Aggies
"Andre Gordon, Jay Jay Chandler, Kevin Marfo, Quenton Jackson, Savion Flagg",40.0,68.5,-4.93,85.07462686567165,90.0,85.07,94.03,46.27,117.91,5.97,37.31,0.0,0.0,23.88,29.85,0.0,13.43,1.49,5.97,19.4,53.73,Texas A&M Aggies
"Andre Gordon, Emanuel Miller, Jonathan Aku, Quenton Jackson, Savion Flagg",80.0,154.5,-7.05,98.01324503311258,105.0632911392405,98.01,109.93,48.34,98.68,11.26,31.79,0.0,0.0,18.54,27.81,0.0,7.28,3.97,19.87,27.15,46.35,Texas A&M Aggies
"Andre Gordon, Emanuel Miller, Jaxson Robinson, Kevin Marfo, Quenton Jackson",120.0,228.5,-12.13,83.55555555555556,95.6896551724138,83.56,98.67,42.67,93.78,11.56,40.44,0.0,0.0,14.22,32.44,0.0,8.44,2.22,20.44,22.67,46.66,Texas A&M Aggies
"Andre Gordon, Emanuel Miller, Hassan Diarra, Hayden Hefner, Jonathan Aku",120.0,196.5,-17.05,81.4070351758794,98.4536082474227,81.41,95.98,43.72,96.48,8.54,26.63,0.0,0.0,18.09,28.14,0.0,10.05,2.51,21.61,22.11,46.23,Texas A&M Aggies
"Andre Gordon, Emanuel Miller, Kevin Marfo, LaDamien Bradford, Quenton Jackson",40.0,69.0,-36.09,77.14285714285715,113.23529411764706,77.14,110.0,40.0,97.14,7.14,37.14,0.0,0.0,15.71,28.57,0.0,5.71,4.29,18.57,21.43,44.28,Texas A&M Aggies
"De'Lazarus Keys, Jalen White, Jordan Hairston, Myles Smith, Nolan Bertain",80.0,150.0,-6.93,86.48648648648648,93.42105263157895,86.49,95.95,42.57,93.24,10.81,28.38,0.0,0.0,9.46,33.11,0.0,7.43,4.05,16.22,18.92,42.57,Texas A&M-Corpus Christi Islanders
"Jalen White, Myles Smith, Perry Francois, Peyton Smith, Simeon Fryer",39.6,81.5,-8.64,80.76923076923077,89.41176470588236,80.77,97.44,41.03,92.31,11.54,30.77,0.0,0.0,14.1,30.77,0.0,6.41,2.56,21.79,33.33,44.87,Texas A&M-Corpus Christi Islanders
"De'Lazarus Keys, Jalen White, Myles Smith, Nolan Bertain, Simeon Fryer",320.0,634.5,-8.92,85.98130841121495,94.896331738437,85.98,92.68,46.88,92.52,8.72,24.92,0.0,0.0,13.4,30.53,0.0,10.75,3.43,20.87,19.78,43.93,Texas A&M-Corpus Christi Islanders
"De'Lazarus Keys, Jalen White, Myles Smith, Nolan Bertain, Peyton Smith",39.9,74.0,-9.28,92.10526315789474,101.38888888888889,92.11,96.05,48.68,90.79,10.53,21.05,0.0,0.0,10.53,34.21,0.0,3.95,1.32,19.74,22.37,44.74,Texas A&M-Corpus Christi Islanders
"Jalen White, Nolan Bertain, Perry Francois, Peyton Smith, Simeon Fryer",40.0,85.5,-21.16,80.0,101.16279069767442,80.0,102.35,41.18,92.94,8.24,21.18,0.0,0.0,15.29,29.41,0.0,5.88,5.88,22.35,20.0,44.7,Texas A&M-Corpus Christi Islanders
"De'Lazarus Keys, Myles Smith, Nolan Bertain, Perry Francois, Peyton Smith",40.0,71.0,-31.75,72.6027397260274,104.34782608695652,72.6,98.63,42.47,98.63,5.48,20.55,0.0,0.0,15.07,31.51,0.0,2.74,0.0,16.44,24.66,46.58,Texas A&M-Corpus Christi Islanders
"De'Lazarus Keys, Jalen White, Jordan Hairston, Nolan Bertain, Simeon Fryer",40.0,88.5,-32.52,61.79775280898876,94.31818181818183,61.8,93.26,41.57,91.01,3.37,15.73,0.0,0.0,16.85,29.21,0.0,6.74,2.25,25.84,24.72,46.06,Texas A&M-Corpus Christi Islanders
"Andrew Jones, Courtney Ramey, Jericho Sims, Kamaka Hepa, Matt Coleman III",40.0,77.5,23.08,107.89473684210526,84.81012658227847,107.89,88.16,51.32,96.05,15.79,40.79,0.0,0.0,9.21,35.53,0.0,11.84,5.26,13.16,23.68,44.74,Texas Longhorns
"Andrew Jones, Greg Brown III, Kai Jones, Matt Coleman III, Royce Hamm Jr.",40.0,89.0,6.92,92.94117647058823,86.02150537634408,92.94,94.12,51.76,100.0,7.06,29.41,0.0,0.0,15.29,38.82,0.0,4.71,5.88,15.29,34.12,54.11,Texas Longhorns
"Andrew Jones, Courtney Ramey, Greg Brown III, Jericho Sims, Matt Coleman III",655.0,1290.0,5.16,92.20576773187841,87.04703161141096,92.21,88.0,48.56,95.4,11.3,30.4,0.0,0.0,13.72,34.14,0.0,8.18,4.75,18.32,22.99,47.86,Texas Longhorns
"Andrew Jones, Courtney Ramey, Jericho Sims, Kai Jones, Matt Coleman III",40.0,90.0,-5.39,95.78947368421052,101.17647058823529,95.79,90.53,58.95,97.89,7.37,18.95,0.0,0.0,14.74,26.32,0.0,8.42,4.21,16.84,18.95,41.06,Texas Longhorns
"Joirdon Karl Nicholas, Jordan Gilliam, Justin Hopkins, Michael Weathers, Yahuza Rasas",40.0,79.5,16.47,98.75,82.27848101265823,98.75,81.25,51.25,88.75,10.0,21.25,0.0,0.0,11.25,25.0,0.0,5.0,2.5,22.5,21.25,36.25,Texas Southern Tigers
"John Walker III, Joirdon Karl Nicholas, Jordan Gilliam, Justin Hopkins, Michael Weathers",85.0,177.5,9.0,90.60773480662984,81.60919540229885,90.61,78.45,54.14,96.69,4.97,17.68,0.0,0.0,14.92,37.02,0.0,6.63,3.31,18.23,23.76,51.94,Texas Southern Tigers
"Galen Alexander, John Walker III, Joirdon Karl Nicholas, Jordan Gilliam, Michael Weathers",159.9,344.5,6.82,89.71428571428571,82.89085545722715,89.71,80.29,52.57,93.14,5.71,19.71,0.0,0.0,15.14,36.29,0.0,8.57,8.0,22.0,20.57,51.43,Texas Southern Tigers
"Galen Alexander, John Walker III, Jordan Gilliam, Michael Weathers, Yahuza Rasas",80.0,175.0,6.44,82.02247191011236,75.5813953488372,82.02,73.03,48.88,97.19,2.81,14.61,0.0,0.0,15.17,37.08,0.0,10.11,6.74,17.98,22.47,52.25,Texas Southern Tigers
"Galen Alexander, John Jones, Joirdon Karl Nicholas, Justin Hopkins, Michael Weathers",40.0,88.5,3.83,88.88888888888889,85.0574712643678,88.89,82.22,53.33,98.89,5.56,16.67,0.0,0.0,17.78,28.89,0.0,7.78,6.67,18.89,15.56,46.67,Texas Southern Tigers
"Galen Alexander, Joirdon Karl Nicholas, Jordan Gilliam, Michael Weathers, Yahuza Rasas",40.0,91.0,-7.36,83.33333333333334,90.69767441860465,83.33,81.25,56.25,97.92,4.17,22.92,0.0,0.0,12.5,27.08,0.0,7.29,5.21,14.58,20.83,39.58,Texas Southern Tigers
"Galen Alexander, John Jones, John Walker III, Joirdon Karl Nicholas, Michael Weathers",40.0,82.5,-16.07,76.13636363636364,92.20779220779221,76.14,80.68,48.86,96.59,4.55,12.5,0.0,0.0,21.59,27.27,0.0,11.36,4.55,25.0,18.18,48.86,Texas Southern Tigers
"Alonzo Sule, Caleb Asberry, Isiah Small, Mason Harrell, Shelby Adams",450.0,752.0,10.17,94.36241610738256,84.18972332015811,94.36,85.77,50.34,97.99,8.19,21.34,0.0,0.0,15.17,34.5,0.0,9.26,3.76,17.18,23.09,49.67,Texas State Bobcats
"Alonzo Sule, Caleb Asberry, Dylan Dawson, Quentin Scott, Shelby Adams",40.0,71.5,4.99,83.56164383561644,78.57142857142857,83.56,75.34,47.95,87.67,9.59,20.55,0.0,0.0,8.22,35.62,0.0,8.22,0.0,20.55,16.44,43.84,Texas State Bobcats
"Alonzo Sule, Caleb Asberry, Isiah Small, Marlin Davis, Mason Harrell",40.0,72.5,4.36,86.3013698630137,81.94444444444444,86.3,80.82,43.84,82.19,12.33,31.51,0.0,0.0,9.59,34.25,0.0,5.48,2.74,27.4,32.88,43.84,Texas State Bobcats
"Jamarius Burton, Mac McClung, Marcus Santos-Silva, Micah Peavy, Terrence Shannon Jr.",40.0,78.0,13.8,94.52054794520548,80.72289156626506,94.52,91.78,50.68,91.78,5.48,19.18,0.0,0.0,9.59,30.14,0.0,8.22,2.74,17.81,30.14,39.73,Texas Tech Red Raiders
"Kevin McCullar Jr., Kyler Edwards, Mac McClung, Marcus Santos-Silva, Micah Peavy",525.0,997.5,8.21,95.0852557673019,86.87374749498998,95.09,86.96,53.66,100.8,7.82,22.47,0.0,0.0,14.54,31.09,0.0,9.63,5.32,13.74,23.67,45.63,Texas Tech Red Raiders
"Kyler Edwards, Mac McClung, Marcus Santos-Silva, Micah Peavy, Terrence Shannon Jr.",40.0,72.5,-4.66,77.02702702702703,81.69014084507043,77.03,78.38,41.89,108.11,8.11,31.08,0.0,0.0,17.57,29.73,0.0,6.76,4.05,9.46,18.92,47.3,Texas Tech Red Raiders
"Kevin McCullar Jr., Kyler Edwards, Mac McClung, Marcus Santos-Silva, Terrence Shannon Jr.",40.0,72.5,-10.26,86.8421052631579,97.10144927536231,86.84,88.16,47.37,105.26,7.89,22.37,0.0,0.0,22.37,22.37,0.0,17.11,2.63,17.11,15.79,44.74,Texas Tech Red Raiders
"Jamarius Burton, Kevin McCullar Jr., Mac McClung, Marcus Santos-Silva, Terrence Shannon Jr.",45.0,91.0,-11.27,81.91489361702128,93.18181818181817,81.91,87.23,50.0,95.74,8.51,23.4,0.0,0.0,10.64,27.66,0.0,3.19,8.51,14.89,22.34,38.3,Texas Tech Red Raiders
"Brady Spence, Fletcher Abee, Hayden Brown, Kaiden Rice, Tyler Moffe",40.0,87.5,4.55,104.54545454545455,100.0,104.55,98.86,54.55,90.91,18.18,35.23,0.0,0.0,2.27,34.09,0.0,6.82,7.95,11.36,23.86,36.36,The Citadel Bulldogs
"Fletcher Abee, Hayden Brown, Kaiden Rice, Stephen Clark, Tyler Moffe",599.3,1235.0,-7.08,93.08681672025723,100.16313213703098,93.09,98.71,49.68,97.99,10.61,33.12,0.0,0.0,13.02,34.32,0.0,4.82,5.14,15.03,19.45,47.34,The Citadel Bulldogs
"Brent Davis, Hayden Brown, Kaiden Rice, Stephen Clark, Tyler Moffe",80.0,147.0,-34.44,76.66666666666667,111.11111111111111,76.67,106.67,41.33,99.33,5.33,28.67,0.0,0.0,10.67,28.0,0.0,9.33,1.33,11.33,11.33,38.67,The Citadel Bulldogs
"Jonathan Komagum, Marreon Jackson, Ryan Rollins, Setric Millner Jr., Spencer Littleson",80.0,155.5,21.42,106.28930817610063,84.86842105263158,106.29,81.13,55.35,99.37,14.47,38.36,0.0,0.0,16.98,33.33,0.0,5.66,2.52,17.61,20.75,50.31,Toledo Rockets
"JT Shumate, Marreon Jackson, Ryan Rollins, Setric Millner Jr., Spencer Littleson",769.4,1517.0,11.47,105.78186596583443,94.31216931216932,105.78,93.69,54.47,100.2,13.4,35.94,0.0,0.0,13.14,33.9,0.0,7.88,3.48,12.94,18.92,47.04,Toledo Rockets
"Cam Allen, Nicolas Timberlake, Solomon Uyaelunmo, Victor Uyaelunmo, Zane Martin",120.0,227.0,0.63,93.27354260089686,92.64069264069265,93.27,95.96,54.26,99.55,4.48,19.73,0.0,0.0,17.49,36.77,0.0,4.93,4.48,17.94,25.56,54.26,Towson Tigers
"Charles Thompson, Demetrius Mims, Jason Gibson, Nicolas Timberlake, Zane Martin",210.0,386.0,-11.12,90.95607235142118,102.07792207792208,90.96,101.55,49.87,109.3,9.56,31.01,0.0,0.0,23.0,27.13,0.0,9.04,5.43,13.7,23.51,50.13,Towson Tigers
"Charles Thompson, Demetrius Mims, Jason Gibson, Nicolas Timberlake, Solomon Uyaelunmo",80.0,136.5,-11.88,82.85714285714286,94.73684210526315,82.86,90.0,50.0,96.43,4.29,14.29,0.0,0.0,12.14,37.86,0.0,5.71,2.14,15.71,22.14,50.0,Towson Tigers
"Cam Allen, Demetrius Mims, Nicolas Timberlake, Solomon Uyaelunmo, Victor Uyaelunmo",40.0,78.5,-12.71,91.13924050632912,103.84615384615385,91.14,102.53,50.63,97.47,6.33,24.05,0.0,0.0,21.52,32.91,0.0,3.8,5.06,24.05,24.05,54.43,Towson Tigers
"Jason Gibson, Nicolas Timberlake, Solomon Uyaelunmo, Victor Uyaelunmo, Zane Martin",40.0,70.5,-14.3,94.52054794520548,108.8235294117647,94.52,101.37,56.16,105.48,4.11,23.29,0.0,0.0,21.92,27.4,0.0,9.59,2.74,16.44,21.92,49.32,Towson Tigers
"Charles Thompson, Jason Gibson, Nicolas Timberlake, Solomon Uyaelunmo, Zane Martin",40.0,70.5,-17.09,93.05555555555556,110.14492753623189,93.06,105.56,52.78,112.5,6.94,13.89,0.0,0.0,27.78,25.0,0.0,6.94,2.78,15.28,23.61,52.78,Towson Tigers
"Duke Miles, Kam Woods, Kieffer Punter, Nick Stampley, Zay Williams",40.0,83.0,14.46,81.92771084337349,67.46987951807229,81.93,67.47,46.99,92.77,6.02,24.1,0.0,0.0,9.64,39.76,0.0,9.64,2.41,16.87,21.69,49.4,Troy Trojans
"Desmond Williams, Duke Miles, Kam Woods, Nick Stampley, Zay Williams",40.0,82.5,-1.1,81.25,82.35294117647058,81.25,87.5,43.75,93.75,8.75,30.0,0.0,0.0,12.5,31.25,0.0,7.5,2.5,18.75,26.25,43.75,Troy Trojans
"Kam Woods, Khalyl Waters, Kieffer Punter, Nick Stampley, Zay Williams",85.0,162.5,-4.53,90.625,95.15151515151516,90.62,98.12,48.12,105.62,10.62,31.87,0.0,0.0,23.12,33.75,0.0,6.88,4.38,17.5,25.0,56.87,Troy Trojans
"Desmond Williams, Duke Miles, Khalyl Waters, Nick Stampley, Zay Williams",280.0,548.5,-7.8,82.82097649186257,90.625,82.82,89.15,46.47,98.19,8.32,30.38,0.0,0.0,15.19,34.9,0.0,7.96,4.16,17.0,21.88,50.09,Troy Trojans
"Duke Miles, Khalyl Waters, Kieffer Punter, Nick Stampley, Zay Williams",78.5,139.5,-10.14,89.85507246376811,100.0,89.86,102.17,44.93,84.78,10.87,32.61,0.0,0.0,7.25,37.68,0.0,7.97,4.35,22.46,20.29,44.93,Troy Trojans
"Duke Miles, Kam Woods, Khalyl Waters, Nick Stampley, Zay Williams",40.0,76.0,-13.75,70.66666666666667,84.4155844155844,70.67,86.67,36.0,82.67,8.0,25.33,0.0,0.0,13.33,38.67,0.0,5.33,2.67,30.67,24.0,52.0,Troy Trojans
"Duke Miles, Jakevan Leftridge, Kam Woods, Nick Stampley, Zay Williams",40.0,81.0,-15.68,74.68354430379746,90.36144578313254,74.68,94.94,35.44,96.2,8.86,39.24,0.0,0.0,15.19,31.65,0.0,12.66,0.0,18.99,18.99,46.84,Troy Trojans
"Christian Turner, Kam Woods, Khalyl Waters, Kieffer Punter, Zay Williams",40.0,64.5,-18.03,83.5820895522388,101.61290322580645,83.58,94.03,41.79,80.6,7.46,25.37,0.0,0.0,7.46,28.36,0.0,7.46,5.97,26.87,19.4,35.82,Troy Trojans
"Desmond Williams, Kam Woods, Khalyl Waters, Nick Stampley, Zay Williams",40.0,71.0,-25.53,90.41095890410958,115.94202898550725,90.41,109.59,49.32,93.15,9.59,28.77,0.0,0.0,13.7,21.92,0.0,2.74,4.11,20.55,16.44,35.62,Troy Trojans
"Jadan Coleman, Jaylen Forbes, Jordan Walker, Kevin Cross, Sion James",40.0,78.5,2.96,95.06172839506173,92.10526315789474,95.06,86.42,55.56,98.77,7.41,28.4,0.0,0.0,7.41,33.33,0.0,12.35,4.94,8.64,17.28,40.74,Tulane Green Wave
"Jaylen Forbes, Jordan Walker, Kevin Cross, Sion James, Tylan Pope",120.0,239.5,2.86,87.44769874476988,84.58333333333333,87.45,84.94,52.3,100.84,6.28,25.52,0.0,0.0,15.9,35.98,0.0,9.62,3.35,15.06,20.92,51.88,Tulane Green Wave
"Gabe Watson, Jaylen Forbes, Jordan Walker, Kevin Cross, Tylan Pope",80.0,127.0,-3.02,80.45112781954887,83.47107438016529,80.45,75.94,43.61,97.74,9.77,30.08,0.0,0.0,15.79,36.09,0.0,7.52,1.5,18.05,18.05,51.88,Tulane Green Wave
"Gabe Watson, Jaylen Forbes, Jordan Walker, Nobal Days, Tylan Pope",40.0,75.0,-8.5,77.02702702702703,85.52631578947368,77.03,87.84,40.54,101.35,9.46,33.78,0.0,0.0,8.11,36.49,0.0,8.11,4.05,6.76,24.32,44.6,Tulane Green Wave
"Gabe Watson, Jaylen Forbes, Jordan Walker, Nobal Days, R.J. McGee",40.0,77.5,-13.42,73.41772151898735,86.8421052631579,73.42,83.54,39.24,94.94,10.13,34.18,0.0,0.0,11.39,27.85,0.0,10.13,2.53,16.46,20.25,39.24,Tulane Green Wave
"Gabe Watson, Jaylen Forbes, Jordan Walker, Kevin Cross, Sion James",240.0,460.0,-15.41,78.13163481953292,93.54120267260579,78.13,89.17,45.44,94.48,8.28,25.27,0.0,0.0,10.4,28.45,0.0,11.46,4.03,15.92,18.9,38.85,Tulane Green Wave
"Jaylen Forbes, Jordan Walker, Kevin Cross, R.J. McGee, Sion James",160.0,303.0,-21.71,83.93442622950819,105.64784053156147,83.93,104.26,48.2,102.3,7.21,27.87,0.0,0.0,14.75,30.16,0.0,7.54,4.59,12.46,21.97,44.91,Tulane Green Wave
"Austin Richie, Brandon Rachal, Elijah Joiner, Keshawn Williams, Rey Idowu",40.0,73.0,10.81,100.0,89.1891891891892,100.0,91.67,58.33,109.72,8.33,31.94,0.0,0.0,19.44,23.61,0.0,11.11,0.0,9.72,23.61,43.05,Tulsa Golden Hurricane
"Austin Richie, Brandon Rachal, Elijah Joiner, Emmanuel Ugboh, Keyshawn Embery-Simpson",160.0,288.5,7.04,89.33823529411765,82.29508196721311,89.34,92.28,48.16,93.75,8.46,31.25,0.0,0.0,11.76,39.34,0.0,8.46,4.04,18.01,27.57,51.1,Tulsa Golden Hurricane
"Austin Richie, Brandon Rachal, Curtis Haywood II, Elijah Joiner, Rey Idowu",120.0,220.5,-2.04,88.78923766816143,90.82568807339449,88.79,88.79,50.22,95.96,8.07,25.11,0.0,0.0,17.04,33.18,0.0,8.97,2.69,21.08,20.18,50.22,Tulsa Golden Hurricane
"Brandon Rachal, Curtis Haywood II, Elijah Joiner, Keyshawn Embery-Simpson, Rey Idowu",40.0,78.5,-2.96,92.10526315789474,95.06172839506173,92.11,101.32,44.74,105.26,15.79,42.11,0.0,0.0,19.74,36.84,0.0,5.26,3.95,14.47,23.68,56.58,Tulsa Golden Hurricane
"Brandon Rachal, Curtis Haywood II, Elijah Joiner, Emmanuel Ugboh, Keyshawn Embery-Simpson",160.0,300.0,-4.09,84.61538461538461,88.70431893687709,84.62,89.3,46.82,97.99,9.36,31.77,0.0,0.0,13.38,32.78,0.0,6.69,1.0,15.38,24.08,46.16,Tulsa Golden Hurricane
"Austin Richie, Brandon Rachal, Elijah Joiner, Keyshawn Embery-Simpson, Rey Idowu",40.0,77.0,-5.99,87.34177215189874,93.33333333333333,87.34,88.61,50.63,92.41,10.13,24.05,0.0,0.0,10.13,34.18,0.0,7.59,6.33,17.72,21.52,44.31,Tulsa Golden Hurricane
"Brandon Rachal, Curtis Haywood II, Darien Jackson, Elijah Joiner, Rey Idowu",40.0,65.5,-6.64,77.41935483870968,84.05797101449275,77.42,93.55,37.1,90.32,6.45,33.87,0.0,0.0,8.06,38.71,0.0,11.29,3.23,17.74,25.81,46.77,Tulsa Golden Hurricane
"Austin Richie, Brandon Rachal, Curtis Haywood II, Elijah Joiner, Emmanuel Ugboh",80.0,151.5,-21.14,75.48387096774194,96.62162162162163,75.48,92.26,43.87,90.97,6.45,24.52,0.0,0.0,11.61,21.94,0.0,7.1,1.94,20.65,20.65,33.55,Tulsa Golden Hurricane
"Jalen Benjamin, Kassim Nicholson, Michael Ertel, Trey Jemison, Tyreek Scott-Grayson",80.0,130.5,11.52,102.29007633587786,90.76923076923077,102.29,90.08,50.38,108.4,13.74,39.69,0.0,0.0,19.08,31.3,0.0,9.16,3.82,10.69,17.56,50.38,UAB Blazers
"Kassim Nicholson, Michael Ertel, Tavin Lovan, Trey Jemison, Tyreek Scott-Grayson",360.0,649.5,9.52,92.95558958652373,83.43653250773994,92.96,82.54,50.23,100.61,6.89,22.51,0.0,0.0,14.09,33.54,0.0,10.57,5.05,13.48,18.68,47.63,UAB Blazers
"Jalen Benjamin, Kassim Nicholson, Quan Jackson, Tavin Lovan, Trey Jemison",40.0,69.5,9.38,87.83783783783784,78.46153846153847,87.84,68.92,50.0,91.89,6.76,16.22,0.0,0.0,13.51,36.49,0.0,8.11,9.46,21.62,17.57,50.0,UAB Blazers
"Kassim Nicholson, Michael Ertel, Quan Jackson, Tavin Lovan, Trey Jemison",200.0,367.0,0.05,88.17204301075269,88.12154696132598,88.17,85.75,50.81,103.49,5.38,18.01,0.0,0.0,18.01,29.57,0.0,8.87,4.84,14.52,21.24,47.58,UAB Blazers
"Michael Ertel, Quan Jackson, Tavin Lovan, Trey Jemison, Tyreek Scott-Grayson",40.0,75.0,-4.3,86.48648648648648,90.78947368421053,86.49,93.24,45.95,95.95,5.41,21.62,0.0,0.0,14.86,33.78,0.0,9.46,4.05,18.92,20.27,48.64,UAB Blazers
"Kassim Nicholson, Quan Jackson, Tavin Lovan, Trey Jemison, Tyreek Scott-Grayson",80.0,159.5,-12.68,86.66666666666667,99.35064935064936,86.67,92.73,48.48,103.03,6.06,16.97,0.0,0.0,16.36,32.12,0.0,9.09,3.64,13.33,19.39,48.48,UAB Blazers
"Cameron Ba, Christian Anigwe, Elijah Pepper, Ezra Manjon, Kennedy Koehler",165.0,331.5,2.08,88.35820895522389,86.28048780487805,88.36,84.48,49.85,97.01,8.36,23.88,0.0,0.0,14.93,28.66,0.0,9.25,2.69,17.91,24.18,43.59,UC Davis Aggies
"Christian Anigwe, Damion Squire, Elijah Pepper, Ezra Manjon, Kennedy Koehler",205.0,379.5,1.49,87.06199460916442,85.56701030927834,87.06,89.49,49.33,92.99,5.12,19.68,0.0,0.0,12.94,29.92,0.0,10.24,4.58,19.95,27.22,42.86,UC Davis Aggies
"Caleb Fuller, Damion Squire, Elijah Pepper, Ezra Manjon, Kennedy Koehler",80.0,171.5,-11.34,83.33333333333334,94.67455621301775,83.33,91.95,47.13,93.68,7.47,20.11,0.0,0.0,12.07,21.26,0.0,9.77,2.3,18.39,19.54,33.33,UC Davis Aggies
"B.J. Shaw, Damion Squire, Elijah Pepper, Ezra Manjon, Kennedy Koehler",85.0,160.5,-16.69,84.5679012345679,101.25786163522012,84.57,99.38,50.0,101.23,6.79,20.37,0.0,0.0,16.67,27.16,0.0,6.17,2.47,15.43,23.46,43.83,UC Davis Aggies
"Brad Greene, Collin Welp, Dawson Baker, Isaiah Lee, JC Butler",120.0,223.0,10.72,91.78082191780823,81.05726872246696,91.78,84.02,52.05,91.32,8.68,20.55,0.0,0.0,12.33,37.9,0.0,9.59,2.28,21.0,26.03,50.23,UC Irvine Anteaters
"Brad Greene, Collin Welp, Isaiah Lee, JC Butler, Jeron Artest",245.0,424.0,9.57,84.16075650118204,74.58823529411764,84.16,74.94,49.41,100.95,5.44,18.91,0.0,0.0,17.73,36.88,0.0,10.17,6.15,16.78,21.99,54.61,UC Irvine Anteaters
"Brad Greene, Collin Welp, Dawson Baker, Isaiah Lee, Jeron Artest",445.0,842.5,4.98,92.13615023474179,87.1548619447779,92.14,85.21,52.0,99.41,5.99,17.72,0.0,0.0,15.02,39.44,0.0,9.39,6.46,15.61,20.89,54.46,UC Irvine Anteaters
"Arinze Chidom, Dominick Pickett, George Willborn III, Jock Perry, Zyon Pullin",40.0,72.5,21.47,91.8918918918919,70.4225352112676,91.89,67.57,50.0,98.65,9.46,22.97,0.0,0.0,14.86,35.14,0.0,8.11,4.05,16.22,22.97,50.0,UC Riverside Highlanders
"Arinze Chidom, Dominick Pickett, Flynn Cameron, Jock Perry, Zyon Pullin",565.0,1021.5,8.91,97.1028971028971,88.1957773512476,97.1,91.81,48.65,96.9,12.49,33.67,0.0,0.0,12.69,38.96,0.0,8.29,3.6,15.78,23.68,51.65,UC Riverside Highlanders
"Angus McWilliam, Dominick Pickett, Flynn Cameron, Jock Perry, Zyon Pullin",80.0,152.5,0.37,89.03225806451613,88.66666666666667,89.03,85.81,48.39,98.71,10.97,36.77,0.0,0.0,14.84,38.71,0.0,6.45,1.94,16.13,16.77,53.55,UC Riverside Highlanders
"Gabe Hadley, Hugh Baxter, Jake Killingsworth, Martin Tombe, Mikey Howell",40.0,72.5,11.5,116.90140845070422,105.40540540540539,116.9,109.86,56.34,92.96,14.08,26.76,0.0,0.0,4.23,35.21,0.0,11.27,0.0,11.27,18.31,39.44,UC San Diego Tritons
"Gabe Hadley, Hugh Baxter, Jace Roquemore, Jake Killingsworth, Mikey Howell",40.0,85.0,7.12,105.95238095238095,98.83720930232558,105.95,101.19,46.43,96.43,19.05,39.29,0.0,0.0,8.33,25.0,0.0,15.48,4.76,11.9,19.05,33.33,UC San Diego Tritons
"Bryce Pope, Gabe Hadley, Hugh Baxter, Jace Roquemore, Jake Killingsworth",40.0,79.5,-7.24,85.52631578947368,92.7710843373494,85.53,101.32,40.79,88.16,10.53,39.47,0.0,0.0,7.89,25.0,0.0,10.53,2.63,19.74,22.37,32.89,UC San Diego Tritons
"Bryce Pope, Gabe Hadley, Hugh Baxter, Jake Killingsworth, Mikey Howell",405.0,761.0,-11.4,88.07339449541286,99.4729907773386,88.07,98.95,42.86,88.73,12.98,36.44,0.0,0.0,7.73,29.88,0.0,6.42,1.97,19.0,19.0,37.61,UC San Diego Tritons
"Bryce Pope, Gabe Hadley, Jake Killingsworth, Mikey Howell, Toni Rocak",40.0,64.5,-21.88,78.125,100.0,78.12,101.56,32.81,84.38,14.06,37.5,0.0,0.0,6.25,34.38,0.0,3.12,4.69,21.88,9.38,40.63,UC San Diego Tritons
"Brandon Cyrus, Destin Barnes, Devearl Ramsey, JaQuori McLaughlin, Robinson Idehen",40.0,69.5,21.74,100.0,78.26086956521739,100.0,77.14,51.43,104.29,11.43,35.71,0.0,0.0,20.0,35.71,0.0,14.29,4.29,15.71,18.57,55.71,UC Santa Barbara Gauchos
"Amadou Sow, Brandon Cyrus, Devearl Ramsey, JaQuori McLaughlin, Miles Norris",770.0,1412.0,12.86,97.5051975051975,84.64880521361331,97.51,81.01,54.75,99.31,7.9,23.7,0.0,0.0,14.0,33.61,0.0,10.05,3.33,14.69,20.79,47.61,UC Santa Barbara Gauchos
"Amadou Sow, Brandon Cyrus, Devearl Ramsey, JaQuori McLaughlin, Robinson Idehen",40.0,68.5,1.51,97.10144927536231,95.58823529411765,97.1,94.2,56.52,97.1,11.59,28.99,0.0,0.0,11.59,26.09,0.0,7.25,1.45,14.49,26.09,37.68,UC Santa Barbara Gauchos
"C.J. Walker, Darin Green Jr., Darius Perry, Isaiah Adams, Jamille Reynolds",40.0,61.5,13.27,89.83050847457628,76.5625,89.83,83.05,37.29,93.22,16.95,42.37,0.0,0.0,22.03,45.76,0.0,11.86,11.86,28.81,23.73,67.79,UCF Knights
"Brandon Mahan, C.J. Walker, Darin Green Jr., Darius Perry, Jamille Reynolds",200.0,356.5,9.19,101.41643059490085,92.22222222222223,101.42,94.05,51.27,99.15,15.58,35.98,0.0,0.0,15.01,32.29,0.0,9.35,5.1,15.86,22.95,47.3,UCF Knights
"Brandon Mahan, Darin Green Jr., Darius Perry, Isaiah Adams, Jamille Reynolds",40.0,73.0,2.82,98.64864864864865,95.83333333333334,98.65,93.24,52.7,93.24,10.81,36.49,0.0,0.0,9.46,29.73,0.0,12.16,5.41,16.22,16.22,39.19,UCF Knights
"Darin Green Jr., Darius Perry, Dre Fuller Jr., Isaiah Adams, Jamille Reynolds",120.0,237.5,2.18,83.19327731092437,81.0126582278481,83.19,80.67,44.96,92.86,8.82,28.99,0.0,0.0,11.34,34.87,0.0,9.66,7.14,18.49,18.91,46.21,UCF Knights
"Brandon Mahan, C.J. Walker, Darin Green Jr., Darius Perry, Isaiah Adams",85.0,167.0,1.2,95.20958083832335,94.01197604790418,95.21,94.01,50.9,90.42,9.58,24.55,0.0,0.0,12.57,32.93,0.0,9.58,0.0,22.16,22.16,45.5,UCF Knights
"Brandon Mahan, Darin Green Jr., Dre Fuller Jr., Isaiah Adams, Sean Mobley",80.0,157.5,0.1,83.22580645161291,83.125,83.23,85.81,49.03,98.06,7.1,21.94,0.0,0.0,14.19,30.97,0.0,6.45,3.87,16.13,27.74,45.16,UCF Knights
"Brandon Mahan, Darin Green Jr., Darius Perry, Dre Fuller Jr., Sean Mobley",40.0,72.0,-4.75,87.14285714285714,91.8918918918919,87.14,97.14,42.86,90.0,10.0,27.14,0.0,0.0,11.43,37.14,0.0,7.14,7.14,21.43,20.0,48.57,UCF Knights
"Brandon Mahan, C.J. Walker, Darin Green Jr., Dre Fuller Jr., Jamille Reynolds",40.0,78.0,-15.72,79.22077922077922,94.9367088607595,79.22,97.4,42.86,88.31,5.19,29.87,0.0,0.0,15.58,22.08,0.0,10.39,2.6,27.27,24.68,37.66,UCF Knights
"Brandon Mahan, C.J. Walker, Darin Green Jr., Dre Fuller Jr., Sean Mobley",80.0,142.0,-16.43,75.177304964539,91.6083916083916,75.18,92.91,41.84,95.04,6.38,25.53,0.0,0.0,18.44,34.75,0.0,7.09,4.96,23.4,25.53,53.19,UCF Knights
"Brandon Mahan, C.J. Walker, Darin Green Jr., Dre Fuller Jr., Isaiah Adams",80.0,165.5,-24.73,80.72289156626506,105.45454545454544,80.72,104.82,43.37,92.77,9.64,27.11,0.0,0.0,16.27,24.1,0.0,7.83,3.01,23.49,19.88,40.37,UCF Knights
"Chris Smith, Cody Riley, Jaime Jaquez Jr., Jules Bernard, Tyger Campbell",40.0,66.5,25.61,111.76470588235294,86.15384615384616,111.76,82.35,55.88,95.59,11.76,20.59,0.0,0.0,11.76,36.76,0.0,8.82,0.0,16.18,14.71,48.52,UCLA Bruins
"Cody Riley, Jaime Jaquez Jr., Johnny Juzang, Jules Bernard, Tyger Campbell",575.0,1043.0,5.23,98.18875119161106,92.96046287367406,98.19,91.9,53.1,99.24,9.53,24.21,0.0,0.0,14.87,34.6,0.0,7.05,3.15,15.63,20.78,49.47,UCLA Bruins
"Chris Smith, Cody Riley, Jaime Jaquez Jr., Johnny Juzang, Tyger Campbell",40.0,68.0,2.94,105.88235294117648,102.94117647058823,105.88,102.94,52.94,102.94,14.71,29.41,0.0,0.0,16.18,30.88,0.0,7.35,4.41,13.24,19.12,47.06,UCLA Bruins
"Cody Riley, Jaime Jaquez Jr., Jules Bernard, Mac Etienne, Tyger Campbell",40.0,65.5,2.92,98.4375,95.52238805970148,98.44,100.0,50.0,96.88,7.81,14.06,0.0,0.0,12.5,34.38,0.0,4.69,7.81,15.62,26.56,46.88,UCLA Bruins
"Cody Riley, David Singleton, Jaime Jaquez Jr., Johnny Juzang, Tyger Campbell",40.0,81.0,-7.53,91.25,98.78048780487805,91.25,101.25,52.5,102.5,6.25,25.0,0.0,0.0,15.0,27.5,0.0,8.75,5.0,12.5,28.75,42.5,UCLA Bruins
"Adama Sanogo, Andre Jackson Jr., Isaiah Whaley, R.J. Cole, Tyrese Martin",40.0,75.0,20.78,100.0,79.22077922077922,100.0,83.56,53.42,101.37,6.85,16.44,0.0,0.0,19.18,36.99,0.0,6.85,8.22,17.81,30.14,56.17,UConn Huskies
"Adama Sanogo, Isaiah Whaley, James Bouknight, R.J. Cole, Tyrese Martin",360.0,665.0,17.59,99.24812030075188,81.65413533834587,99.25,81.65,54.14,104.66,8.57,26.17,0.0,0.0,19.55,36.24,0.0,6.32,5.86,14.89,24.21,55.79,UConn Huskies
"Adama Sanogo, Brendan Adams, Isaiah Whaley, R.J. Cole, Tyrese Martin",200.0,366.0,5.6,90.38461538461539,84.78260869565217,90.38,85.71,48.63,100.82,9.89,26.37,0.0,0.0,17.86,31.04,0.0,12.09,7.14,17.03,24.45,48.9,UConn Huskies
"Adama Sanogo, Andre Jackson Jr., Isaiah Whaley, Jalen Gaffney, Tyrese Martin",40.0,77.0,5.27,101.26582278481013,96.0,101.27,91.14,51.9,102.53,13.92,32.91,0.0,0.0,16.46,36.71,0.0,6.33,10.13,13.92,21.52,53.17,UConn Huskies
"Isaiah Whaley, James Bouknight, Josh Carlton, R.J. Cole, Tyrese Martin",45.0,90.5,-3.13,81.31868131868131,84.44444444444444,81.32,83.52,47.25,102.2,7.69,32.97,0.0,0.0,16.48,28.57,0.0,9.89,4.4,14.29,23.08,45.05,UConn Huskies
"Adama Sanogo, Isaiah Whaley, Jalen Gaffney, Tyler Polley, Tyrese Martin",40.0,72.5,-4.49,83.82352941176471,88.31168831168831,83.82,100.0,42.65,98.53,5.88,29.41,0.0,0.0,14.71,35.29,0.0,8.82,11.76,16.18,33.82,50.0,UConn Huskies
"Michael Diggins, RayQuawndis Mitchell, Rob Howard, Teyvion Kirk, Zion Griffin",80.0,158.5,18.77,107.18954248366013,88.41463414634147,107.19,94.77,48.37,101.31,17.65,43.14,0.0,0.0,16.34,39.87,0.0,5.23,6.54,15.03,31.37,56.21,UIC Flames
"Jamie Ahale, Michael Diggins, RayQuawndis Mitchell, Rob Howard, Teyvion Kirk",40.0,69.0,4.35,88.40579710144928,84.05797101449275,88.41,84.06,44.93,95.65,5.8,27.54,0.0,0.0,14.49,49.28,0.0,2.9,4.35,18.84,17.39,63.77,UIC Flames
"Jamie Ahale, Maurice Commander, Michael Diggins, Rob Howard, Teyvion Kirk",365.0,686.0,-2.88,87.96433878157504,90.84406294706724,87.96,94.35,45.17,95.39,10.25,31.65,0.0,0.0,14.41,36.7,0.0,5.2,3.71,19.02,26.0,51.11,UIC Flames
"Jacob Wiley, Jamie Ahale, Michael Diggins, Rob Howard, Teyvion Kirk",40.0,64.5,-7.82,95.16129032258065,102.98507462686568,95.16,111.29,46.77,109.68,12.9,37.1,0.0,0.0,19.35,38.71,0.0,1.61,1.61,9.68,29.03,58.06,UIC Flames
"Deon Ejim, Jamie Ahale, Maurice Commander, Michael Diggins, Teyvion Kirk",39.8,74.5,-16.04,81.42857142857143,97.46835443037975,81.43,110.0,41.43,97.14,7.14,30.0,0.0,0.0,14.29,40.0,0.0,5.71,4.29,17.14,31.43,54.29,UIC Flames
"Brian Taylor, Jamie Ahale, Michael Diggins, Rob Howard, Teyvion Kirk",84.7,173.0,-19.84,84.70588235294117,104.54545454545455,84.71,108.24,42.35,94.12,10.0,34.12,0.0,0.0,12.35,29.41,0.0,7.65,5.29,18.24,19.41,41.76,UIC Flames
"Chris Efretuei, Elijah Gonzales, Josh Nicholas, Koreem Ozier, Russell Harrison",40.0,74.0,5.41,91.8918918918919,86.48648648648648,91.89,86.49,45.95,91.89,13.51,31.08,0.0,0.0,8.11,31.08,0.0,10.81,4.05,16.22,22.97,39.19,UL Monroe Warhawks
"Chris Efretuei, Elijah Gonzales, Koreem Ozier, Marco Morency, Russell Harrison",280.0,504.5,-3.95,89.57915831663327,93.52941176470588,89.58,95.59,46.09,96.19,9.82,30.46,0.0,0.0,13.63,31.06,0.0,10.62,3.21,17.43,22.85,44.69,UL Monroe Warhawks
"Elijah Gonzales, Josh Nicholas, Langston Powell, Luke Phillips, Marco Morency",40.0,71.5,-4.99,78.57142857142857,83.56164383561644,78.57,87.14,41.43,92.86,11.43,38.57,0.0,0.0,12.86,28.57,0.0,15.71,1.43,20.0,24.29,41.43,UL Monroe Warhawks
"Chris Efretuei, Elijah Gonzales, Koreem Ozier, Luke Phillips, Marco Morency",120.0,204.0,-9.15,87.0,96.15384615384616,87.0,100.0,41.5,97.0,11.5,36.5,0.0,0.0,16.5,32.0,0.0,7.5,3.5,19.5,21.5,48.5,UL Monroe Warhawks
"Chris Efretuei, Erie Olonade, Josh Nicholas, Koreem Ozier, Russell Harrison",199.6,382.5,-11.08,86.57894736842105,97.66233766233766,86.58,98.95,46.05,94.47,8.42,25.79,0.0,0.0,10.0,27.37,0.0,10.53,4.74,15.53,21.58,37.37,UL Monroe Warhawks
"Brandon Horvath, Dan Akin, Darnell Rogers, L.J. Owens, RJ Eytle-Rock",40.0,74.0,12.04,101.36986301369863,89.33333333333333,101.37,91.78,49.32,104.11,16.44,31.51,0.0,0.0,16.44,35.62,0.0,12.33,1.37,12.33,20.55,52.06,UMBC Retrievers
"Brandon Horvath, Darnell Rogers, Dimitrije Spasojevic, Keondre Kennedy, RJ Eytle-Rock",40.0,70.0,4.95,78.08219178082192,73.13432835820896,78.08,67.12,47.95,106.85,2.74,28.77,0.0,0.0,16.44,43.84,0.0,1.37,0.0,9.59,19.18,60.28,UMBC Retrievers
"Brandon Horvath, Darnell Rogers, Dimitrije Spasojevic, L.J. Owens, RJ Eytle-Rock",480.0,891.0,0.98,88.25503355704699,87.27477477477478,88.26,86.69,48.88,96.31,9.73,27.4,0.0,0.0,13.31,36.91,0.0,5.59,2.35,17.0,22.82,50.22,UMBC Retrievers
"Dan Akin, Darnell Rogers, Keondre Kennedy, L.J. Owens, RJ Eytle-Rock",40.0,76.5,-11.54,88.46153846153845,100.0,88.46,96.15,47.44,92.31,8.97,23.08,0.0,0.0,6.41,29.49,0.0,10.26,1.28,14.1,19.23,35.9,UMBC Retrievers
"Allin Blunt, Bryce Daley, Gregory Hammond, Obadiah Noel, Salif Boudie",40.0,80.0,21.7,94.87179487179486,73.17073170731707,94.87,76.92,50.0,103.85,6.41,20.51,0.0,0.0,19.23,42.31,0.0,0.0,3.85,15.38,30.77,61.54,UMass Lowell River Hawks
"Allin Blunt, Bryce Daley, Connor Withers, Obadiah Noel, Salif Boudie",478.9,922.5,1.04,88.92543859649122,87.88853161843515,88.93,89.91,48.14,94.08,9.21,26.21,0.0,0.0,13.05,33.22,0.0,7.13,4.61,18.97,26.54,46.27,UMass Lowell River Hawks
"Allin Blunt, Bryce Daley, Connor Withers, Kalil Thomas, Salif Boudie",159.9,317.5,-1.11,89.6875,90.7936507936508,89.69,89.38,47.81,91.88,9.06,23.75,0.0,0.0,10.94,33.75,0.0,6.88,7.19,19.06,23.75,44.69,UMass Lowell River Hawks
"Allin Blunt, Bryce Daley, Obadiah Noel, Ronald Mitchell Jr., Salif Boudie",40.0,89.0,-1.44,77.90697674418605,79.34782608695652,77.91,84.88,46.51,90.7,4.65,11.63,0.0,0.0,12.79,27.91,0.0,4.65,4.65,22.09,36.05,40.7,UMass Lowell River Hawks
"Carl Pierre, Dibaji Walker, Javohn Garcia, Mark Gasperini, T.J. Weeks Jr.",40.0,75.5,4.95,77.92207792207793,72.97297297297297,77.92,70.13,41.56,98.7,10.39,41.56,0.0,0.0,15.58,31.17,0.0,14.29,5.19,16.88,23.38,46.75,UMass Minutemen
"Carl Pierre, Dibaji Walker, Noah Fernandes, Ronnie DeGray III, Tre Mitchell",165.0,324.0,3.98,85.88588588588588,81.9047619047619,85.89,77.48,48.35,97.3,9.91,31.53,0.0,0.0,10.81,32.13,0.0,8.41,5.11,13.51,16.52,42.94,UMass Minutemen
"Carl Pierre, Javohn Garcia, Noah Fernandes, Ronnie DeGray III, Tre Mitchell",210.0,415.5,3.86,97.59615384615384,93.73493975903614,97.6,93.51,52.16,98.8,12.02,33.65,0.0,0.0,13.46,31.73,0.0,8.89,3.61,14.66,21.88,45.19,UMass Minutemen
"Carl Pierre, Javohn Garcia, Mark Gasperini, Ronnie DeGray III, T.J. Weeks Jr.",80.0,153.0,-1.31,91.50326797385621,92.81045751633987,91.5,92.81,45.1,94.12,10.46,33.33,0.0,0.0,11.11,34.64,0.0,5.88,9.15,16.99,21.57,45.75,UMass Minutemen
"Evan Clayborne, Jamon Battle, LJ Thorpe, Tajion Jones, Trent Stephney",84.8,166.5,15.47,104.29447852760735,88.8235294117647,104.29,92.64,50.92,94.48,15.34,39.26,0.0,0.0,14.72,33.13,0.0,12.88,5.52,20.25,24.54,47.85,UNC Asheville Bulldogs
"Evan Clayborne, Jamon Battle, LJ Thorpe, Lavar Batts Jr., Tajion Jones",200.0,398.5,6.1,98.50746268656717,92.40506329113924,98.51,90.8,52.49,95.02,9.7,24.63,0.0,0.0,11.19,29.85,0.0,8.96,5.72,16.17,22.89,41.04,UNC Asheville Bulldogs
"Coty Jude, Evan Clayborne, Jamon Battle, Tajion Jones, Trent Stephney",85.0,155.0,1.04,90.84967320261438,89.80891719745223,90.85,92.16,47.71,101.31,12.42,26.14,0.0,0.0,15.69,24.84,0.0,13.07,2.61,14.38,24.84,40.53,UNC Asheville Bulldogs
"Coty Jude, DeVon Baker, Evan Clayborne, Tajion Jones, Trent Stephney",40.0,84.0,-0.11,97.5609756097561,97.67441860465115,97.56,102.44,47.56,81.71,13.41,20.73,0.0,0.0,4.88,30.49,0.0,2.44,6.1,23.17,26.83,35.37,UNC Asheville Bulldogs
"Coty Jude, Evan Clayborne, LJ Thorpe, Lavar Batts Jr., Tajion Jones",120.0,232.5,-2.53,87.55364806866953,90.08620689655173,87.55,89.7,44.64,98.28,10.3,36.91,0.0,0.0,13.3,33.05,0.0,7.73,4.72,15.02,18.88,46.35,UNC Asheville Bulldogs
"Coty Jude, Evan Clayborne, LJ Thorpe, Tajion Jones, Trent Stephney",40.0,68.5,-3.05,80.28169014084507,83.33333333333334,80.28,77.46,43.66,83.1,8.45,26.76,0.0,0.0,14.08,35.21,0.0,2.82,12.68,30.99,28.17,49.29,UNC Asheville Bulldogs
"Coty Jude, DeVon Baker, LJ Thorpe, Tajion Jones, Trent Stephney",40.0,71.5,-29.16,82.43243243243244,111.59420289855073,82.43,104.05,41.89,85.14,5.41,28.38,0.0,0.0,9.46,20.27,0.0,13.51,1.35,24.32,14.86,29.73,UNC Asheville Bulldogs
"Angelo Allegri, Isaiah Miller, Kaleb Hunter, Keyshaun Langley, Mohammed Abdulsalam",805.0,1525.0,11.44,98.34983498349835,86.9055374592834,98.35,88.05,50.5,104.69,10.43,32.74,0.0,0.0,17.29,34.46,0.0,9.97,4.42,12.61,21.85,51.75,UNC Greensboro Spartans
"Jake Boggs, Jamahri Harvey, Joe Pridgen, Mike Okauru, Ty Gadsden",240.0,457.0,-5.06,95.15418502202643,100.21739130434784,95.15,101.54,51.32,101.54,9.03,28.19,0.0,0.0,13.0,28.19,0.0,7.27,4.41,11.45,23.13,41.19,UNC Wilmington Seahawks
"Jake Boggs, Jaylen Sims, Joe Pridgen, Mike Okauru, Ty Gadsden",80.0,162.5,-10.42,85.11904761904762,95.54140127388536,85.12,89.29,51.79,102.38,7.74,26.19,0.0,0.0,13.1,22.62,0.0,3.57,2.98,10.71,23.21,35.72,UNC Wilmington Seahawks
"Bryce Hamilton, Caleb Grill, Cheikh Mbacke Diong, David Jenkins Jr., Edoardo Del Cadia",159.8,296.0,11.18,96.56357388316151,85.38205980066445,96.56,88.32,50.17,99.31,9.97,31.96,0.0,0.0,17.18,38.14,0.0,9.97,3.44,17.87,28.18,55.32,UNLV Rebels
"Bryce Hamilton, Caleb Grill, Cheikh Mbacke Diong, Devin Tillis, Nick Blake",120.0,212.0,8.9,98.10426540284361,89.2018779342723,98.1,90.05,51.18,108.53,7.11,27.01,0.0,0.0,26.54,42.65,0.0,8.53,4.27,18.01,23.22,69.19,UNLV Rebels
"Bryce Hamilton, Caleb Grill, Cheikh Mbacke Diong, Moses Wood, Nick Blake",160.0,261.0,4.94,100.7751937984496,95.83333333333334,100.78,98.06,50.78,97.67,12.02,31.01,0.0,0.0,17.05,35.27,0.0,7.75,4.26,19.38,25.97,52.32,UNLV Rebels
"Bryce Hamilton, Caleb Grill, Cheikh Mbacke Diong, David Jenkins Jr., Devin Tillis",200.0,364.0,-0.24,92.73743016759776,92.97297297297298,92.74,96.09,47.49,93.58,9.78,26.82,0.0,0.0,12.29,34.08,0.0,8.1,4.75,18.72,24.3,46.37,UNLV Rebels
"Bryce Hamilton, Caleb Grill, Cheikh Mbacke Diong, David Jenkins Jr., Moses Wood",80.0,153.5,-3.33,86.9281045751634,90.25974025974025,86.93,90.85,41.83,94.12,15.03,37.91,0.0,0.0,13.73,33.33,0.0,12.42,4.58,19.61,21.57,47.06,UNLV Rebels
"Caleb Grill, Cheikh Mbacke Diong, David Jenkins Jr., Moses Wood, Nick Blake",80.0,147.0,-21.54,83.68794326241135,105.22875816993465,83.69,114.18,41.84,94.33,12.06,38.3,0.0,0.0,12.77,34.04,0.0,7.09,2.13,18.44,28.37,46.81,UNLV Rebels
"Chevez Goodwin, Ethan Anderson, Evan Mobley, Isaiah White, Tahj Eaddy",40.0,67.5,16.47,104.34782608695652,87.87878787878788,104.35,84.06,50.72,98.55,14.49,30.43,0.0,0.0,21.74,36.23,0.0,5.8,1.45,23.19,15.94,57.97,USC Trojans
"Drew Peterson, Evan Mobley, Isaiah Mobley, Isaiah White, Tahj Eaddy",689.9,1321.5,8.33,94.78778853313477,86.46153846153845,94.79,83.69,52.42,99.48,8.27,23.01,0.0,0.0,15.26,34.7,0.0,6.18,6.85,15.79,20.1,49.96,USC Trojans
"Drew Peterson, Evan Mobley, Isaiah Mobley, Max Agbonkpolo, Tahj Eaddy",40.0,65.5,-2.92,95.52238805970148,98.4375,95.52,94.03,52.24,108.96,5.97,23.88,0.0,0.0,23.88,32.84,0.0,7.46,7.46,14.93,20.9,56.72,USC Trojans
"Ethan Anderson, Evan Mobley, Isaiah Mobley, Isaiah White, Tahj Eaddy",80.0,150.5,-22.85,79.87012987012987,102.72108843537416,79.87,98.05,46.1,102.6,4.55,18.83,0.0,0.0,18.83,27.92,0.0,9.74,3.25,16.23,18.83,46.75,USC Trojans
"David Azore, Davis Steelman, Lazaro Rojas, Patrick Mwamba, Shahada Wells",40.0,64.0,12.5,100.0,87.5,100.0,87.5,50.0,112.5,12.5,29.69,0.0,0.0,25.0,43.75,0.0,7.81,7.81,12.5,20.31,68.75,UT Arlington Mavericks
"Jordan Phillips, Kaodirichi Akobundu-Ehiogu, Patrick Mwamba, Sam Griffin, Shahada Wells",205.0,360.5,4.29,91.34078212290503,87.05234159779614,91.34,88.27,45.81,103.35,11.73,32.96,0.0,0.0,19.83,35.75,0.0,10.61,8.38,16.48,20.11,55.58,UT Arlington Mavericks
"David Azore, Kaodirichi Akobundu-Ehiogu, Nicolas Elame, Patrick Mwamba, Shahada Wells",80.0,152.0,1.27,97.35099337748345,96.07843137254902,97.35,97.35,52.98,110.6,9.93,30.46,0.0,0.0,18.54,26.49,0.0,11.92,6.62,7.95,22.52,45.03,UT Arlington Mavericks
"Davis Steelman, Fredelin De La Cruz, Patrick Mwamba, Sam Griffin, Shahada Wells",240.0,472.0,-6.48,86.63883089770354,93.11827956989247,86.64,90.4,46.35,100.84,11.69,33.82,0.0,0.0,16.91,32.36,0.0,8.98,6.26,16.08,21.5,49.27,UT Arlington Mavericks
"David Azore, Fredelin De La Cruz, Jordan Phillips, Nicolas Elame, Shahada Wells",40.0,91.5,-8.67,102.19780219780219,110.86956521739131,102.2,112.09,56.04,96.7,10.99,26.37,0.0,0.0,9.89,14.29,0.0,15.38,0.0,13.19,24.18,24.18,UT Arlington Mavericks
"Kaodirichi Akobundu-Ehiogu, Nicolas Elame, Patrick Mwamba, Sam Griffin, Shahada Wells",40.0,69.5,-8.84,81.15942028985508,90.0,81.16,91.3,42.03,98.55,8.7,36.23,0.0,0.0,21.74,34.78,0.0,7.25,11.59,23.19,21.74,56.52,UT Arlington Mavericks
"Cameron Holden, Eman Sertovic, Hannes Polla, Jaron Williams, Jonte Coleman",40.0,77.0,4.12,93.58974358974359,89.47368421052632,93.59,87.18,53.85,94.87,5.13,19.23,0.0,0.0,14.1,25.64,0.0,8.97,0.0,19.23,17.95,39.74,UT Martin Skyhawks
"Ajani Kennedy, Cameron Holden, Eden Holt, Jaron Williams, Kenton Eskridge",40.0,75.0,2.67,92.0,89.33333333333333,92.0,89.33,49.33,98.67,9.33,22.67,0.0,0.0,10.67,33.33,0.0,8.0,2.67,12.0,22.67,44.0,UT Martin Skyhawks
"Ajani Kennedy, Anthony Thomas, Eman Sertovic, Jaron Williams, Kenton Eskridge",120.0,207.5,1.73,87.37864077669903,85.64593301435407,87.38,86.89,43.69,100.97,10.68,32.04,0.0,0.0,17.96,31.55,0.0,11.65,1.94,16.99,22.82,49.51,UT Martin Skyhawks
"Cameron Holden, Eden Holt, Hannes Polla, Jonte Coleman, Kenton Eskridge",40.0,79.5,-9.02,89.74358974358975,98.76543209876543,89.74,102.56,46.15,106.41,10.26,26.92,0.0,0.0,16.67,30.77,0.0,6.41,1.28,10.26,20.51,47.44,UT Martin Skyhawks
"Ajani Kennedy, Eman Sertovic, Hannes Polla, Jaron Williams, Kenton Eskridge",280.0,528.0,-11.36,84.40545808966861,95.76427255985267,84.41,101.36,43.47,94.54,10.14,30.6,0.0,0.0,13.06,28.27,0.0,9.16,2.92,18.52,26.32,41.33,UT Martin Skyhawks
"Cameron Holden, Eden Holt, Hannes Polla, Jaron Williams, Kenton Eskridge",80.0,159.0,-13.17,85.62091503267973,98.7878787878788,85.62,106.54,45.75,95.42,9.15,24.18,0.0,0.0,17.65,30.72,0.0,10.46,1.31,22.22,26.8,48.37,UT Martin Skyhawks
"Ajani Kennedy, Cameron Holden, Jaron Williams, Jonte Coleman, Kenton Eskridge",40.0,76.5,-29.2,72.15189873417721,101.35135135135135,72.15,94.94,44.3,93.67,5.06,25.32,0.0,0.0,16.46,22.78,0.0,12.66,2.53,22.78,17.72,39.24,UT Martin Skyhawks
"Ajani Kennedy, Cameron Holden, Eman Sertovic, Jaron Williams, Kenton Eskridge",120.0,236.5,-32.62,78.72340425531915,111.34453781512606,78.72,112.77,42.55,92.77,8.09,25.11,0.0,0.0,16.17,24.26,0.0,7.66,5.96,23.4,24.26,40.43,UT Martin Skyhawks
"Cameron Holden, Hannes Polla, Jaron Williams, Jonte Coleman, Kenton Eskridge",40.0,82.5,-33.49,77.90697674418605,111.39240506329114,77.91,102.33,51.16,97.67,4.65,19.77,0.0,0.0,16.28,20.93,0.0,10.47,2.33,18.6,18.6,37.21,UT Martin Skyhawks
"Connor Raines, Javon Levi, Malik Lawrence-Anderson, Sean Rhea, Uche Dibiamaka",79.9,169.5,23.73,90.0,66.27218934911244,90.0,65.88,47.65,100.0,7.06,28.82,0.0,0.0,17.65,31.18,0.0,15.29,5.29,17.65,24.12,48.83,UT Rio Grande Valley Vaqueros
"Javon Levi, Jeff Otchere, Marek Nelson, Quinton Johnson II, Uche Dibiamaka",160.0,303.5,-9.83,78.52348993288591,88.3495145631068,78.52,91.61,41.95,100.67,8.05,30.2,0.0,0.0,17.79,29.19,0.0,8.72,5.7,17.11,31.54,46.98,UT Rio Grande Valley Vaqueros
"Anthony Bratton, Javon Levi, Jeff Otchere, Nick Mora, Rob McClain Jr.",40.0,74.5,-18.2,76.31578947368422,94.52054794520548,76.32,90.79,42.11,93.42,7.89,34.21,0.0,0.0,19.74,35.53,0.0,6.58,10.53,26.32,25.0,55.27,UT Rio Grande Valley Vaqueros
"Bryson Williams, Jamal Bieniemy, Keonte Kennedy, Souley Boum, Tydus Verhoeven",685.0,1297.5,1.52,90.859798605732,89.34049079754601,90.86,90.24,50.04,100.7,9.14,28.04,0.0,0.0,14.33,32.46,0.0,7.28,3.25,13.63,24.01,46.79,UTEP Miners
"Cedrick Alley Jr., Jhivvan Jackson, Jordan Ivy-Curry, Keaton Wallace, Phoenix Ford",40.0,78.0,30.47,128.0,97.53086419753086,128.0,105.33,60.0,102.67,17.33,29.33,0.0,0.0,14.67,37.33,0.0,5.33,4.0,12.0,22.67,52.0,UTSA Roadrunners
"Cedrick Alley Jr., Jacob Germany, Jhivvan Jackson, Jordan Ivy-Curry, Keaton Wallace",240.0,472.5,16.18,104.51612903225806,88.33333333333333,104.52,91.18,54.84,102.15,9.46,25.38,0.0,0.0,15.05,33.33,0.0,8.82,3.23,12.9,22.8,48.38,UTSA Roadrunners
"Adrian Rodriguez, Eric Parrish, Jacob Germany, Jhivvan Jackson, Keaton Wallace",80.0,156.5,7.09,94.26751592356688,87.17948717948718,94.27,86.62,50.32,103.82,12.74,34.39,0.0,0.0,17.2,35.03,0.0,5.73,5.1,13.38,19.75,52.23,UTSA Roadrunners
"Adrian Rodriguez, Jacob Germany, Jhivvan Jackson, Jordan Ivy-Curry, Keaton Wallace",80.0,158.5,-2.97,88.38709677419355,91.35802469135803,88.39,95.48,49.68,103.87,7.74,25.81,0.0,0.0,15.48,30.97,0.0,6.45,3.23,11.61,23.23,46.45,UTSA Roadrunners
"Eric Parrish, Jacob Germany, Jhivvan Jackson, Jordan Ivy-Curry, Keaton Wallace",40.0,81.5,-4.04,72.15189873417721,76.19047619047619,72.15,81.01,35.44,89.87,7.59,29.11,0.0,0.0,13.92,44.3,0.0,3.8,7.59,24.05,25.32,58.22,UTSA Roadrunners
"Cedrick Alley Jr., Eric Parrish, Jacob Germany, Jhivvan Jackson, Keaton Wallace",40.0,82.0,-8.28,106.17283950617285,114.45783132530121,106.17,117.28,48.15,93.83,16.05,40.74,0.0,0.0,11.11,32.1,0.0,7.41,0.0,17.28,18.52,43.21,UTSA Roadrunners
"Eric Parrish, Erik Czumbel, Jacob Germany, Jhivvan Jackson, Keaton Wallace",200.0,394.0,-8.51,89.23076923076924,97.73869346733667,89.23,99.74,46.41,99.49,10.26,33.59,0.0,0.0,13.33,29.23,0.0,8.21,2.82,13.85,25.13,42.56,UTSA Roadrunners
"Brock Miller, Justin Bean, Marco Anthony, Neemias Queta, Rollie Worster",640.0,1225.0,21.08,96.26926196269262,75.1848808545604,96.27,74.21,51.01,99.76,9.73,27.74,0.0,0.0,18.0,38.12,0.0,8.6,7.62,18.25,20.11,56.12,Utah State Aggies
"Alphonso Anderson, Justin Bean, Marco Anthony, Neemias Queta, Rollie Worster",80.0,141.0,11.07,90.20979020979021,79.13669064748201,90.21,76.92,46.15,100.7,8.39,24.48,0.0,0.0,15.38,40.56,0.0,9.09,6.99,14.69,20.28,55.94,Utah State Aggies
"Alphonso Anderson, Brock Miller, Justin Bean, Marco Anthony, Neemias Queta",80.0,168.0,7.92,93.10344827586206,85.18518518518519,93.1,79.31,54.6,100.0,8.62,24.71,0.0,0.0,16.09,32.76,0.0,10.34,4.6,16.09,15.52,48.85,Utah State Aggies
"Brock Miller, Justin Bean, Marco Anthony, Neemias Queta, Steven Ashworth",80.0,148.5,-7.53,89.28571428571429,96.81528662420382,89.29,108.57,47.86,97.86,5.0,21.43,0.0,0.0,17.14,33.57,0.0,8.57,4.29,19.29,27.14,50.71,Utah State Aggies
"Cameron Gooden, Dason Youngblood, Frank Staine, Hunter Schofield, Isaiah Pope",120.0,234.0,-2.14,86.32478632478633,88.46153846153845,86.32,88.46,46.15,90.17,10.68,29.49,0.0,0.0,11.54,32.48,0.0,8.12,4.27,21.37,27.35,44.02,Utah Tech Trailblazers
"Cameron Gooden, Frank Staine, Isaiah Pope, Jacob Nicolds, Jarod Greene",39.9,83.0,-5.75,77.77777777777779,83.52941176470588,77.78,87.65,43.21,93.83,6.17,30.86,0.0,0.0,16.05,33.33,0.0,8.64,0.0,22.22,32.1,49.38,Utah Tech Trailblazers
"Brock Gilbert, Cameron Gooden, Frank Staine, Hunter Schofield, Jacob Nicolds",80.0,172.0,-6.14,87.57396449704143,93.71428571428572,87.57,97.04,54.44,98.22,6.51,24.26,0.0,0.0,15.38,26.63,0.0,6.51,1.18,17.16,25.44,42.01,Utah Tech Trailblazers
"Cameron Gooden, Dason Youngblood, Frank Staine, Hunter Schofield, Jarod Greene",200.0,420.5,-11.31,79.62085308056872,90.9307875894988,79.62,90.28,46.21,95.5,6.4,21.8,0.0,0.0,12.56,30.81,0.0,10.66,3.08,17.06,23.46,43.37,Utah Tech Trailblazers
"Andre Mulibea, Cameron Gooden, Frank Staine, Jacob Nicolds, Jarod Greene",80.0,167.5,-19.99,74.09638554216868,94.0828402366864,74.1,95.78,40.96,87.35,5.42,21.08,0.0,0.0,11.45,30.72,0.0,7.23,2.41,24.1,23.49,42.17,Utah Tech Trailblazers
"Cameron Gooden, Dason Youngblood, Frank Staine, Jacob Nicolds, Jarod Greene",40.0,78.5,-39.47,60.526315789473685,100.0,60.53,106.58,36.84,84.21,2.63,15.79,0.0,0.0,7.89,28.95,0.0,7.89,2.63,23.68,34.21,36.84,Utah Tech Trailblazers
"Branden Carlson, Mikael Jantunen, Pelle Larsson, Rylan Jones, Timmy Allen",160.0,291.0,9.29,102.73972602739727,93.44827586206897,102.74,92.81,54.11,92.81,10.27,22.95,0.0,0.0,11.3,34.25,0.0,6.51,3.08,18.49,22.95,45.55,Utah Utes
"Alfonso Plummer, Branden Carlson, Mikael Jantunen, Pelle Larsson, Timmy Allen",250.0,487.5,6.42,100.60851926977688,94.1908713692946,100.61,92.09,54.97,91.08,10.55,23.53,0.0,0.0,6.69,29.61,0.0,4.87,5.07,15.62,20.69,36.3,Utah Utes
"Mikael Jantunen, Pelle Larsson, Riley Battin, Rylan Jones, Timmy Allen",160.0,314.0,-0.79,87.5,88.29113924050634,87.5,89.42,48.72,90.06,6.41,24.36,0.0,0.0,8.65,34.62,0.0,5.45,5.77,18.59,26.28,43.27,Utah Utes
"Alfonso Plummer, Branden Carlson, Mikael Jantunen, Rylan Jones, Timmy Allen",120.0,214.0,-4.41,88.47926267281106,92.89099526066352,88.48,90.32,47.0,101.84,8.76,30.41,0.0,0.0,15.67,30.88,0.0,7.83,2.76,13.82,23.04,46.55,Utah Utes
"Alfonso Plummer, Branden Carlson, Pelle Larsson, Riley Battin, Timmy Allen",160.0,285.5,-18.51,84.01360544217688,102.52707581227436,84.01,96.6,44.9,89.12,7.82,27.21,0.0,0.0,9.18,29.59,0.0,6.12,4.76,20.07,19.05,38.77,Utah Utes
"Blaze Nield, Evan Cole, Fardaws Aimaq, JJ Overton, Trey Woodbury",505.0,1004.0,-1.78,87.80971258671953,89.5895895895896,87.81,88.7,50.84,97.03,6.74,18.33,0.0,0.0,15.56,35.48,0.0,6.54,6.14,18.53,24.08,51.04,Utah Valley Wolverines
"Adrian Baldwin Jr., Bones Hyland, Corey Douglas Jr., Hason Ward, Vince Williams Jr.",40.0,79.5,8.5,89.02439024390245,80.51948051948052,89.02,75.61,54.88,95.12,4.88,18.29,0.0,0.0,15.85,29.27,0.0,10.98,2.44,20.73,20.73,45.12,VCU Rams
"Adrian Baldwin Jr., Bones Hyland, Corey Douglas Jr., Levi Stockard III, Vince Williams Jr.",239.4,483.5,6.24,86.9022869022869,80.65843621399176,86.9,81.5,47.82,95.01,8.32,23.7,0.0,0.0,15.59,30.56,0.0,12.68,8.94,20.58,24.95,46.15,VCU Rams
"Adrian Baldwin Jr., Bones Hyland, Hason Ward, Levi Stockard III, Vince Williams Jr.",325.0,605.0,4.83,91.58415841584159,86.75496688741721,91.58,86.47,50.83,95.87,8.25,25.08,0.0,0.0,13.37,33.17,0.0,9.57,6.11,17.49,23.1,46.54,VCU Rams
"Adrian Baldwin Jr., Hason Ward, Jamir Watkins, Levi Stockard III, Vince Williams Jr.",80.0,142.0,-8.01,85.51724137931035,93.5251798561151,85.52,89.66,48.28,99.31,7.59,26.9,0.0,0.0,14.48,31.03,0.0,8.28,6.21,15.17,22.76,45.51,VCU Rams
"Greg Parham II, Jake Stephens, Kamdyn Curfman, Myles Lewis, Sean Conway",369.9,720.5,1.3,97.2451790633609,95.94405594405593,97.25,94.49,49.31,96.14,12.95,35.95,0.0,0.0,10.33,40.36,0.0,5.51,4.68,14.19,17.63,50.69,VMI Keydets
"Greg Parham II, Jake Stephens, Kamdyn Curfman, Sean Conway, Trey Bonham",280.0,554.5,-2.19,99.64476021314387,101.83150183150182,99.64,98.76,52.4,96.45,13.32,33.39,0.0,0.0,10.12,34.28,0.0,6.22,3.2,13.68,17.58,44.4,VMI Keydets
"Ben Krikke, Daniel Sackey, Eron Gordon, Mileek McMillan, Sheldon Edwards",80.0,140.0,2.14,92.85714285714286,90.71428571428571,92.86,90.71,47.14,83.57,10.71,31.43,0.0,0.0,4.29,34.29,0.0,7.14,2.86,20.71,17.86,38.58,Valparaiso Beacons
"Ben Krikke, Donovan Clay, Eron Gordon, Mileek McMillan, Sheldon Edwards",240.0,403.5,-0.25,88.10126582278481,88.3495145631068,88.1,92.15,44.05,98.99,9.62,32.66,0.0,0.0,15.44,40.25,0.0,7.59,4.56,16.46,22.78,55.69,Valparaiso Beacons
"Ben Krikke, Daniel Sackey, Donovan Clay, Eron Gordon, Sheldon Edwards",80.0,155.5,-7.18,79.74683544303798,86.9281045751634,79.75,84.18,46.2,91.77,6.96,22.15,0.0,0.0,8.86,37.97,0.0,10.13,6.96,17.09,15.82,46.83,Valparaiso Beacons
"Ben Krikke, Connor Barrett, Daniel Sackey, Donovan Clay, Eron Gordon",370.0,669.0,-11.55,86.79525222551929,98.3433734939759,86.8,96.88,45.7,98.52,10.24,32.2,0.0,0.0,12.61,31.45,0.0,7.27,4.45,14.09,19.29,44.06,Valparaiso Beacons
"Clevon Brown, Ejike Obinna, Isaiah Rice, Jordan Wright, Maxwell Evans",40.0,72.0,12.55,107.14285714285714,94.5945945945946,107.14,100.0,54.29,95.71,15.71,32.86,0.0,0.0,12.86,34.29,0.0,7.14,5.71,17.14,24.29,47.15,Vanderbilt Commodores
"Clevon Brown, Dylan Disu, Jordan Wright, Maxwell Evans, Scotty Pippen Jr.",120.0,239.0,5.34,91.17647058823529,85.83333333333333,91.18,86.55,49.16,99.58,10.5,31.51,0.0,0.0,17.65,31.93,0.0,12.18,4.62,18.07,21.85,49.58,Vanderbilt Commodores
"D.J. Harvey, Dylan Disu, Maxwell Evans, Myles Stute, Scotty Pippen Jr.",40.0,77.5,4.94,100.0,95.06172839506173,100.0,104.05,50.0,105.41,13.51,36.49,0.0,0.0,17.57,40.54,0.0,1.35,2.7,12.16,35.14,58.11,Vanderbilt Commodores
"Clevon Brown, D.J. Harvey, Jordan Wright, Maxwell Evans, Scotty Pippen Jr.",80.0,150.5,1.47,93.42105263157895,91.94630872483222,93.42,90.13,50.66,97.37,13.82,42.76,0.0,0.0,11.84,30.92,0.0,7.89,5.92,14.47,21.05,42.76,Vanderbilt Commodores
"Dylan Disu, Ejike Obinna, Jordan Wright, Maxwell Evans, Scotty Pippen Jr.",80.0,163.5,1.43,97.02380952380952,95.59748427672956,97.02,90.48,52.98,96.43,13.1,33.33,0.0,0.0,13.1,23.81,0.0,14.29,4.76,16.67,19.64,36.91,Vanderbilt Commodores
"D.J. Harvey, Dylan Disu, Maxwell Evans, Quentin Millora-Brown, Scotty Pippen Jr.",40.0,81.0,-1.19,101.25,102.4390243902439,101.25,105.0,51.25,101.25,18.75,41.25,0.0,0.0,13.75,26.25,0.0,5.0,2.5,12.5,23.75,40.0,Vanderbilt Commodores
"Braelee Albert, Dylan Disu, Jordan Wright, Maxwell Evans, Scotty Pippen Jr.",40.0,87.5,-3.53,89.65517241379311,93.18181818181817,89.66,94.25,49.43,93.1,11.49,26.44,0.0,0.0,10.34,31.03,0.0,5.75,1.15,17.24,26.44,41.37,Vanderbilt Commodores
"Braelee Albert, Issac McBride, Jordan Wright, Maxwell Evans, Quentin Millora-Brown",40.0,74.0,-6.89,82.85714285714286,89.74358974358975,82.86,100.0,34.29,85.71,18.57,47.14,0.0,0.0,12.86,28.57,0.0,4.29,0.0,27.14,30.0,41.43,Vanderbilt Commodores
"Dylan Disu, Ejike Obinna, Jordan Wright, Scotty Pippen Jr., Trey Thomas",40.0,75.5,-10.58,93.42105263157895,104.0,93.42,102.63,50.0,100.0,10.53,28.95,0.0,0.0,22.37,26.32,0.0,9.21,2.63,22.37,22.37,48.69,Vanderbilt Commodores
"Clevon Brown, Jordan Wright, Maxwell Evans, Quentin Millora-Brown, Scotty Pippen Jr.",40.0,68.5,-13.51,67.64705882352942,81.15942028985508,67.65,82.35,36.76,82.35,8.82,32.35,0.0,0.0,5.88,29.41,0.0,11.76,1.47,23.53,23.53,35.29,Vanderbilt Commodores
"Clevon Brown, D.J. Harvey, Dylan Disu, Maxwell Evans, Scotty Pippen Jr.",40.0,83.0,-15.89,77.21518987341773,93.10344827586206,77.22,102.53,45.57,91.14,6.33,29.11,0.0,0.0,11.39,27.85,0.0,2.53,0.0,20.25,34.18,39.24,Vanderbilt Commodores
"Braelee Albert, Clevon Brown, Isaiah Rice, Jordan Wright, Maxwell Evans",40.0,84.5,-18.81,80.0,98.80952380952381,80.0,97.65,42.35,96.47,9.41,31.76,0.0,0.0,5.88,28.24,0.0,11.76,2.35,9.41,18.82,34.12,Vanderbilt Commodores
"D.J. Harvey, Dylan Disu, Myles Stute, Scotty Pippen Jr., Trey Thomas",40.0,85.0,-20.1,85.71428571428571,105.8139534883721,85.71,108.33,47.62,92.86,9.52,26.19,0.0,0.0,11.9,21.43,0.0,7.14,4.76,19.05,23.81,33.33,Vanderbilt Commodores
"Clevon Brown, D.J. Harvey, Jordan Wright, Myles Stute, Scotty Pippen Jr.",40.0,81.5,-29.46,85.54216867469879,114.99999999999999,85.54,110.84,46.99,92.77,7.23,26.51,0.0,0.0,12.05,25.3,0.0,10.84,2.41,19.28,18.07,37.35,Vanderbilt Commodores
"Bailey Patella, Ben Shungu, Isaiah Powell, Robin Duncan, Ryan Davis",40.0,79.5,27.08,106.02409638554218,78.94736842105263,106.02,72.29,59.04,87.95,12.05,24.1,0.0,0.0,14.46,31.33,0.0,13.25,3.61,26.51,24.1,45.79,Vermont Catamounts
"Ben Shungu, Isaiah Powell, Justin Mazzulla, Ryan Davis, Stef Smith",490.0,889.5,12.52,98.54260089686099,86.02029312288614,98.54,85.54,52.69,97.42,10.76,30.72,0.0,0.0,12.67,37.22,0.0,6.39,4.04,15.25,23.43,49.89,Vermont Catamounts
"Ben Shungu, Isaiah Powell, Justin Mazzulla, Robin Duncan, Stef Smith",80.0,163.5,-3.65,75.59523809523809,79.24528301886792,75.6,75.0,45.83,92.86,5.95,25.6,0.0,0.0,8.93,28.57,0.0,4.17,0.6,16.07,23.21,37.5,Vermont Catamounts
"Caleb Daniels, Collin Gillespie, Jeremiah Robinson-Earl, Jermaine Samuels, Justin Moore",520.0,961.5,10.18,101.43737166324436,91.25395152792413,101.44,88.91,53.59,101.85,12.94,36.14,0.0,0.0,14.37,32.34,0.0,8.01,1.44,12.53,19.51,46.71,Villanova Wildcats
"Brandon Slater, Caleb Daniels, Chris Arcidiacono, Jeremiah Robinson-Earl, Jermaine Samuels",40.0,75.0,1.21,95.94594594594594,94.73684210526315,95.95,97.3,51.35,104.05,12.16,40.54,0.0,0.0,12.16,28.38,0.0,5.41,0.0,8.11,28.38,40.54,Villanova Wildcats
"Brandon Slater, Cole Swider, Collin Gillespie, Jeremiah Robinson-Earl, Justin Moore",40.0,73.0,-2.89,101.33333333333334,104.22535211267605,101.33,98.67,54.67,100.0,12.0,29.33,0.0,0.0,12.0,28.0,0.0,6.67,0.0,12.0,24.0,40.0,Villanova Wildcats
"Caleb Daniels, Cole Swider, Jeremiah Robinson-Earl, Jermaine Samuels, Justin Moore",40.0,70.5,-10.33,70.27027027027027,80.59701492537313,70.27,72.97,41.89,101.35,5.41,24.32,0.0,0.0,12.16,37.84,0.0,8.11,4.05,10.81,16.22,50.0,Villanova Wildcats
"Casey Morsell, Jay Huff, Kihei Clark, Sam Hauser, Trey Murphy III",40.0,67.0,21.7,103.125,81.42857142857143,103.12,89.06,48.44,103.12,12.5,40.62,0.0,0.0,10.94,43.75,0.0,4.69,4.69,7.81,23.44,54.69,Virginia Cavaliers
"Jay Huff, Kihei Clark, Sam Hauser, Tomas Woldetensae, Trey Murphy III",40.0,65.0,16.92,95.38461538461539,78.46153846153847,95.38,78.46,47.69,101.54,12.31,33.85,0.0,0.0,13.85,41.54,0.0,13.85,6.15,12.31,12.31,55.39,Virginia Cavaliers
"Jay Huff, Kihei Clark, Reece Beekman, Sam Hauser, Trey Murphy III",640.0,1064.0,12.2,102.29007633587786,90.0925925925926,102.29,92.84,51.15,94.75,13.26,33.87,0.0,0.0,9.54,37.98,0.0,6.97,6.58,14.79,19.56,47.52,Virginia Cavaliers
"Jalen Cone, Justyn Mutts, Keve Aluma, Nahiem Alleyne, Wabissa Bede",165.0,294.5,6.0,92.70833333333334,86.71096345514951,92.71,90.62,47.92,96.53,11.46,33.33,0.0,0.0,10.42,39.24,0.0,6.6,7.29,13.89,21.18,49.66,Virginia Tech Hokies
"Justyn Mutts, Keve Aluma, Nahiem Alleyne, Tyrece Radford, Wabissa Bede",400.0,762.5,2.21,91.26466753585397,89.05013192612137,91.26,88.01,49.54,96.87,9.65,27.25,0.0,0.0,12.13,31.55,0.0,7.04,5.22,15.25,21.25,43.68,Virginia Tech Hokies
"Alex Morales, DeLonnie Hunt, Ja'Mier Fletcher, Nigel Jackson, Will Martinez",40.0,71.0,11.76,111.76470588235294,100.0,111.76,108.82,51.47,100.0,13.24,27.94,0.0,0.0,11.76,29.41,0.0,13.24,1.47,11.76,23.53,41.17,Wagner Seahawks
"Alex Morales, DeLonnie Hunt, Elijah Allen, Elijah Ford, Ja'Mier Fletcher",400.0,746.5,11.08,98.90260631001372,87.82722513089006,98.9,92.04,51.99,101.23,8.64,25.1,0.0,0.0,18.38,32.92,0.0,9.33,3.43,17.15,26.47,51.3,Wagner Seahawks
"Alex Morales, DeLonnie Hunt, Elijah Allen, Ja'Mier Fletcher, Nigel Jackson",125.0,244.0,10.57,92.43027888446214,81.85654008438819,92.43,77.29,52.19,102.79,7.57,22.71,0.0,0.0,18.33,32.67,0.0,6.77,3.98,15.54,24.7,51.0,Wagner Seahawks
"Alex Morales, DeLonnie Hunt, Elijah Ford, Ja'Mier Fletcher, Will Martinez",120.0,218.0,2.75,90.82568807339449,88.07339449541286,90.83,88.07,53.67,105.96,5.5,22.02,0.0,0.0,21.56,29.36,0.0,15.14,2.75,15.6,23.39,50.92,Wagner Seahawks
"Alex Morales, DeLonnie Hunt, Elijah Allen, Justin Brown, Nigel Jackson",40.0,82.0,-7.04,83.54430379746836,90.58823529411765,83.54,97.47,46.84,94.94,7.59,26.58,0.0,0.0,17.72,21.52,0.0,12.66,1.27,22.78,36.71,39.24,Wagner Seahawks
"Carter Whitt, Daivien Williamson, Emmanuel Okpomo, Isaiah Mucius, Jalen Johnson",40.0,78.0,7.33,89.6103896103896,82.27848101265823,89.61,84.42,48.05,101.3,9.09,33.77,0.0,0.0,18.18,51.95,0.0,3.9,5.19,16.88,22.08,70.13,Wake Forest Demon Deacons
"Daivien Williamson, Isaiah Mucius, Ismael Massoud, Jonah Antonio, Ody Oguama",200.0,372.5,-2.73,90.95890410958904,93.6842105263158,90.96,97.53,43.84,95.34,15.89,38.9,0.0,0.0,15.07,33.42,0.0,7.67,4.66,19.73,22.19,48.49,Wake Forest Demon Deacons
"Daivien Williamson, Isaiah Mucius, Jahcobi Neath, Jonah Antonio, Ody Oguama",80.0,151.5,-8.82,83.33333333333334,92.15686274509804,83.33,94.0,45.33,100.0,9.33,34.67,0.0,0.0,16.0,28.67,0.0,9.33,0.67,16.0,25.33,44.67,Wake Forest Demon Deacons
"Carter Whitt, Isaiah Mucius, Isaiah Wilkins, Jonah Antonio, Ody Oguama",40.0,64.5,-15.53,93.84615384615384,109.375,93.85,107.69,43.08,86.15,15.38,29.23,0.0,0.0,6.15,33.85,0.0,6.15,1.54,20.0,18.46,40.0,Wake Forest Demon Deacons
"Carter Whitt, Daivien Williamson, Ian DuBose, Isaiah Mucius, Ody Oguama",284.5,519.5,-17.02,85.27131782945736,102.29445506692161,85.27,103.68,44.38,95.35,11.82,34.11,0.0,0.0,11.63,28.1,0.0,6.2,2.71,16.28,23.45,39.73,Wake Forest Demon Deacons
"Carter Whitt, Daivien Williamson, Isaiah Mucius, Jonah Antonio, Ody Oguama",40.0,72.0,-26.37,86.48648648648648,112.85714285714286,86.49,106.76,51.35,90.54,8.11,27.03,0.0,0.0,10.81,22.97,0.0,9.46,2.7,20.27,21.62,33.78,Wake Forest Demon Deacons
"Daivien Williamson, Isaiah Mucius, Jahcobi Neath, Jalen Johnson, Ody Oguama",35.8,66.0,-27.27,69.6969696969697,96.96969696969697,69.7,96.97,36.36,81.82,4.55,25.76,0.0,0.0,9.09,33.33,0.0,12.12,0.0,27.27,13.64,42.42,Wake Forest Demon Deacons
"Daivien Williamson, Ian DuBose, Isaiah Mucius, Jonah Antonio, Ody Oguama",40.0,76.0,-49.59,59.74025974025974,109.33333333333333,59.74,106.49,27.27,88.31,12.99,41.56,0.0,0.0,11.69,32.47,0.0,2.6,3.9,23.38,18.18,44.16,Wake Forest Demon Deacons
"Hameir Wright, Jamal Bey, Nate Roberts, Quade Green, Travis Rice",40.0,75.0,16.68,83.78378378378379,67.10526315789474,83.78,68.92,44.59,87.84,10.81,31.08,0.0,0.0,6.76,45.95,0.0,2.7,9.46,18.92,29.73,52.71,Washington Huskies
"Hameir Wright, Jamal Bey, Marcus Tsohonis, Nate Roberts, Quade Green",40.0,82.0,-5.24,90.0,95.23809523809523,90.0,100.0,42.5,96.25,13.75,33.75,0.0,0.0,13.75,32.5,0.0,6.25,3.75,17.5,25.0,46.25,Washington Huskies
"Erik Stevenson, Hameir Wright, Jamal Bey, Nate Roberts, Quade Green",600.0,1175.0,-7.57,91.42857142857143,98.99581589958159,91.43,102.42,47.01,94.11,11.17,30.74,0.0,0.0,12.03,29.35,0.0,7.71,4.59,17.92,24.16,41.38,Washington Huskies
"Erik Stevenson, Hameir Wright, Jamal Bey, Marcus Tsohonis, Nate Roberts",120.0,256.0,-16.28,80.63241106719367,96.91119691119691,80.63,99.21,42.69,98.81,8.7,31.23,0.0,0.0,14.23,26.48,0.0,9.09,2.37,15.42,19.76,40.71,Washington Huskies
"Erik Stevenson, J'Raan Brooks, Jamal Bey, Nate Roberts, Quade Green",40.0,80.0,-22.47,89.87341772151899,112.34567901234568,89.87,115.19,54.43,92.41,6.33,25.32,0.0,0.0,10.13,35.44,0.0,3.8,1.27,17.72,21.52,45.57,Washington Huskies
"Hameir Wright, Nate Pryor, Nate Roberts, Quade Green, RaeQuan Battle",40.0,79.5,-25.12,88.46153846153845,113.58024691358024,88.46,117.95,48.72,101.28,5.13,23.08,0.0,0.0,12.82,24.36,0.0,8.97,3.85,11.54,25.64,37.18,Washington Huskies
"DJ Rodman, Efe Abogidi, Isaac Bonton, Noah Williams, Ryan Rapp",40.0,81.0,7.53,98.78048780487805,91.25,98.78,89.02,53.66,96.34,15.85,26.83,0.0,0.0,15.85,34.15,0.0,4.88,3.66,19.51,25.61,50.0,Washington State Cougars
"Aljaz Kunc, Andrej Jakimovski, Efe Abogidi, Noah Williams, TJ Bamba",180.0,314.0,3.76,91.82389937106919,88.06451612903226,91.82,85.85,48.11,101.89,12.26,33.96,0.0,0.0,20.13,32.7,0.0,9.43,3.46,18.24,20.75,52.83,Washington State Cougars
"Aljaz Kunc, Andrej Jakimovski, Efe Abogidi, Isaac Bonton, Noah Williams",40.0,74.0,1.24,77.63157894736842,76.38888888888889,77.63,72.37,43.42,101.32,9.21,23.68,0.0,0.0,21.05,38.16,0.0,11.84,6.58,19.74,22.37,59.21,Washington State Cougars
"DJ Rodman, Dishon Jackson, Efe Abogidi, Isaac Bonton, Noah Williams",160.0,323.5,-2.83,81.875,84.70948012232415,81.88,86.56,44.69,94.06,8.44,29.38,0.0,0.0,13.75,28.75,0.0,7.19,4.06,19.69,29.38,42.5,Washington State Cougars
"Andrej Jakimovski, Dishon Jackson, Efe Abogidi, Isaac Bonton, Noah Williams",290.0,564.0,-4.51,87.4326750448833,91.94395796847635,87.43,94.25,47.04,95.69,9.34,26.75,0.0,0.0,15.62,32.32,0.0,7.18,3.77,19.93,24.78,47.94,Washington State Cougars
"Andrej Jakimovski, Dishon Jackson, Efe Abogidi, Noah Williams, Ryan Rapp",40.0,69.0,-9.34,87.87878787878788,97.22222222222221,87.88,106.06,43.94,92.42,10.61,30.3,0.0,0.0,15.15,28.79,0.0,7.58,7.58,22.73,31.82,43.94,Washington State Cougars
"DJ Rodman, Dishon Jackson, Efe Abogidi, Noah Williams, Ryan Rapp",40.0,72.0,-10.2,84.0,94.20289855072464,84.0,86.67,49.33,89.33,8.0,28.0,0.0,0.0,14.67,40.0,0.0,2.67,6.67,25.33,24.0,54.67,Washington State Cougars
"Andrej Jakimovski, Efe Abogidi, Isaac Bonton, Noah Williams, Volodymyr Markovetskyy",40.0,70.0,-21.43,80.0,101.42857142857142,80.0,101.43,41.43,92.86,10.0,27.14,0.0,0.0,14.29,24.29,0.0,15.71,2.86,21.43,20.0,38.58,Washington State Cougars
"Cody Carlson, Dillon Jones, Isiah Brown, Michal Kozak, Seikou Sisoho Jawara",79.7,146.0,41.63,115.27777777777777,73.64864864864865,115.28,75.69,55.56,98.61,18.06,40.28,0.0,0.0,11.81,40.28,0.0,9.72,2.78,13.19,16.67,52.09,Weber State Wildcats
"Cody Carlson, Dontay Bassett, Isiah Brown, Seikou Sisoho Jawara, Zahir Porter",319.1,642.5,8.53,99.69278033794163,91.16719242902208,99.69,88.79,56.22,94.16,9.22,23.81,0.0,0.0,8.91,30.72,0.0,7.83,4.45,14.75,21.04,39.63,Weber State Wildcats
"Cody Carlson, Isiah Brown, Michal Kozak, Seikou Sisoho Jawara, Zahir Porter",240.0,481.5,6.29,94.20289855072464,87.91666666666667,94.2,87.37,53.83,95.86,5.59,19.25,0.0,0.0,11.39,32.71,0.0,8.9,2.69,15.53,20.5,44.1,Weber State Wildcats
"Derek Culver, Emmitt Matthews Jr., Jalen Bridges, Jordan McCabe, Sean McNeil",40.0,73.0,24.1,85.52631578947368,61.42857142857143,85.53,56.58,48.68,92.11,7.89,26.32,0.0,0.0,11.84,34.21,0.0,11.84,10.53,19.74,23.68,46.05,West Virginia Mountaineers
"Derek Culver, Jalen Bridges, Jordan McCabe, Miles McBride, Taz Sherman",120.0,242.0,6.66,93.95161290322581,87.28813559322035,93.95,83.06,51.61,94.76,10.89,23.39,0.0,0.0,10.89,31.85,0.0,10.89,3.23,16.13,20.16,42.74,West Virginia Mountaineers
"Derek Culver, Emmitt Matthews Jr., Jalen Bridges, Miles McBride, Sean McNeil",415.0,851.0,-2.61,91.0958904109589,93.7046004842615,91.1,88.36,51.48,101.14,9.82,25.23,0.0,0.0,15.3,28.65,0.0,7.76,2.97,14.16,19.18,43.95,West Virginia Mountaineers
"Emmitt Matthews Jr., Gabe Osabuohien, Jalen Bridges, Miles McBride, Taz Sherman",40.0,87.5,-13.28,87.91208791208791,101.19047619047619,87.91,93.41,54.95,103.3,5.49,26.37,0.0,0.0,16.48,15.38,0.0,17.58,3.3,13.19,19.78,31.86,West Virginia Mountaineers
"Derek Culver, Emmitt Matthews Jr., Miles McBride, Oscar Tshiebwe, Sean McNeil",80.0,148.0,-16.32,86.53846153846155,102.85714285714285,86.54,92.31,49.36,105.77,7.05,23.72,0.0,0.0,21.79,25.64,0.0,7.69,1.92,16.03,15.38,47.43,West Virginia Mountaineers
"Cory Hightower, Marcus Thomas, Mason Faulkner, Matt Halvorsen, Xavier Cork",40.0,73.5,39.46,119.71830985915493,80.26315789473685,119.72,85.92,52.11,85.92,18.31,36.62,0.0,0.0,5.63,39.44,0.0,8.45,5.63,19.72,18.31,45.07,Western Carolina Catamounts
"Cory Hightower, Kameron Gibson, Matt Halvorsen, Tyler Harris, Xavier Cork",45.0,86.0,-7.09,94.04761904761905,101.13636363636364,94.05,105.95,50.0,95.24,11.9,30.95,0.0,0.0,10.71,39.29,0.0,4.76,2.38,15.48,19.05,50.0,Western Carolina Catamounts
"Cory Hightower, Kameron Gibson, Mason Faulkner, Matt Halvorsen, Xavier Cork",40.0,90.5,-12.07,96.62921348314607,108.69565217391303,96.63,112.36,52.81,102.25,11.24,38.2,0.0,0.0,12.36,26.97,0.0,6.74,1.12,10.11,26.97,39.33,Western Carolina Catamounts
"Cory Hightower, Mason Faulkner, Matt Halvorsen, Tyler Harris, Xavier Cork",399.4,787.0,-12.11,86.36942675159236,98.47908745247148,86.37,98.98,47.01,93.89,9.04,29.81,0.0,0.0,11.46,32.48,0.0,6.37,3.18,17.58,22.04,43.94,Western Carolina Catamounts
"Cory Hightower, Kameron Gibson, Matt Halvorsen, Sin'Cere McMahon, Xavier Cork",160.0,313.5,-16.67,87.26708074534162,103.93442622950819,87.27,98.45,46.27,89.44,10.25,27.33,0.0,0.0,8.39,34.78,0.0,5.28,2.48,18.94,18.01,43.17,Western Carolina Catamounts
"Cameron Burrell, Colton Sandage, Ramean Hinton, Tamell Pearson, Will Carius",360.0,787.5,-5.5,88.33124215809285,93.83033419023135,88.33,91.59,51.94,99.5,8.66,25.6,0.0,0.0,16.06,32.12,0.0,6.27,3.14,16.56,23.71,48.18,Western Illinois Leathernecks
"Anthony Jones, Cameron Burrell, Rod Johnson Jr., Tamell Pearson, Will Carius",40.0,73.0,-9.2,81.08108108108108,90.27777777777779,81.08,87.84,47.3,104.05,6.76,27.03,0.0,0.0,12.16,36.49,0.0,1.35,6.76,8.11,21.62,48.65,Western Illinois Leathernecks
"Cameron Burrell, Ramean Hinton, Rod Johnson Jr., Tamell Pearson, Will Carius",40.0,81.0,-9.94,92.5,102.4390243902439,92.5,105.0,48.75,100.0,12.5,28.75,0.0,0.0,12.5,27.5,0.0,5.0,3.75,12.5,31.25,40.0,Western Illinois Leathernecks
"Erik Talton, Justin Brookens, Rod Johnson Jr., Tamell Pearson, Will Carius",80.0,164.5,-18.37,86.41975308641975,104.79041916167664,86.42,108.02,50.0,97.53,4.94,19.75,0.0,0.0,12.96,31.48,0.0,6.79,3.09,15.43,30.86,44.44,Western Illinois Leathernecks
"Anthony Jones, Justin Brookens, Rod Johnson Jr., Tamell Pearson, Will Carius",80.0,145.0,-18.75,81.25,100.0,81.25,101.39,45.83,101.39,6.94,27.08,0.0,0.0,11.11,29.86,0.0,6.94,2.08,9.72,23.61,40.97,Western Illinois Leathernecks
"Carson Williams, Charles Bassey, Dayvion McKnight, Jordan Rawls, Taveion Hollingsworth",120.0,229.0,10.81,96.65271966527197,85.84474885844749,96.65,78.66,53.97,101.67,7.11,22.59,0.0,0.0,20.5,37.66,0.0,9.62,6.28,18.83,13.39,58.16,Western Kentucky Hilltoppers
"Carson Williams, Charles Bassey, Dayvion McKnight, Josh Anderson, Taveion Hollingsworth",444.9,827.5,4.59,92.4970691676436,87.90523690773068,92.5,82.65,51.7,94.14,9.5,24.74,0.0,0.0,13.72,35.99,0.0,7.5,6.33,19.58,16.3,49.71,Western Kentucky Hilltoppers
"Carson Williams, Charles Bassey, Josh Anderson, Kenny Cooper, Taveion Hollingsworth",125.0,233.0,0.56,84.61538461538461,84.05172413793103,84.62,83.33,50.0,86.75,7.26,20.09,0.0,0.0,9.4,36.32,0.0,8.97,4.7,22.65,23.5,45.72,Western Kentucky Hilltoppers
"Adrian Martin, B. Artis White, Danny Kolp, Greg Lee, Jason Whitens",40.0,69.5,6.98,98.52941176470588,91.54929577464789,98.53,95.59,48.53,101.47,13.24,38.24,0.0,0.0,19.12,33.82,0.0,13.24,1.47,17.65,25.0,52.94,Western Michigan Broncos
"Greg Lee, Jason Whitens, Rafael Cruz Jr., Titus Wright, William Boyer-Richard",40.0,66.5,-0.07,95.45454545454545,95.52238805970148,95.45,96.97,46.97,95.45,10.61,28.79,0.0,0.0,16.67,45.45,0.0,4.55,3.03,21.21,25.76,62.12,Western Michigan Broncos
"Adrian Martin, Greg Lee, Jason Whitens, Josiah Freeman, Patrick Emilien",40.0,76.0,-6.85,93.15068493150685,100.0,93.15,108.22,49.32,93.15,6.85,21.92,0.0,0.0,12.33,31.51,0.0,4.11,0.0,19.18,31.51,43.84,Western Michigan Broncos
"B. Artis White, Greg Lee, Jason Whitens, Titus Wright, William Boyer-Richard",120.0,229.5,-8.55,86.72566371681415,95.27896995708154,86.73,98.23,46.02,94.25,8.85,29.2,0.0,0.0,14.6,33.19,0.0,5.75,3.1,20.35,24.34,47.79,Western Michigan Broncos
"Adrian Martin, B. Artis White, Greg Lee, Jason Whitens, Patrick Emilien",80.0,145.0,-18.19,77.14285714285715,95.33333333333334,77.14,102.14,40.71,91.43,5.0,28.57,0.0,0.0,8.57,34.29,0.0,8.57,2.86,17.14,25.0,42.86,Western Michigan Broncos
"Adrian Martin, B. Artis White, Greg Lee, Jason Whitens, Titus Wright",200.0,384.0,-19.86,80.6701030927835,100.52631578947368,80.67,98.45,41.49,89.18,10.05,28.87,0.0,0.0,9.79,35.57,0.0,6.44,1.03,20.62,18.56,45.36,Western Michigan Broncos
"Adrian Martin, Greg Lee, Jason Whitens, Titus Wright, William Boyer-Richard",40.0,80.0,-22.41,85.18518518518519,107.59493670886076,85.19,104.94,43.21,88.89,9.88,22.22,0.0,0.0,7.41,35.8,0.0,2.47,3.7,18.52,16.05,43.21,Western Michigan Broncos
"Adrian Martin, Greg Lee, Jason Whitens, Patrick Emilien, William Boyer-Richard",40.0,74.5,-29.62,78.37837837837837,108.0,78.38,109.46,39.19,86.49,10.81,33.78,0.0,0.0,8.11,37.84,0.0,2.7,2.7,21.62,18.92,45.95,Western Michigan Broncos
"Alterique Gilbert, Dexter Dennis, Morris Udeze, Trey Wade, Tyson Etienne",570.0,1102.5,3.29,90.83557951482479,87.54578754578755,90.84,85.89,49.42,102.52,10.96,31.72,0.0,0.0,16.26,33.06,0.0,8.0,4.31,13.75,20.22,49.32,Wichita State Shockers
"Craig Porter Jr., Dexter Dennis, Morris Udeze, Trey Wade, Tyson Etienne",40.0,62.5,-9.27,92.42424242424242,101.69491525423729,92.42,90.91,53.03,109.09,10.61,25.76,0.0,0.0,24.24,25.76,0.0,3.03,4.55,15.15,21.21,50.0,Wichita State Shockers
"Ben Wight, Connor Kochera, Luke Loewe, Quinn Blair, Yuri Covington",320.0,582.0,-7.81,90.25210084033614,98.06678383128296,90.25,93.78,51.43,99.16,6.72,22.69,0.0,0.0,15.97,34.45,0.0,6.39,4.54,16.81,18.66,50.42,William & Mary Tribe
"Ben Wight, Connor Kochera, Luke Loewe, Thatcher Stone, Yuri Covington",80.0,142.5,-33.6,72.97297297297297,106.56934306569343,72.97,98.65,41.22,92.57,6.76,32.43,0.0,0.0,13.51,28.38,0.0,8.78,4.73,20.95,16.22,41.89,William & Mary Tribe
"Charles Falden, D.J. Burns Jr., Kyle Zunic, Micheal Anumba, Russell Jones Jr.",40.0,77.0,20.38,94.73684210526315,74.35897435897436,94.74,76.32,52.63,90.79,6.58,23.68,0.0,0.0,11.84,35.53,0.0,10.53,2.63,21.05,27.63,47.37,Winthrop Eagles
"Chandler Vaudrin, Charles Falden, D.J. Burns Jr., Kyle Zunic, Micheal Anumba",760.0,1544.0,15.9,97.08926261319533,81.19325551232166,97.09,80.98,52.01,101.03,10.93,30.79,0.0,0.0,18.56,34.41,0.0,8.86,2.91,17.53,22.7,52.97,Winthrop Eagles
"Charles Falden, Chase Claxton, Kyle Zunic, Micheal Anumba, Russell Jones Jr.",40.0,84.0,0.11,97.67441860465115,97.5609756097561,97.67,93.02,52.33,110.47,11.63,27.91,0.0,0.0,20.93,24.42,0.0,13.95,3.49,10.47,12.79,45.35,Winthrop Eagles
"Aleem Ford, Brad Davison, D'Mitrik Trice, Micah Potter, Nate Reuvers",250.0,446.0,1.66,93.76391982182628,92.09932279909707,93.76,90.87,49.67,99.33,10.47,28.51,0.0,0.0,10.69,35.41,0.0,6.01,2.45,11.36,17.37,46.1,Wisconsin Badgers
"Aleem Ford, Brad Davison, D'Mitrik Trice, Nate Reuvers, Tyler Wahl",360.0,653.0,0.43,91.79566563467493,91.36363636363637,91.8,93.34,47.06,102.32,12.69,36.38,0.0,0.0,13.62,31.73,0.0,8.51,5.11,11.3,24.3,45.35,Wisconsin Badgers
"Aleem Ford, Brad Davison, D'Mitrik Trice, Micah Potter, Tyler Wahl",280.0,506.5,-0.17,87.279843444227,87.45019920318725,87.28,85.91,45.01,94.91,10.37,34.44,0.0,0.0,9.98,35.23,0.0,9.0,5.28,15.07,22.31,45.21,Wisconsin Badgers
"Morgan Safford, Ryan Larson, Sam Godwin, Storm Murphy, Tray Hollowell",200.0,369.0,2.98,94.41489361702128,91.4364640883978,94.41,88.03,49.2,96.28,12.77,36.44,0.0,0.0,11.44,35.64,0.0,7.18,3.46,15.16,20.21,47.08,Wofford Terriers
"Max Klesmit, Messiah Jones, Ryan Larson, Storm Murphy, Tray Hollowell",84.9,148.5,1.34,99.32432432432432,97.98657718120806,99.32,98.65,46.62,92.57,16.89,44.59,0.0,0.0,10.81,31.76,0.0,10.81,0.68,18.24,22.97,42.57,Wofford Terriers
"Messiah Jones, Morgan Safford, Ryan Larson, Storm Murphy, Tray Hollowell",400.0,734.0,-0.38,97.83491204330176,98.21673525377228,97.83,96.89,48.99,93.23,13.13,37.35,0.0,0.0,11.5,33.15,0.0,9.07,2.57,18.27,20.7,44.65,Wofford Terriers
"Jaylon Hall, Loudon Love, Tanner Holden, Tim Finke, Trey Calvin",200.0,394.0,16.17,101.00250626566417,84.83290488431876,101.0,82.71,53.63,99.5,9.27,27.32,0.0,0.0,18.05,39.6,0.0,9.02,3.76,18.55,17.04,57.65,Wright State Raiders
"Grant Basile, Loudon Love, Tanner Holden, Tim Finke, Trey Calvin",564.7,1113.5,14.27,102.25498699045967,87.98882681564247,102.25,81.96,57.24,102.95,9.28,24.02,0.0,0.0,17.61,36.51,0.0,6.59,4.34,14.66,15.78,54.12,Wright State Raiders
"Grant Basile, Jaylon Hall, Loudon Love, Tanner Holden, Trey Calvin",40.0,85.5,3.21,91.01123595505618,87.8048780487805,91.01,80.9,56.18,91.01,4.49,11.24,0.0,0.0,6.74,34.83,0.0,6.74,6.74,15.73,20.22,41.57,Wright State Raiders
"Hunter Maldonado, Hunter Thompson, Kenny Foster, Kwane Marble, Marcus Williams",160.0,311.0,11.45,100.9771986970684,89.52380952380953,100.98,91.86,51.14,96.74,15.64,41.37,0.0,0.0,12.38,35.18,0.0,5.86,2.93,15.64,28.01,47.56,Wyoming Cowboys
"Graham Ike, Hunter Maldonado, Kwane Marble, Marcus Williams, Xavier DuSell",205.0,406.0,10.97,100.24330900243311,89.27680798004988,100.24,87.1,53.77,98.78,11.92,32.6,0.0,0.0,12.9,30.17,0.0,9.98,2.43,14.11,23.11,43.07,Wyoming Cowboys
"Graham Ike, Hunter Maldonado, Kenny Foster, Marcus Williams, Xavier DuSell",40.0,67.5,-5.93,97.05882352941177,102.98507462686568,97.06,101.47,50.0,91.18,17.65,36.76,0.0,0.0,7.35,35.29,0.0,5.88,1.47,16.18,22.06,42.64,Wyoming Cowboys
"Hunter Maldonado, Jeremiah Oden, Kenny Foster, Kwane Marble, Xavier DuSell",40.0,83.5,-15.95,87.5,103.44827586206897,87.5,112.5,47.5,98.75,8.75,31.25,0.0,0.0,13.75,27.5,0.0,2.5,3.75,15.0,25.0,41.25,Wyoming Cowboys
"Graham Ike, Hunter Maldonado, Hunter Thompson, Marcus Williams, Xavier DuSell",40.0,74.0,-17.57,79.72972972972973,97.2972972972973,79.73,97.3,39.19,91.89,12.16,41.89,0.0,0.0,8.11,36.49,0.0,8.11,1.35,16.22,18.92,44.6,Wyoming Cowboys
"Hunter Maldonado, Hunter Thompson, Jeremiah Oden, Kenny Foster, Marcus Williams",119.9,227.0,-19.31,86.46288209606988,105.77777777777777,86.46,103.93,48.03,95.63,10.04,28.82,0.0,0.0,7.86,26.2,0.0,6.99,2.18,12.23,23.58,34.06,Wyoming Cowboys
"Hunter Maldonado, Hunter Thompson, Kwane Marble, Marcus Williams, Xavier DuSell",120.0,233.0,-28.71,84.38818565400844,113.10043668122272,84.39,109.28,44.73,94.51,12.66,44.73,0.0,0.0,11.81,23.21,0.0,5.91,1.69,17.3,22.36,35.02,Wyoming Cowboys
"Adam Kunkel, Colby Jones, Jason Carter, Paul Scruggs, Zach Freemantle",45.0,65.0,5.05,109.52380952380953,104.4776119402985,109.52,111.11,50.79,104.76,14.29,33.33,0.0,0.0,19.05,39.68,0.0,3.17,4.76,14.29,20.63,58.73,Xavier Musketeers
"Adam Kunkel, Jason Carter, Nate Johnson, Paul Scruggs, Zach Freemantle",120.0,227.0,-0.88,99.11504424778761,100.0,99.12,100.88,49.56,102.65,13.72,38.5,0.0,0.0,15.93,36.73,0.0,6.64,3.1,13.27,20.35,52.66,Xavier Musketeers
"Colby Jones, Jason Carter, Nate Johnson, Paul Scruggs, Zach Freemantle",240.0,471.5,-1.3,89.49579831932773,90.79229122055675,89.5,89.08,48.53,101.26,7.56,28.15,0.0,0.0,16.81,34.87,0.0,10.29,4.2,15.55,19.75,51.68,Xavier Musketeers
"Colby Jones, Dwon Odom, Jason Carter, Paul Scruggs, Zach Freemantle",120.0,227.0,-1.37,93.36283185840708,94.73684210526315,93.36,95.58,49.12,99.12,8.41,31.86,0.0,0.0,12.39,35.84,0.0,8.85,5.31,13.27,23.89,48.23,Xavier Musketeers
"C.J. Wilcher, Colby Jones, Dwon Odom, Paul Scruggs, Zach Freemantle",40.0,68.0,-10.29,83.82352941176471,94.11764705882352,83.82,94.12,45.59,95.59,5.88,35.29,0.0,0.0,8.82,32.35,0.0,11.76,2.94,13.24,26.47,41.17,Xavier Musketeers
"Darius Quisenberry, Garrett Covington, Michael Akuchie, Myles Hunter, Naz Bohannon",125.0,233.0,3.71,93.67088607594937,89.95633187772926,93.67,86.92,52.74,106.33,8.86,28.69,0.0,0.0,19.41,33.76,0.0,9.28,2.11,13.08,21.94,53.17,Youngstown State Penguins
"Darius Quisenberry, Garrett Covington, Michael Akuchie, Naz Bohannon, Shemar Rathan-Mayes",325.0,631.0,0.5,92.5632911392405,92.06349206349206,92.56,91.77,51.11,96.52,8.39,26.9,0.0,0.0,12.97,31.01,0.0,7.28,1.27,16.46,23.1,43.98,Youngstown State Penguins
"Garrett Covington, Michael Akuchie, Myles Hunter, Naz Bohannon, Shemar Rathan-Mayes",285.0,532.5,-8.53,93.00184162062615,101.53256704980842,93.0,97.61,50.46,102.95,9.39,30.57,0.0,0.0,16.94,29.47,0.0,6.08,1.66,14.0,19.71,46.41,Youngstown State Penguins
"Alex Vargo, Garrett Covington, Michael Akuchie, Naz Bohannon, Shemar Rathan-Mayes",120.0,233.5,-29.09,83.89830508474576,112.98701298701299,83.9,110.59,47.46,106.36,8.9,30.08,0.0,0.0,21.19,24.15,0.0,4.66,2.97,14.83,22.03,45.34,Youngstown State Penguins
