athlete_id,athlete_display_name,team_id,team_display_name,athlete_position_name,minutes,field_goals_made,field_goals_attempted,three_point_field_goals_made,three_point_field_goals_attempted,free_throws_made,free_throws_attempted,offensive_rebounds,defensive_rebounds,rebounds,assists,steals,blocks,turnovers,fouls,points,games_played,conf.,fg_pct,3pt_pct,ft_pct,efg_pct,minute_avg,fgm_avg,fga_avg,3ptm_avg,3pta_avg,oreb_avg,dreb_avg,reb_avg,ast_avg,steal_avg,blocks_avg,to_avg,points_avg
4066764,Trevin Dorius,3084,Utah Valley Wolverines,Center,36.0,2,6,0,0,4,4,4,7,11,0,0,1,2,3,8,1,United Athletic,0.3333333333333333,,1.0,0.3333333333333333,36.0,2.0,6.0,0.0,0.0,4.0,7.0,11.0,0.0,0.0,1.0,2.0,8.0
4066829,Seth Towns,47,Howard Bison,Forward,136.0,13,44,5,23,22,26,6,27,33,10,3,1,9,14,53,4,MEAC,0.29545454545454547,0.21739130434782608,0.8461538461538461,0.3522727272727273,34.0,3.25,11.0,1.25,5.75,1.5,6.75,8.25,2.5,0.75,0.25,2.25,13.25
4067423,Isaiah Jones,2473,Oakland Golden Grizzlies,Guard,8.0,0,0,0,0,0,0,1,0,1,0,0,0,0,2,0,2,Horizon,,,,,4.0,0.0,0.0,0.0,0.0,0.5,0.0,0.5,0.0,0.0,0.0,0.0,0.0
4067594,Juan Munoz,62,Hawai'i Rainbow Warriors,Guard,47.0,6,14,6,11,4,4,0,5,5,4,0,0,3,4,22,2,Big West,0.42857142857142855,0.5454545454545454,1.0,0.6428571428571429,23.5,3.0,7.0,3.0,5.5,0.0,2.5,2.5,2.0,0.0,0.0,1.5,11.0
4277829,Avery Wilson,2545,SE Louisiana Lions,Guard,6.0,0,1,0,1,2,3,0,2,2,0,0,0,0,3,2,1,Southland,0.0,0.0,0.6666666666666666,0.0,6.0,0.0,1.0,0.0,1.0,0.0,2.0,2.0,0.0,0.0,0.0,0.0,2.0
4278072,Jemarl Baker Jr.,167,New Mexico Lobos,Guard,91.0,7,22,6,19,0,0,0,15,15,2,1,2,1,5,20,5,Mountain West,0.3181818181818182,0.3157894736842105,,0.45454545454545453,18.2,1.4,4.4,1.2,3.8,0.0,3.0,3.0,0.4,0.2,0.4,0.2,4.0
4278533,Chuck O'Bannon Jr.,2628,TCU Horned Frogs,Forward,69.0,7,24,3,13,1,3,8,6,14,3,0,3,1,4,18,3,Big 12,0.2916666666666667,0.23076923076923078,0.3333333333333333,0.3541666666666667,23.0,2.3333333333333335,8.0,1.0,4.333333333333333,2.6666666666666665,2.0,4.666666666666667,1.0,0.0,1.0,0.3333333333333333,6.0
4278631,Aanen Moody,149,Montana Grizzlies,Guard,175.0,35,64,12,30,9,13,2,22,24,17,5,0,10,14,91,5,Big Sky,0.546875,0.4,0.6923076923076923,0.640625,35.0,7.0,12.8,2.4,6.0,0.4,4.4,4.8,3.4,1.0,0.0,2.0,18.2
4279651,Jalen Jordan,2393,Middle Tennessee Blue Raiders,Guard,33.0,3,14,2,9,3,5,2,2,4,2,1,0,2,1,11,2,Conference USA,0.21428571428571427,0.2222222222222222,0.6,0.2857142857142857,16.5,1.5,7.0,1.0,4.5,1.0,1.0,2.0,1.0,0.5,0.0,1.0,5.5
4279709,Austin Williams,164,Rutgers Scarlet Knights,Guard,21.0,0,0,0,0,1,4,0,4,4,0,0,0,1,1,1,1,Big Ten,,,0.25,,21.0,0.0,0.0,0.0,0.0,0.0,4.0,4.0,0.0,0.0,0.0,1.0,1.0
4279797,Cam Bacote,46,Georgetown Hoyas,Guard,1.0,0,0,0,0,0,0,0,0,0,0,0,0,0,0,0,1,Big East,,,,,1.0,0.0,0.0,0.0,0.0,0.0,0.0,0.0,0.0,0.0,0.0,0.0,0.0
4290822,Corey Walker Jr.,58,South Florida Bulls,Forward,36.0,5,9,0,0,4,8,2,5,7,1,3,2,1,4,14,3,American,0.5555555555555556,,0.5,0.5555555555555556,12.0,1.6666666666666667,3.0,0.0,0.0,0.6666666666666666,1.6666666666666667,2.3333333333333335,0.3333333333333333,1.0,0.6666666666666666,0.3333333333333333,4.666666666666667
4395619,Wynston Tabbs,2415,Morgan State Bears,Guard,16.0,1,6,0,1,3,3,0,1,1,2,0,0,0,1,5,1,MEAC,0.16666666666666666,0.0,1.0,0.16666666666666666,16.0,1.0,6.0,0.0,1.0,0.0,1.0,1.0,2.0,0.0,0.0,0.0,5.0
4395622,John Newman III,2132,Cincinnati Bearcats,Forward,188.0,15,41,9,23,3,5,12,32,44,12,4,2,10,12,42,6,Big 12,0.36585365853658536,0.391304347826087,0.6,0.47560975609756095,31.333333333333332,2.5,6.833333333333333,1.5,3.8333333333333335,2.0,5.333333333333333,7.333333333333333,2.0,0.6666666666666666,0.3333333333333333,1.6666666666666667,7.0
4395666,Chris Doherty,111,Northeastern Huskies,Forward,20.0,2,7,0,2,3,4,1,0,1,0,1,0,2,3,7,1,Coastal,0.2857142857142857,0.0,0.75,0.2857142857142857,20.0,2.0,7.0,0.0,2.0,1.0,0.0,1.0,0.0,1.0,0.0,2.0,7.0
4395668,Robby Carmody,2382,Mercer Bears,Guard,29.0,4,7,1,2,8,9,1,3,4,0,1,1,3,1,17,2,Southern,0.5714285714285714,0.5,0.8888888888888888,0.6428571428571429,14.5,2.0,3.5,0.5,1.0,0.5,1.5,2.0,0.0,0.5,0.5,1.5,8.5
4395669,Xavier Johnson,84,Indiana Hoosiers,Guard,69.0,6,16,0,2,0,0,2,9,11,10,1,1,4,5,12,2,Big Ten,0.375,0.0,,0.375,34.5,3.0,8.0,0.0,1.0,1.0,4.5,5.5,5.0,0.5,0.5,2.0,6.0
4395675,Robert Braswell IV,2429,Charlotte 49ers,Forward,18.0,1,6,0,5,0,0,1,0,1,0,0,0,0,3,2,1,American,0.16666666666666666,0.0,,0.16666666666666666,18.0,1.0,6.0,0.0,5.0,1.0,0.0,1.0,0.0,0.0,0.0,0.0,2.0
4395685,Tyrece Radford,245,Texas A&M Aggies,Guard,188.0,35,87,5,14,31,45,15,34,49,23,2,0,9,12,106,5,SEC,0.40229885057471265,0.35714285714285715,0.6888888888888889,0.43103448275862066,37.6,7.0,17.4,1.0,2.8,3.0,6.8,9.8,4.6,0.4,0.0,1.8,21.2
4395720,Amanze Ngumezi,2382,Mercer Bears,Forward,6.0,0,2,0,1,0,0,1,1,2,0,0,1,0,3,0,1,Southern,0.0,0.0,,0.0,6.0,0.0,2.0,0.0,1.0,1.0,1.0,2.0,0.0,0.0,1.0,0.0,0.0
4395726,Zan Payne,97,Louisville Cardinals,Guard,9.0,0,0,0,0,0,0,0,1,1,1,0,0,0,3,0,1,ACC,,,,,9.0,0.0,0.0,0.0,0.0,0.0,1.0,1.0,1.0,0.0,0.0,0.0,0.0
4395991,Kenny Strawbridge Jr.,339,Evansville Purple Aces,Guard,117.0,15,40,1,12,4,6,1,8,9,7,7,1,6,13,35,4,Missouri Valley,0.375,0.08333333333333333,0.6666666666666666,0.3875,29.25,3.75,10.0,0.25,3.0,0.25,2.0,2.25,1.75,1.75,0.25,1.5,8.75
4396012,Will McNair Jr.,2306,Kansas State Wildcats,Forward,57.0,14,22,0,1,3,7,4,14,18,2,2,4,2,9,31,3,Big 12,0.6363636363636364,0.0,0.42857142857142855,0.6363636363636364,19.0,4.666666666666667,7.333333333333333,0.0,0.3333333333333333,1.3333333333333333,4.666666666666667,6.0,0.6666666666666666,0.6666666666666666,1.3333333333333333,0.6666666666666666,10.333333333333334
4396584,Miles Latimer,2803,Bryant Bulldogs,Guard,40.0,3,9,1,2,0,0,2,2,4,4,1,0,0,2,7,2,America East,0.3333333333333333,0.5,,0.3888888888888889,20.0,1.5,4.5,0.5,1.0,1.0,1.0,2.0,2.0,0.5,0.0,0.0,3.5
4396592,Jose Placer,58,South Florida Bulls,Guard,75.0,10,20,6,12,1,2,0,3,3,4,0,0,3,4,27,4,American,0.5,0.5,0.5,0.65,18.75,2.5,5.0,1.5,3.0,0.0,0.75,0.75,1.0,0.0,0.0,0.75,6.75
4396616,Tae Hardy,2638,UTEP Miners,Guard,94.0,14,32,2,10,10,11,2,11,13,5,4,1,10,13,40,3,Conference USA,0.4375,0.2,0.9090909090909091,0.46875,31.333333333333332,4.666666666666667,10.666666666666666,0.6666666666666666,3.3333333333333335,0.6666666666666666,3.6666666666666665,4.333333333333333,1.6666666666666667,1.3333333333333333,0.3333333333333333,3.3333333333333335,13.333333333333334
4396634,Antwann Jones,2116,UCF Knights,Guard,42.0,8,15,2,4,2,4,1,6,7,2,2,0,1,3,20,3,Big 12,0.5333333333333333,0.5,0.5,0.6,14.0,2.6666666666666665,5.0,0.6666666666666666,1.3333333333333333,0.3333333333333333,2.0,2.3333333333333335,0.6666666666666666,0.6666666666666666,0.0,0.3333333333333333,6.666666666666667
4396635,Jayden Hardaway,235,Memphis Tigers,Guard,11.0,1,3,0,1,0,0,0,1,1,1,0,0,0,0,2,1,American,0.3333333333333333,0.0,,0.3333333333333333,11.0,1.0,3.0,0.0,1.0,0.0,1.0,1.0,1.0,0.0,0.0,0.0,2.0
4396657,Moses Wood,264,Washington Huskies,Forward,34.0,6,9,5,7,0,0,2,2,4,2,1,0,2,3,17,1,Pac-12,0.6666666666666666,0.7142857142857143,,0.9444444444444444,34.0,6.0,9.0,5.0,7.0,2.0,2.0,4.0,2.0,1.0,0.0,2.0,17.0
4396670,Dre Fuller Jr.,2636,UTSA Roadrunners,Guard,15.0,1,9,0,1,2,2,2,2,4,1,0,2,1,2,4,1,American,0.1111111111111111,0.0,1.0,0.1111111111111111,15.0,1.0,9.0,0.0,1.0,2.0,2.0,4.0,1.0,0.0,2.0,1.0,4.0
4396696,Bryce Workman,294,Jacksonville Dolphins,Forward,109.0,19,38,2,3,21,25,14,27,41,6,5,1,3,6,61,3,ASUN,0.5,0.6666666666666666,0.84,0.5263157894736842,36.333333333333336,6.333333333333333,12.666666666666666,0.6666666666666666,1.0,4.666666666666667,9.0,13.666666666666666,2.0,1.6666666666666667,0.3333333333333333,1.0,20.333333333333332
4396747,Blake Preston,77,Northwestern Wildcats,Forward,33.0,3,8,0,0,0,0,1,2,3,5,0,1,2,4,6,3,Big Ten,0.375,,,0.375,11.0,1.0,2.6666666666666665,0.0,0.0,0.3333333333333333,0.6666666666666666,1.0,1.6666666666666667,0.0,0.3333333333333333,0.6666666666666666,2.0
4396750,Jake Wolfe,282,Indiana State Sycamores,Guard,63.0,3,6,0,1,2,3,2,8,10,6,1,0,0,6,8,8,Missouri Valley,0.5,0.0,0.6666666666666666,0.5,7.875,0.375,0.75,0.0,0.125,0.25,1.0,1.25,0.75,0.125,0.0,0.0,1.0
4396774,Dorian James,2454,North Florida Ospreys,Guard,31.0,6,9,2,2,0,0,1,4,5,2,0,2,3,5,14,1,ASUN,0.6666666666666666,1.0,,0.7777777777777778,31.0,6.0,9.0,2.0,2.0,1.0,4.0,5.0,2.0,0.0,2.0,3.0,14.0
4396784,Michael Jones,24,Stanford Cardinal,Guard,72.0,7,21,1,8,3,4,0,4,4,2,3,0,2,4,18,2,Pac-12,0.3333333333333333,0.125,0.75,0.35714285714285715,36.0,3.5,10.5,0.5,4.0,0.0,2.0,2.0,1.0,1.5,0.0,1.0,9.0
4396789,Frankie Policelli,232,Charleston Cougars,Forward,93.0,15,29,10,23,11,12,6,12,18,3,3,1,1,10,51,4,Coastal,0.5172413793103449,0.43478260869565216,0.9166666666666666,0.6896551724137931,23.25,3.75,7.25,2.5,5.75,1.5,3.0,4.5,0.75,0.75,0.25,0.25,12.75
4396804,Amari Kelly,2244,George Mason Patriots,Forward,32.0,5,10,0,2,4,4,1,4,5,0,1,4,3,2,14,1,Atlantic 10,0.5,0.0,1.0,0.5,32.0,5.0,10.0,0.0,2.0,1.0,4.0,5.0,0.0,1.0,4.0,3.0,14.0
4396809,Jalen Cobb,2382,Mercer Bears,Guard,41.0,4,6,2,3,0,0,2,10,12,2,3,1,2,1,10,2,Southern,0.6666666666666666,0.6666666666666666,,0.8333333333333334,20.5,2.0,3.0,1.0,1.5,1.0,5.0,6.0,1.0,1.5,0.5,1.0,5.0
4396810,Nick Honor,142,Missouri Tigers,Guard,35.0,4,16,2,9,4,5,1,1,2,1,2,0,0,0,14,1,SEC,0.25,0.2222222222222222,0.8,0.3125,35.0,4.0,16.0,2.0,9.0,1.0,1.0,2.0,1.0,2.0,0.0,0.0,14.0
4396811,Chris Austin,2501,Portland Pilots,Guard,65.0,3,16,1,4,1,2,1,2,3,1,0,0,0,3,8,2,West Coast,0.1875,0.25,0.5,0.21875,32.5,1.5,8.0,0.5,2.0,0.5,1.0,1.5,0.5,0.0,0.0,0.0,4.0
4396933,DJ Burns Jr.,152,NC State Wolfpack,Forward,254.0,67,107,1,1,22,29,10,31,41,35,1,6,20,23,157,10,ACC,0.6261682242990654,1.0,0.7586206896551724,0.6308411214953271,25.4,6.7,10.7,0.1,0.1,1.0,3.1,4.1,3.5,0.1,0.6,2.0,15.7
4396947,T.J. Moss,325,Cleveland State Vikings,Guard,22.0,2,6,0,2,0,0,0,2,2,1,0,0,1,4,4,3,Horizon,0.3333333333333333,0.0,,0.3333333333333333,7.333333333333333,0.6666666666666666,2.0,0.0,0.6666666666666666,0.0,0.6666666666666666,0.6666666666666666,0.3333333333333333,0.0,0.0,0.3333333333333333,1.3333333333333333
4396948,Jermaine Couisnard,2483,Oregon Ducks,Guard,164.0,43,110,15,39,15,16,9,19,28,30,5,2,6,11,116,5,Pac-12,0.39090909090909093,0.38461538461538464,0.9375,0.4590909090909091,32.8,8.6,22.0,3.0,7.8,1.8,3.8,5.6,6.0,1.0,0.4,1.2,23.2
4396957,Parker Braun,2305,Kansas Jayhawks,Forward,16.0,2,3,1,2,0,0,0,3,3,0,0,3,0,1,5,3,Big 12,0.6666666666666666,0.5,,0.8333333333333334,5.333333333333333,0.6666666666666666,1.0,0.3333333333333333,0.6666666666666666,0.0,1.0,1.0,0.0,0.0,1.0,0.0,1.6666666666666667
4396963,Blake Hinson,221,Pittsburgh Panthers,Forward,79.0,8,24,4,11,5,6,1,3,4,2,2,2,4,5,25,2,ACC,0.3333333333333333,0.36363636363636365,0.8333333333333334,0.4166666666666667,39.5,4.0,12.0,2.0,5.5,0.5,1.5,2.0,1.0,1.0,1.0,2.0,12.5
4396967,Franco Miller Jr.,526,Florida Gulf Coast Eagles,Guard,19.0,1,3,0,1,1,2,0,2,2,1,0,0,2,2,3,1,ASUN,0.3333333333333333,0.0,0.5,0.3333333333333333,19.0,1.0,3.0,0.0,1.0,0.0,2.0,2.0,1.0,0.0,0.0,2.0,3.0
4396969,Luis Rodriguez,2439,UNLV Rebels,Guard,41.0,0,3,0,1,2,2,2,4,6,0,1,2,3,5,2,1,Mountain West,0.0,0.0,1.0,0.0,41.0,0.0,3.0,0.0,1.0,2.0,4.0,6.0,0.0,1.0,2.0,3.0,2.0
4396975,Aundre Hyatt,164,Rutgers Scarlet Knights,Forward,28.0,4,9,1,3,4,5,0,6,6,0,3,0,1,3,13,1,Big Ten,0.4444444444444444,0.3333333333333333,0.8,0.5,28.0,4.0,9.0,1.0,3.0,0.0,6.0,6.0,0.0,3.0,0.0,1.0,13.0
4397025,Markeese Hastings,2523,Robert Morris Colonials,Forward,32.0,4,13,2,3,2,2,2,6,8,1,0,1,7,0,12,1,Horizon,0.3076923076923077,0.6666666666666666,1.0,0.38461538461538464,32.0,4.0,13.0,2.0,3.0,2.0,6.0,8.0,1.0,0.0,1.0,7.0,12.0
4397052,Connor Vanover,142,Missouri Tigers,Center,34.0,5,7,0,0,0,0,3,7,10,2,1,3,2,2,10,1,SEC,0.7142857142857143,,,0.7142857142857143,34.0,5.0,7.0,0.0,0.0,3.0,7.0,10.0,2.0,1.0,3.0,2.0,10.0
4397075,Grayson Carter,2640,Texas Southern Tigers,Forward,56.0,6,15,2,8,0,0,1,10,11,1,2,1,1,7,14,3,SWAC,0.4,0.25,,0.4666666666666667,18.666666666666668,2.0,5.0,0.6666666666666666,2.6666666666666665,0.3333333333333333,3.3333333333333335,3.6666666666666665,0.3333333333333333,0.6666666666666666,0.3333333333333333,0.3333333333333333,4.666666666666667
4397079,Brock Cunningham,251,Texas Longhorns,Forward,61.0,3,6,2,5,2,2,2,7,9,2,4,1,5,10,10,3,Big 12,0.5,0.4,1.0,0.6666666666666666,20.333333333333332,1.0,2.0,0.6666666666666666,1.6666666666666667,0.6666666666666666,2.3333333333333335,3.0,0.6666666666666666,1.3333333333333333,0.3333333333333333,1.6666666666666667,3.3333333333333335
4397093,Warren Washington,2641,Texas Tech Red Raiders,Forward,18.0,3,4,0,0,0,0,2,6,8,0,0,1,2,3,6,1,Big 12,0.75,,,0.75,18.0,3.0,4.0,0.0,0.0,2.0,6.0,8.0,0.0,0.0,1.0,2.0,6.0
4397113,Keenan Fitzmorris,2619,Stony Brook Seawolves,Center,101.0,15,34,2,4,7,11,9,9,18,3,0,4,2,6,39,4,Coastal,0.4411764705882353,0.5,0.6363636363636364,0.47058823529411764,25.25,3.75,8.5,0.5,1.0,2.25,2.25,4.5,0.75,0.0,1.0,0.5,9.75
4397114,Cormac Ryan,153,North Carolina Tar Heels,Guard,191.0,21,53,14,34,13,14,4,11,15,4,3,2,4,16,69,6,ACC,0.39622641509433965,0.4117647058823529,0.9285714285714286,0.5283018867924528,31.833333333333332,3.5,8.833333333333334,2.3333333333333335,5.666666666666667,0.6666666666666666,1.8333333333333333,2.5,0.6666666666666666,0.5,0.3333333333333333,0.6666666666666666,11.5
4397121,Darnell Brodie,2181,Drake Bulldogs,Forward,95.0,16,34,0,0,9,14,8,20,28,4,3,4,8,10,41,4,Missouri Valley,0.47058823529411764,,0.6428571428571429,0.47058823529411764,23.75,4.0,8.5,0.0,0.0,2.0,5.0,7.0,1.0,0.75,1.0,2.0,10.25
4397129,Kenneth Nwuba,26,UCLA Bruins,Forward,15.0,0,0,0,0,0,0,1,2,3,1,1,0,1,5,0,2,Pac-12,,,,,7.5,0.0,0.0,0.0,0.0,0.5,1.0,1.5,0.5,0.5,0.0,0.5,0.0
4397132,Jahvon Quinerly,235,Memphis Tigers,Guard,36.0,3,15,1,6,1,2,1,6,7,3,2,0,1,0,8,1,American,0.2,0.16666666666666666,0.5,0.23333333333333334,36.0,3.0,15.0,1.0,6.0,1.0,6.0,7.0,3.0,2.0,0.0,1.0,8.0
4397137,Keonte Kennedy,25,California Golden Bears,Guard,38.0,4,9,3,4,0,0,2,3,5,3,2,0,4,3,11,1,Pac-12,0.4444444444444444,0.75,,0.6111111111111112,38.0,4.0,9.0,3.0,4.0,2.0,3.0,5.0,3.0,2.0,0.0,4.0,11.0
4397141,J'Raan Brooks,28,UC San Diego Tritons,Forward,22.0,2,2,0,0,0,1,0,1,1,0,0,0,1,1,4,1,Big West,1.0,,0.0,1.0,22.0,2.0,2.0,0.0,0.0,0.0,1.0,1.0,0.0,0.0,0.0,1.0,4.0
4397143,Naseem Gaskin,2934,Cal State Bakersfield Roadrunners,Guard,9.0,0,0,0,0,0,0,0,2,2,2,1,0,2,0,0,1,Big West,,,,,9.0,0.0,0.0,0.0,0.0,0.0,2.0,2.0,2.0,1.0,0.0,2.0,0.0
4397151,Lahat Thioune,233,South Dakota Coyotes,Forward,29.0,5,11,0,0,2,3,2,2,4,1,1,1,3,0,12,1,Summit League,0.45454545454545453,,0.6666666666666666,0.45454545454545453,29.0,5.0,11.0,0.0,0.0,2.0,2.0,4.0,1.0,1.0,1.0,3.0,12.0
4397152,Jack Clark,228,Clemson Tigers,Forward,153.0,11,23,3,9,9,12,10,16,26,8,5,2,2,12,34,5,ACC,0.4782608695652174,0.3333333333333333,0.75,0.5434782608695652,30.6,2.2,4.6,0.6,1.8,2.0,3.2,5.2,1.6,1.0,0.4,0.4,6.8
4397161,Samba Diallo,2771,Merrimack Warriors,Forward,78.0,5,14,2,7,4,4,1,8,9,3,3,0,2,7,16,3,Northeast,0.35714285714285715,0.2857142857142857,1.0,0.42857142857142855,26.0,1.6666666666666667,4.666666666666667,0.6666666666666666,2.3333333333333335,0.3333333333333333,2.6666666666666665,3.0,1.0,1.0,0.0,0.6666666666666666,5.333333333333333
4397232,Ryan Young,150,Duke Blue Devils,Center,56.0,3,4,0,0,2,6,4,10,14,0,3,2,3,12,8,5,ACC,0.75,,0.3333333333333333,0.75,11.2,0.6,0.8,0.0,0.0,0.8,2.0,2.8,0.0,0.6,0.4,0.6,1.6
4397237,Jaedon LeDee,21,San Diego State Aztecs,Forward,195.0,54,95,6,9,43,57,26,29,55,7,9,2,15,19,157,6,Mountain West,0.5684210526315789,0.6666666666666666,0.7543859649122807,0.6,32.5,9.0,15.833333333333334,1.0,1.5,4.333333333333333,4.833333333333333,9.166666666666666,1.1666666666666667,1.5,0.3333333333333333,2.5,26.166666666666668
4397244,Emmanuel Dowuona,2634,Tennessee State Tigers,Forward,13.0,0,2,0,0,0,0,1,0,1,0,0,1,1,5,0,2,Ohio Valley,0.0,,,0.0,6.5,0.0,1.0,0.0,0.0,0.5,0.0,0.5,0.0,0.0,0.5,0.5,0.0
4397263,Max Rice,68,Boise State Broncos,Guard,65.0,5,22,3,15,2,3,2,2,4,4,0,1,2,8,15,2,Mountain West,0.22727272727272727,0.2,0.6666666666666666,0.29545454545454547,32.5,2.5,11.0,1.5,7.5,1.0,1.0,2.0,2.0,0.0,0.5,1.0,7.5
4397265,Riley Abercrombie,2458,Northern Colorado Bears,Forward,17.0,3,4,2,3,0,0,0,0,0,0,0,0,0,1,8,1,Big Sky,0.75,0.6666666666666666,,1.0,17.0,3.0,4.0,2.0,3.0,0.0,0.0,0.0,0.0,0.0,0.0,0.0,8.0
4397284,RayQuawndis Mitchell,213,Penn State Nittany Lions,Guard,13.0,0,0,0,0,0,0,0,1,1,0,0,0,1,1,0,2,Big Ten,,,,,6.5,0.0,0.0,0.0,0.0,0.0,0.5,0.5,0.0,0.0,0.0,0.5,0.0
4397285,Cameron Tyson,2547,Seattle U Redhawks,Guard,177.0,37,83,26,57,9,9,0,22,22,9,3,0,7,12,109,6,United Athletic,0.4457831325301205,0.45614035087719296,1.0,0.6024096385542169,29.5,6.166666666666667,13.833333333333334,4.333333333333333,9.5,0.0,3.6666666666666665,3.6666666666666665,1.5,0.5,0.0,1.1666666666666667,18.166666666666668
4397340,Jordan Brown,235,Memphis Tigers,Center,8.0,2,4,0,0,2,2,0,0,0,0,0,1,1,1,6,1,American,0.5,,1.0,0.5,8.0,2.0,4.0,0.0,0.0,0.0,0.0,0.0,0.0,0.0,1.0,1.0,6.0
4397343,K.J. Hymes,2440,Nevada Wolf Pack,Forward,35.0,2,4,0,0,5,11,2,4,6,1,0,1,0,5,9,2,Mountain West,0.5,,0.45454545454545453,0.5,17.5,1.0,2.0,0.0,0.0,1.0,2.0,3.0,0.5,0.0,0.5,0.0,4.5
4397401,Ithiel Horton,251,Texas Longhorns,Guard,57.0,7,14,2,6,0,0,1,13,14,0,2,0,4,3,16,3,Big 12,0.5,0.3333333333333333,,0.5714285714285714,19.0,2.3333333333333335,4.666666666666667,0.6666666666666666,2.0,0.3333333333333333,4.333333333333333,4.666666666666667,0.0,0.6666666666666666,0.0,1.3333333333333333,5.333333333333333
4397404,Matt Veretto,261,Vermont Catamounts,Forward,3.0,0,1,0,1,0,0,0,0,0,0,0,0,0,1,0,1,America East,0.0,0.0,,0.0,3.0,0.0,1.0,0.0,1.0,0.0,0.0,0.0,0.0,0.0,0.0,0.0,0.0
4397436,Jonathan Tchamwa Tchatchoua,239,Baylor Bears,Forward,2.0,1,1,1,1,0,0,0,0,0,0,0,0,0,0,3,1,Big 12,1.0,1.0,,1.5,2.0,1.0,1.0,1.0,1.0,0.0,0.0,0.0,0.0,0.0,0.0,0.0,3.0
4397450,Darius Brown II,328,Utah State Aggies,Guard,155.0,18,46,7,20,4,4,5,10,15,30,4,1,10,3,47,4,Mountain West,0.391304347826087,0.35,1.0,0.4673913043478261,38.75,4.5,11.5,1.75,5.0,1.25,2.5,3.75,7.5,1.0,0.25,2.5,11.75
4397464,Dawson Carper,2623,Missouri State Bears,Forward,2.0,0,0,0,0,0,0,0,0,0,0,0,0,0,0,0,1,Missouri Valley,,,,,2.0,0.0,0.0,0.0,0.0,0.0,0.0,0.0,0.0,0.0,0.0,0.0,0.0
4397471,Dravon Mangum,2348,Louisiana Tech Bulldogs,Forward,27.0,1,4,0,1,0,0,0,3,3,1,0,1,1,1,2,1,Conference USA,0.25,0.0,,0.25,27.0,1.0,4.0,0.0,1.0,0.0,3.0,3.0,1.0,0.0,1.0,1.0,2.0
4397473,Tyler Bertram,399,UAlbany Great Danes,Guard,35.0,1,6,0,4,0,0,0,3,3,2,0,1,1,5,2,1,America East,0.16666666666666666,0.0,,0.16666666666666666,35.0,1.0,6.0,0.0,4.0,0.0,3.0,3.0,2.0,0.0,1.0,1.0,2.0
4397504,Ebrima Dibba,2579,South Carolina Gamecocks,Guard,11.0,0,0,0,0,1,3,0,2,2,0,0,0,0,2,1,2,SEC,,,0.3333333333333333,,5.5,0.0,0.0,0.0,0.0,0.0,1.0,1.0,0.0,0.0,0.0,0.0,0.5
4397550,Anthony Crump,2711,Western Michigan Broncos,Forward,14.0,0,1,0,0,2,6,1,5,6,1,0,2,3,1,2,1,Mid-American,0.0,,0.3333333333333333,0.0,14.0,0.0,1.0,0.0,0.0,1.0,5.0,6.0,1.0,0.0,2.0,3.0,2.0
4397567,Jason Wade,295,Old Dominion Monarchs,Guard,17.0,0,0,0,0,0,0,0,1,1,1,0,1,2,4,0,1,Sun Belt,,,,,17.0,0.0,0.0,0.0,0.0,0.0,1.0,1.0,1.0,0.0,1.0,2.0,0.0
4397589,Allen Betrand,2450,Norfolk State Spartans,Guard,93.0,22,41,7,16,6,8,4,7,11,4,2,0,4,7,57,4,MEAC,0.5365853658536586,0.4375,0.75,0.6219512195121951,23.25,5.5,10.25,1.75,4.0,1.0,1.75,2.75,1.0,0.5,0.0,1.0,14.25
4397595,Nicolas Timberlake,2305,Kansas Jayhawks,Guard,85.0,10,25,6,16,7,9,0,12,12,5,2,0,1,7,33,3,Big 12,0.4,0.375,0.7777777777777778,0.52,28.333333333333332,3.3333333333333335,8.333333333333334,2.0,5.333333333333333,0.0,4.0,4.0,1.6666666666666667,0.6666666666666666,0.0,0.3333333333333333,11.0
4397659,Kobe Julien,309,Louisiana Ragin' Cajuns,Forward,63.0,15,27,2,8,8,11,2,6,8,1,2,1,3,4,40,2,Sun Belt,0.5555555555555556,0.25,0.7272727272727273,0.5925925925925926,31.5,7.5,13.5,1.0,4.0,1.0,3.0,4.0,0.5,1.0,0.5,1.5,20.0
4397685,Patrick Mwamba,2350,Loyola Chicago Ramblers,Forward,25.0,2,3,0,1,1,2,1,1,2,1,3,0,1,2,5,2,Atlantic 10,0.6666666666666666,0.0,0.5,0.6666666666666666,12.5,1.0,1.5,0.0,0.5,0.5,0.5,1.0,0.5,1.5,0.0,0.5,2.5
4397691,Quentin Millora-Brown,2643,The Citadel Bulldogs,Forward,39.0,6,10,0,0,1,4,4,8,12,3,1,3,0,3,13,1,Southern,0.6,,0.25,0.6,39.0,6.0,10.0,0.0,0.0,4.0,8.0,12.0,3.0,1.0,3.0,0.0,13.0
4397701,Nathan McClure,2330,Le Moyne Dolphins,Guard,49.0,3,6,2,5,2,2,2,4,6,3,4,0,1,5,10,2,Northeast,0.5,0.4,1.0,0.6666666666666666,24.5,1.5,3.0,1.0,2.5,1.0,2.0,3.0,1.5,2.0,0.0,0.5,5.0
4397778,Braden Norris,2350,Loyola Chicago Ramblers,Guard,78.0,7,17,5,14,1,2,2,5,7,5,4,0,4,8,20,2,Atlantic 10,0.4117647058823529,0.35714285714285715,0.5,0.5588235294117647,39.0,3.5,8.5,2.5,7.0,1.0,2.5,3.5,2.5,2.0,0.0,2.0,10.0
4397788,Atiba Taylor,2569,South Carolina State Bulldogs,Guard,14.0,1,4,1,2,2,2,1,1,2,1,1,0,2,4,5,1,MEAC,0.25,0.5,1.0,0.375,14.0,1.0,4.0,1.0,2.0,1.0,1.0,2.0,1.0,1.0,0.0,2.0,5.0
4397811,Jarron Coleman,158,Nebraska Cornhuskers,Guard,4.0,1,2,0,1,0,0,0,0,0,1,0,0,0,0,2,1,Big Ten,0.5,0.0,,0.5,4.0,1.0,2.0,0.0,1.0,0.0,0.0,0.0,1.0,0.0,0.0,0.0,2.0
4397815,Caleb Fields,2217,Fairfield Stags,Guard,235.0,46,101,19,58,15,25,12,21,33,23,7,0,12,11,126,6,MAAC,0.45544554455445546,0.3275862068965517,0.6,0.5495049504950495,39.166666666666664,7.666666666666667,16.833333333333332,3.1666666666666665,9.666666666666666,2.0,3.5,5.5,3.8333333333333335,1.1666666666666667,0.0,2.0,21.0
4397840,Micheal Anumba,2737,Winthrop Eagles,Guard,27.0,3,7,2,4,2,2,0,1,1,0,0,1,2,3,10,1,Big South,0.42857142857142855,0.5,1.0,0.5714285714285714,27.0,3.0,7.0,2.0,4.0,0.0,1.0,1.0,0.0,0.0,1.0,2.0,10.0
4397863,Jordan Lathon,2413,Morehead State Eagles,Guard,137.0,20,51,10,22,6,8,2,17,19,14,4,1,5,11,56,4,Ohio Valley,0.39215686274509803,0.45454545454545453,0.75,0.49019607843137253,34.25,5.0,12.75,2.5,5.5,0.5,4.25,4.75,3.5,1.0,0.25,1.25,14.0
4397866,Deon Stroud,2640,Texas Southern Tigers,Guard,147.0,18,42,7,25,11,14,5,15,20,4,0,3,3,13,54,4,SWAC,0.42857142857142855,0.28,0.7857142857142857,0.5119047619047619,36.75,4.5,10.5,1.75,6.25,1.25,3.75,5.0,1.0,0.0,0.75,0.75,13.5
4397867,Kaosi Ezeagu,166,New Mexico State Aggies,Forward,30.0,5,11,0,0,2,5,5,4,9,0,0,3,0,4,12,1,Conference USA,0.45454545454545453,,0.4,0.45454545454545453,30.0,5.0,11.0,0.0,0.0,5.0,4.0,9.0,0.0,0.0,3.0,0.0,12.0
4397882,Tolu Smith,344,Mississippi State Bulldogs,Forward,113.0,10,25,0,0,15,25,12,18,30,5,1,1,11,9,35,4,SEC,0.4,,0.6,0.4,28.25,2.5,6.25,0.0,0.0,3.0,4.5,7.5,1.25,0.25,0.25,2.75,8.75
4397884,Jeremiah Gambrell,2016,Alcorn State Braves,Shooting Guard,27.0,6,13,3,8,1,2,0,1,1,1,2,0,0,2,16,1,SWAC,0.46153846153846156,0.375,0.5,0.5769230769230769,27.0,6.0,13.0,3.0,8.0,0.0,1.0,1.0,1.0,2.0,0.0,0.0,16.0
4397913,Jaylan Gainey,52,Florida State Seminoles,Forward,18.0,3,5,0,0,1,2,2,1,3,0,1,2,2,1,7,2,ACC,0.6,,0.5,0.6,9.0,1.5,2.5,0.0,0.0,1.0,0.5,1.5,0.0,0.5,1.0,1.0,3.5
4397941,Dean Noll,2619,Stony Brook Seawolves,Guard,130.0,17,43,7,18,7,9,2,18,20,6,4,0,11,12,48,4,Coastal,0.3953488372093023,0.3888888888888889,0.7777777777777778,0.47674418604651164,32.5,4.25,10.75,1.75,4.5,0.5,4.5,5.0,1.5,1.0,0.0,2.75,12.0
4397970,Mason Forbes,2608,Saint Mary's Gaels,Forward,98.0,16,21,0,0,5,15,11,4,15,3,4,1,4,4,37,3,West Coast,0.7619047619047619,,0.3333333333333333,0.7619047619047619,32.666666666666664,5.333333333333333,7.0,0.0,0.0,3.6666666666666665,1.3333333333333333,5.0,1.0,1.3333333333333333,0.3333333333333333,1.3333333333333333,12.333333333333334
4397982,Bryce Washington,2275,Hofstra Pride,Guard,36.0,2,5,1,2,0,0,0,2,2,0,2,1,0,2,5,2,Coastal,0.4,0.5,,0.5,18.0,1.0,2.5,0.5,1.0,0.0,1.0,1.0,0.0,1.0,0.5,0.0,2.5
4397988,Jaxson Baker,160,New Hampshire Wildcats,Forward,68.0,10,24,6,15,5,7,2,16,18,1,1,2,2,6,31,2,America East,0.4166666666666667,0.4,0.7142857142857143,0.5416666666666666,34.0,5.0,12.0,3.0,7.5,1.0,8.0,9.0,0.5,0.5,1.0,1.0,15.5
4397994,Cameron Wilbon,2934,Cal State Bakersfield Roadrunners,Guard,24.0,2,3,0,0,2,2,0,0,0,0,0,0,0,2,6,1,Big West,0.6666666666666666,,1.0,0.6666666666666666,24.0,2.0,3.0,0.0,0.0,0.0,0.0,0.0,0.0,0.0,0.0,0.0,6.0
4397995,Aaron Clarke,2619,Stony Brook Seawolves,Guard,150.0,23,53,10,25,13,17,2,17,19,14,2,0,7,8,69,4,Coastal,0.4339622641509434,0.4,0.7647058823529411,0.5283018867924528,37.5,5.75,13.25,2.5,6.25,0.5,4.25,4.75,3.5,0.5,0.0,1.75,17.25
4398002,Jaelin Llewellyn,130,Michigan Wolverines,Guard,7.0,1,3,0,1,0,0,0,0,0,0,0,0,0,1,2,1,Big Ten,0.3333333333333333,0.0,,0.3333333333333333,7.0,1.0,3.0,0.0,1.0,0.0,0.0,0.0,0.0,0.0,0.0,0.0,2.0
4398030,Antoine Smith Jr.,45,George Washington Revolutionaries,Forward,7.0,0,0,0,0,0,0,0,1,1,0,0,0,0,2,0,1,Atlantic 10,,,,,7.0,0.0,0.0,0.0,0.0,0.0,1.0,1.0,0.0,0.0,0.0,0.0,0.0
4398146,Josiah Strong,36,Colorado State Rams,Guard,105.0,8,29,2,17,0,0,1,8,9,1,4,0,8,6,18,5,Mountain West,0.27586206896551724,0.11764705882352941,,0.3103448275862069,21.0,1.6,5.8,0.4,3.4,0.2,1.6,1.8,0.2,0.8,0.0,1.6,3.6
4398159,Kevin Easley Jr.,324,Coastal Carolina Chanticleers,Forward,62.0,10,19,1,2,1,5,4,11,15,6,2,1,2,3,22,2,Sun Belt,0.5263157894736842,0.5,0.2,0.5526315789473685,31.0,5.0,9.5,0.5,1.0,2.0,5.5,7.5,3.0,1.0,0.5,1.0,11.0
4398164,Ogheneyole Akuwovo,2230,Fordham Rams,Forward,8.0,0,0,0,0,0,0,0,0,0,0,1,0,0,0,0,2,Atlantic 10,,,,,4.0,0.0,0.0,0.0,0.0,0.0,0.0,0.0,0.0,0.5,0.0,0.0,0.0
4398214,Jarius Cook,294,Jacksonville Dolphins,Guard,38.0,3,9,3,7,2,2,3,1,4,2,0,0,1,1,11,3,ASUN,0.3333333333333333,0.42857142857142855,1.0,0.5,12.666666666666666,1.0,3.0,1.0,2.3333333333333335,1.0,0.3333333333333333,1.3333333333333333,0.6666666666666666,0.0,0.0,0.3333333333333333,3.6666666666666665
4398226,Fardaws Aimaq,25,California Golden Bears,Forward,28.0,4,8,0,1,0,0,1,8,9,2,1,0,1,5,8,1,Pac-12,0.5,0.0,,0.5,28.0,4.0,8.0,0.0,1.0,1.0,8.0,9.0,2.0,1.0,0.0,1.0,8.0
4398245,Robert Allen,249,North Texas Mean Green,Forward,105.0,15,31,0,1,2,3,19,7,26,3,2,4,3,10,32,4,American,0.4838709677419355,0.0,0.6666666666666666,0.4838709677419355,26.25,3.75,7.75,0.0,0.25,4.75,1.75,6.5,0.75,0.5,1.0,0.75,8.0
4398275,Isaiah Bigelow,257,Richmond Spiders,Forward,58.0,9,27,1,10,2,2,2,16,18,1,2,0,0,8,21,2,Atlantic 10,0.3333333333333333,0.1,1.0,0.35185185185185186,29.0,4.5,13.5,0.5,5.0,1.0,8.0,9.0,0.5,1.0,0.0,0.0,10.5
4398279,Messiah Jones,119,Towson Tigers,Forward,49.0,4,12,0,0,0,0,8,4,12,0,3,3,2,7,8,3,Coastal,0.3333333333333333,,,0.3333333333333333,16.333333333333332,1.3333333333333333,4.0,0.0,0.0,2.6666666666666665,1.3333333333333333,4.0,0.0,1.0,1.0,0.6666666666666666,2.6666666666666665
4398319,Tre King,66,Iowa State Cyclones,Forward,157.0,19,33,0,2,11,12,8,31,39,5,9,0,3,13,49,6,Big 12,0.5757575757575758,0.0,0.9166666666666666,0.5757575757575758,26.166666666666668,3.1666666666666665,5.5,0.0,0.3333333333333333,1.3333333333333333,5.166666666666667,6.5,0.8333333333333334,1.5,0.0,0.5,8.166666666666666
4398322,Cameron Jones,2377,McNeese Cowboys,Forward,7.0,0,0,0,0,0,0,0,2,2,0,0,0,0,1,0,3,Southland,,,,,2.3333333333333335,0.0,0.0,0.0,0.0,0.0,0.6666666666666666,0.6666666666666666,0.0,0.0,0.0,0.0,0.0
4398338,Matt Mims,2571,South Dakota State Jackrabbits,Guard,119.0,7,25,4,19,6,6,1,11,12,7,0,0,3,3,24,4,Summit League,0.28,0.21052631578947367,1.0,0.36,29.75,1.75,6.25,1.0,4.75,0.25,2.75,3.0,1.75,0.0,0.0,0.75,6.0
4398347,DaQuan Smith,2515,Radford Highlanders,Guard,71.0,8,35,2,14,4,4,2,5,7,4,4,0,3,4,22,2,Big South,0.22857142857142856,0.14285714285714285,1.0,0.2571428571428571,35.5,4.0,17.5,1.0,7.0,1.0,2.5,3.5,2.0,2.0,0.0,1.5,11.0
4398356,Gabe McGlothan,2253,Grand Canyon Lopes,Forward,137.0,9,31,1,9,12,15,12,19,31,3,11,3,6,11,31,4,United Athletic,0.2903225806451613,0.1111111111111111,0.8,0.3064516129032258,34.25,2.25,7.75,0.25,2.25,3.0,4.75,7.75,0.75,2.75,0.75,1.5,7.75
4398396,Tyrel Bladen,2450,Norfolk State Spartans,Forward,69.0,8,14,0,0,1,1,5,6,11,1,1,2,1,9,17,4,MEAC,0.5714285714285714,,1.0,0.5714285714285714,17.25,2.0,3.5,0.0,0.0,1.25,1.5,2.75,0.25,0.25,0.5,0.25,4.25
4398397,Matt Balanc,2514,Quinnipiac Bobcats,Guard,110.0,13,45,4,15,9,11,2,9,11,6,3,0,5,8,39,3,MAAC,0.28888888888888886,0.26666666666666666,0.8181818181818182,0.3333333333333333,36.666666666666664,4.333333333333333,15.0,1.3333333333333333,5.0,0.6666666666666666,3.0,3.6666666666666665,2.0,1.0,0.0,1.6666666666666667,13.0
4398398,Savion Lewis,2514,Quinnipiac Bobcats,Guard,94.0,10,23,0,0,4,5,3,7,10,22,4,0,5,5,24,3,MAAC,0.43478260869565216,,0.8,0.43478260869565216,31.333333333333332,3.3333333333333335,7.666666666666667,0.0,0.0,1.0,2.3333333333333335,3.3333333333333335,7.333333333333333,1.3333333333333333,0.0,1.6666666666666667,8.0
4398403,Raheem Solomon,2529,Sacred Heart Pioneers,Guard,28.0,3,9,1,4,0,0,2,0,2,1,1,0,4,1,7,1,Northeast,0.3333333333333333,0.25,,0.3888888888888889,28.0,3.0,9.0,1.0,4.0,2.0,0.0,2.0,1.0,1.0,0.0,4.0,7.0
4401637,Cooper Smith,130,Michigan Wolverines,Guard,1.0,0,0,0,0,0,0,0,0,0,0,1,0,0,0,0,1,Big Ten,,,,,1.0,0.0,0.0,0.0,0.0,0.0,0.0,0.0,0.0,1.0,0.0,0.0,0.0
4410862,Jeffrey Yan,299,Long Beach State Beach,Center,2.0,0,0,0,0,1,2,1,1,2,0,0,1,0,0,1,2,Big West,,,0.5,,1.0,0.0,0.0,0.0,0.0,0.5,0.5,1.0,0.0,0.0,0.5,0.0,0.5
4431674,Armando Bacot,153,North Carolina Tar Heels,Forward,189.0,39,72,0,0,30,38,26,41,67,7,6,7,12,14,108,6,ACC,0.5416666666666666,,0.7894736842105263,0.5416666666666666,31.5,6.5,12.0,0.0,0.0,4.333333333333333,6.833333333333333,11.166666666666666,1.1666666666666667,1.0,1.1666666666666667,2.0,18.0
4431676,Samuell Williamson,2567,SMU Mustangs,Forward,19.0,1,7,0,1,1,1,3,1,4,0,0,0,2,3,3,2,American,0.14285714285714285,0.0,1.0,0.14285714285714285,9.5,0.5,3.5,0.0,0.5,1.5,0.5,2.0,0.0,0.0,0.0,1.0,1.5
4431682,D.J. Jeffries,344,Mississippi State Bulldogs,Forward,118.0,14,24,4,11,4,8,5,21,26,5,5,0,7,6,36,4,SEC,0.5833333333333334,0.36363636363636365,0.5,0.6666666666666666,29.5,3.5,6.0,1.0,2.75,1.25,5.25,6.5,1.25,1.25,0.0,1.75,9.0
4431685,Josiah-Jordan James,2633,Tennessee Volunteers,Guard,150.0,11,25,6,13,4,4,11,20,31,10,10,4,4,13,32,5,SEC,0.44,0.46153846153846156,1.0,0.56,30.0,2.2,5.0,1.2,2.6,2.2,4.0,6.2,2.0,2.0,0.8,0.8,6.4
4431689,Keion Brooks Jr.,264,Washington Huskies,Forward,38.0,4,16,1,8,4,4,1,7,8,0,3,0,2,0,13,1,Pac-12,0.25,0.125,1.0,0.28125,38.0,4.0,16.0,1.0,8.0,1.0,7.0,8.0,0.0,3.0,0.0,2.0,13.0
4431691,Will Baker,99,LSU Tigers,Forward,28.0,4,8,3,5,0,0,0,3,3,1,0,0,1,1,11,2,SEC,0.5,0.6,,0.6875,14.0,2.0,4.0,1.5,2.5,0.0,1.5,1.5,0.5,0.0,0.0,0.5,5.5
4431694,Alonzo Gaffney,9,Arizona State Sun Devils,Forward,16.0,2,4,0,2,1,2,1,2,3,1,0,0,0,5,5,1,Pac-12,0.5,0.0,0.5,0.5,16.0,2.0,4.0,0.0,2.0,1.0,2.0,3.0,1.0,0.0,0.0,0.0,5.0
4431696,Symir Torrence,2066,Binghamton Bearcats,Guard,24.0,1,3,0,2,0,4,0,4,4,1,0,0,2,2,2,1,America East,0.3333333333333333,0.0,0.0,0.3333333333333333,24.0,1.0,3.0,0.0,2.0,0.0,4.0,4.0,1.0,0.0,0.0,2.0,2.0
4431697,Aidan Igiehon,2000,Abilene Christian Wildcats,Forward,4.0,0,0,0,0,0,0,0,1,1,0,0,0,1,1,0,1,United Athletic,,,,,4.0,0.0,0.0,0.0,0.0,0.0,1.0,1.0,0.0,0.0,0.0,1.0,0.0
4431698,Jalen Cone,25,California Golden Bears,Guard,39.0,5,13,5,13,4,5,2,2,4,5,2,0,1,3,19,1,Pac-12,0.38461538461538464,0.38461538461538464,0.8,0.5769230769230769,39.0,5.0,13.0,5.0,13.0,2.0,2.0,4.0,5.0,2.0,0.0,1.0,19.0
4431701,Harlond Beverly,2724,Wichita State Shockers,Guard,94.0,15,33,4,11,8,10,2,13,15,6,8,7,5,5,42,3,American,0.45454545454545453,0.36363636363636365,0.8,0.5151515151515151,31.333333333333332,5.0,11.0,1.3333333333333333,3.6666666666666665,0.6666666666666666,4.333333333333333,5.0,2.0,2.6666666666666665,2.3333333333333335,1.6666666666666667,14.0
4431702,Chol Marial,204,Oregon State Beavers,Center,10.0,0,1,0,0,0,0,0,0,0,0,0,1,1,1,0,1,Pac-12,0.0,,,0.0,10.0,0.0,1.0,0.0,0.0,0.0,0.0,0.0,0.0,0.0,1.0,1.0,0.0
4431704,Casey Morsell,152,NC State Wolfpack,Guard,338.0,34,91,7,30,28,31,6,16,22,9,18,4,3,22,103,10,ACC,0.37362637362637363,0.23333333333333334,0.9032258064516129,0.41208791208791207,33.8,3.4,9.1,0.7,3.0,0.6,1.6,2.2,0.9,1.8,0.4,0.3,10.3
4431705,Anton Watson,2250,Gonzaga Bulldogs,Forward,174.0,32,61,3,10,16,23,7,30,37,14,4,2,6,15,83,5,West Coast,0.5245901639344263,0.3,0.6956521739130435,0.5491803278688525,34.8,6.4,12.2,0.6,2.0,1.4,6.0,7.4,2.8,0.8,0.4,1.2,16.6
4431706,Akok Akok,277,West Virginia Mountaineers,Forward,8.0,0,0,0,0,2,2,0,1,1,0,0,0,0,0,2,1,Big 12,,,1.0,,8.0,0.0,0.0,0.0,0.0,0.0,1.0,1.0,0.0,0.0,0.0,0.0,2.0
4431707,Juwan Gary,158,Nebraska Cornhuskers,Forward,78.0,9,20,1,7,8,10,3,11,14,6,4,0,2,11,27,3,Big Ten,0.45,0.14285714285714285,0.8,0.475,26.0,3.0,6.666666666666667,0.3333333333333333,2.3333333333333335,1.0,3.6666666666666665,4.666666666666667,2.0,1.3333333333333333,0.0,0.6666666666666666,9.0
4431708,Makhi Mitchell,8,Arkansas Razorbacks,Forward,61.0,14,22,0,0,5,7,3,9,12,4,2,4,3,5,33,2,SEC,0.6363636363636364,,0.7142857142857143,0.6363636363636364,30.5,7.0,11.0,0.0,0.0,1.5,4.5,6.0,2.0,1.0,2.0,1.5,16.5
4431709,Christian Brown,2634,Tennessee State Tigers,Guard,58.0,8,17,3,8,10,15,2,9,11,1,8,1,4,4,29,2,Ohio Valley,0.47058823529411764,0.375,0.6666666666666666,0.5588235294117647,29.0,4.0,8.5,1.5,4.0,1.0,4.5,5.5,0.5,4.0,0.5,2.0,14.5
4431710,Kadin Shedrick,251,Texas Longhorns,Forward,41.0,4,8,0,0,4,6,1,4,5,0,2,3,2,5,12,3,Big 12,0.5,,0.6666666666666666,0.5,13.666666666666666,1.3333333333333333,2.6666666666666665,0.0,0.0,0.3333333333333333,1.3333333333333333,1.6666666666666667,0.0,0.6666666666666666,1.0,0.6666666666666666,4.0
4431711,Greg Gantt Jr.,2427,UNC Asheville Bulldogs,Forward,38.0,1,3,0,0,4,4,3,1,4,3,0,0,1,13,6,3,Big South,0.3333333333333333,,1.0,0.3333333333333333,12.666666666666666,0.3333333333333333,1.0,0.0,0.0,1.0,0.3333333333333333,1.3333333333333333,1.0,0.0,0.0,0.3333333333333333,2.0
4431713,Jaykwon Walton,235,Memphis Tigers,Guard,31.0,2,9,1,5,0,0,1,2,3,3,2,0,1,0,5,1,American,0.2222222222222222,0.2,,0.2777777777777778,31.0,2.0,9.0,1.0,5.0,1.0,2.0,3.0,3.0,2.0,0.0,1.0,5.0
4431716,Brycen Goodine,2217,Fairfield Stags,Guard,77.0,8,27,2,12,3,4,2,10,12,1,4,0,2,7,21,3,MAAC,0.2962962962962963,0.16666666666666666,0.75,0.3333333333333333,25.666666666666668,2.6666666666666665,9.0,0.6666666666666666,4.0,0.6666666666666666,3.3333333333333335,4.0,0.3333333333333333,1.3333333333333333,0.0,0.6666666666666666,7.0
4431718,Eric Dixon,222,Villanova Wildcats,Forward,108.0,21,49,5,21,14,19,6,27,33,5,3,2,8,9,61,3,Big East,0.42857142857142855,0.23809523809523808,0.7368421052631579,0.47959183673469385,36.0,7.0,16.333333333333332,1.6666666666666667,7.0,2.0,9.0,11.0,1.6666666666666667,1.0,0.6666666666666666,2.6666666666666665,20.333333333333332
4431719,Khalif Battle,8,Arkansas Razorbacks,Guard,80.0,12,24,2,9,18,19,1,12,13,5,3,1,7,3,44,2,SEC,0.5,0.2222222222222222,0.9473684210526315,0.5416666666666666,40.0,6.0,12.0,1.0,4.5,0.5,6.0,6.5,2.5,1.5,0.5,3.5,22.0
4431721,Chandler Lawson,8,Arkansas Razorbacks,Forward,27.0,1,6,0,1,0,0,0,2,2,1,1,0,1,3,2,2,SEC,0.16666666666666666,0.0,,0.16666666666666666,13.5,0.5,3.0,0.0,0.5,0.0,1.0,1.0,0.5,0.5,0.0,0.5,1.0
4431722,Jaylen Forbes,2655,Tulane Green Wave,Guard,40.0,2,10,1,4,3,5,1,4,5,3,0,2,3,2,8,1,American,0.2,0.25,0.6,0.25,40.0,2.0,10.0,1.0,4.0,1.0,4.0,5.0,3.0,0.0,2.0,3.0,8.0
4431724,Victor Iwuakor,2572,Southern Miss Golden Eagles,Forward,35.0,2,6,0,0,2,5,3,3,6,0,1,5,5,5,6,1,Sun Belt,0.3333333333333333,,0.4,0.3333333333333333,35.0,2.0,6.0,0.0,0.0,3.0,3.0,6.0,0.0,1.0,5.0,5.0,6.0
4431725,Sahvir Wheeler,264,Washington Huskies,Guard,31.0,7,10,1,2,5,7,1,1,2,7,2,0,3,4,20,1,Pac-12,0.7,0.5,0.7142857142857143,0.75,31.0,7.0,10.0,1.0,2.0,1.0,1.0,2.0,7.0,2.0,0.0,3.0,20.0
4431726,RaeQuan Battle,277,West Virginia Mountaineers,Guard,25.0,6,12,2,5,0,0,0,3,3,2,1,1,2,4,14,1,Big 12,0.5,0.4,,0.5833333333333334,25.0,6.0,12.0,2.0,5.0,0.0,3.0,3.0,2.0,1.0,1.0,2.0,14.0
4431728,Chris Ledlum,2599,St. John's Red Storm,Guard,57.0,5,17,3,7,4,4,6,9,15,2,3,5,1,6,17,2,Big East,0.29411764705882354,0.42857142857142855,1.0,0.38235294117647056,28.5,2.5,8.5,1.5,3.5,3.0,4.5,7.5,1.0,1.5,2.5,0.5,8.5
4431730,Al-Amir Dawes,2550,Seton Hall Pirates,Guard,229.0,44,94,23,51,16,17,2,29,31,14,11,1,7,8,127,6,Big East,0.46808510638297873,0.45098039215686275,0.9411764705882353,0.5904255319148937,38.166666666666664,7.333333333333333,15.666666666666666,3.8333333333333335,8.5,0.3333333333333333,4.833333333333333,5.166666666666667,2.3333333333333335,1.8333333333333333,0.16666666666666666,1.1666666666666667,21.166666666666668
4431732,Jalen Gaffney,2226,Florida Atlantic Owls,Guard,56.0,4,9,2,5,0,0,0,5,5,4,1,1,7,2,10,3,American,0.4444444444444444,0.4,,0.5555555555555556,18.666666666666668,1.3333333333333333,3.0,0.6666666666666666,1.6666666666666667,0.0,1.6666666666666667,1.6666666666666667,1.3333333333333333,0.3333333333333333,0.3333333333333333,2.3333333333333335,3.3333333333333335
4431734,Tristan Enaruna,325,Cleveland State Vikings,Forward,127.0,25,51,4,8,8,9,7,18,25,8,4,3,8,7,62,4,Horizon,0.49019607843137253,0.5,0.8888888888888888,0.5294117647058824,31.75,6.25,12.75,1.0,2.0,1.75,4.5,6.25,2.0,1.0,0.75,2.0,15.5
4431737,Robbie Beran,259,Virginia Tech Hokies,Forward,52.0,0,6,0,4,0,0,0,10,10,2,2,1,3,11,0,3,ACC,0.0,0.0,,0.0,17.333333333333332,0.0,2.0,0.0,1.3333333333333333,0.0,3.3333333333333335,3.3333333333333335,0.6666666666666666,0.6666666666666666,0.3333333333333333,1.0,0.0
4431739,Qudus Wahab,213,Penn State Nittany Lions,Forward,58.0,3,16,0,0,11,16,7,10,17,1,2,4,2,8,17,2,Big Ten,0.1875,,0.6875,0.1875,29.0,1.5,8.0,0.0,0.0,3.5,5.0,8.5,0.5,1.0,2.0,1.0,8.5
4431740,Jae'Lyn Withers,153,North Carolina Tar Heels,Forward,82.0,13,21,1,3,7,11,10,25,35,7,4,1,6,13,34,6,ACC,0.6190476190476191,0.3333333333333333,0.6363636363636364,0.6428571428571429,13.666666666666666,2.1666666666666665,3.5,0.16666666666666666,0.5,1.6666666666666667,4.166666666666667,5.833333333333333,1.1666666666666667,0.6666666666666666,0.16666666666666666,1.0,5.666666666666667
4431741,Dontaie Allen,98,Western Kentucky Hilltoppers,Guard,50.0,9,17,7,14,0,2,0,4,4,1,4,2,2,4,25,3,Conference USA,0.5294117647058824,0.5,0.0,0.7352941176470589,16.666666666666668,3.0,5.666666666666667,2.3333333333333335,4.666666666666667,0.0,1.3333333333333333,1.3333333333333333,0.3333333333333333,1.3333333333333333,0.6666666666666666,0.6666666666666666,8.333333333333334
4431742,Elias King,2393,Middle Tennessee Blue Raiders,Guard,56.0,3,11,1,5,2,2,0,5,5,2,0,2,4,4,9,2,Conference USA,0.2727272727272727,0.2,1.0,0.3181818181818182,28.0,1.5,5.5,0.5,2.5,0.0,2.5,2.5,1.0,0.0,1.0,2.0,4.5
4431746,Joseph Girard III,228,Clemson Tigers,Guard,172.0,19,50,12,35,6,9,0,16,16,16,3,0,6,7,56,5,ACC,0.38,0.34285714285714286,0.6666666666666666,0.5,34.4,3.8,10.0,2.4,7.0,0.0,3.2,3.2,3.2,0.6,0.0,1.2,11.2
4431749,Isaiah Thompson,526,Florida Gulf Coast Eagles,Guard,37.0,11,19,7,11,2,3,0,2,2,1,3,0,0,2,31,1,ASUN,0.5789473684210527,0.6363636363636364,0.6666666666666666,0.7631578947368421,37.0,11.0,19.0,7.0,11.0,0.0,2.0,2.0,1.0,3.0,0.0,0.0,31.0
4431751,Rylan Jones,2535,Samford Bulldogs,Guard,118.0,15,41,7,21,4,6,2,10,12,21,9,1,10,12,41,4,Southern,0.36585365853658536,0.3333333333333333,0.6666666666666666,0.45121951219512196,29.5,3.75,10.25,1.75,5.25,0.5,2.5,3.0,5.25,2.25,0.25,2.5,10.25
4431753,Mason Gillis,2509,Purdue Boilermakers,Forward,197.0,11,32,10,26,4,4,9,26,35,14,0,0,7,7,36,8,Big Ten,0.34375,0.38461538461538464,1.0,0.5,24.625,1.375,4.0,1.25,3.25,1.125,3.25,4.375,1.75,0.0,0.0,0.875,4.5
4431757,Cole Bajema,254,Utah Utes,Guard,187.0,24,53,13,33,7,9,0,19,19,9,4,3,3,12,68,6,Pac-12,0.4528301886792453,0.3939393939393939,0.7777777777777778,0.5754716981132075,31.166666666666668,4.0,8.833333333333334,2.1666666666666665,5.5,0.0,3.1666666666666665,3.1666666666666665,1.5,0.6666666666666666,0.5,0.5,11.333333333333334
4431758,Austin Crowley,2572,Southern Miss Golden Eagles,Guard,40.0,6,13,3,7,1,2,0,1,1,2,2,0,4,2,16,1,Sun Belt,0.46153846153846156,0.42857142857142855,0.5,0.5769230769230769,40.0,6.0,13.0,3.0,7.0,0.0,1.0,1.0,2.0,2.0,0.0,4.0,16.0
4431761,Ismael Massoud,46,Georgetown Hoyas,Forward,7.0,1,3,1,2,0,0,0,1,1,0,0,0,0,0,3,1,Big East,0.3333333333333333,0.5,,0.5,7.0,1.0,3.0,1.0,2.0,0.0,1.0,1.0,0.0,0.0,0.0,0.0,3.0
4431763,Jaelen House,167,New Mexico Lobos,Guard,161.0,35,82,9,29,25,27,0,17,17,16,9,0,8,12,104,5,Mountain West,0.4268292682926829,0.3103448275862069,0.9259259259259259,0.4817073170731707,32.2,7.0,16.4,1.8,5.8,0.0,3.4,3.4,3.2,1.8,0.0,1.6,20.8
4431764,Tyreek Smith,2567,SMU Mustangs,Forward,34.0,7,14,0,0,5,7,1,3,4,0,3,3,2,7,19,2,American,0.5,,0.7142857142857143,0.5,17.0,3.5,7.0,0.0,0.0,0.5,1.5,2.0,0.0,1.5,1.5,1.0,9.5
4431765,Jarod Lucas,2440,Nevada Wolf Pack,Guard,77.0,12,29,5,16,6,7,0,7,7,1,1,0,2,2,35,2,Mountain West,0.41379310344827586,0.3125,0.8571428571428571,0.5,38.5,6.0,14.5,2.5,8.0,0.0,3.5,3.5,0.5,0.5,0.0,1.0,17.5
4431768,Quinn Slazinski,277,West Virginia Mountaineers,Forward,27.0,4,8,3,5,4,4,1,6,7,4,0,0,2,3,15,1,Big 12,0.5,0.6,1.0,0.6875,27.0,4.0,8.0,3.0,5.0,1.0,6.0,7.0,4.0,0.0,0.0,2.0,15.0
4431769,Issac McBride,198,Oral Roberts Golden Eagles,Guard,78.0,16,31,8,14,3,3,4,4,8,9,1,0,2,3,43,2,Summit League,0.5161290322580645,0.5714285714285714,1.0,0.6451612903225806,39.0,8.0,15.5,4.0,7.0,2.0,2.0,4.0,4.5,0.5,0.0,1.0,21.5
4431770,James Bishop IV,45,George Washington Revolutionaries,Guard,39.0,5,18,4,8,5,9,0,2,2,1,0,0,2,2,19,1,Atlantic 10,0.2777777777777778,0.5,0.5555555555555556,0.3888888888888889,39.0,5.0,18.0,4.0,8.0,0.0,2.0,2.0,1.0,0.0,0.0,2.0,19.0
4431774,Kyle Sturdivant,59,Georgia Tech Yellow Jackets,Guard,32.0,3,7,1,5,3,4,1,1,2,2,0,0,2,2,10,1,ACC,0.42857142857142855,0.2,0.75,0.5,32.0,3.0,7.0,1.0,5.0,1.0,1.0,2.0,2.0,0.0,0.0,2.0,10.0
4431776,Jaylin Williams,2,Auburn Tigers,Forward,100.0,14,26,3,8,4,4,1,18,19,5,2,7,7,12,35,4,SEC,0.5384615384615384,0.375,1.0,0.5961538461538461,25.0,3.5,6.5,0.75,2.0,0.25,4.5,4.75,1.25,0.5,1.75,1.75,8.75
4431777,Makhel Mitchell,2031,Little Rock Trojans,Forward,40.0,3,6,0,0,2,4,0,5,5,8,1,4,1,5,8,2,Ohio Valley,0.5,,0.5,0.5,20.0,1.5,3.0,0.0,0.0,0.0,2.5,2.5,4.0,0.5,2.0,0.5,4.0
4431781,Dieonte Miles,2413,Morehead State Eagles,Forward,71.0,3,6,0,0,0,0,3,7,10,4,1,2,2,9,6,4,Ohio Valley,0.5,,,0.5,17.75,0.75,1.5,0.0,0.0,0.75,1.75,2.5,1.0,0.25,0.5,0.5,1.5
4431786,Keshad Johnson,12,Arizona Wildcats,Forward,158.0,19,37,5,13,2,5,8,22,30,7,8,1,7,13,45,5,Pac-12,0.5135135135135135,0.38461538461538464,0.4,0.581081081081081,31.6,3.8,7.4,1.0,2.6,1.6,4.4,6.0,1.4,1.6,0.2,1.4,9.0
4431787,Joel Brown,314,Iona Gaels,Guard,60.0,8,15,0,2,1,5,1,6,7,6,4,0,4,7,17,2,MAAC,0.5333333333333333,0.0,0.2,0.5333333333333333,30.0,4.0,7.5,0.0,1.0,0.5,3.0,3.5,3.0,2.0,0.0,2.0,8.5
4431788,Jason Jitoboh,2634,Tennessee State Tigers,Forward,40.0,5,11,0,0,4,4,2,4,6,0,0,4,2,8,14,2,Ohio Valley,0.45454545454545453,,1.0,0.45454545454545453,20.0,2.5,5.5,0.0,0.0,1.0,2.0,3.0,0.0,0.0,2.0,1.0,7.0
4431789,DeAntoni Gordon,2031,Little Rock Trojans,Forward,85.0,14,26,1,1,4,5,3,5,8,4,2,1,3,4,33,3,Ohio Valley,0.5384615384615384,1.0,0.8,0.5576923076923077,28.333333333333332,4.666666666666667,8.666666666666666,0.3333333333333333,0.3333333333333333,1.0,1.6666666666666667,2.6666666666666665,1.3333333333333333,0.6666666666666666,0.3333333333333333,1.0,11.0
4431790,Sherif Gross-Bullock,2803,Bryant Bulldogs,Guard,79.0,13,28,1,13,4,6,1,12,13,9,3,1,8,5,31,2,America East,0.4642857142857143,0.07692307692307693,0.6666666666666666,0.48214285714285715,39.5,6.5,14.0,0.5,6.5,0.5,6.0,6.5,4.5,1.5,0.5,4.0,15.5
4431793,Drew Pember,2427,UNC Asheville Bulldogs,Forward,99.0,20,46,10,27,18,22,5,28,33,15,5,6,6,7,68,3,Big South,0.43478260869565216,0.37037037037037035,0.8181818181818182,0.5434782608695652,33.0,6.666666666666667,15.333333333333334,3.3333333333333335,9.0,1.6666666666666667,9.333333333333334,11.0,5.0,1.6666666666666667,2.0,2.0,22.666666666666668
4431795,Josh Pierre-Louis,2540,UC Santa Barbara Gauchos,Guard,22.0,2,4,0,1,2,6,0,0,0,4,2,0,3,5,6,1,Big West,0.5,0.0,0.3333333333333333,0.5,22.0,2.0,4.0,0.0,1.0,0.0,0.0,0.0,4.0,2.0,0.0,3.0,6.0
4431800,Max Lorca-Lloyd,2378,UMBC Retrievers,Center,24.0,1,4,0,0,0,1,1,3,4,1,2,5,4,4,2,1,America East,0.25,,0.0,0.25,24.0,1.0,4.0,0.0,0.0,1.0,3.0,4.0,1.0,2.0,5.0,4.0,2.0
4431805,Wildens Leveque,245,Texas A&M Aggies,Forward,35.0,3,8,0,0,4,8,5,4,9,0,0,1,1,6,10,5,SEC,0.375,,0.5,0.375,7.0,0.6,1.6,0.0,0.0,1.0,0.8,1.8,0.0,0.0,0.2,0.2,2.0
4431808,Ethan Anderson,2492,Pepperdine Waves,Guard,57.0,5,11,0,1,0,0,3,2,5,14,0,1,4,2,10,2,West Coast,0.45454545454545453,0.0,,0.45454545454545453,28.5,2.5,5.5,0.0,0.5,1.5,1.0,2.5,7.0,0.0,0.5,2.0,5.0
4431810,Michael Moreno,2198,Eastern Kentucky Colonels,Forward,29.0,1,4,0,2,2,2,2,5,7,0,0,0,0,1,4,1,ASUN,0.25,0.0,1.0,0.25,29.0,1.0,4.0,0.0,2.0,2.0,5.0,7.0,0.0,0.0,0.0,0.0,4.0
4431815,Gianni Hunt,2463,Cal State Northridge Matadors,Guard,61.0,5,17,4,12,2,2,0,7,7,11,1,1,2,7,16,2,Big West,0.29411764705882354,0.3333333333333333,1.0,0.4117647058823529,30.5,2.5,8.5,2.0,6.0,0.0,3.5,3.5,5.5,0.5,0.5,1.0,8.0
4431816,Jesse Edwards,277,West Virginia Mountaineers,Center,25.0,7,8,0,0,3,7,2,3,5,1,1,2,1,4,17,1,Big 12,0.875,,0.42857142857142855,0.875,25.0,7.0,8.0,0.0,0.0,2.0,3.0,5.0,1.0,1.0,2.0,1.0,17.0
4431818,Tyson Jackson,2443,New Orleans Privateers,Forward,37.0,4,11,0,0,2,3,1,6,7,1,1,2,0,7,10,2,Southland,0.36363636363636365,,0.6666666666666666,0.36363636363636365,18.5,2.0,5.5,0.0,0.0,0.5,3.0,3.5,0.5,0.5,1.0,0.0,5.0
4431819,Diante Smith,2447,Nicholls Colonels,Forward,105.0,24,45,8,19,13,17,1,11,12,5,4,3,8,8,69,3,Southland,0.5333333333333333,0.42105263157894735,0.7647058823529411,0.6222222222222222,35.0,8.0,15.0,2.6666666666666665,6.333333333333333,0.3333333333333333,3.6666666666666665,4.0,1.6666666666666667,1.3333333333333333,1.0,2.6666666666666665,23.0
4431824,Moulaye Sissoko,249,North Texas Mean Green,Forward,53.0,0,5,0,0,2,2,7,9,16,1,1,2,3,8,2,4,American,0.0,,1.0,0.0,13.25,0.0,1.25,0.0,0.0,1.75,2.25,4.0,0.25,0.25,0.5,0.75,0.5
4431826,Jovan Blacksher Jr.,2253,Grand Canyon Lopes,Guard,87.0,6,14,3,9,9,10,0,4,4,7,3,2,3,5,24,4,United Athletic,0.42857142857142855,0.3333333333333333,0.9,0.5357142857142857,21.75,1.5,3.5,0.75,2.25,0.0,1.0,1.0,1.75,0.75,0.5,0.75,6.0
4431827,Michael Christmas,2344,Longwood Lancers,Forward,124.0,12,30,5,14,7,9,2,14,16,5,3,1,8,6,36,4,Big South,0.4,0.35714285714285715,0.7777777777777778,0.48333333333333334,31.0,3.0,7.5,1.25,3.5,0.5,3.5,4.0,1.25,0.75,0.25,2.0,9.0
4431830,Joshua Morgan,30,USC Trojans,Forward,49.0,6,11,0,0,3,3,4,1,5,3,0,6,3,8,15,2,Pac-12,0.5454545454545454,,1.0,0.5454545454545454,24.5,3.0,5.5,0.0,0.0,2.0,0.5,2.5,1.5,0.0,3.0,1.5,7.5
4431831,Mika Adams-Woods,179,St. Bonaventure Bonnies,Guard,118.0,11,33,1,9,10,11,3,8,11,13,4,1,5,7,33,3,Atlantic 10,0.3333333333333333,0.1111111111111111,0.9090909090909091,0.3484848484848485,39.333333333333336,3.6666666666666665,11.0,0.3333333333333333,3.0,1.0,2.6666666666666665,3.6666666666666665,4.333333333333333,1.3333333333333333,0.3333333333333333,1.6666666666666667,11.0
4431833,Gerald Drumgoole Jr.,48,Delaware Blue Hens,Guard,51.0,14,24,7,13,5,7,1,4,5,4,1,0,3,1,40,2,Coastal,0.5833333333333334,0.5384615384615384,0.7142857142857143,0.7291666666666666,25.5,7.0,12.0,3.5,6.5,0.5,2.0,2.5,2.0,0.5,0.0,1.5,20.0
4431837,B.J. Mack,2579,South Carolina Gamecocks,Forward,71.0,12,32,5,13,17,17,4,17,21,2,1,0,3,10,46,3,SEC,0.375,0.38461538461538464,1.0,0.453125,23.666666666666668,4.0,10.666666666666666,1.6666666666666667,4.333333333333333,1.3333333333333333,5.666666666666667,7.0,0.6666666666666666,0.3333333333333333,0.0,1.0,15.333333333333334
4431843,Ayinde Hikim,2349,UMass Lowell River Hawks,Guard,119.0,12,31,3,6,10,12,4,8,12,10,7,2,20,9,37,3,America East,0.3870967741935484,0.5,0.8333333333333334,0.43548387096774194,39.666666666666664,4.0,10.333333333333334,1.0,2.0,1.3333333333333333,2.6666666666666665,4.0,3.3333333333333335,2.3333333333333335,0.6666666666666666,6.666666666666667,12.333333333333334
4431844,Dearon Tucker,2463,Cal State Northridge Matadors,Center,44.0,1,4,0,0,3,5,1,7,8,1,1,1,3,7,5,2,Big West,0.25,,0.6,0.25,22.0,0.5,2.0,0.0,0.0,0.5,3.5,4.0,0.5,0.5,0.5,1.5,2.5
4431854,Justin Winston,2154,Coppin State Eagles,Forward,14.0,0,3,0,0,0,0,1,2,3,0,0,1,3,5,0,1,MEAC,0.0,,,0.0,14.0,0.0,3.0,0.0,0.0,1.0,2.0,3.0,0.0,0.0,1.0,3.0,0.0
4431859,Drew Lowder,325,Cleveland State Vikings,Guard,162.0,19,64,10,33,7,9,1,9,10,16,6,1,6,8,55,5,Horizon,0.296875,0.30303030303030304,0.7777777777777778,0.375,32.4,3.8,12.8,2.0,6.6,0.2,1.8,2.0,3.2,1.2,0.2,1.2,11.0
4431864,Keyshaun Langley,2430,UNC Greensboro Spartans,Guard,36.0,4,9,2,6,0,0,1,2,3,5,3,0,3,0,10,1,Southern,0.4444444444444444,0.3333333333333333,,0.5555555555555556,36.0,4.0,9.0,2.0,6.0,1.0,2.0,3.0,5.0,3.0,0.0,3.0,10.0
4431868,Bernardo da Silva,62,Hawai'i Rainbow Warriors,Forward,64.0,9,14,0,0,10,18,4,8,12,2,0,0,2,6,28,2,Big West,0.6428571428571429,,0.5555555555555556,0.6428571428571429,32.0,4.5,7.0,0.0,0.0,2.0,4.0,6.0,1.0,0.0,0.0,1.0,14.0
4431873,Babatunde Akingbola,45,George Washington Revolutionaries,Center,32.0,1,2,0,0,2,2,3,7,10,2,0,1,1,2,4,1,Atlantic 10,0.5,,1.0,0.5,32.0,1.0,2.0,0.0,0.0,3.0,7.0,10.0,2.0,0.0,1.0,1.0,4.0
4431877,Dexter Akanno,204,Oregon State Beavers,Guard,38.0,6,12,2,5,0,2,1,2,3,2,0,0,2,2,14,1,Pac-12,0.5,0.4,0.0,0.5833333333333334,38.0,6.0,12.0,2.0,5.0,1.0,2.0,3.0,2.0,0.0,0.0,2.0,14.0
4431879,Cade Alger,21,San Diego State Aztecs,Forward,4.0,1,2,0,1,0,0,0,2,2,0,0,0,0,0,2,2,Mountain West,0.5,0.0,,0.5,2.0,0.5,1.0,0.0,0.5,0.0,1.0,1.0,0.0,0.0,0.0,0.0,1.0
4431889,Jaden Bediako,2550,Seton Hall Pirates,Center,131.0,18,24,0,0,4,8,8,15,23,3,4,7,7,17,40,6,Big East,0.75,,0.5,0.75,21.833333333333332,3.0,4.0,0.0,0.0,1.3333333333333333,2.5,3.8333333333333335,0.5,0.6666666666666666,1.1666666666666667,1.1666666666666667,6.666666666666667
4431890,Neal Begovich,150,Duke Blue Devils,Forward,4.0,0,1,0,0,0,0,0,0,0,0,0,0,0,0,0,1,ACC,0.0,,,0.0,4.0,0.0,1.0,0.0,0.0,0.0,0.0,0.0,0.0,0.0,0.0,0.0,0.0
4431893,Jamison Battle,194,Ohio State Buckeyes,Forward,168.0,31,68,10,26,32,36,10,28,38,12,1,1,8,11,104,5,Big Ten,0.45588235294117646,0.38461538461538464,0.8888888888888888,0.5294117647058824,33.6,6.2,13.6,2.0,5.2,2.0,5.6,7.6,2.4,0.2,0.2,1.6,20.8
4431901,Keylan Boone,2439,UNLV Rebels,Forward,153.0,22,52,11,27,8,9,2,31,33,2,5,8,5,8,63,4,Mountain West,0.4230769230769231,0.4074074074074074,0.8888888888888888,0.5288461538461539,38.25,5.5,13.0,2.75,6.75,0.5,7.75,8.25,0.5,1.25,2.0,1.25,15.75
4431903,Jalen Benjamin,2541,Santa Clara Broncos,Guard,40.0,3,11,1,3,3,4,0,4,4,8,1,0,6,0,10,2,West Coast,0.2727272727272727,0.3333333333333333,0.75,0.3181818181818182,20.0,1.5,5.5,0.5,1.5,0.0,2.0,2.0,4.0,0.5,0.0,3.0,5.0
4431912,Courtney Brown Jr.,2900,St. Thomas-Minnesota Tommies,Forward,1.0,0,0,0,0,0,0,0,0,0,0,0,0,0,0,0,1,Summit League,,,,,1.0,0.0,0.0,0.0,0.0,0.0,0.0,0.0,0.0,0.0,0.0,0.0,0.0
4431914,Tyler Burton,222,Villanova Wildcats,Forward,63.0,7,12,2,7,0,0,1,9,10,3,1,2,1,9,16,3,Big East,0.5833333333333334,0.2857142857142857,,0.6666666666666666,21.0,2.3333333333333335,4.0,0.6666666666666666,2.3333333333333335,0.3333333333333333,3.0,3.3333333333333335,1.0,0.3333333333333333,0.6666666666666666,0.3333333333333333,5.333333333333333
4431915,Trey Calvin,2750,Wright State Raiders,Guard,36.0,7,16,2,7,4,5,1,3,4,3,2,0,1,5,20,1,Horizon,0.4375,0.2857142857142857,0.8,0.5,36.0,7.0,16.0,2.0,7.0,1.0,3.0,4.0,3.0,2.0,0.0,1.0,20.0
4431923,Noah Carter,142,Missouri Tigers,Forward,31.0,5,12,1,5,0,0,2,4,6,4,1,1,3,3,11,1,SEC,0.4166666666666667,0.2,,0.4583333333333333,31.0,5.0,12.0,1.0,5.0,2.0,4.0,6.0,4.0,1.0,1.0,3.0,11.0
4431925,Jamir Chaplin,2031,Little Rock Trojans,Guard,102.0,16,25,5,6,2,3,5,12,17,4,5,3,3,6,39,3,Ohio Valley,0.64,0.8333333333333334,0.6666666666666666,0.74,34.0,5.333333333333333,8.333333333333334,1.6666666666666667,2.0,1.6666666666666667,4.0,5.666666666666667,1.3333333333333333,1.6666666666666667,1.0,1.0,13.0
4431928,Chase Claxton,2737,Winthrop Eagles,Forward,20.0,0,3,0,2,0,0,2,2,4,1,0,0,1,1,0,1,Big South,0.0,0.0,,0.0,20.0,0.0,3.0,0.0,2.0,2.0,2.0,4.0,1.0,0.0,0.0,1.0,0.0
4431930,Tyler Cochran,2649,Toledo Rockets,Guard,33.0,6,15,1,4,1,4,3,2,5,1,1,0,2,3,14,1,Mid-American,0.4,0.25,0.25,0.43333333333333335,33.0,6.0,15.0,1.0,4.0,3.0,2.0,5.0,1.0,1.0,0.0,2.0,14.0
4431931,Isaiah Cozart,2198,Eastern Kentucky Colonels,Forward,40.0,6,12,0,0,6,10,9,5,14,1,1,3,2,4,18,1,ASUN,0.5,,0.6,0.5,40.0,6.0,12.0,0.0,0.0,9.0,5.0,14.0,1.0,1.0,3.0,2.0,18.0
4431932,Collin Cooper,2198,Eastern Kentucky Colonels,Guard,20.0,2,5,2,4,1,1,0,1,1,1,0,0,1,2,7,1,ASUN,0.4,0.5,1.0,0.6,20.0,2.0,5.0,2.0,4.0,0.0,1.0,1.0,1.0,0.0,0.0,1.0,7.0
4431933,KK Curry,2630,UT Martin Skyhawks,Forward,25.0,4,6,2,3,3,3,0,3,3,0,3,2,0,2,13,1,Ohio Valley,0.6666666666666666,0.6666666666666666,1.0,0.8333333333333334,25.0,4.0,6.0,2.0,3.0,0.0,3.0,3.0,0.0,3.0,2.0,0.0,13.0
4431940,Aaron Deloney,261,Vermont Catamounts,Guard,128.0,15,43,4,20,17,21,4,7,11,9,4,0,4,8,51,4,America East,0.3488372093023256,0.2,0.8095238095238095,0.3953488372093023,32.0,3.75,10.75,1.0,5.0,1.0,1.75,2.75,2.25,1.0,0.0,1.0,12.75
4431941,RayJ Dennis,239,Baylor Bears,Guard,149.0,21,54,5,25,10,12,3,13,16,28,6,1,17,12,57,4,Big 12,0.3888888888888889,0.2,0.8333333333333334,0.4351851851851852,37.25,5.25,13.5,1.25,6.25,0.75,3.25,4.0,7.0,1.5,0.25,4.25,14.25
4431943,Marcus Domask,356,Illinois Fighting Illini,Forward,255.0,39,92,9,24,20,23,9,30,39,43,5,0,22,7,107,7,Big Ten,0.42391304347826086,0.375,0.8695652173913043,0.47282608695652173,36.42857142857143,5.571428571428571,13.142857142857142,1.2857142857142858,3.4285714285714284,1.2857142857142858,4.285714285714286,5.571428571428571,6.142857142857143,0.7142857142857143,0.0,3.142857142857143,15.285714285714286
4431944,Jonathan Dos Anjos,2638,UTEP Miners,Forward,8.0,0,1,0,1,0,1,0,0,0,0,0,0,0,3,0,2,Conference USA,0.0,0.0,0.0,0.0,4.0,0.0,0.5,0.0,0.5,0.0,0.0,0.0,0.0,0.0,0.0,0.0,0.0
4431946,Damian Dunn,248,Houston Cougars,Guard,112.0,15,40,4,16,11,12,5,12,17,2,3,0,3,13,45,6,Big 12,0.375,0.25,0.9166666666666666,0.425,18.666666666666668,2.5,6.666666666666667,0.6666666666666666,2.6666666666666665,0.8333333333333334,2.0,2.8333333333333335,0.3333333333333333,0.5,0.0,0.5,7.5
4431950,Zac Ervin,2210,Elon Phoenix,Guard,13.0,1,4,1,4,0,0,0,1,1,0,0,0,0,1,3,1,Coastal,0.25,0.25,,0.375,13.0,1.0,4.0,1.0,4.0,0.0,1.0,1.0,0.0,0.0,0.0,0.0,3.0
4431952,Francisco Farabello,156,Creighton Bluejays,Guard,71.0,2,8,2,6,0,0,0,2,2,4,1,0,0,9,6,4,Big East,0.25,0.3333333333333333,,0.375,17.75,0.5,2.0,0.5,1.5,0.0,0.5,0.5,1.0,0.25,0.0,0.0,1.5
4431953,Marcus Foster,231,Furman Paladins,Guard,56.0,11,28,3,15,5,6,1,10,11,1,1,0,3,2,30,2,Southern,0.39285714285714285,0.2,0.8333333333333334,0.44642857142857145,28.0,5.5,14.0,1.5,7.5,0.5,5.0,5.5,0.5,0.5,0.0,1.5,15.0
4431956,Noah Freidel,256,James Madison Dukes,Guard,150.0,21,49,13,30,13,15,3,11,14,11,4,8,4,13,68,5,Sun Belt,0.42857142857142855,0.43333333333333335,0.8666666666666667,0.5612244897959183,30.0,4.2,9.8,2.6,6.0,0.6,2.2,2.8,2.2,0.8,1.6,0.8,13.6
4431959,Avery Felts,2032,Arkansas State Red Wolves,Guard,96.0,3,21,2,18,2,2,5,6,11,4,7,1,2,5,10,6,Sun Belt,0.14285714285714285,0.1111111111111111,1.0,0.19047619047619047,16.0,0.5,3.5,0.3333333333333333,3.0,0.8333333333333334,1.0,1.8333333333333333,0.6666666666666666,1.1666666666666667,0.16666666666666666,0.3333333333333333,1.6666666666666667
4431961,Ticket Gaines,2507,Providence Friars,Guard,136.0,7,29,4,24,8,12,6,14,20,2,3,4,1,13,26,4,Big East,0.2413793103448276,0.16666666666666666,0.6666666666666666,0.3103448275862069,34.0,1.75,7.25,1.0,6.0,1.5,3.5,5.0,0.5,0.75,1.0,0.25,6.5
4431964,Max Fiedler,242,Rice Owls,Forward,33.0,3,5,0,0,2,2,2,6,8,12,2,2,2,4,8,1,American,0.6,,1.0,0.6,33.0,3.0,5.0,0.0,0.0,2.0,6.0,8.0,12.0,2.0,2.0,2.0,8.0
4431974,Maleeck Harden-Hayes,350,UNC Wilmington Seahawks,Guard,30.0,1,7,0,3,0,0,3,1,4,0,0,1,1,2,2,1,Coastal,0.14285714285714285,0.0,,0.14285714285714285,30.0,1.0,7.0,0.0,3.0,3.0,1.0,4.0,0.0,0.0,1.0,1.0,2.0
4431975,Isaiah Hawthorne,2539,San Francisco Dons,Forward,1.0,0,1,0,1,0,0,0,0,0,0,0,0,0,0,0,1,West Coast,0.0,0.0,,0.0,1.0,0.0,1.0,0.0,1.0,0.0,0.0,0.0,0.0,0.0,0.0,0.0,0.0
4431983,Dajuan Harris Jr.,2305,Kansas Jayhawks,Guard,112.0,10,31,3,8,8,8,4,6,10,23,2,1,11,7,31,3,Big 12,0.3225806451612903,0.375,1.0,0.3709677419354839,37.333333333333336,3.3333333333333335,10.333333333333334,1.0,2.6666666666666665,1.3333333333333333,2.0,3.3333333333333335,7.666666666666667,0.6666666666666666,0.3333333333333333,3.6666666666666665,10.333333333333334
4431984,Hakim Hart,222,Villanova Wildcats,Guard,61.0,3,8,3,6,1,2,3,4,7,4,1,0,4,7,10,3,Big East,0.375,0.5,0.5,0.5625,20.333333333333332,1.0,2.6666666666666665,1.0,2.0,1.0,1.3333333333333333,2.3333333333333335,1.3333333333333333,0.3333333333333333,0.0,1.3333333333333333,3.3333333333333335
4431987,PJ Henry,2640,Texas Southern Tigers,Guard,72.0,12,31,6,17,4,4,1,7,8,1,1,0,7,4,34,3,SWAC,0.3870967741935484,0.35294117647058826,1.0,0.4838709677419355,24.0,4.0,10.333333333333334,2.0,5.666666666666667,0.3333333333333333,2.3333333333333335,2.6666666666666665,0.3333333333333333,0.3333333333333333,0.0,2.3333333333333335,11.333333333333334
4431990,Tanner Holden,2750,Wright State Raiders,Guard,43.0,9,15,3,4,3,5,2,8,10,6,3,0,1,4,24,1,Horizon,0.6,0.75,0.6,0.7,43.0,9.0,15.0,3.0,4.0,2.0,8.0,10.0,6.0,3.0,0.0,1.0,24.0
4431993,DJ Horne,152,NC State Wolfpack,Guard,305.0,54,126,17,55,32,40,3,36,39,17,9,2,17,18,157,9,ACC,0.42857142857142855,0.3090909090909091,0.8,0.49603174603174605,33.888888888888886,6.0,14.0,1.8888888888888888,6.111111111111111,0.3333333333333333,4.0,4.333333333333333,1.8888888888888888,1.0,0.2222222222222222,1.8888888888888888,17.444444444444443
4431994,Marion Humphrey,357,Texas A&M-Corpus Christi Islanders,Guard,74.0,1,7,0,3,0,1,1,7,8,10,4,0,5,7,2,2,Southland,0.14285714285714285,0.0,0.0,0.14285714285714285,37.0,0.5,3.5,0.0,1.5,0.5,3.5,4.0,5.0,2.0,0.0,2.5,1.0
4431995,Tariq Ingraham,2520,Rider Broncs,Forward,32.0,5,11,0,0,1,2,0,6,6,0,0,1,3,4,11,1,MAAC,0.45454545454545453,,0.5,0.45454545454545453,32.0,5.0,11.0,0.0,0.0,0.0,6.0,6.0,0.0,0.0,1.0,3.0,11.0
4431996,Christian Ings,2450,Norfolk State Spartans,Guard,107.0,20,37,7,14,9,10,3,7,10,12,5,0,5,4,56,4,MEAC,0.5405405405405406,0.5,0.9,0.6351351351351351,26.75,5.0,9.25,1.75,3.5,0.75,1.75,2.5,3.0,1.25,0.0,1.25,14.0
4431998,Emmanuel Izunabor,2428,North Carolina Central Eagles,Forward,39.0,4,4,0,0,1,2,3,4,7,0,1,3,2,7,9,2,MEAC,1.0,,0.5,1.0,19.5,2.0,2.0,0.0,0.0,1.5,2.0,3.5,0.0,0.5,1.5,1.0,4.5
4431999,Tre Jackson,2717,Western Carolina Catamounts,Guard,38.0,6,13,3,8,0,0,1,6,7,2,0,0,0,1,15,1,Southern,0.46153846153846156,0.375,,0.5769230769230769,38.0,6.0,13.0,3.0,8.0,1.0,6.0,7.0,2.0,0.0,0.0,0.0,15.0
4432002,Lance Jones,2509,Purdue Boilermakers,Guard,243.0,25,63,12,37,10,15,3,20,23,10,9,2,12,10,72,8,Big Ten,0.3968253968253968,0.32432432432432434,0.6666666666666666,0.49206349206349204,30.375,3.125,7.875,1.5,4.625,0.375,2.5,2.875,1.25,1.125,0.25,1.5,9.0
4432008,Gibson Jimerson,139,Saint Louis Billikens,Guard,78.0,15,40,4,18,14,16,1,7,8,6,1,1,4,0,48,2,Atlantic 10,0.375,0.2222222222222222,0.875,0.425,39.0,7.5,20.0,2.0,9.0,0.5,3.5,4.0,3.0,0.5,0.5,2.0,24.0
4432021,Kuany Kuany,2670,VCU Rams,Forward,111.0,11,32,5,17,8,9,3,6,9,2,3,5,5,14,35,7,Atlantic 10,0.34375,0.29411764705882354,0.8888888888888888,0.421875,15.857142857142858,1.5714285714285714,4.571428571428571,0.7142857142857143,2.4285714285714284,0.42857142857142855,0.8571428571428571,1.2857142857142858,0.2857142857142857,0.42857142857142855,0.7142857142857143,0.7142857142857143,5.0
4432023,Alex Klatsky,57,Florida Gators,Guard,1.0,0,0,0,0,0,0,0,0,0,0,0,0,0,0,0,1,SEC,,,,,1.0,0.0,0.0,0.0,0.0,0.0,0.0,0.0,0.0,0.0,0.0,0.0,0.0
4432026,Josh Kunen,2539,San Francisco Dons,Forward,24.0,0,2,0,2,0,0,0,4,4,4,0,2,0,6,0,2,West Coast,0.0,0.0,,0.0,12.0,0.0,1.0,0.0,1.0,0.0,2.0,2.0,2.0,0.0,1.0,0.0,0.0
4432029,Eli Lawrence,245,Texas A&M Aggies,Guard,2.0,0,1,0,0,0,0,0,1,1,0,0,0,1,0,0,1,SEC,0.0,,,0.0,2.0,0.0,1.0,0.0,0.0,0.0,1.0,1.0,0.0,0.0,0.0,1.0,0.0
4432033,Ezra Manjon,238,Vanderbilt Commodores,Guard,37.0,12,19,0,1,5,7,1,4,5,6,0,0,3,0,29,1,SEC,0.631578947368421,0.0,0.7142857142857143,0.631578947368421,37.0,12.0,19.0,0.0,1.0,1.0,4.0,5.0,6.0,0.0,0.0,3.0,29.0
4432036,Nate Lliteras,2454,North Florida Ospreys,Guard,38.0,8,9,3,3,2,3,1,4,5,0,0,1,1,0,21,1,ASUN,0.8888888888888888,1.0,0.6666666666666666,1.0555555555555556,38.0,8.0,9.0,3.0,3.0,1.0,4.0,5.0,0.0,0.0,1.0,1.0,21.0
4432038,Tyreke Locure,2433,UL Monroe Warhawks,Guard,34.0,4,12,1,5,3,6,0,6,6,4,3,0,2,5,12,1,Sun Belt,0.3333333333333333,0.2,0.5,0.375,34.0,4.0,12.0,1.0,5.0,0.0,6.0,6.0,4.0,3.0,0.0,2.0,12.0
4432050,Jalyn McCreary,2382,Mercer Bears,Forward,54.0,10,27,0,0,5,10,4,3,7,2,1,3,2,7,25,2,Southern,0.37037037037037035,,0.5,0.37037037037037035,27.0,5.0,13.5,0.0,0.0,2.0,1.5,3.5,1.0,0.5,1.5,1.0,12.5
4432058,Justin McKoy,62,Hawai'i Rainbow Warriors,Forward,68.0,7,24,3,10,9,11,4,5,9,3,0,1,4,4,26,2,Big West,0.2916666666666667,0.3,0.8181818181818182,0.3541666666666667,34.0,3.5,12.0,1.5,5.0,2.0,2.5,4.5,1.5,0.0,0.5,2.0,13.0
4432059,Shereef Mitchell,195,Ohio Bobcats,Guard,68.0,12,26,1,6,4,4,0,5,5,8,6,0,1,2,29,2,Mid-American,0.46153846153846156,0.16666666666666666,1.0,0.4807692307692308,34.0,6.0,13.0,0.5,3.0,0.0,2.5,2.5,4.0,3.0,0.0,0.5,14.5
4432064,Leslie Nkereuwem,2247,Georgia State Panthers,Forward,36.0,6,9,1,1,4,6,6,1,7,2,3,0,2,3,17,1,Sun Belt,0.6666666666666666,1.0,0.6666666666666666,0.7222222222222222,36.0,6.0,9.0,1.0,1.0,6.0,1.0,7.0,2.0,3.0,0.0,2.0,17.0
4432065,Leo O'Boyle,213,Penn State Nittany Lions,Forward,13.0,0,2,0,2,0,0,0,0,0,2,0,0,0,2,0,2,Big Ten,0.0,0.0,,0.0,6.5,0.0,1.0,0.0,1.0,0.0,0.0,0.0,1.0,0.0,0.0,0.0,0.0
4432068,Josh Oduro,2507,Providence Friars,Forward,140.0,19,48,2,9,18,20,12,25,37,10,4,2,10,14,58,4,Big East,0.3958333333333333,0.2222222222222222,0.9,0.4166666666666667,35.0,4.75,12.0,0.5,2.25,3.0,6.25,9.25,2.5,1.0,0.5,2.5,14.5
4432070,Quincy Olivari,2752,Xavier Musketeers,Guard,110.0,16,47,8,32,7,8,0,20,20,11,5,0,6,6,47,3,Big East,0.3404255319148936,0.25,0.875,0.425531914893617,36.666666666666664,5.333333333333333,15.666666666666666,2.6666666666666665,10.666666666666666,0.0,6.666666666666667,6.666666666666667,3.6666666666666665,1.6666666666666667,0.0,2.0,15.666666666666666
4432075,Ody Oguama,2132,Cincinnati Bearcats,Forward,15.0,0,1,0,0,0,0,0,4,4,0,1,0,0,1,0,3,Big 12,0.0,,,0.0,5.0,0.0,0.3333333333333333,0.0,0.0,0.0,1.3333333333333333,1.3333333333333333,0.0,0.3333333333333333,0.0,0.0,0.0
4432076,Chase Paar,119,Towson Tigers,Forward,38.0,1,6,0,0,0,0,1,4,5,1,2,0,2,5,2,3,Coastal,0.16666666666666666,,,0.16666666666666666,12.666666666666666,0.3333333333333333,2.0,0.0,0.0,0.3333333333333333,1.3333333333333333,1.6666666666666667,0.3333333333333333,0.6666666666666666,0.0,0.6666666666666666,0.6666666666666666
4432077,Elijah Pepper,302,UC Davis Aggies,Guard,69.0,17,44,7,21,5,6,1,11,12,4,0,1,2,1,46,2,Big West,0.38636363636363635,0.3333333333333333,0.8333333333333334,0.4659090909090909,34.5,8.5,22.0,3.5,10.5,0.5,5.5,6.0,2.0,0.0,0.5,1.0,23.0
4432078,Sabry Philip,2619,Stony Brook Seawolves,Guard,50.0,0,3,0,0,1,2,0,9,9,1,1,0,1,6,1,4,Coastal,0.0,,0.5,0.0,12.5,0.0,0.75,0.0,0.0,0.0,2.25,2.25,0.25,0.25,0.0,0.25,0.25
4432089,JJ Riggins,2514,Quinnipiac Bobcats,Forward,15.0,3,5,0,0,0,0,1,2,3,0,1,0,0,2,6,2,MAAC,0.6,,,0.6,7.5,1.5,2.5,0.0,0.0,0.5,1.0,1.5,0.0,0.5,0.0,0.0,3.0
4432103,DJ Rodman,30,USC Trojans,Forward,67.0,5,16,1,8,2,4,4,5,9,2,2,2,1,5,13,2,Pac-12,0.3125,0.125,0.5,0.34375,33.5,2.5,8.0,0.5,4.0,2.0,2.5,4.5,1.0,1.0,1.0,0.5,6.5
4432105,Tyrese Samuel,57,Florida Gators,Forward,127.0,26,51,0,0,21,38,10,25,35,14,5,5,5,16,73,5,SEC,0.5098039215686274,,0.5526315789473685,0.5098039215686274,25.4,5.2,10.2,0.0,0.0,2.0,5.0,7.0,2.8,1.0,1.0,1.0,14.6
4432115,Raymond Somerville,2169,Delaware State Hornets,Center,33.0,3,6,0,0,6,6,4,8,12,2,1,2,1,6,12,4,MEAC,0.5,,1.0,0.5,8.25,0.75,1.5,0.0,0.0,1.0,2.0,3.0,0.5,0.25,0.5,0.25,3.0
4432117,Isaiah Stevens,36,Colorado State Rams,Guard,186.0,20,56,7,21,7,8,1,16,17,27,3,0,16,13,54,5,Mountain West,0.35714285714285715,0.3333333333333333,0.875,0.41964285714285715,37.2,4.0,11.2,1.4,4.2,0.2,3.2,3.4,5.4,0.6,0.0,3.2,10.8
4432122,Evan Taylor,238,Vanderbilt Commodores,Guard,23.0,3,6,0,1,0,0,1,2,3,0,1,0,1,3,6,1,SEC,0.5,0.0,,0.5,23.0,3.0,6.0,0.0,1.0,1.0,2.0,3.0,0.0,1.0,0.0,1.0,6.0
4432126,George Tinsley,116,Mount St. Mary's Mountaineers,Forward,22.0,1,1,0,0,0,0,1,1,2,1,0,0,1,3,2,1,MAAC,1.0,,,1.0,22.0,1.0,1.0,0.0,0.0,1.0,1.0,2.0,1.0,0.0,0.0,1.0,2.0
4432127,Messiah Thompson,299,Long Beach State Beach,Guard,35.0,2,7,0,3,1,3,0,1,1,2,0,0,2,5,5,4,Big West,0.2857142857142857,0.0,0.3333333333333333,0.2857142857142857,8.75,0.5,1.75,0.0,0.75,0.0,0.25,0.25,0.5,0.0,0.0,0.5,1.25
4432129,Tyson Walker,127,Michigan State Spartans,Guard,136.0,28,61,9,22,8,10,2,8,10,7,7,1,7,7,73,4,Big Ten,0.45901639344262296,0.4090909090909091,0.8,0.5327868852459017,34.0,7.0,15.25,2.25,5.5,0.5,2.0,2.5,1.75,1.75,0.25,1.75,18.25
4432130,Chandler Turner,2515,Radford Highlanders,Forward,57.0,8,16,4,6,7,7,3,6,9,3,0,0,3,2,27,2,Big South,0.5,0.6666666666666666,1.0,0.625,28.5,4.0,8.0,2.0,3.0,1.5,3.0,4.5,1.5,0.0,0.0,1.5,13.5
4432132,Ofure Ujadughele,300,UC Irvine Anteaters,Guard,19.0,0,1,0,0,1,2,3,3,6,0,0,0,0,4,1,2,Big West,0.0,,0.5,0.0,9.5,0.0,0.5,0.0,0.0,1.5,1.5,3.0,0.0,0.0,0.0,0.0,0.5
4432136,Tom Welch,2350,Loyola Chicago Ramblers,Forward,10.0,2,4,0,1,0,0,5,0,5,1,0,0,2,1,4,2,Atlantic 10,0.5,0.0,,0.5,5.0,1.0,2.0,0.0,0.5,2.5,0.0,2.5,0.5,0.0,0.0,1.0,2.0
4432137,B. Artis White,2711,Western Michigan Broncos,Guard,30.0,4,10,4,9,0,0,1,2,3,2,0,0,3,3,12,1,Mid-American,0.4,0.4444444444444444,,0.6,30.0,4.0,10.0,4.0,9.0,1.0,2.0,3.0,2.0,0.0,0.0,3.0,12.0
4432143,Dante Wilcox,2229,Florida International Panthers,Guard,43.0,5,7,2,2,0,0,3,3,6,3,1,0,1,7,12,2,Conference USA,0.7142857142857143,1.0,,0.8571428571428571,21.5,2.5,3.5,1.0,1.0,1.5,1.5,3.0,1.5,0.5,0.0,0.5,6.0
4432146,Giordan Williams,149,Montana Grizzlies,Guard,32.0,3,7,0,3,2,3,0,8,8,0,0,0,1,3,8,3,Big Sky,0.42857142857142855,0.0,0.6666666666666666,0.42857142857142855,10.666666666666666,1.0,2.3333333333333335,0.0,1.0,0.0,2.6666666666666665,2.6666666666666665,0.0,0.0,0.0,0.3333333333333333,2.6666666666666665
4432147,Tre Williams,2184,Duquesne Dukes,Forward,31.0,5,10,0,1,0,3,2,6,8,3,2,2,3,1,10,2,Atlantic 10,0.5,0.0,0.0,0.5,15.5,2.5,5.0,0.0,0.5,1.0,3.0,4.0,1.5,1.0,1.0,1.5,5.0
4432150,Alec Woodard,2545,SE Louisiana Lions,Guard,35.0,2,5,2,3,0,0,1,5,6,3,1,0,2,4,6,1,Southland,0.4,0.6666666666666666,,0.6,35.0,2.0,5.0,2.0,3.0,1.0,5.0,6.0,3.0,1.0,0.0,2.0,6.0
4432151,Ja'Shonte Wright-McLeish,311,Maine Black Bears,Guard,20.0,2,7,1,5,0,0,0,1,1,0,1,0,0,3,5,1,America East,0.2857142857142857,0.2,,0.35714285714285715,20.0,2.0,7.0,1.0,5.0,0.0,1.0,1.0,0.0,1.0,0.0,0.0,5.0
4432169,Jaemyn Brakefield,145,Ole Miss Rebels,Forward,35.0,7,12,3,8,6,9,1,6,7,5,1,1,3,4,23,1,SEC,0.5833333333333334,0.375,0.6666666666666666,0.7083333333333334,35.0,7.0,12.0,3.0,8.0,1.0,6.0,7.0,5.0,1.0,1.0,3.0,23.0
4432175,Adam Miller,9,Arizona State Sun Devils,Guard,33.0,2,12,0,6,0,0,1,2,3,1,2,0,3,1,4,1,Pac-12,0.16666666666666666,0.0,,0.16666666666666666,33.0,2.0,12.0,0.0,6.0,1.0,2.0,3.0,1.0,2.0,0.0,3.0,4.0
4432180,Hunter Dickinson,2305,Kansas Jayhawks,Center,65.0,15,29,2,5,2,6,3,22,25,9,2,4,1,5,34,2,Big 12,0.5172413793103449,0.4,0.3333333333333333,0.5517241379310345,32.5,7.5,14.5,1.0,2.5,1.5,11.0,12.5,4.5,1.0,2.0,0.5,17.0
4432185,Micah Peavy,2628,TCU Horned Frogs,Guard,91.0,12,33,3,10,1,2,13,8,21,4,5,0,8,7,28,3,Big 12,0.36363636363636365,0.3,0.5,0.4090909090909091,30.333333333333332,4.0,11.0,1.0,3.3333333333333335,4.333333333333333,2.6666666666666665,7.0,1.3333333333333333,1.6666666666666667,0.0,2.6666666666666665,9.333333333333334
4432186,Henry Coleman III,245,Texas A&M Aggies,Forward,74.0,5,7,0,0,9,10,5,6,11,1,2,1,0,4,19,5,SEC,0.7142857142857143,,0.9,0.7142857142857143,14.8,1.0,1.4,0.0,0.0,1.0,1.2,2.2,0.2,0.4,0.2,0.0,3.8
4432187,Reece Beekman,258,Virginia Cavaliers,Guard,120.0,14,46,2,11,13,17,0,14,14,26,2,0,6,3,43,3,ACC,0.30434782608695654,0.18181818181818182,0.7647058823529411,0.32608695652173914,40.0,4.666666666666667,15.333333333333334,0.6666666666666666,3.6666666666666665,0.0,4.666666666666667,4.666666666666667,8.666666666666666,0.6666666666666666,0.0,2.0,14.333333333333334
4432188,Dawson Garcia,135,Minnesota Golden Gophers,Forward,98.0,21,39,3,10,5,9,2,18,20,1,1,2,7,12,50,3,Big Ten,0.5384615384615384,0.3,0.5555555555555556,0.5769230769230769,32.666666666666664,7.0,13.0,1.0,3.3333333333333335,0.6666666666666666,6.0,6.666666666666667,0.3333333333333333,0.3333333333333333,0.6666666666666666,2.3333333333333335,16.666666666666668
4432189,Dain Dainja,356,Illinois Fighting Illini,Forward,108.0,27,36,0,0,9,20,12,22,34,1,2,7,5,10,63,7,Big Ten,0.75,,0.45,0.75,15.428571428571429,3.857142857142857,5.142857142857143,0.0,0.0,1.7142857142857142,3.142857142857143,4.857142857142857,0.14285714285714285,0.2857142857142857,1.0,0.7142857142857143,9.0
4432195,Andre Curbelo,2572,Southern Miss Golden Eagles,Guard,36.0,5,10,0,1,0,2,0,1,1,7,0,0,4,4,10,1,Sun Belt,0.5,0.0,0.0,0.5,36.0,5.0,10.0,0.0,1.0,0.0,1.0,1.0,7.0,0.0,0.0,4.0,10.0
4432196,Jayden Stone,2174,Detroit Mercy Titans,Guard,40.0,10,20,4,10,6,7,0,3,3,2,2,1,2,1,30,1,Horizon,0.5,0.4,0.8571428571428571,0.6,40.0,10.0,20.0,4.0,10.0,0.0,3.0,3.0,2.0,2.0,1.0,2.0,30.0
4432197,Davonte Davis,8,Arkansas Razorbacks,Guard,53.0,8,15,2,4,2,2,1,2,3,3,2,0,4,5,20,2,SEC,0.5333333333333333,0.5,1.0,0.6,26.5,4.0,7.5,1.0,2.0,0.5,1.0,1.5,1.5,1.0,0.0,2.0,10.0
4432201,Isaiah Cottrell,2439,UNLV Rebels,Forward,28.0,3,8,1,4,1,2,2,5,7,1,1,0,0,2,8,3,Mountain West,0.375,0.25,0.5,0.4375,9.333333333333334,1.0,2.6666666666666665,0.3333333333333333,1.3333333333333333,0.6666666666666666,1.6666666666666667,2.3333333333333335,0.3333333333333333,0.3333333333333333,0.0,0.0,2.6666666666666665
4432203,Noah Farrakhan,277,West Virginia Mountaineers,Guard,9.0,0,2,0,1,0,0,0,2,2,1,0,0,0,1,0,1,Big 12,0.0,0.0,,0.0,9.0,0.0,2.0,0.0,1.0,0.0,2.0,2.0,1.0,0.0,0.0,0.0,0.0
4432206,A.J. Hoggard,127,Michigan State Spartans,Guard,117.0,13,30,3,6,7,9,2,9,11,28,2,2,13,9,36,4,Big Ten,0.43333333333333335,0.5,0.7777777777777778,0.48333333333333334,29.25,3.25,7.5,0.75,1.5,0.5,2.25,2.75,7.0,0.5,0.5,3.25,9.0
4432208,Caleb Lohner,239,Baylor Bears,Forward,63.0,7,13,1,3,4,6,3,17,20,2,1,0,4,7,19,4,Big 12,0.5384615384615384,0.3333333333333333,0.6666666666666666,0.5769230769230769,15.75,1.75,3.25,0.25,0.75,0.75,4.25,5.0,0.5,0.25,0.0,1.0,4.75
4432241,Jamal Shead,248,Houston Cougars,Guard,178.0,23,67,6,26,16,20,6,11,17,40,9,2,14,10,68,6,Big 12,0.34328358208955223,0.23076923076923078,0.8,0.3880597014925373,29.666666666666668,3.8333333333333335,11.166666666666666,1.0,4.333333333333333,1.0,1.8333333333333333,2.8333333333333335,6.666666666666667,1.5,0.3333333333333333,2.3333333333333335,11.333333333333334
4432243,Tramon Mark,8,Arkansas Razorbacks,Guard,73.0,7,16,2,7,4,4,1,6,7,5,1,0,2,5,20,2,SEC,0.4375,0.2857142857142857,1.0,0.5,36.5,3.5,8.0,1.0,3.5,0.5,3.0,3.5,2.5,0.5,0.0,1.0,10.0
4432255,Donovan Williams,279,Pacific Tigers,Guard,24.0,2,8,2,2,0,0,1,3,4,1,1,0,1,0,6,1,West Coast,0.25,1.0,,0.375,24.0,2.0,8.0,2.0,2.0,1.0,3.0,4.0,1.0,1.0,0.0,1.0,6.0
4432257,Darius Maddox,2244,George Mason Patriots,Guard,37.0,4,8,1,2,1,2,0,1,1,1,0,0,0,3,10,1,Atlantic 10,0.5,0.5,0.5,0.5625,37.0,4.0,8.0,1.0,2.0,0.0,1.0,1.0,1.0,0.0,0.0,0.0,10.0
4432282,JaKobe Coles,2628,TCU Horned Frogs,Forward,62.0,12,29,4,5,9,10,8,6,14,2,0,0,2,5,37,3,Big 12,0.41379310344827586,0.8,0.9,0.4827586206896552,20.666666666666668,4.0,9.666666666666666,1.3333333333333333,1.6666666666666667,2.6666666666666665,2.0,4.666666666666667,0.6666666666666666,0.0,0.0,0.6666666666666666,12.333333333333334
4432284,Zach Loveday,2535,Samford Bulldogs,Center,1.0,0,0,0,0,0,0,0,1,1,0,0,0,0,1,0,1,Southern,,,,,1.0,0.0,0.0,0.0,0.0,0.0,1.0,1.0,0.0,0.0,0.0,0.0,0.0
4432313,Kenny Hunter,2640,Texas Southern Tigers,Forward,128.0,13,23,1,1,4,7,10,11,21,4,5,3,6,13,31,4,SWAC,0.5652173913043478,1.0,0.5714285714285714,0.5869565217391305,32.0,3.25,5.75,0.25,0.25,2.5,2.75,5.25,1.0,1.25,0.75,1.5,7.75
4432352,Austin Harvell,2010,Alabama A&M Bulldogs,Forward,23.0,3,6,0,2,1,2,1,7,8,1,0,1,2,6,7,2,SWAC,0.5,0.0,0.5,0.5,11.5,1.5,3.0,0.0,1.0,0.5,3.5,4.0,0.5,0.0,0.5,1.0,3.5
4432363,K.D. Johnson,2,Auburn Tigers,Guard,74.0,9,24,2,10,5,8,2,10,12,4,1,0,5,11,25,4,SEC,0.375,0.2,0.625,0.4166666666666667,18.5,2.25,6.0,0.5,2.5,0.5,2.5,3.0,1.0,0.25,0.0,1.25,6.25
4432394,Cameron Matthews,344,Mississippi State Bulldogs,Forward,118.0,12,23,0,2,8,16,9,10,19,11,9,3,8,15,32,4,SEC,0.5217391304347826,0.0,0.5,0.5217391304347826,29.5,3.0,5.75,0.0,0.5,2.25,2.5,4.75,2.75,2.25,0.75,2.0,8.0
4432395,Xavion Brown,2026,Appalachian State Mountaineers,Guard,65.0,5,8,0,0,0,1,3,5,8,6,0,1,2,1,10,3,Sun Belt,0.625,,0.0,0.625,21.666666666666668,1.6666666666666667,2.6666666666666665,0.0,0.0,1.0,1.6666666666666667,2.6666666666666665,2.0,0.0,0.3333333333333333,0.6666666666666666,3.3333333333333335
4432400,Rongie Gordon,338,Kennesaw State Owls,Forward,23.0,3,4,1,1,0,0,4,3,7,0,0,0,0,3,7,1,ASUN,0.75,1.0,,0.875,23.0,3.0,4.0,1.0,1.0,4.0,3.0,7.0,0.0,0.0,0.0,0.0,7.0
4432401,Zed Key,194,Ohio State Buckeyes,Forward,67.0,11,23,0,2,6,8,9,13,22,1,3,2,6,11,28,5,Big Ten,0.4782608695652174,0.0,0.75,0.4782608695652174,13.4,2.2,4.6,0.0,0.4,1.8,2.6,4.4,0.2,0.6,0.4,1.2,5.6
4432402,Josh Banks,2427,UNC Asheville Bulldogs,Guard,81.0,10,27,6,16,6,9,1,4,5,2,2,0,4,5,32,3,Big South,0.37037037037037035,0.375,0.6666666666666666,0.48148148148148145,27.0,3.3333333333333335,9.0,2.0,5.333333333333333,0.3333333333333333,1.3333333333333333,1.6666666666666667,0.6666666666666666,0.6666666666666666,0.0,1.3333333333333333,10.666666666666666
4432403,Mike Saunders Jr.,2377,McNeese Cowboys,Guard,51.0,7,13,1,3,4,6,2,1,3,2,1,0,1,2,19,3,Southland,0.5384615384615384,0.3333333333333333,0.6666666666666666,0.5769230769230769,17.0,2.3333333333333335,4.333333333333333,0.3333333333333333,1.0,0.6666666666666666,0.3333333333333333,1.0,0.6666666666666666,0.3333333333333333,0.0,0.3333333333333333,6.333333333333333
4432407,Jamille Reynolds,2132,Cincinnati Bearcats,Forward,90.0,7,11,1,1,4,5,7,15,22,4,2,4,6,9,19,6,Big 12,0.6363636363636364,1.0,0.8,0.6818181818181818,15.0,1.1666666666666667,1.8333333333333333,0.16666666666666666,0.16666666666666666,1.1666666666666667,2.5,3.6666666666666665,0.6666666666666666,0.3333333333333333,0.6666666666666666,1.0,3.1666666666666665
4432408,Jamal Mashburn Jr.,167,New Mexico Lobos,Guard,128.0,15,54,4,22,14,16,3,8,11,2,2,1,2,3,48,5,Mountain West,0.2777777777777778,0.18181818181818182,0.875,0.3148148148148148,25.6,3.0,10.8,0.8,4.4,0.6,1.6,2.2,0.4,0.4,0.2,0.4,9.6
4432430,Rubin Jones,249,North Texas Mean Green,Guard,132.0,16,45,9,19,10,11,4,16,20,15,9,2,10,9,51,4,American,0.35555555555555557,0.47368421052631576,0.9090909090909091,0.45555555555555555,33.0,4.0,11.25,2.25,4.75,1.0,4.0,5.0,3.75,2.25,0.5,2.5,12.75
4432433,Jaden Seymour,2193,East Tennessee State Buccaneers,Forward,112.0,14,44,4,18,14,25,3,20,23,8,10,2,9,14,46,4,Southern,0.3181818181818182,0.2222222222222222,0.56,0.36363636363636365,28.0,3.5,11.0,1.0,4.5,0.75,5.0,5.75,2.0,2.5,0.5,2.25,11.5
4432435,Robby Beasley,2539,San Francisco Dons,Guard,66.0,8,16,3,7,0,0,2,5,7,3,1,0,2,3,19,3,West Coast,0.5,0.42857142857142855,,0.59375,22.0,2.6666666666666665,5.333333333333333,1.0,2.3333333333333335,0.6666666666666666,1.6666666666666667,2.3333333333333335,1.0,0.3333333333333333,0.0,0.6666666666666666,6.333333333333333
4432441,Obinna Anochili-Killen,276,Marshall Thundering Herd,Forward,67.0,9,14,0,1,6,8,5,7,12,5,2,4,5,6,24,2,Sun Belt,0.6428571428571429,0.0,0.75,0.6428571428571429,33.5,4.5,7.0,0.0,0.5,2.5,3.5,6.0,2.5,1.0,2.0,2.5,12.0
4432443,Luke Kasubke,2287,Illinois State Redbirds,Guard,13.0,0,2,0,1,0,0,0,0,0,0,0,1,0,3,0,1,Missouri Valley,0.0,0.0,,0.0,13.0,0.0,2.0,0.0,1.0,0.0,0.0,0.0,0.0,0.0,1.0,0.0,0.0
4432483,Jalen DeLoach,61,Georgia Bulldogs,Forward,84.0,11,19,0,0,2,5,4,15,19,10,6,2,9,12,24,6,SEC,0.5789473684210527,,0.4,0.5789473684210527,14.0,1.8333333333333333,3.1666666666666665,0.0,0.0,0.6666666666666666,2.5,3.1666666666666665,1.6666666666666667,1.0,0.3333333333333333,1.5,4.0
4432512,Jordan Geronimo,120,Maryland Terrapins,Forward,39.0,3,7,0,1,2,4,2,5,7,2,3,2,3,6,8,2,Big Ten,0.42857142857142855,0.0,0.5,0.42857142857142855,19.5,1.5,3.5,0.0,0.5,1.0,2.5,3.5,1.0,1.5,1.0,1.5,4.0
4432514,Jahlil White,218,Temple Owls,Guard,86.0,13,32,1,1,3,10,8,13,21,6,4,1,1,12,30,5,American,0.40625,1.0,0.3,0.421875,17.2,2.6,6.4,0.2,0.2,1.6,2.6,4.2,1.2,0.8,0.2,0.2,6.0
4432515,Jacob Crews,2630,UT Martin Skyhawks,Guard,40.0,4,15,1,5,5,6,4,5,9,0,0,2,3,2,14,1,Ohio Valley,0.26666666666666666,0.2,0.8333333333333334,0.3,40.0,4.0,15.0,1.0,5.0,4.0,5.0,9.0,0.0,0.0,2.0,3.0,14.0
4432517,Emmanuel Okpomo,218,Temple Owls,Center,17.0,0,1,0,0,0,0,0,2,2,0,1,1,1,2,0,4,American,0.0,,,0.0,4.25,0.0,0.25,0.0,0.0,0.0,0.5,0.5,0.0,0.25,0.25,0.25,0.0
4432520,Andy Barba,2184,Duquesne Dukes,Forward,3.0,0,2,0,1,0,0,0,1,1,0,0,0,0,1,0,1,Atlantic 10,0.0,0.0,,0.0,3.0,0.0,2.0,0.0,1.0,0.0,1.0,1.0,0.0,0.0,0.0,0.0,0.0
4432522,Grant Huffman,2166,Davidson Wildcats,Guard,41.0,5,7,0,0,2,3,1,4,5,5,0,1,3,4,12,1,Atlantic 10,0.7142857142857143,,0.6666666666666666,0.7142857142857143,41.0,5.0,7.0,0.0,0.0,1.0,4.0,5.0,5.0,0.0,1.0,3.0,12.0
4432527,Desmond Polk,2565,SIU Edwardsville Cougars,Guard,38.0,2,7,2,4,0,0,0,2,2,0,1,0,2,2,6,2,Ohio Valley,0.2857142857142857,0.5,,0.42857142857142855,19.0,1.0,3.5,1.0,2.0,0.0,1.0,1.0,0.0,0.5,0.0,1.0,3.0
4432537,Joe Bamisile,2670,VCU Rams,Guard,176.0,26,59,9,34,14,22,3,19,22,6,8,6,5,9,75,7,Atlantic 10,0.4406779661016949,0.2647058823529412,0.6363636363636364,0.5169491525423728,25.142857142857142,3.7142857142857144,8.428571428571429,1.2857142857142858,4.857142857142857,0.42857142857142855,2.7142857142857144,3.142857142857143,0.8571428571428571,1.1428571428571428,0.8571428571428571,0.7142857142857143,10.714285714285714
4432589,Johnathan Lawson,156,Creighton Bluejays,Guard,1.0,0,0,0,0,0,0,0,1,1,0,0,0,0,0,0,1,Big East,,,,,1.0,0.0,0.0,0.0,0.0,0.0,1.0,1.0,0.0,0.0,0.0,0.0,0.0
4432590,C.J. Wilcher,158,Nebraska Cornhuskers,Guard,28.0,2,8,1,6,0,0,0,1,1,1,1,0,2,2,5,2,Big Ten,0.25,0.16666666666666666,,0.3125,14.0,1.0,4.0,0.5,3.0,0.0,0.5,0.5,0.5,0.5,0.0,1.0,2.5
4432632,Dwon Odom,2247,Georgia State Panthers,Guard,31.0,3,11,0,0,0,4,1,6,7,5,0,0,2,1,6,1,Sun Belt,0.2727272727272727,,0.0,0.2727272727272727,31.0,3.0,11.0,0.0,0.0,1.0,6.0,7.0,5.0,0.0,0.0,2.0,6.0
4432641,Zion Harmon,2065,Bethune-Cookman Wildcats,Guard,59.0,7,21,3,9,4,4,0,5,5,8,2,0,7,9,21,3,SWAC,0.3333333333333333,0.3333333333333333,1.0,0.40476190476190477,19.666666666666668,2.3333333333333335,7.0,1.0,3.0,0.0,1.6666666666666667,1.6666666666666667,2.6666666666666665,0.6666666666666666,0.0,2.3333333333333335,7.0
4432680,Brandon Huntley-Hatfield,97,Louisville Cardinals,Forward,32.0,6,10,1,1,4,4,1,6,7,4,2,1,3,4,17,1,ACC,0.6,1.0,1.0,0.65,32.0,6.0,10.0,1.0,1.0,1.0,6.0,7.0,4.0,2.0,1.0,3.0,17.0
4432692,Casey Simmons,43,Yale Bulldogs,Forward,17.0,1,4,0,1,0,0,1,0,1,0,0,0,0,1,2,3,Ivy,0.25,0.0,,0.25,5.666666666666667,0.3333333333333333,1.3333333333333333,0.0,0.3333333333333333,0.3333333333333333,0.0,0.3333333333333333,0.0,0.0,0.0,0.0,0.6666666666666666
4432737,Jaden Bradley,12,Arizona Wildcats,Guard,115.0,15,29,4,8,24,27,2,14,16,6,6,6,8,13,58,5,Pac-12,0.5172413793103449,0.5,0.8888888888888888,0.5862068965517241,23.0,3.0,5.8,0.8,1.6,0.4,2.8,3.2,1.2,1.2,1.2,1.6,11.6
4432746,Shy Odom,47,Howard Bison,Forward,6.0,1,1,0,0,0,0,0,0,0,0,0,0,0,0,2,1,MEAC,1.0,,,1.0,6.0,1.0,1.0,0.0,0.0,0.0,0.0,0.0,0.0,0.0,0.0,0.0,2.0
4432749,Sadraque NgaNga,2550,Seton Hall Pirates,Forward,12.0,2,3,1,1,2,2,0,1,1,0,0,0,3,1,7,3,Big East,0.6666666666666666,1.0,1.0,0.8333333333333334,4.0,0.6666666666666666,1.0,0.3333333333333333,0.3333333333333333,0.0,0.3333333333333333,0.3333333333333333,0.0,0.0,0.0,1.0,2.3333333333333335
4432753,Gabe Madsen,254,Utah Utes,Guard,197.0,31,73,19,51,11,15,0,23,23,15,4,0,9,9,92,6,Pac-12,0.4246575342465753,0.37254901960784315,0.7333333333333333,0.5547945205479452,32.833333333333336,5.166666666666667,12.166666666666666,3.1666666666666665,8.5,0.0,3.8333333333333335,3.8333333333333335,2.5,0.6666666666666666,0.0,1.5,15.333333333333334
4432814,Bryan Antoine,2515,Radford Highlanders,Guard,60.0,5,22,0,8,14,15,2,6,8,2,2,2,2,6,24,2,Big South,0.22727272727272727,0.0,0.9333333333333333,0.22727272727272727,30.0,2.5,11.0,0.0,4.0,1.0,3.0,4.0,1.0,1.0,1.0,1.0,12.0
4432818,Rocket Watts,2473,Oakland Golden Grizzlies,Guard,57.0,11,23,0,3,6,6,0,3,3,11,2,0,5,5,28,4,Horizon,0.4782608695652174,0.0,1.0,0.4782608695652174,14.25,2.75,5.75,0.0,0.75,0.0,0.75,0.75,2.75,0.5,0.0,1.25,7.0
4432825,Omar Payne,2116,UCF Knights,Forward,28.0,3,9,0,1,2,4,1,2,3,0,0,2,1,6,8,3,Big 12,0.3333333333333333,0.0,0.5,0.3333333333333333,9.333333333333334,1.0,3.0,0.0,0.3333333333333333,0.3333333333333333,0.6666666666666666,1.0,0.0,0.0,0.6666666666666666,0.3333333333333333,2.6666666666666665
4432836,Patrick McCaffery,2294,Iowa Hawkeyes,Forward,67.0,12,19,4,8,6,10,0,9,9,3,1,2,2,5,34,3,Big Ten,0.631578947368421,0.5,0.6,0.7368421052631579,22.333333333333332,4.0,6.333333333333333,1.3333333333333333,2.6666666666666665,0.0,3.0,3.0,1.0,0.3333333333333333,0.6666666666666666,0.6666666666666666,11.333333333333334
4432840,Tre Mitchell,96,Kentucky Wildcats,Forward,52.0,7,11,0,2,7,9,7,15,22,2,0,0,4,10,21,2,SEC,0.6363636363636364,0.0,0.7777777777777778,0.6363636363636364,26.0,3.5,5.5,0.0,1.0,3.5,7.5,11.0,1.0,0.0,0.0,2.0,10.5
4432845,Josh Nickelberry,52,Florida State Seminoles,Guard,3.0,1,1,0,0,0,0,0,1,1,0,0,0,1,0,2,1,ACC,1.0,,,1.0,3.0,1.0,1.0,0.0,0.0,0.0,1.0,1.0,0.0,0.0,0.0,1.0,2.0
4432847,Terrence Shannon Jr.,356,Illinois Fighting Illini,Guard,240.0,58,118,19,47,60,74,6,16,22,19,12,3,14,19,195,7,Big Ten,0.4915254237288136,0.40425531914893614,0.8108108108108109,0.5720338983050848,34.285714285714285,8.285714285714286,16.857142857142858,2.7142857142857144,6.714285714285714,0.8571428571428571,2.2857142857142856,3.142857142857143,2.7142857142857144,1.7142857142857142,0.42857142857142855,2.0,27.857142857142858
4432849,Paul Mulcahy,264,Washington Huskies,Guard,11.0,0,3,0,0,0,0,0,1,1,1,0,0,1,0,0,1,Pac-12,0.0,,,0.0,11.0,0.0,3.0,0.0,0.0,0.0,1.0,1.0,1.0,0.0,0.0,1.0,0.0
4432851,Avery Anderson III,2628,TCU Horned Frogs,Guard,56.0,2,16,0,6,5,6,1,4,5,6,6,1,4,6,9,3,Big 12,0.125,0.0,0.8333333333333334,0.125,18.666666666666668,0.6666666666666666,5.333333333333333,0.0,2.0,0.3333333333333333,1.3333333333333333,1.6666666666666667,2.0,2.0,0.3333333333333333,1.3333333333333333,3.0
4432852,Donta Scott,120,Maryland Terrapins,Forward,50.0,5,11,2,4,8,8,4,4,8,2,1,0,6,3,20,2,Big Ten,0.45454545454545453,0.5,1.0,0.5454545454545454,25.0,2.5,5.5,1.0,2.0,2.0,2.0,4.0,1.0,0.5,0.0,3.0,10.0
4432853,Tyrell Jones,6,South Alabama Jaguars,Guard,40.0,3,13,1,5,15,16,0,3,3,1,4,0,2,2,22,1,Sun Belt,0.23076923076923078,0.2,0.9375,0.2692307692307692,40.0,3.0,13.0,1.0,5.0,0.0,3.0,3.0,1.0,4.0,0.0,2.0,22.0
4432854,Kalib Boone,2439,UNLV Rebels,Forward,49.0,15,21,0,0,2,5,3,8,11,2,0,3,0,5,32,3,Mountain West,0.7142857142857143,,0.4,0.7142857142857143,16.333333333333332,5.0,7.0,0.0,0.0,1.0,2.6666666666666665,3.6666666666666665,0.6666666666666666,0.0,1.0,0.0,10.666666666666666
4432855,Jalen Graham,8,Arkansas Razorbacks,Forward,20.0,5,6,0,0,1,2,1,2,3,4,0,2,1,4,11,1,SEC,0.8333333333333334,,0.5,0.8333333333333334,20.0,5.0,6.0,0.0,0.0,1.0,2.0,3.0,4.0,0.0,2.0,1.0,11.0
4432856,Antavion Collum,2377,McNeese Cowboys,Center,72.0,5,17,2,6,2,5,4,9,13,5,3,0,2,9,14,3,Southland,0.29411764705882354,0.3333333333333333,0.4,0.35294117647058826,24.0,1.6666666666666667,5.666666666666667,0.6666666666666666,2.0,1.3333333333333333,3.0,4.333333333333333,1.6666666666666667,1.0,0.0,0.6666666666666666,4.666666666666667
4432866,Dylan Disu,251,Texas Longhorns,Forward,83.0,11,44,2,15,9,11,4,14,18,2,6,4,3,11,33,3,Big 12,0.25,0.13333333333333333,0.8181818181818182,0.2727272727272727,27.666666666666668,3.6666666666666665,14.666666666666666,0.6666666666666666,5.0,1.3333333333333333,4.666666666666667,6.0,0.6666666666666666,2.0,1.3333333333333333,1.0,11.0
4432872,Emanuel Miller,2628,TCU Horned Frogs,Forward,107.0,15,34,3,10,9,12,7,19,26,4,3,2,7,7,42,3,Big 12,0.4411764705882353,0.3,0.75,0.4852941176470588,35.666666666666664,5.0,11.333333333333334,1.0,3.3333333333333335,2.3333333333333335,6.333333333333333,8.666666666666666,1.3333333333333333,1.0,0.6666666666666666,2.3333333333333335,14.0
4432874,Allen Flanigan,145,Ole Miss Rebels,Guard,33.0,7,14,1,5,2,4,1,5,6,2,1,0,3,5,17,1,SEC,0.5,0.2,0.5,0.5357142857142857,33.0,7.0,14.0,1.0,5.0,1.0,5.0,6.0,2.0,1.0,0.0,3.0,17.0
4432875,Mahamadou Diawara,2483,Oregon Ducks,Forward,27.0,0,1,0,1,0,0,1,6,7,0,0,0,2,5,0,5,Pac-12,0.0,0.0,,0.0,5.4,0.0,0.2,0.0,0.2,0.2,1.2,1.4,0.0,0.0,0.0,0.4,0.0
4432876,Jake Kyman,331,Eastern Washington Eagles,Guard,22.0,1,10,1,7,0,0,0,0,0,3,0,1,2,2,3,1,Big Sky,0.1,0.14285714285714285,,0.15,22.0,1.0,10.0,1.0,7.0,0.0,0.0,0.0,3.0,0.0,1.0,2.0,3.0
4432880,Joe Toussaint,2641,Texas Tech Red Raiders,Guard,100.0,8,27,2,10,18,20,3,6,9,10,5,0,8,8,36,3,Big 12,0.2962962962962963,0.2,0.9,0.3333333333333333,33.333333333333336,2.6666666666666665,9.0,0.6666666666666666,3.3333333333333335,1.0,2.0,3.0,3.3333333333333335,1.6666666666666667,0.0,2.6666666666666665,12.0
4432886,Nobal Days,2127,Charleston Southern Buccaneers,Forward,14.0,0,0,0,0,0,1,1,1,2,0,0,1,2,3,0,1,Big South,,,0.0,,14.0,0.0,0.0,0.0,0.0,1.0,1.0,2.0,0.0,0.0,1.0,2.0,0.0
4432888,Russel Tchewa,61,Georgia Bulldogs,Center,93.0,7,14,0,0,8,13,3,13,16,7,3,2,3,7,22,5,SEC,0.5,,0.6153846153846154,0.5,18.6,1.4,2.8,0.0,0.0,0.6,2.6,3.2,1.4,0.6,0.4,0.6,4.4
4432891,DaJuan Gordon,250,UT Arlington Mavericks,Guard,88.0,15,27,6,16,4,5,3,16,19,6,6,0,8,10,40,3,United Athletic,0.5555555555555556,0.375,0.8,0.6666666666666666,29.333333333333332,5.0,9.0,2.0,5.333333333333333,1.0,5.333333333333333,6.333333333333333,2.0,2.0,0.0,2.6666666666666665,13.333333333333334
4432902,Mylik Wilson,248,Houston Cougars,Guard,153.0,14,23,3,7,7,11,7,29,36,6,5,4,8,10,38,6,Big 12,0.6086956521739131,0.42857142857142855,0.6363636363636364,0.6739130434782609,25.5,2.3333333333333335,3.8333333333333335,0.5,1.1666666666666667,1.1666666666666667,4.833333333333333,6.0,1.0,0.8333333333333334,0.6666666666666666,1.3333333333333333,6.333333333333333
4432904,Donovan Gregory,2026,Appalachian State Mountaineers,Forward,98.0,12,29,0,3,17,19,1,8,9,10,1,2,2,8,41,3,Sun Belt,0.41379310344827586,0.0,0.8947368421052632,0.41379310344827586,32.666666666666664,4.0,9.666666666666666,0.0,1.0,0.3333333333333333,2.6666666666666665,3.0,3.3333333333333335,0.3333333333333333,0.6666666666666666,0.6666666666666666,13.666666666666666
4432918,Justin Webster,2439,UNLV Rebels,Guard,112.0,16,34,10,21,10,11,2,6,8,10,1,0,2,3,52,4,Mountain West,0.47058823529411764,0.47619047619047616,0.9090909090909091,0.6176470588235294,28.0,4.0,8.5,2.5,5.25,0.5,1.5,2.0,2.5,0.25,0.0,0.5,13.0
4432920,Jordan Wright,99,LSU Tigers,Guard,62.0,11,30,5,15,5,5,3,11,14,5,3,1,6,8,32,2,SEC,0.36666666666666664,0.3333333333333333,1.0,0.45,31.0,5.5,15.0,2.5,7.5,1.5,5.5,7.0,2.5,1.5,0.5,3.0,16.0
4432926,Dishon Jackson,2429,Charlotte 49ers,Center,31.0,2,4,0,0,5,6,2,3,5,3,0,0,3,1,9,1,American,0.5,,0.8333333333333334,0.5,31.0,2.0,4.0,0.0,0.0,2.0,3.0,5.0,3.0,0.0,0.0,3.0,9.0
4432930,Idan Tretout,314,Iona Gaels,Guard,66.0,13,31,6,16,3,5,0,3,3,3,1,0,4,4,35,2,MAAC,0.41935483870967744,0.375,0.6,0.5161290322580645,33.0,6.5,15.5,3.0,8.0,0.0,1.5,1.5,1.5,0.5,0.0,2.0,17.5
4432931,Fletcher Abee,2427,UNC Asheville Bulldogs,Guard,89.0,8,25,3,14,0,0,0,5,5,5,3,1,2,4,19,3,Big South,0.32,0.21428571428571427,,0.38,29.666666666666668,2.6666666666666665,8.333333333333334,1.0,4.666666666666667,0.0,1.6666666666666667,1.6666666666666667,1.6666666666666667,1.0,0.3333333333333333,0.6666666666666666,6.333333333333333
4432932,Max Abmas,251,Texas Longhorns,Guard,108.0,17,45,6,22,8,10,2,12,14,7,2,1,6,5,48,3,Big 12,0.37777777777777777,0.2727272727272727,0.8,0.4444444444444444,36.0,5.666666666666667,15.0,2.0,7.333333333333333,0.6666666666666666,4.0,4.666666666666667,2.3333333333333335,0.6666666666666666,0.3333333333333333,2.0,16.0
4432934,Nahiem Alleyne,2599,St. John's Red Storm,Guard,40.0,5,7,3,4,5,6,0,1,1,3,1,0,0,3,18,2,Big East,0.7142857142857143,0.75,0.8333333333333334,0.9285714285714286,20.0,2.5,3.5,1.5,2.0,0.0,0.5,0.5,1.5,0.5,0.0,0.0,9.0
4432944,Heru Bligen,161,Fairleigh Dickinson Knights,Guard,16.0,1,5,0,0,0,0,0,0,0,1,1,0,0,3,2,1,Northeast,0.2,,,0.2,16.0,1.0,5.0,0.0,0.0,0.0,0.0,0.0,1.0,1.0,0.0,0.0,2.0
4432946,Jalen Bridges,239,Baylor Bears,Forward,144.0,23,45,9,24,10,13,14,17,31,5,4,0,5,6,65,4,Big 12,0.5111111111111111,0.375,0.7692307692307693,0.6111111111111112,36.0,5.75,11.25,2.25,6.0,3.5,4.25,7.75,1.25,1.0,0.0,1.25,16.25
4432948,Raquan Brown,2569,South Carolina State Bulldogs,Guard,22.0,1,7,1,5,4,4,0,3,3,1,3,0,1,4,7,1,MEAC,0.14285714285714285,0.2,1.0,0.21428571428571427,22.0,1.0,7.0,1.0,5.0,0.0,3.0,3.0,1.0,3.0,0.0,1.0,7.0
4432954,Hunter Cattoor,259,Virginia Tech Hokies,Guard,111.0,9,32,5,17,13,15,2,10,12,7,2,0,5,5,36,3,ACC,0.28125,0.29411764705882354,0.8666666666666667,0.359375,37.0,3.0,10.666666666666666,1.6666666666666667,5.666666666666667,0.6666666666666666,3.3333333333333335,4.0,2.3333333333333335,0.6666666666666666,0.0,1.6666666666666667,12.0
4432959,Ta'Lon Cooper,2579,South Carolina Gamecocks,Guard,91.0,12,21,5,9,5,8,2,7,9,10,1,1,3,5,34,3,SEC,0.5714285714285714,0.5555555555555556,0.625,0.6904761904761905,30.333333333333332,4.0,7.0,1.6666666666666667,3.0,0.6666666666666666,2.3333333333333335,3.0,3.3333333333333335,0.3333333333333333,0.3333333333333333,1.0,11.333333333333334
4432960,Perry Cowan,2363,Manhattan Jaspers,Guard,32.0,3,7,2,4,0,0,0,0,0,1,0,0,0,0,8,1,MAAC,0.42857142857142855,0.5,,0.5714285714285714,32.0,3.0,7.0,2.0,4.0,0.0,0.0,0.0,1.0,0.0,0.0,0.0,8.0
4432962,Pierre Crockrell II,300,UC Irvine Anteaters,Guard,60.0,14,27,0,0,0,2,0,3,3,14,3,0,2,4,28,2,Big West,0.5185185185185185,,0.0,0.5185185185185185,30.0,7.0,13.5,0.0,0.0,0.0,1.5,1.5,7.0,1.5,0.0,1.0,14.0
4432965,Mike DePersia,2330,Le Moyne Dolphins,Guard,68.0,3,9,1,4,2,2,3,6,9,10,4,0,5,5,9,2,Northeast,0.3333333333333333,0.25,1.0,0.3888888888888889,34.0,1.5,4.5,0.5,2.0,1.5,3.0,4.5,5.0,2.0,0.0,2.5,4.5
4432969,K'mani Doughty,3084,Utah Valley Wolverines,Guard,3.0,0,1,0,1,0,0,0,0,0,0,0,0,1,0,0,1,United Athletic,0.0,0.0,,0.0,3.0,0.0,1.0,0.0,1.0,0.0,0.0,0.0,0.0,0.0,0.0,1.0,0.0
4432970,Fousseyni Drame,2184,Duquesne Dukes,Forward,149.0,12,28,4,11,9,12,17,28,45,8,5,5,5,14,37,6,Atlantic 10,0.42857142857142855,0.36363636363636365,0.75,0.5,24.833333333333332,2.0,4.666666666666667,0.6666666666666666,1.8333333333333333,2.8333333333333335,4.666666666666667,7.5,1.3333333333333333,0.8333333333333334,0.8333333333333334,0.8333333333333334,6.166666666666667
4432971,Alex Ducas,2608,Saint Mary's Gaels,Guard,102.0,9,19,8,17,4,4,2,13,15,6,1,1,3,8,30,3,West Coast,0.47368421052631576,0.47058823529411764,1.0,0.6842105263157895,34.0,3.0,6.333333333333333,2.6666666666666665,5.666666666666667,0.6666666666666666,4.333333333333333,5.0,2.0,0.3333333333333333,0.3333333333333333,1.0,10.0
4432976,Coleman Hawkins,356,Illinois Fighting Illini,Forward,226.0,22,54,10,35,7,11,8,33,41,19,5,8,7,18,61,7,Big Ten,0.4074074074074074,0.2857142857142857,0.6363636363636364,0.5,32.285714285714285,3.142857142857143,7.714285714285714,1.4285714285714286,5.0,1.1428571428571428,4.714285714285714,5.857142857142857,2.7142857142857144,0.7142857142857143,1.1428571428571428,1.0,8.714285714285714
4432977,Doug Edert,2803,Bryant Bulldogs,Guard,14.0,3,3,1,1,0,0,0,1,1,0,2,0,0,3,7,2,America East,1.0,1.0,,1.1666666666666667,7.0,1.5,1.5,0.5,0.5,0.0,0.5,0.5,0.0,1.0,0.0,0.0,3.5
4432981,Nate Ferguson,2181,Drake Bulldogs,Forward,46.0,3,4,0,0,5,7,4,5,9,0,1,1,1,2,11,3,Missouri Valley,0.75,,0.7142857142857143,0.75,15.333333333333334,1.0,1.3333333333333333,0.0,0.0,1.3333333333333333,1.6666666666666667,3.0,0.0,0.3333333333333333,0.3333333333333333,0.3333333333333333,3.6666666666666665
4432982,Moses Flowers,179,St. Bonaventure Bonnies,Guard,73.0,6,19,2,10,4,8,1,8,9,3,4,0,5,7,18,3,Atlantic 10,0.3157894736842105,0.2,0.5,0.3684210526315789,24.333333333333332,2.0,6.333333333333333,0.6666666666666666,3.3333333333333335,0.3333333333333333,2.6666666666666665,3.0,1.0,1.3333333333333333,0.0,1.6666666666666667,6.0
4432994,Sam Griffin,2751,Wyoming Cowboys,Guard,39.0,6,15,3,7,4,6,0,2,2,6,1,0,2,2,19,1,Mountain West,0.4,0.42857142857142855,0.6666666666666666,0.5,39.0,6.0,15.0,3.0,7.0,0.0,2.0,2.0,6.0,1.0,0.0,2.0,19.0
4432996,Quincy Guerrier,356,Illinois Fighting Illini,Forward,137.0,16,39,5,17,4,10,9,15,24,2,1,1,1,12,41,7,Big Ten,0.41025641025641024,0.29411764705882354,0.4,0.47435897435897434,19.571428571428573,2.2857142857142856,5.571428571428571,0.7142857142857143,2.4285714285714284,1.2857142857142858,2.142857142857143,3.4285714285714284,0.2857142857142857,0.14285714285714285,0.14285714285714285,0.14285714285714285,5.857142857142857
4433004,Cole Henry,2460,Northern Iowa Panthers,Forward,26.0,1,4,0,0,2,2,3,2,5,5,1,2,1,4,4,2,Missouri Valley,0.25,,1.0,0.25,13.0,0.5,2.0,0.0,0.0,1.5,1.0,2.5,2.5,0.5,1.0,0.5,2.0
4433009,Justin Hohn,300,UC Irvine Anteaters,Guard,62.0,11,24,4,12,2,4,0,4,4,2,1,0,2,2,28,2,Big West,0.4583333333333333,0.3333333333333333,0.5,0.5416666666666666,31.0,5.5,12.0,2.0,6.0,0.0,2.0,2.0,1.0,0.5,0.0,1.0,14.0
4433010,Rodney Howard,98,Western Kentucky Hilltoppers,Forward,78.0,15,29,0,0,6,7,6,13,19,0,4,4,9,9,36,4,Conference USA,0.5172413793103449,,0.8571428571428571,0.5172413793103449,19.5,3.75,7.25,0.0,0.0,1.5,3.25,4.75,0.0,1.0,1.0,2.25,9.0
4433011,Sammy Hunter,2006,Akron Zips,Forward,99.0,8,22,5,16,2,2,2,12,14,0,1,1,0,9,23,4,Mid-American,0.36363636363636365,0.3125,1.0,0.4772727272727273,24.75,2.0,5.5,1.25,4.0,0.5,3.0,3.5,0.0,0.25,0.25,0.0,5.75
4433018,James Keefe,24,Stanford Cardinal,Forward,22.0,4,5,0,0,1,4,2,4,6,1,1,0,1,3,9,2,Pac-12,0.8,,0.25,0.8,11.0,2.0,2.5,0.0,0.0,1.0,2.0,3.0,0.5,0.5,0.0,0.5,4.5
4433019,Marquise Kennedy,82,UIC Flames,Guard,33.0,4,7,0,1,2,6,3,5,8,2,0,0,1,0,10,2,Missouri Valley,0.5714285714285714,0.0,0.3333333333333333,0.5714285714285714,16.5,2.0,3.5,0.0,0.5,1.5,2.5,4.0,1.0,0.0,0.0,0.5,5.0
4433024,Jaden Walker,151,East Carolina Pirates,Guard,38.0,2,6,1,2,4,4,3,3,6,0,1,1,2,8,9,2,American,0.3333333333333333,0.5,1.0,0.4166666666666667,19.0,1.0,3.0,0.5,1.0,1.5,1.5,3.0,0.0,0.5,0.5,1.0,4.5
4433026,Kobe Langley,2430,UNC Greensboro Spartans,Guard,31.0,4,13,2,6,0,0,1,4,5,3,4,0,0,1,10,1,Southern,0.3076923076923077,0.3333333333333333,,0.38461538461538464,31.0,4.0,13.0,2.0,6.0,1.0,4.0,5.0,3.0,4.0,0.0,0.0,10.0
4433048,Naim Miller,160,New Hampshire Wildcats,Guard,55.0,4,12,1,7,2,2,1,1,2,0,0,0,5,2,11,2,America East,0.3333333333333333,0.14285714285714285,1.0,0.375,27.5,2.0,6.0,0.5,3.5,0.5,0.5,1.0,0.0,0.0,0.0,2.5,5.5
4433052,Essam Mostafa,2628,TCU Horned Frogs,Forward,3.0,0,0,0,0,0,0,0,1,1,0,0,0,0,0,0,1,Big 12,,,,,3.0,0.0,0.0,0.0,0.0,0.0,1.0,1.0,0.0,0.0,0.0,0.0,0.0
4433059,Juwan Perdue,55,Jacksonville State Gamecocks,Forward,29.0,7,9,2,2,1,2,1,5,6,2,0,1,1,2,17,1,Conference USA,0.7777777777777778,1.0,0.5,0.8888888888888888,29.0,7.0,9.0,2.0,2.0,1.0,5.0,6.0,2.0,0.0,1.0,1.0,17.0
4433062,Ryan Rapp,62,Hawai'i Rainbow Warriors,Guard,28.0,2,6,1,4,0,0,1,3,4,3,0,0,2,4,5,2,Big West,0.3333333333333333,0.25,,0.4166666666666667,14.0,1.0,3.0,0.5,2.0,0.5,1.5,2.0,1.5,0.0,0.0,1.0,2.5
4433068,J'Wan Roberts,248,Houston Cougars,Forward,136.0,20,27,0,0,5,15,12,24,36,9,7,4,9,12,45,6,Big 12,0.7407407407407407,,0.3333333333333333,0.7407407407407407,22.666666666666668,3.3333333333333335,4.5,0.0,0.0,2.0,4.0,6.0,1.5,1.1666666666666667,0.6666666666666666,1.5,7.5
4433069,Demond Robinson,338,Kennesaw State Owls,Forward,35.0,5,12,1,2,2,2,5,8,13,1,1,2,3,1,13,1,ASUN,0.4166666666666667,0.5,1.0,0.4583333333333333,35.0,5.0,12.0,1.0,2.0,5.0,8.0,13.0,1.0,1.0,2.0,3.0,13.0
4433073,Andrei Savrasov,2184,Duquesne Dukes,Forward,3.0,0,0,0,0,0,0,0,0,0,0,0,0,1,0,0,1,Atlantic 10,,,,,3.0,0.0,0.0,0.0,0.0,0.0,0.0,0.0,0.0,0.0,0.0,1.0,0.0
4433075,Michael Shanks,2634,Tennessee State Tigers,Forward,45.0,6,16,1,7,6,7,1,2,3,1,1,0,2,6,19,2,Ohio Valley,0.375,0.14285714285714285,0.8571428571428571,0.40625,22.5,3.0,8.0,0.5,3.5,0.5,1.0,1.5,0.5,0.5,0.0,1.0,9.5
4433077,Airion Simmons,2000,Abilene Christian Wildcats,Forward,58.0,3,12,1,3,0,0,1,13,14,2,1,3,7,8,7,3,United Athletic,0.25,0.3333333333333333,,0.2916666666666667,19.333333333333332,1.0,4.0,0.3333333333333333,1.0,0.3333333333333333,4.333333333333333,4.666666666666667,0.6666666666666666,0.3333333333333333,1.0,2.3333333333333335,2.3333333333333335
4433079,Khydarius Smith,2378,UMBC Retrievers,Center,17.0,7,9,0,0,1,2,0,3,3,0,0,0,1,1,15,1,America East,0.7777777777777778,,0.5,0.7777777777777778,17.0,7.0,9.0,0.0,0.0,0.0,3.0,3.0,0.0,0.0,0.0,1.0,15.0
4433083,Cam Spencer,41,UConn Huskies,Guard,298.0,42,92,17,43,15,16,13,39,52,40,14,3,8,18,116,9,Big East,0.45652173913043476,0.3953488372093023,0.9375,0.5489130434782609,33.111111111111114,4.666666666666667,10.222222222222221,1.8888888888888888,4.777777777777778,1.4444444444444444,4.333333333333333,5.777777777777778,4.444444444444445,1.5555555555555556,0.3333333333333333,0.8888888888888888,12.88888888888889
4433091,Luke Sutherland,2330,Le Moyne Dolphins,Forward,69.0,15,34,7,12,8,8,0,12,12,3,1,1,6,3,45,2,Northeast,0.4411764705882353,0.5833333333333334,1.0,0.5441176470588235,34.5,7.5,17.0,3.5,6.0,0.0,6.0,6.0,1.5,0.5,0.5,3.0,22.5
4433099,Lars Thiemann,2351,Loyola Marymount Lions,Center,6.0,1,1,0,0,0,0,1,0,1,0,0,0,0,3,2,1,West Coast,1.0,,,1.0,6.0,1.0,1.0,0.0,0.0,1.0,0.0,1.0,0.0,0.0,0.0,0.0,2.0
4433102,Antonio Thomas,339,Evansville Purple Aces,Guard,98.0,9,25,2,5,6,6,3,6,9,4,1,1,6,9,26,4,Missouri Valley,0.36,0.4,1.0,0.4,24.5,2.25,6.25,0.5,1.25,0.75,1.5,2.25,1.0,0.25,0.25,1.5,6.5
4433103,Charles Thompson,119,Towson Tigers,Forward,74.0,11,14,0,0,10,13,6,11,17,7,1,3,8,11,32,3,Coastal,0.7857142857142857,,0.7692307692307693,0.7857142857142857,24.666666666666668,3.6666666666666665,4.666666666666667,0.0,0.0,2.0,3.6666666666666665,5.666666666666667,2.3333333333333335,0.3333333333333333,1.0,2.6666666666666665,10.666666666666666
4433104,Miguel Tomley,304,Idaho State Bengals,Guard,103.0,22,49,10,22,13,18,2,9,11,3,1,0,7,1,67,3,Big Sky,0.4489795918367347,0.45454545454545453,0.7222222222222222,0.5510204081632653,34.333333333333336,7.333333333333333,16.333333333333332,3.3333333333333335,7.333333333333333,0.6666666666666666,3.0,3.6666666666666665,1.0,0.3333333333333333,0.0,2.3333333333333335,22.333333333333332
4433105,Tyler Wahl,275,Wisconsin Badgers,Forward,120.0,6,23,0,5,8,12,4,8,12,11,6,2,7,15,20,5,Big Ten,0.2608695652173913,0.0,0.6666666666666666,0.2608695652173913,24.0,1.2,4.6,0.0,1.0,0.8,1.6,2.4,2.2,1.2,0.4,1.4,4.0
4433108,T.J. Weeks Jr.,2520,Rider Broncs,Forward,33.0,3,10,2,7,2,2,1,4,5,0,1,1,0,4,10,1,MAAC,0.3,0.2857142857142857,1.0,0.4,33.0,3.0,10.0,2.0,7.0,1.0,4.0,5.0,0.0,1.0,1.0,0.0,10.0
4433110,Brendan Wenzel,2751,Wyoming Cowboys,Guard,36.0,5,14,3,8,2,4,1,3,4,1,0,0,2,4,15,1,Mountain West,0.35714285714285715,0.375,0.5,0.4642857142857143,36.0,5.0,14.0,3.0,8.0,1.0,3.0,4.0,1.0,0.0,0.0,2.0,15.0
4433119,Ben Wight,2649,Toledo Rockets,Forward,2.0,0,0,0,0,0,0,0,0,0,0,0,0,1,3,0,1,Mid-American,,,,,2.0,0.0,0.0,0.0,0.0,0.0,0.0,0.0,0.0,0.0,0.0,1.0,0.0
4433125,Paxson Wojcik,153,North Carolina Tar Heels,Guard,36.0,3,6,3,6,0,2,2,5,7,5,0,0,0,2,9,4,ACC,0.5,0.5,0.0,0.75,9.0,0.75,1.5,0.75,1.5,0.5,1.25,1.75,1.25,0.0,0.0,0.0,2.25
4433127,Julien Wooden,256,James Madison Dukes,Forward,129.0,16,35,4,14,4,7,7,13,20,2,6,6,4,14,40,5,Sun Belt,0.45714285714285713,0.2857142857142857,0.5714285714285714,0.5142857142857142,25.8,3.2,7.0,0.8,2.8,1.4,2.6,4.0,0.4,1.2,1.2,0.8,8.0
4433129,Shamar Wright,2565,SIU Edwardsville Cougars,Guard,73.0,8,21,0,5,10,12,1,10,11,2,5,2,2,5,26,2,Ohio Valley,0.38095238095238093,0.0,0.8333333333333334,0.38095238095238093,36.5,4.0,10.5,0.0,2.5,0.5,5.0,5.5,1.0,2.5,1.0,1.0,13.0
4433130,Tony Perkins,2294,Iowa Hawkeyes,Guard,94.0,8,25,3,8,6,8,0,10,10,18,2,0,10,8,25,3,Big Ten,0.32,0.375,0.75,0.38,31.333333333333332,2.6666666666666665,8.333333333333334,1.0,2.6666666666666665,0.0,3.3333333333333335,3.3333333333333335,6.0,0.6666666666666666,0.0,3.3333333333333335,8.333333333333334
4433133,Jahmir Young,120,Maryland Terrapins,Guard,63.0,12,26,2,8,3,5,1,8,9,9,4,1,4,1,29,2,Big Ten,0.46153846153846156,0.25,0.6,0.5,31.5,6.0,13.0,1.0,4.0,0.5,4.0,4.5,4.5,2.0,0.5,2.0,14.5
4433135,Jeremy Roach,150,Duke Blue Devils,Guard,187.0,19,51,4,13,19,24,6,8,14,21,4,2,12,9,61,5,ACC,0.37254901960784315,0.3076923076923077,0.7916666666666666,0.4117647058823529,37.4,3.8,10.2,0.8,2.6,1.2,1.6,2.8,4.2,0.8,0.4,2.4,12.2
4433138,Nimari Burnett,130,Michigan Wolverines,Guard,37.0,4,11,3,5,0,1,3,1,4,4,0,1,3,2,11,1,Big Ten,0.36363636363636365,0.6,0.0,0.5,37.0,4.0,11.0,3.0,5.0,3.0,1.0,4.0,4.0,0.0,1.0,3.0,11.0
4433144,Caleb Love,12,Arizona Wildcats,Guard,163.0,23,74,10,44,11,18,3,17,20,16,6,2,13,6,67,5,Pac-12,0.3108108108108108,0.22727272727272727,0.6111111111111112,0.3783783783783784,32.6,4.6,14.8,2.0,8.8,0.6,3.4,4.0,3.2,1.2,0.4,2.6,13.4
4433146,Terren Frank,70,Idaho Vandals,Forward,13.0,0,0,0,0,0,0,0,1,1,2,0,0,2,3,0,1,Big Sky,,,,,13.0,0.0,0.0,0.0,0.0,0.0,1.0,1.0,2.0,0.0,0.0,2.0,0.0
4433149,L.J. Cryer,248,Houston Cougars,Guard,194.0,32,77,16,42,7,8,3,12,15,10,5,1,10,8,87,6,Big 12,0.4155844155844156,0.38095238095238093,0.875,0.5194805194805194,32.333333333333336,5.333333333333333,12.833333333333334,2.6666666666666665,7.0,0.5,2.0,2.5,1.6666666666666667,0.8333333333333334,0.16666666666666666,1.6666666666666667,14.5
4433151,Ethan Morton,2509,Purdue Boilermakers,Guard,13.0,1,1,0,0,0,0,0,0,0,3,0,1,1,3,2,5,Big Ten,1.0,,,1.0,2.6,0.2,0.2,0.0,0.0,0.0,0.0,0.0,0.6,0.0,0.2,0.2,0.4
4433152,Lance Ware,222,Villanova Wildcats,Forward,17.0,0,0,0,0,0,4,2,4,6,2,0,1,3,0,0,3,Big East,,,0.0,,5.666666666666667,0.0,0.0,0.0,0.0,0.6666666666666666,1.3333333333333333,2.0,0.6666666666666666,0.0,0.3333333333333333,1.0,0.0
4433154,Mady Sissoko,127,Michigan State Spartans,Center,36.0,4,6,0,0,0,0,6,13,19,1,1,1,1,9,8,4,Big Ten,0.6666666666666666,,,0.6666666666666666,9.0,1.0,1.5,0.0,0.0,1.5,3.25,4.75,0.25,0.25,0.25,0.25,2.0
4433155,Clifford Omoruyi,164,Rutgers Scarlet Knights,Center,25.0,1,7,0,0,0,1,1,4,5,0,1,2,2,1,2,1,Big Ten,0.14285714285714285,,0.0,0.14285714285714285,25.0,1.0,7.0,0.0,0.0,1.0,4.0,5.0,0.0,1.0,2.0,2.0,2.0
4433156,Posh Alexander,2086,Butler Bulldogs,Guard,67.0,10,20,2,5,5,6,5,5,10,8,4,2,9,4,27,2,Big East,0.5,0.4,0.8333333333333334,0.55,33.5,5.0,10.0,1.0,2.5,2.5,2.5,5.0,4.0,2.0,1.0,4.5,13.5
4433160,Hassan Diarra,41,UConn Huskies,Guard,178.0,22,45,6,20,11,14,6,23,29,19,5,0,9,18,61,9,Big East,0.4888888888888889,0.3,0.7857142857142857,0.5555555555555556,19.77777777777778,2.4444444444444446,5.0,0.6666666666666666,2.2222222222222223,0.6666666666666666,2.5555555555555554,3.2222222222222223,2.111111111111111,0.5555555555555556,0.0,1.0,6.777777777777778
4433161,Elijah Hutchins-Everett,2550,Seton Hall Pirates,Center,63.0,7,13,0,5,9,11,4,5,9,4,1,2,3,7,23,5,Big East,0.5384615384615384,0.0,0.8181818181818182,0.5384615384615384,12.6,1.4,2.6,0.0,1.0,0.8,1.0,1.8,0.8,0.2,0.4,0.6,4.6
4433163,Rondel Walker,249,North Texas Mean Green,Guard,58.0,4,7,3,4,0,0,0,6,6,2,8,0,2,4,11,4,American,0.5714285714285714,0.75,,0.7857142857142857,14.5,1.0,1.75,0.75,1.0,0.0,1.5,1.5,0.5,2.0,0.0,0.5,2.75
4433165,DeMarr Langford Jr.,2116,UCF Knights,Guard,3.0,0,0,0,0,0,0,0,0,0,0,0,0,0,0,0,1,Big 12,,,,,3.0,0.0,0.0,0.0,0.0,0.0,0.0,0.0,0.0,0.0,0.0,0.0,0.0
4433166,Ben Carlson,254,Utah Utes,Forward,90.0,11,21,5,12,3,6,3,14,17,4,2,0,2,6,30,6,Pac-12,0.5238095238095238,0.4166666666666667,0.5,0.6428571428571429,15.0,1.8333333333333333,3.5,0.8333333333333334,2.0,0.5,2.3333333333333335,2.8333333333333335,0.6666666666666666,0.3333333333333333,0.0,0.3333333333333333,5.0
4433172,Zeb Jackson,2670,VCU Rams,Guard,216.0,23,69,13,41,19,25,0,33,33,17,14,1,17,14,78,7,Atlantic 10,0.3333333333333333,0.3170731707317073,0.76,0.427536231884058,30.857142857142858,3.2857142857142856,9.857142857142858,1.8571428571428572,5.857142857142857,0.0,4.714285714285714,4.714285714285714,2.4285714285714284,2.0,0.14285714285714285,2.4285714285714284,11.142857142857142
4433174,Dylan Cardwell,2,Auburn Tigers,Center,58.0,8,11,0,0,4,7,4,10,14,4,3,12,3,9,20,4,SEC,0.7272727272727273,,0.5714285714285714,0.7272727272727273,14.5,2.0,2.75,0.0,0.0,1.0,2.5,3.5,1.0,0.75,3.0,0.75,5.0
4433175,Lynn Greer III,2603,Saint Joseph's Hawks,Guard,91.0,9,23,1,2,7,9,3,4,7,12,2,1,8,4,26,3,Atlantic 10,0.391304347826087,0.5,0.7777777777777778,0.41304347826086957,30.333333333333332,3.0,7.666666666666667,0.3333333333333333,0.6666666666666666,1.0,1.3333333333333333,2.3333333333333335,4.0,0.6666666666666666,0.3333333333333333,2.6666666666666665,8.666666666666666
4433176,RJ Davis,153,North Carolina Tar Heels,Guard,207.0,44,107,16,51,27,33,4,14,18,20,7,1,5,12,131,6,ACC,0.411214953271028,0.3137254901960784,0.8181818181818182,0.48598130841121495,34.5,7.333333333333333,17.833333333333332,2.6666666666666665,8.5,0.6666666666666666,2.3333333333333335,3.0,3.3333333333333335,1.1666666666666667,0.16666666666666666,0.8333333333333334,21.833333333333332
4433177,Brandon Stroud,58,South Florida Bulls,Guard,96.0,7,16,0,3,6,10,8,20,28,15,3,3,4,10,20,4,American,0.4375,0.0,0.6,0.4375,24.0,1.75,4.0,0.0,0.75,2.0,5.0,7.0,3.75,0.75,0.75,1.0,5.0
4433179,Eugene Brown III,290,Georgia Southern Eagles,Forward,53.0,2,6,1,3,3,4,2,9,11,3,2,1,2,6,8,2,Sun Belt,0.3333333333333333,0.3333333333333333,0.75,0.4166666666666667,26.5,1.0,3.0,0.5,1.5,1.0,4.5,5.5,1.5,1.0,0.5,1.0,4.0
4433182,Ace Baldwin Jr.,213,Penn State Nittany Lions,Guard,79.0,8,27,1,11,9,12,2,8,10,12,4,4,5,2,26,2,Big Ten,0.2962962962962963,0.09090909090909091,0.75,0.3148148148148148,39.5,4.0,13.5,0.5,5.5,1.0,4.0,5.0,6.0,2.0,2.0,2.5,13.0
4433183,Lamont Butler,21,San Diego State Aztecs,Guard,181.0,21,51,7,19,17,24,4,10,14,22,7,3,8,10,66,6,Mountain West,0.4117647058823529,0.3684210526315789,0.7083333333333334,0.4803921568627451,30.166666666666668,3.5,8.5,1.1666666666666667,3.1666666666666665,0.6666666666666666,1.6666666666666667,2.3333333333333335,3.6666666666666665,1.1666666666666667,0.5,1.3333333333333333,11.0
4433184,Deivon Smith,254,Utah Utes,Guard,194.0,34,67,11,18,16,26,5,45,50,52,9,4,16,9,95,6,Pac-12,0.5074626865671642,0.6111111111111112,0.6153846153846154,0.5895522388059702,32.333333333333336,5.666666666666667,11.166666666666666,1.8333333333333333,3.0,0.8333333333333334,7.5,8.333333333333334,8.666666666666666,1.5,0.6666666666666666,2.6666666666666665,15.833333333333334
4433185,Antwan Burnett,2755,Grambling Tigers,Forward,169.0,12,37,6,18,15,17,2,18,20,3,3,1,5,8,45,5,SWAC,0.32432432432432434,0.3333333333333333,0.8823529411764706,0.40540540540540543,33.8,2.4,7.4,1.2,3.6,0.4,3.6,4.0,0.6,0.6,0.2,1.0,9.0
4433187,Selton Miguel,58,South Florida Bulls,Guard,107.0,19,53,12,30,9,11,0,6,6,5,5,0,10,7,59,4,American,0.3584905660377358,0.4,0.8181818181818182,0.4716981132075472,26.75,4.75,13.25,3.0,7.5,0.0,1.5,1.5,1.25,1.25,0.0,2.5,14.75
4433188,Devin Carter,2507,Providence Friars,Guard,109.0,20,46,7,23,21,23,2,26,28,13,6,2,9,7,68,3,Big East,0.43478260869565216,0.30434782608695654,0.9130434782608695,0.5108695652173914,36.333333333333336,6.666666666666667,15.333333333333334,2.3333333333333335,7.666666666666667,0.6666666666666666,8.666666666666666,9.333333333333334,4.333333333333333,2.0,0.6666666666666666,3.0,22.666666666666668
4433191,Eddie Lampkin Jr.,38,Colorado Buffaloes,Center,187.0,35,56,0,0,10,13,16,25,41,17,1,0,16,15,80,6,Pac-12,0.625,,0.7692307692307693,0.625,31.166666666666668,5.833333333333333,9.333333333333334,0.0,0.0,2.6666666666666665,4.166666666666667,6.833333333333333,2.8333333333333335,0.16666666666666666,0.0,2.6666666666666665,13.333333333333334
4433193,Judah Brown,6,South Alabama Jaguars,Forward,18.0,2,6,0,4,0,0,1,1,2,0,0,0,2,1,4,1,Sun Belt,0.3333333333333333,0.0,,0.3333333333333333,18.0,2.0,6.0,0.0,4.0,1.0,1.0,2.0,0.0,0.0,0.0,2.0,4.0
4433195,Tyler Beard,279,Pacific Tigers,Guard,15.0,1,5,1,2,0,0,0,2,2,0,0,0,3,2,3,1,West Coast,0.2,0.5,,0.3,15.0,1.0,5.0,1.0,2.0,0.0,2.0,2.0,0.0,0.0,0.0,3.0,3.0
4433197,Chibuzo Agbo,68,Boise State Broncos,Guard,74.0,12,26,4,13,0,0,3,6,9,2,3,0,2,3,28,2,Mountain West,0.46153846153846156,0.3076923076923077,,0.5384615384615384,37.0,6.0,13.0,2.0,6.5,1.5,3.0,4.5,1.0,1.5,0.0,1.0,14.0
4433200,Chris Moore,2,Auburn Tigers,Forward,77.0,9,9,2,2,1,1,4,9,13,3,4,0,1,9,21,4,SEC,1.0,1.0,1.0,1.1111111111111112,19.25,2.25,2.25,0.5,0.5,1.0,2.25,3.25,0.75,1.0,0.0,0.25,5.25
4433202,Jordan Wilmore,2046,Austin Peay Governors,Center,31.0,2,2,0,0,2,2,1,10,11,0,1,1,0,7,6,2,ASUN,1.0,,1.0,1.0,15.5,1.0,1.0,0.0,0.0,0.5,5.0,5.5,0.0,0.5,0.5,0.0,3.0
4433217,Tre Coleman,2440,Nevada Wolf Pack,Forward,64.0,5,12,4,7,0,0,3,3,6,3,3,0,2,2,14,2,Mountain West,0.4166666666666667,0.5714285714285714,,0.5833333333333334,32.0,2.5,6.0,2.0,3.5,1.5,1.5,3.0,1.5,1.5,0.0,1.0,7.0
4433224,Mikeal Brown-Jones,2430,UNC Greensboro Spartans,Forward,31.0,2,11,0,3,4,6,1,3,4,2,0,4,3,2,8,1,Southern,0.18181818181818182,0.0,0.6666666666666666,0.18181818181818182,31.0,2.0,11.0,0.0,3.0,1.0,3.0,4.0,2.0,0.0,4.0,3.0,8.0
4433225,Tyler Kolek,269,Marquette Golden Eagles,Guard,116.0,23,40,3,11,7,11,4,17,21,25,3,1,11,5,56,3,Big East,0.575,0.2727272727272727,0.6363636363636364,0.6125,38.666666666666664,7.666666666666667,13.333333333333334,1.0,3.6666666666666665,1.3333333333333333,5.666666666666667,7.0,8.333333333333334,1.0,0.3333333333333333,3.6666666666666665,18.666666666666668
4433227,Jamel King,338,Kennesaw State Owls,Forward,20.0,0,2,0,2,0,0,0,2,2,0,0,0,1,0,0,1,ASUN,0.0,0.0,,0.0,20.0,0.0,2.0,0.0,2.0,0.0,2.0,2.0,0.0,0.0,0.0,1.0,0.0
4433229,Kendall Munson,2502,Portland State Vikings,Forward,18.0,3,4,0,0,5,5,2,2,4,0,0,0,1,2,11,1,Big Sky,0.75,,1.0,0.75,18.0,3.0,4.0,0.0,0.0,2.0,2.0,4.0,0.0,0.0,0.0,1.0,11.0
4433243,Corey McKeithan,2520,Rider Broncs,Guard,36.0,2,6,0,0,2,2,2,1,3,3,1,0,1,3,6,1,MAAC,0.3333333333333333,,1.0,0.3333333333333333,36.0,2.0,6.0,0.0,0.0,2.0,1.0,3.0,3.0,1.0,0.0,1.0,6.0
4433245,Colin Smalls,44,American University Eagles,Guard,20.0,0,4,0,4,0,0,0,2,2,0,0,0,0,1,0,1,Patriot League,0.0,0.0,,0.0,20.0,0.0,4.0,0.0,4.0,0.0,2.0,2.0,0.0,0.0,0.0,0.0,0.0
4433259,K.J. Adams Jr.,2305,Kansas Jayhawks,Forward,105.0,24,39,0,0,4,10,6,8,14,9,1,2,7,8,52,3,Big 12,0.6153846153846154,,0.4,0.6153846153846154,35.0,8.0,13.0,0.0,0.0,2.0,2.6666666666666665,4.666666666666667,3.0,0.3333333333333333,0.6666666666666666,2.3333333333333335,17.333333333333332
4433263,Shane Nowell,2439,UNLV Rebels,Guard,78.0,3,9,2,5,6,8,2,15,17,5,1,0,2,14,14,4,Mountain West,0.3333333333333333,0.4,0.75,0.4444444444444444,19.5,0.75,2.25,0.5,1.25,0.5,3.75,4.25,1.25,0.25,0.0,0.5,3.5
4433268,Trey Alexander,156,Creighton Bluejays,Guard,162.0,23,60,9,18,16,19,3,18,21,12,2,0,14,10,71,4,Big East,0.38333333333333336,0.5,0.8421052631578947,0.4583333333333333,40.5,5.75,15.0,2.25,4.5,0.75,4.5,5.25,3.0,0.5,0.0,3.5,17.75
4433273,Jerrell Colbert,2306,Kansas State Wildcats,Forward,32.0,2,3,0,0,1,4,0,7,7,0,0,2,3,6,5,3,Big 12,0.6666666666666666,,0.25,0.6666666666666666,10.666666666666666,0.6666666666666666,1.0,0.0,0.0,0.0,2.3333333333333335,2.3333333333333335,0.0,0.0,0.6666666666666666,1.0,1.6666666666666667
4433275,Will McClendon,26,UCLA Bruins,Guard,56.0,2,6,2,4,0,1,3,3,6,1,2,0,1,3,6,2,Pac-12,0.3333333333333333,0.5,0.0,0.5,28.0,1.0,3.0,1.0,2.0,1.5,1.5,3.0,0.5,1.0,0.0,0.5,3.0
4433277,Manny Obaseki,245,Texas A&M Aggies,Guard,152.0,28,64,5,12,17,26,5,10,15,5,5,2,7,19,78,5,SEC,0.4375,0.4166666666666667,0.6538461538461539,0.4765625,30.4,5.6,12.8,1.0,2.4,1.0,2.0,3.0,1.0,1.0,0.4,1.4,15.6
4433279,Hayden Hefner,245,Texas A&M Aggies,Guard,27.0,1,7,0,3,0,0,3,1,4,2,2,0,0,5,2,5,SEC,0.14285714285714285,0.0,,0.14285714285714285,5.4,0.2,1.4,0.0,0.6,0.6,0.2,0.8,0.4,0.4,0.0,0.0,0.4
4433281,Hunter Sallis,154,Wake Forest Demon Deacons,Guard,115.0,14,39,6,19,11,16,1,7,8,6,5,4,8,5,45,3,ACC,0.358974358974359,0.3157894736842105,0.6875,0.4358974358974359,38.333333333333336,4.666666666666667,13.0,2.0,6.333333333333333,0.3333333333333333,2.3333333333333335,2.6666666666666665,2.0,1.6666666666666667,1.3333333333333333,2.6666666666666665,15.0
4433285,Mark Mitchell,150,Duke Blue Devils,Forward,151.0,18,35,2,2,5,14,10,15,25,6,5,4,3,11,43,5,ACC,0.5142857142857142,1.0,0.35714285714285715,0.5428571428571428,30.2,3.6,7.0,0.4,0.4,2.0,3.0,5.0,1.2,1.0,0.8,0.6,8.6
4433286,AJ Casey,2390,Miami Hurricanes,Forward,1.0,0,0,0,0,0,0,0,0,0,1,0,0,0,0,0,1,ACC,,,,,1.0,0.0,0.0,0.0,0.0,0.0,0.0,0.0,1.0,0.0,0.0,0.0,0.0
4433340,Myles Stute,2579,South Carolina Gamecocks,Guard,36.0,1,6,1,6,3,5,2,7,9,2,0,0,0,3,6,2,SEC,0.16666666666666666,0.16666666666666666,0.6,0.25,18.0,0.5,3.0,0.5,3.0,1.0,3.5,4.5,1.0,0.0,0.0,0.0,3.0
4433512,Jahari Long,120,Maryland Terrapins,Guard,13.0,1,4,1,2,0,0,2,0,2,0,0,0,2,3,3,1,Big Ten,0.25,0.5,,0.375,13.0,1.0,4.0,1.0,2.0,2.0,0.0,2.0,0.0,0.0,0.0,2.0,3.0
4433563,Matt Cross,113,Massachusetts Minutemen,Forward,37.0,2,9,1,5,2,2,2,6,8,5,0,0,2,2,7,1,Atlantic 10,0.2222222222222222,0.2,1.0,0.2777777777777778,37.0,2.0,9.0,1.0,5.0,2.0,6.0,8.0,5.0,0.0,0.0,2.0,7.0
4433567,Dallion Johnson,526,Florida Gulf Coast Eagles,Guard,31.0,4,8,1,4,0,0,0,5,5,0,0,0,1,2,9,1,ASUN,0.5,0.25,,0.5625,31.0,4.0,8.0,1.0,4.0,0.0,5.0,5.0,0.0,0.0,0.0,1.0,9.0
4433569,Johni Broome,2,Auburn Tigers,Forward,98.0,24,42,4,12,19,27,10,27,37,12,2,7,7,10,71,4,SEC,0.5714285714285714,0.3333333333333333,0.7037037037037037,0.6190476190476191,24.5,6.0,10.5,1.0,3.0,2.5,6.75,9.25,3.0,0.5,1.75,1.75,17.75
4433574,Matt Zona,87,Notre Dame Fighting Irish,Forward,9.0,3,5,1,3,0,0,0,0,0,1,0,0,1,1,7,2,ACC,0.6,0.3333333333333333,,0.7,4.5,1.5,2.5,0.5,1.5,0.0,0.0,0.0,0.5,0.0,0.0,0.5,3.5
4433578,Tristan Maxwell,2261,Hampton Pirates,Guard,31.0,1,5,1,4,0,0,0,5,5,1,1,0,3,4,3,2,Coastal,0.2,0.25,,0.3,15.5,0.5,2.5,0.5,2.0,0.0,2.5,2.5,0.5,0.5,0.0,1.5,1.5
4433580,Marcus Dockery,47,Howard Bison,Guard,157.0,16,35,11,24,13,16,4,10,14,7,2,1,6,7,56,4,MEAC,0.45714285714285713,0.4583333333333333,0.8125,0.6142857142857143,39.25,4.0,8.75,2.75,6.0,1.0,2.5,3.5,1.75,0.5,0.25,1.5,14.0
4433585,Nate Santos,2168,Dayton Flyers,Forward,99.0,6,19,4,12,8,11,1,13,14,4,0,1,7,10,24,3,Atlantic 10,0.3157894736842105,0.3333333333333333,0.7272727272727273,0.42105263157894735,33.0,2.0,6.333333333333333,1.3333333333333333,4.0,0.3333333333333333,4.333333333333333,4.666666666666667,1.3333333333333333,0.0,0.3333333333333333,2.3333333333333335,8.0
4433594,Efton Reid III,154,Wake Forest Demon Deacons,Forward,112.0,18,29,2,6,6,9,14,20,34,12,3,5,8,13,44,4,ACC,0.6206896551724138,0.3333333333333333,0.6666666666666666,0.6551724137931034,28.0,4.5,7.25,0.5,1.5,3.5,5.0,8.5,3.0,0.75,1.25,2.0,11.0
4433595,Dallan Coleman,59,Georgia Tech Yellow Jackets,Guard,14.0,1,4,1,4,0,0,0,1,1,2,1,0,0,1,3,1,ACC,0.25,0.25,,0.375,14.0,1.0,4.0,1.0,4.0,0.0,1.0,1.0,2.0,1.0,0.0,0.0,3.0
4433596,Chance Moore,2623,Missouri State Bears,Guard,42.0,6,12,2,7,2,3,1,9,10,0,1,1,1,4,16,2,Missouri Valley,0.5,0.2857142857142857,0.6666666666666666,0.5833333333333334,21.0,3.0,6.0,1.0,3.5,0.5,4.5,5.0,0.0,0.5,0.5,0.5,8.0
4433598,Caleb Furst,2509,Purdue Boilermakers,Forward,23.0,0,2,0,0,0,0,0,3,3,3,1,0,0,3,0,5,Big Ten,0.0,,,0.0,4.6,0.0,0.4,0.0,0.0,0.0,0.6,0.6,0.6,0.2,0.0,0.0,0.0
4433599,Arthur Kaluma,2306,Kansas State Wildcats,Forward,94.0,12,30,2,10,6,9,3,15,18,7,1,1,8,7,32,3,Big 12,0.4,0.2,0.6666666666666666,0.43333333333333335,31.333333333333332,4.0,10.0,0.6666666666666666,3.3333333333333335,1.0,5.0,6.0,2.3333333333333335,0.3333333333333333,0.3333333333333333,2.6666666666666665,10.666666666666666
4433600,Wilhelm Breidenbach,264,Washington Huskies,Forward,21.0,3,6,1,2,0,0,0,2,2,0,0,0,2,3,7,1,Pac-12,0.5,0.5,,0.5833333333333334,21.0,3.0,6.0,1.0,2.0,0.0,2.0,2.0,0.0,0.0,0.0,2.0,7.0
4433606,John Christofilis,2547,Seattle U Redhawks,Guard,178.0,26,58,10,29,9,12,2,11,13,5,4,0,5,3,71,6,United Athletic,0.4482758620689655,0.3448275862068966,0.75,0.5344827586206896,29.666666666666668,4.333333333333333,9.666666666666666,1.6666666666666667,4.833333333333333,0.3333333333333333,1.8333333333333333,2.1666666666666665,0.8333333333333334,0.6666666666666666,0.0,0.8333333333333334,11.833333333333334
4433607,DaRon Holmes II,2168,Dayton Flyers,Forward,106.0,18,38,3,8,26,32,7,26,33,7,7,4,6,9,65,3,Atlantic 10,0.47368421052631576,0.375,0.8125,0.5131578947368421,35.333333333333336,6.0,12.666666666666666,1.0,2.6666666666666665,2.3333333333333335,8.666666666666666,11.0,2.3333333333333335,2.3333333333333335,1.3333333333333333,2.0,21.666666666666668
4433611,Randy Brady,236,Chattanooga Mocs,Forward,56.0,1,5,1,3,4,4,1,10,11,0,1,0,4,3,7,2,Southern,0.2,0.3333333333333333,1.0,0.3,28.0,0.5,2.5,0.5,1.5,0.5,5.0,5.5,0.0,0.5,0.0,2.0,3.5
4433613,Jackson Grant,328,Utah State Aggies,Forward,2.0,0,0,0,0,0,0,0,0,0,0,0,0,0,0,0,1,Mountain West,,,,,2.0,0.0,0.0,0.0,0.0,0.0,0.0,0.0,0.0,0.0,0.0,0.0,0.0
4433614,Isa Silva,299,Long Beach State Beach,Guard,24.0,0,2,0,0,0,0,0,0,0,0,0,0,0,2,0,4,Big West,0.0,,,0.0,6.0,0.0,0.5,0.0,0.0,0.0,0.0,0.0,0.0,0.0,0.0,0.0,0.0
4433615,Chris Hodges,275,Wisconsin Badgers,Forward,8.0,0,3,0,0,1,2,3,1,4,2,0,1,0,0,1,2,Big Ten,0.0,,0.5,0.0,4.0,0.0,1.5,0.0,0.0,1.5,0.5,2.0,1.0,0.0,0.5,0.0,0.5
4433616,Frankie Collins,9,Arizona State Sun Devils,Guard,34.0,8,21,2,5,2,4,0,2,2,0,1,0,1,1,20,1,Pac-12,0.38095238095238093,0.4,0.5,0.42857142857142855,34.0,8.0,21.0,2.0,5.0,0.0,2.0,2.0,0.0,1.0,0.0,1.0,20.0
4433617,Harrison Hornery,30,USC Trojans,Forward,1.0,0,0,0,0,0,0,0,0,0,0,0,0,0,1,0,1,Pac-12,,,,,1.0,0.0,0.0,0.0,0.0,0.0,0.0,0.0,0.0,0.0,0.0,0.0,0.0
4433618,Harrison Ingram,153,North Carolina Tar Heels,Forward,199.0,22,53,13,30,6,8,13,27,40,13,5,1,7,13,63,6,ACC,0.41509433962264153,0.43333333333333335,0.75,0.5377358490566038,33.166666666666664,3.6666666666666665,8.833333333333334,2.1666666666666665,5.0,2.1666666666666665,4.5,6.666666666666667,2.1666666666666665,0.8333333333333334,0.16666666666666666,1.1666666666666667,10.5
4433625,Jalen Washington,153,North Carolina Tar Heels,Forward,43.0,7,8,0,0,0,0,3,9,12,2,0,2,2,6,14,6,ACC,0.875,,,0.875,7.166666666666667,1.1666666666666667,1.3333333333333333,0.0,0.0,0.5,1.5,2.0,0.3333333333333333,0.0,0.3333333333333333,0.3333333333333333,2.3333333333333335
4433629,Ryan Nembhard,2250,Gonzaga Bulldogs,Guard,190.0,20,51,6,16,10,11,2,15,17,51,6,0,14,7,56,5,West Coast,0.39215686274509803,0.375,0.9090909090909091,0.45098039215686275,38.0,4.0,10.2,1.2,3.2,0.4,3.0,3.4,10.2,1.2,0.0,2.8,11.2
4565207,KK Robinson,2031,Little Rock Trojans,Guard,103.0,19,45,4,16,4,5,1,18,19,14,5,1,12,8,46,3,Ohio Valley,0.4222222222222222,0.25,0.8,0.4666666666666667,34.333333333333336,6.333333333333333,15.0,1.3333333333333333,5.333333333333333,0.3333333333333333,6.0,6.333333333333333,4.666666666666667,1.6666666666666667,0.3333333333333333,4.0,15.333333333333334
4565434,Lok Wur,2253,Grand Canyon Lopes,Forward,89.0,11,25,4,14,10,12,5,11,16,1,4,8,2,11,36,4,United Athletic,0.44,0.2857142857142857,0.8333333333333334,0.52,22.25,2.75,6.25,1.0,3.5,1.25,2.75,4.0,0.25,1.0,2.0,0.5,9.0
4565449,Niels Lane,48,Delaware Blue Hens,Guard,41.0,4,11,0,1,7,7,0,12,12,3,1,0,2,5,15,2,Coastal,0.36363636363636365,0.0,1.0,0.36363636363636365,20.5,2.0,5.5,0.0,0.5,0.0,6.0,6.0,1.5,0.5,0.0,1.0,7.5
4567079,Kerwin Walton,2641,Texas Tech Red Raiders,Guard,87.0,9,18,7,12,4,6,8,7,15,2,1,0,2,8,29,3,Big 12,0.5,0.5833333333333334,0.6666666666666666,0.6944444444444444,29.0,3.0,6.0,2.3333333333333335,4.0,2.6666666666666665,2.3333333333333335,5.0,0.6666666666666666,0.3333333333333333,0.0,0.6666666666666666,9.666666666666666
4567082,Emory Lanier,2567,SMU Mustangs,Guard,37.0,4,9,2,6,4,7,1,1,2,2,0,0,1,7,14,2,American,0.4444444444444444,0.3333333333333333,0.5714285714285714,0.5555555555555556,18.5,2.0,4.5,1.0,3.0,0.5,0.5,1.0,1.0,0.0,0.0,0.5,7.0
4567590,Mwani Wilkinson,99,LSU Tigers,Forward,20.0,3,6,3,5,0,0,0,0,0,1,3,1,1,3,9,2,SEC,0.5,0.6,,0.75,10.0,1.5,3.0,1.5,2.5,0.0,0.0,0.0,0.5,1.5,0.5,0.5,4.5
4567710,Quinton Mincey,2349,UMass Lowell River Hawks,Guard,103.0,14,34,7,19,6,11,3,26,29,3,0,2,4,1,41,3,America East,0.4117647058823529,0.3684210526315789,0.5454545454545454,0.5147058823529411,34.333333333333336,4.666666666666667,11.333333333333334,2.3333333333333335,6.333333333333333,1.0,8.666666666666666,9.666666666666666,1.0,0.0,0.6666666666666666,1.3333333333333333,13.666666666666666
4567711,Ronald Polite III,2244,George Mason Patriots,Guard,27.0,0,7,0,3,0,0,0,1,1,2,2,0,0,3,0,1,Atlantic 10,0.0,0.0,,0.0,27.0,0.0,7.0,0.0,3.0,0.0,1.0,1.0,2.0,2.0,0.0,0.0,0.0
4567749,Kyle LeGreair,2174,Detroit Mercy Titans,Guard,31.0,0,3,0,3,0,0,0,5,5,4,0,0,1,2,0,1,Horizon,0.0,0.0,,0.0,31.0,0.0,3.0,0.0,3.0,0.0,5.0,5.0,4.0,0.0,0.0,1.0,0.0
4572452,Myles Tate,2026,Appalachian State Mountaineers,Guard,73.0,11,24,2,9,3,4,0,4,4,10,4,0,9,7,27,3,Sun Belt,0.4583333333333333,0.2222222222222222,0.75,0.5,24.333333333333332,3.6666666666666665,8.0,0.6666666666666666,3.0,0.0,1.3333333333333333,1.3333333333333333,3.3333333333333335,1.3333333333333333,0.0,3.0,9.0
4574701,Anthony Leal,84,Indiana Hoosiers,Guard,31.0,2,6,1,1,3,4,2,3,5,1,1,0,0,3,8,2,Big Ten,0.3333333333333333,1.0,0.75,0.4166666666666667,15.5,1.0,3.0,0.5,0.5,1.0,1.5,2.5,0.5,0.5,0.0,0.0,4.0
4574710,Dayvion McKnight,2752,Xavier Musketeers,Guard,107.0,15,30,2,8,5,6,1,7,8,8,5,1,4,9,37,3,Big East,0.5,0.25,0.8333333333333334,0.5333333333333333,35.666666666666664,5.0,10.0,0.6666666666666666,2.6666666666666665,0.3333333333333333,2.3333333333333335,2.6666666666666665,2.6666666666666665,1.6666666666666667,0.3333333333333333,1.3333333333333333,12.333333333333334
4575108,Matt Rogers,44,American University Eagles,Forward,27.0,2,6,1,3,8,10,1,4,5,3,0,2,2,5,13,1,Patriot League,0.3333333333333333,0.3333333333333333,0.8,0.4166666666666667,27.0,2.0,6.0,1.0,3.0,1.0,4.0,5.0,3.0,0.0,2.0,2.0,13.0
4575837,J.R. Konieczny,87,Notre Dame Fighting Irish,Guard,22.0,1,3,0,1,0,0,3,2,5,1,1,1,0,2,2,2,ACC,0.3333333333333333,0.0,,0.3333333333333333,11.0,0.5,1.5,0.0,0.5,1.5,1.0,2.5,0.5,0.5,0.5,0.0,1.0
4576060,Ryan Kalkbrenner,156,Creighton Bluejays,Center,167.0,29,47,2,5,15,20,11,30,41,3,4,15,8,9,75,4,Big East,0.6170212765957447,0.4,0.75,0.6382978723404256,41.75,7.25,11.75,0.5,1.25,2.75,7.5,10.25,0.75,1.0,3.75,2.0,18.75
4576062,Nijel Pack,2390,Miami Hurricanes,Guard,31.0,7,16,3,7,1,2,0,5,5,3,1,0,0,0,18,1,ACC,0.4375,0.42857142857142855,0.5,0.53125,31.0,7.0,16.0,3.0,7.0,0.0,5.0,5.0,3.0,1.0,0.0,0.0,18.0
4576140,Kelton Talford,2737,Winthrop Eagles,Forward,33.0,4,6,0,0,0,0,2,8,10,2,0,2,3,0,8,1,Big South,0.6666666666666666,,,0.6666666666666666,33.0,4.0,6.0,0.0,0.0,2.0,8.0,10.0,2.0,0.0,2.0,3.0,8.0
4577803,Brandon Weston,227,Rhode Island Rams,Guard,21.0,2,6,2,4,0,0,2,1,3,1,0,0,0,5,6,1,Atlantic 10,0.3333333333333333,0.5,,0.5,21.0,2.0,6.0,2.0,4.0,2.0,1.0,3.0,1.0,0.0,0.0,0.0,6.0
4581445,Seth Wilson,277,West Virginia Mountaineers,Guard,12.0,2,4,0,0,0,0,0,1,1,0,0,0,1,0,4,1,Big 12,0.5,,,0.5,12.0,2.0,4.0,0.0,0.0,0.0,1.0,1.0,0.0,0.0,0.0,1.0,4.0
4581505,Caleb Dorsey,2729,William & Mary Tribe,Forward,53.0,3,10,2,6,0,1,6,9,15,4,1,1,4,3,8,2,Coastal,0.3,0.3333333333333333,0.0,0.4,26.5,1.5,5.0,1.0,3.0,3.0,4.5,7.5,2.0,0.5,0.5,2.0,4.0
4581506,Mason Madsen,103,Boston College Eagles,Guard,156.0,13,47,6,29,0,0,3,25,28,9,3,2,4,12,32,5,ACC,0.2765957446808511,0.20689655172413793,,0.3404255319148936,31.2,2.6,9.4,1.2,5.8,0.6,5.0,5.6,1.8,0.6,0.4,0.8,6.4
4581507,Dean Reiber,2429,Charlotte 49ers,Forward,7.0,0,1,0,1,0,0,0,1,1,0,0,0,1,1,0,1,American,0.0,0.0,,0.0,7.0,0.0,1.0,0.0,1.0,0.0,1.0,1.0,0.0,0.0,0.0,1.0,0.0
4585592,Will Amica,399,UAlbany Great Danes,Guard,5.0,0,0,0,0,0,0,0,0,0,0,0,1,0,1,0,1,America East,,,,,5.0,0.0,0.0,0.0,0.0,0.0,0.0,0.0,0.0,0.0,1.0,0.0,0.0
4585598,Colin Granger,2717,Western Carolina Catamounts,Forward,8.0,3,3,0,0,1,2,0,2,2,0,0,0,0,2,7,1,Southern,1.0,,0.5,1.0,8.0,3.0,3.0,0.0,0.0,0.0,2.0,2.0,0.0,0.0,0.0,0.0,7.0
4585601,Max Murrell,24,Stanford Cardinal,Forward,27.0,1,3,0,1,0,0,2,1,3,1,1,1,1,3,2,2,Pac-12,0.3333333333333333,0.0,,0.3333333333333333,13.5,0.5,1.5,0.0,0.5,1.0,0.5,1.5,0.5,0.5,0.5,0.5,1.0
4585602,DA Houston,2344,Longwood Lancers,Guard,103.0,4,15,2,8,5,7,2,8,10,9,5,0,3,10,15,4,Big South,0.26666666666666666,0.25,0.7142857142857143,0.3333333333333333,25.75,1.0,3.75,0.5,2.0,0.5,2.0,2.5,2.25,1.25,0.0,0.75,3.75
4585606,Connor Kochera,2166,Davidson Wildcats,Guard,45.0,8,17,2,7,6,8,1,6,7,1,2,0,6,0,24,1,Atlantic 10,0.47058823529411764,0.2857142857142857,0.75,0.5294117647058824,45.0,8.0,17.0,2.0,7.0,1.0,6.0,7.0,1.0,2.0,0.0,6.0,24.0
4585611,Giancarlo Rosado,2226,Florida Atlantic Owls,Forward,30.0,1,5,0,0,2,4,1,3,4,3,1,1,2,4,4,3,American,0.2,,0.5,0.2,10.0,0.3333333333333333,1.6666666666666667,0.0,0.0,0.3333333333333333,1.0,1.3333333333333333,1.0,0.3333333333333333,0.3333333333333333,0.6666666666666666,1.3333333333333333
4585612,Burke Smith,279,Pacific Tigers,Center,12.0,0,2,0,1,1,3,4,1,5,0,0,0,0,1,1,1,West Coast,0.0,0.0,0.3333333333333333,0.0,12.0,0.0,2.0,0.0,1.0,4.0,1.0,5.0,0.0,0.0,0.0,0.0,1.0
4585617,Brandon Whitney,149,Montana Grizzlies,Guard,182.0,17,35,2,5,17,21,0,19,19,12,3,0,9,4,53,5,Big Sky,0.4857142857142857,0.4,0.8095238095238095,0.5142857142857142,36.4,3.4,7.0,0.4,1.0,0.0,3.8,3.8,2.4,0.6,0.0,1.8,10.6
4585618,Keshon Gilbert,66,Iowa State Cyclones,Guard,199.0,30,68,6,12,21,27,3,18,21,25,19,0,15,13,87,6,Big 12,0.4411764705882353,0.5,0.7777777777777778,0.4852941176470588,33.166666666666664,5.0,11.333333333333334,1.0,2.0,0.5,3.0,3.5,4.166666666666667,3.1666666666666665,0.0,2.5,14.5
4588201,Steven Crowl,275,Wisconsin Badgers,Forward,148.0,29,45,8,16,2,3,7,22,29,14,1,3,7,14,68,5,Big Ten,0.6444444444444445,0.5,0.6666666666666666,0.7333333333333333,29.6,5.8,9.0,1.6,3.2,1.4,4.4,5.8,2.8,0.2,0.6,1.4,13.6
4589474,VonCameron Davis,2309,Kent State Golden Flashes,Forward,94.0,23,40,0,4,8,11,6,18,24,6,4,1,8,10,54,3,Mid-American,0.575,0.0,0.7272727272727273,0.575,31.333333333333332,7.666666666666667,13.333333333333334,0.0,1.3333333333333333,2.0,6.0,8.0,2.0,1.3333333333333333,0.3333333333333333,2.6666666666666665,18.0
4589475,DaJion Humphrey,189,Bowling Green Falcons,Guard,55.0,2,12,1,9,0,0,0,6,6,1,1,0,0,4,5,3,Mid-American,0.16666666666666666,0.1111111111111111,,0.20833333333333334,18.333333333333332,0.6666666666666666,4.0,0.3333333333333333,3.0,0.0,2.0,2.0,0.3333333333333333,0.3333333333333333,0.0,0.0,1.6666666666666667
4589481,Kasean Pryor,58,South Florida Bulls,Forward,117.0,21,44,9,22,8,11,7,36,43,9,5,3,8,10,59,4,American,0.4772727272727273,0.4090909090909091,0.7272727272727273,0.5795454545454546,29.25,5.25,11.0,2.25,5.5,1.75,9.0,10.75,2.25,1.25,0.75,2.0,14.75
4589483,Jayden Taylor,152,NC State Wolfpack,Guard,249.0,26,62,13,34,10,18,4,26,30,13,9,5,13,7,75,10,ACC,0.41935483870967744,0.38235294117647056,0.5555555555555556,0.5241935483870968,24.9,2.6,6.2,1.3,3.4,0.4,2.6,3.0,1.3,0.9,0.5,1.3,7.5
4590354,Brandon Angel,24,Stanford Cardinal,Forward,69.0,12,19,1,5,6,11,3,11,14,3,2,1,2,0,31,2,Pac-12,0.631578947368421,0.2,0.5454545454545454,0.6578947368421053,34.5,6.0,9.5,0.5,2.5,1.5,5.5,7.0,1.5,1.0,0.5,1.0,15.5
4590356,Will Pruitt,288,Lipscomb Bisons,Guard,40.0,8,18,2,5,2,2,0,6,6,3,2,0,1,1,20,1,ASUN,0.4444444444444444,0.4,1.0,0.5,40.0,8.0,18.0,2.0,5.0,0.0,6.0,6.0,3.0,2.0,0.0,1.0,20.0
4590358,Mylyjael Poteat,259,Virginia Tech Hokies,Forward,39.0,5,8,0,0,2,3,5,10,15,2,0,1,4,7,12,3,ACC,0.625,,0.6666666666666666,0.625,13.0,1.6666666666666667,2.6666666666666665,0.0,0.0,1.6666666666666667,3.3333333333333335,5.0,0.6666666666666666,0.0,0.3333333333333333,1.3333333333333333,4.0
4590359,Matthew Mors,2571,South Dakota State Jackrabbits,Forward,26.0,3,8,0,3,1,2,1,3,4,0,1,1,3,5,7,4,Summit League,0.375,0.0,0.5,0.375,6.5,0.75,2.0,0.0,0.75,0.25,0.75,1.0,0.0,0.25,0.25,0.75,1.75
4590360,Chucky Hepburn,275,Wisconsin Badgers,Guard,129.0,23,37,5,9,9,11,3,10,13,21,7,1,6,7,60,4,Big Ten,0.6216216216216216,0.5555555555555556,0.8181818181818182,0.6891891891891891,32.25,5.75,9.25,1.25,2.25,0.75,2.5,3.25,5.25,1.75,0.25,1.5,15.0
4590361,Dylan Addae-Wusu,2550,Seton Hall Pirates,Guard,221.0,22,54,10,31,7,11,6,25,31,14,9,3,12,19,61,6,Big East,0.4074074074074074,0.3225806451612903,0.6363636363636364,0.5,36.833333333333336,3.6666666666666665,9.0,1.6666666666666667,5.166666666666667,1.0,4.166666666666667,5.166666666666667,2.3333333333333335,1.5,0.5,2.0,10.166666666666666
4590364,Anthony Morales,104,Boston University Terriers,Forward,57.0,14,29,9,17,7,8,2,10,12,2,2,5,3,5,44,2,Patriot League,0.4827586206896552,0.5294117647058824,0.875,0.6379310344827587,28.5,7.0,14.5,4.5,8.5,1.0,5.0,6.0,1.0,1.0,2.5,1.5,22.0
4590399,Darius Hannah,71,Bradley Braves,Forward,106.0,17,40,0,1,4,6,8,13,21,13,3,6,8,8,38,4,Missouri Valley,0.425,0.0,0.6666666666666666,0.425,26.5,4.25,10.0,0.0,0.25,2.0,3.25,5.25,3.25,0.75,1.5,2.0,9.5
4590401,Jackson Sivills,2747,Wofford Terriers,Guard,28.0,3,7,1,5,1,2,1,5,6,0,2,0,2,2,8,1,Southern,0.42857142857142855,0.2,0.5,0.5,28.0,3.0,7.0,1.0,5.0,1.0,5.0,6.0,0.0,2.0,0.0,2.0,8.0
4590402,Jacob Hutson,2460,Northern Iowa Panthers,Center,46.0,14,22,4,6,3,5,2,3,5,3,0,1,4,4,35,2,Missouri Valley,0.6363636363636364,0.6666666666666666,0.6,0.7272727272727273,23.0,7.0,11.0,2.0,3.0,1.0,1.5,2.5,1.5,0.0,0.5,2.0,17.5
4591259,Koby Brea,2168,Dayton Flyers,Guard,109.0,12,24,11,22,0,0,0,9,9,6,3,2,3,5,35,3,Atlantic 10,0.5,0.5,,0.7291666666666666,36.333333333333336,4.0,8.0,3.6666666666666665,7.333333333333333,0.0,3.0,3.0,2.0,1.0,0.6666666666666666,1.0,11.666666666666666
4592180,CJ Felder,2377,McNeese Cowboys,Forward,64.0,8,10,0,0,0,0,5,5,10,4,2,2,2,9,16,3,Southland,0.8,,,0.8,21.333333333333332,2.6666666666666665,3.3333333333333335,0.0,0.0,1.6666666666666667,1.6666666666666667,3.3333333333333335,1.3333333333333333,0.6666666666666666,0.6666666666666666,0.6666666666666666,5.333333333333333
4592181,Jay Heath,46,Georgetown Hoyas,Guard,34.0,1,5,1,2,0,0,0,2,2,3,0,0,1,2,3,1,Big East,0.2,0.5,,0.3,34.0,1.0,5.0,1.0,2.0,0.0,2.0,2.0,3.0,0.0,0.0,1.0,3.0
4592184,Chase Hunter,228,Clemson Tigers,Guard,170.0,26,62,5,25,16,21,3,17,20,25,8,3,12,9,73,5,ACC,0.41935483870967744,0.2,0.7619047619047619,0.4596774193548387,34.0,5.2,12.4,1.0,5.0,0.6,3.4,4.0,5.0,1.6,0.6,2.4,14.6
4592205,Anthony Walker,84,Indiana Hoosiers,Forward,20.0,2,4,0,1,2,2,0,2,2,2,0,0,0,0,6,2,Big Ten,0.5,0.0,1.0,0.5,10.0,1.0,2.0,0.0,0.5,0.0,1.0,1.0,1.0,0.0,0.0,0.0,3.0
4592210,Michael Jankovich,2305,Kansas Jayhawks,Guard,5.0,0,0,0,0,0,0,0,0,0,0,0,0,0,0,0,2,Big 12,,,,,2.5,0.0,0.0,0.0,0.0,0.0,0.0,0.0,0.0,0.0,0.0,0.0,0.0
4592248,Dakota Rivers,526,Florida Gulf Coast Eagles,Forward,21.0,0,3,0,1,2,3,1,3,4,1,0,4,0,2,2,1,ASUN,0.0,0.0,0.6666666666666666,0.0,21.0,0.0,3.0,0.0,1.0,1.0,3.0,4.0,1.0,0.0,4.0,0.0,2.0
4592249,Cyrus Largie,526,Florida Gulf Coast Eagles,Guard,29.0,5,6,0,0,1,4,2,5,7,1,3,0,3,1,11,1,ASUN,0.8333333333333334,,0.25,0.8333333333333334,29.0,5.0,6.0,0.0,0.0,2.0,5.0,7.0,1.0,3.0,0.0,3.0,11.0
4592251,Qwanzi Samuels,85,IUPUI Jaguars,Forward,11.0,1,2,0,0,0,0,2,1,3,0,1,0,1,0,2,1,Horizon,0.5,,,0.5,11.0,1.0,2.0,0.0,0.0,2.0,1.0,3.0,0.0,1.0,0.0,1.0,2.0
4592253,Jalen Harper,2,Auburn Tigers,Guard,3.0,1,2,0,1,0,0,0,0,0,0,0,0,0,0,2,2,SEC,0.5,0.0,,0.5,1.5,0.5,1.0,0.0,0.5,0.0,0.0,0.0,0.0,0.0,0.0,0.0,1.0
4592260,Mo Arnold,2572,Southern Miss Golden Eagles,Guard,26.0,2,7,0,2,0,1,1,2,3,3,0,0,1,2,4,1,Sun Belt,0.2857142857142857,0.0,0.0,0.2857142857142857,26.0,2.0,7.0,0.0,2.0,1.0,2.0,3.0,3.0,0.0,0.0,1.0,4.0
4592262,Terrell Burden,338,Kennesaw State Owls,Guard,36.0,11,24,2,8,4,5,1,2,3,9,1,0,5,2,28,1,ASUN,0.4583333333333333,0.25,0.8,0.5,36.0,11.0,24.0,2.0,8.0,1.0,2.0,3.0,9.0,1.0,0.0,5.0,28.0
4592271,Shiloh Robinson,2335,Liberty Flames,Forward,11.0,1,1,0,0,0,1,0,0,0,0,0,0,0,2,2,1,Conference USA,1.0,,0.0,1.0,11.0,1.0,1.0,0.0,0.0,0.0,0.0,0.0,0.0,0.0,0.0,0.0,2.0
4592272,Kyle Rode,2335,Liberty Flames,Forward,35.0,4,11,2,7,0,0,0,3,3,5,0,0,5,4,10,1,Conference USA,0.36363636363636365,0.2857142857142857,,0.45454545454545453,35.0,4.0,11.0,2.0,7.0,0.0,3.0,3.0,5.0,0.0,0.0,5.0,10.0
4592273,KJ Johnson,2453,North Alabama Lions,Guard,66.0,7,21,1,6,7,11,1,8,9,4,0,0,0,3,22,2,ASUN,0.3333333333333333,0.16666666666666666,0.6363636363636364,0.35714285714285715,33.0,3.5,10.5,0.5,3.0,0.5,4.0,4.5,2.0,0.0,0.0,0.0,11.0
4592283,Mervin James,2520,Rider Broncs,Forward,33.0,5,15,0,1,7,7,2,7,9,1,0,1,2,4,17,1,MAAC,0.3333333333333333,0.0,1.0,0.3333333333333333,33.0,5.0,15.0,0.0,1.0,2.0,7.0,9.0,1.0,0.0,1.0,2.0,17.0
4592288,Taryn Todd,2032,Arkansas State Red Wolves,Guard,163.0,34,71,10,25,2,4,3,19,22,15,5,5,7,20,80,6,Sun Belt,0.4788732394366197,0.4,0.5,0.5492957746478874,27.166666666666668,5.666666666666667,11.833333333333334,1.6666666666666667,4.166666666666667,0.5,3.1666666666666665,3.6666666666666665,2.5,0.8333333333333334,0.8333333333333334,1.1666666666666667,13.333333333333334
4592296,Wheza Panzo,314,Iona Gaels,Guard,74.0,5,14,4,13,0,0,0,5,5,1,1,0,1,2,14,2,MAAC,0.35714285714285715,0.3076923076923077,,0.5,37.0,2.5,7.0,2.0,6.5,0.0,2.5,2.5,0.5,0.5,0.0,0.5,7.0
4592297,Rob Perry,93,Murray State Racers,Guard,21.0,1,9,0,3,0,0,3,1,4,0,0,0,0,1,2,1,Missouri Valley,0.1111111111111111,0.0,,0.1111111111111111,21.0,1.0,9.0,0.0,3.0,3.0,1.0,4.0,0.0,0.0,0.0,0.0,2.0
4592315,Kyle Rose,2230,Fordham Rams,Guard,68.0,8,23,4,9,4,6,1,8,9,4,6,0,8,7,24,2,Atlantic 10,0.34782608695652173,0.4444444444444444,0.6666666666666666,0.43478260869565216,34.0,4.0,11.5,2.0,4.5,0.5,4.0,4.5,2.0,3.0,0.0,4.0,12.0
4592317,Joel Soriano,2599,St. John's Red Storm,Center,58.0,8,16,0,0,4,5,13,8,21,5,0,1,3,5,20,2,Big East,0.5,,0.8,0.5,29.0,4.0,8.0,0.0,0.0,6.5,4.0,10.5,2.5,0.0,0.5,1.5,10.0
4592343,Elijah Morgan,2643,The Citadel Bulldogs,Guard,37.0,6,12,2,7,4,4,0,3,3,2,1,0,1,5,18,1,Southern,0.5,0.2857142857142857,1.0,0.5833333333333334,37.0,6.0,12.0,2.0,7.0,0.0,3.0,3.0,2.0,1.0,0.0,1.0,18.0
4592360,John Olmsted,147,Montana State Bobcats,Forward,93.0,12,17,1,1,7,9,3,13,16,8,0,0,7,10,32,4,Big Sky,0.7058823529411765,1.0,0.7777777777777778,0.7352941176470589,23.25,3.0,4.25,0.25,0.25,0.75,3.25,4.0,2.0,0.0,0.0,1.75,8.0
4592401,N'Faly Dante,2483,Oregon Ducks,Center,176.0,44,59,0,0,24,35,16,35,51,10,12,9,13,14,112,5,Pac-12,0.7457627118644068,,0.6857142857142857,0.7457627118644068,35.2,8.8,11.8,0.0,0.0,3.2,7.0,10.2,2.0,2.4,1.8,2.6,22.4
4592403,C.J. Walker,2116,UCF Knights,Forward,49.0,8,16,3,5,2,3,1,5,6,0,1,2,1,3,21,2,Big 12,0.5,0.6,0.6666666666666666,0.59375,24.5,4.0,8.0,1.5,2.5,0.5,2.5,3.0,0.0,0.5,1.0,0.5,10.5
4592425,Ginika Ojiako,324,Coastal Carolina Chanticleers,Center,29.0,2,3,0,0,2,4,0,7,7,1,0,1,3,1,6,1,Sun Belt,0.6666666666666666,,0.5,0.6666666666666666,29.0,2.0,3.0,0.0,0.0,0.0,7.0,7.0,1.0,0.0,1.0,3.0,6.0
4592427,Spencer Jones,24,Stanford Cardinal,Forward,75.0,14,27,7,14,7,14,6,5,11,3,7,2,4,4,42,2,Pac-12,0.5185185185185185,0.5,0.5,0.6481481481481481,37.5,7.0,13.5,3.5,7.0,3.0,2.5,5.5,1.5,3.5,1.0,2.0,21.0
4592431,Jaxon Brenchley,2172,Denver Pioneers,Guard,102.0,16,30,8,12,3,7,9,9,18,2,4,1,5,10,43,3,Summit League,0.5333333333333333,0.6666666666666666,0.42857142857142855,0.6666666666666666,34.0,5.333333333333333,10.0,2.6666666666666665,4.0,3.0,3.0,6.0,0.6666666666666666,1.3333333333333333,0.3333333333333333,1.6666666666666667,14.333333333333334
4592432,Brandon Haddock,254,Utah Utes,Guard,4.0,0,1,0,1,0,0,0,0,0,0,0,0,0,0,0,2,Pac-12,0.0,0.0,,0.0,2.0,0.0,0.5,0.0,0.5,0.0,0.0,0.0,0.0,0.0,0.0,0.0,0.0
4592435,Branden Carlson,254,Utah Utes,Center,174.0,34,57,8,18,11,14,8,20,28,6,1,7,5,13,87,6,Pac-12,0.5964912280701754,0.4444444444444444,0.7857142857142857,0.6666666666666666,29.0,5.666666666666667,9.5,1.3333333333333333,3.0,1.3333333333333333,3.3333333333333335,4.666666666666667,1.0,0.16666666666666666,1.1666666666666667,0.8333333333333334,14.5
4592438,Marcus Tsohonis,299,Long Beach State Beach,Guard,117.0,23,61,12,26,11,14,4,7,11,9,3,1,10,9,69,4,Big West,0.3770491803278688,0.46153846153846156,0.7857142857142857,0.47540983606557374,29.25,5.75,15.25,3.0,6.5,1.0,1.75,2.75,2.25,0.75,0.25,2.5,17.25
4592439,Xavier Johnson,79,Southern Illinois Salukis,Guard,44.0,8,20,4,7,7,8,1,1,2,7,2,0,2,5,27,1,Missouri Valley,0.4,0.5714285714285714,0.875,0.5,44.0,8.0,20.0,4.0,7.0,1.0,1.0,2.0,7.0,2.0,0.0,2.0,27.0
4592444,Jameer Nelson Jr.,2628,TCU Horned Frogs,Guard,77.0,9,30,2,12,11,12,0,7,7,10,6,1,11,2,31,3,Big 12,0.3,0.16666666666666666,0.9166666666666666,0.3333333333333333,25.666666666666668,3.0,10.0,0.6666666666666666,4.0,0.0,2.3333333333333335,2.3333333333333335,3.3333333333333335,2.0,0.3333333333333333,3.6666666666666665,10.333333333333334
4592448,Christian Ray,48,Delaware Blue Hens,Guard,48.0,5,8,0,1,0,0,1,9,10,3,1,5,1,3,10,2,Coastal,0.625,0.0,,0.625,24.0,2.5,4.0,0.0,0.5,0.5,4.5,5.0,1.5,0.5,2.5,0.5,5.0
4592451,John Buggs III,249,North Texas Mean Green,Guard,109.0,6,20,6,18,4,4,0,8,8,7,1,0,1,4,22,4,American,0.3,0.3333333333333333,1.0,0.45,27.25,1.5,5.0,1.5,4.5,0.0,2.0,2.0,1.75,0.25,0.0,0.25,5.5
4592453,Sean East II,142,Missouri Tigers,Guard,39.0,3,12,0,2,3,3,3,5,8,5,1,0,5,3,9,1,SEC,0.25,0.0,1.0,0.25,39.0,3.0,12.0,0.0,2.0,3.0,5.0,8.0,5.0,1.0,0.0,5.0,9.0
4592476,Cameron Brown,2603,Saint Joseph's Hawks,Guard,159.0,18,47,10,30,1,2,2,13,15,8,9,0,4,9,47,4,Atlantic 10,0.3829787234042553,0.3333333333333333,0.5,0.48936170212765956,39.75,4.5,11.75,2.5,7.5,0.5,3.25,3.75,2.0,2.25,0.0,1.0,11.75
4592484,Terrence Hargrove Jr.,139,Saint Louis Billikens,Forward,66.0,9,12,4,6,6,6,1,9,10,0,2,1,4,3,28,2,Atlantic 10,0.75,0.6666666666666666,1.0,0.9166666666666666,33.0,4.5,6.0,2.0,3.0,0.5,4.5,5.0,0.0,1.0,0.5,2.0,14.0
4592485,Jimmy Bell Jr.,344,Mississippi State Bulldogs,Forward,46.0,5,11,0,0,3,5,2,3,5,1,0,2,1,7,13,4,SEC,0.45454545454545453,,0.6,0.45454545454545453,11.5,1.25,2.75,0.0,0.0,0.5,0.75,1.25,0.25,0.0,0.5,0.25,3.25
4592489,Alejandro Vasquez,5,UAB Blazers,Guard,100.0,20,37,8,16,4,8,4,4,8,8,4,2,3,6,52,4,American,0.5405405405405406,0.5,0.5,0.6486486486486487,25.0,5.0,9.25,2.0,4.0,1.0,1.0,2.0,2.0,1.0,0.5,0.75,13.0
4592490,Chris Arcidiacono,222,Villanova Wildcats,Guard,8.0,0,0,0,0,0,0,0,0,0,0,0,0,0,1,0,2,Big East,,,,,4.0,0.0,0.0,0.0,0.0,0.0,0.0,0.0,0.0,0.0,0.0,0.0,0.0
4592491,Justin Moore,222,Villanova Wildcats,Guard,101.0,6,24,2,13,2,2,1,22,23,10,3,2,0,2,16,3,Big East,0.25,0.15384615384615385,1.0,0.2916666666666667,33.666666666666664,2.0,8.0,0.6666666666666666,4.333333333333333,0.3333333333333333,7.333333333333333,7.666666666666667,3.3333333333333335,1.0,0.6666666666666666,0.0,5.333333333333333
4592495,Hason Ward,66,Iowa State Cyclones,Forward,80.0,18,21,0,0,9,13,6,14,20,4,4,7,2,18,45,6,Big 12,0.8571428571428571,,0.6923076923076923,0.8571428571428571,13.333333333333334,3.0,3.5,0.0,0.0,1.0,2.3333333333333335,3.3333333333333335,0.6666666666666666,0.6666666666666666,1.1666666666666667,0.3333333333333333,7.5
4592580,Tyler Robertson,2501,Portland Pilots,Guard,78.0,16,35,9,17,6,7,4,8,12,10,0,1,3,2,47,2,West Coast,0.45714285714285713,0.5294117647058824,0.8571428571428571,0.5857142857142857,39.0,8.0,17.5,4.5,8.5,2.0,4.0,6.0,5.0,0.0,0.5,1.5,23.5
4592583,Jacob Groves,258,Virginia Cavaliers,Forward,67.0,7,27,5,15,2,7,6,8,14,1,2,0,2,6,21,3,ACC,0.25925925925925924,0.3333333333333333,0.2857142857142857,0.35185185185185186,22.333333333333332,2.3333333333333335,9.0,1.6666666666666667,5.0,2.0,2.6666666666666665,4.666666666666667,0.3333333333333333,0.6666666666666666,0.0,0.6666666666666666,7.0
4592585,Ellis Magnuson,331,Eastern Washington Eagles,Guard,28.0,3,3,1,1,0,0,1,1,2,2,1,0,2,4,7,1,Big Sky,1.0,1.0,,1.1666666666666667,28.0,3.0,3.0,1.0,1.0,1.0,1.0,2.0,2.0,1.0,0.0,2.0,7.0
4592600,Brayden Parker,304,Idaho State Bengals,Center,97.0,13,32,2,12,6,7,6,9,15,3,6,2,6,6,34,3,Big Sky,0.40625,0.16666666666666666,0.8571428571428571,0.4375,32.333333333333336,4.333333333333333,10.666666666666666,0.6666666666666666,4.0,2.0,3.0,5.0,1.0,2.0,0.6666666666666666,2.0,11.333333333333334
4592603,Josh Vazquez,149,Montana Grizzlies,Guard,176.0,23,57,14,38,10,10,2,12,14,10,5,4,14,8,70,5,Big Sky,0.40350877192982454,0.3684210526315789,1.0,0.5263157894736842,35.2,4.6,11.4,2.8,7.6,0.4,2.4,2.8,2.0,1.0,0.8,2.8,14.0
4592605,Derrick Carter-Hollinger Jr.,2065,Bethune-Cookman Wildcats,Forward,78.0,14,23,2,3,14,14,2,11,13,3,1,2,1,8,44,3,SWAC,0.6086956521739131,0.6666666666666666,1.0,0.6521739130434783,26.0,4.666666666666667,7.666666666666667,0.6666666666666666,1.0,0.6666666666666666,3.6666666666666665,4.333333333333333,1.0,0.3333333333333333,0.6666666666666666,0.3333333333333333,14.666666666666666
4592606,KyKy Tandy,55,Jacksonville State Gamecocks,Guard,34.0,2,8,0,2,0,0,1,1,2,0,0,1,7,2,4,1,Conference USA,0.25,0.0,,0.25,34.0,2.0,8.0,0.0,2.0,1.0,1.0,2.0,0.0,0.0,1.0,7.0,4.0
4592607,Benjamin Bosmans-Verdonk,2579,South Carolina Gamecocks,Forward,2.0,0,0,0,0,0,0,0,0,0,0,0,0,0,0,0,1,SEC,,,,,2.0,0.0,0.0,0.0,0.0,0.0,0.0,0.0,0.0,0.0,0.0,0.0,0.0
4592609,Jermaine Hamlin,2197,Eastern Illinois Panthers,Forward,19.0,0,2,0,0,0,2,3,5,8,0,1,3,0,2,0,1,Ohio Valley,0.0,,0.0,0.0,19.0,0.0,2.0,0.0,0.0,3.0,5.0,8.0,0.0,1.0,3.0,0.0,0.0
4592639,Damani McEntire,2065,Bethune-Cookman Wildcats,Guard,57.0,2,6,1,4,1,2,0,7,7,3,4,1,1,9,6,3,SWAC,0.3333333333333333,0.25,0.5,0.4166666666666667,19.0,0.6666666666666666,2.0,0.3333333333333333,1.3333333333333333,0.0,2.3333333333333335,2.3333333333333335,1.0,1.3333333333333333,0.3333333333333333,0.3333333333333333,2.0
4592648,KJ Cunningham,2692,Weber State Wildcats,Guard,11.0,2,5,1,3,0,0,0,1,1,1,0,0,0,1,5,1,Big Sky,0.4,0.3333333333333333,,0.5,11.0,2.0,5.0,1.0,3.0,0.0,1.0,1.0,1.0,0.0,0.0,0.0,5.0
4592654,Jesus Carralero Martin,142,Missouri Tigers,Forward,5.0,0,0,0,0,0,0,0,0,0,0,0,0,0,1,0,1,SEC,,,,,5.0,0.0,0.0,0.0,0.0,0.0,0.0,0.0,0.0,0.0,0.0,0.0,0.0
4592655,Joshua Lusane,2261,Hampton Pirates,Forward,34.0,2,8,1,3,3,4,3,2,5,0,1,5,0,2,8,2,Coastal,0.25,0.3333333333333333,0.75,0.3125,17.0,1.0,4.0,0.5,1.5,1.5,1.0,2.5,0.0,0.5,2.5,0.0,4.0
4592660,Malik Battle,2154,Coppin State Eagles,Guard,22.0,2,7,0,1,2,2,1,3,4,1,2,0,1,2,6,1,MEAC,0.2857142857142857,0.0,1.0,0.2857142857142857,22.0,2.0,7.0,0.0,1.0,1.0,3.0,4.0,1.0,2.0,0.0,1.0,6.0
4592663,Anthony Selden,242,Rice Owls,Guard,9.0,1,5,1,2,0,2,2,0,2,0,1,0,0,0,3,1,American,0.2,0.5,0.0,0.3,9.0,1.0,5.0,1.0,2.0,2.0,0.0,2.0,0.0,1.0,0.0,0.0,3.0
4592670,Dan Banister Jr.,2261,Hampton Pirates,Guard,20.0,0,1,0,1,0,1,2,1,3,0,0,0,1,1,0,2,Coastal,0.0,0.0,0.0,0.0,10.0,0.0,0.5,0.0,0.5,1.0,0.5,1.5,0.0,0.0,0.0,0.5,0.0
4592671,Brandton Chatfield,2547,Seattle U Redhawks,Forward,110.0,14,26,1,1,11,14,9,10,19,2,0,2,7,15,40,6,United Athletic,0.5384615384615384,1.0,0.7857142857142857,0.5576923076923077,18.333333333333332,2.3333333333333335,4.333333333333333,0.16666666666666666,0.16666666666666666,1.5,1.6666666666666667,3.1666666666666665,0.3333333333333333,0.0,0.3333333333333333,1.1666666666666667,6.666666666666667
4592672,Volodymyr Markovetskyy,2539,San Francisco Dons,Center,27.0,3,5,0,0,0,0,1,7,8,0,0,0,1,2,6,3,West Coast,0.6,,,0.6,9.0,1.0,1.6666666666666667,0.0,0.0,0.3333333333333333,2.3333333333333335,2.6666666666666665,0.0,0.0,0.0,0.3333333333333333,2.0
4592673,Ben Olesen,265,Washington State Cougars,Guard,1.0,0,0,0,0,0,0,0,0,0,0,0,0,0,0,0,1,Pac-12,,,,,1.0,0.0,0.0,0.0,0.0,0.0,0.0,0.0,0.0,0.0,0.0,0.0,0.0
4592676,Sean Houpt,2729,William & Mary Tribe,Guard,54.0,5,14,3,10,0,0,0,8,8,2,2,0,0,6,13,2,Coastal,0.35714285714285715,0.3,,0.4642857142857143,27.0,2.5,7.0,1.5,5.0,0.0,4.0,4.0,1.0,1.0,0.0,0.0,6.5
4592677,Rienk Mast,158,Nebraska Cornhuskers,Forward,76.0,9,25,4,13,4,4,3,13,16,9,1,2,6,7,26,3,Big Ten,0.36,0.3076923076923077,1.0,0.44,25.333333333333332,3.0,8.333333333333334,1.3333333333333333,4.333333333333333,1.0,4.333333333333333,5.333333333333333,3.0,0.3333333333333333,0.6666666666666666,2.0,8.666666666666666
4592682,Gage Bobe,339,Evansville Purple Aces,Guard,120.0,10,20,8,18,0,0,1,7,8,4,8,1,4,4,28,4,Missouri Valley,0.5,0.4444444444444444,,0.7,30.0,2.5,5.0,2.0,4.5,0.25,1.75,2.0,1.0,2.0,0.25,1.0,7.0
4592686,Antonio Reeves,96,Kentucky Wildcats,Guard,53.0,15,25,7,13,3,6,1,3,4,2,0,0,2,6,40,2,SEC,0.6,0.5384615384615384,0.5,0.74,26.5,7.5,12.5,3.5,6.5,0.5,1.5,2.0,1.0,0.0,0.0,1.0,20.0
4592692,Steven Izzo,127,Michigan State Spartans,Guard,2.0,0,0,0,0,0,0,0,0,0,1,0,0,0,0,0,2,Big Ten,,,,,1.0,0.0,0.0,0.0,0.0,0.0,0.0,0.0,0.5,0.0,0.0,0.0,0.0
4592693,Malik Hall,127,Michigan State Spartans,Forward,115.0,19,37,0,6,10,13,5,17,22,3,3,2,12,9,48,4,Big Ten,0.5135135135135135,0.0,0.7692307692307693,0.5135135135135135,28.75,4.75,9.25,0.0,1.5,1.25,4.25,5.5,0.75,0.75,0.5,3.0,12.0
4592697,Greg Tribble,2006,Akron Zips,Guard,118.0,8,26,2,9,4,7,2,4,6,8,4,0,4,15,22,4,Mid-American,0.3076923076923077,0.2222222222222222,0.5714285714285714,0.34615384615384615,29.5,2.0,6.5,0.5,2.25,0.5,1.0,1.5,2.0,1.0,0.0,1.0,5.5
4592699,Enrique Freeman,2006,Akron Zips,Forward,140.0,35,60,5,11,17,24,12,44,56,6,3,13,15,16,92,4,Mid-American,0.5833333333333334,0.45454545454545453,0.7083333333333334,0.625,35.0,8.75,15.0,1.25,2.75,3.0,11.0,14.0,1.5,0.75,3.25,3.75,23.0
4592700,Ali Ali,2006,Akron Zips,Guard,128.0,21,45,7,17,13,16,7,13,20,15,1,0,10,10,62,4,Mid-American,0.4666666666666667,0.4117647058823529,0.8125,0.5444444444444444,32.0,5.25,11.25,1.75,4.25,1.75,3.25,5.0,3.75,0.25,0.0,2.5,15.5
4592701,Bryan Greenlee,2226,Florida Atlantic Owls,Guard,66.0,2,8,1,7,3,6,0,5,5,4,2,0,5,8,8,3,American,0.25,0.14285714285714285,0.5,0.3125,22.0,0.6666666666666666,2.6666666666666665,0.3333333333333333,2.3333333333333335,0.0,1.6666666666666667,1.6666666666666667,1.3333333333333333,0.6666666666666666,0.0,1.6666666666666667,2.6666666666666665
4592703,Kevin Cross,2655,Tulane Green Wave,Forward,38.0,3,10,0,2,3,4,1,8,9,5,1,1,8,5,9,1,American,0.3,0.0,0.75,0.3,38.0,3.0,10.0,0.0,2.0,1.0,8.0,9.0,5.0,1.0,1.0,8.0,9.0
4592706,Yvan Ouedraogo,2856,California Baptist Lancers,Forward,69.0,13,22,0,0,3,5,2,12,14,5,2,1,2,7,29,2,United Athletic,0.5909090909090909,,0.6,0.5909090909090909,34.5,6.5,11.0,0.0,0.0,1.0,6.0,7.0,2.5,1.0,0.5,1.0,14.5
4592707,Charlie Easley,2571,South Dakota State Jackrabbits,Guard,128.0,12,32,10,23,7,8,4,15,19,8,5,0,7,8,41,4,Summit League,0.375,0.43478260869565216,0.875,0.53125,32.0,3.0,8.0,2.5,5.75,1.0,3.75,4.75,2.0,1.25,0.0,1.75,10.25
4592709,Ja'Monta Black,2046,Austin Peay Governors,Guard,159.0,10,33,10,32,3,4,0,9,9,2,7,1,0,10,33,4,ASUN,0.30303030303030304,0.3125,0.75,0.45454545454545453,39.75,2.5,8.25,2.5,8.0,0.0,2.25,2.25,0.5,1.75,0.25,0.0,8.25
4592710,Ford Cooper,2261,Hampton Pirates,Guard,55.0,1,8,1,6,2,2,2,5,7,5,1,0,0,6,5,2,Coastal,0.125,0.16666666666666666,1.0,0.1875,27.5,0.5,4.0,0.5,3.0,1.0,2.5,3.5,2.5,0.5,0.0,0.0,2.5
4592712,Boo Buie,77,Northwestern Wildcats,Guard,119.0,19,50,11,24,11,11,3,4,7,11,10,0,8,9,60,3,Big Ten,0.38,0.4583333333333333,1.0,0.49,39.666666666666664,6.333333333333333,16.666666666666668,3.6666666666666665,8.0,1.0,1.3333333333333333,2.3333333333333335,3.6666666666666665,3.3333333333333335,0.0,2.6666666666666665,20.0
4592720,Ibrahima Diallo,2116,UCF Knights,Forward,61.0,9,20,0,0,4,9,7,11,18,1,5,4,6,9,22,3,Big 12,0.45,,0.4444444444444444,0.45,20.333333333333332,3.0,6.666666666666667,0.0,0.0,2.3333333333333335,3.6666666666666665,6.0,0.3333333333333333,1.6666666666666667,1.3333333333333333,2.0,7.333333333333333
4592722,Trent Brown,79,Southern Illinois Salukis,Guard,47.0,5,14,5,14,1,2,0,1,1,1,1,0,1,1,16,1,Missouri Valley,0.35714285714285715,0.35714285714285715,0.5,0.5357142857142857,47.0,5.0,14.0,5.0,14.0,0.0,1.0,1.0,1.0,1.0,0.0,1.0,16.0
4592726,Brandon Newman,98,Western Kentucky Hilltoppers,Guard,89.0,11,33,5,14,13,18,2,10,12,6,5,2,4,10,40,4,Conference USA,0.3333333333333333,0.35714285714285715,0.7222222222222222,0.4090909090909091,22.25,2.75,8.25,1.25,3.5,0.5,2.5,3.0,1.5,1.25,0.5,1.0,10.0
4592730,Donovan Clay,2623,Missouri State Bears,Guard,65.0,12,22,0,3,2,2,5,4,9,5,2,3,4,8,26,2,Missouri Valley,0.5454545454545454,0.0,1.0,0.5454545454545454,32.5,6.0,11.0,0.0,1.5,2.5,2.0,4.5,2.5,1.0,1.5,2.0,13.0
4592733,Ben Krikke,2294,Iowa Hawkeyes,Forward,79.0,20,35,1,3,8,14,8,11,19,5,3,1,3,7,49,3,Big Ten,0.5714285714285714,0.3333333333333333,0.5714285714285714,0.5857142857142857,26.333333333333332,6.666666666666667,11.666666666666666,0.3333333333333333,1.0,2.6666666666666665,3.6666666666666665,6.333333333333333,1.6666666666666667,1.0,0.3333333333333333,1.0,16.333333333333332
4592739,Javian Davis,5,UAB Blazers,Forward,90.0,4,9,0,0,7,13,7,11,18,3,1,1,2,15,15,4,American,0.4444444444444444,,0.5384615384615384,0.4444444444444444,22.5,1.0,2.25,0.0,0.0,1.75,2.75,4.5,0.75,0.25,0.25,0.5,3.75
4592741,John-Michael Wright,197,Oklahoma State Cowboys,Guard,25.0,1,9,0,6,0,0,0,2,2,0,1,2,0,0,2,1,Big 12,0.1111111111111111,0.0,,0.1111111111111111,25.0,1.0,9.0,0.0,6.0,0.0,2.0,2.0,0.0,1.0,2.0,0.0,2.0
4592743,Bryant Randleman,256,James Madison Dukes,Guard,21.0,1,4,0,0,0,2,0,1,1,1,2,1,1,2,2,5,Sun Belt,0.25,,0.0,0.25,4.2,0.2,0.8,0.0,0.0,0.0,0.2,0.2,0.2,0.4,0.2,0.2,0.4
4592753,Trent Stephney,2427,UNC Asheville Bulldogs,Guard,68.0,2,8,2,8,0,0,1,6,7,5,1,0,1,5,6,3,Big South,0.25,0.25,,0.375,22.666666666666668,0.6666666666666666,2.6666666666666665,0.6666666666666666,2.6666666666666665,0.3333333333333333,2.0,2.3333333333333335,1.6666666666666667,0.3333333333333333,0.0,0.3333333333333333,2.0
4592754,Jamon Battle,2427,UNC Asheville Bulldogs,Forward,33.0,4,9,0,1,0,1,2,1,3,0,1,0,1,1,8,3,Big South,0.4444444444444444,0.0,0.0,0.4444444444444444,11.0,1.3333333333333333,3.0,0.0,0.3333333333333333,0.6666666666666666,0.3333333333333333,1.0,0.0,0.3333333333333333,0.0,0.3333333333333333,2.6666666666666665
4592758,Owen McCormack,288,Lipscomb Bisons,Center,27.0,4,11,2,7,2,4,3,2,5,4,0,0,0,3,12,1,ASUN,0.36363636363636365,0.2857142857142857,0.5,0.45454545454545453,27.0,4.0,11.0,2.0,7.0,3.0,2.0,5.0,4.0,0.0,0.0,0.0,12.0
4592761,Quinton Morton-Robertson,2870,Purdue Fort Wayne Mastodons,Guard,150.0,21,53,14,38,2,2,1,15,16,13,4,0,6,9,58,5,Horizon,0.39622641509433965,0.3684210526315789,1.0,0.5283018867924528,30.0,4.2,10.6,2.8,7.6,0.2,3.0,3.2,2.6,0.8,0.0,1.2,11.6
4592762,Miles Jones,2430,UNC Greensboro Spartans,Forward,6.0,0,1,0,1,0,0,0,0,0,0,0,0,0,1,0,1,Southern,0.0,0.0,,0.0,6.0,0.0,1.0,0.0,1.0,0.0,0.0,0.0,0.0,0.0,0.0,0.0,0.0
4592767,Tommy Bruner,2172,Denver Pioneers,Guard,108.0,19,48,7,27,11,15,0,10,10,8,4,1,9,9,56,3,Summit League,0.3958333333333333,0.25925925925925924,0.7333333333333333,0.46875,36.0,6.333333333333333,16.0,2.3333333333333335,9.0,0.0,3.3333333333333335,3.3333333333333335,2.6666666666666665,1.3333333333333333,0.3333333333333333,3.0,18.666666666666668
4592771,Russell Jones Jr.,2717,Western Carolina Catamounts,Guard,33.0,4,11,1,5,0,0,0,1,1,1,0,0,0,1,9,1,Southern,0.36363636363636365,0.2,,0.4090909090909091,33.0,4.0,11.0,1.0,5.0,0.0,1.0,1.0,1.0,0.0,0.0,0.0,9.0
4592773,Josh Corbin,2523,Robert Morris Colonials,Guard,38.0,4,8,2,6,0,0,0,5,5,4,0,0,1,1,10,1,Horizon,0.5,0.3333333333333333,,0.625,38.0,4.0,8.0,2.0,6.0,0.0,5.0,5.0,4.0,0.0,0.0,1.0,10.0
4592777,Mate Okros,2182,Drexel Dragons,Forward,34.0,1,5,1,4,1,2,2,4,6,1,0,0,0,2,4,1,Coastal,0.2,0.25,0.5,0.3,34.0,1.0,5.0,1.0,4.0,2.0,4.0,6.0,1.0,0.0,0.0,0.0,4.0
4592778,T.J. Bickerstaff,256,James Madison Dukes,Forward,125.0,17,32,0,0,16,30,12,29,41,6,5,1,8,10,50,5,Sun Belt,0.53125,,0.5333333333333333,0.53125,25.0,3.4,6.4,0.0,0.0,2.4,5.8,8.2,1.2,1.0,0.2,1.6,10.0
4592830,Jonathan Aku,2755,Grambling Tigers,Forward,122.0,9,14,0,0,9,16,6,17,23,5,3,6,5,14,27,5,SWAC,0.6428571428571429,,0.5625,0.6428571428571429,24.4,1.8,2.8,0.0,0.0,1.2,3.4,4.6,1.0,0.6,1.2,1.0,5.4
4592841,Caleb Stone-Carrawell,3084,Utah Valley Wolverines,Forward,34.0,5,9,0,1,0,0,0,1,1,1,3,0,2,0,10,1,United Athletic,0.5555555555555556,0.0,,0.5555555555555556,34.0,5.0,9.0,0.0,1.0,0.0,1.0,1.0,1.0,3.0,0.0,2.0,10.0
4592843,Brice Williams,158,Nebraska Cornhuskers,Guard,97.0,20,40,7,15,23,26,0,13,13,8,4,3,5,7,70,3,Big Ten,0.5,0.4666666666666667,0.8846153846153846,0.5875,32.333333333333336,6.666666666666667,13.333333333333334,2.3333333333333335,5.0,0.0,4.333333333333333,4.333333333333333,2.6666666666666665,1.3333333333333333,1.0,1.6666666666666667,23.333333333333332
4592846,Kenan Blackshear,2440,Nevada Wolf Pack,Guard,65.0,13,23,0,2,5,9,2,4,6,14,2,1,9,5,31,2,Mountain West,0.5652173913043478,0.0,0.5555555555555556,0.5652173913043478,32.5,6.5,11.5,0.0,1.0,1.0,2.0,3.0,7.0,1.0,0.5,4.5,15.5
4592857,Isaiah Crawford,2348,Louisiana Tech Bulldogs,Forward,40.0,4,17,2,4,2,2,4,7,11,2,2,0,2,1,12,1,Conference USA,0.23529411764705882,0.5,1.0,0.29411764705882354,40.0,4.0,17.0,2.0,4.0,4.0,7.0,11.0,2.0,2.0,0.0,2.0,12.0
4592858,Cobe Williams,202,Tulsa Golden Hurricane,Guard,35.0,3,7,3,6,2,4,0,3,3,3,2,2,3,5,11,1,American,0.42857142857142855,0.5,0.5,0.6428571428571429,35.0,3.0,7.0,3.0,6.0,0.0,3.0,3.0,3.0,2.0,2.0,3.0,11.0
4592862,Marko Sarenac,276,Marshall Thundering Herd,Guard,2.0,0,0,0,0,0,0,0,0,0,0,0,0,0,1,0,1,Sun Belt,,,,,2.0,0.0,0.0,0.0,0.0,0.0,0.0,0.0,0.0,0.0,0.0,0.0,0.0
4592866,Tyler Millin,236,Chattanooga Mocs,Forward,34.0,2,4,0,2,2,4,0,3,3,2,0,0,0,6,6,2,Southern,0.5,0.0,0.5,0.5,17.0,1.0,2.0,0.0,1.0,0.0,1.5,1.5,1.0,0.0,0.0,0.0,3.0
4592875,Jaylin Hunter,195,Ohio Bobcats,Guard,62.0,10,28,4,15,6,6,1,6,7,6,6,0,5,6,30,2,Mid-American,0.35714285714285715,0.26666666666666666,1.0,0.42857142857142855,31.0,5.0,14.0,2.0,7.5,0.5,3.0,3.5,3.0,3.0,0.0,2.5,15.0
4592889,Lucas Stieber,2241,Gardner-Webb Runnin' Bulldogs,Guard,17.0,2,2,1,1,0,0,0,1,1,1,0,0,1,1,5,1,Big South,1.0,1.0,,1.25,17.0,2.0,2.0,1.0,1.0,0.0,1.0,1.0,1.0,0.0,0.0,1.0,5.0
4592891,Brenton Mills,261,Vermont Catamounts,Guard,1.0,0,0,0,0,0,0,0,0,0,0,0,0,0,0,0,1,America East,,,,,1.0,0.0,0.0,0.0,0.0,0.0,0.0,0.0,0.0,0.0,0.0,0.0,0.0
4592893,Dan Petcash,2066,Binghamton Bearcats,Guard,34.0,3,7,2,4,2,2,0,5,5,1,1,1,2,1,10,1,America East,0.42857142857142855,0.5,1.0,0.5714285714285714,34.0,3.0,7.0,2.0,4.0,0.0,5.0,5.0,1.0,1.0,1.0,2.0,10.0
4592898,Jeremiah Davenport,8,Arkansas Razorbacks,Guard,11.0,0,6,0,3,0,0,1,2,3,0,0,1,0,0,0,2,SEC,0.0,0.0,,0.0,5.5,0.0,3.0,0.0,1.5,0.5,1.0,1.5,0.0,0.0,0.5,0.0,0.0
4592900,Rob Banks,2837,Texas A&M-Commerce Lions,Forward,1.0,0,0,0,0,0,0,0,0,0,0,0,0,0,2,0,1,Southland,,,,,1.0,0.0,0.0,0.0,0.0,0.0,0.0,0.0,0.0,0.0,0.0,0.0,0.0
4592901,Sam Hofman,218,Temple Owls,Forward,149.0,9,26,7,18,0,0,4,22,26,9,2,3,2,17,25,5,American,0.34615384615384615,0.3888888888888889,,0.4807692307692308,29.8,1.8,5.2,1.4,3.6,0.8,4.4,5.2,1.8,0.4,0.6,0.4,5.0
4592903,Miroslav Stafl,324,Coastal Carolina Chanticleers,Center,33.0,3,7,0,2,3,6,6,5,11,1,1,1,1,1,9,2,Sun Belt,0.42857142857142855,0.0,0.5,0.42857142857142855,16.5,1.5,3.5,0.0,1.0,3.0,2.5,5.5,0.5,0.5,0.5,0.5,4.5
4592905,Richie Springs,2514,Quinnipiac Bobcats,Forward,12.0,1,3,0,1,0,0,1,0,1,0,0,0,1,1,2,3,MAAC,0.3333333333333333,0.0,,0.3333333333333333,4.0,0.3333333333333333,1.0,0.0,0.3333333333333333,0.3333333333333333,0.0,0.3333333333333333,0.0,0.0,0.0,0.3333333333333333,0.6666666666666666
4592912,Kalil Thomas,2413,Morehead State Eagles,Guard,146.0,19,38,16,32,3,5,3,15,18,10,6,0,4,7,57,4,Ohio Valley,0.5,0.5,0.6,0.7105263157894737,36.5,4.75,9.5,4.0,8.0,0.75,3.75,4.5,2.5,1.5,0.0,1.0,14.25
4592914,Connor Withers,2803,Bryant Bulldogs,Forward,50.0,1,5,1,5,0,0,2,7,9,1,2,4,1,8,3,2,America East,0.2,0.2,,0.3,25.0,0.5,2.5,0.5,2.5,1.0,3.5,4.5,0.5,1.0,2.0,0.5,1.5
4592921,Colby Rogers,2724,Wichita State Shockers,Guard,111.0,15,46,10,26,5,6,1,4,5,8,1,0,6,8,45,3,American,0.32608695652173914,0.38461538461538464,0.8333333333333334,0.43478260869565216,37.0,5.0,15.333333333333334,3.3333333333333335,8.666666666666666,0.3333333333333333,1.3333333333333333,1.6666666666666667,2.6666666666666665,0.3333333333333333,0.0,2.0,15.0
4592935,Tyler Stephenson-Moore,2619,Stony Brook Seawolves,Guard,169.0,24,52,16,34,18,20,5,21,26,5,4,2,5,13,82,4,Coastal,0.46153846153846156,0.47058823529411764,0.9,0.6153846153846154,42.25,6.0,13.0,4.0,8.5,1.25,5.25,6.5,1.25,1.0,0.5,1.25,20.5
4592939,Nathan Johnson,2535,Samford Bulldogs,Forward,78.0,0,8,0,6,7,10,0,11,11,3,0,0,1,6,7,4,Southern,0.0,0.0,0.7,0.0,19.5,0.0,2.0,0.0,1.5,0.0,2.75,2.75,0.75,0.0,0.0,0.25,1.75
4592946,Nick Fiorillo,261,Vermont Catamounts,Forward,123.0,9,22,5,12,7,11,3,9,12,8,1,2,11,11,30,4,America East,0.4090909090909091,0.4166666666666667,0.6363636363636364,0.5227272727272727,30.75,2.25,5.5,1.25,3.0,0.75,2.25,3.0,2.0,0.25,0.5,2.75,7.5
4592950,Hunter Woods,2502,Portland State Vikings,Forward,10.0,0,1,0,1,0,0,0,1,1,0,0,0,1,1,0,1,Big Sky,0.0,0.0,,0.0,10.0,0.0,1.0,0.0,1.0,0.0,1.0,1.0,0.0,0.0,0.0,1.0,0.0
4592953,Ade Adebayo,302,UC Davis Aggies,Forward,49.0,3,5,0,0,5,5,0,3,3,1,2,1,0,5,11,2,Big West,0.6,,1.0,0.6,24.5,1.5,2.5,0.0,0.0,0.0,1.5,1.5,0.5,1.0,0.5,0.0,5.5
4592954,Caleb Burgess,2427,UNC Asheville Bulldogs,Guard,95.0,2,17,0,5,6,10,0,5,5,18,1,0,5,5,10,3,Big South,0.11764705882352941,0.0,0.6,0.11764705882352941,31.666666666666668,0.6666666666666666,5.666666666666667,0.0,1.6666666666666667,0.0,1.6666666666666667,1.6666666666666667,6.0,0.3333333333333333,0.0,1.6666666666666667,3.3333333333333335
4592961,Emmanuel Tshimanga,28,UC San Diego Tritons,Center,11.0,2,2,0,0,0,2,1,2,3,0,0,0,1,4,4,1,Big West,1.0,,0.0,1.0,11.0,2.0,2.0,0.0,0.0,1.0,2.0,3.0,0.0,0.0,0.0,1.0,4.0
4592962,Dean Keeler,300,UC Irvine Anteaters,Forward,24.0,3,9,0,0,2,5,4,3,7,1,0,0,1,6,8,2,Big West,0.3333333333333333,,0.4,0.3333333333333333,12.0,1.5,4.5,0.0,0.0,2.0,1.5,3.5,0.5,0.0,0.0,0.5,4.0
4592965,Tristen Newton,41,UConn Huskies,Guard,310.0,43,96,19,56,33,40,10,32,42,67,6,1,15,12,138,9,Big East,0.4479166666666667,0.3392857142857143,0.825,0.546875,34.44444444444444,4.777777777777778,10.666666666666666,2.111111111111111,6.222222222222222,1.1111111111111112,3.5555555555555554,4.666666666666667,7.444444444444445,0.6666666666666666,0.1111111111111111,1.6666666666666667,15.333333333333334
4592975,Shykeim Phillips,350,UNC Wilmington Seahawks,Guard,28.0,7,13,1,3,1,1,1,6,7,2,3,0,2,3,16,1,Coastal,0.5384615384615384,0.3333333333333333,1.0,0.5769230769230769,28.0,7.0,13.0,1.0,3.0,1.0,6.0,7.0,2.0,3.0,0.0,2.0,16.0
4592979,Zyon Pullin,57,Florida Gators,Guard,164.0,20,46,3,6,30,38,5,18,23,22,4,1,11,16,73,5,SEC,0.43478260869565216,0.5,0.7894736842105263,0.4673913043478261,32.8,4.0,9.2,0.6,1.2,1.0,3.6,4.6,4.4,0.8,0.2,2.2,14.6
4592988,Miguel Ayesa,2908,South Carolina Upstate Spartans,Guard,14.0,1,7,1,6,0,0,0,1,1,1,0,0,0,1,3,1,Big South,0.14285714285714285,0.16666666666666666,,0.21428571428571427,14.0,1.0,7.0,1.0,6.0,0.0,1.0,1.0,1.0,0.0,0.0,0.0,3.0
4593002,Isaiah Gross,2154,Coppin State Eagles,Guard,7.0,0,1,0,0,0,0,0,0,0,0,0,0,0,2,0,1,MEAC,0.0,,,0.0,7.0,0.0,1.0,0.0,0.0,0.0,0.0,0.0,0.0,0.0,0.0,0.0,0.0
4593007,Trey Anderson,23,San José State Spartans,Forward,27.0,2,6,0,1,0,0,4,2,6,0,0,0,0,4,4,1,Mountain West,0.3333333333333333,0.0,,0.3333333333333333,27.0,2.0,6.0,0.0,1.0,4.0,2.0,6.0,0.0,0.0,0.0,0.0,4.0
4593008,Trae Hannibal,99,LSU Tigers,Guard,60.0,11,19,0,0,11,12,4,9,13,5,2,0,2,4,33,2,SEC,0.5789473684210527,,0.9166666666666666,0.5789473684210527,30.0,5.5,9.5,0.0,0.0,2.0,4.5,6.5,2.5,1.0,0.0,1.0,16.5
4593010,Tray Jackson,130,Michigan Wolverines,Forward,9.0,0,2,0,0,0,0,0,2,2,0,0,0,0,1,0,1,Big Ten,0.0,,,0.0,9.0,0.0,2.0,0.0,0.0,0.0,2.0,2.0,0.0,0.0,0.0,0.0,0.0
4593015,Isaac Stansbury,344,Mississippi State Bulldogs,Guard,1.0,0,0,0,0,0,0,0,0,0,0,0,0,0,0,0,1,SEC,,,,,1.0,0.0,0.0,0.0,0.0,0.0,0.0,0.0,0.0,0.0,0.0,0.0,0.0
4593016,Quinten Post,103,Boston College Eagles,Forward,166.0,38,75,9,22,13,14,13,34,47,16,3,7,9,11,98,5,ACC,0.5066666666666667,0.4090909090909091,0.9285714285714286,0.5666666666666667,33.2,7.6,15.0,1.8,4.4,2.6,6.8,9.4,3.2,0.6,1.4,1.8,19.6
4593040,Dischon Thomas,149,Montana Grizzlies,Forward,138.0,11,31,5,14,10,14,5,16,21,4,3,6,10,8,37,5,Big Sky,0.3548387096774194,0.35714285714285715,0.7142857142857143,0.43548387096774194,27.6,2.2,6.2,1.0,2.8,1.0,3.2,4.2,0.8,0.6,1.2,2.0,7.4
4593051,Anthony Holland,264,Washington Huskies,Guard,12.0,0,2,0,1,0,0,0,2,2,1,0,0,0,1,0,1,Pac-12,0.0,0.0,,0.0,12.0,0.0,2.0,0.0,1.0,0.0,2.0,2.0,1.0,0.0,0.0,0.0,0.0
4593062,Kane Milling,302,UC Davis Aggies,Guard,69.0,8,19,2,8,3,3,4,9,13,4,1,1,4,3,21,2,Big West,0.42105263157894735,0.25,1.0,0.47368421052631576,34.5,4.0,9.5,1.0,4.0,2.0,4.5,6.5,2.0,0.5,0.5,2.0,10.5
4593063,Khristion Courseault,140,Kansas City Roos,Guard,32.0,4,15,0,6,5,9,1,6,7,1,1,1,2,3,13,1,Summit League,0.26666666666666666,0.0,0.5555555555555556,0.26666666666666666,32.0,4.0,15.0,0.0,6.0,1.0,6.0,7.0,1.0,1.0,1.0,2.0,13.0
4593067,Ja'Von Benson,2261,Hampton Pirates,Forward,24.0,4,7,0,0,3,4,4,4,8,0,0,2,0,5,11,2,Coastal,0.5714285714285714,,0.75,0.5714285714285714,12.0,2.0,3.5,0.0,0.0,2.0,2.0,4.0,0.0,0.0,1.0,0.0,5.5
4593069,Emmanuel Kuac,2174,Detroit Mercy Titans,Guard,25.0,1,5,1,5,0,0,1,2,3,1,0,0,3,3,3,1,Horizon,0.2,0.2,,0.3,25.0,1.0,5.0,1.0,5.0,1.0,2.0,3.0,1.0,0.0,0.0,3.0,3.0
4593080,Xander Rice,2405,Monmouth Hawks,Guard,75.0,9,32,4,19,6,6,1,4,5,11,1,0,3,3,28,2,Coastal,0.28125,0.21052631578947367,1.0,0.34375,37.5,4.5,16.0,2.0,9.5,0.5,2.0,2.5,5.5,0.5,0.0,1.5,14.0
4593081,Jake van der Heijden,2454,North Florida Ospreys,Forward,15.0,3,6,1,2,2,2,2,0,2,1,0,1,2,0,9,1,ASUN,0.5,0.5,1.0,0.5833333333333334,15.0,3.0,6.0,1.0,2.0,2.0,0.0,2.0,1.0,0.0,1.0,2.0,9.0
4593082,Alex Timmerman,2737,Winthrop Eagles,Center,16.0,1,3,0,1,0,0,0,2,2,1,0,1,0,2,2,1,Big South,0.3333333333333333,0.0,,0.3333333333333333,16.0,1.0,3.0,0.0,1.0,0.0,2.0,2.0,1.0,0.0,1.0,0.0,2.0
4593084,Jared Barnett,2463,Cal State Northridge Matadors,Guard,27.0,1,5,1,3,0,0,0,2,2,4,0,0,0,5,3,2,Big West,0.2,0.3333333333333333,,0.3,13.5,0.5,2.5,0.5,1.5,0.0,1.0,1.0,2.0,0.0,0.0,0.0,1.5
4593087,Ryan Moffatt,2142,Colgate Raiders,Forward,116.0,9,23,3,12,6,7,5,9,14,9,4,0,0,3,27,4,Patriot League,0.391304347826087,0.25,0.8571428571428571,0.45652173913043476,29.0,2.25,5.75,0.75,3.0,1.25,2.25,3.5,2.25,1.0,0.0,0.0,6.75
4593089,Keegan Records,2142,Colgate Raiders,Forward,88.0,18,26,0,2,7,9,2,12,14,5,3,6,5,9,43,4,Patriot League,0.6923076923076923,0.0,0.7777777777777778,0.6923076923076923,22.0,4.5,6.5,0.0,0.5,0.5,3.0,3.5,1.25,0.75,1.5,1.25,10.75
4593093,Joey Reilly,2529,Sacred Heart Pioneers,Guard,33.0,3,5,1,2,2,2,1,0,1,2,1,0,0,2,9,1,Northeast,0.6,0.5,1.0,0.7,33.0,3.0,5.0,1.0,2.0,1.0,0.0,1.0,2.0,1.0,0.0,0.0,9.0
4593100,Neal Quinn,257,Richmond Spiders,Center,60.0,13,24,1,1,0,0,1,5,6,6,0,3,5,5,27,2,Atlantic 10,0.5416666666666666,1.0,,0.5625,30.0,6.5,12.0,0.5,0.5,0.5,2.5,3.0,3.0,0.0,1.5,2.5,13.5
4593102,Sean Bairstow,2670,VCU Rams,Guard,225.0,22,58,4,19,14,17,4,30,34,14,4,0,6,7,62,7,Atlantic 10,0.3793103448275862,0.21052631578947367,0.8235294117647058,0.41379310344827586,32.142857142857146,3.142857142857143,8.285714285714286,0.5714285714285714,2.7142857142857144,0.5714285714285714,4.285714285714286,4.857142857142857,2.0,0.5714285714285714,0.0,0.8571428571428571,8.857142857142858
4593106,Boogie Ellis,30,USC Trojans,Guard,66.0,11,26,7,17,2,4,0,7,7,4,5,0,4,7,31,2,Pac-12,0.4230769230769231,0.4117647058823529,0.5,0.5576923076923077,33.0,5.5,13.0,3.5,8.5,0.0,3.5,3.5,2.0,2.5,0.0,2.0,15.5
4593120,Josh Cohen,113,Massachusetts Minutemen,Forward,34.0,3,5,0,0,8,9,3,3,6,1,2,0,1,4,14,1,Atlantic 10,0.6,,0.8888888888888888,0.6,34.0,3.0,5.0,0.0,0.0,3.0,3.0,6.0,1.0,2.0,0.0,1.0,14.0
4593122,Golden Dike,2352,Loyola Maryland Greyhounds,Forward,25.0,1,8,0,0,2,4,4,4,8,3,1,1,1,2,4,1,Patriot League,0.125,,0.5,0.125,25.0,1.0,8.0,0.0,0.0,4.0,4.0,8.0,3.0,1.0,1.0,1.0,4.0
4593126,Tyler Thomas,2275,Hofstra Pride,Guard,77.0,16,49,9,25,11,12,2,11,13,8,6,0,4,2,52,2,Coastal,0.32653061224489793,0.36,0.9166666666666666,0.41836734693877553,38.5,8.0,24.5,4.5,12.5,1.0,5.5,6.5,4.0,3.0,0.0,2.0,26.0
4593129,Kwane Marble,315,Niagara Purple Eagles,Guard,50.0,7,16,2,6,3,4,1,3,4,2,3,0,3,4,19,2,MAAC,0.4375,0.3333333333333333,0.75,0.5,25.0,3.5,8.0,1.0,3.0,0.5,1.5,2.0,1.0,1.5,0.0,1.5,9.5
4593134,Jalen Hawkins,2016,Alcorn State Braves,Shooting Guard,17.0,0,3,0,2,0,0,1,5,6,0,1,0,4,0,0,1,SWAC,0.0,0.0,,0.0,17.0,0.0,3.0,0.0,2.0,1.0,5.0,6.0,0.0,1.0,0.0,4.0,0.0
4593148,Jacco Fritz,2275,Hofstra Pride,Forward,48.0,4,4,0,0,1,2,4,3,7,4,0,0,2,8,9,2,Coastal,1.0,,0.5,1.0,24.0,2.0,2.0,0.0,0.0,2.0,1.5,3.5,2.0,0.0,0.0,1.0,4.5
4593149,Armon Harried,2066,Binghamton Bearcats,Guard,24.0,3,7,2,3,2,4,0,4,4,0,0,1,4,4,10,1,America East,0.42857142857142855,0.6666666666666666,0.5,0.5714285714285714,24.0,3.0,7.0,2.0,3.0,0.0,4.0,4.0,0.0,0.0,1.0,4.0,10.0
4593240,Brandon Rush,2754,Youngstown State Penguins,Guard,27.0,6,13,2,8,1,1,1,0,1,0,1,0,1,3,15,1,Horizon,0.46153846153846156,0.25,1.0,0.5384615384615384,27.0,6.0,13.0,2.0,8.0,1.0,0.0,1.0,0.0,1.0,0.0,1.0,15.0
4593256,Brian Taylor,2117,Central Michigan Chippewas,Guard,35.0,6,16,1,5,0,0,3,7,10,0,0,1,0,0,13,1,Mid-American,0.375,0.2,,0.40625,35.0,6.0,16.0,1.0,5.0,3.0,7.0,10.0,0.0,0.0,1.0,0.0,13.0
4593261,Michael Green III,256,James Madison Dukes,Guard,89.0,15,27,9,16,3,4,1,3,4,10,3,0,4,8,42,5,Sun Belt,0.5555555555555556,0.5625,0.75,0.7222222222222222,17.8,3.0,5.4,1.8,3.2,0.2,0.6,0.8,2.0,0.6,0.0,0.8,8.4
4593263,Charles Pride,179,St. Bonaventure Bonnies,Guard,91.0,10,28,3,10,6,8,11,8,19,2,4,0,3,7,29,3,Atlantic 10,0.35714285714285715,0.3,0.75,0.4107142857142857,30.333333333333332,3.3333333333333335,9.333333333333334,1.0,3.3333333333333335,3.6666666666666665,2.6666666666666665,6.333333333333333,0.6666666666666666,1.3333333333333333,0.0,1.0,9.666666666666666
4593264,Timmy Kiggins,2803,Bryant Bulldogs,Guard,2.0,0,0,0,0,0,0,0,1,1,0,0,0,0,0,0,1,America East,,,,,2.0,0.0,0.0,0.0,0.0,0.0,1.0,1.0,0.0,0.0,0.0,0.0,0.0
4593269,Jeffery Armstrong,2572,Southern Miss Golden Eagles,Guard,2.0,0,0,0,0,0,0,0,1,1,0,0,0,0,1,0,1,Sun Belt,,,,,2.0,0.0,0.0,0.0,0.0,0.0,1.0,1.0,0.0,0.0,0.0,0.0,0.0
4593273,Hunter Dean,99,LSU Tigers,Forward,52.0,7,11,1,2,6,8,5,6,11,2,1,2,1,5,21,2,SEC,0.6363636363636364,0.5,0.75,0.6818181818181818,26.0,3.5,5.5,0.5,1.0,2.5,3.0,5.5,1.0,0.5,1.0,0.5,10.5
4593276,Chris Maidoh,2619,Stony Brook Seawolves,Forward,94.0,21,34,0,0,6,10,6,10,16,6,2,5,3,10,48,4,Coastal,0.6176470588235294,,0.6,0.6176470588235294,23.5,5.25,8.5,0.0,0.0,1.5,2.5,4.0,1.5,0.5,1.25,0.75,12.0
4593292,Jordan Rawls,166,New Mexico State Aggies,Guard,27.0,4,7,1,1,2,2,0,5,5,2,0,0,2,0,11,1,Conference USA,0.5714285714285714,1.0,1.0,0.6428571428571429,27.0,4.0,7.0,1.0,1.0,0.0,5.0,5.0,2.0,0.0,0.0,2.0,11.0
4593297,Eddie Turner III,147,Montana State Bobcats,Guard,146.0,16,43,2,13,6,8,2,6,8,15,10,0,8,6,40,4,Big Sky,0.37209302325581395,0.15384615384615385,0.75,0.3953488372093023,36.5,4.0,10.75,0.5,3.25,0.5,1.5,2.0,3.75,2.5,0.0,2.0,10.0
4593305,Bryson Langdon,2754,Youngstown State Penguins,Guard,26.0,4,8,1,5,1,1,0,0,0,2,1,0,2,3,10,1,Horizon,0.5,0.2,1.0,0.5625,26.0,4.0,8.0,1.0,5.0,0.0,0.0,0.0,2.0,1.0,0.0,2.0,10.0
4593307,Marcus Filien,399,UAlbany Great Danes,Forward,25.0,2,4,2,4,0,0,0,6,6,0,0,3,2,2,6,1,America East,0.5,0.5,,0.75,25.0,2.0,4.0,2.0,4.0,0.0,6.0,6.0,0.0,0.0,3.0,2.0,6.0
4593308,Greg Dolan,2350,Loyola Chicago Ramblers,Guard,27.0,1,7,0,5,2,2,0,4,4,2,0,0,0,6,4,2,Atlantic 10,0.14285714285714285,0.0,1.0,0.14285714285714285,13.5,0.5,3.5,0.0,2.5,0.0,2.0,2.0,1.0,0.0,0.0,0.0,2.0
4593329,Adam Cisse,311,Maine Black Bears,Forward,20.0,1,4,0,0,2,2,2,0,2,1,3,1,2,0,4,1,America East,0.25,,1.0,0.25,20.0,1.0,4.0,0.0,0.0,2.0,0.0,2.0,1.0,3.0,1.0,2.0,4.0
4593336,Luka Sakota,111,Northeastern Huskies,Guard,21.0,0,8,0,4,1,2,0,3,3,0,0,0,0,1,1,1,Coastal,0.0,0.0,0.5,0.0,21.0,0.0,8.0,0.0,4.0,0.0,3.0,3.0,0.0,0.0,0.0,0.0,1.0
4593343,Blake Lampman,2473,Oakland Golden Grizzlies,Guard,165.0,10,42,7,32,9,11,5,16,21,10,7,9,5,8,36,5,Horizon,0.23809523809523808,0.21875,0.8181818181818182,0.32142857142857145,33.0,2.0,8.4,1.4,6.4,1.0,3.2,4.2,2.0,1.4,1.8,1.0,7.2
4593351,Jordan Dingle,2599,St. John's Red Storm,Guard,61.0,14,25,5,12,0,0,0,3,3,4,0,0,1,4,33,2,Big East,0.56,0.4166666666666667,,0.66,30.5,7.0,12.5,2.5,6.0,0.0,1.5,1.5,2.0,0.0,0.0,0.5,16.5
4593352,Lucas Monroe,2182,Drexel Dragons,Forward,24.0,5,9,1,1,2,2,3,3,6,0,1,0,1,2,13,1,Coastal,0.5555555555555556,1.0,1.0,0.6111111111111112,24.0,5.0,9.0,1.0,1.0,3.0,3.0,6.0,0.0,1.0,0.0,1.0,13.0
4593361,August Mahoney,43,Yale Bulldogs,Guard,124.0,15,33,10,21,12,15,1,8,9,2,4,0,5,6,52,4,Ivy,0.45454545454545453,0.47619047619047616,0.8,0.6060606060606061,31.0,3.75,8.25,2.5,5.25,0.25,2.0,2.25,0.5,1.0,0.0,1.25,13.0
4593362,Seth Pinkney,2229,Florida International Panthers,Center,34.0,1,3,0,0,2,2,3,2,5,2,0,7,2,6,4,2,Conference USA,0.3333333333333333,,1.0,0.3333333333333333,17.0,0.5,1.5,0.0,0.0,1.5,1.0,2.5,1.0,0.0,3.5,1.0,2.0
4593364,Allen Powell,2520,Rider Broncs,Guard,32.0,0,12,0,6,0,0,0,2,2,3,0,0,1,0,0,1,MAAC,0.0,0.0,,0.0,32.0,0.0,12.0,0.0,6.0,0.0,2.0,2.0,3.0,0.0,0.0,1.0,0.0
4593372,Jordan King,257,Richmond Spiders,Guard,77.0,7,25,4,15,5,7,0,7,7,8,2,0,6,8,23,2,Atlantic 10,0.28,0.26666666666666666,0.7142857142857143,0.36,38.5,3.5,12.5,2.0,7.5,0.0,3.5,3.5,4.0,1.0,0.0,3.0,11.5
4593375,Wayne Bristol Jr.,46,Georgetown Hoyas,Guard,27.0,1,3,1,3,0,1,1,1,2,0,0,0,1,3,3,1,Big East,0.3333333333333333,0.3333333333333333,0.0,0.5,27.0,1.0,3.0,1.0,3.0,1.0,1.0,2.0,0.0,0.0,0.0,1.0,3.0
4593380,Kevon Voyles,276,Marshall Thundering Herd,Guard,72.0,17,43,6,17,2,4,2,4,6,6,7,0,4,4,42,2,Sun Belt,0.3953488372093023,0.35294117647058826,0.5,0.46511627906976744,36.0,8.5,21.5,3.0,8.5,1.0,2.0,3.0,3.0,3.5,0.0,2.0,21.0
4593381,Da'Shawn Phillip,189,Bowling Green Falcons,Guard,70.0,9,19,2,6,1,1,2,11,13,1,0,1,3,4,21,3,Mid-American,0.47368421052631576,0.3333333333333333,1.0,0.5263157894736842,23.333333333333332,3.0,6.333333333333333,0.6666666666666666,2.0,0.6666666666666666,3.6666666666666665,4.333333333333333,0.3333333333333333,0.0,0.3333333333333333,1.0,7.0
4593385,Aaron Estrada,333,Alabama Crimson Tide,Guard,216.0,34,81,8,27,4,7,9,26,35,31,9,1,10,11,80,6,SEC,0.41975308641975306,0.2962962962962963,0.5714285714285714,0.4691358024691358,36.0,5.666666666666667,13.5,1.3333333333333333,4.5,1.5,4.333333333333333,5.833333333333333,5.166666666666667,1.5,0.16666666666666666,1.6666666666666667,13.333333333333334
4593386,Daryl Banks III,179,St. Bonaventure Bonnies,Guard,104.0,11,28,4,13,21,21,2,11,13,6,4,1,4,7,47,3,Atlantic 10,0.39285714285714285,0.3076923076923077,1.0,0.4642857142857143,34.666666666666664,3.6666666666666665,9.333333333333334,1.3333333333333333,4.333333333333333,0.6666666666666666,3.6666666666666665,4.333333333333333,2.0,1.3333333333333333,0.3333333333333333,1.3333333333333333,15.666666666666666
4593388,Matthew Lee,2623,Missouri State Bears,Guard,49.0,2,13,2,7,3,4,0,2,2,6,1,0,6,2,9,2,Missouri Valley,0.15384615384615385,0.2857142857142857,0.75,0.23076923076923078,24.5,1.0,6.5,1.0,3.5,0.0,1.0,1.0,3.0,0.5,0.0,3.0,4.5
4593397,Luke Bumbalough,315,Niagara Purple Eagles,Guard,73.0,3,13,3,11,2,2,0,6,6,10,1,0,7,1,11,2,MAAC,0.23076923076923078,0.2727272727272727,1.0,0.34615384615384615,36.5,1.5,6.5,1.5,5.5,0.0,3.0,3.0,5.0,0.5,0.0,3.5,5.5
4593404,Nyzaiah Chambers,2450,Norfolk State Spartans,Forward,45.0,2,5,0,1,3,5,4,6,10,0,4,1,2,5,7,4,MEAC,0.4,0.0,0.6,0.4,11.25,0.5,1.25,0.0,0.25,1.0,1.5,2.5,0.0,1.0,0.25,0.5,1.75
4593406,Daryl Anderson,2450,Norfolk State Spartans,Guard,41.0,5,13,5,12,0,0,0,3,3,1,2,0,0,5,15,3,MEAC,0.38461538461538464,0.4166666666666667,,0.5769230769230769,13.666666666666666,1.6666666666666667,4.333333333333333,1.6666666666666667,4.0,0.0,1.0,1.0,0.3333333333333333,0.6666666666666666,0.0,0.0,5.0
4593408,Savion Gallion,2433,UL Monroe Warhawks,Guard,20.0,2,6,0,1,3,5,0,0,0,0,2,0,1,2,7,1,Sun Belt,0.3333333333333333,0.0,0.6,0.3333333333333333,20.0,2.0,6.0,0.0,1.0,0.0,0.0,0.0,0.0,2.0,0.0,1.0,7.0
4593413,Fred Cleveland Jr.,2428,North Carolina Central Eagles,Guard,70.0,10,33,7,15,8,10,2,9,11,8,2,0,6,6,35,2,MEAC,0.30303030303030304,0.4666666666666667,0.8,0.4090909090909091,35.0,5.0,16.5,3.5,7.5,1.0,4.5,5.5,4.0,1.0,0.0,3.0,17.5
4593436,Giovanni Santiago,2309,Kent State Golden Flashes,Guard,120.0,12,30,9,19,6,10,1,7,8,11,4,0,5,5,39,3,Mid-American,0.4,0.47368421052631576,0.6,0.55,40.0,4.0,10.0,3.0,6.333333333333333,0.3333333333333333,2.3333333333333335,2.6666666666666665,3.6666666666666665,1.3333333333333333,0.0,1.6666666666666667,13.0
4593444,Dae Dae Grant,2184,Duquesne Dukes,Guard,208.0,31,78,15,39,14,17,3,14,17,18,9,1,7,13,91,6,Atlantic 10,0.3974358974358974,0.38461538461538464,0.8235294117647058,0.4935897435897436,34.666666666666664,5.166666666666667,13.0,2.5,6.5,0.5,2.3333333333333335,2.8333333333333335,3.0,1.5,0.16666666666666666,1.1666666666666667,15.166666666666666
4593449,Miles Brown,195,Ohio Bobcats,Guard,61.0,10,20,3,6,6,7,2,7,9,3,2,1,4,5,29,2,Mid-American,0.5,0.5,0.8571428571428571,0.575,30.5,5.0,10.0,1.5,3.0,1.0,3.5,4.5,1.5,1.0,0.5,2.0,14.5
4593454,Titus Wright,2711,Western Michigan Broncos,Center,22.0,4,5,0,0,0,3,2,2,4,0,0,2,1,2,8,1,Mid-American,0.8,,0.0,0.8,22.0,4.0,5.0,0.0,0.0,2.0,2.0,4.0,0.0,0.0,2.0,1.0,8.0
4593461,E.J. Bellinger,2634,Tennessee State Tigers,Guard,64.0,10,23,4,9,10,11,6,8,14,2,2,1,3,4,34,2,Ohio Valley,0.43478260869565216,0.4444444444444444,0.9090909090909091,0.5217391304347826,32.0,5.0,11.5,2.0,4.5,3.0,4.0,7.0,1.0,1.0,0.5,1.5,17.0
4593469,Stephen Clark,2579,South Carolina Gamecocks,Forward,7.0,0,0,0,0,0,0,0,1,1,0,0,0,0,0,0,1,SEC,,,,,7.0,0.0,0.0,0.0,0.0,0.0,1.0,1.0,0.0,0.0,0.0,0.0,0.0
4593475,Tariq Balogun,2066,Binghamton Bearcats,Forward,27.0,3,6,0,0,4,6,2,1,3,0,1,1,1,3,10,1,America East,0.5,,0.6666666666666666,0.5,27.0,3.0,6.0,0.0,0.0,2.0,1.0,3.0,0.0,1.0,1.0,1.0,10.0
4593674,Kamar Robertson,2717,Western Carolina Catamounts,Guard,31.0,6,8,3,3,2,2,1,2,3,0,0,0,1,2,17,1,Southern,0.75,1.0,1.0,0.9375,31.0,6.0,8.0,3.0,3.0,1.0,2.0,3.0,0.0,0.0,0.0,1.0,17.0
4593676,James Glisson III,2443,New Orleans Privateers,Forward,50.0,5,11,3,8,6,6,2,8,10,3,3,1,2,4,19,2,Southland,0.45454545454545453,0.375,1.0,0.5909090909090909,25.0,2.5,5.5,1.5,4.0,1.0,4.0,5.0,1.5,1.5,0.5,1.0,9.5
4593677,Tyzhaun Claude,59,Georgia Tech Yellow Jackets,Forward,11.0,2,2,0,0,0,0,1,3,4,0,0,0,0,0,4,1,ACC,1.0,,,1.0,11.0,2.0,2.0,0.0,0.0,1.0,3.0,4.0,0.0,0.0,0.0,0.0,4.0
4593683,Chico Carter Jr.,305,DePaul Blue Demons,Guard,29.0,1,6,1,3,0,0,0,1,1,3,1,0,2,1,3,1,Big East,0.16666666666666666,0.3333333333333333,,0.25,29.0,1.0,6.0,1.0,3.0,0.0,1.0,1.0,3.0,1.0,0.0,2.0,3.0
4593687,DQ Nicholas,2241,Gardner-Webb Runnin' Bulldogs,Guard,75.0,6,19,3,8,5,8,1,8,9,6,0,1,7,4,20,2,Big South,0.3157894736842105,0.375,0.625,0.39473684210526316,37.5,3.0,9.5,1.5,4.0,0.5,4.0,4.5,3.0,0.0,0.5,3.5,10.0
4593691,Lamar Wright,2565,SIU Edwardsville Cougars,Forward,61.0,6,14,1,5,3,3,3,3,6,1,0,0,2,4,16,2,Ohio Valley,0.42857142857142855,0.2,1.0,0.4642857142857143,30.5,3.0,7.0,0.5,2.5,1.5,1.5,3.0,0.5,0.0,0.0,1.0,8.0
4593700,Roscoe Eastmond,2545,SE Louisiana Lions,Guard,38.0,1,11,0,5,1,1,0,1,1,8,1,0,5,2,3,1,Southland,0.09090909090909091,0.0,1.0,0.09090909090909091,38.0,1.0,11.0,0.0,5.0,0.0,1.0,1.0,8.0,1.0,0.0,5.0,3.0
4593702,Robert Jones,66,Iowa State Cyclones,Forward,140.0,14,26,0,0,9,15,9,9,18,5,5,7,6,16,37,6,Big 12,0.5384615384615384,,0.6,0.5384615384615384,23.333333333333332,2.3333333333333335,4.333333333333333,0.0,0.0,1.5,1.5,3.0,0.8333333333333334,0.8333333333333334,1.1666666666666667,1.0,6.166666666666667
4593705,Ja'Darius Harris,2428,North Carolina Central Eagles,Guard,44.0,3,14,0,3,4,6,2,4,6,4,3,0,6,2,10,2,MEAC,0.21428571428571427,0.0,0.6666666666666666,0.21428571428571427,22.0,1.5,7.0,0.0,1.5,1.0,2.0,3.0,2.0,1.5,0.0,3.0,5.0
4593712,Travis Evee,242,Rice Owls,Guard,38.0,7,14,5,8,5,5,2,4,6,2,0,2,0,2,24,1,American,0.5,0.625,1.0,0.6785714285714286,38.0,7.0,14.0,5.0,8.0,2.0,4.0,6.0,2.0,0.0,2.0,0.0,24.0
4593713,Kamdyn Curfman,276,Marshall Thundering Herd,Guard,69.0,11,26,10,16,2,3,1,8,9,8,3,0,6,4,34,2,Sun Belt,0.4230769230769231,0.625,0.6666666666666666,0.6153846153846154,34.5,5.5,13.0,5.0,8.0,0.5,4.0,4.5,4.0,1.5,0.0,3.0,17.0
4593716,Sean Conway,2599,St. John's Red Storm,Guard,2.0,0,0,0,0,0,0,0,0,0,1,0,0,0,1,0,2,Big East,,,,,1.0,0.0,0.0,0.0,0.0,0.0,0.0,0.0,0.5,0.0,0.0,0.0,0.0
4593721,Tyler Harris,257,Richmond Spiders,Forward,31.0,2,5,0,3,0,0,2,1,3,1,0,1,0,1,4,2,Atlantic 10,0.4,0.0,,0.4,15.5,1.0,2.5,0.0,1.5,1.0,0.5,1.5,0.5,0.0,0.5,0.0,2.0
4593722,Xavier Cork,2628,TCU Horned Frogs,Forward,26.0,2,9,0,0,3,4,5,2,7,0,0,1,2,4,7,3,Big 12,0.2222222222222222,,0.75,0.2222222222222222,8.666666666666666,0.6666666666666666,3.0,0.0,0.0,1.6666666666666667,0.6666666666666666,2.3333333333333335,0.0,0.0,0.3333333333333333,0.6666666666666666,2.3333333333333335
4593724,Ahmir Langlais,2908,South Carolina Upstate Spartans,Forward,29.0,5,8,0,0,0,5,0,4,4,1,0,1,2,3,10,1,Big South,0.625,,0.0,0.625,29.0,5.0,8.0,0.0,0.0,0.0,4.0,4.0,1.0,0.0,1.0,2.0,10.0
4593725,Carlos Marshall Jr.,2541,Santa Clara Broncos,Guard,53.0,15,28,5,10,4,4,4,4,8,6,2,0,5,6,39,2,West Coast,0.5357142857142857,0.5,1.0,0.625,26.5,7.5,14.0,2.5,5.0,2.0,2.0,4.0,3.0,1.0,0.0,2.5,19.5
4593730,Keishawn Davidson,2057,Belmont Bruins,Guard,55.0,5,16,3,11,0,0,0,6,6,10,3,0,4,3,13,2,Missouri Valley,0.3125,0.2727272727272727,,0.40625,27.5,2.5,8.0,1.5,5.5,0.0,3.0,3.0,5.0,1.5,0.0,2.0,6.5
4593736,Brady Danielson,155,North Dakota Fighting Hawks,Forward,15.0,1,2,0,0,0,0,0,0,0,1,1,0,0,4,2,1,Summit League,0.5,,,0.5,15.0,1.0,2.0,0.0,0.0,0.0,0.0,0.0,1.0,1.0,0.0,0.0,2.0
4593738,De'Sean Allen-Eikens,2463,Cal State Northridge Matadors,Forward,82.0,14,36,4,10,13,18,2,10,12,5,3,0,3,5,45,2,Big West,0.3888888888888889,0.4,0.7222222222222222,0.4444444444444444,41.0,7.0,18.0,2.0,5.0,1.0,5.0,6.0,2.5,1.5,0.0,1.5,22.5
4593744,Trevin Knell,252,BYU Cougars,Guard,60.0,5,13,2,8,6,7,2,7,9,3,0,0,1,7,18,3,Big 12,0.38461538461538464,0.25,0.8571428571428571,0.46153846153846156,20.0,1.6666666666666667,4.333333333333333,0.6666666666666666,2.6666666666666665,0.6666666666666666,2.3333333333333335,3.0,1.0,0.0,0.0,0.3333333333333333,6.0
4593752,Noah Thomasson,61,Georgia Bulldogs,Guard,178.0,31,78,16,46,8,14,2,17,19,9,5,1,6,6,86,6,SEC,0.3974358974358974,0.34782608695652173,0.5714285714285714,0.5,29.666666666666668,5.166666666666667,13.0,2.6666666666666665,7.666666666666667,0.3333333333333333,2.8333333333333335,3.1666666666666665,1.5,0.8333333333333334,0.16666666666666666,1.0,14.333333333333334
4593753,Zach Iyeyemi,2413,Morehead State Eagles,Forward,34.0,1,2,0,0,2,2,2,3,5,0,0,1,1,3,4,4,Ohio Valley,0.5,,1.0,0.5,8.5,0.25,0.5,0.0,0.0,0.5,0.75,1.25,0.0,0.0,0.25,0.25,1.0
4593792,Jan Zidek,236,Chattanooga Mocs,Forward,54.0,12,23,2,8,13,16,2,9,11,5,1,0,2,6,39,2,Southern,0.5217391304347826,0.25,0.8125,0.5652173913043478,27.0,6.0,11.5,1.0,4.0,1.0,4.5,5.5,2.5,0.5,0.0,1.0,19.5
4593795,Noel Coleman,62,Hawai'i Rainbow Warriors,Guard,66.0,6,15,2,7,4,4,0,7,7,1,6,2,1,0,18,2,Big West,0.4,0.2857142857142857,1.0,0.4666666666666667,33.0,3.0,7.5,1.0,3.5,0.0,3.5,3.5,0.5,3.0,1.0,0.5,9.0
4593799,Justin Bieker,2539,San Francisco Dons,Guard,9.0,0,2,0,2,0,0,0,1,1,0,0,0,1,0,0,3,West Coast,0.0,0.0,,0.0,3.0,0.0,0.6666666666666666,0.0,0.6666666666666666,0.0,0.3333333333333333,0.3333333333333333,0.0,0.0,0.0,0.3333333333333333,0.0
4593815,Rashaun Agee,189,Bowling Green Falcons,Forward,62.0,9,20,0,1,10,13,10,14,24,2,3,1,3,3,28,2,Mid-American,0.45,0.0,0.7692307692307693,0.45,31.0,4.5,10.0,0.0,0.5,5.0,7.0,12.0,1.0,1.5,0.5,1.5,14.0
4593825,DeShang Weaver,198,Oral Roberts Golden Eagles,Forward,40.0,3,15,2,10,1,2,2,2,4,0,1,0,0,6,9,2,Summit League,0.2,0.2,0.5,0.26666666666666666,20.0,1.5,7.5,1.0,5.0,1.0,1.0,2.0,0.0,0.5,0.0,0.0,4.5
4593827,Tylan Pope,2440,Nevada Wolf Pack,Forward,26.0,3,8,0,1,6,6,5,4,9,1,0,1,4,6,12,2,Mountain West,0.375,0.0,1.0,0.375,13.0,1.5,4.0,0.0,0.5,2.5,2.0,4.5,0.5,0.0,0.5,2.0,6.0
4593830,Isaiah Hill,278,Fresno State Bulldogs,Guard,75.0,9,24,3,10,0,0,1,12,13,11,3,1,8,6,21,2,Mountain West,0.375,0.3,,0.4375,37.5,4.5,12.0,1.5,5.0,0.5,6.0,6.5,5.5,1.5,0.5,4.0,10.5
4593836,Hunter Goodrick,2856,California Baptist Lancers,Forward,69.0,9,16,0,0,5,8,4,13,17,2,1,1,2,7,23,2,United Athletic,0.5625,,0.625,0.5625,34.5,4.5,8.0,0.0,0.0,2.0,6.5,8.5,1.0,0.5,0.5,1.0,11.5
4593838,Tasos Kamateros,238,Vanderbilt Commodores,Forward,10.0,1,3,1,2,0,0,0,2,2,0,0,0,0,2,3,1,SEC,0.3333333333333333,0.5,,0.5,10.0,1.0,3.0,1.0,2.0,0.0,2.0,2.0,0.0,0.0,0.0,0.0,3.0
4593839,Darin Green Jr.,52,Florida State Seminoles,Guard,54.0,3,16,2,11,0,0,0,6,6,3,0,0,1,1,8,2,ACC,0.1875,0.18181818181818182,,0.25,27.0,1.5,8.0,1.0,5.5,0.0,3.0,3.0,1.5,0.0,0.0,0.5,4.0
4593841,Baylor Scheierman,156,Creighton Bluejays,Guard,168.0,24,61,13,33,13,13,1,40,41,12,0,0,11,10,74,4,Big East,0.39344262295081966,0.3939393939393939,1.0,0.5,42.0,6.0,15.25,3.25,8.25,0.25,10.0,10.25,3.0,0.0,0.0,2.75,18.5
4593845,Dre'Shawn Allen,2582,Southern Jaguars,Guard,26.0,2,8,1,5,1,2,1,1,2,0,0,0,0,1,6,1,SWAC,0.25,0.2,0.5,0.3125,26.0,2.0,8.0,1.0,5.0,1.0,1.0,2.0,0.0,0.0,0.0,0.0,6.0
4593851,Kendall Lewis,2287,Illinois State Redbirds,Forward,30.0,0,4,0,3,2,2,1,5,6,3,0,1,0,3,2,1,Missouri Valley,0.0,0.0,1.0,0.0,30.0,0.0,4.0,0.0,3.0,1.0,5.0,6.0,3.0,0.0,1.0,0.0,2.0
4593869,Caleb Fields,2032,Arkansas State Red Wolves,Guard,219.0,23,70,5,21,26,34,6,18,24,33,3,0,17,8,77,6,Sun Belt,0.32857142857142857,0.23809523809523808,0.7647058823529411,0.36428571428571427,36.5,3.8333333333333335,11.666666666666666,0.8333333333333334,3.5,1.0,3.0,4.0,5.5,0.5,0.0,2.8333333333333335,12.833333333333334
4593882,Tim Ceaser,2430,UNC Greensboro Spartans,Forward,14.0,2,4,1,3,0,0,0,4,4,0,1,0,0,2,5,1,Southern,0.5,0.3333333333333333,,0.625,14.0,2.0,4.0,1.0,3.0,0.0,4.0,4.0,0.0,1.0,0.0,0.0,5.0
4593883,Hosana Kitenge,309,Louisiana Ragin' Cajuns,Forward,55.0,11,15,0,0,6,7,2,9,11,4,2,3,2,6,28,2,Sun Belt,0.7333333333333333,,0.8571428571428571,0.7333333333333333,27.5,5.5,7.5,0.0,0.0,1.0,4.5,5.5,2.0,1.0,1.5,1.0,14.0
4593884,Ahmard Harvey,350,UNC Wilmington Seahawks,Forward,15.0,0,0,0,0,0,0,2,1,3,0,1,0,0,1,0,1,Coastal,,,,,15.0,0.0,0.0,0.0,0.0,2.0,1.0,3.0,0.0,1.0,0.0,0.0,0.0
4593903,Jalen Thomas,2086,Butler Bulldogs,Forward,51.0,9,13,2,2,0,0,3,10,13,2,0,4,2,5,20,2,Big East,0.6923076923076923,1.0,,0.7692307692307693,25.5,4.5,6.5,1.0,1.0,1.5,5.0,6.5,1.0,0.0,2.0,1.0,10.0
4593930,Desmond Williams,2630,UT Martin Skyhawks,Guard,18.0,2,5,0,3,0,0,0,2,2,0,1,0,0,2,4,1,Ohio Valley,0.4,0.0,,0.4,18.0,2.0,5.0,0.0,3.0,0.0,2.0,2.0,0.0,1.0,0.0,0.0,4.0
4593967,Maks Klanjscek,201,Oklahoma Sooners,Guard,12.0,1,2,1,2,0,0,0,0,0,0,0,0,0,2,3,1,Big 12,0.5,0.5,,0.75,12.0,1.0,2.0,1.0,2.0,0.0,0.0,0.0,0.0,0.0,0.0,0.0,3.0
4593968,Josiah Allick,158,Nebraska Cornhuskers,Forward,82.0,10,18,0,0,7,11,10,17,27,6,1,0,2,6,27,3,Big Ten,0.5555555555555556,,0.6363636363636364,0.5555555555555556,27.333333333333332,3.3333333333333335,6.0,0.0,0.0,3.3333333333333335,5.666666666666667,9.0,2.0,0.3333333333333333,0.0,0.6666666666666666,9.0
4593970,Jacob Johnson,2393,Middle Tennessee Blue Raiders,Guard,60.0,5,12,0,0,0,2,1,7,8,2,0,0,1,4,10,2,Conference USA,0.4166666666666667,,0.0,0.4166666666666667,30.0,2.5,6.0,0.0,0.0,0.5,3.5,4.0,1.0,0.0,0.0,0.5,5.0
4593988,Nick Johnson,2737,Winthrop Eagles,Guard,26.0,3,8,1,4,1,3,1,1,2,2,4,1,2,3,8,1,Big South,0.375,0.25,0.3333333333333333,0.4375,26.0,3.0,8.0,1.0,4.0,1.0,1.0,2.0,2.0,4.0,1.0,2.0,8.0
4593989,Blondeau Tchoukuiegno,2856,California Baptist Lancers,Guard,79.0,9,27,3,11,11,14,1,4,5,17,3,0,9,6,32,2,United Athletic,0.3333333333333333,0.2727272727272727,0.7857142857142857,0.3888888888888889,39.5,4.5,13.5,1.5,5.5,0.5,2.0,2.5,8.5,1.5,0.0,4.5,16.0
4594012,Cameron Tucker,2010,Alabama A&M Bulldogs,Guard,111.0,7,24,0,6,7,12,4,18,22,18,6,0,9,9,21,4,SWAC,0.2916666666666667,0.0,0.5833333333333334,0.2916666666666667,27.75,1.75,6.0,0.0,1.5,1.0,4.5,5.5,4.5,1.5,0.0,2.25,5.25
4594013,Jalen Johnson,2755,Grambling Tigers,Forward,82.0,5,16,0,1,0,6,3,7,10,3,2,2,4,12,10,5,SWAC,0.3125,0.0,0.0,0.3125,16.4,1.0,3.2,0.0,0.2,0.6,1.4,2.0,0.6,0.4,0.4,0.8,2.0
4594014,Garrett Hicks,2535,Samford Bulldogs,Guard,74.0,10,24,5,12,6,8,1,3,4,5,2,0,2,5,31,4,Southern,0.4166666666666667,0.4166666666666667,0.75,0.5208333333333334,18.5,2.5,6.0,1.25,3.0,0.25,0.75,1.0,1.25,0.5,0.0,0.5,7.75
4594016,EJ Williams,2010,Alabama A&M Bulldogs,Center,48.0,3,16,0,1,6,8,4,7,11,3,0,0,1,5,12,4,SWAC,0.1875,0.0,0.75,0.1875,12.0,0.75,4.0,0.0,0.25,1.0,1.75,2.75,0.75,0.0,0.0,0.25,3.0
4594033,Dekedran Thorn,2016,Alcorn State Braves,Shooting Guard,27.0,4,8,2,5,2,2,0,4,4,0,1,1,0,3,12,1,SWAC,0.5,0.4,1.0,0.625,27.0,4.0,8.0,2.0,5.0,0.0,4.0,4.0,0.0,1.0,1.0,0.0,12.0
4594070,Zahad Munford,2755,Grambling Tigers,Guard,25.0,1,6,0,3,0,0,0,8,8,2,0,1,1,1,2,5,SWAC,0.16666666666666666,0.0,,0.16666666666666666,5.0,0.2,1.2,0.0,0.6,0.0,1.6,1.6,0.4,0.0,0.2,0.2,0.4
4594071,Tra'Michael Moton,2755,Grambling Tigers,Guard,173.0,28,64,13,23,6,11,1,18,19,20,5,1,9,8,75,5,SWAC,0.4375,0.5652173913043478,0.5454545454545454,0.5390625,34.6,5.6,12.8,2.6,4.6,0.2,3.6,3.8,4.0,1.0,0.2,1.8,15.0
4594079,Ken Evans Jr.,2296,Jackson State Tigers,Guard,38.0,3,14,1,6,9,10,3,2,5,4,2,0,1,0,16,1,SWAC,0.21428571428571427,0.16666666666666666,0.9,0.25,38.0,3.0,14.0,1.0,6.0,3.0,2.0,5.0,4.0,2.0,0.0,1.0,16.0
4594088,Caleb Hunter,2382,Mercer Bears,Guard,53.0,2,11,1,6,5,6,0,4,4,7,2,1,2,2,10,2,Southern,0.18181818181818182,0.16666666666666666,0.8333333333333334,0.22727272727272727,26.5,1.0,5.5,0.5,3.0,0.0,2.0,2.0,3.5,1.0,0.5,1.0,5.0
4594109,Oumar Ballo,12,Arizona Wildcats,Center,137.0,23,28,0,0,12,30,16,40,56,1,5,13,8,7,58,5,Pac-12,0.8214285714285714,,0.4,0.8214285714285714,27.4,4.6,5.6,0.0,0.0,3.2,8.0,11.2,0.2,1.0,2.6,1.6,11.6
4594110,Terrell Williams Jr.,314,Iona Gaels,Forward,2.0,0,0,0,0,0,0,0,0,0,0,0,0,0,0,0,1,MAAC,,,,,2.0,0.0,0.0,0.0,0.0,0.0,0.0,0.0,0.0,0.0,0.0,0.0,0.0
4594111,DJ Burns,2754,Youngstown State Penguins,Forward,38.0,6,11,1,4,4,8,2,16,18,1,1,2,1,3,17,1,Horizon,0.5454545454545454,0.25,0.5,0.5909090909090909,38.0,6.0,11.0,1.0,4.0,2.0,16.0,18.0,1.0,1.0,2.0,1.0,17.0
4594138,Jordan Hairston,47,Howard Bison,Guard,157.0,16,36,11,23,10,15,6,10,16,12,2,0,7,7,53,4,MEAC,0.4444444444444444,0.4782608695652174,0.6666666666666666,0.5972222222222222,39.25,4.0,9.0,2.75,5.75,1.5,2.5,4.0,3.0,0.5,0.0,1.75,13.25
4594144,Isiah Kirby,2502,Portland State Vikings,Guard,26.0,0,6,0,0,6,6,2,1,3,0,0,0,3,5,6,1,Big Sky,0.0,,1.0,0.0,26.0,0.0,6.0,0.0,0.0,2.0,1.0,3.0,0.0,0.0,0.0,3.0,6.0
4594148,Nick Caldwell,2545,SE Louisiana Lions,Guard,23.0,3,8,0,0,4,5,2,3,5,2,1,0,2,5,10,1,Southland,0.375,,0.8,0.375,23.0,3.0,8.0,0.0,0.0,2.0,3.0,5.0,2.0,1.0,0.0,2.0,10.0
4594150,Max Brackmann,2545,SE Louisiana Lions,Center,1.0,0,0,0,0,0,0,0,0,0,0,0,0,0,1,0,1,Southland,,,,,1.0,0.0,0.0,0.0,0.0,0.0,0.0,0.0,0.0,0.0,0.0,0.0,0.0
4594155,Calvin Solomon,2638,UTEP Miners,Forward,60.0,3,8,0,1,0,0,4,11,15,3,3,2,7,7,6,3,Conference USA,0.375,0.0,,0.375,20.0,1.0,2.6666666666666665,0.0,0.3333333333333333,1.3333333333333333,3.6666666666666665,5.0,1.0,1.0,0.6666666666666666,2.3333333333333335,2.0
4594263,Jordan Minor,258,Virginia Cavaliers,Forward,70.0,6,13,0,0,2,7,8,7,15,1,5,1,2,5,14,3,ACC,0.46153846153846156,,0.2857142857142857,0.46153846153846156,23.333333333333332,2.0,4.333333333333333,0.0,0.0,2.6666666666666665,2.3333333333333335,5.0,0.3333333333333333,1.6666666666666667,0.3333333333333333,0.6666666666666666,4.666666666666667
4594264,Ziggy Reid,2754,Youngstown State Penguins,Forward,38.0,3,10,0,5,1,1,1,2,3,3,0,0,2,4,7,1,Horizon,0.3,0.0,1.0,0.3,38.0,3.0,10.0,0.0,5.0,1.0,2.0,3.0,3.0,0.0,0.0,2.0,7.0
4594265,Jordan McKoy,2771,Merrimack Warriors,Guard,73.0,6,16,6,16,2,2,1,6,7,0,3,0,0,1,20,3,Northeast,0.375,0.375,1.0,0.5625,24.333333333333332,2.0,5.333333333333333,2.0,5.333333333333333,0.3333333333333333,2.0,2.3333333333333335,0.0,1.0,0.0,0.0,6.666666666666667
4595429,Malcolm Wilson,2511,Queens University Royals,Forward,24.0,0,1,0,0,0,0,6,1,7,0,0,1,1,1,0,2,ASUN,0.0,,,0.0,12.0,0.0,0.5,0.0,0.0,3.0,0.5,3.5,0.0,0.0,0.5,0.5,0.0
4595430,Tyrese Jenkins,2450,Norfolk State Spartans,Guard,14.0,0,3,0,2,0,0,0,0,0,0,0,0,0,0,0,2,MEAC,0.0,0.0,,0.0,7.0,0.0,1.5,0.0,1.0,0.0,0.0,0.0,0.0,0.0,0.0,0.0,0.0
4596348,Bradley Ezewiro,139,Saint Louis Billikens,Forward,38.0,5,8,0,0,6,12,3,12,15,5,1,0,5,5,16,2,Atlantic 10,0.625,,0.5,0.625,19.0,2.5,4.0,0.0,0.0,1.5,6.0,7.5,2.5,0.5,0.0,2.5,8.0
4596365,TJ Bamba,222,Villanova Wildcats,Guard,101.0,6,13,3,9,9,11,0,9,9,5,1,1,6,7,24,3,Big East,0.46153846153846156,0.3333333333333333,0.8181818181818182,0.5769230769230769,33.666666666666664,2.0,4.333333333333333,1.0,3.0,0.0,3.0,3.0,1.6666666666666667,0.3333333333333333,0.3333333333333333,2.0,8.0
4596528,Lawson Lovering,254,Utah Utes,Center,126.0,8,24,0,0,5,11,10,29,39,15,2,2,9,13,21,6,Pac-12,0.3333333333333333,,0.45454545454545453,0.3333333333333333,21.0,1.3333333333333333,4.0,0.0,0.0,1.6666666666666667,4.833333333333333,6.5,2.5,0.3333333333333333,0.3333333333333333,1.5,3.5
4596531,Dante Harris,258,Virginia Cavaliers,Guard,22.0,2,6,0,1,2,4,1,1,2,0,1,0,2,2,6,3,ACC,0.3333333333333333,0.0,0.5,0.3333333333333333,7.333333333333333,0.6666666666666666,2.0,0.0,0.3333333333333333,0.3333333333333333,0.3333333333333333,0.6666666666666666,0.0,0.3333333333333333,0.0,0.6666666666666666,2.0
4596869,Darweshi Hunter,193,Miami (OH) RedHawks,Guard,36.0,7,12,2,6,0,0,0,2,2,1,0,0,0,2,16,1,Mid-American,0.5833333333333334,0.3333333333333333,,0.6666666666666666,36.0,7.0,12.0,2.0,6.0,0.0,2.0,2.0,1.0,0.0,0.0,0.0,16.0
4597790,Ebby Asamoah,2193,East Tennessee State Buccaneers,Guard,118.0,25,52,17,33,7,12,1,10,11,1,3,1,3,11,74,4,Southern,0.4807692307692308,0.5151515151515151,0.5833333333333334,0.6442307692307693,29.5,6.25,13.0,4.25,8.25,0.25,2.5,2.75,0.25,0.75,0.25,0.75,18.5
4597863,Ryan Langborg,77,Northwestern Wildcats,Guard,96.0,18,32,7,15,2,2,0,7,7,5,6,0,2,9,45,3,Big Ten,0.5625,0.4666666666666667,1.0,0.671875,32.0,6.0,10.666666666666666,2.3333333333333335,5.0,0.0,2.3333333333333335,2.3333333333333335,1.6666666666666667,2.0,0.0,0.6666666666666666,15.0
4597866,Jacob O'Connell,2771,Merrimack Warriors,Forward,30.0,7,11,5,7,0,0,1,2,3,0,1,2,0,2,19,3,Northeast,0.6363636363636364,0.7142857142857143,,0.8636363636363636,10.0,2.3333333333333335,3.6666666666666665,1.6666666666666667,2.3333333333333335,0.3333333333333333,0.6666666666666666,1.0,0.0,0.3333333333333333,0.6666666666666666,0.0,6.333333333333333
4597867,Keeshawn Kellman,526,Florida Gulf Coast Eagles,Forward,18.0,1,3,0,0,1,2,2,4,6,3,1,0,3,3,3,1,ASUN,0.3333333333333333,,0.5,0.3333333333333333,18.0,1.0,3.0,0.0,0.0,2.0,4.0,6.0,3.0,1.0,0.0,3.0,3.0
4597990,Brenden Tucker,2247,Georgia State Panthers,Guard,11.0,2,4,0,0,2,2,0,1,1,0,1,0,2,1,6,1,Sun Belt,0.5,,1.0,0.5,11.0,2.0,4.0,0.0,0.0,0.0,1.0,1.0,0.0,1.0,0.0,2.0,6.0
4597991,Trevon Reddish-Rhone,2506,Presbyterian Blue Hose,Guard,71.0,12,22,0,1,0,4,4,2,6,6,2,1,3,6,24,2,Big South,0.5454545454545454,0.0,0.0,0.5454545454545454,35.5,6.0,11.0,0.0,0.5,2.0,1.0,3.0,3.0,1.0,0.5,1.5,12.0
4598611,Jalen Celestine,25,California Golden Bears,Guard,31.0,5,12,4,9,0,0,1,4,5,2,0,1,1,5,14,1,Pac-12,0.4166666666666667,0.4444444444444444,,0.5833333333333334,31.0,5.0,12.0,4.0,9.0,1.0,4.0,5.0,2.0,0.0,1.0,1.0,14.0
4598640,Darlinstone Dubar,2275,Hofstra Pride,Guard,75.0,11,17,2,5,4,4,1,16,17,1,5,3,3,3,28,2,Coastal,0.6470588235294118,0.4,1.0,0.7058823529411765,37.5,5.5,8.5,1.0,2.5,0.5,8.0,8.5,0.5,2.5,1.5,1.5,14.0
4599446,Tahron Allen,2681,Wagner Seahawks,Guard,154.0,27,61,4,12,9,15,9,18,27,4,2,1,7,14,67,5,Northeast,0.4426229508196721,0.3333333333333333,0.6,0.47540983606557374,30.8,5.4,12.2,0.8,2.4,1.8,3.6,5.4,0.8,0.4,0.2,1.4,13.4
4600147,Elijah Williams,47,Howard Bison,Guard,47.0,4,7,1,1,0,0,3,7,10,0,1,1,1,7,9,4,MEAC,0.5714285714285714,1.0,,0.6428571428571429,11.75,1.0,1.75,0.25,0.25,0.75,1.75,2.5,0.0,0.25,0.25,0.25,2.25
4600663,Zach Edey,2509,Purdue Boilermakers,Center,278.0,83,130,0,0,68,99,36,74,110,18,3,16,22,15,234,8,Big Ten,0.6384615384615384,,0.6868686868686869,0.6384615384615384,34.75,10.375,16.25,0.0,0.0,4.5,9.25,13.75,2.25,0.375,2.0,2.75,29.25
4600664,Oskar Palmquist,164,Rutgers Scarlet Knights,Forward,3.0,0,1,0,1,0,0,0,0,0,0,0,0,0,0,0,1,Big Ten,0.0,0.0,,0.0,3.0,0.0,1.0,0.0,1.0,0.0,0.0,0.0,0.0,0.0,0.0,0.0,0.0
4601023,Oso Ighodaro,269,Marquette Golden Eagles,Forward,216.0,21,52,0,0,10,14,7,24,31,21,6,7,10,13,52,6,Big East,0.40384615384615385,,0.7142857142857143,0.40384615384615385,36.0,3.5,8.666666666666666,0.0,0.0,1.1666666666666667,4.0,5.166666666666667,3.5,1.0,1.1666666666666667,1.6666666666666667,8.666666666666666
4601025,Pelle Larsson,12,Arizona Wildcats,Guard,165.0,19,45,11,24,8,12,5,13,18,20,4,1,13,11,57,5,Pac-12,0.4222222222222222,0.4583333333333333,0.6666666666666666,0.5444444444444444,33.0,3.8,9.0,2.2,4.8,1.0,2.6,3.6,4.0,0.8,0.2,2.6,11.4
4601026,Ian Martinez,328,Utah State Aggies,Guard,135.0,13,38,8,22,20,22,1,12,13,8,2,3,3,12,54,4,Mountain West,0.34210526315789475,0.36363636363636365,0.9090909090909091,0.4473684210526316,33.75,3.25,9.5,2.0,5.5,0.25,3.0,3.25,2.0,0.5,0.75,0.75,13.5
4601284,Latrell Jossell,2617,Stephen F. Austin Lumberjacks,Guard,59.0,13,26,6,10,4,12,2,3,5,5,2,0,3,3,36,2,United Athletic,0.5,0.6,0.3333333333333333,0.6153846153846154,29.5,6.5,13.0,3.0,5.0,1.0,1.5,2.5,2.5,1.0,0.0,1.5,18.0
4601285,Woody Newton,2244,George Mason Patriots,Guard,30.0,4,10,0,3,1,1,3,7,10,1,0,0,1,2,9,1,Atlantic 10,0.4,0.0,1.0,0.4,30.0,4.0,10.0,0.0,3.0,3.0,7.0,10.0,1.0,0.0,0.0,1.0,9.0
4601286,Trey Phipps,198,Oral Roberts Golden Eagles,Guard,21.0,1,2,1,2,2,2,2,4,6,2,0,0,1,2,5,2,Summit League,0.5,0.5,1.0,0.75,10.5,0.5,1.0,0.5,1.0,1.0,2.0,3.0,1.0,0.0,0.0,0.5,2.5
4601289,Dale Bonner,194,Ohio State Buckeyes,Guard,106.0,10,29,5,17,8,10,2,11,13,7,8,0,7,7,33,5,Big Ten,0.3448275862068966,0.29411764705882354,0.8,0.43103448275862066,21.2,2.0,5.8,1.0,3.4,0.4,2.2,2.6,1.4,1.6,0.0,1.4,6.6
4602022,Quincy Ademokoya,338,Kennesaw State Owls,Guard,16.0,0,3,0,2,0,0,0,1,1,0,0,0,0,3,0,1,ASUN,0.0,0.0,,0.0,16.0,0.0,3.0,0.0,2.0,0.0,1.0,1.0,0.0,0.0,0.0,0.0,0.0
4602025,Sion James,2655,Tulane Green Wave,Guard,38.0,11,15,3,4,3,5,3,7,10,1,1,2,0,3,28,1,American,0.7333333333333333,0.75,0.6,0.8333333333333334,38.0,11.0,15.0,3.0,4.0,3.0,7.0,10.0,1.0,1.0,2.0,0.0,28.0
4602027,Shakeel Moore,344,Mississippi State Bulldogs,Guard,84.0,10,21,3,8,0,1,1,7,8,5,2,0,5,4,23,4,SEC,0.47619047619047616,0.375,0.0,0.5476190476190477,21.0,2.5,5.25,0.75,2.0,0.25,1.75,2.0,1.25,0.5,0.0,1.25,5.75
4603421,KiAndre Gaddy,2627,Tarleton State Texans,Forward,110.0,20,35,0,0,6,10,13,8,21,5,5,2,4,11,46,4,United Athletic,0.5714285714285714,,0.6,0.5714285714285714,27.5,5.0,8.75,0.0,0.0,3.25,2.0,5.25,1.25,1.25,0.5,1.0,11.5
4603665,Landen Long,2132,Cincinnati Bearcats,Guard,1.0,0,0,0,0,0,0,0,0,0,0,0,0,0,0,0,1,Big 12,,,,,1.0,0.0,0.0,0.0,0.0,0.0,0.0,0.0,0.0,0.0,0.0,0.0,0.0
4604751,Chase Robinson,325,Cleveland State Vikings,Guard,114.0,11,26,4,12,8,8,3,13,16,11,7,0,4,10,34,5,Horizon,0.4230769230769231,0.3333333333333333,1.0,0.5,22.8,2.2,5.2,0.8,2.4,0.6,2.6,3.2,2.2,1.4,0.0,0.8,6.8
4605907,Kaleb Jenkins,2443,New Orleans Privateers,Guard,2.0,0,1,0,1,0,0,0,1,1,0,0,0,0,0,0,2,Southland,0.0,0.0,,0.0,1.0,0.0,0.5,0.0,0.5,0.0,0.5,0.5,0.0,0.0,0.0,0.0,0.0
4606833,Tyler Brelsford,2803,Bryant Bulldogs,Guard,56.0,3,6,3,4,3,4,1,7,8,4,2,0,5,3,12,2,America East,0.5,0.75,0.75,0.75,28.0,1.5,3.0,1.5,2.0,0.5,3.5,4.0,2.0,1.0,0.0,2.5,6.0
4606836,Malik Henry,2244,George Mason Patriots,Forward,4.0,0,0,0,0,0,0,2,1,3,0,0,1,1,0,0,1,Atlantic 10,,,,,4.0,0.0,0.0,0.0,0.0,2.0,1.0,3.0,0.0,0.0,1.0,1.0,0.0
4606837,Ishmael Leggett,221,Pittsburgh Panthers,Guard,63.0,13,25,3,9,7,7,4,8,12,0,6,0,1,5,36,2,ACC,0.52,0.3333333333333333,1.0,0.58,31.5,6.5,12.5,1.5,4.5,2.0,4.0,6.0,0.0,3.0,0.0,0.5,18.0
4606840,Jamir Watkins,52,Florida State Seminoles,Forward,64.0,12,26,2,7,20,24,4,11,15,6,7,2,5,6,46,2,ACC,0.46153846153846156,0.2857142857142857,0.8333333333333334,0.5,32.0,6.0,13.0,1.0,3.5,2.0,5.5,7.5,3.0,3.5,1.0,2.5,23.0
4608666,Bryce Bultman,193,Miami (OH) RedHawks,Forward,27.0,1,5,0,2,0,0,0,5,5,0,1,0,1,2,2,1,Mid-American,0.2,0.0,,0.2,27.0,1.0,5.0,0.0,2.0,0.0,5.0,5.0,0.0,1.0,0.0,1.0,2.0
4609098,Quest Aldridge,2241,Gardner-Webb Runnin' Bulldogs,Guard,71.0,9,23,2,8,3,3,0,8,8,7,2,0,6,5,23,2,Big South,0.391304347826087,0.25,1.0,0.43478260869565216,35.5,4.5,11.5,1.0,4.0,0.0,4.0,4.0,3.5,1.0,0.0,3.0,11.5
4609299,Santiago Vescovi,2633,Tennessee Volunteers,Guard,80.0,4,17,2,12,2,3,1,10,11,6,5,0,3,10,12,4,SEC,0.23529411764705882,0.16666666666666666,0.6666666666666666,0.29411764705882354,20.0,1.0,4.25,0.5,3.0,0.25,2.5,2.75,1.5,1.25,0.0,0.75,3.0
4609653,Prince Aligbe,103,Boston College Eagles,Guard,55.0,0,4,0,1,0,0,1,6,7,4,1,0,2,5,0,5,ACC,0.0,0.0,,0.0,11.0,0.0,0.8,0.0,0.2,0.2,1.2,1.4,0.8,0.2,0.0,0.4,0.0
4609661,Mikal Dawson,2006,Akron Zips,Guard,52.0,2,15,2,14,0,0,4,3,7,1,1,0,1,8,6,4,Mid-American,0.13333333333333333,0.14285714285714285,,0.2,13.0,0.5,3.75,0.5,3.5,1.0,0.75,1.75,0.25,0.25,0.0,0.25,1.5
4610012,Eric Dailey Jr.,197,Oklahoma State Cowboys,Forward,25.0,4,10,1,3,3,4,1,8,9,0,0,1,1,3,12,1,Big 12,0.4,0.3333333333333333,0.75,0.45,25.0,4.0,10.0,1.0,3.0,1.0,8.0,9.0,0.0,0.0,1.0,1.0,12.0
4610140,Kamari Lands,9,Arizona State Sun Devils,Guard,27.0,4,11,1,4,2,2,1,2,3,1,2,0,1,4,11,1,Pac-12,0.36363636363636365,0.25,1.0,0.4090909090909091,27.0,4.0,11.0,1.0,4.0,1.0,2.0,3.0,1.0,2.0,0.0,1.0,11.0
4610141,Treyton Thompson,56,Stetson Hatters,Forward,54.0,5,11,1,3,0,0,5,7,12,0,0,4,2,9,11,4,ASUN,0.45454545454545453,0.3333333333333333,,0.5,13.5,1.25,2.75,0.25,0.75,1.25,1.75,3.0,0.0,0.0,1.0,0.5,2.75
4610395,Matthew-Alexander Moncrieffe,61,Georgia Bulldogs,Forward,22.0,2,3,0,0,1,2,3,3,6,0,0,2,0,6,5,3,SEC,0.6666666666666666,,0.5,0.6666666666666666,7.333333333333333,0.6666666666666666,1.0,0.0,0.0,1.0,1.0,2.0,0.0,0.0,0.6666666666666666,0.0,1.6666666666666667
4610431,Connor Barrett,2674,Valparaiso Beacons,Guard,17.0,1,5,1,5,0,0,1,0,1,0,2,0,0,0,3,1,Missouri Valley,0.2,0.2,,0.3,17.0,1.0,5.0,1.0,5.0,1.0,0.0,1.0,0.0,2.0,0.0,0.0,3.0
4611413,Dontrez Styles,46,Georgetown Hoyas,Guard,35.0,3,7,0,3,1,5,5,4,9,1,0,2,3,3,7,1,Big East,0.42857142857142855,0.0,0.2,0.42857142857142855,35.0,3.0,7.0,0.0,3.0,5.0,4.0,9.0,1.0,0.0,2.0,3.0,7.0
4611534,Jadon Jones,299,Long Beach State Beach,Guard,145.0,9,31,7,21,9,10,4,19,23,5,9,4,0,8,34,4,Big West,0.2903225806451613,0.3333333333333333,0.9,0.4032258064516129,36.25,2.25,7.75,1.75,5.25,1.0,4.75,5.75,1.25,2.25,1.0,0.0,8.5
4611541,Jace Howard,130,Michigan Wolverines,Guard,22.0,0,5,0,2,2,3,2,5,7,0,0,1,2,3,2,1,Big Ten,0.0,0.0,0.6666666666666666,0.0,22.0,0.0,5.0,0.0,2.0,2.0,5.0,7.0,0.0,0.0,1.0,2.0,2.0
4612129,Bijan Cortes,2724,Wichita State Shockers,Guard,77.0,12,21,4,7,2,2,1,8,9,16,1,0,5,4,30,3,American,0.5714285714285714,0.5714285714285714,1.0,0.6666666666666666,25.666666666666668,4.0,7.0,1.3333333333333333,2.3333333333333335,0.3333333333333333,2.6666666666666665,3.0,5.333333333333333,0.3333333333333333,0.0,1.6666666666666667,10.0
4612161,Xavier Bell,2724,Wichita State Shockers,Guard,71.0,11,25,0,4,2,4,0,11,11,11,3,0,4,3,24,3,American,0.44,0.0,0.5,0.44,23.666666666666668,3.6666666666666665,8.333333333333334,0.0,1.3333333333333333,0.0,3.6666666666666665,3.6666666666666665,3.6666666666666665,1.0,0.0,1.3333333333333333,8.0
4613134,Will Soucie,2453,North Alabama Lions,Guard,46.0,4,9,1,2,2,3,1,7,8,2,0,1,2,6,11,2,ASUN,0.4444444444444444,0.5,0.6666666666666666,0.5,23.0,2.0,4.5,0.5,1.0,0.5,3.5,4.0,1.0,0.0,0.5,1.0,5.5
4623861,Koby Jeffries,2630,UT Martin Skyhawks,Guard,25.0,2,7,1,3,2,2,0,7,7,0,2,0,1,1,7,1,Ohio Valley,0.2857142857142857,0.3333333333333333,1.0,0.35714285714285715,25.0,2.0,7.0,1.0,3.0,0.0,7.0,7.0,0.0,2.0,0.0,1.0,7.0
4682883,Eric Gaines,5,UAB Blazers,Guard,137.0,17,47,5,18,20,22,0,16,16,24,12,5,10,9,59,4,American,0.3617021276595745,0.2777777777777778,0.9090909090909091,0.4148936170212766,34.25,4.25,11.75,1.25,4.5,0.0,4.0,4.0,6.0,3.0,1.25,2.5,14.75
4683134,Quincy Ballard,2724,Wichita State Shockers,Center,74.0,12,17,0,0,0,3,8,18,26,2,0,8,2,7,24,3,American,0.7058823529411765,,0.0,0.7058823529411765,24.666666666666668,4.0,5.666666666666667,0.0,0.0,2.6666666666666665,6.0,8.666666666666666,0.6666666666666666,0.0,2.6666666666666665,0.6666666666666666,8.0
4683135,Kobe Elvis,2168,Dayton Flyers,Guard,87.0,9,27,2,10,0,0,1,2,3,7,0,0,4,7,20,3,Atlantic 10,0.3333333333333333,0.2,,0.37037037037037035,29.0,3.0,9.0,0.6666666666666666,3.3333333333333335,0.3333333333333333,0.6666666666666666,1.0,2.3333333333333335,0.0,0.0,1.3333333333333333,6.666666666666667
4683147,Jalen Warley,52,Florida State Seminoles,Guard,66.0,12,20,0,0,4,4,5,1,6,7,4,2,2,3,28,2,ACC,0.6,,1.0,0.6,33.0,6.0,10.0,0.0,0.0,2.5,0.5,3.0,3.5,2.0,1.0,1.0,14.0
4683542,Ernest Ross,152,NC State Wolfpack,Forward,2.0,1,1,0,0,0,0,0,0,0,0,0,0,0,0,2,1,ACC,1.0,,,1.0,2.0,1.0,1.0,0.0,0.0,0.0,0.0,0.0,0.0,0.0,0.0,0.0,2.0
4683629,Donald Hand Jr.,103,Boston College Eagles,Guard,86.0,6,23,1,7,8,8,3,12,15,1,0,1,1,5,21,5,ACC,0.2608695652173913,0.14285714285714285,1.0,0.2826086956521739,17.2,1.2,4.6,0.2,1.4,0.6,2.4,3.0,0.2,0.0,0.2,0.2,4.2
4683631,Daniel Batcho,2348,Louisiana Tech Bulldogs,Forward,32.0,10,12,0,0,4,5,5,6,11,1,1,3,0,3,24,1,Conference USA,0.8333333333333334,,0.8,0.8333333333333334,32.0,10.0,12.0,0.0,0.0,5.0,6.0,11.0,1.0,1.0,3.0,0.0,24.0
4683633,Kerr Kriisa,277,West Virginia Mountaineers,Guard,37.0,4,10,2,6,3,3,0,1,1,7,2,0,2,4,13,1,Big 12,0.4,0.3333333333333333,1.0,0.5,37.0,4.0,10.0,2.0,6.0,0.0,1.0,1.0,7.0,2.0,0.0,2.0,13.0
4683635,Michael O'Connell,152,NC State Wolfpack,Guard,338.0,31,66,16,31,17,24,3,34,37,38,11,1,19,12,95,10,ACC,0.4696969696969697,0.5161290322580645,0.7083333333333334,0.5909090909090909,33.8,3.1,6.6,1.6,3.1,0.3,3.4,3.7,3.8,1.1,0.1,1.9,9.5
4683638,D'Marco Dunn,213,Penn State Nittany Lions,Guard,35.0,2,6,1,2,4,4,1,1,2,0,0,1,4,4,9,2,Big Ten,0.3333333333333333,0.5,1.0,0.4166666666666667,17.5,1.0,3.0,0.5,1.0,0.5,0.5,1.0,0.0,0.0,0.5,2.0,4.5
4683639,Gabe Dorsey,2729,William & Mary Tribe,Guard,66.0,12,31,9,26,3,4,1,3,4,3,0,0,2,5,36,2,Coastal,0.3870967741935484,0.34615384615384615,0.75,0.532258064516129,33.0,6.0,15.5,4.5,13.0,0.5,1.5,2.0,1.5,0.0,0.0,1.0,18.0
4683675,Barry Dunning Jr.,5,UAB Blazers,Guard,3.0,0,0,0,0,0,0,1,1,2,1,0,0,0,0,0,1,American,,,,,3.0,0.0,0.0,0.0,0.0,1.0,1.0,2.0,1.0,0.0,0.0,0.0,0.0
4683676,Justice Williams,2523,Robert Morris Colonials,Guard,17.0,3,6,2,3,0,0,0,2,2,0,0,0,2,2,8,1,Horizon,0.5,0.6666666666666666,,0.6666666666666666,17.0,3.0,6.0,2.0,3.0,0.0,2.0,2.0,0.0,0.0,0.0,2.0,8.0
4683682,Rylan Griffen,333,Alabama Crimson Tide,Guard,157.0,23,49,14,32,9,13,2,9,11,12,4,3,7,17,69,6,SEC,0.46938775510204084,0.4375,0.6923076923076923,0.6122448979591837,26.166666666666668,3.8333333333333335,8.166666666666666,2.3333333333333335,5.333333333333333,0.3333333333333333,1.5,1.8333333333333333,2.0,0.6666666666666666,0.5,1.1666666666666667,11.5
4683697,JJ Starling,183,Syracuse Orange,Guard,35.0,4,10,1,4,0,0,1,1,2,3,1,0,1,0,9,1,ACC,0.4,0.25,,0.45,35.0,4.0,10.0,1.0,4.0,1.0,1.0,2.0,3.0,1.0,0.0,1.0,9.0
4683730,Jaden Akins,127,Michigan State Spartans,Guard,124.0,16,43,6,17,1,1,7,15,22,2,3,2,2,10,39,4,Big Ten,0.37209302325581395,0.35294117647058826,1.0,0.4418604651162791,31.0,4.0,10.75,1.5,4.25,1.75,3.75,5.5,0.5,0.75,0.5,0.5,9.75
4683731,Pierre Brooks,2086,Butler Bulldogs,Guard,68.0,11,26,4,12,3,3,0,7,7,4,1,1,7,3,29,2,Big East,0.4230769230769231,0.3333333333333333,1.0,0.5,34.0,5.5,13.0,2.0,6.0,0.0,3.5,3.5,2.0,0.5,0.5,3.5,14.5
4683732,Shane Dezonie,218,Temple Owls,Guard,124.0,18,37,4,10,5,10,7,13,20,7,5,2,8,11,45,5,American,0.4864864864864865,0.4,0.5,0.5405405405405406,24.8,3.6,7.4,0.8,2.0,1.4,2.6,4.0,1.4,1.0,0.4,1.6,9.0
4683733,Rahsool Diggins,113,Massachusetts Minutemen,Guard,36.0,7,16,4,10,3,6,0,0,0,1,1,0,2,2,21,1,Atlantic 10,0.4375,0.4,0.5,0.5625,36.0,7.0,16.0,4.0,10.0,0.0,0.0,0.0,1.0,1.0,0.0,2.0,21.0
4683735,Jaylen Blakes,150,Duke Blue Devils,Guard,30.0,1,5,0,2,4,4,2,4,6,2,5,0,2,5,6,4,ACC,0.2,0.0,1.0,0.2,7.5,0.25,1.25,0.0,0.5,0.5,1.0,1.5,0.5,1.25,0.0,0.5,1.5
4683737,Nolan Hickman,2250,Gonzaga Bulldogs,Guard,179.0,28,51,10,23,4,4,1,10,11,13,2,0,4,6,70,5,West Coast,0.5490196078431373,0.43478260869565216,1.0,0.6470588235294118,35.8,5.6,10.2,2.0,4.6,0.2,2.0,2.2,2.6,0.4,0.0,0.8,14.0
4683738,RJ Melendez,61,Georgia Bulldogs,Guard,95.0,20,40,10,18,3,3,4,14,18,2,7,1,4,2,53,6,SEC,0.5,0.5555555555555556,1.0,0.625,15.833333333333334,3.3333333333333335,6.666666666666667,1.6666666666666667,3.0,0.6666666666666666,2.3333333333333335,3.0,0.3333333333333333,1.1666666666666667,0.16666666666666666,0.6666666666666666,8.833333333333334
4683741,Jakai Robinson,2390,Miami Hurricanes,Guard,7.0,1,2,1,1,0,0,0,0,0,0,0,0,0,0,3,1,ACC,0.5,1.0,,0.75,7.0,1.0,2.0,1.0,1.0,0.0,0.0,0.0,0.0,0.0,0.0,0.0,3.0
4683742,Julian Reese,120,Maryland Terrapins,Forward,58.0,10,16,0,0,2,3,0,11,11,5,1,4,7,3,22,2,Big Ten,0.625,,0.6666666666666666,0.625,29.0,5.0,8.0,0.0,0.0,0.0,5.5,5.5,2.5,0.5,2.0,3.5,11.0
4683743,Luke Goode,356,Illinois Fighting Illini,Guard,124.0,11,29,11,29,2,2,8,14,22,7,1,3,4,13,35,7,Big Ten,0.3793103448275862,0.3793103448275862,1.0,0.5689655172413793,17.714285714285715,1.5714285714285714,4.142857142857143,1.5714285714285714,4.142857142857143,1.1428571428571428,2.0,3.142857142857143,1.0,0.14285714285714285,0.42857142857142855,0.5714285714285714,5.0
4683744,Roosevelt Wheeler,2670,VCU Rams,Forward,7.0,0,0,0,0,0,0,0,2,2,0,0,0,3,6,0,2,Atlantic 10,,,,,3.5,0.0,0.0,0.0,0.0,0.0,1.0,1.0,0.0,0.0,0.0,1.5,0.0
4683747,Jaylon Tyson,25,California Golden Bears,Guard,39.0,7,20,2,5,2,3,0,7,7,8,0,0,4,2,18,1,Pac-12,0.35,0.4,0.6666666666666666,0.4,39.0,7.0,20.0,2.0,5.0,0.0,7.0,7.0,8.0,0.0,0.0,4.0,18.0
4683751,Tyrese Hunter,251,Texas Longhorns,Guard,104.0,8,23,1,8,7,9,2,10,12,7,2,1,9,5,24,3,Big 12,0.34782608695652173,0.125,0.7777777777777778,0.3695652173913043,34.666666666666664,2.6666666666666665,7.666666666666667,0.3333333333333333,2.6666666666666665,0.6666666666666666,3.3333333333333335,4.0,2.3333333333333335,0.6666666666666666,0.3333333333333333,3.0,8.0
4683752,Samson Johnson,41,UConn Huskies,Forward,111.0,24,30,0,0,3,6,4,9,13,5,1,5,3,21,51,9,Big East,0.8,,0.5,0.8,12.333333333333334,2.6666666666666665,3.3333333333333335,0.0,0.0,0.4444444444444444,1.0,1.4444444444444444,0.5555555555555556,0.1111111111111111,0.5555555555555556,0.3333333333333333,5.666666666666667
4683753,Bensley Joseph,2390,Miami Hurricanes,Guard,35.0,2,8,0,4,1,2,0,2,2,4,1,1,3,1,5,1,ACC,0.25,0.0,0.5,0.25,35.0,2.0,8.0,0.0,4.0,0.0,2.0,2.0,4.0,1.0,1.0,3.0,5.0
4683755,Mason Miller,156,Creighton Bluejays,Forward,88.0,4,10,4,10,2,4,2,5,7,0,0,0,0,2,14,4,Big East,0.4,0.4,0.5,0.6,22.0,1.0,2.5,1.0,2.5,0.5,1.25,1.75,0.0,0.0,0.0,0.0,3.5
4683756,KeShawn Murphy,344,Mississippi State Bulldogs,Forward,37.0,2,8,0,4,0,0,1,4,5,2,1,1,4,4,4,4,SEC,0.25,0.0,,0.25,9.25,0.5,2.0,0.0,1.0,0.25,1.0,1.25,0.5,0.25,0.25,1.0,1.0
4683757,Kowacie Reeves Jr.,59,Georgia Tech Yellow Jackets,Guard,16.0,2,3,0,1,0,0,0,0,0,1,0,0,0,0,4,1,ACC,0.6666666666666666,0.0,,0.6666666666666666,16.0,2.0,3.0,0.0,1.0,0.0,0.0,0.0,1.0,0.0,0.0,0.0,4.0
4683758,Malik Thomas,2539,San Francisco Dons,Guard,94.0,22,44,9,17,12,15,2,11,13,2,1,0,5,9,65,3,West Coast,0.5,0.5294117647058824,0.8,0.6022727272727273,31.333333333333332,7.333333333333333,14.666666666666666,3.0,5.666666666666667,0.6666666666666666,3.6666666666666665,4.333333333333333,0.6666666666666666,0.3333333333333333,0.0,1.6666666666666667,21.666666666666668
4683761,Kanaan Carlyle,24,Stanford Cardinal,Guard,45.0,4,12,0,4,6,8,1,4,5,5,1,0,5,1,14,2,Pac-12,0.3333333333333333,0.0,0.75,0.3333333333333333,22.5,2.0,6.0,0.0,2.0,0.5,2.0,2.5,2.5,0.5,0.0,2.5,7.0
4683763,Jordan Butler,142,Missouri Tigers,Forward,2.0,0,0,0,0,0,0,1,0,1,0,0,1,0,0,0,1,SEC,,,,,2.0,0.0,0.0,0.0,0.0,1.0,0.0,1.0,0.0,0.0,1.0,0.0,0.0
4683766,Isaiah Collier,30,USC Trojans,Guard,71.0,10,19,2,4,4,7,1,8,9,10,2,0,9,4,26,2,Pac-12,0.5263157894736842,0.5,0.5714285714285714,0.5789473684210527,35.5,5.0,9.5,1.0,2.0,0.5,4.0,4.5,5.0,1.0,0.0,4.5,13.0
4683769,Kwame Evans Jr.,2483,Oregon Ducks,Forward,130.0,7,19,0,8,6,9,3,18,21,3,4,2,3,13,20,5,Pac-12,0.3684210526315789,0.0,0.6666666666666666,0.3684210526315789,26.0,1.4,3.8,0.0,1.6,0.6,3.6,4.2,0.6,0.8,0.4,0.6,4.0
4683774,Bronny James,30,USC Trojans,Guard,40.0,2,7,1,6,5,5,1,5,6,0,2,0,2,2,10,2,Pac-12,0.2857142857142857,0.16666666666666666,1.0,0.35714285714285715,20.0,1.0,3.5,0.5,3.0,0.5,2.5,3.0,0.0,1.0,0.0,1.0,5.0
4683777,D.J. Wagner,96,Kentucky Wildcats,Guard,46.0,3,14,1,8,1,1,0,6,6,8,1,0,1,1,8,2,SEC,0.21428571428571427,0.125,1.0,0.25,23.0,1.5,7.0,0.5,4.0,0.0,3.0,3.0,4.0,0.5,0.0,0.5,4.0
4683778,Jared McCain,150,Duke Blue Devils,Guard,179.0,27,56,16,35,22,24,4,22,26,13,4,1,9,12,92,5,ACC,0.48214285714285715,0.45714285714285713,0.9166666666666666,0.625,35.8,5.4,11.2,3.2,7.0,0.8,4.4,5.2,2.6,0.8,0.2,1.8,18.4
4683779,Mackenzie Mgbako,84,Indiana Hoosiers,Forward,62.0,8,29,1,10,10,11,3,9,12,2,1,4,3,8,27,2,Big Ten,0.27586206896551724,0.1,0.9090909090909091,0.29310344827586204,31.0,4.0,14.5,0.5,5.0,1.5,4.5,6.0,1.0,0.5,2.0,1.5,13.5
4683781,Sam Walters,333,Alabama Crimson Tide,Forward,70.0,7,19,5,14,4,5,0,7,7,1,0,1,1,5,23,6,SEC,0.3684210526315789,0.35714285714285715,0.8,0.5,11.666666666666666,1.1666666666666667,3.1666666666666665,0.8333333333333334,2.3333333333333335,0.0,1.1666666666666667,1.1666666666666667,0.16666666666666666,0.0,0.16666666666666666,0.16666666666666666,3.8333333333333335
4683782,Curtis Williams,97,Louisville Cardinals,Guard,13.0,2,5,1,3,0,0,0,1,1,1,0,0,0,2,5,1,ACC,0.4,0.3333333333333333,,0.5,13.0,2.0,5.0,1.0,3.0,0.0,1.0,1.0,1.0,0.0,0.0,0.0,5.0
4683783,Akil Watson,9,Arizona State Sun Devils,Forward,12.0,1,2,0,1,5,5,1,0,1,0,0,0,1,0,7,1,Pac-12,0.5,0.0,1.0,0.5,12.0,1.0,2.0,0.0,1.0,1.0,0.0,1.0,0.0,0.0,0.0,1.0,7.0
4683784,Isaiah West,238,Vanderbilt Commodores,Guard,12.0,0,1,0,0,0,0,0,0,0,0,0,0,0,0,0,1,SEC,0.0,,,0.0,12.0,0.0,1.0,0.0,0.0,0.0,0.0,0.0,0.0,0.0,0.0,0.0,0.0
4683785,Simeon Wilcher,2599,St. John's Red Storm,Guard,5.0,0,1,0,0,0,0,0,0,0,0,0,1,1,1,0,1,Big East,0.0,,,0.0,5.0,0.0,1.0,0.0,0.0,0.0,0.0,0.0,0.0,0.0,1.0,1.0,0.0
4683833,Wade Taylor IV,245,Texas A&M Aggies,Guard,170.0,39,102,24,57,26,28,4,11,15,19,3,0,14,18,128,5,SEC,0.38235294117647056,0.42105263157894735,0.9285714285714286,0.5,34.0,7.8,20.4,4.8,11.4,0.8,2.2,3.0,3.8,0.6,0.0,2.8,25.6
4683834,KJ Simpson,38,Colorado Buffaloes,Guard,231.0,38,92,15,40,28,30,2,42,44,29,7,0,14,14,119,6,Pac-12,0.41304347826086957,0.375,0.9333333333333333,0.4945652173913043,38.5,6.333333333333333,15.333333333333334,2.5,6.666666666666667,0.3333333333333333,7.0,7.333333333333333,4.833333333333333,1.1666666666666667,0.0,2.3333333333333335,19.833333333333332
4683836,Jacobi Wright,2579,South Carolina Gamecocks,Guard,73.0,5,16,1,3,2,3,1,2,3,9,1,0,2,0,13,3,SEC,0.3125,0.3333333333333333,0.6666666666666666,0.34375,24.333333333333332,1.6666666666666667,5.333333333333333,0.3333333333333333,1.0,0.3333333333333333,0.6666666666666666,1.0,3.0,0.3333333333333333,0.0,0.6666666666666666,4.333333333333333
4683840,Stevie Mitchell,269,Marquette Golden Eagles,Guard,187.0,20,41,2,13,18,23,9,19,28,7,11,3,8,13,60,6,Big East,0.4878048780487805,0.15384615384615385,0.782608695652174,0.5121951219512195,31.166666666666668,3.3333333333333335,6.833333333333333,0.3333333333333333,2.1666666666666665,1.5,3.1666666666666665,4.666666666666667,1.1666666666666667,1.8333333333333333,0.5,1.3333333333333333,10.0
4683841,Bobby Pettiford Jr.,151,East Carolina Pirates,Guard,36.0,5,8,0,1,2,2,0,6,6,5,1,0,2,4,12,2,American,0.625,0.0,1.0,0.625,18.0,2.5,4.0,0.0,0.5,0.0,3.0,3.0,2.5,0.5,0.0,1.0,6.0
4683853,Jalen Blackmon,56,Stetson Hatters,Guard,143.0,27,71,7,31,29,34,2,14,16,14,3,0,8,5,90,4,ASUN,0.38028169014084506,0.22580645161290322,0.8529411764705882,0.4295774647887324,35.75,6.75,17.75,1.75,7.75,0.5,3.5,4.0,3.5,0.75,0.0,2.0,22.5
4683855,Jaquan Carlos,2275,Hofstra Pride,Guard,78.0,12,25,3,10,4,5,0,8,8,11,5,0,4,4,31,2,Coastal,0.48,0.3,0.8,0.54,39.0,6.0,12.5,1.5,5.0,0.0,4.0,4.0,5.5,2.5,0.0,2.0,15.5
4683857,Kobe Johnson,30,USC Trojans,Guard,65.0,12,26,4,9,0,0,4,12,16,6,3,0,5,2,28,2,Pac-12,0.46153846153846156,0.4444444444444444,,0.5384615384615384,32.5,6.0,13.0,2.0,4.5,2.0,6.0,8.0,3.0,1.5,0.0,2.5,14.0
4683860,Quadir Copeland,183,Syracuse Orange,Guard,31.0,4,10,1,5,2,2,0,5,5,4,1,0,6,2,11,1,ACC,0.4,0.2,1.0,0.45,31.0,4.0,10.0,1.0,5.0,0.0,5.0,5.0,4.0,1.0,0.0,6.0,11.0
4683862,Tyler Whitney-Sidney,2329,Lehigh Mountain Hawks,Guard,92.0,14,33,4,10,15,17,1,12,13,3,2,0,6,4,47,3,Patriot League,0.42424242424242425,0.4,0.8823529411764706,0.48484848484848486,30.666666666666668,4.666666666666667,11.0,1.3333333333333333,3.3333333333333335,0.3333333333333333,4.0,4.333333333333333,1.0,0.6666666666666666,0.0,2.0,15.666666666666666
4683865,Jaylen Murray,145,Ole Miss Rebels,Guard,36.0,4,15,2,11,0,0,0,0,0,2,1,0,2,2,10,1,SEC,0.26666666666666666,0.18181818181818182,,0.3333333333333333,36.0,4.0,15.0,2.0,11.0,0.0,0.0,0.0,2.0,1.0,0.0,2.0,10.0
4683933,Tamar Bates,142,Missouri Tigers,Guard,37.0,4,9,1,3,2,2,1,5,6,2,2,0,1,1,11,1,SEC,0.4444444444444444,0.3333333333333333,1.0,0.5,37.0,4.0,9.0,1.0,3.0,1.0,5.0,6.0,2.0,2.0,0.0,1.0,11.0
4683934,Jahmai Mashack,2633,Tennessee Volunteers,Guard,102.0,8,17,2,7,4,5,10,13,23,5,3,3,2,15,22,5,SEC,0.47058823529411764,0.2857142857142857,0.8,0.5294117647058824,20.4,1.6,3.4,0.4,1.4,2.0,2.6,4.6,1.0,0.6,0.6,0.4,4.4
4683942,Jordan Riley,218,Temple Owls,Guard,145.0,18,43,2,8,10,18,9,28,37,4,3,6,8,10,48,5,American,0.4186046511627907,0.25,0.5555555555555556,0.4418604651162791,29.0,3.6,8.6,0.4,1.6,1.8,5.6,7.4,0.8,0.6,1.2,1.6,9.6
4683945,E.J. Farmer,2754,Youngstown State Penguins,Guard,13.0,2,4,0,2,2,2,0,0,0,0,0,0,0,0,6,1,Horizon,0.5,0.0,1.0,0.5,13.0,2.0,4.0,0.0,2.0,0.0,0.0,0.0,0.0,0.0,0.0,0.0,6.0
4683946,Isaiah Barnes,202,Tulsa Golden Hurricane,Guard,28.0,2,5,1,4,3,4,1,1,2,0,3,1,0,5,8,1,American,0.4,0.25,0.75,0.5,28.0,2.0,5.0,1.0,4.0,1.0,1.0,2.0,0.0,3.0,1.0,0.0,8.0
4683947,TJ Wainwright,2523,Robert Morris Colonials,Guard,28.0,5,12,3,8,1,3,0,0,0,3,2,0,2,2,14,1,Horizon,0.4166666666666667,0.375,0.3333333333333333,0.5416666666666666,28.0,5.0,12.0,3.0,8.0,0.0,0.0,0.0,3.0,2.0,0.0,2.0,14.0
4683949,Julian Roper II,87,Notre Dame Fighting Irish,Guard,32.0,3,6,2,4,0,0,0,4,4,2,2,0,1,3,8,2,ACC,0.5,0.5,,0.6666666666666666,16.0,1.5,3.0,1.0,2.0,0.0,2.0,2.0,1.0,1.0,0.0,0.5,4.0
4683951,Rafael Pinzon,2803,Bryant Bulldogs,Guard,72.0,23,38,9,15,4,7,3,2,5,1,0,1,8,5,59,2,America East,0.6052631578947368,0.6,0.5714285714285714,0.7236842105263158,36.0,11.5,19.0,4.5,7.5,1.5,1.0,2.5,0.5,0.0,0.5,4.0,29.5
4683952,Erik Reynolds II,2603,Saint Joseph's Hawks,Guard,153.0,31,66,13,41,9,10,4,8,12,11,7,0,5,7,84,4,Atlantic 10,0.4696969696969697,0.3170731707317073,0.9,0.5681818181818182,38.25,7.75,16.5,3.25,10.25,1.0,2.0,3.0,2.75,1.75,0.0,1.25,21.0
4684022,Angelo Brizzi,2166,Davidson Wildcats,Guard,21.0,1,6,1,4,0,0,0,2,2,2,2,2,2,2,3,1,Atlantic 10,0.16666666666666666,0.25,,0.25,21.0,1.0,6.0,1.0,4.0,0.0,2.0,2.0,2.0,2.0,2.0,2.0,3.0
4684145,Nick Kern Jr.,213,Penn State Nittany Lions,Guard,49.0,4,10,2,2,4,6,2,2,4,2,1,0,5,7,14,2,Big Ten,0.4,1.0,0.6666666666666666,0.5,24.5,2.0,5.0,1.0,1.0,1.0,1.0,2.0,1.0,0.5,0.0,2.5,7.0
4684153,Jordan Longino,222,Villanova Wildcats,Guard,11.0,3,5,3,5,0,0,0,2,2,0,0,0,0,0,9,1,Big East,0.6,0.6,,0.9,11.0,3.0,5.0,3.0,5.0,0.0,2.0,2.0,0.0,0.0,0.0,0.0,9.0
4684155,John Camden,259,Virginia Tech Hokies,Forward,2.0,0,0,0,0,0,0,0,0,0,0,0,0,0,0,0,2,ACC,,,,,1.0,0.0,0.0,0.0,0.0,0.0,0.0,0.0,0.0,0.0,0.0,0.0,0.0
4684156,Shaqir O'Neal,2640,Texas Southern Tigers,Forward,3.0,0,0,0,0,0,0,1,1,2,0,0,0,0,0,0,2,SWAC,,,,,1.5,0.0,0.0,0.0,0.0,0.5,0.5,1.0,0.0,0.0,0.0,0.0,0.0
4684158,Ike Cornish,195,Ohio Bobcats,Guard,19.0,1,4,1,4,1,2,1,0,1,1,1,0,0,0,4,2,Mid-American,0.25,0.25,0.5,0.375,9.5,0.5,2.0,0.5,2.0,0.5,0.0,0.5,0.5,0.5,0.0,0.0,2.0
4684160,Luke Turner,27,UC Riverside Highlanders,Forward,1.0,0,0,0,0,0,0,0,0,0,0,0,0,0,0,0,1,Big West,,,,,1.0,0.0,0.0,0.0,0.0,0.0,0.0,0.0,0.0,0.0,0.0,0.0,0.0
4684163,Chris Howell,2608,Saint Mary's Gaels,Guard,9.0,0,1,0,1,0,0,0,1,1,1,0,0,1,0,0,1,West Coast,0.0,0.0,,0.0,9.0,0.0,1.0,0.0,1.0,0.0,1.0,1.0,1.0,0.0,0.0,1.0,0.0
4684164,Mike James,97,Louisville Cardinals,Guard,39.0,2,4,0,1,2,2,0,2,2,2,0,1,0,2,6,1,ACC,0.5,0.0,1.0,0.5,39.0,2.0,4.0,0.0,1.0,0.0,2.0,2.0,2.0,0.0,1.0,0.0,6.0
4684166,Brandon Murray,145,Ole Miss Rebels,Guard,12.0,1,2,0,1,0,0,0,1,1,0,0,0,0,4,2,1,SEC,0.5,0.0,,0.5,12.0,1.0,2.0,0.0,1.0,0.0,1.0,1.0,0.0,0.0,0.0,0.0,2.0
4684167,Josh O'Garro,326,Texas State Bobcats,Guard,82.0,10,14,2,2,2,3,3,6,9,3,5,4,2,2,24,4,Sun Belt,0.7142857142857143,1.0,0.6666666666666666,0.7857142857142857,20.5,2.5,3.5,0.5,0.5,0.75,1.5,2.25,0.75,1.25,1.0,0.5,6.0
4684168,Jalen Weaver,278,Fresno State Bulldogs,Guard,60.0,10,14,3,5,6,6,4,7,11,0,1,0,2,5,29,2,Mountain West,0.7142857142857143,0.6,1.0,0.8214285714285714,30.0,5.0,7.0,1.5,2.5,2.0,3.5,5.5,0.0,0.5,0.0,1.0,14.5
4684205,Gabe Wiznitzer,195,Ohio Bobcats,Center,27.0,4,9,1,1,2,3,4,5,9,0,0,2,0,5,11,2,Mid-American,0.4444444444444444,1.0,0.6666666666666666,0.5,13.5,2.0,4.5,0.5,0.5,2.0,2.5,4.5,0.0,0.0,1.0,0.0,5.5
4684207,Keeyan Itejere,94,Northern Kentucky Norse,Forward,31.0,1,2,0,0,3,4,1,2,3,2,0,2,0,6,5,2,Horizon,0.5,,0.75,0.5,15.5,0.5,1.0,0.0,0.0,0.5,1.0,1.5,1.0,0.0,1.0,0.0,2.5
4684208,Brooks Barnhizer,77,Northwestern Wildcats,Guard,121.0,15,41,2,12,12,14,6,24,30,7,3,2,8,5,44,3,Big Ten,0.36585365853658536,0.16666666666666666,0.8571428571428571,0.3902439024390244,40.333333333333336,5.0,13.666666666666666,0.6666666666666666,4.0,2.0,8.0,10.0,2.3333333333333335,1.0,0.6666666666666666,2.6666666666666665,14.666666666666666
4684269,Kylan Boswell,12,Arizona Wildcats,Guard,127.0,11,42,5,23,4,4,2,6,8,17,9,1,5,6,31,5,Pac-12,0.2619047619047619,0.21739130434782608,1.0,0.32142857142857145,25.4,2.2,8.4,1.0,4.6,0.4,1.2,1.6,3.4,1.8,0.2,1.0,6.2
4684270,Jaland Lowe,221,Pittsburgh Panthers,Guard,76.0,9,23,1,6,9,10,2,6,8,9,1,0,1,2,28,2,ACC,0.391304347826087,0.16666666666666666,0.9,0.41304347826086957,38.0,4.5,11.5,0.5,3.0,1.0,3.0,4.0,4.5,0.5,0.0,0.5,14.0
4684272,Ja'Kobe Walter,239,Baylor Bears,Guard,144.0,14,43,10,28,15,25,5,11,16,2,2,3,6,9,53,4,Big 12,0.32558139534883723,0.35714285714285715,0.6,0.4418604651162791,36.0,3.5,10.75,2.5,7.0,1.25,2.75,4.0,0.5,0.5,0.75,1.5,13.25
4684275,Rob Dillingham,96,Kentucky Wildcats,Guard,57.0,11,28,7,16,8,8,1,9,10,10,0,0,6,4,37,2,SEC,0.39285714285714285,0.4375,1.0,0.5178571428571429,28.5,5.5,14.0,3.5,8.0,0.5,4.5,5.0,5.0,0.0,0.0,3.0,18.5
4684276,Aden Holloway,2,Auburn Tigers,Guard,71.0,6,22,2,10,2,2,3,4,7,9,3,0,4,4,16,4,SEC,0.2727272727272727,0.2,1.0,0.3181818181818182,17.75,1.5,5.5,0.5,2.5,0.75,1.0,1.75,2.25,0.75,0.0,1.0,4.0
4684285,Brandon Lieb,2287,Illinois State Redbirds,Forward,11.0,0,0,0,0,2,2,0,2,2,0,1,0,1,1,2,1,Missouri Valley,,,1.0,,11.0,0.0,0.0,0.0,0.0,0.0,2.0,2.0,0.0,1.0,0.0,1.0,2.0
4684301,Ja'Vier Francis,248,Houston Cougars,Forward,148.0,16,24,0,0,5,10,16,18,34,4,6,14,7,18,37,6,Big 12,0.6666666666666666,,0.5,0.6666666666666666,24.666666666666668,2.6666666666666665,4.0,0.0,0.0,2.6666666666666665,3.0,5.666666666666667,0.6666666666666666,1.0,2.3333333333333335,1.1666666666666667,6.166666666666667
4684303,Drissa Traore,2599,St. John's Red Storm,Forward,2.0,0,0,0,0,0,0,0,0,0,0,0,0,0,0,0,1,Big East,,,,,2.0,0.0,0.0,0.0,0.0,0.0,0.0,0.0,0.0,0.0,0.0,0.0,0.0
4684306,David Joplin,269,Marquette Golden Eagles,Forward,201.0,23,66,10,38,13,18,7,30,37,6,6,9,3,11,69,6,Big East,0.3484848484848485,0.2631578947368421,0.7222222222222222,0.42424242424242425,33.5,3.8333333333333335,11.0,1.6666666666666667,6.333333333333333,1.1666666666666667,5.0,6.166666666666667,1.0,1.0,1.5,0.5,11.5
4684308,D.J. Hughes,2193,East Tennessee State Buccaneers,Forward,63.0,2,6,0,0,1,6,6,8,14,3,3,1,2,7,5,4,Southern,0.3333333333333333,,0.16666666666666666,0.3333333333333333,15.75,0.5,1.5,0.0,0.0,1.5,2.0,3.5,0.75,0.75,0.25,0.5,1.25
4684309,Elijah Tucker,2344,Longwood Lancers,Forward,62.0,8,12,0,0,9,12,8,4,12,2,2,2,3,6,25,3,Big South,0.6666666666666666,,0.75,0.6666666666666666,20.666666666666668,2.6666666666666665,4.0,0.0,0.0,2.6666666666666665,1.3333333333333333,4.0,0.6666666666666666,0.6666666666666666,0.6666666666666666,1.0,8.333333333333334
4684310,Camaron Tongue,2541,Santa Clara Broncos,Forward,42.0,3,5,1,1,10,11,0,6,6,1,0,0,0,8,17,2,West Coast,0.6,1.0,0.9090909090909091,0.7,21.0,1.5,2.5,0.5,0.5,0.0,3.0,3.0,0.5,0.0,0.0,0.0,8.5
4684443,Rafael Castro,2507,Providence Friars,Forward,31.0,4,5,0,0,0,2,2,4,6,0,0,0,0,8,8,3,Big East,0.8,,0.0,0.8,10.333333333333334,1.3333333333333333,1.6666666666666667,0.0,0.0,0.6666666666666666,1.3333333333333333,2.0,0.0,0.0,0.0,0.0,2.6666666666666665
4684445,Kenny Pohto,2724,Wichita State Shockers,Forward,58.0,7,14,0,0,3,4,3,7,10,1,0,1,0,5,17,3,American,0.5,,0.75,0.5,19.333333333333332,2.3333333333333335,4.666666666666667,0.0,0.0,1.0,2.3333333333333335,3.3333333333333335,0.3333333333333333,0.0,0.3333333333333333,0.0,5.666666666666667
4684461,Yaya Keita,201,Oklahoma Sooners,Forward,2.0,0,0,0,0,0,0,0,0,0,0,0,0,0,2,0,1,Big 12,,,,,2.0,0.0,0.0,0.0,0.0,0.0,0.0,0.0,0.0,0.0,0.0,0.0,0.0
4684596,Will Tschetter,130,Michigan Wolverines,Forward,22.0,1,4,0,2,0,0,2,3,5,1,0,0,4,5,2,1,Big Ten,0.25,0.0,,0.25,22.0,1.0,4.0,0.0,2.0,2.0,3.0,5.0,1.0,0.0,0.0,4.0,2.0
4684622,Jayden Lemond,2729,William & Mary Tribe,Guard,13.0,0,1,0,0,0,0,0,0,0,1,0,0,0,3,0,2,Coastal,0.0,,,0.0,6.5,0.0,0.5,0.0,0.0,0.0,0.0,0.0,0.5,0.0,0.0,0.0,0.0
4684627,Chris Bell,183,Syracuse Orange,Forward,21.0,4,6,3,5,0,0,0,0,0,0,0,0,0,5,11,1,ACC,0.6666666666666666,0.6,,0.9166666666666666,21.0,4.0,6.0,3.0,5.0,0.0,0.0,0.0,0.0,0.0,0.0,0.0,11.0
4684628,Aidan Mahaney,2608,Saint Mary's Gaels,Guard,119.0,18,44,10,25,0,0,0,7,7,8,2,0,6,8,46,3,West Coast,0.4090909090909091,0.4,,0.5227272727272727,39.666666666666664,6.0,14.666666666666666,3.3333333333333335,8.333333333333334,0.0,2.3333333333333335,2.3333333333333335,2.6666666666666665,0.6666666666666666,0.0,2.0,15.333333333333334
4684682,Jonas Aidoo,2633,Tennessee Volunteers,Forward,105.0,13,36,0,0,9,15,10,16,26,6,4,6,6,7,35,5,SEC,0.3611111111111111,,0.6,0.3611111111111111,21.0,2.6,7.2,0.0,0.0,2.0,3.2,5.2,1.2,0.8,1.2,1.2,7.0
4684718,Corey Floyd Jr.,2507,Providence Friars,Guard,99.0,9,24,4,11,3,3,4,9,13,3,2,1,3,9,25,4,Big East,0.375,0.36363636363636365,1.0,0.4583333333333333,24.75,2.25,6.0,1.0,2.75,1.0,2.25,3.25,0.75,0.5,0.25,0.75,6.25
4684720,Derrian Ford,2032,Arkansas State Red Wolves,Guard,210.0,22,52,11,25,8,12,10,10,20,8,4,0,5,9,63,6,Sun Belt,0.4230769230769231,0.44,0.6666666666666666,0.5288461538461539,35.0,3.6666666666666665,8.666666666666666,1.8333333333333333,4.166666666666667,1.6666666666666667,1.6666666666666667,3.3333333333333335,1.3333333333333333,0.6666666666666666,0.0,0.8333333333333334,10.5
4684729,Judah Mintz,183,Syracuse Orange,Guard,36.0,9,21,0,3,3,4,1,4,5,4,2,0,6,2,21,1,ACC,0.42857142857142855,0.0,0.75,0.42857142857142855,36.0,9.0,21.0,0.0,3.0,1.0,4.0,5.0,4.0,2.0,0.0,6.0,21.0
4684733,Tyrell Ward,99,LSU Tigers,Forward,58.0,5,16,4,11,2,4,1,6,7,0,2,1,4,3,16,2,SEC,0.3125,0.36363636363636365,0.5,0.4375,29.0,2.5,8.0,2.0,5.5,0.5,3.0,3.5,0.0,1.0,0.5,2.0,8.0
4684734,Travis Roberts,55,Jacksonville State Gamecocks,Guard,8.0,1,2,1,2,0,0,0,1,1,0,0,0,1,0,3,1,Conference USA,0.5,0.5,,0.75,8.0,1.0,2.0,1.0,2.0,0.0,1.0,1.0,0.0,0.0,0.0,1.0,3.0
4684735,Christian Watson,2390,Miami Hurricanes,Guard,1.0,0,0,0,0,0,0,0,0,0,0,0,0,0,0,0,1,ACC,,,,,1.0,0.0,0.0,0.0,0.0,0.0,0.0,0.0,0.0,0.0,0.0,0.0,0.0
4684746,Justin Taylor,183,Syracuse Orange,Guard,25.0,1,5,0,0,0,0,0,4,4,0,0,0,0,2,2,1,ACC,0.2,,,0.2,25.0,1.0,5.0,0.0,0.0,0.0,4.0,4.0,0.0,0.0,0.0,0.0,2.0
4684793,Kyle Filipowski,150,Duke Blue Devils,Center,156.0,28,55,3,10,13,18,15,34,49,12,8,4,10,19,72,5,ACC,0.509090909090909,0.3,0.7222222222222222,0.5363636363636364,31.2,5.6,11.0,0.6,2.0,3.0,6.8,9.8,2.4,1.6,0.8,2.0,14.4
4684795,De'Ante Green,52,Florida State Seminoles,Forward,4.0,1,1,0,0,0,0,0,0,0,0,0,0,0,1,2,1,ACC,1.0,,,1.0,4.0,1.0,1.0,0.0,0.0,0.0,0.0,0.0,0.0,0.0,0.0,0.0,2.0
4684798,Jevon Porter,2492,Pepperdine Waves,Forward,70.0,11,28,4,9,14,16,6,9,15,3,1,5,7,6,40,2,West Coast,0.39285714285714285,0.4444444444444444,0.875,0.4642857142857143,35.0,5.5,14.0,2.0,4.5,3.0,4.5,7.5,1.5,0.5,2.5,3.5,20.0
4684799,Ven-Allen Lubin,238,Vanderbilt Commodores,Forward,38.0,9,15,1,2,2,4,3,7,10,0,3,2,2,2,21,1,SEC,0.6,0.5,0.5,0.6333333333333333,38.0,9.0,15.0,1.0,2.0,3.0,7.0,10.0,0.0,3.0,2.0,2.0,21.0
4684809,Darius Johnson,2116,UCF Knights,Guard,102.0,19,43,11,20,8,11,2,11,13,12,5,1,5,8,57,3,Big 12,0.4418604651162791,0.55,0.7272727272727273,0.5697674418604651,34.0,6.333333333333333,14.333333333333334,3.6666666666666665,6.666666666666667,0.6666666666666666,3.6666666666666665,4.333333333333333,4.0,1.6666666666666667,0.3333333333333333,1.6666666666666667,19.0
4684838,Will Shaver,5,UAB Blazers,Forward,6.0,0,0,0,0,1,2,0,1,1,0,0,0,0,0,1,2,American,,,0.5,,3.0,0.0,0.0,0.0,0.0,0.0,0.5,0.5,0.0,0.0,0.0,0.0,0.5
4684840,DJ Nix,172,Cornell Big Red,Forward,3.0,0,0,0,0,0,0,0,1,1,0,0,0,0,0,0,1,Ivy,,,,,3.0,0.0,0.0,0.0,0.0,0.0,1.0,1.0,0.0,0.0,0.0,0.0,0.0
4684843,TJ Power,150,Duke Blue Devils,Forward,17.0,1,7,1,6,0,0,0,4,4,0,1,1,0,1,3,3,ACC,0.14285714285714285,0.16666666666666666,,0.21428571428571427,5.666666666666667,0.3333333333333333,2.3333333333333335,0.3333333333333333,2.0,0.0,1.3333333333333333,1.3333333333333333,0.0,0.3333333333333333,0.3333333333333333,0.0,1.0
4684984,Silas Sunday,2275,Hofstra Pride,Forward,31.0,1,4,0,0,4,6,1,4,5,0,1,0,2,2,6,2,Coastal,0.25,,0.6666666666666666,0.25,15.5,0.5,2.0,0.0,0.0,0.5,2.0,2.5,0.0,0.5,0.0,1.0,3.0
4684987,Max Allen II,2368,Marist Red Foxes,Center,46.0,7,15,1,2,6,9,2,7,9,3,1,0,7,8,21,2,MAAC,0.4666666666666667,0.5,0.6666666666666666,0.5,23.0,3.5,7.5,0.5,1.0,1.0,3.5,4.5,1.5,0.5,0.0,3.5,10.5
4684998,Ben Middlebrooks,152,NC State Wolfpack,Forward,190.0,18,45,0,0,31,39,24,25,49,11,11,10,3,28,67,10,ACC,0.4,,0.7948717948717948,0.4,19.0,1.8,4.5,0.0,0.0,2.4,2.5,4.9,1.1,1.1,1.0,0.3,6.7
4685646,Taison Chatman,194,Ohio State Buckeyes,Guard,20.0,3,5,2,4,0,0,1,0,1,1,0,0,4,1,8,4,Big Ten,0.6,0.5,,0.8,5.0,0.75,1.25,0.5,1.0,0.25,0.0,0.25,0.25,0.0,0.0,1.0,2.0
4685647,Jaylin Stewart,41,UConn Huskies,Forward,88.0,11,17,4,8,0,0,7,6,13,4,1,2,1,9,26,9,Big East,0.6470588235294118,0.5,,0.7647058823529411,9.777777777777779,1.2222222222222223,1.8888888888888888,0.4444444444444444,0.8888888888888888,0.7777777777777778,0.6666666666666666,1.4444444444444444,0.4444444444444444,0.1111111111111111,0.2222222222222222,0.1111111111111111,2.888888888888889
4685654,Kennard Davis,79,Southern Illinois Salukis,Guard,37.0,3,11,0,5,2,3,2,1,3,4,0,0,0,3,8,1,Missouri Valley,0.2727272727272727,0.0,0.6666666666666666,0.2727272727272727,37.0,3.0,11.0,0.0,5.0,2.0,1.0,3.0,4.0,0.0,0.0,0.0,8.0
4685658,Taylor Bol Bowen,52,Florida State Seminoles,Forward,21.0,2,5,1,3,1,2,1,3,4,0,0,0,0,2,6,2,ACC,0.4,0.3333333333333333,0.5,0.5,10.5,1.0,2.5,0.5,1.5,0.5,1.5,2.0,0.0,0.0,0.0,0.0,3.0
4685659,Brady Dunlap,2599,St. John's Red Storm,Forward,11.0,2,3,1,2,0,0,1,1,2,1,0,0,0,2,5,2,Big East,0.6666666666666666,0.5,,0.8333333333333334,5.5,1.0,1.5,0.5,1.0,0.5,0.5,1.0,0.5,0.0,0.0,0.0,2.5
4685662,Dusty Stromer,2250,Gonzaga Bulldogs,Guard,91.0,5,8,4,6,2,4,2,4,6,5,2,4,1,4,16,5,West Coast,0.625,0.6666666666666666,0.5,0.875,18.2,1.0,1.6,0.8,1.2,0.4,0.8,1.2,1.0,0.4,0.8,0.2,3.2
4685664,Justin McBride,197,Oklahoma State Cowboys,Forward,4.0,0,2,0,0,0,2,2,1,3,1,0,0,0,2,0,1,Big 12,0.0,,0.0,0.0,4.0,0.0,2.0,0.0,0.0,2.0,1.0,3.0,1.0,0.0,0.0,0.0,0.0
4685668,Kaleb Glenn,97,Louisville Cardinals,Forward,9.0,0,0,0,0,0,0,0,0,0,0,0,0,1,3,0,1,ACC,,,,,9.0,0.0,0.0,0.0,0.0,0.0,0.0,0.0,0.0,0.0,0.0,1.0,0.0
4685673,Amani Hansberry,356,Illinois Fighting Illini,Forward,14.0,3,6,2,4,2,2,1,2,3,0,0,1,0,1,10,3,Big Ten,0.5,0.5,1.0,0.6666666666666666,4.666666666666667,1.0,2.0,0.6666666666666666,1.3333333333333333,0.3333333333333333,0.6666666666666666,1.0,0.0,0.0,0.3333333333333333,0.0,3.3333333333333335
4685682,Jazz Gardner,2440,Nevada Wolf Pack,Center,1.0,0,0,0,0,0,0,0,0,0,0,0,0,0,0,0,1,Mountain West,,,,,1.0,0.0,0.0,0.0,0.0,0.0,0.0,0.0,0.0,0.0,0.0,0.0,0.0
4685683,Aaron Bradshaw,96,Kentucky Wildcats,Forward,7.0,1,1,0,0,1,2,0,3,3,0,0,2,0,3,3,2,SEC,1.0,,0.5,1.0,3.5,0.5,0.5,0.0,0.0,0.0,1.5,1.5,0.0,0.0,1.0,0.0,1.5
4685687,Jaylen Carey,256,James Madison Dukes,Forward,73.0,12,20,0,3,9,17,4,17,21,4,3,1,3,5,33,5,Sun Belt,0.6,0.0,0.5294117647058824,0.6,14.6,2.4,4.0,0.0,0.6,0.8,3.4,4.2,0.8,0.6,0.2,0.6,6.6
4685688,Gai Chol,344,Mississippi State Bulldogs,Center,1.0,0,0,0,0,0,0,0,0,0,0,0,0,0,0,0,1,SEC,,,,,1.0,0.0,0.0,0.0,0.0,0.0,0.0,0.0,0.0,0.0,0.0,0.0,0.0
4685802,Robert McCray V,294,Jacksonville Dolphins,Guard,103.0,28,49,12,19,23,29,1,8,9,9,2,0,5,4,91,3,ASUN,0.5714285714285714,0.631578947368421,0.7931034482758621,0.6938775510204082,34.333333333333336,9.333333333333334,16.333333333333332,4.0,6.333333333333333,0.3333333333333333,2.6666666666666665,3.0,3.0,0.6666666666666666,0.0,1.6666666666666667,30.333333333333332
4686333,Kobe Johnson,277,West Virginia Mountaineers,Guard,30.0,4,6,0,1,0,0,0,1,1,2,0,0,0,1,8,1,Big 12,0.6666666666666666,0.0,,0.6666666666666666,30.0,4.0,6.0,0.0,1.0,0.0,1.0,1.0,2.0,0.0,0.0,0.0,8.0
4690767,Jalen Smith,2567,SMU Mustangs,Guard,56.0,4,7,2,4,1,1,2,2,4,2,1,0,7,4,11,2,American,0.5714285714285714,0.5,1.0,0.7142857142857143,28.0,2.0,3.5,1.0,2.0,1.0,1.0,2.0,1.0,0.5,0.0,3.5,5.5
4692906,Taine Murray,258,Virginia Cavaliers,Guard,77.0,8,18,3,7,0,0,0,3,3,2,0,0,0,3,19,3,ACC,0.4444444444444444,0.42857142857142855,,0.5277777777777778,25.666666666666668,2.6666666666666665,6.0,1.0,2.3333333333333335,0.0,1.0,1.0,0.6666666666666666,0.0,0.0,0.0,6.333333333333333
4693725,Javon Ruffin,38,Colorado Buffaloes,Guard,21.0,1,4,1,3,1,2,1,2,3,3,1,1,3,3,4,4,Pac-12,0.25,0.3333333333333333,0.5,0.375,5.25,0.25,1.0,0.25,0.75,0.25,0.5,0.75,0.75,0.25,0.25,0.75,1.0
4693954,Ian Schieffelin,228,Clemson Tigers,Forward,153.0,24,48,4,13,12,20,10,32,42,12,2,3,7,11,64,5,ACC,0.5,0.3076923076923077,0.6,0.5416666666666666,30.6,4.8,9.6,0.8,2.6,2.0,6.4,8.4,2.4,0.4,0.6,1.4,12.8
4694228,CJ Noland,249,North Texas Mean Green,Guard,105.0,23,41,11,14,11,17,2,14,16,9,6,0,7,8,68,4,American,0.5609756097560976,0.7857142857142857,0.6470588235294118,0.6951219512195121,26.25,5.75,10.25,2.75,3.5,0.5,3.5,4.0,2.25,1.5,0.0,1.75,17.0
4696316,Cameron Hildreth,154,Wake Forest Demon Deacons,Guard,140.0,22,49,4,12,16,21,1,14,15,4,3,1,5,13,64,4,ACC,0.4489795918367347,0.3333333333333333,0.7619047619047619,0.4897959183673469,35.0,5.5,12.25,1.0,3.0,0.25,3.5,3.75,1.0,0.75,0.25,1.25,16.0
4696317,Miles Kelly,59,Georgia Tech Yellow Jackets,Guard,35.0,2,9,1,7,3,3,0,1,1,0,2,0,2,3,8,1,ACC,0.2222222222222222,0.14285714285714285,1.0,0.2777777777777778,35.0,2.0,9.0,1.0,7.0,0.0,1.0,1.0,0.0,2.0,0.0,2.0,8.0
4697268,Kam Jones,269,Marquette Golden Eagles,Guard,201.0,46,96,19,49,9,13,4,23,27,17,7,1,15,13,120,6,Big East,0.4791666666666667,0.3877551020408163,0.6923076923076923,0.578125,33.5,7.666666666666667,16.0,3.1666666666666665,8.166666666666666,0.6666666666666666,3.8333333333333335,4.5,2.8333333333333335,1.1666666666666667,0.16666666666666666,2.5,20.0
4697269,Breon Pass,152,NC State Wolfpack,Guard,48.0,5,9,2,5,0,0,1,2,3,2,4,1,3,5,12,7,ACC,0.5555555555555556,0.4,,0.6666666666666666,6.857142857142857,0.7142857142857143,1.2857142857142858,0.2857142857142857,0.7142857142857143,0.14285714285714285,0.2857142857142857,0.42857142857142855,0.2857142857142857,0.5714285714285714,0.14285714285714285,0.42857142857142855,1.7142857142857142
4697270,Payton Sandfort,2294,Iowa Hawkeyes,Forward,94.0,15,38,11,24,13,15,5,17,22,6,0,2,4,11,54,3,Big Ten,0.39473684210526316,0.4583333333333333,0.8666666666666667,0.5394736842105263,31.333333333333332,5.0,12.666666666666666,3.6666666666666665,8.0,1.6666666666666667,5.666666666666667,7.333333333333333,2.0,0.0,0.6666666666666666,1.3333333333333333,18.0
4698717,Lucas Taylor,2247,Georgia State Panthers,Guard,36.0,6,17,4,7,4,5,1,5,6,1,0,0,3,5,20,1,Sun Belt,0.35294117647058826,0.5714285714285714,0.8,0.47058823529411764,36.0,6.0,17.0,4.0,7.0,1.0,5.0,6.0,1.0,0.0,0.0,3.0,20.0
4698718,Josh Beadle,228,Clemson Tigers,Guard,15.0,0,0,0,0,2,2,0,0,0,0,0,0,0,4,2,3,ACC,,,1.0,,5.0,0.0,0.0,0.0,0.0,0.0,0.0,0.0,0.0,0.0,0.0,0.0,0.6666666666666666
4698719,Trevon Brazile,8,Arkansas Razorbacks,Forward,62.0,7,15,5,10,2,2,3,11,14,1,2,4,1,7,21,2,SEC,0.4666666666666667,0.5,1.0,0.6333333333333333,31.0,3.5,7.5,2.5,5.0,1.5,5.5,7.0,0.5,1.0,2.0,0.5,10.5
4699440,Nick Davidson,2440,Nevada Wolf Pack,Forward,61.0,10,19,2,6,2,3,2,11,13,1,5,2,4,7,24,2,Mountain West,0.5263157894736842,0.3333333333333333,0.6666666666666666,0.5789473684210527,30.5,5.0,9.5,1.0,3.0,1.0,5.5,6.5,0.5,2.5,1.0,2.0,12.0
4699582,Carson Basham,2464,Northern Arizona Lumberjacks,Forward,36.0,7,11,0,0,0,0,2,10,12,2,1,1,2,2,14,1,Big Sky,0.6363636363636364,,,0.6363636363636364,36.0,7.0,11.0,0.0,0.0,2.0,10.0,12.0,2.0,1.0,1.0,2.0,14.0
4699592,AJ Allenspach,349,Army Black Knights,Forward,3.0,0,0,0,0,0,0,0,1,1,0,0,0,0,0,0,1,Patriot League,,,,,3.0,0.0,0.0,0.0,0.0,0.0,1.0,1.0,0.0,0.0,0.0,0.0,0.0
4699725,Zhuric Phelps,2567,SMU Mustangs,Guard,66.0,10,29,1,10,9,14,1,8,9,5,5,2,7,2,30,2,American,0.3448275862068966,0.1,0.6428571428571429,0.3620689655172414,33.0,5.0,14.5,0.5,5.0,0.5,4.0,4.5,2.5,2.5,1.0,3.5,15.0
4700527,Tyon Grant-Foster,2253,Grand Canyon Lopes,Guard,150.0,29,65,8,23,35,60,4,26,30,5,9,9,16,12,101,4,United Athletic,0.4461538461538462,0.34782608695652173,0.5833333333333334,0.5076923076923077,37.5,7.25,16.25,2.0,5.75,1.0,6.5,7.5,1.25,2.25,2.25,4.0,25.25
4700533,Carlton Linguard Jr.,2636,UTSA Roadrunners,Center,29.0,2,8,0,1,2,2,6,9,15,0,0,4,2,4,6,1,American,0.25,0.0,1.0,0.25,29.0,2.0,8.0,0.0,1.0,6.0,9.0,15.0,0.0,0.0,4.0,2.0,6.0
4700812,Carson Sager,197,Oklahoma State Cowboys,Guard,1.0,0,0,0,0,0,0,0,0,0,0,0,0,0,0,0,1,Big 12,,,,,1.0,0.0,0.0,0.0,0.0,0.0,0.0,0.0,0.0,0.0,0.0,0.0,0.0
4700818,Vladislav Goldin,2226,Florida Atlantic Owls,Center,92.0,22,30,0,0,19,30,8,16,24,3,3,7,4,6,63,3,American,0.7333333333333333,,0.6333333333333333,0.7333333333333333,30.666666666666668,7.333333333333333,10.0,0.0,0.0,2.6666666666666665,5.333333333333333,8.0,1.0,1.0,2.3333333333333335,1.3333333333333333,21.0
4700838,Cole LaRue,338,Kennesaw State Owls,Forward,1.0,0,1,0,1,0,0,0,0,0,0,0,0,0,0,0,1,ASUN,0.0,0.0,,0.0,1.0,0.0,1.0,0.0,1.0,0.0,0.0,0.0,0.0,0.0,0.0,0.0,0.0
4700843,Isiah Warfield,47,Howard Bison,Guard,112.0,12,22,5,9,6,7,1,12,13,14,2,0,8,17,35,4,MEAC,0.5454545454545454,0.5555555555555556,0.8571428571428571,0.6590909090909091,28.0,3.0,5.5,1.25,2.25,0.25,3.0,3.25,3.5,0.5,0.0,2.0,8.75
4700845,Drake Dobbs,2900,St. Thomas-Minnesota Tommies,Guard,54.0,4,8,2,4,2,8,3,4,7,5,2,0,0,3,12,2,Summit League,0.5,0.5,0.25,0.625,27.0,2.0,4.0,1.0,2.0,1.5,2.0,3.5,2.5,1.0,0.0,0.0,6.0
4700848,Detalian Brown,2453,North Alabama Lions,Guard,37.0,5,9,4,6,0,1,1,1,2,1,2,0,1,1,14,2,ASUN,0.5555555555555556,0.6666666666666666,0.0,0.7777777777777778,18.5,2.5,4.5,2.0,3.0,0.5,0.5,1.0,0.5,1.0,0.0,0.5,7.0
4700852,Chaz Lanier,2454,North Florida Ospreys,Guard,42.0,6,9,1,3,6,7,0,5,5,3,0,1,0,5,19,1,ASUN,0.6666666666666666,0.3333333333333333,0.8571428571428571,0.7222222222222222,42.0,6.0,9.0,1.0,3.0,0.0,5.0,5.0,3.0,0.0,1.0,0.0,19.0
4700856,Jadyn Parker,2193,East Tennessee State Buccaneers,Forward,82.0,13,22,0,0,6,10,11,3,14,0,5,2,6,12,32,4,Southern,0.5909090909090909,,0.6,0.5909090909090909,20.5,3.25,5.5,0.0,0.0,2.75,0.75,3.5,0.0,1.25,0.5,1.5,8.0
4700857,Giancarlo Valdez,56,Stetson Hatters,Guard,46.0,2,3,2,3,2,2,0,4,4,1,0,1,0,11,8,4,ASUN,0.6666666666666666,0.6666666666666666,1.0,1.0,11.5,0.5,0.75,0.5,0.75,0.0,1.0,1.0,0.25,0.0,0.25,0.0,2.0
4700860,Stephan Swenson,56,Stetson Hatters,Guard,153.0,28,57,9,20,16,21,2,21,23,16,6,1,11,12,81,4,ASUN,0.49122807017543857,0.45,0.7619047619047619,0.5701754385964912,38.25,7.0,14.25,2.25,5.0,0.5,5.25,5.75,4.0,1.5,0.25,2.75,20.25
4700864,R.J. Blakney,295,Old Dominion Monarchs,Guard,39.0,4,8,1,3,0,0,5,4,9,1,1,1,0,5,9,1,Sun Belt,0.5,0.3333333333333333,,0.5625,39.0,4.0,8.0,1.0,3.0,5.0,4.0,9.0,1.0,1.0,1.0,0.0,9.0
4700870,Zach Anderson,526,Florida Gulf Coast Eagles,Forward,34.0,2,11,0,4,0,0,0,6,6,1,2,1,3,3,4,1,ASUN,0.18181818181818182,0.0,,0.18181818181818182,34.0,2.0,11.0,0.0,4.0,0.0,6.0,6.0,1.0,2.0,1.0,3.0,4.0
4700873,Toby Okani,82,UIC Flames,Guard,69.0,4,22,0,7,3,6,3,11,14,1,4,3,3,5,11,2,Missouri Valley,0.18181818181818182,0.0,0.5,0.18181818181818182,34.5,2.0,11.0,0.0,3.5,1.5,5.5,7.0,0.5,2.0,1.5,1.5,5.5
4700874,Mike Bekelja,2309,Kent State Golden Flashes,Guard,90.0,6,12,4,10,0,2,4,5,9,1,2,0,0,3,16,3,Mid-American,0.5,0.4,0.0,0.6666666666666666,30.0,2.0,4.0,1.3333333333333333,3.3333333333333335,1.3333333333333333,1.6666666666666667,3.0,0.3333333333333333,0.6666666666666666,0.0,0.0,5.333333333333333
4700880,Yame Butler,2182,Drexel Dragons,Guard,17.0,2,6,0,3,3,4,0,3,3,1,0,0,0,1,7,1,Coastal,0.3333333333333333,0.0,0.75,0.3333333333333333,17.0,2.0,6.0,0.0,3.0,0.0,3.0,3.0,1.0,0.0,0.0,0.0,7.0
4700882,Otis Frazier III,2638,UTEP Miners,Forward,85.0,5,22,0,8,7,11,1,12,13,2,5,0,5,6,17,3,Conference USA,0.22727272727272727,0.0,0.6363636363636364,0.22727272727272727,28.333333333333332,1.6666666666666667,7.333333333333333,0.0,2.6666666666666665,0.3333333333333333,4.0,4.333333333333333,0.6666666666666666,1.6666666666666667,0.0,1.6666666666666667,5.666666666666667
4700953,Max Brooks,2349,UMass Lowell River Hawks,Forward,76.0,9,19,0,0,6,10,5,11,16,6,2,4,3,12,24,3,America East,0.47368421052631576,,0.6,0.47368421052631576,25.333333333333332,3.0,6.333333333333333,0.0,0.0,1.6666666666666667,3.6666666666666665,5.333333333333333,2.0,0.6666666666666666,1.3333333333333333,1.0,8.0
4700954,Anthony Blunt,2349,UMass Lowell River Hawks,Guard,23.0,4,6,2,2,0,0,1,3,4,1,0,0,2,0,10,3,America East,0.6666666666666666,1.0,,0.8333333333333334,7.666666666666667,1.3333333333333333,2.0,0.6666666666666666,0.6666666666666666,0.3333333333333333,1.0,1.3333333333333333,0.3333333333333333,0.0,0.0,0.6666666666666666,3.3333333333333335
4700962,Lincoln Ball,44,American University Eagles,Guard,26.0,0,2,0,1,4,4,6,5,11,2,0,1,1,3,4,1,Patriot League,0.0,0.0,1.0,0.0,26.0,0.0,2.0,0.0,1.0,6.0,5.0,11.0,2.0,0.0,1.0,1.0,4.0
4700963,Noel Brown,179,St. Bonaventure Bonnies,Center,52.0,10,16,0,0,6,8,5,5,10,1,0,2,5,7,26,3,Atlantic 10,0.625,,0.75,0.625,17.333333333333332,3.3333333333333335,5.333333333333333,0.0,0.0,1.6666666666666667,1.6666666666666667,3.3333333333333335,0.3333333333333333,0.0,0.6666666666666666,1.6666666666666667,8.666666666666666
4700969,Anwar Gill,2325,La Salle Explorers,Guard,47.0,7,12,0,2,2,4,4,4,8,5,0,0,2,8,16,2,Atlantic 10,0.5833333333333334,0.0,0.5,0.5833333333333334,23.5,3.5,6.0,0.0,1.0,2.0,2.0,4.0,2.5,0.0,0.0,1.0,8.0
4700970,Jhamir Brickus,2325,La Salle Explorers,Guard,71.0,15,29,4,7,5,6,1,9,10,8,1,0,4,7,39,2,Atlantic 10,0.5172413793103449,0.5714285714285714,0.8333333333333334,0.5862068965517241,35.5,7.5,14.5,2.0,3.5,0.5,4.5,5.0,4.0,0.5,0.0,2.0,19.5
4700971,Tegra Izay,2572,Southern Miss Golden Eagles,Center,6.0,0,0,0,0,0,0,0,1,1,0,0,1,1,0,0,1,Sun Belt,,,,,6.0,0.0,0.0,0.0,0.0,0.0,1.0,1.0,0.0,0.0,1.0,1.0,0.0
4700974,Dji Bailey,257,Richmond Spiders,Guard,71.0,9,15,1,2,5,8,2,4,6,5,1,0,1,6,24,2,Atlantic 10,0.6,0.5,0.625,0.6333333333333333,35.5,4.5,7.5,0.5,1.0,1.0,2.0,3.0,2.5,0.5,0.0,0.5,12.0
4701030,Jadrian Tracey,2483,Oregon Ducks,Guard,176.0,10,25,3,9,4,6,6,16,22,14,5,1,8,11,27,5,Pac-12,0.4,0.3333333333333333,0.6666666666666666,0.46,35.2,2.0,5.0,0.6,1.8,1.2,3.2,4.4,2.8,1.0,0.2,1.6,5.4
4701032,Jack Forrest,2083,Bucknell Bison,Guard,75.0,11,28,4,14,6,7,1,10,11,3,2,1,2,3,32,2,Patriot League,0.39285714285714285,0.2857142857142857,0.8571428571428571,0.4642857142857143,37.5,5.5,14.0,2.0,7.0,0.5,5.0,5.5,1.5,1.0,0.5,1.0,16.0
4701120,Phillip Russell,250,UT Arlington Mavericks,Guard,92.0,22,39,13,25,13,13,1,2,3,18,1,0,10,11,70,3,United Athletic,0.5641025641025641,0.52,1.0,0.7307692307692307,30.666666666666668,7.333333333333333,13.0,4.333333333333333,8.333333333333334,0.3333333333333333,0.6666666666666666,1.0,6.0,0.3333333333333333,0.0,3.3333333333333335,23.333333333333332
4701121,Andre Lorentsson,2649,Toledo Rockets,Forward,19.0,3,4,2,2,2,2,1,3,4,0,0,0,0,2,10,1,Mid-American,0.75,1.0,1.0,1.0,19.0,3.0,4.0,2.0,2.0,1.0,3.0,4.0,0.0,0.0,0.0,0.0,10.0
4701125,Javohn Garcia,2377,McNeese Cowboys,Guard,79.0,12,25,2,6,8,9,1,10,11,4,3,2,1,11,34,3,Southland,0.48,0.3333333333333333,0.8888888888888888,0.52,26.333333333333332,4.0,8.333333333333334,0.6666666666666666,2.0,0.3333333333333333,3.3333333333333335,3.6666666666666665,1.3333333333333333,1.0,0.6666666666666666,0.3333333333333333,11.333333333333334
4701126,Dyondre Dominguez,2032,Arkansas State Red Wolves,Forward,83.0,10,18,6,11,6,8,4,9,13,3,5,0,5,9,32,6,Sun Belt,0.5555555555555556,0.5454545454545454,0.75,0.7222222222222222,13.833333333333334,1.6666666666666667,3.0,1.0,1.8333333333333333,0.6666666666666666,1.5,2.1666666666666665,0.5,0.8333333333333334,0.0,0.8333333333333334,5.333333333333333
4701128,Ronnie DeGray III,2724,Wichita State Shockers,Forward,71.0,10,22,3,8,2,3,6,9,15,7,1,1,1,5,25,3,American,0.45454545454545453,0.375,0.6666666666666666,0.5227272727272727,23.666666666666668,3.3333333333333335,7.333333333333333,1.0,2.6666666666666665,2.0,3.0,5.0,2.3333333333333335,0.3333333333333333,0.3333333333333333,0.3333333333333333,8.333333333333334
4701166,Kellen Amos,2115,Central Connecticut Blue Devils,Guard,71.0,6,19,1,7,2,3,0,10,10,4,1,1,3,3,15,2,Northeast,0.3157894736842105,0.14285714285714285,0.6666666666666666,0.34210526315789475,35.5,3.0,9.5,0.5,3.5,0.0,5.0,5.0,2.0,0.5,0.5,1.5,7.5
4701167,Abe Atiyeh,103,Boston College Eagles,Guard,1.0,0,0,0,0,0,0,0,0,0,0,0,0,0,0,0,1,ACC,,,,,1.0,0.0,0.0,0.0,0.0,0.0,0.0,0.0,0.0,0.0,0.0,0.0,0.0
4701168,Justin Vander Baan,322,Lafayette Leopards,Center,21.0,4,7,0,0,2,3,2,2,4,1,1,2,2,1,10,1,Patriot League,0.5714285714285714,,0.6666666666666666,0.5714285714285714,21.0,4.0,7.0,0.0,0.0,2.0,2.0,4.0,1.0,1.0,2.0,2.0,10.0
4701181,Jabe Mullins,265,Washington State Cougars,Guard,2.0,0,0,0,0,0,0,0,0,0,0,0,0,0,0,0,1,Pac-12,,,,,2.0,0.0,0.0,0.0,0.0,0.0,0.0,0.0,0.0,0.0,0.0,0.0,0.0
4701182,Mitchell Saxen,2608,Saint Mary's Gaels,Center,93.0,16,37,0,1,10,18,11,23,34,6,5,1,7,12,42,3,West Coast,0.43243243243243246,0.0,0.5555555555555556,0.43243243243243246,31.0,5.333333333333333,12.333333333333334,0.0,0.3333333333333333,3.6666666666666665,7.666666666666667,11.333333333333334,2.0,1.6666666666666667,0.3333333333333333,2.3333333333333335,14.0
4701184,Luke Barrett,2608,Saint Mary's Gaels,Guard,61.0,4,19,2,12,7,8,7,10,17,4,2,0,1,4,17,3,West Coast,0.21052631578947367,0.16666666666666666,0.875,0.2631578947368421,20.333333333333332,1.3333333333333333,6.333333333333333,0.6666666666666666,4.0,2.3333333333333335,3.3333333333333335,5.666666666666667,1.3333333333333333,0.6666666666666666,0.0,0.3333333333333333,5.666666666666667
4701188,Austin Sacks,239,Baylor Bears,Forward,2.0,1,1,1,1,0,0,0,0,0,0,0,0,0,0,3,1,Big 12,1.0,1.0,,1.5,2.0,1.0,1.0,1.0,1.0,0.0,0.0,0.0,0.0,0.0,0.0,0.0,3.0
4701192,Viktor Lakhin,2132,Cincinnati Bearcats,Forward,7.0,2,2,0,0,0,0,1,2,3,2,0,0,0,1,4,2,Big 12,1.0,,,1.0,3.5,1.0,1.0,0.0,0.0,0.5,1.0,1.5,1.0,0.0,0.0,0.0,2.0
4701202,Hayden Curtiss,2502,Portland State Vikings,Center,1.0,0,1,0,0,2,2,1,0,1,0,0,1,0,0,2,1,Big Sky,0.0,,1.0,0.0,1.0,0.0,1.0,0.0,0.0,1.0,0.0,1.0,0.0,0.0,1.0,0.0,2.0
4701204,Ryan Elvin,248,Houston Cougars,Guard,14.0,2,4,1,2,0,0,0,0,0,0,0,0,0,0,5,4,Big 12,0.5,0.5,,0.625,3.5,0.5,1.0,0.25,0.5,0.0,0.0,0.0,0.0,0.0,0.0,0.0,1.25
4701208,Moussa Cisse,145,Ole Miss Rebels,Forward,20.0,1,1,0,0,0,0,3,4,7,0,0,2,1,2,2,1,SEC,1.0,,,1.0,20.0,1.0,1.0,0.0,0.0,3.0,4.0,7.0,0.0,0.0,2.0,1.0,2.0
4701210,Jalen Brown,279,Pacific Tigers,Guard,11.0,0,2,0,2,0,0,0,0,0,1,0,0,1,0,0,1,West Coast,0.0,0.0,,0.0,11.0,0.0,2.0,0.0,2.0,0.0,0.0,0.0,1.0,0.0,0.0,1.0,0.0
4701217,Hunter Erickson,254,Utah Utes,Guard,134.0,21,45,13,31,2,4,2,9,11,11,4,1,3,9,57,6,Pac-12,0.4666666666666667,0.41935483870967744,0.5,0.6111111111111112,22.333333333333332,3.5,7.5,2.1666666666666665,5.166666666666667,0.3333333333333333,1.5,1.8333333333333333,1.8333333333333333,0.6666666666666666,0.16666666666666666,0.5,9.5
4701219,Spencer Johnson,252,BYU Cougars,Guard,100.0,9,23,3,12,6,6,5,26,31,11,1,0,8,7,27,3,Big 12,0.391304347826087,0.25,1.0,0.45652173913043476,33.333333333333336,3.0,7.666666666666667,1.0,4.0,1.6666666666666667,8.666666666666666,10.333333333333334,3.6666666666666665,0.3333333333333333,0.0,2.6666666666666665,9.0
4701221,Nick Jourdain,235,Memphis Tigers,Forward,21.0,1,5,0,1,0,0,0,1,1,1,0,0,1,2,2,1,American,0.2,0.0,,0.2,21.0,1.0,5.0,0.0,1.0,0.0,1.0,1.0,1.0,0.0,0.0,1.0,2.0
4701222,Jeremiah Williams,164,Rutgers Scarlet Knights,Guard,26.0,3,11,1,4,0,1,0,2,2,2,1,1,1,2,7,1,Big Ten,0.2727272727272727,0.25,0.0,0.3181818181818182,26.0,3.0,11.0,1.0,4.0,0.0,2.0,2.0,2.0,1.0,1.0,1.0,7.0
4701224,Lynn Kidd,259,Virginia Tech Hokies,Center,74.0,19,26,0,0,3,4,4,13,17,0,1,1,5,8,41,3,ACC,0.7307692307692307,,0.75,0.7307692307692307,24.666666666666668,6.333333333333333,8.666666666666666,0.0,0.0,1.3333333333333333,4.333333333333333,5.666666666666667,0.0,0.3333333333333333,0.3333333333333333,1.6666666666666667,13.666666666666666
4701225,PJ Hall,228,Clemson Tigers,Center,125.0,30,63,5,17,12,17,4,15,19,3,2,2,13,20,77,5,ACC,0.47619047619047616,0.29411764705882354,0.7058823529411765,0.5158730158730159,25.0,6.0,12.6,1.0,3.4,0.8,3.0,3.8,0.6,0.4,0.4,2.6,15.4
4701228,Christian Shumate,2377,McNeese Cowboys,Forward,95.0,16,22,0,2,9,22,12,12,24,2,3,4,5,11,41,3,Southland,0.7272727272727273,0.0,0.4090909090909091,0.7272727272727273,31.666666666666668,5.333333333333333,7.333333333333333,0.0,0.6666666666666666,4.0,4.0,8.0,0.6666666666666666,1.0,1.3333333333333333,1.6666666666666667,13.666666666666666
4701236,Chaunce Jenkins,295,Old Dominion Monarchs,Guard,32.0,2,5,1,3,1,2,0,3,3,4,0,3,6,4,6,1,Sun Belt,0.4,0.3333333333333333,0.5,0.5,32.0,2.0,5.0,1.0,3.0,0.0,3.0,3.0,4.0,0.0,3.0,6.0,6.0
4701245,Frank Staine,2617,Stephen F. Austin Lumberjacks,Guard,24.0,1,6,1,4,0,0,0,0,0,2,0,0,2,4,3,2,United Athletic,0.16666666666666666,0.25,,0.25,12.0,0.5,3.0,0.5,2.0,0.0,0.0,0.0,1.0,0.0,0.0,1.0,1.5
4701255,Isaiah Pope,278,Fresno State Bulldogs,Guard,66.0,11,25,3,10,9,9,2,7,9,3,5,1,6,10,34,2,Mountain West,0.44,0.3,1.0,0.5,33.0,5.5,12.5,1.5,5.0,1.0,3.5,4.5,1.5,2.5,0.5,3.0,17.0
4701259,Ileri Ayo-Faleye,261,Vermont Catamounts,Forward,117.0,15,31,4,11,8,12,8,13,21,7,4,8,3,12,42,4,America East,0.4838709677419355,0.36363636363636365,0.6666666666666666,0.5483870967741935,29.25,3.75,7.75,1.0,2.75,2.0,3.25,5.25,1.75,1.0,2.0,0.75,10.5
4701266,Ashton Smith,198,Oral Roberts Golden Eagles,Forward,2.0,1,1,0,0,0,0,1,0,1,0,0,0,0,0,2,1,Summit League,1.0,,,1.0,2.0,1.0,1.0,0.0,0.0,1.0,0.0,1.0,0.0,0.0,0.0,0.0,2.0
4701317,Brad Colbert,2752,Xavier Musketeers,Guard,9.0,2,2,1,1,0,0,0,0,0,2,1,0,0,1,5,2,Big East,1.0,1.0,,1.25,4.5,1.0,1.0,0.5,0.5,0.0,0.0,0.0,1.0,0.5,0.0,0.0,2.5
4701318,Dre Davis,2550,Seton Hall Pirates,Guard,227.0,35,80,6,20,15,17,15,25,40,15,6,14,12,12,91,6,Big East,0.4375,0.3,0.8823529411764706,0.475,37.833333333333336,5.833333333333333,13.333333333333334,1.0,3.3333333333333335,2.5,4.166666666666667,6.666666666666667,2.5,1.0,2.3333333333333335,2.0,15.166666666666666
4701551,Chuck Harris,2567,SMU Mustangs,Guard,53.0,11,20,5,8,2,2,3,1,4,7,2,0,2,4,29,2,American,0.55,0.625,1.0,0.675,26.5,5.5,10.0,2.5,4.0,1.5,0.5,2.0,3.5,1.0,0.0,1.0,14.5
4701556,Modestas Kancleris,2934,Cal State Bakersfield Roadrunners,Forward,32.0,6,9,0,1,0,0,2,7,9,2,1,2,6,5,12,1,Big West,0.6666666666666666,0.0,,0.6666666666666666,32.0,6.0,9.0,0.0,1.0,2.0,7.0,9.0,2.0,1.0,2.0,6.0,12.0
4701558,Max Williams,356,Illinois Fighting Illini,Guard,3.0,0,0,0,0,1,2,0,1,1,0,0,0,0,0,1,2,Big Ten,,,0.5,,1.5,0.0,0.0,0.0,0.0,0.0,0.5,0.5,0.0,0.0,0.0,0.0,0.5
4701559,Collin Holloway,2655,Tulane Green Wave,Forward,33.0,5,11,3,5,0,0,2,2,4,3,0,1,1,1,13,1,American,0.45454545454545453,0.6,,0.5909090909090909,33.0,5.0,11.0,3.0,5.0,2.0,2.0,4.0,3.0,0.0,1.0,1.0,13.0
4701572,Hunter Jack Madden,2000,Abilene Christian Wildcats,Guard,84.0,4,19,1,11,10,12,1,5,6,9,2,0,9,6,19,3,United Athletic,0.21052631578947367,0.09090909090909091,0.8333333333333334,0.23684210526315788,28.0,1.3333333333333333,6.333333333333333,0.3333333333333333,3.6666666666666665,0.3333333333333333,1.6666666666666667,2.0,3.0,0.6666666666666666,0.0,3.0,6.333333333333333
4701583,Robert Ford III,147,Montana State Bobcats,Guard,141.0,32,52,14,25,16,19,4,23,27,15,10,1,7,10,94,4,Big Sky,0.6153846153846154,0.56,0.8421052631578947,0.75,35.25,8.0,13.0,3.5,6.25,1.0,5.75,6.75,3.75,2.5,0.25,1.75,23.5
4701819,Jalon Moore,201,Oklahoma Sooners,Forward,36.0,4,10,1,3,7,12,1,8,9,2,1,0,3,4,16,1,Big 12,0.4,0.3333333333333333,0.5833333333333334,0.45,36.0,4.0,10.0,1.0,3.0,1.0,8.0,9.0,2.0,1.0,0.0,3.0,16.0
4701837,Cam Hayes,151,East Carolina Pirates,Guard,50.0,2,11,0,4,3,6,1,5,6,10,4,0,8,5,7,2,American,0.18181818181818182,0.0,0.5,0.18181818181818182,25.0,1.0,5.5,0.0,2.0,0.5,2.5,3.0,5.0,2.0,0.0,4.0,3.5
4701839,Femi Odukale,166,New Mexico State Aggies,Guard,25.0,3,7,0,1,0,4,1,2,3,3,1,0,0,5,6,1,Conference USA,0.42857142857142855,0.0,0.0,0.42857142857142855,25.0,3.0,7.0,0.0,1.0,1.0,2.0,3.0,3.0,1.0,0.0,0.0,6.0
4701841,William Jeffress,221,Pittsburgh Panthers,Forward,3.0,0,1,0,1,0,0,0,1,1,0,0,0,0,1,0,1,ACC,0.0,0.0,,0.0,3.0,0.0,1.0,0.0,1.0,0.0,1.0,1.0,0.0,0.0,0.0,0.0,0.0
4701842,Frank Anselem-Ibe,61,Georgia Bulldogs,Center,89.0,11,18,0,0,2,6,11,15,26,6,1,5,5,16,24,5,SEC,0.6111111111111112,,0.3333333333333333,0.6111111111111112,17.8,2.2,3.6,0.0,0.0,2.2,3.0,5.2,1.2,0.2,1.0,1.0,4.8
4701845,Kadary Richmond,2550,Seton Hall Pirates,Guard,209.0,30,69,4,10,18,21,16,36,52,41,16,6,15,7,82,6,Big East,0.43478260869565216,0.4,0.8571428571428571,0.463768115942029,34.833333333333336,5.0,11.5,0.6666666666666666,1.6666666666666667,2.6666666666666665,6.0,8.666666666666666,6.833333333333333,2.6666666666666665,1.0,2.5,13.666666666666666
4701846,Puff Johnson,213,Penn State Nittany Lions,Forward,56.0,5,17,1,7,12,12,1,9,10,0,2,1,1,8,23,2,Big Ten,0.29411764705882354,0.14285714285714285,1.0,0.3235294117647059,28.0,2.5,8.5,0.5,3.5,0.5,4.5,5.0,0.0,1.0,0.5,0.5,11.5
4701847,Creighton Lebo,153,North Carolina Tar Heels,Guard,4.0,0,1,0,0,0,0,0,1,1,0,1,0,0,0,0,3,ACC,0.0,,,0.0,1.3333333333333333,0.0,0.3333333333333333,0.0,0.0,0.0,0.3333333333333333,0.3333333333333333,0.0,0.3333333333333333,0.0,0.0,0.0
4701848,Duwe Farris,153,North Carolina Tar Heels,Forward,3.0,0,0,0,0,0,0,0,0,0,1,0,0,0,0,0,3,ACC,,,,,1.0,0.0,0.0,0.0,0.0,0.0,0.0,0.0,0.3333333333333333,0.0,0.0,0.0,0.0
4701984,David N'Guessan,2306,Kansas State Wildcats,Forward,76.0,11,17,0,0,3,10,6,11,17,3,0,1,4,11,25,3,Big 12,0.6470588235294118,,0.3,0.6470588235294118,25.333333333333332,3.6666666666666665,5.666666666666667,0.0,0.0,2.0,3.6666666666666665,5.666666666666667,1.0,0.0,0.3333333333333333,1.3333333333333333,8.333333333333334
4701986,Malachi Poindexter,2287,Illinois State Redbirds,Guard,30.0,3,9,2,6,2,2,1,1,2,3,0,0,1,3,10,1,Missouri Valley,0.3333333333333333,0.3333333333333333,1.0,0.4444444444444444,30.0,3.0,9.0,2.0,6.0,1.0,1.0,2.0,3.0,0.0,0.0,1.0,10.0
4701989,Jyare Davis,48,Delaware Blue Hens,Forward,53.0,8,22,1,6,5,7,1,8,9,5,1,0,4,4,22,2,Coastal,0.36363636363636365,0.16666666666666666,0.7142857142857143,0.38636363636363635,26.5,4.0,11.0,0.5,3.0,0.5,4.0,4.5,2.5,0.5,0.0,2.0,11.0
4701990,Jeff Ngandu,140,Kansas City Roos,Forward,8.0,0,1,0,0,1,2,2,0,2,0,0,0,0,1,1,1,Summit League,0.0,,0.5,0.0,8.0,0.0,1.0,0.0,0.0,2.0,0.0,2.0,0.0,0.0,0.0,0.0,1.0
4701991,Steven Ashworth,156,Creighton Bluejays,Guard,145.0,17,43,12,31,17,17,0,14,14,19,3,0,6,11,63,4,Big East,0.3953488372093023,0.3870967741935484,1.0,0.5348837209302325,36.25,4.25,10.75,3.0,7.75,0.0,3.5,3.5,4.75,0.75,0.0,1.5,15.75
4701992,Max Shulga,2670,VCU Rams,Guard,223.0,22,47,10,25,15,17,5,20,25,27,6,3,17,12,69,7,Atlantic 10,0.46808510638297873,0.4,0.8823529411764706,0.574468085106383,31.857142857142858,3.142857142857143,6.714285714285714,1.4285714285714286,3.5714285714285716,0.7142857142857143,2.857142857142857,3.5714285714285716,3.857142857142857,0.8571428571428571,0.42857142857142855,2.4285714285714284,9.857142857142858
4701993,Szymon Zapala,2344,Longwood Lancers,Center,74.0,16,26,0,0,16,22,10,8,18,0,0,3,4,5,48,4,Big South,0.6153846153846154,,0.7272727272727273,0.6153846153846154,18.5,4.0,6.5,0.0,0.0,2.5,2.0,4.5,0.0,0.0,0.75,1.0,12.0
4702000,PJ Carter,2636,UTSA Roadrunners,Guard,38.0,4,14,3,8,1,2,0,2,2,0,2,1,1,2,12,1,American,0.2857142857142857,0.375,0.5,0.39285714285714285,38.0,4.0,14.0,3.0,8.0,0.0,2.0,2.0,0.0,2.0,1.0,1.0,12.0
4702004,Gediminas Mokseckas,2097,Campbell Fighting Camels,Guard,33.0,0,5,0,4,0,2,0,2,2,3,0,0,1,0,0,1,Coastal,0.0,0.0,0.0,0.0,33.0,0.0,5.0,0.0,4.0,0.0,2.0,2.0,3.0,0.0,0.0,1.0,0.0
4702005,Laurynas Vaistaras,2097,Campbell Fighting Camels,Forward,27.0,3,5,2,2,2,2,0,2,2,1,2,0,4,2,10,1,Coastal,0.6,1.0,1.0,0.8,27.0,3.0,5.0,2.0,2.0,0.0,2.0,2.0,1.0,2.0,0.0,4.0,10.0
4702011,Darrion Trammell,21,San Diego State Aztecs,Guard,186.0,14,36,12,24,9,11,4,17,21,21,12,2,11,12,49,6,Mountain West,0.3888888888888889,0.5,0.8181818181818182,0.5555555555555556,31.0,2.3333333333333335,6.0,2.0,4.0,0.6666666666666666,2.8333333333333335,3.5,3.5,2.0,0.3333333333333333,1.8333333333333333,8.166666666666666
4702012,Angelo Stuart,270,Milwaukee Panthers,Guard,11.0,3,5,0,2,2,3,0,0,0,0,0,0,0,1,8,1,Horizon,0.6,0.0,0.6666666666666666,0.6,11.0,3.0,5.0,0.0,2.0,0.0,0.0,0.0,0.0,0.0,0.0,0.0,8.0
4702014,Viktor Rajkovic,2547,Seattle U Redhawks,Forward,57.0,3,10,1,4,5,6,6,15,21,2,2,0,1,4,12,6,United Athletic,0.3,0.25,0.8333333333333334,0.35,9.5,0.5,1.6666666666666667,0.16666666666666666,0.6666666666666666,1.0,2.5,3.5,0.3333333333333333,0.3333333333333333,0.0,0.16666666666666666,2.0
4702017,Kobe Williamson,2547,Seattle U Redhawks,Guard,118.0,20,44,3,8,11,13,9,17,26,8,5,5,8,14,54,6,United Athletic,0.45454545454545453,0.375,0.8461538461538461,0.48863636363636365,19.666666666666668,3.3333333333333335,7.333333333333333,0.5,1.3333333333333333,1.5,2.8333333333333335,4.333333333333333,1.3333333333333333,0.8333333333333334,0.8333333333333334,1.3333333333333333,9.0
4702018,Matthew Levis,2547,Seattle U Redhawks,Guard,6.0,0,0,0,0,0,0,0,0,0,2,0,0,0,0,0,1,United Athletic,,,,,6.0,0.0,0.0,0.0,0.0,0.0,0.0,0.0,2.0,0.0,0.0,0.0,0.0
4702020,Kalen Williams,2837,Texas A&M-Commerce Lions,Guard,71.0,13,29,1,5,4,6,1,11,12,3,4,2,2,1,31,2,Southland,0.4482758620689655,0.2,0.6666666666666666,0.46551724137931033,35.5,6.5,14.5,0.5,2.5,0.5,5.5,6.0,1.5,2.0,1.0,1.0,15.5
4702022,Andrew Hurley,41,UConn Huskies,Guard,10.0,0,0,0,0,0,0,0,0,0,1,0,0,0,1,0,6,Big East,,,,,1.6666666666666667,0.0,0.0,0.0,0.0,0.0,0.0,0.0,0.16666666666666666,0.0,0.0,0.0,0.0
4702024,Javonte Brown,2711,Western Michigan Broncos,Center,9.0,0,0,0,0,0,0,0,3,3,0,0,0,0,3,0,1,Mid-American,,,,,9.0,0.0,0.0,0.0,0.0,0.0,3.0,3.0,0.0,0.0,0.0,0.0,0.0
4702027,Chance McMillian,2641,Texas Tech Red Raiders,Guard,101.0,14,25,5,14,7,8,5,10,15,6,4,0,3,4,40,3,Big 12,0.56,0.35714285714285715,0.875,0.66,33.666666666666664,4.666666666666667,8.333333333333334,1.6666666666666667,4.666666666666667,1.6666666666666667,3.3333333333333335,5.0,2.0,1.3333333333333333,0.0,1.0,13.333333333333334
4702029,Liam Lloyd,2464,Northern Arizona Lumberjacks,Guard,24.0,1,5,1,3,0,2,0,4,4,1,1,0,2,1,3,1,Big Sky,0.2,0.3333333333333333,0.0,0.3,24.0,1.0,5.0,1.0,3.0,0.0,4.0,4.0,1.0,1.0,0.0,2.0,3.0
4702040,Malik Wade,2856,California Baptist Lancers,Forward,15.0,0,0,0,0,0,0,1,4,5,1,0,1,1,1,0,2,United Athletic,,,,,7.5,0.0,0.0,0.0,0.0,0.5,2.0,2.5,0.5,0.0,0.5,0.5,0.0
4702041,Juhlawnei Stone,2617,Stephen F. Austin Lumberjacks,Forward,35.0,3,4,0,0,4,6,0,5,5,0,2,0,1,3,10,2,United Athletic,0.75,,0.6666666666666666,0.75,17.5,1.5,2.0,0.0,0.0,0.0,2.5,2.5,0.0,1.0,0.0,0.5,5.0
4702042,Te'Jon Sawyer,149,Montana Grizzlies,Forward,60.0,12,22,1,7,0,1,3,10,13,5,0,2,6,10,25,5,Big Sky,0.5454545454545454,0.14285714285714285,0.0,0.5681818181818182,12.0,2.4,4.4,0.2,1.4,0.6,2.0,2.6,1.0,0.0,0.4,1.2,5.0
4702046,Kam Woods,152,NC State Wolfpack,Guard,15.0,1,2,0,0,0,2,0,2,2,0,0,0,3,1,2,2,ACC,0.5,,0.0,0.5,7.5,0.5,1.0,0.0,0.0,0.0,1.0,1.0,0.0,0.0,0.0,1.5,1.0
4702049,Duke Miles,2272,High Point Panthers,Guard,143.0,29,62,8,20,14,18,0,12,12,18,5,0,13,13,80,5,Big South,0.46774193548387094,0.4,0.7777777777777778,0.532258064516129,28.6,5.8,12.4,1.6,4.0,0.0,2.4,2.4,3.6,1.0,0.0,2.6,16.0
4702052,Christian Turner,326,Texas State Bobcats,Forward,86.0,7,14,0,0,3,6,3,9,12,4,7,3,3,7,17,4,Sun Belt,0.5,,0.5,0.5,21.5,1.75,3.5,0.0,0.0,0.75,2.25,3.0,1.0,1.75,0.75,0.75,4.25
4702054,Brandyn Talbot,250,UT Arlington Mavericks,Guard,55.0,7,13,6,11,2,3,3,5,8,5,0,1,0,4,22,3,United Athletic,0.5384615384615384,0.5454545454545454,0.6666666666666666,0.7692307692307693,18.333333333333332,2.3333333333333335,4.333333333333333,2.0,3.6666666666666665,1.0,1.6666666666666667,2.6666666666666665,1.6666666666666667,0.0,0.3333333333333333,0.0,7.333333333333333
4702056,Shahada Wells,2377,McNeese Cowboys,Guard,103.0,21,55,5,18,26,28,3,7,10,13,10,0,4,2,73,3,Southland,0.38181818181818183,0.2777777777777778,0.9285714285714286,0.42727272727272725,34.333333333333336,7.0,18.333333333333332,1.6666666666666667,6.0,1.0,2.3333333333333335,3.3333333333333335,4.333333333333333,3.3333333333333335,0.0,1.3333333333333333,24.333333333333332
4702063,Jordan Sears,2630,UT Martin Skyhawks,Guard,39.0,13,28,2,10,6,8,1,3,4,5,0,1,5,3,34,1,Ohio Valley,0.4642857142857143,0.2,0.75,0.5,39.0,13.0,28.0,2.0,10.0,1.0,3.0,4.0,5.0,0.0,1.0,5.0,34.0
4702066,Dylan Dawson,326,Texas State Bobcats,Guard,94.0,10,18,6,13,2,2,1,5,6,1,3,0,4,11,28,4,Sun Belt,0.5555555555555556,0.46153846153846156,1.0,0.7222222222222222,23.5,2.5,4.5,1.5,3.25,0.25,1.25,1.5,0.25,0.75,0.0,1.0,7.0
4702068,Nate Martin,276,Marshall Thundering Herd,Forward,77.0,8,11,0,0,5,7,9,15,24,6,1,2,4,7,21,2,Sun Belt,0.7272727272727273,,0.7142857142857143,0.7272727272727273,38.5,4.0,5.5,0.0,0.0,4.5,7.5,12.0,3.0,0.5,1.0,2.0,10.5
4702074,Tyler Patterson,147,Montana State Bobcats,Guard,141.0,10,29,7,24,5,5,2,8,10,4,4,1,1,7,32,4,Big Sky,0.3448275862068966,0.2916666666666667,1.0,0.46551724137931033,35.25,2.5,7.25,1.75,6.0,0.5,2.0,2.5,1.0,1.0,0.25,0.25,8.0
4702078,Kellen Tynes,311,Maine Black Bears,Guard,29.0,3,8,1,2,2,2,1,1,2,2,2,1,1,1,9,1,America East,0.375,0.5,1.0,0.4375,29.0,3.0,8.0,1.0,2.0,1.0,1.0,2.0,2.0,2.0,1.0,1.0,9.0
4702084,Connor Creech,2458,Northern Colorado Bears,Guard,23.0,1,3,0,2,2,2,2,5,7,1,0,0,1,0,4,1,Big Sky,0.3333333333333333,0.0,1.0,0.3333333333333333,23.0,1.0,3.0,0.0,2.0,2.0,5.0,7.0,1.0,0.0,0.0,1.0,4.0
4702088,Theo Hughes,2458,Northern Colorado Bears,Center,10.0,0,1,0,0,0,0,0,1,1,0,0,1,2,2,0,2,Big Sky,0.0,,,0.0,5.0,0.0,0.5,0.0,0.0,0.0,0.5,0.5,0.0,0.0,0.5,1.0,0.0
4702092,Thomas Howell,6,South Alabama Jaguars,Forward,6.0,0,1,0,0,0,0,1,0,1,0,0,0,0,0,0,1,Sun Belt,0.0,,,0.0,6.0,0.0,1.0,0.0,0.0,1.0,0.0,1.0,0.0,0.0,0.0,0.0,0.0
4702099,Zack Austin,221,Pittsburgh Panthers,Forward,23.0,1,6,1,5,0,0,2,4,6,0,1,2,1,3,3,2,ACC,0.16666666666666666,0.2,,0.25,11.5,0.5,3.0,0.5,2.5,1.0,2.0,3.0,0.0,0.5,1.0,0.5,1.5
4702100,Bryson Childress,2272,High Point Panthers,Guard,1.0,0,1,0,1,0,0,0,0,0,0,0,0,0,0,0,1,Big South,0.0,0.0,,0.0,1.0,0.0,1.0,0.0,1.0,0.0,0.0,0.0,0.0,0.0,0.0,0.0,0.0
4702103,Alex Holt,2382,Mercer Bears,Forward,48.0,5,7,0,0,1,6,1,7,8,2,2,3,1,5,11,2,Southern,0.7142857142857143,,0.16666666666666666,0.7142857142857143,24.0,2.5,3.5,0.0,0.0,0.5,3.5,4.0,1.0,1.0,1.5,0.5,5.5
4702104,Jaden House,227,Rhode Island Rams,Guard,34.0,8,12,1,3,1,3,1,2,3,1,0,0,2,3,18,1,Atlantic 10,0.6666666666666666,0.3333333333333333,0.3333333333333333,0.7083333333333334,34.0,8.0,12.0,1.0,3.0,1.0,2.0,3.0,1.0,0.0,0.0,2.0,18.0
4702105,Michael Thomas,309,Louisiana Ragin' Cajuns,Guard,64.0,4,16,1,6,2,2,1,2,3,6,2,0,4,7,11,2,Sun Belt,0.25,0.16666666666666666,1.0,0.28125,32.0,2.0,8.0,0.5,3.0,0.5,1.0,1.5,3.0,1.0,0.0,2.0,5.5
4702106,Kentrell Garnett,309,Louisiana Ragin' Cajuns,Guard,58.0,8,15,4,10,4,4,0,4,4,4,3,0,4,2,24,2,Sun Belt,0.5333333333333333,0.4,1.0,0.6666666666666666,29.0,4.0,7.5,2.0,5.0,0.0,2.0,2.0,2.0,1.5,0.0,2.0,12.0
4702107,Isaiah Richards,2241,Gardner-Webb Runnin' Bulldogs,Forward,25.0,5,6,0,0,3,3,4,2,6,2,1,3,2,2,13,2,Big South,0.8333333333333334,,1.0,0.8333333333333334,12.5,2.5,3.0,0.0,0.0,2.0,1.0,3.0,1.0,0.5,1.5,1.0,6.5
4702110,Collin Moore,2253,Grand Canyon Lopes,Guard,99.0,9,19,3,8,10,13,2,8,10,5,6,0,5,11,31,4,United Athletic,0.47368421052631576,0.375,0.7692307692307693,0.5526315789473685,24.75,2.25,4.75,0.75,2.0,0.5,2.0,2.5,1.25,1.5,0.0,1.25,7.75
4702111,Kaleb Scott,2506,Presbyterian Blue Hose,Forward,52.0,7,16,0,0,4,7,4,11,15,1,1,1,3,2,18,2,Big South,0.4375,,0.5714285714285714,0.4375,26.0,3.5,8.0,0.0,0.0,2.0,5.5,7.5,0.5,0.5,0.5,1.5,9.0
4702115,Cam Bryant,290,Georgia Southern Eagles,Forward,39.0,4,14,1,7,2,6,4,7,11,4,1,1,1,4,11,2,Sun Belt,0.2857142857142857,0.14285714285714285,0.3333333333333333,0.32142857142857145,19.5,2.0,7.0,0.5,3.5,2.0,3.5,5.5,2.0,0.5,0.5,0.5,5.5
4702126,Jesper Granlund,2344,Longwood Lancers,Forward,88.0,5,12,3,7,7,8,1,3,4,3,2,0,3,6,20,4,Big South,0.4166666666666667,0.42857142857142855,0.875,0.5416666666666666,22.0,1.25,3.0,0.75,1.75,0.25,0.75,1.0,0.75,0.5,0.0,0.75,5.0
4702127,Justin Hill,61,Georgia Bulldogs,Guard,148.0,26,67,8,25,18,22,0,9,9,16,3,0,9,5,78,6,SEC,0.3880597014925373,0.32,0.8181818181818182,0.44776119402985076,24.666666666666668,4.333333333333333,11.166666666666666,1.3333333333333333,4.166666666666667,0.0,1.5,1.5,2.6666666666666665,0.5,0.0,1.5,13.0
4702131,Lazar Grbovic,2197,Eastern Illinois Panthers,Forward,12.0,1,2,0,0,0,0,1,2,3,0,0,0,0,1,2,1,Ohio Valley,0.5,,,0.5,12.0,1.0,2.0,0.0,0.0,1.0,2.0,3.0,0.0,0.0,0.0,0.0,2.0
4702134,Norchad Omier,2390,Miami Hurricanes,Forward,29.0,8,18,0,4,2,2,9,4,13,2,2,0,1,3,18,1,ACC,0.4444444444444444,0.0,1.0,0.4444444444444444,29.0,8.0,18.0,0.0,4.0,9.0,4.0,13.0,2.0,2.0,0.0,1.0,18.0
4702138,Paris Dawson,2547,Seattle U Redhawks,Guard,120.0,8,19,2,8,3,4,3,14,17,8,4,2,3,9,21,6,United Athletic,0.42105263157894735,0.25,0.75,0.47368421052631576,20.0,1.3333333333333333,3.1666666666666665,0.3333333333333333,1.3333333333333333,0.5,2.3333333333333335,2.8333333333333335,1.3333333333333333,0.6666666666666666,0.3333333333333333,0.5,3.5
4702141,BJ Marable,98,Western Kentucky Hilltoppers,Forward,9.0,1,1,0,0,0,1,1,1,2,0,1,0,1,3,2,3,Conference USA,1.0,,0.0,1.0,3.0,0.3333333333333333,0.3333333333333333,0.0,0.0,0.3333333333333333,0.3333333333333333,0.6666666666666666,0.0,0.3333333333333333,0.0,0.3333333333333333,0.6666666666666666
4702143,BJ McLaurin,2511,Queens University Royals,Forward,54.0,7,18,2,8,5,6,4,11,15,4,2,0,1,5,21,2,ASUN,0.3888888888888889,0.25,0.8333333333333334,0.4444444444444444,27.0,3.5,9.0,1.0,4.0,2.0,5.5,7.5,2.0,1.0,0.0,0.5,10.5
4702150,Khristian Lander,98,Western Kentucky Hilltoppers,Guard,97.0,14,31,4,12,11,12,5,10,15,5,6,0,7,7,43,4,Conference USA,0.45161290322580644,0.3333333333333333,0.9166666666666666,0.5161290322580645,24.25,3.5,7.75,1.0,3.0,1.25,2.5,3.75,1.25,1.5,0.0,1.75,10.75
4702155,Jason Spurgin,189,Bowling Green Falcons,Center,92.0,10,24,1,9,4,5,2,15,17,8,2,5,5,5,25,3,Mid-American,0.4166666666666667,0.1111111111111111,0.8,0.4375,30.666666666666668,3.3333333333333335,8.0,0.3333333333333333,3.0,0.6666666666666666,5.0,5.666666666666667,2.6666666666666665,0.6666666666666666,1.6666666666666667,1.6666666666666667,8.333333333333334
4702159,Dillon Jones,2692,Weber State Wildcats,Forward,36.0,7,15,1,3,4,4,0,2,2,5,2,0,6,4,19,1,Big Sky,0.4666666666666667,0.3333333333333333,1.0,0.5,36.0,7.0,15.0,1.0,3.0,0.0,2.0,2.0,5.0,2.0,0.0,6.0,19.0
4702178,Keon Ambrose-Hylton,2567,SMU Mustangs,Forward,33.0,2,5,1,1,2,3,2,5,7,3,0,0,2,6,7,2,American,0.4,1.0,0.6666666666666666,0.5,16.5,1.0,2.5,0.5,0.5,1.0,2.5,3.5,1.5,0.0,0.0,1.0,3.5
4702195,Ray Harrison,2253,Grand Canyon Lopes,Guard,142.0,15,49,1,16,28,33,5,8,13,15,2,1,11,10,59,4,United Athletic,0.30612244897959184,0.0625,0.8484848484848485,0.3163265306122449,35.5,3.75,12.25,0.25,4.0,1.25,2.0,3.25,3.75,0.5,0.25,2.75,14.75
4702196,Kobe Stewart,2506,Presbyterian Blue Hose,Guard,71.0,8,18,3,12,1,1,3,6,9,2,5,0,2,3,20,2,Big South,0.4444444444444444,0.25,1.0,0.5277777777777778,35.5,4.0,9.0,1.5,6.0,1.5,3.0,4.5,1.0,2.5,0.0,1.0,10.0
4702212,Keishon Porter,2428,North Carolina Central Eagles,Guard,67.0,10,17,2,5,6,9,7,5,12,1,0,1,3,5,28,2,MEAC,0.5882352941176471,0.4,0.6666666666666666,0.6470588235294118,33.5,5.0,8.5,1.0,2.5,3.5,2.5,6.0,0.5,0.0,0.5,1.5,14.0
4702226,Toneari Lane,2247,Georgia State Panthers,Guard,35.0,7,12,4,7,1,1,0,2,2,0,0,1,1,2,19,1,Sun Belt,0.5833333333333334,0.5714285714285714,1.0,0.75,35.0,7.0,12.0,4.0,7.0,0.0,2.0,2.0,0.0,0.0,1.0,1.0,19.0
4702236,Terrance Williams II,130,Michigan Wolverines,Forward,36.0,5,9,0,1,5,7,1,5,6,3,1,0,1,2,15,1,Big Ten,0.5555555555555556,0.0,0.7142857142857143,0.5555555555555556,36.0,5.0,9.0,0.0,1.0,1.0,5.0,6.0,3.0,1.0,0.0,1.0,15.0
4702244,Davis Smith,127,Michigan State Spartans,Guard,2.0,1,2,1,1,0,0,0,0,0,0,0,0,0,0,3,2,Big Ten,0.5,1.0,,0.75,1.0,0.5,1.0,0.5,0.5,0.0,0.0,0.0,0.0,0.0,0.0,0.0,1.5
4702252,Jack May,57,Florida Gators,Guard,1.0,0,0,0,0,0,0,0,0,0,0,1,0,0,0,0,1,SEC,,,,,1.0,0.0,0.0,0.0,0.0,0.0,0.0,0.0,0.0,1.0,0.0,0.0,0.0
4702280,Elijah Wood,2612,Saint Peter's Peacocks,Guard,3.0,0,0,0,0,0,0,0,0,0,0,0,0,0,0,0,1,MAAC,,,,,3.0,0.0,0.0,0.0,0.0,0.0,0.0,0.0,0.0,0.0,0.0,0.0,0.0
4702290,Dom Martinelli,2900,St. Thomas-Minnesota Tommies,Guard,1.0,0,1,0,0,0,0,0,0,0,0,0,0,0,0,0,1,Summit League,0.0,,,0.0,1.0,0.0,1.0,0.0,0.0,0.0,0.0,0.0,0.0,0.0,0.0,0.0,0.0
4702328,Andy Christos,213,Penn State Nittany Lions,Guard,1.0,0,0,0,0,0,0,0,0,0,0,0,0,0,0,0,1,Big Ten,,,,,1.0,0.0,0.0,0.0,0.0,0.0,0.0,0.0,0.0,0.0,0.0,0.0,0.0
4702329,Abdou Tsimbila,2230,Fordham Rams,Forward,44.0,7,12,0,0,5,6,10,3,13,0,1,2,1,7,19,2,Atlantic 10,0.5833333333333334,,0.8333333333333334,0.5833333333333334,22.0,3.5,6.0,0.0,0.0,5.0,1.5,6.5,0.0,0.5,1.0,0.5,9.5
4702333,Carson Barrett,2509,Purdue Boilermakers,Guard,5.0,1,3,1,3,0,0,0,0,0,0,0,0,1,1,3,3,Big Ten,0.3333333333333333,0.3333333333333333,,0.5,1.6666666666666667,0.3333333333333333,1.0,0.3333333333333333,1.0,0.0,0.0,0.0,0.0,0.0,0.0,0.3333333333333333,1.0
4702334,Chase Martin,2509,Purdue Boilermakers,Guard,5.0,0,1,0,0,0,0,0,0,0,0,0,0,0,0,0,3,Big Ten,0.0,,,0.0,1.6666666666666667,0.0,0.3333333333333333,0.0,0.0,0.0,0.0,0.0,0.0,0.0,0.0,0.0,0.0
4702344,Francesco Borra,302,UC Davis Aggies,Forward,34.0,2,3,0,0,0,0,4,5,9,2,1,1,1,6,4,2,Big West,0.6666666666666666,,,0.6666666666666666,17.0,1.0,1.5,0.0,0.0,2.0,2.5,4.5,1.0,0.5,0.5,0.5,2.0
4702350,Dyson Koehler,2692,Weber State Wildcats,Forward,35.0,5,12,3,8,1,2,1,1,2,0,2,1,0,2,14,1,Big Sky,0.4166666666666667,0.375,0.5,0.5416666666666666,35.0,5.0,12.0,3.0,8.0,1.0,1.0,2.0,0.0,2.0,1.0,0.0,14.0
4702353,Brantly Stevenson,2856,California Baptist Lancers,Guard,52.0,5,12,3,9,0,0,0,2,2,3,0,0,0,2,13,2,United Athletic,0.4166666666666667,0.3333333333333333,,0.5416666666666666,26.0,2.5,6.0,1.5,4.5,0.0,1.0,1.0,1.5,0.0,0.0,0.0,6.5
4702357,Wil Tattersall,27,UC Riverside Highlanders,Forward,8.0,0,0,0,0,0,0,0,2,2,1,0,0,0,1,0,2,Big West,,,,,4.0,0.0,0.0,0.0,0.0,0.0,1.0,1.0,0.5,0.0,0.0,0.0,0.0
4702362,Le'Tre Darthard,201,Oklahoma Sooners,Guard,36.0,3,10,3,8,3,4,0,1,1,1,1,0,3,4,12,1,Big 12,0.3,0.375,0.75,0.45,36.0,3.0,10.0,3.0,8.0,0.0,1.0,1.0,1.0,1.0,0.0,3.0,12.0
4702365,Jaden McClanahan,3084,Utah Valley Wolverines,Guard,31.0,0,3,0,2,0,0,0,2,2,2,0,0,3,3,0,1,United Athletic,0.0,0.0,,0.0,31.0,0.0,3.0,0.0,2.0,0.0,2.0,2.0,2.0,0.0,0.0,3.0,0.0
4702371,Tibet Gorener,23,San José State Spartans,Forward,37.0,3,7,1,5,0,0,0,3,3,1,0,0,0,4,7,1,Mountain West,0.42857142857142855,0.2,,0.5,37.0,3.0,7.0,1.0,5.0,0.0,3.0,3.0,1.0,0.0,0.0,0.0,7.0
4702373,Grant Weitman,12,Arizona Wildcats,Guard,2.0,0,1,0,0,0,0,1,1,2,0,0,0,0,0,0,1,Pac-12,0.0,,,0.0,2.0,0.0,1.0,0.0,0.0,1.0,1.0,2.0,0.0,0.0,0.0,0.0,0.0
4702377,Pavlo Dziuba,2272,High Point Panthers,Forward,43.0,3,4,0,0,2,2,5,3,8,0,0,0,1,11,8,5,Big South,0.75,,1.0,0.75,8.6,0.6,0.8,0.0,0.0,1.0,0.6,1.6,0.0,0.0,0.0,0.2,1.6
4702380,Luke O'Brien,38,Colorado Buffaloes,Guard,164.0,15,32,5,17,10,14,7,17,24,12,4,2,3,16,45,6,Pac-12,0.46875,0.29411764705882354,0.7142857142857143,0.546875,27.333333333333332,2.5,5.333333333333333,0.8333333333333334,2.8333333333333335,1.1666666666666667,2.8333333333333335,4.0,2.0,0.6666666666666666,0.3333333333333333,0.5,7.5
4702382,Tristan da Silva,38,Colorado Buffaloes,Forward,218.0,35,65,13,26,7,9,4,17,21,14,6,2,7,14,90,6,Pac-12,0.5384615384615384,0.5,0.7777777777777778,0.6384615384615384,36.333333333333336,5.833333333333333,10.833333333333334,2.1666666666666665,4.333333333333333,0.6666666666666666,2.8333333333333335,3.5,2.3333333333333335,1.0,0.3333333333333333,1.1666666666666667,15.0
4702384,Nique Clifford,36,Colorado State Rams,Guard,151.0,20,46,4,17,8,13,7,41,48,23,4,7,9,15,52,5,Mountain West,0.43478260869565216,0.23529411764705882,0.6153846153846154,0.4782608695652174,30.2,4.0,9.2,0.8,3.4,1.4,8.2,9.6,4.6,0.8,1.4,1.8,10.4
4702387,Jalen Terry,305,DePaul Blue Demons,Guard,36.0,6,12,4,9,2,2,3,12,15,5,1,0,2,1,18,1,Big East,0.5,0.4444444444444444,1.0,0.6666666666666666,36.0,6.0,12.0,4.0,9.0,3.0,12.0,15.0,5.0,1.0,0.0,2.0,18.0
4702389,Isaiah Johnson,2502,Portland State Vikings,Forward,22.0,3,9,1,1,3,4,3,2,5,2,2,0,1,2,10,1,Big Sky,0.3333333333333333,1.0,0.75,0.3888888888888889,22.0,3.0,9.0,1.0,1.0,3.0,2.0,5.0,2.0,2.0,0.0,1.0,10.0
4702431,Andersson Garcia,245,Texas A&M Aggies,Forward,123.0,8,12,1,2,14,21,19,16,35,5,3,3,1,17,31,5,SEC,0.6666666666666666,0.5,0.6666666666666666,0.7083333333333334,24.6,1.6,2.4,0.2,0.4,3.8,3.2,7.0,1.0,0.6,0.6,0.2,6.2
4702432,Derek Fountain,99,LSU Tigers,Forward,37.0,0,3,0,1,0,0,1,8,9,2,3,1,5,4,0,2,SEC,0.0,0.0,,0.0,18.5,0.0,1.5,0.0,0.5,0.5,4.0,4.5,1.0,1.5,0.5,2.5,0.0
4702442,Matthew Murrell,145,Ole Miss Rebels,Guard,32.0,4,10,3,5,3,6,1,2,3,5,0,0,2,2,14,1,SEC,0.4,0.6,0.5,0.55,32.0,4.0,10.0,3.0,5.0,1.0,2.0,3.0,5.0,0.0,0.0,2.0,14.0
4702465,Carlos Rosario,2181,Drake Bulldogs,Forward,41.0,0,3,0,0,4,6,2,3,5,1,0,0,0,2,4,4,Missouri Valley,0.0,,0.6666666666666666,0.0,10.25,0.0,0.75,0.0,0.0,0.5,0.75,1.25,0.25,0.0,0.0,0.0,1.0
4702466,Andrej Jakimovski,265,Washington State Cougars,Forward,147.0,8,30,7,22,6,10,3,22,25,1,1,2,3,5,29,4,Pac-12,0.26666666666666666,0.3181818181818182,0.6,0.38333333333333336,36.75,2.0,7.5,1.75,5.5,0.75,5.5,6.25,0.25,0.25,0.5,0.75,7.25
4702478,Lorenzo Donadio,44,American University Eagles,Guard,29.0,6,13,3,6,1,1,0,6,6,1,0,0,1,1,16,1,Patriot League,0.46153846153846156,0.5,1.0,0.5769230769230769,29.0,6.0,13.0,3.0,6.0,0.0,6.0,6.0,1.0,0.0,0.0,1.0,16.0
4702481,Johnny O'Neil,2541,Santa Clara Broncos,Forward,42.0,9,17,2,6,3,3,2,5,7,2,4,1,4,4,23,2,West Coast,0.5294117647058824,0.3333333333333333,1.0,0.5882352941176471,21.0,4.5,8.5,1.0,3.0,1.0,2.5,3.5,1.0,2.0,0.5,2.0,11.5
4702484,Latrell Wrightsell Jr.,333,Alabama Crimson Tide,Guard,89.0,12,25,7,15,0,0,0,9,9,4,1,1,2,7,31,4,SEC,0.48,0.4666666666666667,,0.62,22.25,3.0,6.25,1.75,3.75,0.0,2.25,2.25,1.0,0.25,0.25,0.5,7.75
4702487,Dante Maddox Jr.,2649,Toledo Rockets,Guard,37.0,7,14,1,5,4,4,0,9,9,0,3,0,0,2,19,1,Mid-American,0.5,0.2,1.0,0.5357142857142857,37.0,7.0,14.0,1.0,5.0,0.0,9.0,9.0,0.0,3.0,0.0,0.0,19.0
4702490,Miles Brewster,104,Boston University Terriers,Guard,69.0,6,16,3,9,4,6,0,9,9,10,2,2,4,7,19,2,Patriot League,0.375,0.3333333333333333,0.6666666666666666,0.46875,34.5,3.0,8.0,1.5,4.5,0.0,4.5,4.5,5.0,1.0,1.0,2.0,9.5
4702491,Atin Wright,2181,Drake Bulldogs,Guard,126.0,25,45,11,24,8,12,3,7,10,4,7,0,4,4,69,4,Missouri Valley,0.5555555555555556,0.4583333333333333,0.6666666666666666,0.6777777777777778,31.5,6.25,11.25,2.75,6.0,0.75,1.75,2.5,1.0,1.75,0.0,1.0,17.25
4702495,Alex Merkviladze,2351,Loyola Marymount Lions,Forward,37.0,3,12,1,6,2,2,1,7,8,3,1,0,2,4,9,1,West Coast,0.25,0.16666666666666666,1.0,0.2916666666666667,37.0,3.0,12.0,1.0,6.0,1.0,7.0,8.0,3.0,1.0,0.0,2.0,9.0
4702496,Fidelis Okereke,2934,Cal State Bakersfield Roadrunners,Forward,8.0,0,1,0,0,0,0,1,0,1,0,0,0,1,0,0,1,Big West,0.0,,,0.0,8.0,0.0,1.0,0.0,0.0,1.0,0.0,1.0,0.0,0.0,0.0,1.0,0.0
4702497,Deuce Turner,301,San Diego Toreros,Guard,54.0,6,26,3,10,6,7,0,3,3,5,2,1,4,4,21,2,West Coast,0.23076923076923078,0.3,0.8571428571428571,0.28846153846153844,27.0,3.0,13.0,1.5,5.0,0.0,1.5,1.5,2.5,1.0,0.5,2.0,10.5
4702498,Josh Adoh,2083,Bucknell Bison,Guard,18.0,2,5,0,2,4,5,2,2,4,0,3,0,0,4,8,2,Patriot League,0.4,0.0,0.8,0.4,9.0,1.0,2.5,0.0,1.0,1.0,1.0,2.0,0.0,1.5,0.0,0.0,4.0
4702499,Andre Screen,2086,Butler Bulldogs,Center,15.0,2,3,0,0,0,0,1,6,7,1,0,1,2,2,4,2,Big East,0.6666666666666666,,,0.6666666666666666,7.5,1.0,1.5,0.0,0.0,0.5,3.0,3.5,0.5,0.0,0.5,1.0,2.0
4702500,Alek Delev,2083,Bucknell Bison,Guard,1.0,0,1,0,0,0,0,0,0,0,0,0,0,0,0,0,1,Patriot League,0.0,,,0.0,1.0,0.0,1.0,0.0,0.0,0.0,0.0,0.0,0.0,0.0,0.0,0.0,0.0
4702501,Sam Thomson,2142,Colgate Raiders,Forward,47.0,7,11,0,0,4,9,5,3,8,2,1,0,1,3,18,4,Patriot League,0.6363636363636364,,0.4444444444444444,0.6363636363636364,11.75,1.75,2.75,0.0,0.0,1.25,0.75,2.0,0.5,0.25,0.0,0.25,4.5
4702503,Jeff Woodward,2142,Colgate Raiders,Forward,79.0,12,16,0,0,11,25,9,5,14,7,1,3,5,4,35,4,Patriot League,0.75,,0.44,0.75,19.75,3.0,4.0,0.0,0.0,2.25,1.25,3.5,1.75,0.25,0.75,1.25,8.75
4702504,JoVon McClanahan,62,Hawai'i Rainbow Warriors,Guard,38.0,4,8,0,0,7,7,2,2,4,8,0,0,4,4,15,2,Big West,0.5,,1.0,0.5,19.0,2.0,4.0,0.0,0.0,1.0,1.0,2.0,4.0,0.0,0.0,2.0,7.5
4702509,Bo Montgomery,107,Holy Cross Crusaders,Guard,58.0,7,15,5,10,6,8,0,11,11,3,2,1,3,6,25,2,Patriot League,0.4666666666666667,0.5,0.75,0.6333333333333333,29.0,3.5,7.5,2.5,5.0,0.0,5.5,5.5,1.5,1.0,0.5,1.5,12.5
4702512,Judson Martindale,279,Pacific Tigers,Guard,33.0,5,11,2,5,0,0,0,2,2,0,1,2,3,1,12,1,West Coast,0.45454545454545453,0.4,,0.5454545454545454,33.0,5.0,11.0,2.0,5.0,0.0,2.0,2.0,0.0,1.0,2.0,3.0,12.0
4702513,Louth-M Coulibaly,107,Holy Cross Crusaders,Forward,24.0,2,2,0,0,2,4,4,2,6,0,0,1,1,2,6,2,Patriot League,1.0,,0.5,1.0,12.0,1.0,1.0,0.0,0.0,2.0,1.0,3.0,0.0,0.0,0.5,0.5,3.0
4702514,Jalin Sinclair,2329,Lehigh Mountain Hawks,Guard,5.0,0,0,0,0,0,0,0,0,0,2,0,0,2,0,0,2,Patriot League,,,,,2.5,0.0,0.0,0.0,0.0,0.0,0.0,0.0,1.0,0.0,0.0,1.0,0.0
4702516,Jayshen Saigal,2329,Lehigh Mountain Hawks,Guard,5.0,0,0,0,0,0,0,1,1,2,0,0,0,0,0,0,2,Patriot League,,,,,2.5,0.0,0.0,0.0,0.0,0.5,0.5,1.0,0.0,0.0,0.0,0.0,0.0
4702518,Dominic Parolin,2329,Lehigh Mountain Hawks,Forward,55.0,5,14,1,1,3,5,4,9,13,3,0,4,5,5,14,2,Patriot League,0.35714285714285715,1.0,0.6,0.39285714285714285,27.5,2.5,7.0,0.5,0.5,2.0,4.5,6.5,1.5,0.0,2.0,2.5,7.0
4702519,JT Tan,2329,Lehigh Mountain Hawks,Center,5.0,0,0,0,0,0,0,0,0,0,0,0,0,0,1,0,2,Patriot League,,,,,2.5,0.0,0.0,0.0,0.0,0.0,0.0,0.0,0.0,0.0,0.0,0.0,0.0
4702520,Alonso Faure,2352,Loyola Maryland Greyhounds,Forward,19.0,3,7,1,2,0,0,1,3,4,0,0,0,0,3,7,1,Patriot League,0.42857142857142855,0.5,,0.5,19.0,3.0,7.0,1.0,2.0,1.0,3.0,4.0,0.0,0.0,0.0,0.0,7.0
4702521,Austin Inge,2426,Navy Midshipmen,Guard,21.0,0,3,0,1,0,0,0,1,1,1,0,0,0,4,0,2,Patriot League,0.0,0.0,,0.0,10.5,0.0,1.5,0.0,0.5,0.0,0.5,0.5,0.5,0.0,0.0,0.0,0.0
4702522,Trae Broadnax,2908,South Carolina Upstate Spartans,Guard,30.0,3,8,1,4,2,4,1,2,3,2,0,0,0,3,9,1,Big South,0.375,0.25,0.5,0.4375,30.0,3.0,8.0,1.0,4.0,1.0,2.0,3.0,2.0,0.0,0.0,0.0,9.0
4702528,Jaxson Robinson,252,BYU Cougars,Guard,89.0,16,41,11,28,8,8,1,7,8,2,1,0,5,9,51,3,Big 12,0.3902439024390244,0.39285714285714285,1.0,0.524390243902439,29.666666666666668,5.333333333333333,13.666666666666666,3.6666666666666665,9.333333333333334,0.3333333333333333,2.3333333333333335,2.6666666666666665,0.6666666666666666,0.3333333333333333,0.0,1.6666666666666667,17.0
4702530,Tyrin Lawrence,238,Vanderbilt Commodores,Guard,35.0,2,5,1,2,1,3,0,6,6,3,2,0,0,3,6,1,SEC,0.4,0.5,0.3333333333333333,0.5,35.0,2.0,5.0,1.0,2.0,0.0,6.0,6.0,3.0,2.0,0.0,0.0,6.0
4702531,Trey Thomas,189,Bowling Green Falcons,Guard,102.0,10,26,8,20,12,12,1,8,9,5,2,0,4,5,40,3,Mid-American,0.38461538461538464,0.4,1.0,0.5384615384615384,34.0,3.3333333333333335,8.666666666666666,2.6666666666666665,6.666666666666667,0.3333333333333333,2.6666666666666665,3.0,1.6666666666666667,0.6666666666666666,0.0,1.3333333333333333,13.333333333333334
4702534,Carter Gilmore,275,Wisconsin Badgers,Forward,48.0,4,10,2,5,3,3,5,2,7,5,0,0,4,6,13,4,Big Ten,0.4,0.4,1.0,0.5,12.0,1.0,2.5,0.5,1.25,1.25,0.5,1.75,1.25,0.0,0.0,1.0,3.25
4702596,Niko Rocak,302,UC Davis Aggies,Forward,40.0,0,0,0,0,2,2,1,4,5,1,2,0,3,6,2,2,Big West,,,1.0,,20.0,0.0,0.0,0.0,0.0,0.5,2.0,2.5,0.5,1.0,0.0,1.5,1.0
4702598,Yacine Toumi,339,Evansville Purple Aces,Forward,57.0,9,17,0,3,6,7,3,14,17,3,3,0,2,8,24,2,Missouri Valley,0.5294117647058824,0.0,0.8571428571428571,0.5294117647058824,28.5,4.5,8.5,0.0,1.5,1.5,7.0,8.5,1.5,1.5,0.0,1.0,12.0
4702602,CJ Huntley,2026,Appalachian State Mountaineers,Forward,54.0,12,17,2,7,0,0,3,6,9,0,1,4,2,5,26,3,Sun Belt,0.7058823529411765,0.2857142857142857,,0.7647058823529411,18.0,4.0,5.666666666666667,0.6666666666666666,2.3333333333333335,1.0,2.0,3.0,0.0,0.3333333333333333,1.3333333333333333,0.6666666666666666,8.666666666666666
4702606,Bryce Pope,28,UC San Diego Tritons,Guard,37.0,6,15,4,8,0,2,0,3,3,3,2,1,3,0,16,1,Big West,0.4,0.5,0.0,0.5333333333333333,37.0,6.0,15.0,4.0,8.0,0.0,3.0,3.0,3.0,2.0,1.0,3.0,16.0
4702611,Jace Roquemore,261,Vermont Catamounts,Guard,44.0,4,9,1,3,0,0,1,5,6,1,1,0,2,0,9,4,America East,0.4444444444444444,0.3333333333333333,,0.5,11.0,1.0,2.25,0.25,0.75,0.25,1.25,1.5,0.25,0.25,0.0,0.5,2.25
4702618,Braden Lamar,2710,Western Illinois Leathernecks,Guard,5.0,0,0,0,0,0,0,1,0,1,0,1,0,1,0,0,2,Ohio Valley,,,,,2.5,0.0,0.0,0.0,0.0,0.5,0.0,0.5,0.0,0.5,0.0,0.5,0.0
4702628,DJ Davis,2086,Butler Bulldogs,Guard,62.0,7,18,4,11,5,7,1,4,5,11,3,1,6,2,23,2,Big East,0.3888888888888889,0.36363636363636365,0.7142857142857143,0.5,31.0,3.5,9.0,2.0,5.5,0.5,2.0,2.5,5.5,1.5,0.5,3.0,11.5
4702629,Andre Henry,300,UC Irvine Anteaters,Guard,53.0,4,13,2,6,1,1,2,5,7,3,2,0,0,5,11,2,Big West,0.3076923076923077,0.3333333333333333,1.0,0.38461538461538464,26.5,2.0,6.5,1.0,3.0,1.0,2.5,3.5,1.5,1.0,0.0,0.0,5.5
4702635,Paxton Payne,325,Cleveland State Vikings,Guard,6.0,0,0,0,0,0,0,0,0,0,1,0,0,2,2,0,2,Horizon,,,,,3.0,0.0,0.0,0.0,0.0,0.0,0.0,0.0,0.5,0.0,0.0,1.0,0.0
4702644,Luke Appel,2571,South Dakota State Jackrabbits,Forward,129.0,20,36,4,8,9,11,1,22,23,14,1,0,11,8,53,4,Summit League,0.5555555555555556,0.5,0.8181818181818182,0.6111111111111112,32.25,5.0,9.0,1.0,2.0,0.25,5.5,5.75,3.5,0.25,0.0,2.75,13.25
4702649,Max Burchill,233,South Dakota Coyotes,Guard,28.0,0,1,0,1,2,2,1,4,5,1,0,0,2,5,2,1,Summit League,0.0,0.0,1.0,0.0,28.0,0.0,1.0,0.0,1.0,1.0,4.0,5.0,1.0,0.0,0.0,2.0,2.0
4702654,Nicholas Boyd,2226,Florida Atlantic Owls,Guard,61.0,6,17,1,6,8,8,2,10,12,3,0,0,4,5,21,3,American,0.35294117647058826,0.16666666666666666,1.0,0.38235294117647056,20.333333333333332,2.0,5.666666666666667,0.3333333333333333,2.0,0.6666666666666666,3.3333333333333335,4.0,1.0,0.0,0.0,1.3333333333333333,7.0
4702655,Johnell Davis,2226,Florida Atlantic Owls,Guard,103.0,20,38,2,12,12,13,1,16,17,5,4,0,19,9,54,3,American,0.5263157894736842,0.16666666666666666,0.9230769230769231,0.5526315789473685,34.333333333333336,6.666666666666667,12.666666666666666,0.6666666666666666,4.0,0.3333333333333333,5.333333333333333,5.666666666666667,1.6666666666666667,1.3333333333333333,0.0,6.333333333333333,18.0
4702656,Alijah Martin,2226,Florida Atlantic Owls,Guard,102.0,7,24,2,15,9,12,0,15,15,3,3,0,1,7,25,3,American,0.2916666666666667,0.13333333333333333,0.75,0.3333333333333333,34.0,2.3333333333333335,8.0,0.6666666666666666,5.0,0.0,5.0,5.0,1.0,1.0,0.0,0.3333333333333333,8.333333333333334
4702657,Kareem Thompson,198,Oral Roberts Golden Eagles,Guard,78.0,10,24,4,13,3,6,2,15,17,7,2,0,2,1,27,2,Summit League,0.4166666666666667,0.3076923076923077,0.5,0.5,39.0,5.0,12.0,2.0,6.5,1.0,7.5,8.5,3.5,1.0,0.0,1.0,13.5
4702658,Jamie Bergens,2182,Drexel Dragons,Guard,25.0,2,6,0,2,0,0,0,1,1,1,0,0,0,5,4,1,Coastal,0.3333333333333333,0.0,,0.3333333333333333,25.0,2.0,6.0,0.0,2.0,0.0,1.0,1.0,1.0,0.0,0.0,0.0,4.0
4702661,Jonathan Alexandre,198,Oral Roberts Golden Eagles,Guard,1.0,0,0,0,0,0,0,0,0,0,0,0,0,0,0,0,1,Summit League,,,,,1.0,0.0,0.0,0.0,0.0,0.0,0.0,0.0,0.0,0.0,0.0,0.0,0.0
4702666,Tyree Ihenacho,155,North Dakota Fighting Hawks,Guard,36.0,4,11,0,3,1,2,0,4,4,4,1,1,3,1,9,1,Summit League,0.36363636363636365,0.0,0.5,0.36363636363636365,36.0,4.0,11.0,0.0,3.0,0.0,4.0,4.0,4.0,1.0,1.0,3.0,9.0
4702670,Grant Nelson,333,Alabama Crimson Tide,Forward,147.0,21,46,3,10,23,31,12,27,39,4,3,13,7,18,68,6,SEC,0.45652173913043476,0.3,0.7419354838709677,0.4891304347826087,24.5,3.5,7.666666666666667,0.5,1.6666666666666667,2.0,4.5,6.5,0.6666666666666666,0.5,2.1666666666666665,1.1666666666666667,11.333333333333334
4702671,Boden Skunberg,2449,North Dakota State Bison,Guard,29.0,3,9,1,3,0,0,2,6,8,4,0,0,1,2,7,1,Summit League,0.3333333333333333,0.3333333333333333,,0.3888888888888889,29.0,3.0,9.0,1.0,3.0,2.0,6.0,8.0,4.0,0.0,0.0,1.0,7.0
4702674,Javaunte Hawkins,2229,Florida International Panthers,Guard,61.0,11,27,8,16,4,5,0,1,1,1,4,0,1,3,34,2,Conference USA,0.4074074074074074,0.5,0.8,0.5555555555555556,30.5,5.5,13.5,4.0,8.0,0.0,0.5,0.5,0.5,2.0,0.0,0.5,17.0
4702675,Petar Krivokapic,2229,Florida International Panthers,Guard,39.0,4,10,2,4,2,4,0,3,3,1,0,0,3,6,12,2,Conference USA,0.4,0.5,0.5,0.5,19.5,2.0,5.0,1.0,2.0,0.0,1.5,1.5,0.5,0.0,0.0,1.5,6.0
4702687,Sam Hines Jr.,58,South Florida Bulls,Forward,50.0,6,12,0,1,1,3,4,5,9,5,0,1,3,8,13,4,American,0.5,0.0,0.3333333333333333,0.5,12.5,1.5,3.0,0.0,0.25,1.0,1.25,2.25,1.25,0.0,0.25,0.75,3.25
4702696,Alec Oglesby,56,Stetson Hatters,Guard,139.0,7,22,6,15,9,10,4,10,14,6,4,0,4,13,29,4,ASUN,0.3181818181818182,0.4,0.9,0.45454545454545453,34.75,1.75,5.5,1.5,3.75,1.0,2.5,3.5,1.5,1.0,0.0,1.0,7.25
4702699,Jayson Woodrich,325,Cleveland State Vikings,Forward,107.0,15,36,8,24,4,5,5,14,19,6,1,1,2,5,42,5,Horizon,0.4166666666666667,0.3333333333333333,0.8,0.5277777777777778,21.4,3.0,7.2,1.6,4.8,1.0,2.8,3.8,1.2,0.2,0.2,0.4,8.4
4702703,Noah Waterman,252,BYU Cougars,Forward,69.0,9,16,2,7,0,0,3,9,12,1,1,2,2,9,20,3,Big 12,0.5625,0.2857142857142857,,0.625,23.0,3.0,5.333333333333333,0.6666666666666666,2.3333333333333335,1.0,3.0,4.0,0.3333333333333333,0.3333333333333333,0.6666666666666666,0.6666666666666666,6.666666666666667
4702709,Bobby Harvey,2502,Portland State Vikings,Guard,27.0,0,5,0,5,0,0,0,1,1,0,0,1,2,4,0,1,Big Sky,0.0,0.0,,0.0,27.0,0.0,5.0,0.0,5.0,0.0,1.0,1.0,0.0,0.0,1.0,2.0,0.0
4702713,Trey Robinson,94,Northern Kentucky Norse,Guard,81.0,17,32,4,8,12,16,7,14,21,5,2,2,8,5,50,2,Horizon,0.53125,0.5,0.75,0.59375,40.5,8.5,16.0,2.0,4.0,3.5,7.0,10.5,2.5,1.0,1.0,4.0,25.0
4702714,Marques Warrick,94,Northern Kentucky Norse,Guard,81.0,13,34,4,11,9,9,0,5,5,4,6,0,4,4,39,2,Horizon,0.38235294117647056,0.36363636363636365,1.0,0.4411764705882353,40.5,6.5,17.0,2.0,5.5,0.0,2.5,2.5,2.0,3.0,0.0,2.0,19.5
4702719,Micah Parrish,21,San Diego State Aztecs,Guard,165.0,17,49,4,23,5,7,5,22,27,10,9,2,4,11,43,6,Mountain West,0.3469387755102041,0.17391304347826086,0.7142857142857143,0.3877551020408163,27.5,2.8333333333333335,8.166666666666666,0.6666666666666666,3.8333333333333335,0.8333333333333334,3.6666666666666665,4.5,1.6666666666666667,1.5,0.3333333333333333,0.6666666666666666,7.166666666666667
4702721,Trey Townsend,2473,Oakland Golden Grizzlies,Forward,198.0,35,81,3,6,33,46,16,39,55,18,9,4,11,13,106,5,Horizon,0.43209876543209874,0.5,0.717391304347826,0.4506172839506173,39.6,7.0,16.2,0.6,1.2,3.2,7.8,11.0,3.6,1.8,0.8,2.2,21.2
4702722,Chris Conway,2473,Oakland Golden Grizzlies,Forward,170.0,20,35,2,4,5,6,9,15,24,5,3,9,4,16,47,5,Horizon,0.5714285714285714,0.5,0.8333333333333334,0.6,34.0,4.0,7.0,0.4,0.8,1.8,3.0,4.8,1.0,0.6,1.8,0.8,9.4
4702730,Jared Coleman-Jones,2393,Middle Tennessee Blue Raiders,Forward,62.0,5,17,1,4,10,13,0,17,17,6,0,3,8,5,21,2,Conference USA,0.29411764705882354,0.25,0.7692307692307693,0.3235294117647059,31.0,2.5,8.5,0.5,2.0,0.0,8.5,8.5,3.0,0.0,1.5,4.0,10.5
4702738,Jackson Threadgill,2429,Charlotte 49ers,Guard,24.0,1,6,0,5,2,2,1,4,5,0,0,2,0,3,4,1,American,0.16666666666666666,0.0,1.0,0.16666666666666666,24.0,1.0,6.0,0.0,5.0,1.0,4.0,5.0,0.0,0.0,2.0,0.0,4.0
4702739,Aly Khalifa,252,BYU Cougars,Center,42.0,3,16,2,10,3,4,3,1,4,7,0,1,2,1,11,3,Big 12,0.1875,0.2,0.75,0.25,14.0,1.0,5.333333333333333,0.6666666666666666,3.3333333333333335,1.0,0.3333333333333333,1.3333333333333333,2.3333333333333335,0.0,0.3333333333333333,0.6666666666666666,3.6666666666666665
4702740,Jared Garcia,202,Tulsa Golden Hurricane,Forward,28.0,3,8,2,5,3,3,3,5,8,0,0,0,3,4,11,1,American,0.375,0.4,1.0,0.5,28.0,3.0,8.0,2.0,5.0,3.0,5.0,8.0,0.0,0.0,0.0,3.0,11.0
4702743,Andrew Carr,154,Wake Forest Demon Deacons,Forward,143.0,21,40,2,8,16,22,11,31,42,6,1,8,5,10,60,4,ACC,0.525,0.25,0.7272727272727273,0.55,35.75,5.25,10.0,0.5,2.0,2.75,7.75,10.5,1.5,0.25,2.0,1.25,15.0
4702744,Luke House,2182,Drexel Dragons,Guard,43.0,10,18,7,11,1,1,1,5,6,2,1,0,0,0,28,1,Coastal,0.5555555555555556,0.6363636363636364,1.0,0.75,43.0,10.0,18.0,7.0,11.0,1.0,5.0,6.0,2.0,1.0,0.0,0.0,28.0
4702745,Amari Williams,2182,Drexel Dragons,Forward,22.0,3,8,0,0,2,2,2,4,6,2,0,1,0,3,8,1,Coastal,0.375,,1.0,0.375,22.0,3.0,8.0,0.0,0.0,2.0,4.0,6.0,2.0,0.0,1.0,0.0,8.0
4702759,Darius Burford,2287,Illinois State Redbirds,Guard,17.0,2,6,0,1,0,0,0,0,0,0,1,0,0,1,4,1,Missouri Valley,0.3333333333333333,0.0,,0.3333333333333333,17.0,2.0,6.0,0.0,1.0,0.0,0.0,0.0,0.0,1.0,0.0,0.0,4.0
4702761,Michael Graham,2351,Loyola Marymount Lions,Forward,32.0,6,8,0,0,1,1,5,3,8,0,1,2,3,2,13,1,West Coast,0.75,,1.0,0.75,32.0,6.0,8.0,0.0,0.0,5.0,3.0,8.0,0.0,1.0,2.0,3.0,13.0
4702764,Vukasin Masic,2501,Portland Pilots,Guard,73.0,10,18,7,13,1,2,0,16,16,5,2,0,6,3,28,2,West Coast,0.5555555555555556,0.5384615384615384,0.5,0.75,36.5,5.0,9.0,3.5,6.5,0.0,8.0,8.0,2.5,1.0,0.0,3.0,14.0
4702766,Terrence Edwards Jr.,256,James Madison Dukes,Guard,160.0,26,64,3,15,17,23,10,15,25,21,3,2,14,7,72,5,Sun Belt,0.40625,0.2,0.7391304347826086,0.4296875,32.0,5.2,12.8,0.6,3.0,2.0,3.0,5.0,4.2,0.6,0.4,2.8,14.4
4702769,Hollman Smith,256,James Madison Dukes,Guard,1.0,0,0,0,0,0,0,0,1,1,0,0,0,0,1,0,1,Sun Belt,,,,,1.0,0.0,0.0,0.0,0.0,0.0,1.0,1.0,0.0,0.0,0.0,0.0,0.0
4702773,Abou Ousmane,2752,Xavier Musketeers,Forward,71.0,9,17,0,0,0,0,5,13,18,6,2,5,4,11,18,3,Big East,0.5294117647058824,,,0.5294117647058824,23.666666666666668,3.0,5.666666666666667,0.0,0.0,1.6666666666666667,4.333333333333333,6.0,2.0,0.6666666666666666,1.6666666666666667,1.3333333333333333,6.0
4702775,Jamahri Harvey,2506,Presbyterian Blue Hose,Guard,50.0,5,18,2,10,1,1,1,4,5,1,3,0,2,0,13,2,Big South,0.2777777777777778,0.2,1.0,0.3333333333333333,25.0,2.5,9.0,1.0,5.0,0.5,2.0,2.5,0.5,1.5,0.0,1.0,6.5
4702784,J'Vonne Hadley,38,Colorado Buffaloes,Guard,218.0,12,35,2,12,23,27,7,25,32,19,10,0,8,12,49,6,Pac-12,0.34285714285714286,0.16666666666666666,0.8518518518518519,0.37142857142857144,36.333333333333336,2.0,5.833333333333333,0.3333333333333333,2.0,1.1666666666666667,4.166666666666667,5.333333333333333,3.1666666666666665,1.6666666666666667,0.0,1.3333333333333333,8.166666666666666
4702785,Jahmyl Telfort,2086,Butler Bulldogs,Guard,68.0,15,29,4,9,2,3,1,10,11,4,2,1,4,7,36,2,Big East,0.5172413793103449,0.4444444444444444,0.6666666666666666,0.5862068965517241,34.0,7.5,14.5,2.0,4.5,0.5,5.0,5.5,2.0,1.0,0.5,2.0,18.0
4702786,Darrick Jones Jr.,2330,Le Moyne Dolphins,Guard,64.0,8,15,4,7,8,9,2,7,9,3,1,0,3,3,28,2,Northeast,0.5333333333333333,0.5714285714285714,0.8888888888888888,0.6666666666666666,32.0,4.0,7.5,2.0,3.5,1.0,3.5,4.5,1.5,0.5,0.0,1.5,14.0
4702871,Yuri Covington,2349,UMass Lowell River Hawks,Guard,100.0,11,34,3,14,10,14,6,17,23,6,2,1,8,12,35,3,America East,0.3235294117647059,0.21428571428571427,0.7142857142857143,0.36764705882352944,33.333333333333336,3.6666666666666665,11.333333333333334,1.0,4.666666666666667,2.0,5.666666666666667,7.666666666666667,2.0,0.6666666666666666,0.3333333333333333,2.6666666666666665,11.666666666666666
4702875,Alem Huseinovic,242,Rice Owls,Guard,29.0,7,7,1,1,0,1,0,0,0,4,0,1,1,1,15,1,American,1.0,1.0,0.0,1.0714285714285714,29.0,7.0,7.0,1.0,1.0,0.0,0.0,0.0,4.0,0.0,1.0,1.0,15.0
4702876,Daniel Foster,2440,Nevada Wolf Pack,Guard,49.0,3,7,1,3,0,0,4,5,9,1,2,2,2,7,7,2,Mountain West,0.42857142857142855,0.3333333333333333,,0.5,24.5,1.5,3.5,0.5,1.5,2.0,2.5,4.5,0.5,1.0,1.0,1.0,3.5
4702883,Colby Brooks,2250,Gonzaga Bulldogs,Forward,2.0,0,2,0,0,0,0,1,0,1,0,0,0,0,0,0,2,West Coast,0.0,,,0.0,1.0,0.0,1.0,0.0,0.0,0.5,0.0,0.5,0.0,0.0,0.0,0.0,0.0
4702929,Terrance Thompson,2565,SIU Edwardsville Cougars,Forward,54.0,4,8,0,0,3,4,4,5,9,2,1,3,3,4,11,2,Ohio Valley,0.5,,0.75,0.5,27.0,2.0,4.0,0.0,0.0,2.0,2.5,4.5,1.0,0.5,1.5,1.5,5.5
4702932,Donovan Newby,350,UNC Wilmington Seahawks,Guard,15.0,0,3,0,3,2,2,0,1,1,0,1,0,0,3,2,1,Coastal,0.0,0.0,1.0,0.0,15.0,0.0,3.0,0.0,3.0,0.0,1.0,1.0,0.0,1.0,0.0,0.0,2.0
4702942,Johnathan DeJurnett,2870,Purdue Fort Wayne Mastodons,Forward,44.0,5,9,0,0,2,3,7,2,9,0,1,0,0,6,12,5,Horizon,0.5555555555555556,,0.6666666666666666,0.5555555555555556,8.8,1.0,1.8,0.0,0.0,1.4,0.4,1.8,0.0,0.2,0.0,0.0,2.4
4702945,Jalen Leach,2217,Fairfield Stags,Guard,99.0,16,37,0,12,11,13,3,10,13,5,7,2,8,8,43,3,MAAC,0.43243243243243246,0.0,0.8461538461538461,0.43243243243243246,33.0,5.333333333333333,12.333333333333334,0.0,4.0,1.0,3.3333333333333335,4.333333333333333,1.6666666666666667,2.3333333333333335,0.6666666666666666,2.6666666666666665,14.333333333333334
4702946,Supreme Cook,46,Georgetown Hoyas,Forward,23.0,1,4,0,0,0,0,1,5,6,1,1,1,1,3,2,1,Big East,0.25,,,0.25,23.0,1.0,4.0,0.0,0.0,1.0,5.0,6.0,1.0,1.0,1.0,1.0,2.0
4702948,Jack Brown,2217,Fairfield Stags,Forward,26.0,1,1,0,0,3,3,2,1,3,1,2,0,0,6,5,3,MAAC,1.0,,1.0,1.0,8.666666666666666,0.3333333333333333,0.3333333333333333,0.0,0.0,0.6666666666666666,0.3333333333333333,1.0,0.3333333333333333,0.6666666666666666,0.0,0.0,1.6666666666666667
4702958,Matteus Case,2729,William & Mary Tribe,Guard,46.0,4,13,1,3,2,4,2,4,6,1,0,0,0,1,11,2,Coastal,0.3076923076923077,0.3333333333333333,0.5,0.34615384615384615,23.0,2.0,6.5,0.5,1.5,1.0,2.0,3.0,0.5,0.0,0.0,0.0,5.5
4702963,Dame Adelekun,2350,Loyola Chicago Ramblers,Forward,41.0,7,15,0,0,8,10,11,6,17,2,1,2,5,6,22,2,Atlantic 10,0.4666666666666667,,0.8,0.4666666666666667,20.5,3.5,7.5,0.0,0.0,5.5,3.0,8.5,1.0,0.5,1.0,2.5,11.0
4702968,Evan Williams,172,Cornell Big Red,Forward,1.0,0,0,0,0,0,0,0,0,0,0,0,0,0,0,0,1,Ivy,,,,,1.0,0.0,0.0,0.0,0.0,0.0,0.0,0.0,0.0,0.0,0.0,0.0,0.0
4702969,Darius Ervin,172,Cornell Big Red,Guard,1.0,0,0,0,0,0,0,0,0,0,0,0,0,0,0,0,1,Ivy,,,,,1.0,0.0,0.0,0.0,0.0,0.0,0.0,0.0,0.0,0.0,0.0,0.0,0.0
4702970,Keller Boothby,172,Cornell Big Red,Forward,35.0,3,8,3,8,0,0,0,3,3,1,2,0,0,0,9,2,Ivy,0.375,0.375,,0.5625,17.5,1.5,4.0,1.5,4.0,0.0,1.5,1.5,0.5,1.0,0.0,0.0,4.5
4702971,Sean Hansen,172,Cornell Big Red,Forward,36.0,2,7,0,3,0,2,0,5,5,5,1,1,4,4,4,2,Ivy,0.2857142857142857,0.0,0.0,0.2857142857142857,18.0,1.0,3.5,0.0,1.5,0.0,2.5,2.5,2.5,0.5,0.5,2.0,2.0
4702972,Chris Manon,172,Cornell Big Red,Guard,26.0,3,11,0,1,4,5,1,3,4,2,1,1,0,3,10,1,Ivy,0.2727272727272727,0.0,0.8,0.2727272727272727,26.0,3.0,11.0,0.0,1.0,1.0,3.0,4.0,2.0,1.0,1.0,0.0,10.0
4702973,Isaiah Gray,172,Cornell Big Red,Guard,42.0,10,16,0,3,3,4,2,4,6,6,3,1,3,7,23,2,Ivy,0.625,0.0,0.75,0.625,21.0,5.0,8.0,0.0,1.5,1.0,2.0,3.0,3.0,1.5,0.5,1.5,11.5
4702980,Kimo Ferrari,225,Brown Bears,Guard,55.0,0,10,0,7,3,4,2,3,5,6,1,0,2,9,3,2,Ivy,0.0,0.0,0.75,0.0,27.5,0.0,5.0,0.0,3.5,1.0,1.5,2.5,3.0,0.5,0.0,1.0,1.5
4702983,Malachi Ndur,225,Brown Bears,Forward,34.0,7,9,1,3,3,5,2,6,8,4,1,2,0,4,18,2,Ivy,0.7777777777777778,0.3333333333333333,0.6,0.8333333333333334,17.0,3.5,4.5,0.5,1.5,1.0,3.0,4.0,2.0,0.5,1.0,0.0,9.0
4702990,Shemar Rathan-Mayes,350,UNC Wilmington Seahawks,Guard,6.0,0,0,0,0,0,0,0,1,1,1,0,0,1,0,0,1,Coastal,,,,,6.0,0.0,0.0,0.0,0.0,0.0,1.0,1.0,1.0,0.0,0.0,1.0,0.0
4702993,Alex Huibregtse,2750,Wright State Raiders,Guard,44.0,9,16,2,6,0,0,1,3,4,5,1,0,4,2,20,1,Horizon,0.5625,0.3333333333333333,,0.625,44.0,9.0,16.0,2.0,6.0,1.0,3.0,4.0,5.0,1.0,0.0,4.0,20.0
4702994,Brandon Noel,2750,Wright State Raiders,Forward,42.0,5,13,0,3,0,0,2,6,8,1,3,1,3,4,10,1,Horizon,0.38461538461538464,0.0,,0.38461538461538464,42.0,5.0,13.0,0.0,3.0,2.0,6.0,8.0,1.0,3.0,1.0,3.0,10.0
4702995,Andrew Welage,2750,Wright State Raiders,Guard,3.0,1,1,1,1,0,0,1,0,1,0,0,0,1,0,3,1,Horizon,1.0,1.0,,1.5,3.0,1.0,1.0,1.0,1.0,1.0,0.0,1.0,0.0,0.0,0.0,1.0,3.0
4702996,Kam Farris,2368,Marist Red Foxes,Guard,47.0,2,9,2,5,4,4,0,3,3,2,1,1,1,0,10,2,MAAC,0.2222222222222222,0.4,1.0,0.3333333333333333,23.5,1.0,4.5,1.0,2.5,0.0,1.5,1.5,1.0,0.5,0.5,0.5,5.0
4703000,Enoch Cheeks,2168,Dayton Flyers,Guard,95.0,8,23,0,6,8,10,3,4,7,6,4,1,7,5,24,3,Atlantic 10,0.34782608695652173,0.0,0.8,0.34782608695652173,31.666666666666668,2.6666666666666665,7.666666666666667,0.0,2.0,1.0,1.3333333333333333,2.3333333333333335,2.0,1.3333333333333333,0.3333333333333333,2.3333333333333335,8.0
4703002,Patrick Suemnick,277,West Virginia Mountaineers,Forward,7.0,1,1,0,0,0,0,0,0,0,0,0,0,0,1,2,1,Big 12,1.0,,,1.0,7.0,1.0,1.0,0.0,0.0,0.0,0.0,0.0,0.0,0.0,0.0,0.0,2.0
4703003,Jakari Spence,2405,Monmouth Hawks,Guard,59.0,8,13,0,0,4,4,2,3,5,4,4,0,2,5,20,2,Coastal,0.6153846153846154,,1.0,0.6153846153846154,29.5,4.0,6.5,0.0,0.0,1.0,1.5,2.5,2.0,2.0,0.0,1.0,10.0
4703009,Ryan Myers,2710,Western Illinois Leathernecks,Guard,68.0,8,29,5,21,3,3,1,4,5,3,0,0,5,4,24,2,Ohio Valley,0.27586206896551724,0.23809523809523808,1.0,0.3620689655172414,34.0,4.0,14.5,2.5,10.5,0.5,2.0,2.5,1.5,0.0,0.0,2.5,12.0
4703010,Tahlik Chavez,2348,Louisiana Tech Bulldogs,Guard,40.0,5,17,2,7,5,9,0,3,3,2,0,0,2,1,17,1,Conference USA,0.29411764705882354,0.2857142857142857,0.5555555555555556,0.35294117647058826,40.0,5.0,17.0,2.0,7.0,0.0,3.0,3.0,2.0,0.0,0.0,2.0,17.0
4703011,Dwayne Koroma,250,UT Arlington Mavericks,Forward,53.0,10,12,3,4,4,4,4,6,10,3,0,0,1,10,27,3,United Athletic,0.8333333333333334,0.75,1.0,0.9583333333333334,17.666666666666668,3.3333333333333335,4.0,1.0,1.3333333333333333,1.3333333333333333,2.0,3.3333333333333335,1.0,0.0,0.0,0.3333333333333333,9.0
4703015,Nelly Junior Joseph,167,New Mexico Lobos,Center,139.0,14,34,0,0,7,15,16,26,42,5,3,6,12,13,35,5,Mountain West,0.4117647058823529,,0.4666666666666667,0.4117647058823529,27.8,2.8,6.8,0.0,0.0,3.2,5.2,8.4,1.0,0.6,1.2,2.4,7.0
4703016,Osborn Shema,314,Iona Gaels,Forward,54.0,4,13,2,8,0,0,3,7,10,1,4,1,0,3,10,2,MAAC,0.3076923076923077,0.25,,0.38461538461538464,27.0,2.0,6.5,1.0,4.0,1.5,3.5,5.0,0.5,2.0,0.5,0.0,5.0
4703032,O'Mar Stanley,68,Boise State Broncos,Forward,58.0,2,16,0,3,6,6,11,12,23,2,2,3,5,7,10,2,Mountain West,0.125,0.0,1.0,0.125,29.0,1.0,8.0,0.0,1.5,5.5,6.0,11.5,1.0,1.0,1.5,2.5,5.0
4703082,Ze'Rik Onyema,251,Texas Longhorns,Forward,2.0,0,0,0,0,2,2,0,0,0,0,0,1,0,1,2,1,Big 12,,,1.0,,2.0,0.0,0.0,0.0,0.0,0.0,0.0,0.0,0.0,0.0,1.0,0.0,2.0
4703095,Deven Dahlke,301,San Diego Toreros,Guard,36.0,2,7,1,3,0,0,1,1,2,4,1,1,0,4,5,2,West Coast,0.2857142857142857,0.3333333333333333,,0.35714285714285715,18.0,1.0,3.5,0.5,1.5,0.5,0.5,1.0,2.0,0.5,0.5,0.0,2.5
4703107,London Riley,2010,Alabama A&M Bulldogs,Guard,30.0,4,9,4,9,3,4,1,0,1,2,2,0,0,4,15,3,SWAC,0.4444444444444444,0.4444444444444444,0.75,0.6666666666666666,10.0,1.3333333333333333,3.0,1.3333333333333333,3.0,0.3333333333333333,0.0,0.3333333333333333,0.6666666666666666,0.6666666666666666,0.0,0.0,5.0
4703109,Eric Lee,2010,Alabama A&M Bulldogs,Guard,51.0,5,9,0,0,2,2,3,5,8,0,2,3,4,3,12,4,SWAC,0.5555555555555556,,1.0,0.5555555555555556,12.75,1.25,2.25,0.0,0.0,0.75,1.25,2.0,0.0,0.5,0.75,1.0,3.0
4703116,Jordan O'Neal,2296,Jackson State Tigers,Forward,35.0,3,5,0,1,2,2,3,1,4,0,1,0,0,1,8,1,SWAC,0.6,0.0,1.0,0.6,35.0,3.0,5.0,0.0,1.0,3.0,1.0,4.0,0.0,1.0,0.0,0.0,8.0
4703125,Isaiah Addo-Ankrah,2172,Denver Pioneers,Guard,53.0,3,13,3,10,0,0,1,4,5,2,1,0,1,5,9,3,Summit League,0.23076923076923078,0.3,,0.34615384615384615,17.666666666666668,1.0,4.333333333333333,1.0,3.3333333333333335,0.3333333333333333,1.3333333333333333,1.6666666666666667,0.6666666666666666,0.3333333333333333,0.0,0.3333333333333333,3.0
4703131,Byron Joshua,2016,Alcorn State Braves,Point Guard,27.0,3,9,0,2,3,4,1,2,3,2,0,0,4,4,9,1,SWAC,0.3333333333333333,0.0,0.75,0.3333333333333333,27.0,3.0,9.0,0.0,2.0,1.0,2.0,3.0,2.0,0.0,0.0,4.0,9.0
4703133,Tony Toney,5,UAB Blazers,Guard,43.0,3,8,0,2,0,0,2,2,4,0,1,0,0,1,6,4,American,0.375,0.0,,0.375,10.75,0.75,2.0,0.0,0.5,0.5,0.5,1.0,0.0,0.25,0.0,0.0,1.5
4703134,Terrell Ard Jr.,116,Mount St. Mary's Mountaineers,Forward,25.0,2,5,0,1,3,4,1,4,5,3,1,0,1,0,7,1,MAAC,0.4,0.0,0.75,0.4,25.0,2.0,5.0,0.0,1.0,1.0,4.0,5.0,3.0,1.0,0.0,1.0,7.0
4703144,Joe Munden Jr.,161,Fairleigh Dickinson Knights,Guard,27.0,2,10,0,4,10,12,1,4,5,2,1,0,3,4,14,1,Northeast,0.2,0.0,0.8333333333333334,0.2,27.0,2.0,10.0,0.0,4.0,1.0,4.0,5.0,2.0,1.0,0.0,3.0,14.0
4703167,Dakota Leffew,116,Mount St. Mary's Mountaineers,Guard,36.0,9,21,5,10,0,1,2,3,5,4,0,1,2,2,23,1,MAAC,0.42857142857142855,0.5,0.0,0.5476190476190477,36.0,9.0,21.0,5.0,10.0,2.0,3.0,5.0,4.0,0.0,1.0,2.0,23.0
4703169,Josh Reaves,116,Mount St. Mary's Mountaineers,Guard,27.0,0,3,0,1,0,0,0,2,2,1,0,0,2,0,0,1,MAAC,0.0,0.0,,0.0,27.0,0.0,3.0,0.0,1.0,0.0,2.0,2.0,1.0,0.0,0.0,2.0,0.0
4703170,Frantisek Barton,116,Mount St. Mary's Mountaineers,Forward,6.0,0,0,0,0,0,0,0,1,1,1,0,0,0,0,0,1,MAAC,,,,,6.0,0.0,0.0,0.0,0.0,0.0,1.0,1.0,1.0,0.0,0.0,0.0,0.0
4703178,Mike Sixsmith,2529,Sacred Heart Pioneers,Guard,15.0,1,1,1,1,0,0,0,1,1,2,1,0,1,1,3,1,Northeast,1.0,1.0,,1.5,15.0,1.0,1.0,1.0,1.0,0.0,1.0,1.0,2.0,1.0,0.0,1.0,3.0
4703183,Nico Galette,2529,Sacred Heart Pioneers,Guard,30.0,4,9,1,2,1,2,2,6,8,2,0,1,1,5,10,1,Northeast,0.4444444444444444,0.5,0.5,0.5,30.0,4.0,9.0,1.0,2.0,2.0,6.0,8.0,2.0,0.0,1.0,1.0,10.0
4703199,DeLonnie Hunt,257,Richmond Spiders,Guard,65.0,3,13,3,6,1,2,0,8,8,5,3,1,1,3,10,2,Atlantic 10,0.23076923076923078,0.5,0.5,0.34615384615384615,32.5,1.5,6.5,1.5,3.0,0.0,4.0,4.0,2.5,1.5,0.5,0.5,5.0
4703205,Kyndall Davis,2197,Eastern Illinois Panthers,Guard,31.0,3,10,1,2,0,0,1,3,4,2,0,0,3,2,7,1,Ohio Valley,0.3,0.5,,0.35,31.0,3.0,10.0,1.0,2.0,1.0,3.0,4.0,2.0,0.0,0.0,3.0,7.0
4703207,Noble Crawford,2130,Chicago State Cougars,Forward,59.0,10,19,2,8,5,8,3,6,9,1,6,1,6,6,27,2,Division I Independents,0.5263157894736842,0.25,0.625,0.5789473684210527,29.5,5.0,9.5,1.0,4.0,1.5,3.0,4.5,0.5,3.0,0.5,3.0,13.5
4703220,JaCobi Wood,93,Murray State Racers,Guard,34.0,4,13,0,3,4,4,1,0,1,0,0,0,1,2,12,1,Missouri Valley,0.3076923076923077,0.0,1.0,0.3076923076923077,34.0,4.0,13.0,0.0,3.0,1.0,0.0,1.0,0.0,0.0,0.0,1.0,12.0
4703224,Isaiah Rivera,82,UIC Flames,Guard,79.0,14,28,2,7,7,9,0,11,11,6,3,2,4,6,37,2,Missouri Valley,0.5,0.2857142857142857,0.7777777777777778,0.5357142857142857,39.5,7.0,14.0,1.0,3.5,0.0,5.5,5.5,3.0,1.5,1.0,2.0,18.5
4703231,Henry Abraham,324,Coastal Carolina Chanticleers,Guard,22.0,1,2,1,2,0,0,0,3,3,1,0,0,1,5,3,2,Sun Belt,0.5,0.5,,0.75,11.0,0.5,1.0,0.5,1.0,0.0,1.5,1.5,0.5,0.0,0.0,0.5,1.5
4703234,Devontae Blanton,2198,Eastern Kentucky Colonels,Forward,34.0,7,16,1,5,0,0,0,4,4,3,0,0,3,1,15,1,ASUN,0.4375,0.2,,0.46875,34.0,7.0,16.0,1.0,5.0,0.0,4.0,4.0,3.0,0.0,0.0,3.0,15.0
4703240,Destin Whitaker,2870,Purdue Fort Wayne Mastodons,Guard,20.0,2,6,2,6,0,0,0,1,1,1,0,0,1,1,6,4,Horizon,0.3333333333333333,0.3333333333333333,,0.5,5.0,0.5,1.5,0.5,1.5,0.0,0.25,0.25,0.25,0.0,0.0,0.25,1.5
4703241,Leo Colimerio,278,Fresno State Bulldogs,Guard,75.0,7,8,0,1,5,6,3,6,9,5,2,0,4,8,19,2,Mountain West,0.875,0.0,0.8333333333333334,0.875,37.5,3.5,4.0,0.0,0.5,1.5,3.0,4.5,2.5,1.0,0.0,2.0,9.5
4703242,Braxton Meah,264,Washington Huskies,Center,16.0,0,0,0,0,0,2,0,2,2,0,0,0,2,2,0,1,Pac-12,,,0.0,,16.0,0.0,0.0,0.0,0.0,0.0,2.0,2.0,0.0,0.0,0.0,2.0,0.0
4703246,Marcellus Brigham Jr.,55,Jacksonville State Gamecocks,Forward,32.0,5,10,1,3,3,4,2,3,5,1,2,1,3,3,14,1,Conference USA,0.5,0.3333333333333333,0.75,0.55,32.0,5.0,10.0,1.0,3.0,2.0,3.0,5.0,1.0,2.0,1.0,3.0,14.0
4703247,Jay Pal,21,San Diego State Aztecs,Forward,123.0,12,29,2,8,5,8,13,16,29,5,0,10,8,15,31,6,Mountain West,0.41379310344827586,0.25,0.625,0.4482758620689655,20.5,2.0,4.833333333333333,0.3333333333333333,1.3333333333333333,2.1666666666666665,2.6666666666666665,4.833333333333333,0.8333333333333334,0.0,1.6666666666666667,1.3333333333333333,5.166666666666667
4703260,Drew Thelwell,2413,Morehead State Eagles,Guard,149.0,21,45,7,22,3,8,0,9,9,15,6,1,9,5,52,4,Ohio Valley,0.4666666666666667,0.3181818181818182,0.375,0.5444444444444444,37.25,5.25,11.25,1.75,5.5,0.0,2.25,2.25,3.75,1.5,0.25,2.25,13.0
4703262,Dionte Bostick,2463,Cal State Northridge Matadors,Guard,82.0,17,33,1,8,1,3,2,6,8,9,1,0,7,7,36,2,Big West,0.5151515151515151,0.125,0.3333333333333333,0.5303030303030303,41.0,8.5,16.5,0.5,4.0,1.0,3.0,4.0,4.5,0.5,0.0,3.5,18.0
4703264,Justice Hill,2351,Loyola Marymount Lions,Guard,38.0,9,19,2,7,0,0,0,2,2,6,2,0,1,2,20,1,West Coast,0.47368421052631576,0.2857142857142857,,0.5263157894736842,38.0,9.0,19.0,2.0,7.0,0.0,2.0,2.0,6.0,2.0,0.0,1.0,20.0
4703266,Nicholas McMullen,2427,UNC Asheville Bulldogs,Forward,48.0,11,18,0,0,0,0,3,12,15,2,2,0,2,2,22,3,Big South,0.6111111111111112,,,0.6111111111111112,16.0,3.6666666666666665,6.0,0.0,0.0,1.0,4.0,5.0,0.6666666666666666,0.6666666666666666,0.0,0.6666666666666666,7.333333333333333
4703345,Sebastian Mendoza,2630,UT Martin Skyhawks,Guard,21.0,0,0,0,0,0,0,0,0,0,0,0,0,0,2,0,1,Ohio Valley,,,,,21.0,0.0,0.0,0.0,0.0,0.0,0.0,0.0,0.0,0.0,0.0,0.0,0.0
4703380,Ray'Sean Taylor,2565,SIU Edwardsville Cougars,Guard,73.0,17,33,6,16,4,5,3,3,6,4,2,0,9,5,44,2,Ohio Valley,0.5151515151515151,0.375,0.8,0.6060606060606061,36.5,8.5,16.5,3.0,8.0,1.5,1.5,3.0,2.0,1.0,0.0,4.5,22.0
4703386,Donavan Yap Jr.,278,Fresno State Bulldogs,Guard,58.0,8,19,3,10,7,8,0,8,8,3,0,0,7,7,26,2,Mountain West,0.42105263157894735,0.3,0.875,0.5,29.0,4.0,9.5,1.5,5.0,0.0,4.0,4.0,1.5,0.0,0.0,3.5,13.0
4703387,Edoardo Del Cadia,2174,Detroit Mercy Titans,Forward,29.0,4,7,0,1,2,4,3,3,6,3,1,0,4,5,10,1,Horizon,0.5714285714285714,0.0,0.5,0.5714285714285714,29.0,4.0,7.0,0.0,1.0,3.0,3.0,6.0,3.0,1.0,0.0,4.0,10.0
4703391,Nick Blake,279,Pacific Tigers,Guard,27.0,1,6,0,4,6,8,1,2,3,5,2,0,2,2,8,1,West Coast,0.16666666666666666,0.0,0.75,0.16666666666666666,27.0,1.0,6.0,0.0,4.0,1.0,2.0,3.0,5.0,2.0,0.0,2.0,8.0
4703393,Devin Tillis,300,UC Irvine Anteaters,Forward,41.0,9,13,3,5,3,4,0,7,7,2,0,0,0,9,24,2,Big West,0.6923076923076923,0.6,0.75,0.8076923076923077,20.5,4.5,6.5,1.5,2.5,0.0,3.5,3.5,1.0,0.0,0.0,0.0,12.0
4703394,Xavier DuSell,278,Fresno State Bulldogs,Guard,67.0,6,15,3,9,4,6,0,4,4,0,2,0,1,4,19,2,Mountain West,0.4,0.3333333333333333,0.6666666666666666,0.5,33.5,3.0,7.5,1.5,4.5,0.0,2.0,2.0,0.0,1.0,0.0,0.5,9.5
4703396,Graham Ike,2250,Gonzaga Bulldogs,Forward,124.0,30,55,2,5,7,11,9,29,38,4,1,0,6,16,69,5,West Coast,0.5454545454545454,0.4,0.6363636363636364,0.5636363636363636,24.8,6.0,11.0,0.4,1.0,1.8,5.8,7.6,0.8,0.2,0.0,1.2,13.8
4703398,Eoin Nelson,2453,North Alabama Lions,Center,3.0,1,1,0,0,0,0,0,1,1,0,0,0,0,2,2,1,ASUN,1.0,,,1.0,3.0,1.0,1.0,0.0,0.0,0.0,1.0,1.0,0.0,0.0,0.0,0.0,2.0
4703399,Jeremiah Oden,305,DePaul Blue Demons,Forward,22.0,3,8,2,4,0,0,0,0,0,0,1,0,0,0,8,1,Big East,0.375,0.5,,0.5,22.0,3.0,8.0,2.0,4.0,0.0,0.0,0.0,0.0,1.0,0.0,0.0,8.0
4703400,Marcus Williams,2539,San Francisco Dons,Guard,99.0,16,33,9,20,2,4,1,6,7,17,3,1,6,3,43,3,West Coast,0.48484848484848486,0.45,0.5,0.6212121212121212,33.0,5.333333333333333,11.0,3.0,6.666666666666667,0.3333333333333333,2.0,2.3333333333333335,5.666666666666667,1.0,0.3333333333333333,2.0,14.333333333333334
4703411,Trey Fort,344,Mississippi State Bulldogs,Guard,1.0,0,0,0,0,0,0,0,0,0,0,0,0,0,0,0,1,SEC,,,,,1.0,0.0,0.0,0.0,0.0,0.0,0.0,0.0,0.0,0.0,0.0,0.0,0.0
4703415,Marcus Fitzgerald Jr.,2634,Tennessee State Tigers,Guard,57.0,4,14,0,2,1,2,1,5,6,6,5,1,7,7,9,2,Ohio Valley,0.2857142857142857,0.0,0.5,0.2857142857142857,28.5,2.0,7.0,0.0,1.0,0.5,2.5,3.0,3.0,2.5,0.5,3.5,4.5
4703417,Evan Joyner,2448,North Carolina A&T Aggies,Forward,28.0,4,8,0,2,2,2,2,5,7,0,0,0,1,4,10,1,Coastal,0.5,0.0,1.0,0.5,28.0,4.0,8.0,0.0,2.0,2.0,5.0,7.0,0.0,0.0,0.0,1.0,10.0
4703425,Myles Foster,2287,Illinois State Redbirds,Forward,38.0,8,13,0,0,2,6,5,4,9,3,1,3,2,3,18,1,Missouri Valley,0.6153846153846154,,0.3333333333333333,0.6153846153846154,38.0,8.0,13.0,0.0,0.0,5.0,4.0,9.0,3.0,1.0,3.0,2.0,18.0
4703426,Jack Holmstrom,2405,Monmouth Hawks,Guard,7.0,0,1,0,0,0,0,0,0,0,0,0,0,0,0,0,2,Coastal,0.0,,,0.0,3.5,0.0,0.5,0.0,0.0,0.0,0.0,0.0,0.0,0.0,0.0,0.0,0.0
4703428,Klemen Vuga,2405,Monmouth Hawks,Forward,21.0,5,7,0,0,0,0,2,0,2,2,1,1,0,4,10,2,Coastal,0.7142857142857143,,,0.7142857142857143,10.5,2.5,3.5,0.0,0.0,1.0,0.0,1.0,1.0,0.5,0.5,0.0,5.0
4703434,Tymu Chenery,2066,Binghamton Bearcats,Guard,40.0,6,11,1,3,5,6,0,6,6,2,0,2,2,0,18,1,America East,0.5454545454545454,0.3333333333333333,0.8333333333333334,0.5909090909090909,40.0,6.0,11.0,1.0,3.0,0.0,6.0,6.0,2.0,0.0,2.0,2.0,18.0
4703435,Luis Kortright,227,Rhode Island Rams,Guard,37.0,3,6,0,2,4,5,1,5,6,5,0,0,4,2,10,1,Atlantic 10,0.5,0.0,0.8,0.5,37.0,3.0,6.0,0.0,2.0,1.0,5.0,6.0,5.0,0.0,0.0,4.0,10.0
4703515,Bennett Kwiecinski,2900,St. Thomas-Minnesota Tommies,Forward,1.0,0,0,0,0,0,0,0,0,0,0,0,0,0,0,0,1,Summit League,,,,,1.0,0.0,0.0,0.0,0.0,0.0,0.0,0.0,0.0,0.0,0.0,0.0,0.0
4703516,Aidan Carpenter,2529,Sacred Heart Pioneers,Guard,26.0,3,6,0,2,0,0,0,2,2,2,1,0,2,3,6,1,Northeast,0.5,0.0,,0.5,26.0,3.0,6.0,0.0,2.0,0.0,2.0,2.0,2.0,1.0,0.0,2.0,6.0
4703521,Kaleb Thornton,2006,Akron Zips,Guard,43.0,2,11,0,6,0,0,0,7,7,2,0,0,3,5,4,4,Mid-American,0.18181818181818182,0.0,,0.18181818181818182,10.75,0.5,2.75,0.0,1.5,0.0,1.75,1.75,0.5,0.0,0.0,0.75,1.0
4703530,Mark Sears,333,Alabama Crimson Tide,Guard,226.0,48,93,20,48,27,33,6,24,30,22,7,1,15,15,143,6,SEC,0.5161290322580645,0.4166666666666667,0.8181818181818182,0.6236559139784946,37.666666666666664,8.0,15.5,3.3333333333333335,8.0,1.0,4.0,5.0,3.6666666666666665,1.1666666666666667,0.16666666666666666,2.5,23.833333333333332
4703531,Sam Towns,189,Bowling Green Falcons,Forward,66.0,8,16,0,2,5,7,10,9,19,4,3,3,5,9,21,3,Mid-American,0.5,0.0,0.7142857142857143,0.5,22.0,2.6666666666666665,5.333333333333333,0.0,0.6666666666666666,3.3333333333333335,3.0,6.333333333333333,1.3333333333333333,1.0,1.0,1.6666666666666667,7.0
4703532,Jalen White,2447,Nicholls Colonels,Guard,9.0,0,0,0,0,0,0,0,0,0,0,0,0,1,0,0,2,Southland,,,,,4.5,0.0,0.0,0.0,0.0,0.0,0.0,0.0,0.0,0.0,0.0,0.5,0.0
4703538,Ra'Heim Moss,2649,Toledo Rockets,Guard,36.0,1,8,0,2,2,2,0,1,1,6,0,0,4,0,4,1,Mid-American,0.125,0.0,1.0,0.125,36.0,1.0,8.0,0.0,2.0,0.0,1.0,1.0,6.0,0.0,0.0,4.0,4.0
4703571,Josiah Fulcher,2453,North Alabama Lions,Guard,8.0,0,2,0,0,1,2,0,1,1,1,0,0,0,1,1,1,ASUN,0.0,,0.5,0.0,8.0,0.0,2.0,0.0,0.0,0.0,1.0,1.0,1.0,0.0,0.0,0.0,1.0
4703572,Kaden Metheny,2335,Liberty Flames,Guard,33.0,7,13,6,10,0,0,0,0,0,1,0,0,2,4,20,1,Conference USA,0.5384615384615384,0.6,,0.7692307692307693,33.0,7.0,13.0,6.0,10.0,0.0,0.0,0.0,1.0,0.0,0.0,2.0,20.0
4703575,Jermaine Marshall,2535,Samford Bulldogs,Forward,77.0,14,29,3,11,9,16,2,24,26,5,4,0,10,13,40,4,Southern,0.4827586206896552,0.2727272727272727,0.5625,0.5344827586206896,19.25,3.5,7.25,0.75,2.75,0.5,6.0,6.5,1.25,1.0,0.0,2.5,10.0
4703576,Aziz Bandaogo,2132,Cincinnati Bearcats,Forward,143.0,8,14,0,0,9,22,13,28,41,6,1,13,2,20,25,6,Big 12,0.5714285714285714,,0.4090909090909091,0.5714285714285714,23.833333333333332,1.3333333333333333,2.3333333333333335,0.0,0.0,2.1666666666666665,4.666666666666667,6.833333333333333,1.0,0.16666666666666666,2.1666666666666665,0.3333333333333333,4.166666666666667
4703600,Cameron Steele,2000,Abilene Christian Wildcats,Forward,65.0,6,16,3,10,4,5,3,12,15,5,1,5,1,5,19,3,United Athletic,0.375,0.3,0.8,0.46875,21.666666666666668,2.0,5.333333333333333,1.0,3.3333333333333335,1.0,4.0,5.0,1.6666666666666667,0.3333333333333333,1.6666666666666667,0.3333333333333333,6.333333333333333
4703627,Quinlan Bennett,2710,Western Illinois Leathernecks,Guard,67.0,12,28,0,1,3,4,6,6,12,1,2,0,9,3,27,2,Ohio Valley,0.42857142857142855,0.0,0.75,0.42857142857142855,33.5,6.0,14.0,0.0,0.5,3.0,3.0,6.0,0.5,1.0,0.0,4.5,13.5
4703629,Kasen Harrison,2737,Winthrop Eagles,Guard,37.0,0,5,0,4,2,2,0,7,7,6,0,0,2,3,2,1,Big South,0.0,0.0,1.0,0.0,37.0,0.0,5.0,0.0,4.0,0.0,7.0,7.0,6.0,0.0,0.0,2.0,2.0
4703637,Braelon Bush,2466,Northwestern State Demons,Guard,38.0,3,10,0,3,0,0,0,0,0,0,0,0,0,2,6,1,Southland,0.3,0.0,,0.3,38.0,3.0,10.0,0.0,3.0,0.0,0.0,0.0,0.0,0.0,0.0,0.0,6.0
4703650,D'Ante Bell,2443,New Orleans Privateers,Forward,2.0,1,1,0,0,0,0,0,0,0,0,0,0,0,1,2,1,Southland,1.0,,,1.0,2.0,1.0,1.0,0.0,0.0,0.0,0.0,0.0,0.0,0.0,0.0,0.0,2.0
4703669,Quinn Strander,2447,Nicholls Colonels,Guard,61.0,6,9,1,3,3,3,0,6,6,7,3,0,6,4,16,3,Southland,0.6666666666666666,0.3333333333333333,1.0,0.7222222222222222,20.333333333333332,2.0,3.0,0.3333333333333333,1.0,0.0,2.0,2.0,2.3333333333333335,1.0,0.0,2.0,5.333333333333333
4703671,Kendal Coleman,2856,California Baptist Lancers,Forward,18.0,3,9,0,0,4,4,3,4,7,0,0,0,3,2,10,2,United Athletic,0.3333333333333333,,1.0,0.3333333333333333,9.0,1.5,4.5,0.0,0.0,1.5,2.0,3.5,0.0,0.0,0.0,1.5,5.0
4703677,Bryce Monroe,85,IUPUI Jaguars,Guard,26.0,5,7,1,2,0,0,0,1,1,3,2,0,1,2,11,1,Horizon,0.7142857142857143,0.5,,0.7857142857142857,26.0,5.0,7.0,1.0,2.0,0.0,1.0,1.0,3.0,2.0,0.0,1.0,11.0
4703685,Kian Scroggins,2534,Sam Houston Bearkats,Forward,39.0,6,10,0,0,5,8,7,11,18,3,0,0,1,3,17,2,Conference USA,0.6,,0.625,0.6,19.5,3.0,5.0,0.0,0.0,3.5,5.5,9.0,1.5,0.0,0.0,0.5,8.5
4703691,Jaylin Jackson-Posey,166,New Mexico State Aggies,Guard,21.0,0,2,0,1,0,0,0,3,3,1,0,0,3,3,0,1,Conference USA,0.0,0.0,,0.0,21.0,0.0,2.0,0.0,1.0,0.0,3.0,3.0,1.0,0.0,0.0,3.0,0.0
4703693,Nana Antwi-Boasiako,2617,Stephen F. Austin Lumberjacks,Forward,39.0,1,4,0,3,1,2,0,1,1,2,2,1,1,8,3,2,United Athletic,0.25,0.0,0.5,0.25,19.5,0.5,2.0,0.0,1.5,0.0,0.5,0.5,1.0,1.0,0.5,0.5,1.5
4703699,Lado Laku,2032,Arkansas State Red Wolves,Forward,2.0,1,3,0,0,0,0,2,0,2,0,0,0,0,0,2,1,Sun Belt,0.3333333333333333,,,0.3333333333333333,2.0,1.0,3.0,0.0,0.0,2.0,0.0,2.0,0.0,0.0,0.0,0.0,2.0
4703801,Brent Davis,2130,Chicago State Cougars,Guard,26.0,3,6,2,4,2,2,1,0,1,2,1,0,2,3,10,1,Division I Independents,0.5,0.5,1.0,0.6666666666666666,26.0,3.0,6.0,2.0,4.0,1.0,0.0,1.0,2.0,1.0,0.0,2.0,10.0
4703805,Marcus Niblack,294,Jacksonville Dolphins,Guard,72.0,9,18,3,6,8,9,1,10,11,7,4,0,9,10,29,3,ASUN,0.5,0.5,0.8888888888888888,0.5833333333333334,24.0,3.0,6.0,1.0,2.0,0.3333333333333333,3.3333333333333335,3.6666666666666665,2.3333333333333335,1.3333333333333333,0.0,3.0,9.666666666666666
4703810,Garrett Hien,231,Furman Paladins,Forward,45.0,4,9,0,4,0,3,4,4,8,5,0,1,0,7,8,2,Southern,0.4444444444444444,0.0,0.0,0.4444444444444444,22.5,2.0,4.5,0.0,2.0,2.0,2.0,4.0,2.5,0.0,0.5,0.0,4.0
4703811,Joe Anderson,288,Lipscomb Bisons,Guard,40.0,8,13,2,5,0,0,0,4,4,3,3,0,2,2,18,1,ASUN,0.6153846153846154,0.4,,0.6923076923076923,40.0,8.0,13.0,2.0,5.0,0.0,4.0,4.0,3.0,3.0,0.0,2.0,18.0
4703821,Tyler Chatman,2261,Hampton Pirates,Guard,5.0,0,1,0,1,0,0,0,0,0,0,0,0,0,0,0,1,Coastal,0.0,0.0,,0.0,5.0,0.0,1.0,0.0,1.0,0.0,0.0,0.0,0.0,0.0,0.0,0.0,0.0
4703826,AJ McGinnis,288,Lipscomb Bisons,Guard,35.0,5,8,2,3,3,3,0,1,1,0,2,0,2,3,15,1,ASUN,0.625,0.6666666666666666,1.0,0.75,35.0,5.0,8.0,2.0,3.0,0.0,1.0,1.0,0.0,2.0,0.0,2.0,15.0
4703828,Jarrett Hensley,79,Southern Illinois Salukis,Forward,31.0,2,6,1,4,2,2,0,4,4,0,0,3,0,0,7,1,Missouri Valley,0.3333333333333333,0.25,1.0,0.4166666666666667,31.0,2.0,6.0,1.0,4.0,0.0,4.0,4.0,0.0,0.0,3.0,0.0,7.0
4703831,Ricardo Wright,2567,SMU Mustangs,Guard,20.0,2,8,1,5,0,0,1,0,1,0,0,0,1,1,5,2,American,0.25,0.2,,0.3125,10.0,1.0,4.0,0.5,2.5,0.5,0.0,0.5,0.0,0.0,0.0,0.5,2.5
4703833,Javon Cooley,2368,Marist Red Foxes,Forward,62.0,8,11,6,8,6,6,1,9,10,0,0,2,1,1,28,2,MAAC,0.7272727272727273,0.75,1.0,1.0,31.0,4.0,5.5,3.0,4.0,0.5,4.5,5.0,0.0,0.0,1.0,0.5,14.0
4703836,Jaron Rillie,2458,Northern Colorado Bears,Guard,70.0,8,27,3,13,2,2,0,12,12,1,2,1,6,2,21,2,Big Sky,0.2962962962962963,0.23076923076923078,1.0,0.35185185185185186,35.0,4.0,13.5,1.5,6.5,0.0,6.0,6.0,0.5,1.0,0.5,3.0,10.5
4703837,A.J. Staton-McCray,2535,Samford Bulldogs,Guard,64.0,6,17,2,7,0,0,1,6,7,7,3,1,3,8,14,4,Southern,0.35294117647058826,0.2857142857142857,,0.4117647058823529,16.0,1.5,4.25,0.5,1.75,0.25,1.5,1.75,1.75,0.75,0.25,0.75,3.5
4703868,Trey Bonham,236,Chattanooga Mocs,Guard,77.0,8,23,3,7,9,10,3,14,17,6,2,0,8,5,28,2,Southern,0.34782608695652173,0.42857142857142855,0.9,0.41304347826086957,38.5,4.0,11.5,1.5,3.5,1.5,7.0,8.5,3.0,1.0,0.0,4.0,14.0
4703869,Devin Butler,2678,VMI Keydets,Guard,25.0,3,8,1,3,0,0,0,2,2,0,0,0,3,4,7,1,Southern,0.375,0.3333333333333333,,0.4375,25.0,3.0,8.0,1.0,3.0,0.0,2.0,2.0,0.0,0.0,0.0,3.0,7.0
4703872,DJ Nussbaum,2678,VMI Keydets,Center,19.0,4,4,0,0,2,2,1,4,5,0,0,1,3,3,10,1,Southern,1.0,,1.0,1.0,19.0,4.0,4.0,0.0,0.0,1.0,4.0,5.0,0.0,0.0,1.0,3.0,10.0
4703879,Sin'Cere McMahon,2737,Winthrop Eagles,Guard,23.0,7,10,5,7,0,0,0,1,1,2,0,0,2,3,19,1,Big South,0.7,0.7142857142857143,,0.95,23.0,7.0,10.0,5.0,7.0,0.0,1.0,1.0,2.0,0.0,0.0,2.0,19.0
4703883,Tyler McGhie,28,UC San Diego Tritons,Forward,33.0,5,11,4,7,3,3,0,3,3,1,0,1,0,2,17,1,Big West,0.45454545454545453,0.5714285714285714,1.0,0.6363636363636364,33.0,5.0,11.0,4.0,7.0,0.0,3.0,3.0,1.0,0.0,1.0,0.0,17.0
4703885,Max Klesmit,275,Wisconsin Badgers,Guard,148.0,20,42,15,30,4,7,2,17,19,21,5,0,8,15,59,5,Big Ten,0.47619047619047616,0.5,0.5714285714285714,0.6547619047619048,29.6,4.0,8.4,3.0,6.0,0.4,3.4,3.8,4.2,1.0,0.0,1.6,11.8
4703886,Sam Godwin,201,Oklahoma Sooners,Forward,21.0,2,5,0,0,1,2,3,2,5,3,0,1,2,3,5,1,Big 12,0.4,,0.5,0.4,21.0,2.0,5.0,0.0,0.0,3.0,2.0,5.0,3.0,0.0,1.0,2.0,5.0
4703887,Nick Pringle,333,Alabama Crimson Tide,Forward,126.0,13,25,0,0,17,29,18,23,41,8,1,3,9,18,43,6,SEC,0.52,,0.5862068965517241,0.52,21.0,2.1666666666666665,4.166666666666667,0.0,0.0,3.0,3.8333333333333335,6.833333333333333,1.3333333333333333,0.16666666666666666,0.5,1.5,7.166666666666667
4703889,Jayson Kent,282,Indiana State Sycamores,Guard,258.0,47,64,11,20,27,32,20,52,72,2,6,5,9,18,132,8,Missouri Valley,0.734375,0.55,0.84375,0.8203125,32.25,5.875,8.0,1.375,2.5,2.5,6.5,9.0,0.25,0.75,0.625,1.125,16.5
4703891,Connor Linke,71,Bradley Braves,Forward,44.0,2,4,0,0,0,0,0,6,6,3,2,0,4,4,4,4,Missouri Valley,0.5,,,0.5,11.0,0.5,1.0,0.0,0.0,0.0,1.5,1.5,0.75,0.5,0.0,1.0,1.0
4703901,Alston Andrews,2169,Delaware State Hornets,Forward,115.0,13,25,0,0,4,9,6,8,14,2,9,1,6,14,30,4,MEAC,0.52,,0.4444444444444444,0.52,28.75,3.25,6.25,0.0,0.0,1.5,2.0,3.5,0.5,2.25,0.25,1.5,7.5
4703903,Dusan Mahorcic,2184,Duquesne Dukes,Forward,75.0,10,20,0,0,1,6,5,12,17,6,1,0,4,5,21,6,Atlantic 10,0.5,,0.16666666666666666,0.5,12.5,1.6666666666666667,3.3333333333333335,0.0,0.0,0.8333333333333334,2.0,2.8333333333333335,1.0,0.16666666666666666,0.0,0.6666666666666666,3.5
4703905,Alex Kotov,2097,Campbell Fighting Camels,Forward,5.0,1,2,0,0,0,0,0,0,0,0,0,0,0,0,2,1,Coastal,0.5,,,0.5,5.0,1.0,2.0,0.0,0.0,0.0,0.0,0.0,0.0,0.0,0.0,0.0,2.0
4703907,Julian Larry,282,Indiana State Sycamores,Guard,296.0,37,72,10,22,18,25,3,16,19,49,10,1,21,21,102,8,Missouri Valley,0.5138888888888888,0.45454545454545453,0.72,0.5833333333333334,37.0,4.625,9.0,1.25,2.75,0.375,2.0,2.375,6.125,1.25,0.125,2.625,12.75
4703908,Sam Mervis,88,Southern Indiana Screaming Eagles,Guard,26.0,3,7,0,0,0,0,1,2,3,8,2,0,1,4,6,1,Ohio Valley,0.42857142857142855,,,0.42857142857142855,26.0,3.0,7.0,0.0,0.0,1.0,2.0,3.0,8.0,2.0,0.0,1.0,6.0
4703912,Nate Heise,2460,Northern Iowa Panthers,Guard,58.0,7,18,2,7,7,9,0,8,8,5,1,0,2,3,23,2,Missouri Valley,0.3888888888888889,0.2857142857142857,0.7777777777777778,0.4444444444444444,29.0,3.5,9.0,1.0,3.5,0.0,4.0,4.0,2.5,0.5,0.0,1.0,11.5
4703913,Bowen Born,2460,Northern Iowa Panthers,Guard,55.0,4,22,2,9,10,12,1,4,5,4,1,0,1,1,20,2,Missouri Valley,0.18181818181818182,0.2222222222222222,0.8333333333333334,0.22727272727272727,27.5,2.0,11.0,1.0,4.5,0.5,2.0,2.5,2.0,0.5,0.0,0.5,10.0
4703914,Tytan Anderson,2460,Northern Iowa Panthers,Guard,65.0,9,22,0,2,8,10,8,19,27,1,3,3,2,5,26,2,Missouri Valley,0.4090909090909091,0.0,0.8,0.4090909090909091,32.5,4.5,11.0,0.0,1.0,4.0,9.5,13.5,0.5,1.5,1.5,1.0,13.0
4703915,Drew Daniel,2460,Northern Iowa Panthers,Guard,2.0,1,2,1,2,0,0,0,0,0,0,0,0,0,0,3,1,Missouri Valley,0.5,0.5,,0.75,2.0,1.0,2.0,1.0,2.0,0.0,0.0,0.0,0.0,0.0,0.0,0.0,3.0
4703921,Dalton Banks,2287,Illinois State Redbirds,Guard,22.0,2,5,0,2,1,2,0,3,3,2,1,0,4,1,5,1,Missouri Valley,0.4,0.0,0.5,0.4,22.0,2.0,5.0,0.0,2.0,0.0,3.0,3.0,2.0,1.0,0.0,4.0,5.0
4703923,Kyler Filewich,2747,Wofford Terriers,Center,26.0,4,11,0,0,1,1,4,4,8,4,2,1,4,2,9,1,Southern,0.36363636363636365,,1.0,0.36363636363636365,26.0,4.0,11.0,0.0,0.0,4.0,4.0,8.0,4.0,2.0,1.0,4.0,9.0
4703924,Steven Verplancken,2692,Weber State Wildcats,Guard,36.0,3,9,2,6,2,3,1,2,3,2,0,0,2,2,10,1,Big Sky,0.3333333333333333,0.3333333333333333,0.6666666666666666,0.4444444444444444,36.0,3.0,9.0,2.0,6.0,1.0,2.0,3.0,2.0,0.0,0.0,2.0,10.0
4703973,DeMarcus Sharp,2046,Austin Peay Governors,Guard,115.0,25,46,0,0,23,27,6,13,19,12,2,4,4,15,73,4,ASUN,0.5434782608695652,,0.8518518518518519,0.5434782608695652,28.75,6.25,11.5,0.0,0.0,1.5,3.25,4.75,3.0,0.5,1.0,1.0,18.25
4703976,Raphe Ayres,2623,Missouri State Bears,Guard,42.0,1,5,1,5,1,2,2,7,9,2,1,0,1,2,4,2,Missouri Valley,0.2,0.2,0.5,0.3,21.0,0.5,2.5,0.5,2.5,1.0,3.5,4.5,1.0,0.5,0.0,0.5,2.0
4703977,Melvyn Ebonkoli,140,Kansas City Roos,Forward,14.0,0,3,0,0,0,0,1,2,3,0,0,0,1,3,0,1,Summit League,0.0,,,0.0,14.0,0.0,3.0,0.0,0.0,1.0,2.0,3.0,0.0,0.0,0.0,1.0,0.0
4703979,Lu'Cye Patterson,2429,Charlotte 49ers,Guard,36.0,6,12,3,7,2,2,2,3,5,2,2,2,2,3,17,1,American,0.5,0.42857142857142855,1.0,0.625,36.0,6.0,12.0,3.0,7.0,2.0,3.0,5.0,2.0,2.0,2.0,2.0,17.0
4703982,Sheldon Edwards,2350,Loyola Chicago Ramblers,Guard,49.0,3,15,1,10,0,0,2,6,8,1,0,1,0,2,7,2,Atlantic 10,0.2,0.1,,0.23333333333333334,24.5,1.5,7.5,0.5,5.0,1.0,3.0,4.0,0.5,0.0,0.5,0.0,3.5
4703996,Martaz Robinson,2169,Delaware State Hornets,Guard,133.0,17,45,0,5,23,27,11,20,31,8,2,0,7,9,57,4,MEAC,0.37777777777777777,0.0,0.8518518518518519,0.37777777777777777,33.25,4.25,11.25,0.0,1.25,2.75,5.0,7.75,2.0,0.5,0.0,1.75,14.25
4704042,Thomas Weaver,47,Howard Bison,Guard,3.0,0,0,0,0,0,0,0,0,0,0,0,0,0,0,0,1,MEAC,,,,,3.0,0.0,0.0,0.0,0.0,0.0,0.0,0.0,0.0,0.0,0.0,0.0,0.0
4704043,Steve Settle III,218,Temple Owls,Forward,132.0,14,33,5,14,10,16,6,10,16,4,6,6,4,9,43,5,American,0.42424242424242425,0.35714285714285715,0.625,0.5,26.4,2.8,6.6,1.0,2.8,1.2,2.0,3.2,0.8,1.2,1.2,0.8,8.6
4704077,Nendah Tarke,119,Towson Tigers,Guard,78.0,9,31,2,13,9,14,1,13,14,3,6,3,7,4,29,3,Coastal,0.2903225806451613,0.15384615384615385,0.6428571428571429,0.3225806451612903,26.0,3.0,10.333333333333334,0.6666666666666666,4.333333333333333,0.3333333333333333,4.333333333333333,4.666666666666667,1.0,2.0,1.0,2.3333333333333335,9.666666666666666
4704079,Jemal Davis,2117,Central Michigan Chippewas,Forward,12.0,1,4,1,2,0,0,0,0,0,0,1,0,0,2,3,1,Mid-American,0.25,0.5,,0.375,12.0,1.0,4.0,1.0,2.0,0.0,0.0,0.0,0.0,1.0,0.0,0.0,3.0
4704083,Floyd Rideau Jr.,2908,South Carolina Upstate Spartans,Guard,15.0,1,3,0,2,0,0,0,0,0,1,2,2,1,0,2,1,Big South,0.3333333333333333,0.0,,0.3333333333333333,15.0,1.0,3.0,0.0,2.0,0.0,0.0,0.0,1.0,2.0,2.0,1.0,2.0
4704086,Dallas James,2569,South Carolina State Bulldogs,Center,11.0,1,1,0,0,0,0,1,0,1,0,0,2,2,3,2,1,MEAC,1.0,,,1.0,11.0,1.0,1.0,0.0,0.0,1.0,0.0,1.0,0.0,0.0,2.0,2.0,2.0
4704109,Justin Wright,2351,Loyola Marymount Lions,Guard,24.0,6,11,2,3,0,0,0,1,1,1,1,1,0,2,14,1,West Coast,0.5454545454545454,0.6666666666666666,,0.6363636363636364,24.0,6.0,11.0,2.0,3.0,0.0,1.0,1.0,1.0,1.0,1.0,0.0,14.0
4704950,Kyle Jenkins,322,Lafayette Leopards,Forward,31.0,4,8,2,5,0,0,0,3,3,2,1,0,2,1,10,1,Patriot League,0.5,0.4,,0.625,31.0,4.0,8.0,2.0,5.0,0.0,3.0,3.0,2.0,1.0,0.0,2.0,10.0
4704951,Eric Sondberg,322,Lafayette Leopards,Guard,22.0,1,6,1,5,0,0,1,1,2,0,0,0,0,1,3,1,Patriot League,0.16666666666666666,0.2,,0.25,22.0,1.0,6.0,1.0,5.0,1.0,1.0,2.0,0.0,0.0,0.0,0.0,3.0
4705270,Nehemiah Benson,2066,Binghamton Bearcats,Forward,27.0,4,7,0,2,0,0,0,1,1,6,1,0,3,3,8,1,America East,0.5714285714285714,0.0,,0.5714285714285714,27.0,4.0,7.0,0.0,2.0,0.0,1.0,1.0,6.0,1.0,0.0,3.0,8.0
4705303,Kwabena Davis,349,Army Black Knights,Guard,2.0,0,1,0,1,0,0,0,0,0,0,0,0,0,1,0,1,Patriot League,0.0,0.0,,0.0,2.0,0.0,1.0,0.0,1.0,0.0,0.0,0.0,0.0,0.0,0.0,0.0,0.0
4705304,Jared Cross,349,Army Black Knights,Guard,26.0,1,6,1,6,0,0,0,2,2,1,1,0,0,0,3,1,Patriot League,0.16666666666666666,0.16666666666666666,,0.25,26.0,1.0,6.0,1.0,6.0,0.0,2.0,2.0,1.0,1.0,0.0,0.0,3.0
4705305,Charlie Peterson,349,Army Black Knights,Forward,21.0,4,5,0,0,2,5,4,2,6,3,1,0,1,2,10,1,Patriot League,0.8,,0.4,0.8,21.0,4.0,5.0,0.0,0.0,4.0,2.0,6.0,3.0,1.0,0.0,1.0,10.0
4705307,Matt Dove,349,Army Black Knights,Forward,3.0,0,1,0,1,0,0,0,0,0,0,0,0,0,0,0,1,Patriot League,0.0,0.0,,0.0,3.0,0.0,1.0,0.0,1.0,0.0,0.0,0.0,0.0,0.0,0.0,0.0,0.0
4705309,Abe Johnson,349,Army Black Knights,Forward,15.0,1,3,0,0,0,0,0,4,4,0,0,1,1,2,2,1,Patriot League,0.3333333333333333,,,0.3333333333333333,15.0,1.0,3.0,0.0,0.0,0.0,4.0,4.0,0.0,0.0,1.0,1.0,2.0
4705373,Freddy Hicks,2032,Arkansas State Red Wolves,Guard,203.0,38,82,4,21,34,42,18,25,43,14,4,5,10,15,114,6,Sun Belt,0.4634146341463415,0.19047619047619047,0.8095238095238095,0.4878048780487805,33.833333333333336,6.333333333333333,13.666666666666666,0.6666666666666666,3.5,3.0,4.166666666666667,7.166666666666667,2.3333333333333335,0.6666666666666666,0.8333333333333334,1.6666666666666667,19.0
4705379,Isaiah Range,2011,Alabama State Hornets,Guard,37.0,4,7,2,5,0,0,0,4,4,0,0,1,1,1,10,1,SWAC,0.5714285714285714,0.4,,0.7142857142857143,37.0,4.0,7.0,2.0,5.0,0.0,4.0,4.0,0.0,0.0,1.0,1.0,10.0
4705380,Shamir Bogues,261,Vermont Catamounts,Guard,133.0,24,54,1,9,11,17,5,16,21,12,15,1,3,8,60,4,America East,0.4444444444444444,0.1111111111111111,0.6470588235294118,0.4537037037037037,33.25,6.0,13.5,0.25,2.25,1.25,4.0,5.25,3.0,3.75,0.25,0.75,15.0
4705893,Devin Gordon,2428,North Carolina Central Eagles,Forward,6.0,0,0,0,0,0,0,0,0,0,0,0,0,0,1,0,1,MEAC,,,,,6.0,0.0,0.0,0.0,0.0,0.0,0.0,0.0,0.0,0.0,0.0,0.0,0.0
4706557,Chris Youngblood,58,South Florida Bulls,Guard,122.0,20,36,7,15,13,14,4,6,10,7,3,3,4,14,60,4,American,0.5555555555555556,0.4666666666666667,0.9285714285714286,0.6527777777777778,30.5,5.0,9.0,1.75,3.75,1.0,1.5,2.5,1.75,0.75,0.75,1.0,15.0
4706596,Jay'Den Turner,2247,Georgia State Panthers,Forward,25.0,2,5,1,3,1,3,0,6,6,0,0,0,0,3,6,1,Sun Belt,0.4,0.3333333333333333,0.3333333333333333,0.5,25.0,2.0,5.0,1.0,3.0,0.0,6.0,6.0,0.0,0.0,0.0,0.0,6.0
4706601,AJ McKee,2511,Queens University Royals,Guard,75.0,14,36,6,16,10,13,1,9,10,3,5,0,6,4,44,2,ASUN,0.3888888888888889,0.375,0.7692307692307693,0.4722222222222222,37.5,7.0,18.0,3.0,8.0,0.5,4.5,5.0,1.5,2.5,0.0,3.0,22.0
4706630,AJ Hoynack,2272,High Point Panthers,Guard,4.0,0,2,0,1,0,0,1,2,3,0,0,0,0,1,0,2,Big South,0.0,0.0,,0.0,2.0,0.0,1.0,0.0,0.5,0.5,1.0,1.5,0.0,0.0,0.0,0.0,0.0
4706679,Josh Gray,2579,South Carolina Gamecocks,Forward,38.0,7,11,0,0,1,4,4,4,8,3,0,0,1,5,15,3,SEC,0.6363636363636364,,0.25,0.6363636363636364,12.666666666666666,2.3333333333333335,3.6666666666666665,0.0,0.0,1.3333333333333333,1.3333333333333333,2.6666666666666665,1.0,0.0,0.0,0.3333333333333333,5.0
4706707,Lysander Rehnstrom,2426,Navy Midshipmen,Guard,45.0,4,13,2,9,0,0,0,3,3,3,0,0,1,5,10,2,Patriot League,0.3076923076923077,0.2222222222222222,,0.38461538461538464,22.5,2.0,6.5,1.0,4.5,0.0,1.5,1.5,1.5,0.0,0.0,0.5,5.0
4706859,Carter Sobera,2,Auburn Tigers,Guard,3.0,0,0,0,0,0,0,0,0,0,0,0,0,0,0,0,2,SEC,,,,,1.5,0.0,0.0,0.0,0.0,0.0,0.0,0.0,0.0,0.0,0.0,0.0,0.0
4706918,Chase Forte,2466,Northwestern State Demons,Guard,39.0,7,16,2,3,1,4,2,5,7,3,3,1,1,4,17,1,Southland,0.4375,0.6666666666666666,0.25,0.5,39.0,7.0,16.0,2.0,3.0,2.0,5.0,7.0,3.0,3.0,1.0,1.0,17.0
4707008,Dan Luers,2197,Eastern Illinois Panthers,Guard,34.0,5,13,0,6,1,1,1,2,3,1,1,0,1,2,11,1,Ohio Valley,0.38461538461538464,0.0,1.0,0.38461538461538464,34.0,5.0,13.0,0.0,6.0,1.0,2.0,3.0,1.0,1.0,0.0,1.0,11.0
4707015,Chandler Baker,2142,Colgate Raiders,Guard,44.0,9,19,6,13,0,0,0,5,5,0,0,0,2,2,24,4,Patriot League,0.47368421052631576,0.46153846153846156,,0.631578947368421,11.0,2.25,4.75,1.5,3.25,0.0,1.25,1.25,0.0,0.0,0.0,0.5,6.0
4708045,Joe Octave,107,Holy Cross Crusaders,Guard,73.0,16,29,6,14,10,11,1,12,13,8,1,0,4,7,48,2,Patriot League,0.5517241379310345,0.42857142857142855,0.9090909090909091,0.6551724137931034,36.5,8.0,14.5,3.0,7.0,0.5,6.0,6.5,4.0,0.5,0.0,2.0,24.0
4708074,Cesare Edwards,2623,Missouri State Bears,Forward,19.0,2,9,0,0,0,0,0,6,6,0,0,0,2,4,4,2,Missouri Valley,0.2222222222222222,,,0.2222222222222222,9.5,1.0,4.5,0.0,0.0,0.0,3.0,3.0,0.0,0.0,0.0,1.0,2.0
4708075,Joe Charles,309,Louisiana Ragin' Cajuns,Forward,65.0,4,15,0,4,0,1,6,10,16,4,3,2,3,2,8,2,Sun Belt,0.26666666666666666,0.0,0.0,0.26666666666666666,32.5,2.0,7.5,0.0,2.0,3.0,5.0,8.0,2.0,1.5,1.0,1.5,4.0
4708076,Jalen Miller,198,Oral Roberts Golden Eagles,Guard,26.0,1,4,1,3,0,0,1,3,4,1,1,0,0,3,3,2,Summit League,0.25,0.3333333333333333,,0.375,13.0,0.5,2.0,0.5,1.5,0.5,1.5,2.0,0.5,0.5,0.0,0.0,1.5
4708167,Lazar Stefanovic,26,UCLA Bruins,Guard,54.0,4,10,2,4,3,4,4,11,15,2,1,0,1,6,13,2,Pac-12,0.4,0.5,0.75,0.5,27.0,2.0,5.0,1.0,2.0,2.0,5.5,7.5,1.0,0.5,0.0,0.5,6.5
4708176,Ramon Walker Jr.,248,Houston Cougars,Guard,33.0,2,5,1,3,1,2,3,4,7,0,2,0,1,4,6,3,Big 12,0.4,0.3333333333333333,0.5,0.5,11.0,0.6666666666666666,1.6666666666666667,0.3333333333333333,1.0,1.0,1.3333333333333333,2.3333333333333335,0.0,0.6666666666666666,0.0,0.3333333333333333,2.0
4708214,Zach Hicks,213,Penn State Nittany Lions,Forward,67.0,10,21,9,18,2,2,0,11,11,4,0,1,1,4,31,2,Big Ten,0.47619047619047616,0.5,1.0,0.6904761904761905,33.5,5.0,10.5,4.5,9.0,0.0,5.5,5.5,2.0,0.0,0.5,0.5,15.5
4708215,RJ Felton,151,East Carolina Pirates,Guard,74.0,12,34,4,15,7,13,1,3,4,4,3,2,2,4,35,2,American,0.35294117647058826,0.26666666666666666,0.5384615384615384,0.4117647058823529,37.0,6.0,17.0,2.0,7.5,0.5,1.5,2.0,2.0,1.5,1.0,1.0,17.5
4708216,Sterling Gaston-Chapman,250,UT Arlington Mavericks,Guard,17.0,1,4,0,2,0,0,1,4,5,1,1,1,2,6,2,3,United Athletic,0.25,0.0,,0.25,5.666666666666667,0.3333333333333333,1.3333333333333333,0.0,0.6666666666666666,0.3333333333333333,1.3333333333333333,1.6666666666666667,0.3333333333333333,0.3333333333333333,0.3333333333333333,0.6666666666666666,0.6666666666666666
4708217,Alexis Reyes,2514,Quinnipiac Bobcats,Forward,93.0,8,18,4,6,5,8,4,12,16,6,2,1,6,5,25,3,MAAC,0.4444444444444444,0.6666666666666666,0.625,0.5555555555555556,31.0,2.6666666666666665,6.0,1.3333333333333333,2.0,1.3333333333333333,4.0,5.333333333333333,2.0,0.6666666666666666,0.3333333333333333,2.0,8.333333333333334
4708218,Hysier Miller,218,Temple Owls,Guard,182.0,30,71,13,36,23,26,2,19,21,23,16,2,14,10,96,5,American,0.4225352112676056,0.3611111111111111,0.8846153846153846,0.5140845070422535,36.4,6.0,14.2,2.6,7.2,0.4,3.8,4.2,4.6,3.2,0.4,2.8,19.2
4708220,Trey Moss,2729,William & Mary Tribe,Guard,57.0,9,25,6,15,5,5,0,7,7,2,0,0,0,4,29,2,Coastal,0.36,0.4,1.0,0.48,28.5,4.5,12.5,3.0,7.5,0.0,3.5,3.5,1.0,0.0,0.0,0.0,14.5
4708951,O.D. Ogunbo,48,Delaware Blue Hens,Forward,8.0,1,4,1,1,0,0,0,1,1,0,0,0,0,1,3,2,Coastal,0.25,1.0,,0.375,4.0,0.5,2.0,0.5,0.5,0.0,0.5,0.5,0.0,0.0,0.0,0.0,1.5
4708992,Eric Northweather,2181,Drake Bulldogs,Forward,2.0,1,1,1,1,0,0,0,0,0,0,0,0,0,0,3,1,Missouri Valley,1.0,1.0,,1.5,2.0,1.0,1.0,1.0,1.0,0.0,0.0,0.0,0.0,0.0,0.0,0.0,3.0
4709131,Sean Pedulla,259,Virginia Tech Hokies,Guard,108.0,19,44,3,16,18,23,0,10,10,20,4,0,9,10,59,3,ACC,0.4318181818181818,0.1875,0.782608695652174,0.4659090909090909,36.0,6.333333333333333,14.666666666666666,1.0,5.333333333333333,0.0,3.3333333333333335,3.3333333333333335,6.666666666666667,1.3333333333333333,0.0,3.0,19.666666666666668
4709132,Khalil Brantley,2325,La Salle Explorers,Guard,80.0,9,27,5,12,2,3,2,11,13,5,3,1,3,6,25,2,Atlantic 10,0.3333333333333333,0.4166666666666667,0.6666666666666666,0.42592592592592593,40.0,4.5,13.5,2.5,6.0,1.0,5.5,6.5,2.5,1.5,0.5,1.5,12.5
4709133,Myles Rice,265,Washington State Cougars,Guard,144.0,19,48,2,16,6,6,1,9,10,13,8,0,11,14,46,4,Pac-12,0.3958333333333333,0.125,1.0,0.4166666666666667,36.0,4.75,12.0,0.5,4.0,0.25,2.25,2.5,3.25,2.0,0.0,2.75,11.5
4709142,Justin Rochelin,204,Oregon State Beavers,Guard,15.0,0,1,0,1,0,0,2,5,7,2,1,0,0,2,0,1,Pac-12,0.0,0.0,,0.0,15.0,0.0,1.0,0.0,1.0,2.0,5.0,7.0,2.0,1.0,0.0,0.0,0.0
4709150,Kuluel Mading,2450,Norfolk State Spartans,Forward,66.0,8,13,1,3,3,4,5,9,14,2,0,6,5,4,20,4,MEAC,0.6153846153846154,0.3333333333333333,0.75,0.6538461538461539,16.5,2.0,3.25,0.25,0.75,1.25,2.25,3.5,0.5,0.0,1.5,1.25,5.0
4709318,AJ Braun,2750,Wright State Raiders,Center,38.0,5,10,0,0,8,11,3,6,9,1,0,2,3,1,18,1,Horizon,0.5,,0.7272727272727273,0.5,38.0,5.0,10.0,0.0,0.0,3.0,6.0,9.0,1.0,0.0,2.0,3.0,18.0
4709321,Abdou Samb,85,IUPUI Jaguars,Forward,22.0,2,3,0,0,0,0,1,2,3,1,1,0,1,3,4,1,Horizon,0.6666666666666666,,,0.6666666666666666,22.0,2.0,3.0,0.0,0.0,1.0,2.0,3.0,1.0,1.0,0.0,1.0,4.0
4709322,Nate Tshimanga,3084,Utah Valley Wolverines,Forward,6.0,0,0,0,0,0,0,0,0,0,0,0,0,0,2,0,1,United Athletic,,,,,6.0,0.0,0.0,0.0,0.0,0.0,0.0,0.0,0.0,0.0,0.0,0.0,0.0
4709434,Michael Bradley,94,Northern Kentucky Norse,Guard,80.0,11,20,5,9,4,4,0,3,3,13,4,0,1,7,31,2,Horizon,0.55,0.5555555555555556,1.0,0.675,40.0,5.5,10.0,2.5,4.5,0.0,1.5,1.5,6.5,2.0,0.0,0.5,15.5
4709454,Dallas Howell,2453,North Alabama Lions,Forward,66.0,7,16,6,12,0,0,1,9,10,1,2,0,2,4,20,2,ASUN,0.4375,0.5,,0.625,33.0,3.5,8.0,3.0,6.0,0.5,4.5,5.0,0.5,1.0,0.0,1.0,10.0
4710352,Malcolm Dread,116,Mount St. Mary's Mountaineers,Guard,1.0,0,0,0,0,0,1,1,0,1,0,0,0,0,0,0,1,MAAC,,,0.0,,1.0,0.0,0.0,0.0,0.0,1.0,0.0,1.0,0.0,0.0,0.0,0.0,0.0
4710354,Michael Gray Jr.,2447,Nicholls Colonels,Guard,80.0,11,24,5,13,12,15,4,11,15,7,5,0,4,8,39,3,Southland,0.4583333333333333,0.38461538461538464,0.8,0.5625,26.666666666666668,3.6666666666666665,8.0,1.6666666666666667,4.333333333333333,1.3333333333333333,3.6666666666666665,5.0,2.3333333333333335,1.6666666666666667,0.0,1.3333333333333333,13.0
4710356,Marcus Randolph,2612,Saint Peter's Peacocks,Guard,105.0,8,22,5,14,7,11,1,7,8,5,1,1,1,8,28,4,MAAC,0.36363636363636365,0.35714285714285715,0.6363636363636364,0.4772727272727273,26.25,2.0,5.5,1.25,3.5,0.25,1.75,2.0,1.25,0.25,0.25,0.25,7.0
4710357,Daeshon Shepherd,2325,La Salle Explorers,Guard,77.0,6,19,2,6,7,7,4,8,12,2,1,2,2,3,21,2,Atlantic 10,0.3157894736842105,0.3333333333333333,1.0,0.3684210526315789,38.5,3.0,9.5,1.0,3.0,2.0,4.0,6.0,1.0,0.5,1.0,1.0,10.5
4710358,Jason Nelson,2670,VCU Rams,Guard,51.0,3,15,1,9,2,3,0,10,10,3,3,1,4,6,9,7,Atlantic 10,0.2,0.1111111111111111,0.6666666666666666,0.23333333333333334,7.285714285714286,0.42857142857142855,2.142857142857143,0.14285714285714285,1.2857142857142858,0.0,1.4285714285714286,1.4285714285714286,0.42857142857142855,0.42857142857142855,0.14285714285714285,0.5714285714285714,1.2857142857142858
4710427,PJ Edwards,189,Bowling Green Falcons,Guard,9.0,0,1,0,1,0,0,0,1,1,1,0,0,1,1,0,1,Mid-American,0.0,0.0,,0.0,9.0,0.0,1.0,0.0,1.0,0.0,1.0,1.0,1.0,0.0,0.0,1.0,0.0
4710625,Austin Patterson,16,Sacramento State Hornets,Guard,106.0,11,30,3,14,7,11,4,18,22,10,8,0,3,5,32,3,Big Sky,0.36666666666666664,0.21428571428571427,0.6363636363636364,0.4166666666666667,35.333333333333336,3.6666666666666665,10.0,1.0,4.666666666666667,1.3333333333333333,6.0,7.333333333333333,3.3333333333333335,2.6666666666666665,0.0,1.0,10.666666666666666
4710770,Meechie Johnson,2579,South Carolina Gamecocks,Guard,90.0,13,36,5,14,2,4,4,6,10,5,2,0,4,8,33,3,SEC,0.3611111111111111,0.35714285714285715,0.5,0.4305555555555556,30.0,4.333333333333333,12.0,1.6666666666666667,4.666666666666667,1.3333333333333333,2.0,3.3333333333333335,1.6666666666666667,0.6666666666666666,0.0,1.3333333333333333,11.0
4711058,Zane Butler,2032,Arkansas State Red Wolves,Guard,6.0,1,1,0,0,0,0,0,0,0,1,1,0,0,0,2,3,Sun Belt,1.0,,,1.0,2.0,0.3333333333333333,0.3333333333333333,0.0,0.0,0.0,0.0,0.0,0.3333333333333333,0.3333333333333333,0.0,0.0,0.6666666666666666
4711108,Mayuom Buom,233,South Dakota Coyotes,Forward,7.0,1,2,0,0,0,0,0,0,0,0,0,2,0,0,2,1,Summit League,0.5,,,0.5,7.0,1.0,2.0,0.0,0.0,0.0,0.0,0.0,0.0,0.0,2.0,0.0,2.0
4711184,Jayce Willingham,2057,Belmont Bruins,Guard,48.0,4,8,1,4,1,2,1,13,14,3,2,0,2,4,10,2,Missouri Valley,0.5,0.25,0.5,0.5625,24.0,2.0,4.0,0.5,2.0,0.5,6.5,7.0,1.5,1.0,0.0,1.0,5.0
4711203,Aniwaniwa Tait-Jones,28,UC San Diego Tritons,Forward,31.0,7,14,1,1,2,4,3,3,6,1,0,0,2,2,17,1,Big West,0.5,1.0,0.5,0.5357142857142857,31.0,7.0,14.0,1.0,1.0,3.0,3.0,6.0,1.0,0.0,0.0,2.0,17.0
4711257,Jamyron Keller,197,Oklahoma State Cowboys,Guard,23.0,1,5,0,2,0,0,1,1,2,2,1,0,2,2,2,1,Big 12,0.2,0.0,,0.2,23.0,1.0,5.0,0.0,2.0,1.0,1.0,2.0,2.0,1.0,0.0,2.0,2.0
4711258,Trey Green,2752,Xavier Musketeers,Guard,32.0,3,13,2,7,0,0,0,1,1,1,0,0,1,2,8,3,Big East,0.23076923076923078,0.2857142857142857,,0.3076923076923077,10.666666666666666,1.0,4.333333333333333,0.6666666666666666,2.3333333333333335,0.0,0.3333333333333333,0.3333333333333333,0.3333333333333333,0.0,0.0,0.3333333333333333,2.6666666666666665
4711259,Dra Gibbs-Lawhorn,356,Illinois Fighting Illini,Guard,48.0,3,10,2,7,2,2,1,4,5,0,0,0,0,6,10,7,Big Ten,0.3,0.2857142857142857,1.0,0.4,6.857142857142857,0.42857142857142855,1.4285714285714286,0.2857142857142857,1.0,0.14285714285714285,0.5714285714285714,0.7142857142857143,0.0,0.0,0.0,0.0,1.4285714285714286
4711264,Jahnathan Lamothe,120,Maryland Terrapins,Guard,15.0,0,2,0,1,0,0,1,0,1,0,0,0,0,1,0,2,Big Ten,0.0,0.0,,0.0,7.5,0.0,1.0,0.0,0.5,0.5,0.0,0.5,0.0,0.0,0.0,0.0,0.0
4711266,Jaydon Young,259,Virginia Tech Hokies,Guard,41.0,4,7,1,4,2,2,0,5,5,3,1,0,0,3,11,3,ACC,0.5714285714285714,0.25,1.0,0.6428571428571429,13.666666666666666,1.3333333333333333,2.3333333333333335,0.3333333333333333,1.3333333333333333,0.0,1.6666666666666667,1.6666666666666667,1.0,0.3333333333333333,0.0,0.0,3.6666666666666665
4711270,Sebastian Mack,26,UCLA Bruins,Guard,39.0,3,10,1,7,9,11,1,5,6,1,0,1,2,6,16,2,Pac-12,0.3,0.14285714285714285,0.8181818181818182,0.35,19.5,1.5,5.0,0.5,3.5,0.5,2.5,3.0,0.5,0.0,0.5,1.0,8.0
4711272,Reed Sheppard,96,Kentucky Wildcats,Guard,58.0,6,13,4,9,1,2,0,3,3,8,4,0,4,6,17,2,SEC,0.46153846153846156,0.4444444444444444,0.5,0.6153846153846154,29.0,3.0,6.5,2.0,4.5,0.0,1.5,1.5,4.0,2.0,0.0,2.0,8.5
4711273,Gabe Sisk,2193,East Tennessee State Buccaneers,Guard,37.0,1,6,0,3,5,6,2,5,7,1,1,0,4,5,7,4,Southern,0.16666666666666666,0.0,0.8333333333333334,0.16666666666666666,9.25,0.25,1.5,0.0,0.75,0.5,1.25,1.75,0.25,0.25,0.0,1.0,1.75
4711274,George Washington III,130,Michigan Wolverines,Guard,1.0,0,0,0,0,4,4,0,1,1,0,0,0,0,0,4,1,Big Ten,,,1.0,,1.0,0.0,0.0,0.0,0.0,0.0,1.0,1.0,0.0,0.0,0.0,0.0,4.0
4711279,Scotty Middleton,194,Ohio State Buckeyes,Guard,31.0,6,8,4,4,0,0,0,2,2,2,3,0,2,1,16,2,Big Ten,0.75,1.0,,1.0,15.5,3.0,4.0,2.0,2.0,0.0,1.0,1.0,1.0,1.5,0.0,1.0,8.0
4711280,Ashton Hardaway,235,Memphis Tigers,Forward,2.0,0,0,0,0,0,0,0,0,0,0,1,0,0,0,0,1,American,,,,,2.0,0.0,0.0,0.0,0.0,0.0,0.0,0.0,0.0,1.0,0.0,0.0,0.0
4711295,Assane Diop,38,Colorado Buffaloes,Forward,7.0,0,0,0,0,0,0,0,0,0,0,0,0,1,0,0,2,Pac-12,,,,,3.5,0.0,0.0,0.0,0.0,0.0,0.0,0.0,0.0,0.0,0.0,0.5,0.0
4711297,Justin Edwards,96,Kentucky Wildcats,Guard,31.0,5,15,1,7,1,1,1,1,2,3,0,1,1,5,12,2,SEC,0.3333333333333333,0.14285714285714285,1.0,0.36666666666666664,15.5,2.5,7.5,0.5,3.5,0.5,0.5,1.0,1.5,0.0,0.5,0.5,6.0
4711304,Xavier Booker,127,Michigan State Spartans,Forward,52.0,7,17,2,8,1,2,2,8,10,1,2,2,1,3,17,4,Big Ten,0.4117647058823529,0.25,0.5,0.47058823529411764,13.0,1.75,4.25,0.5,2.0,0.5,2.0,2.5,0.25,0.5,0.5,0.25,4.25
4711306,Brandon Garrison,197,Oklahoma State Cowboys,Center,22.0,4,7,0,0,2,2,1,2,3,1,0,5,1,4,10,1,Big 12,0.5714285714285714,,1.0,0.5714285714285714,22.0,4.0,7.0,0.0,0.0,1.0,2.0,3.0,1.0,0.0,5.0,1.0,10.0
4711312,Chad Venning,179,St. Bonaventure Bonnies,Forward,54.0,10,24,0,0,3,6,1,3,4,0,0,3,6,5,23,3,Atlantic 10,0.4166666666666667,,0.5,0.4166666666666667,18.0,3.3333333333333335,8.0,0.0,0.0,0.3333333333333333,1.0,1.3333333333333333,0.0,0.0,1.0,2.0,7.666666666666667
4711313,Ben Gregg,2250,Gonzaga Bulldogs,Forward,152.0,19,30,9,17,8,14,12,20,32,6,5,4,3,13,55,5,West Coast,0.6333333333333333,0.5294117647058824,0.5714285714285714,0.7833333333333333,30.4,3.8,6.0,1.8,3.4,2.4,4.0,6.4,1.2,1.0,0.8,0.6,11.0
4711402,Jordan Ross,2608,Saint Mary's Gaels,Guard,12.0,2,2,0,0,0,0,0,1,1,0,1,0,1,1,4,2,West Coast,1.0,,,1.0,6.0,1.0,1.0,0.0,0.0,0.0,0.5,0.5,0.0,0.5,0.0,0.5,2.0
4711593,Reese Waters,21,San Diego State Aztecs,Guard,113.0,12,45,1,19,5,7,6,14,20,2,2,2,7,17,30,6,Mountain West,0.26666666666666666,0.05263157894736842,0.7142857142857143,0.2777777777777778,18.833333333333332,2.0,7.5,0.16666666666666666,3.1666666666666665,1.0,2.3333333333333335,3.3333333333333335,0.3333333333333333,0.3333333333333333,0.3333333333333333,1.1666666666666667,5.0
4711607,Mustapha Amzil,167,New Mexico Lobos,Forward,86.0,7,20,2,10,8,14,4,13,17,3,4,4,2,11,24,5,Mountain West,0.35,0.2,0.5714285714285714,0.4,17.2,1.4,4.0,0.4,2.0,0.8,2.6,3.4,0.6,0.8,0.8,0.4,4.8
4711668,Bernard Pelote,2717,Western Carolina Catamounts,Forward,17.0,3,3,1,1,2,2,1,1,2,0,0,0,2,0,9,1,Southern,1.0,1.0,1.0,1.1666666666666667,17.0,3.0,3.0,1.0,1.0,1.0,1.0,2.0,0.0,0.0,0.0,2.0,9.0
4711671,Caleb Robinson,2241,Gardner-Webb Runnin' Bulldogs,Guard,37.0,4,16,1,3,1,4,3,10,13,2,1,2,5,8,10,2,Big South,0.25,0.3333333333333333,0.25,0.28125,18.5,2.0,8.0,0.5,1.5,1.5,5.0,6.5,1.0,0.5,1.0,2.5,5.0
4711679,Carter Whitt,231,Furman Paladins,Guard,36.0,8,15,4,5,4,4,2,3,5,4,2,0,0,5,24,2,Southern,0.5333333333333333,0.8,1.0,0.6666666666666666,18.0,4.0,7.5,2.0,2.5,1.0,1.5,2.5,2.0,1.0,0.0,0.0,12.0
4711705,Babacar Diallo,140,Kansas City Roos,Guard,24.0,2,5,1,3,2,2,1,3,4,2,1,0,2,1,7,1,Summit League,0.4,0.3333333333333333,1.0,0.5,24.0,2.0,5.0,1.0,3.0,1.0,3.0,4.0,2.0,1.0,0.0,2.0,7.0
4711838,Ismail Habib,2502,Portland State Vikings,Guard,14.0,0,3,0,0,0,0,0,1,1,0,0,0,2,3,0,1,Big Sky,0.0,,,0.0,14.0,0.0,3.0,0.0,0.0,0.0,1.0,1.0,0.0,0.0,0.0,2.0,0.0
4712255,Isaiah Folkes,2429,Charlotte 49ers,Guard,16.0,1,6,0,1,0,0,1,1,2,0,0,0,1,2,2,1,American,0.16666666666666666,0.0,,0.16666666666666666,16.0,1.0,6.0,0.0,1.0,1.0,1.0,2.0,0.0,0.0,0.0,1.0,2.0
4712280,Alex Schumacher,2547,Seattle U Redhawks,Guard,190.0,26,61,4,11,31,36,4,26,30,36,7,1,17,10,87,6,United Athletic,0.4262295081967213,0.36363636363636365,0.8611111111111112,0.45901639344262296,31.666666666666668,4.333333333333333,10.166666666666666,0.6666666666666666,1.8333333333333333,0.6666666666666666,4.333333333333333,5.0,6.0,1.1666666666666667,0.16666666666666666,2.8333333333333335,14.5
4712348,Fousseyni Traore,252,BYU Cougars,Forward,68.0,14,25,0,0,10,14,5,12,17,3,3,4,5,4,38,3,Big 12,0.56,,0.7142857142857143,0.56,22.666666666666668,4.666666666666667,8.333333333333334,0.0,0.0,1.6666666666666667,4.0,5.666666666666667,1.0,1.0,1.3333333333333333,1.6666666666666667,12.666666666666666
4712832,Barrington Hargress,27,UC Riverside Highlanders,Guard,71.0,11,27,2,8,8,10,1,3,4,10,4,2,1,4,32,2,Big West,0.4074074074074074,0.25,0.8,0.4444444444444444,35.5,5.5,13.5,1.0,4.0,0.5,1.5,2.0,5.0,2.0,1.0,0.5,16.0
4712836,Seth Trimble,153,North Carolina Tar Heels,Guard,100.0,10,20,4,7,10,10,2,10,12,10,1,2,5,2,34,6,ACC,0.5,0.5714285714285714,1.0,0.6,16.666666666666668,1.6666666666666667,3.3333333333333335,0.6666666666666666,1.1666666666666667,0.3333333333333333,1.6666666666666667,2.0,1.6666666666666667,0.16666666666666666,0.3333333333333333,0.8333333333333334,5.666666666666667
4712837,Austin Nunez,145,Ole Miss Rebels,Guard,1.0,0,0,0,0,0,0,0,1,1,0,0,0,0,0,0,1,SEC,,,,,1.0,0.0,0.0,0.0,0.0,0.0,1.0,1.0,0.0,0.0,0.0,0.0,0.0
4712838,Leland Walker,2198,Eastern Kentucky Colonels,Guard,32.0,5,12,0,3,0,0,0,1,1,3,1,0,3,3,10,1,ASUN,0.4166666666666667,0.0,,0.4166666666666667,32.0,5.0,12.0,0.0,3.0,0.0,1.0,1.0,3.0,1.0,0.0,3.0,10.0
4712843,Chandler Jackson,52,Florida State Seminoles,Guard,15.0,1,4,0,0,0,0,0,1,1,1,0,1,0,2,2,2,ACC,0.25,,,0.25,7.5,0.5,2.0,0.0,0.0,0.0,0.5,0.5,0.5,0.0,0.5,0.0,1.0
4712845,Isaac McKneely,258,Virginia Cavaliers,Guard,106.0,11,36,8,21,4,7,0,9,9,6,0,0,0,4,34,3,ACC,0.3055555555555556,0.38095238095238093,0.5714285714285714,0.4166666666666667,35.333333333333336,3.6666666666666665,12.0,2.6666666666666665,7.0,0.0,3.0,3.0,2.0,0.0,0.0,0.0,11.333333333333334
4712861,Kendall Campbell,2210,Elon Phoenix,Forward,10.0,0,0,0,0,0,0,0,2,2,0,0,0,3,2,0,1,Coastal,,,,,10.0,0.0,0.0,0.0,0.0,0.0,2.0,2.0,0.0,0.0,0.0,3.0,0.0
4712862,Malik Dia,2057,Belmont Bruins,Forward,44.0,13,23,4,6,6,12,2,12,14,2,3,2,4,6,36,2,Missouri Valley,0.5652173913043478,0.6666666666666666,0.5,0.6521739130434783,22.0,6.5,11.5,2.0,3.0,1.0,6.0,7.0,1.0,1.5,1.0,2.0,18.0
4712866,Isaac Traudt,156,Creighton Bluejays,Forward,2.0,0,1,0,1,0,0,0,0,0,0,0,1,0,0,0,1,Big East,0.0,0.0,,0.0,2.0,0.0,1.0,0.0,1.0,0.0,0.0,0.0,0.0,0.0,1.0,0.0,0.0
4712893,Isaiah Carr,2172,Denver Pioneers,Forward,57.0,8,12,0,0,2,6,6,12,18,1,1,4,0,7,18,3,Summit League,0.6666666666666666,,0.3333333333333333,0.6666666666666666,19.0,2.6666666666666665,4.0,0.0,0.0,2.0,4.0,6.0,0.3333333333333333,0.3333333333333333,1.3333333333333333,0.0,6.0
4712902,Cam Corhen,52,Florida State Seminoles,Forward,58.0,3,7,0,0,5,7,3,4,7,2,3,0,1,7,11,2,ACC,0.42857142857142855,,0.7142857142857143,0.42857142857142855,29.0,1.5,3.5,0.0,0.0,1.5,2.0,3.5,1.0,1.5,0.0,0.5,5.5
4713010,David Jones,235,Memphis Tigers,Forward,37.0,8,19,4,10,4,6,5,2,7,3,4,0,2,4,24,1,American,0.42105263157894735,0.4,0.6666666666666666,0.5263157894736842,37.0,8.0,19.0,4.0,10.0,5.0,2.0,7.0,3.0,4.0,0.0,2.0,24.0
4713089,Sean Durugordon,2561,Siena Saints,Guard,5.0,0,0,0,0,0,0,0,3,3,0,0,0,0,0,0,1,MAAC,,,,,5.0,0.0,0.0,0.0,0.0,0.0,3.0,3.0,0.0,0.0,0.0,0.0,0.0
4714246,Jordan Nesbitt,2261,Hampton Pirates,Guard,45.0,4,20,0,7,1,1,2,4,6,7,0,2,5,3,9,2,Coastal,0.2,0.0,1.0,0.2,22.5,2.0,10.0,0.0,3.5,1.0,2.0,3.0,3.5,0.0,1.0,2.5,4.5
4715351,Markus Ilver,275,Wisconsin Badgers,Forward,43.0,1,6,0,4,2,2,2,6,8,2,1,0,0,6,4,4,Big Ten,0.16666666666666666,0.0,1.0,0.16666666666666666,10.75,0.25,1.5,0.0,1.0,0.5,1.5,2.0,0.5,0.25,0.0,0.0,1.0
4719433,Julian Mackey,2247,Georgia State Panthers,Guard,7.0,0,2,0,1,0,0,0,0,0,0,0,0,0,0,0,1,Sun Belt,0.0,0.0,,0.0,7.0,0.0,2.0,0.0,1.0,0.0,0.0,0.0,0.0,0.0,0.0,0.0,0.0
4741643,Dillon Bailey,2747,Wofford Terriers,Guard,22.0,2,7,1,6,0,0,1,0,1,1,1,0,2,3,5,1,Southern,0.2857142857142857,0.16666666666666666,,0.35714285714285715,22.0,2.0,7.0,1.0,6.0,1.0,0.0,1.0,1.0,1.0,0.0,2.0,5.0
4741646,Christian Cook,166,New Mexico State Aggies,Guard,35.0,8,17,3,9,1,2,1,0,1,0,1,1,1,3,20,1,Conference USA,0.47058823529411764,0.3333333333333333,0.5,0.5588235294117647,35.0,8.0,17.0,3.0,9.0,1.0,0.0,1.0,0.0,1.0,1.0,1.0,20.0
4781746,Javon Small,197,Oklahoma State Cowboys,Guard,36.0,7,16,5,11,2,2,0,4,4,2,1,0,5,1,21,1,Big 12,0.4375,0.45454545454545453,1.0,0.59375,36.0,7.0,16.0,5.0,11.0,0.0,4.0,4.0,2.0,1.0,0.0,5.0,21.0
4782965,Broc Bidwell,2097,Campbell Fighting Camels,Guard,1.0,0,0,0,0,0,0,0,0,0,0,0,0,0,0,0,1,Coastal,,,,,1.0,0.0,0.0,0.0,0.0,0.0,0.0,0.0,0.0,0.0,0.0,0.0,0.0
4791227,Devin McGlockton,103,Boston College Eagles,Forward,148.0,18,32,4,9,5,5,23,14,37,7,2,2,7,18,45,5,ACC,0.5625,0.4444444444444444,1.0,0.625,29.6,3.6,6.4,0.8,1.8,4.6,2.8,7.4,1.4,0.4,0.4,1.4,9.0
4812368,Amarr Knox,2011,Alabama State Hornets,Guard,11.0,0,1,0,0,5,6,0,2,2,1,0,0,2,2,5,1,SWAC,0.0,,0.8333333333333334,0.0,11.0,0.0,1.0,0.0,0.0,0.0,2.0,2.0,1.0,0.0,0.0,2.0,5.0
4816087,Kyle Cuffe Jr.,183,Syracuse Orange,Guard,12.0,0,0,0,0,0,0,0,1,1,1,0,1,0,0,0,1,ACC,,,,,12.0,0.0,0.0,0.0,0.0,0.0,1.0,1.0,1.0,0.0,1.0,0.0,0.0
4816113,Alston Mason,2623,Missouri State Bears,Guard,70.0,9,25,4,11,12,14,0,7,7,5,2,1,3,3,34,2,Missouri Valley,0.36,0.36363636363636365,0.8571428571428571,0.44,35.0,4.5,12.5,2.0,5.5,0.0,3.5,3.5,2.5,1.0,0.5,1.5,17.0
4823976,Brian Waddell,2509,Purdue Boilermakers,Forward,7.0,2,2,1,1,0,0,0,1,1,0,0,0,0,0,5,2,Big Ten,1.0,1.0,,1.25,3.5,1.0,1.0,0.5,0.5,0.0,0.5,0.5,0.0,0.0,0.0,0.0,2.5
4823977,Noah Shelby,242,Rice Owls,Guard,3.0,0,0,0,0,0,0,0,0,0,0,0,0,2,0,0,1,American,,,,,3.0,0.0,0.0,0.0,0.0,0.0,0.0,0.0,0.0,0.0,0.0,2.0,0.0
4833075,Glenn Taylor Jr.,2599,St. John's Red Storm,Forward,35.0,4,6,1,3,1,2,3,3,6,1,2,0,2,3,10,2,Big East,0.6666666666666666,0.3333333333333333,0.5,0.75,17.5,2.0,3.0,0.5,1.5,1.5,1.5,3.0,0.5,1.0,0.0,1.0,5.0
4837237,Jamiya Neal,9,Arizona State Sun Devils,Guard,25.0,0,4,0,1,0,0,0,5,5,2,1,0,1,1,0,1,Pac-12,0.0,0.0,,0.0,25.0,0.0,4.0,0.0,1.0,0.0,5.0,5.0,2.0,1.0,0.0,1.0,0.0
4837238,Tucker DeVries,2181,Drake Bulldogs,Guard,136.0,25,61,10,22,17,20,2,20,22,21,3,0,7,7,77,4,Missouri Valley,0.4098360655737705,0.45454545454545453,0.85,0.4918032786885246,34.0,6.25,15.25,2.5,5.5,0.5,5.0,5.5,5.25,0.75,0.0,1.75,19.25
4838703,Tyler Hendricks,2116,UCF Knights,Guard,6.0,1,1,0,0,0,0,0,0,0,0,0,0,0,2,2,2,Big 12,1.0,,,1.0,3.0,0.5,0.5,0.0,0.0,0.0,0.0,0.0,0.0,0.0,0.0,0.0,1.0
4838704,Leon Bond III,258,Virginia Cavaliers,Guard,3.0,0,1,0,0,0,0,0,0,0,0,0,0,0,0,0,1,ACC,0.0,,,0.0,3.0,0.0,1.0,0.0,0.0,0.0,0.0,0.0,0.0,0.0,0.0,0.0,0.0
4838705,Chase Cormier,2747,Wofford Terriers,Guard,12.0,1,1,1,1,0,0,0,1,1,1,1,0,1,0,3,1,Southern,1.0,1.0,,1.5,12.0,1.0,1.0,1.0,1.0,0.0,1.0,1.0,1.0,1.0,0.0,1.0,3.0
4838717,Patrick Wessler,259,Virginia Tech Hokies,Center,8.0,1,1,0,0,0,0,2,2,4,1,1,0,2,3,2,2,ACC,1.0,,,1.0,4.0,0.5,0.5,0.0,0.0,1.0,1.0,2.0,0.5,0.5,0.0,1.0,1.0
4838718,Ahjany Lee,2900,St. Thomas-Minnesota Tommies,Forward,1.0,0,1,0,0,0,0,0,0,0,0,0,0,0,0,0,1,Summit League,0.0,,,0.0,1.0,0.0,1.0,0.0,0.0,0.0,0.0,0.0,0.0,0.0,0.0,0.0,0.0
4838721,Tyler Nickel,259,Virginia Tech Hokies,Guard,62.0,10,20,5,11,2,2,1,7,8,2,0,0,3,4,27,3,ACC,0.5,0.45454545454545453,1.0,0.625,20.666666666666668,3.3333333333333335,6.666666666666667,1.6666666666666667,3.6666666666666665,0.3333333333333333,2.3333333333333335,2.6666666666666665,0.6666666666666666,0.0,0.0,1.0,9.0
4838752,Riley Allenspach,2535,Samford Bulldogs,Center,37.0,8,15,4,6,3,5,4,5,9,0,0,0,1,4,23,4,Southern,0.5333333333333333,0.6666666666666666,0.6,0.6666666666666666,9.25,2.0,3.75,1.0,1.5,1.0,1.25,2.25,0.0,0.0,0.0,0.25,5.75
4845359,Lawrent Rice,93,Murray State Racers,Guard,19.0,2,9,0,3,3,5,1,2,3,1,0,1,0,2,7,1,Missouri Valley,0.2222222222222222,0.0,0.6,0.2222222222222222,19.0,2.0,9.0,0.0,3.0,1.0,2.0,3.0,1.0,0.0,1.0,0.0,7.0
4845361,Jackson Shelstad,2483,Oregon Ducks,Guard,184.0,22,55,7,22,17,20,3,15,18,8,2,4,2,8,68,5,Pac-12,0.4,0.3181818181818182,0.85,0.4636363636363636,36.8,4.4,11.0,1.4,4.4,0.6,3.0,3.6,1.6,0.4,0.8,0.4,13.6
4845363,Cam Christie,135,Minnesota Golden Gophers,Guard,110.0,13,36,6,20,1,2,0,14,14,9,3,1,3,4,33,3,Big Ten,0.3611111111111111,0.3,0.5,0.4444444444444444,36.666666666666664,4.333333333333333,12.0,2.0,6.666666666666667,0.0,4.666666666666667,4.666666666666667,3.0,1.0,0.3333333333333333,1.0,11.0
4845365,Sonny Wilson,2649,Toledo Rockets,Guard,25.0,3,8,0,2,1,5,1,2,3,1,2,0,1,2,7,1,Mid-American,0.375,0.0,0.2,0.375,25.0,3.0,8.0,0.0,2.0,1.0,2.0,3.0,1.0,2.0,0.0,1.0,7.0
4845366,T'Johnn Brown,2377,McNeese Cowboys,Guard,6.0,0,1,0,0,2,2,0,0,0,0,0,0,0,2,2,3,Southland,0.0,,1.0,0.0,2.0,0.0,0.3333333333333333,0.0,0.0,0.0,0.0,0.0,0.0,0.0,0.0,0.0,0.6666666666666666
4845367,Stephon Castle,41,UConn Huskies,Guard,245.0,37,79,4,22,19,25,17,34,51,24,2,5,15,24,97,9,Big East,0.46835443037974683,0.18181818181818182,0.76,0.4936708860759494,27.22222222222222,4.111111111111111,8.777777777777779,0.4444444444444444,2.4444444444444446,1.8888888888888888,3.7777777777777777,5.666666666666667,2.6666666666666665,0.2222222222222222,0.5555555555555556,1.6666666666666667,10.777777777777779
4845368,Tru Washington,167,New Mexico Lobos,Guard,75.0,8,23,2,10,2,2,3,14,17,6,2,1,4,6,20,5,Mountain West,0.34782608695652173,0.2,1.0,0.391304347826087,15.0,1.6,4.6,0.4,2.0,0.6,2.8,3.4,1.2,0.4,0.2,0.8,4.0
4845369,Ty-Laur Johnson,97,Louisville Cardinals,Guard,24.0,4,10,0,2,0,0,0,2,2,1,1,1,3,3,8,1,ACC,0.4,0.0,,0.4,24.0,4.0,10.0,0.0,2.0,0.0,2.0,2.0,1.0,1.0,1.0,3.0,8.0
4845370,Tyler Rolison,2440,Nevada Wolf Pack,Guard,22.0,0,4,0,2,6,7,0,2,2,2,1,0,3,4,6,2,Mountain West,0.0,0.0,0.8571428571428571,0.0,11.0,0.0,2.0,0.0,1.0,0.0,1.0,1.0,1.0,0.5,0.0,1.5,3.0
4845373,Dai Dai Ames,2306,Kansas State Wildcats,Guard,92.0,12,24,4,9,3,6,3,3,6,10,2,0,5,3,31,3,Big 12,0.5,0.4444444444444444,0.5,0.5833333333333334,30.666666666666668,4.0,8.0,1.3333333333333333,3.0,1.0,1.0,2.0,3.3333333333333335,0.6666666666666666,0.0,1.6666666666666667,10.333333333333334
4845374,Carlton Carrington,221,Pittsburgh Panthers,Guard,78.0,12,25,5,11,4,6,0,9,9,5,2,0,5,4,33,2,ACC,0.48,0.45454545454545453,0.6666666666666666,0.58,39.0,6.0,12.5,2.5,5.5,0.0,4.5,4.5,2.5,1.0,0.0,2.5,16.5
4845378,Jacoi Hutchinson,45,George Washington Revolutionaries,Guard,37.0,2,8,1,5,2,4,1,4,5,2,0,0,2,3,7,1,Atlantic 10,0.25,0.2,0.5,0.3125,37.0,2.0,8.0,1.0,5.0,1.0,4.0,5.0,2.0,0.0,0.0,2.0,7.0
4845379,Tristan Gross,56,Stetson Hatters,Guard,139.0,14,22,8,13,0,1,1,8,9,3,4,0,4,9,36,4,ASUN,0.6363636363636364,0.6153846153846154,0.0,0.8181818181818182,34.75,3.5,5.5,2.0,3.25,0.25,2.0,2.25,0.75,1.0,0.0,1.0,9.0
4845380,Maki Johnson,2193,East Tennessee State Buccaneers,Guard,28.0,5,7,4,5,3,4,0,3,3,1,0,1,1,2,17,3,Southern,0.7142857142857143,0.8,0.75,1.0,9.333333333333334,1.6666666666666667,2.3333333333333335,1.3333333333333333,1.6666666666666667,0.0,1.0,1.0,0.3333333333333333,0.0,0.3333333333333333,0.3333333333333333,5.666666666666667
4845382,Parker Friedrichsen,154,Wake Forest Demon Deacons,Guard,71.0,3,19,1,17,0,0,2,5,7,1,4,0,1,6,7,4,ACC,0.15789473684210525,0.058823529411764705,,0.18421052631578946,17.75,0.75,4.75,0.25,4.25,0.5,1.25,1.75,0.25,1.0,0.0,0.25,1.75
4845387,Gabe Cupps,84,Indiana Hoosiers,Guard,53.0,2,7,2,4,0,0,0,3,3,4,2,0,2,5,6,2,Big Ten,0.2857142857142857,0.5,,0.42857142857142855,26.5,1.0,3.5,1.0,2.0,0.0,1.5,1.5,2.0,1.0,0.0,1.0,3.0
4845388,Jaylen Jones,2634,Tennessee State Tigers,Guard,54.0,7,15,2,5,0,0,2,4,6,6,4,0,4,3,16,2,Ohio Valley,0.4666666666666667,0.4,,0.5333333333333333,27.0,3.5,7.5,1.0,2.5,1.0,2.0,3.0,3.0,2.0,0.0,2.0,8.0
4848619,Finley Bizjack,2086,Butler Bulldogs,Guard,33.0,2,9,0,5,1,2,0,4,4,1,0,0,1,1,5,2,Big East,0.2222222222222222,0.0,0.5,0.2222222222222222,16.5,1.0,4.5,0.0,2.5,0.0,2.0,2.0,0.5,0.0,0.0,0.5,2.5
4848621,Bryce Cash,2511,Queens University Royals,Guard,65.0,5,13,1,3,3,6,6,5,11,3,2,0,2,6,14,2,ASUN,0.38461538461538464,0.3333333333333333,0.5,0.4230769230769231,32.5,2.5,6.5,0.5,1.5,3.0,2.5,5.5,1.5,1.0,0.0,1.0,7.0
4848622,DeShawn Harris-Smith,120,Maryland Terrapins,Guard,63.0,7,22,4,8,2,5,1,7,8,7,1,0,2,4,20,2,Big Ten,0.3181818181818182,0.5,0.4,0.4090909090909091,31.5,3.5,11.0,2.0,4.0,0.5,3.5,4.0,3.5,0.5,0.0,1.0,10.0
4848629,Jahmere Tripp,2230,Fordham Rams,Guard,30.0,1,8,0,3,3,5,1,3,4,0,0,1,1,3,5,2,Atlantic 10,0.125,0.0,0.6,0.125,15.0,0.5,4.0,0.0,1.5,0.5,1.5,2.0,0.0,0.0,0.5,0.5,2.5
4848631,Malik Presley,238,Vanderbilt Commodores,Guard,29.0,3,7,1,3,1,3,0,4,4,2,1,0,3,4,8,1,SEC,0.42857142857142855,0.3333333333333333,0.3333333333333333,0.5,29.0,3.0,7.0,1.0,3.0,0.0,4.0,4.0,2.0,1.0,0.0,3.0,8.0
4848637,Milan Momcilovic,66,Iowa State Cyclones,Forward,172.0,24,59,12,33,5,6,2,18,20,4,1,3,2,9,65,6,Big 12,0.4067796610169492,0.36363636363636365,0.8333333333333334,0.5084745762711864,28.666666666666668,4.0,9.833333333333334,2.0,5.5,0.3333333333333333,3.0,3.3333333333333335,0.6666666666666666,0.16666666666666666,0.5,0.3333333333333333,10.833333333333334
4848640,Cade Phillips,2633,Tennessee Volunteers,Forward,3.0,0,0,0,0,0,0,1,1,2,0,0,0,0,0,0,1,SEC,,,,,3.0,0.0,0.0,0.0,0.0,1.0,1.0,2.0,0.0,0.0,0.0,0.0,0.0
4848642,Jarred Hall,202,Tulsa Golden Hurricane,Forward,3.0,0,0,0,0,0,0,0,0,0,0,0,0,0,0,0,1,American,,,,,3.0,0.0,0.0,0.0,0.0,0.0,0.0,0.0,0.0,0.0,0.0,0.0,0.0
4848644,JaQualon Roberts,238,Vanderbilt Commodores,Forward,29.0,2,4,2,3,4,4,1,0,1,0,1,0,1,3,10,1,SEC,0.5,0.6666666666666666,1.0,0.75,29.0,2.0,4.0,2.0,3.0,1.0,0.0,1.0,0.0,1.0,0.0,1.0,10.0
4858602,Matt Reed,202,Tulsa Golden Hurricane,Forward,12.0,0,2,0,1,0,0,1,1,2,0,0,0,0,1,0,1,American,0.0,0.0,,0.0,12.0,0.0,2.0,0.0,1.0,1.0,1.0,2.0,0.0,0.0,0.0,0.0,0.0
4858604,Pryce Sandfort,2294,Iowa Hawkeyes,Forward,24.0,2,7,1,6,0,0,0,5,5,1,0,1,0,4,5,3,Big Ten,0.2857142857142857,0.16666666666666666,,0.35714285714285715,8.0,0.6666666666666666,2.3333333333333335,0.3333333333333333,2.0,0.0,1.6666666666666667,1.6666666666666667,0.3333333333333333,0.0,0.3333333333333333,0.0,1.6666666666666667
4858607,Tyler Bey,2623,Missouri State Bears,Guard,2.0,0,0,0,0,0,0,0,0,0,0,0,0,0,0,0,1,Missouri Valley,,,,,2.0,0.0,0.0,0.0,0.0,0.0,0.0,0.0,0.0,0.0,0.0,0.0,0.0
4858608,Simeon Murchison,270,Milwaukee Panthers,Forward,1.0,0,1,0,0,0,0,0,0,0,0,0,0,0,0,0,1,Horizon,0.0,,,0.0,1.0,0.0,1.0,0.0,0.0,0.0,0.0,0.0,0.0,0.0,0.0,0.0,0.0
4858609,Osiris Grady,3084,Utah Valley Wolverines,Forward,5.0,0,1,0,0,0,0,0,0,0,0,0,0,0,0,0,1,United Athletic,0.0,,,0.0,5.0,0.0,1.0,0.0,0.0,0.0,0.0,0.0,0.0,0.0,0.0,0.0,0.0
4869739,Sean Stewart,150,Duke Blue Devils,Forward,40.0,3,4,0,0,2,4,3,11,14,1,1,2,3,7,8,5,ACC,0.75,,0.5,0.75,8.0,0.6,0.8,0.0,0.0,0.6,2.2,2.8,0.2,0.2,0.4,0.6,1.6
4869741,Yohan Traore,2540,UC Santa Barbara Gauchos,Forward,36.0,5,11,0,0,7,10,1,2,3,0,1,0,0,5,17,1,Big West,0.45454545454545453,,0.7,0.45454545454545453,36.0,5.0,11.0,0.0,0.0,1.0,2.0,3.0,0.0,1.0,0.0,0.0,17.0
4869764,Elliot Cadeau,153,North Carolina Tar Heels,Guard,130.0,13,44,2,16,4,5,4,14,18,25,5,2,10,10,32,6,ACC,0.29545454545454547,0.125,0.8,0.3181818181818182,21.666666666666668,2.1666666666666665,7.333333333333333,0.3333333333333333,2.6666666666666665,0.6666666666666666,2.3333333333333335,3.0,4.166666666666667,0.8333333333333334,0.3333333333333333,1.6666666666666667,5.333333333333333
4870444,Juan Sebastian Gorosito,2501,Portland Pilots,Guard,77.0,4,14,4,11,7,8,0,6,6,8,4,0,4,5,19,2,West Coast,0.2857142857142857,0.36363636363636365,0.875,0.42857142857142855,38.5,2.0,7.0,2.0,5.5,0.0,3.0,3.0,4.0,2.0,0.0,2.0,9.5
4870563,Jackson Skipper,261,Vermont Catamounts,Forward,4.0,0,0,0,0,0,0,0,1,1,0,0,0,0,1,0,2,America East,,,,,2.0,0.0,0.0,0.0,0.0,0.0,0.5,0.5,0.0,0.0,0.0,0.0,0.0
4870565,Elijah Saunders,21,San Diego State Aztecs,Forward,120.0,9,28,4,20,1,1,4,11,15,2,1,2,1,6,23,6,Mountain West,0.32142857142857145,0.2,1.0,0.39285714285714285,20.0,1.5,4.666666666666667,0.6666666666666666,3.3333333333333335,0.6666666666666666,1.8333333333333333,2.5,0.3333333333333333,0.16666666666666666,0.3333333333333333,0.16666666666666666,3.8333333333333335
4870569,Duke Brennan,2253,Grand Canyon Lopes,Forward,94.0,8,15,0,0,7,12,11,8,19,4,2,1,2,12,23,4,United Athletic,0.5333333333333333,,0.5833333333333334,0.5333333333333333,23.5,2.0,3.75,0.0,0.0,2.75,2.0,4.75,1.0,0.5,0.25,0.5,5.75
4872727,Logan Imes,87,Notre Dame Fighting Irish,Guard,30.0,0,2,0,0,0,0,0,5,5,0,1,0,0,2,0,2,ACC,0.0,,,0.0,15.0,0.0,1.0,0.0,0.0,0.0,2.5,2.5,0.0,0.5,0.0,0.0,0.0
4872739,Elmarko Jackson,2305,Kansas Jayhawks,Guard,73.0,8,23,0,7,2,4,1,11,12,5,4,1,7,9,18,3,Big 12,0.34782608695652173,0.0,0.5,0.34782608695652173,24.333333333333332,2.6666666666666665,7.666666666666667,0.0,2.3333333333333335,0.3333333333333333,3.6666666666666665,4.0,1.6666666666666667,1.3333333333333333,0.3333333333333333,2.3333333333333335,6.0
4872740,Coen Carr,127,Michigan State Spartans,Forward,24.0,0,0,0,0,5,6,2,1,3,2,1,1,2,4,5,4,Big Ten,,,0.8333333333333334,,6.0,0.0,0.0,0.0,0.0,0.5,0.25,0.75,0.5,0.25,0.25,0.5,1.25
4872743,Aaron McBride,2351,Loyola Marymount Lions,Forward,21.0,1,1,1,1,0,0,2,3,5,2,1,1,0,0,3,1,West Coast,1.0,1.0,,1.5,21.0,1.0,1.0,1.0,1.0,2.0,3.0,5.0,2.0,1.0,1.0,0.0,3.0
4873093,Dedan Thomas Jr.,2439,UNLV Rebels,Guard,147.0,22,45,3,8,10,14,2,6,8,18,4,0,12,3,57,4,Mountain West,0.4888888888888889,0.375,0.7142857142857143,0.5222222222222223,36.75,5.5,11.25,0.75,2.0,0.5,1.5,2.0,4.5,1.0,0.0,3.0,14.25
4873181,Jarin Stevenson,333,Alabama Crimson Tide,Forward,93.0,13,25,8,18,1,4,3,15,18,1,0,6,2,13,35,6,SEC,0.52,0.4444444444444444,0.25,0.68,15.5,2.1666666666666665,4.166666666666667,1.3333333333333333,3.0,0.5,2.5,3.0,0.16666666666666666,0.0,1.0,0.3333333333333333,5.833333333333333
4874685,Dom Campbell,47,Howard Bison,Forward,11.0,1,1,0,0,4,4,2,6,8,0,0,0,2,1,6,1,MEAC,1.0,,1.0,1.0,11.0,1.0,1.0,0.0,0.0,2.0,6.0,8.0,0.0,0.0,0.0,2.0,6.0
4875213,Ndewedo Newbury,2539,San Francisco Dons,Forward,97.0,13,30,6,16,2,3,8,9,17,7,2,3,4,8,34,3,West Coast,0.43333333333333335,0.375,0.6666666666666666,0.5333333333333333,32.333333333333336,4.333333333333333,10.0,2.0,5.333333333333333,2.6666666666666665,3.0,5.666666666666667,2.3333333333333335,0.6666666666666666,1.0,1.3333333333333333,11.333333333333334
4883573,Zakai Zeigler,2633,Tennessee Volunteers,Guard,188.0,21,61,12,39,10,16,1,15,16,33,4,0,12,6,64,5,SEC,0.3442622950819672,0.3076923076923077,0.625,0.4426229508196721,37.6,4.2,12.2,2.4,7.8,0.2,3.0,3.2,6.6,0.8,0.0,2.4,12.8
4884255,Gavin Griffiths,164,Rutgers Scarlet Knights,Guard,33.0,5,12,3,8,3,3,1,2,3,0,0,0,2,1,16,1,Big Ten,0.4166666666666667,0.375,1.0,0.5416666666666666,33.0,5.0,12.0,3.0,8.0,1.0,2.0,3.0,0.0,0.0,0.0,2.0,16.0
4884257,Isaiah Coleman,2550,Seton Hall Pirates,Guard,54.0,6,14,1,2,1,1,1,4,5,0,2,1,3,4,14,3,Big East,0.42857142857142855,0.5,1.0,0.4642857142857143,18.0,2.0,4.666666666666667,0.3333333333333333,0.6666666666666666,0.3333333333333333,1.3333333333333333,1.6666666666666667,0.0,0.6666666666666666,0.3333333333333333,1.0,4.666666666666667
4888717,Oakland Fort,2464,Northern Arizona Lumberjacks,Guard,36.0,1,4,0,0,0,0,2,5,7,2,1,1,1,3,2,1,Big Sky,0.25,,,0.25,36.0,1.0,4.0,0.0,0.0,2.0,5.0,7.0,2.0,1.0,1.0,1.0,2.0
4888718,Devin Ceaser,295,Old Dominion Monarchs,Guard,30.0,6,14,1,6,5,7,0,3,3,1,1,0,2,4,18,1,Sun Belt,0.42857142857142855,0.16666666666666666,0.7142857142857143,0.4642857142857143,30.0,6.0,14.0,1.0,6.0,0.0,3.0,3.0,1.0,1.0,0.0,2.0,18.0
4888720,Jack Scott,163,Princeton Tigers,Guard,28.0,2,7,0,3,0,0,3,3,6,1,6,0,1,4,4,2,Ivy,0.2857142857142857,0.0,,0.2857142857142857,14.0,1.0,3.5,0.0,1.5,1.5,1.5,3.0,0.5,3.0,0.0,0.5,2.0
4888725,Ryan Dunn,258,Virginia Cavaliers,Guard,90.0,10,18,0,3,2,4,8,13,21,1,3,4,3,9,22,3,ACC,0.5555555555555556,0.0,0.5,0.5555555555555556,30.0,3.3333333333333335,6.0,0.0,1.0,2.6666666666666665,4.333333333333333,7.0,0.3333333333333333,1.0,1.3333333333333333,1.0,7.333333333333333
4894236,Josh Ojianwuna,239,Baylor Bears,Forward,65.0,8,11,0,0,2,2,5,11,16,1,3,1,4,10,18,4,Big 12,0.7272727272727273,,1.0,0.7272727272727273,16.25,2.0,2.75,0.0,0.0,1.25,2.75,4.0,0.25,0.75,0.25,1.0,4.5
4894445,Braden Huff,2250,Gonzaga Bulldogs,Forward,64.0,12,25,2,6,6,7,4,4,8,2,1,2,2,7,32,5,West Coast,0.48,0.3333333333333333,0.8571428571428571,0.52,12.8,2.4,5.0,0.4,1.2,0.8,0.8,1.6,0.4,0.2,0.4,0.4,6.4
4894452,Myles Colvin,2509,Purdue Boilermakers,Guard,68.0,6,19,4,14,1,2,1,12,13,5,0,1,3,5,17,8,Big Ten,0.3157894736842105,0.2857142857142857,0.5,0.42105263157894735,8.5,0.75,2.375,0.5,1.75,0.125,1.5,1.625,0.625,0.0,0.125,0.375,2.125
4894462,Jaylen Crocker-Johnson,2031,Little Rock Trojans,Forward,81.0,11,27,3,5,1,2,6,9,15,4,0,3,3,7,26,3,Ohio Valley,0.4074074074074074,0.6,0.5,0.46296296296296297,27.0,3.6666666666666665,9.0,1.0,1.6666666666666667,2.0,3.0,5.0,1.3333333333333333,0.0,1.0,1.0,8.666666666666666
4894464,Seck Zongo,2681,Wagner Seahawks,Forward,40.0,4,8,0,1,2,3,3,5,8,1,1,1,5,9,10,5,Northeast,0.5,0.0,0.6666666666666666,0.5,8.0,0.8,1.6,0.0,0.2,0.6,1.0,1.6,0.2,0.2,0.2,1.0,2.0
4894465,Owen Freeman,2294,Iowa Hawkeyes,Forward,76.0,12,27,0,1,8,13,8,14,22,5,2,5,5,8,32,3,Big Ten,0.4444444444444444,0.0,0.6153846153846154,0.4444444444444444,25.333333333333332,4.0,9.0,0.0,0.3333333333333333,2.6666666666666665,4.666666666666667,7.333333333333333,1.6666666666666667,0.6666666666666666,1.6666666666666667,1.6666666666666667,10.666666666666666
4895737,Solomon Ball,41,UConn Huskies,Guard,22.0,4,14,1,7,1,2,1,2,3,0,2,0,3,3,10,7,Big East,0.2857142857142857,0.14285714285714285,0.5,0.32142857142857145,3.142857142857143,0.5714285714285714,2.0,0.14285714285714285,1.0,0.14285714285714285,0.2857142857142857,0.42857142857142855,0.0,0.2857142857142857,0.0,0.42857142857142855,1.4285714285714286
4895738,Rahmir Barno,526,Florida Gulf Coast Eagles,Guard,6.0,0,0,0,0,0,0,0,1,1,0,0,0,2,1,0,1,ASUN,,,,,6.0,0.0,0.0,0.0,0.0,0.0,1.0,1.0,0.0,0.0,0.0,2.0,0.0
4895740,Josh Hubbard,344,Mississippi State Bulldogs,Guard,138.0,23,65,10,37,21,23,0,7,7,5,6,1,7,5,77,4,SEC,0.35384615384615387,0.2702702702702703,0.9130434782608695,0.4307692307692308,34.5,5.75,16.25,2.5,9.25,0.0,1.75,1.75,1.25,1.5,0.25,1.75,19.25
4895742,Aaron Clark,154,Wake Forest Demon Deacons,Guard,13.0,0,1,0,1,0,0,0,0,0,1,1,0,0,4,0,1,ACC,0.0,0.0,,0.0,13.0,0.0,1.0,0.0,1.0,0.0,0.0,0.0,1.0,1.0,0.0,0.0,0.0
4895745,Tre Norman,269,Marquette Golden Eagles,Guard,34.0,2,8,1,5,0,2,3,2,5,3,2,1,0,4,5,4,Big East,0.25,0.2,0.0,0.3125,8.5,0.5,2.0,0.25,1.25,0.75,0.5,1.25,0.75,0.5,0.25,0.0,1.25
4895746,Jayden Reid,58,South Florida Bulls,Guard,86.0,7,17,5,12,9,10,0,4,4,7,3,0,5,8,28,4,American,0.4117647058823529,0.4166666666666667,0.9,0.5588235294117647,21.5,1.75,4.25,1.25,3.0,0.0,1.0,1.0,1.75,0.75,0.0,1.25,7.0
4895750,Zaide Lowery,269,Marquette Golden Eagles,Guard,37.0,3,7,2,4,0,0,2,2,4,1,2,0,1,4,8,4,Big East,0.42857142857142855,0.5,,0.5714285714285714,9.25,0.75,1.75,0.5,1.0,0.5,0.5,1.0,0.25,0.5,0.0,0.25,2.0
4895753,Jayden Ross,41,UConn Huskies,Forward,14.0,2,4,0,0,0,2,1,4,5,1,1,0,0,0,4,6,Big East,0.5,,0.0,0.5,2.3333333333333335,0.3333333333333333,0.6666666666666666,0.0,0.0,0.16666666666666666,0.6666666666666666,0.8333333333333334,0.16666666666666666,0.16666666666666666,0.0,0.0,0.6666666666666666
4895758,Cody Williams,38,Colorado Buffaloes,Forward,124.0,15,38,1,6,9,12,2,11,13,5,1,3,8,6,40,6,Pac-12,0.39473684210526316,0.16666666666666666,0.75,0.40789473684210525,20.666666666666668,2.5,6.333333333333333,0.16666666666666666,1.0,0.3333333333333333,1.8333333333333333,2.1666666666666665,0.8333333333333334,0.16666666666666666,0.5,1.3333333333333333,6.666666666666667
4895776,Devin Royal,194,Ohio State Buckeyes,Forward,85.0,15,35,1,7,6,8,10,10,20,2,1,2,5,14,37,5,Big Ten,0.42857142857142855,0.14285714285714285,0.75,0.44285714285714284,17.0,3.0,7.0,0.2,1.4,2.0,2.0,4.0,0.4,0.2,0.4,1.0,7.4
4895777,Al Amadou,269,Marquette Golden Eagles,Forward,1.0,0,0,0,0,0,0,0,0,0,0,0,0,0,0,0,1,Big East,,,,,1.0,0.0,0.0,0.0,0.0,0.0,0.0,0.0,0.0,0.0,0.0,0.0,0.0
4895779,Austin Ball,2244,George Mason Patriots,Guard,2.0,0,0,0,0,0,0,0,0,0,1,0,0,0,1,0,1,Atlantic 10,,,,,2.0,0.0,0.0,0.0,0.0,0.0,0.0,0.0,1.0,0.0,0.0,0.0,0.0
4895780,Mouhamed Dioubate,333,Alabama Crimson Tide,Forward,49.0,6,15,0,0,5,9,8,4,12,2,2,2,4,9,17,6,SEC,0.4,,0.5555555555555556,0.4,8.166666666666666,1.0,2.5,0.0,0.0,1.3333333333333333,0.6666666666666666,2.0,0.3333333333333333,0.3333333333333333,0.3333333333333333,0.6666666666666666,2.8333333333333335
4895782,Ron Jessamy,116,Mount St. Mary's Mountaineers,Forward,13.0,0,0,0,0,0,0,2,2,4,1,0,2,2,2,0,1,MAAC,,,,,13.0,0.0,0.0,0.0,0.0,2.0,2.0,4.0,1.0,0.0,2.0,2.0,0.0
4895783,Nolan Winter,275,Wisconsin Badgers,Forward,43.0,2,6,1,1,3,4,1,10,11,2,0,0,3,5,8,5,Big Ten,0.3333333333333333,1.0,0.75,0.4166666666666667,8.6,0.4,1.2,0.2,0.2,0.2,2.0,2.2,0.4,0.0,0.0,0.6,1.6
4895787,Kachi Nzeh,2752,Xavier Musketeers,Center,32.0,3,5,0,0,3,4,5,4,9,1,1,2,5,3,9,3,Big East,0.6,,0.75,0.6,10.666666666666666,1.0,1.6666666666666667,0.0,0.0,1.6666666666666667,1.3333333333333333,3.0,0.3333333333333333,0.3333333333333333,0.6666666666666666,1.6666666666666667,3.0
4895793,Zayden High,153,North Carolina Tar Heels,Forward,8.0,2,3,0,0,0,0,0,1,1,0,0,1,0,0,4,3,ACC,0.6666666666666666,,,0.6666666666666666,2.6666666666666665,0.6666666666666666,1.0,0.0,0.0,0.0,0.3333333333333333,0.3333333333333333,0.0,0.0,0.3333333333333333,0.0,1.3333333333333333
4895794,Dylan James,61,Georgia Bulldogs,Forward,126.0,10,28,6,13,0,3,3,16,19,5,2,5,9,8,26,6,SEC,0.35714285714285715,0.46153846153846156,0.0,0.4642857142857143,21.0,1.6666666666666667,4.666666666666667,1.0,2.1666666666666665,0.5,2.6666666666666665,3.1666666666666665,0.8333333333333334,0.3333333333333333,0.8333333333333334,1.5,4.333333333333333
4895795,Michael Nwoko,2390,Miami Hurricanes,Center,16.0,2,3,0,0,0,1,0,1,1,0,0,0,0,0,4,1,ACC,0.6666666666666666,,0.0,0.6666666666666666,16.0,2.0,3.0,0.0,0.0,0.0,1.0,1.0,0.0,0.0,0.0,0.0,4.0
4896363,Zach Keller,154,Wake Forest Demon Deacons,Forward,29.0,0,2,0,1,2,5,2,0,2,0,1,2,1,5,2,4,ACC,0.0,0.0,0.4,0.0,7.25,0.0,0.5,0.0,0.25,0.5,0.0,0.5,0.0,0.25,0.5,0.25,0.5
4896365,Adama Bal,2541,Santa Clara Broncos,Guard,61.0,6,18,3,9,11,15,2,7,9,6,1,1,5,4,26,2,West Coast,0.3333333333333333,0.3333333333333333,0.7333333333333333,0.4166666666666667,30.5,3.0,9.0,1.5,4.5,1.0,3.5,4.5,3.0,0.5,0.5,2.5,13.0
4896370,TJ Long,261,Vermont Catamounts,Guard,131.0,15,45,8,28,8,11,1,16,17,8,6,0,4,8,46,4,America East,0.3333333333333333,0.2857142857142857,0.7272727272727273,0.4222222222222222,32.75,3.75,11.25,2.0,7.0,0.25,4.0,4.25,2.0,1.5,0.0,1.0,11.5
4896371,Makai Willis,2433,UL Monroe Warhawks,Forward,10.0,1,1,0,0,3,4,0,2,2,0,0,0,0,1,5,1,Sun Belt,1.0,,0.75,1.0,10.0,1.0,1.0,0.0,0.0,0.0,2.0,2.0,0.0,0.0,0.0,0.0,5.0
4896372,Walter Clayton Jr.,57,Florida Gators,Guard,151.0,30,68,15,38,32,33,1,14,15,10,4,1,9,14,107,5,SEC,0.4411764705882353,0.39473684210526316,0.9696969696969697,0.5514705882352942,30.2,6.0,13.6,3.0,7.6,0.2,2.8,3.0,2.0,0.8,0.2,1.8,21.4
4896379,Noah Harris,2368,Marist Red Foxes,Guard,3.0,0,1,0,1,0,0,0,0,0,0,0,0,0,0,0,1,MAAC,0.0,0.0,,0.0,3.0,0.0,1.0,0.0,1.0,0.0,0.0,0.0,0.0,0.0,0.0,0.0,0.0
4896386,Sam Fagan,2405,Monmouth Hawks,Guard,2.0,0,1,0,0,0,0,0,0,0,1,0,0,0,1,0,2,Coastal,0.0,,,0.0,1.0,0.0,0.5,0.0,0.0,0.0,0.0,0.0,0.5,0.0,0.0,0.0,0.0
4896463,Kario Oquendo,2483,Oregon Ducks,Guard,94.0,6,19,2,12,5,6,4,8,12,4,2,0,3,14,19,5,Pac-12,0.3157894736842105,0.16666666666666666,0.8333333333333334,0.3684210526315789,18.8,1.2,3.8,0.4,2.4,0.8,1.6,2.4,0.8,0.4,0.0,0.6,3.8
4896464,Christian Wright,204,Oregon State Beavers,Guard,10.0,1,3,0,1,0,0,0,0,0,0,1,0,0,0,2,1,Pac-12,0.3333333333333333,0.0,,0.3333333333333333,10.0,1.0,3.0,0.0,1.0,0.0,0.0,0.0,0.0,1.0,0.0,0.0,2.0
4896465,Dalen Ridgnal,2724,Wichita State Shockers,Forward,42.0,4,11,2,8,2,2,8,5,13,0,1,2,1,3,12,3,American,0.36363636363636365,0.25,1.0,0.45454545454545453,14.0,1.3333333333333333,3.6666666666666665,0.6666666666666666,2.6666666666666665,2.6666666666666665,1.6666666666666667,4.333333333333333,0.0,0.3333333333333333,0.6666666666666666,0.3333333333333333,4.0
4896467,Aaron Cash,250,UT Arlington Mavericks,Guard,58.0,8,19,1,9,0,0,3,10,13,1,0,2,6,9,17,3,United Athletic,0.42105263157894735,0.1111111111111111,,0.4473684210526316,19.333333333333332,2.6666666666666665,6.333333333333333,0.3333333333333333,3.0,1.0,3.3333333333333335,4.333333333333333,0.3333333333333333,0.0,0.6666666666666666,2.0,5.666666666666667
4896504,Ja'Sean Jackson,2320,Lamar Cardinals,Guard,38.0,5,13,3,8,2,4,0,3,3,2,1,0,0,2,15,2,Southland,0.38461538461538464,0.375,0.5,0.5,19.0,2.5,6.5,1.5,4.0,0.0,1.5,1.5,1.0,0.5,0.0,0.0,7.5
4896505,Leonardo Bettiol,2000,Abilene Christian Wildcats,Forward,78.0,15,22,0,0,11,14,6,18,24,5,0,0,5,12,41,3,United Athletic,0.6818181818181818,,0.7857142857142857,0.6818181818181818,26.0,5.0,7.333333333333333,0.0,0.0,2.0,6.0,8.0,1.6666666666666667,0.0,0.0,1.6666666666666667,13.666666666666666
4896530,Joe Ostrowsky,2115,Central Connecticut Blue Devils,Guard,46.0,3,7,2,6,4,7,3,6,9,3,2,0,1,3,12,2,Northeast,0.42857142857142855,0.3333333333333333,0.5714285714285714,0.5714285714285714,23.0,1.5,3.5,1.0,3.0,1.5,3.0,4.5,1.5,1.0,0.0,0.5,6.0
4896531,Davonte Sweatman,2115,Central Connecticut Blue Devils,Guard,24.0,2,6,1,3,0,0,1,1,2,2,0,0,3,0,5,2,Northeast,0.3333333333333333,0.3333333333333333,,0.4166666666666667,12.0,1.0,3.0,0.5,1.5,0.5,0.5,1.0,1.0,0.0,0.0,1.5,2.5
4896534,Abdul Momoh,2115,Central Connecticut Blue Devils,Forward,18.0,1,2,0,0,0,0,2,3,5,0,0,0,0,3,2,2,Northeast,0.5,,,0.5,9.0,0.5,1.0,0.0,0.0,1.0,1.5,2.5,0.0,0.0,0.0,0.0,1.0
4896536,Jayden Brown,2115,Central Connecticut Blue Devils,Center,55.0,6,12,0,1,2,2,2,5,7,2,1,5,2,5,14,2,Northeast,0.5,0.0,1.0,0.5,27.5,3.0,6.0,0.0,0.5,1.0,2.5,3.5,1.0,0.5,2.5,1.0,7.0
4896537,Andre Snoddy,2619,Stony Brook Seawolves,Guard,104.0,6,14,1,2,2,4,7,24,31,3,5,1,4,8,15,4,Coastal,0.42857142857142855,0.5,0.5,0.4642857142857143,26.0,1.5,3.5,0.25,0.5,1.75,6.0,7.75,0.75,1.25,0.25,1.0,3.75
4896538,Trent McLaughlin,2464,Northern Arizona Lumberjacks,Guard,37.0,4,14,3,9,4,5,0,1,1,0,3,0,3,3,15,1,Big Sky,0.2857142857142857,0.3333333333333333,0.8,0.39285714285714285,37.0,4.0,14.0,3.0,9.0,0.0,1.0,1.0,0.0,3.0,0.0,3.0,15.0
4896557,Tom House,52,Florida State Seminoles,Guard,1.0,0,0,0,0,0,0,0,0,0,0,0,0,0,0,0,1,ACC,,,,,1.0,0.0,0.0,0.0,0.0,0.0,0.0,0.0,0.0,0.0,0.0,0.0,0.0
4896614,Jayden Nunn,239,Baylor Bears,Guard,123.0,10,30,5,14,6,8,2,10,12,7,9,1,5,9,31,4,Big 12,0.3333333333333333,0.35714285714285715,0.75,0.4166666666666667,30.75,2.5,7.5,1.25,3.5,0.5,2.5,3.0,1.75,2.25,0.25,1.25,7.75
4896615,Jaeden Zackery,103,Boston College Eagles,Guard,178.0,22,37,6,10,5,7,4,17,21,19,6,0,12,8,55,5,ACC,0.5945945945945946,0.6,0.7142857142857143,0.6756756756756757,35.6,4.4,7.4,1.2,2.0,0.8,3.4,4.2,3.8,1.2,0.0,2.4,11.0
4896619,Ny'Mire Little,399,UAlbany Great Danes,Guard,15.0,2,5,1,3,2,2,0,2,2,1,0,0,0,2,7,1,America East,0.4,0.3333333333333333,1.0,0.5,15.0,2.0,5.0,1.0,3.0,0.0,2.0,2.0,1.0,0.0,0.0,0.0,7.0
4896621,Aaron Reddish,399,UAlbany Great Danes,Forward,22.0,1,5,0,2,1,1,0,1,1,0,2,1,2,2,3,1,America East,0.2,0.0,1.0,0.2,22.0,1.0,5.0,0.0,2.0,0.0,1.0,1.0,0.0,2.0,1.0,2.0,3.0
4896852,Scotty Washington,2856,California Baptist Lancers,Guard,53.0,6,15,3,7,0,0,1,3,4,2,0,0,1,5,15,2,United Athletic,0.4,0.42857142857142855,,0.5,26.5,3.0,7.5,1.5,3.5,0.5,1.5,2.0,1.0,0.0,0.0,0.5,7.5
4896859,Bryce Johnson,2378,UMBC Retrievers,Guard,22.0,2,4,1,2,2,2,0,2,2,1,0,1,0,1,7,1,America East,0.5,0.5,1.0,0.625,22.0,2.0,4.0,1.0,2.0,0.0,2.0,2.0,1.0,0.0,1.0,0.0,7.0
4896860,Jahsean Corbett,2130,Chicago State Cougars,Guard,78.0,12,24,5,9,2,2,4,10,14,2,0,0,2,4,31,2,Division I Independents,0.5,0.5555555555555556,1.0,0.6041666666666666,39.0,6.0,12.0,2.5,4.5,2.0,5.0,7.0,1.0,0.0,0.0,1.0,15.5
4896862,Ali Abdou Dibba,2000,Abilene Christian Wildcats,Guard,36.0,6,15,2,5,4,7,2,2,4,1,0,0,6,4,18,1,United Athletic,0.4,0.4,0.5714285714285714,0.4666666666666667,36.0,6.0,15.0,2.0,5.0,2.0,2.0,4.0,1.0,0.0,0.0,6.0,18.0
4896871,Trey Edmonds,2636,UTSA Roadrunners,Forward,19.0,0,0,0,0,1,6,1,4,5,0,0,1,1,0,1,1,American,,,0.16666666666666666,,19.0,0.0,0.0,0.0,0.0,1.0,4.0,5.0,0.0,0.0,1.0,1.0,1.0
4896884,Kobe Knox,58,South Florida Bulls,Guard,102.0,9,23,7,18,4,7,4,8,12,7,3,0,3,7,29,4,American,0.391304347826087,0.3888888888888889,0.5714285714285714,0.5434782608695652,25.5,2.25,5.75,1.75,4.5,1.0,2.0,3.0,1.75,0.75,0.0,0.75,7.25
4896922,Xavier Ball,2640,Texas Southern Tigers,Forward,33.0,3,7,1,4,0,0,1,4,5,0,0,0,2,5,7,3,SWAC,0.42857142857142855,0.25,,0.5,11.0,1.0,2.3333333333333335,0.3333333333333333,1.3333333333333333,0.3333333333333333,1.3333333333333333,1.6666666666666667,0.0,0.0,0.0,0.6666666666666666,2.3333333333333335
4896923,Valentin Catt,2320,Lamar Cardinals,Center,6.0,0,1,0,0,0,0,0,3,3,0,0,2,0,0,0,2,Southland,0.0,,,0.0,3.0,0.0,0.5,0.0,0.0,0.0,1.5,1.5,0.0,0.0,1.0,0.0,0.0
4896927,Marchelus Avery,2116,UCF Knights,Forward,48.0,9,20,5,9,2,2,5,11,16,3,4,0,0,2,25,3,Big 12,0.45,0.5555555555555556,1.0,0.575,16.0,3.0,6.666666666666667,1.6666666666666667,3.0,1.6666666666666667,3.6666666666666665,5.333333333333333,1.0,1.3333333333333333,0.0,0.0,8.333333333333334
4896936,Damon Nicholas Jr.,2534,Sam Houston Bearkats,Guard,50.0,4,14,1,6,4,6,6,5,11,2,4,0,1,5,13,2,Conference USA,0.2857142857142857,0.16666666666666666,0.6666666666666666,0.32142857142857145,25.0,2.0,7.0,0.5,3.0,3.0,2.5,5.5,1.0,2.0,0.0,0.5,6.5
4896937,Jaden Ray,2534,Sam Houston Bearkats,Guard,56.0,6,15,0,2,2,3,1,3,4,7,2,0,5,6,14,2,Conference USA,0.4,0.0,0.6666666666666666,0.4,28.0,3.0,7.5,0.0,1.0,0.5,1.5,2.0,3.5,1.0,0.0,2.5,7.0
4896939,Giovanni Emejuru,2561,Siena Saints,Forward,20.0,4,5,0,0,2,2,3,2,5,2,0,0,0,2,10,1,MAAC,0.8,,1.0,0.8,20.0,4.0,5.0,0.0,0.0,3.0,2.0,5.0,2.0,0.0,0.0,0.0,10.0
4896946,Derrick Tezeno,2582,Southern Jaguars,Guard,28.0,1,6,0,2,8,8,1,3,4,0,1,0,2,0,10,1,SWAC,0.16666666666666666,0.0,1.0,0.16666666666666666,28.0,1.0,6.0,0.0,2.0,1.0,3.0,4.0,0.0,1.0,0.0,2.0,10.0
4896948,Jimel Cofer,2755,Grambling Tigers,Guard,51.0,7,12,0,1,12,14,5,3,8,2,4,1,2,4,26,4,SWAC,0.5833333333333334,0.0,0.8571428571428571,0.5833333333333334,12.75,1.75,3.0,0.0,0.25,1.25,0.75,2.0,0.5,1.0,0.25,0.5,6.5
4896949,Noah McDavid,2032,Arkansas State Red Wolves,Guard,2.0,0,0,0,0,0,0,0,2,2,0,0,0,0,0,0,1,Sun Belt,,,,,2.0,0.0,0.0,0.0,0.0,0.0,2.0,2.0,0.0,0.0,0.0,0.0,0.0
4896956,Cameron Jernigan,2130,Chicago State Cougars,Forward,47.0,1,2,0,0,0,0,5,9,14,1,4,4,2,7,2,2,Division I Independents,0.5,,,0.5,23.5,0.5,1.0,0.0,0.0,2.5,4.5,7.0,0.5,2.0,2.0,1.0,1.0
4896962,Sai Witt,2046,Austin Peay Governors,Forward,80.0,27,47,0,0,12,20,14,11,25,0,6,0,5,11,66,4,ASUN,0.574468085106383,,0.6,0.574468085106383,20.0,6.75,11.75,0.0,0.0,3.5,2.75,6.25,0.0,1.5,0.0,1.25,16.5
4896970,Justin Harmon,356,Illinois Fighting Illini,Guard,77.0,2,12,0,5,5,5,1,8,9,6,2,1,2,8,9,7,Big Ten,0.16666666666666666,0.0,1.0,0.16666666666666666,11.0,0.2857142857142857,1.7142857142857142,0.0,0.7142857142857143,0.14285714285714285,1.1428571428571428,1.2857142857142858,0.8571428571428571,0.2857142857142857,0.14285714285714285,0.2857142857142857,1.2857142857142858
4896971,Trey Stewart,252,BYU Cougars,Guard,6.0,0,1,0,0,1,2,0,0,0,0,0,0,0,1,1,2,Big 12,0.0,,0.5,0.0,3.0,0.0,0.5,0.0,0.0,0.0,0.0,0.0,0.0,0.0,0.0,0.0,0.5
4896979,Lamaj Lewis,2351,Loyola Marymount Lions,Guard,7.0,1,1,0,0,2,2,0,0,0,0,0,0,0,1,4,1,West Coast,1.0,,1.0,1.0,7.0,1.0,1.0,0.0,0.0,0.0,0.0,0.0,0.0,0.0,0.0,0.0,4.0
4896984,Kalib Clinton,2127,Charleston Southern Buccaneers,Forward,18.0,2,4,1,2,0,0,0,7,7,1,0,2,2,1,5,1,Big South,0.5,0.5,,0.625,18.0,2.0,4.0,1.0,2.0,0.0,7.0,7.0,1.0,0.0,2.0,2.0,5.0
4896985,Claudell Harris Jr.,103,Boston College Eagles,Guard,184.0,28,79,19,51,4,6,0,21,21,8,3,0,4,8,79,5,ACC,0.35443037974683544,0.37254901960784315,0.6666666666666666,0.47468354430379744,36.8,5.6,15.8,3.8,10.2,0.0,4.2,4.2,1.6,0.6,0.0,0.8,15.8
4896986,Taje' Kelly,2127,Charleston Southern Buccaneers,Forward,37.0,9,17,4,4,4,8,5,4,9,0,0,1,2,3,26,1,Big South,0.5294117647058824,1.0,0.5,0.6470588235294118,37.0,9.0,17.0,4.0,4.0,5.0,4.0,9.0,0.0,0.0,1.0,2.0,26.0
4896994,Reyne Smith,232,Charleston Cougars,Guard,127.0,16,42,12,34,12,15,1,13,14,10,6,0,2,8,56,4,Coastal,0.38095238095238093,0.35294117647058826,0.8,0.5238095238095238,31.75,4.0,10.5,3.0,8.5,0.25,3.25,3.5,2.5,1.5,0.0,0.5,14.0
4896996,Raekwon Horton,256,James Madison Dukes,Forward,110.0,6,16,0,4,9,11,9,10,19,2,5,1,8,14,21,5,Sun Belt,0.375,0.0,0.8181818181818182,0.375,22.0,1.2,3.2,0.0,0.8,1.8,2.0,3.8,0.4,1.0,0.2,1.6,4.2
4896997,Ben Burnham,232,Charleston Cougars,Forward,88.0,19,40,4,14,8,11,5,12,17,0,3,2,3,5,50,4,Coastal,0.475,0.2857142857142857,0.7272727272727273,0.525,22.0,4.75,10.0,1.0,3.5,1.25,3.0,4.25,0.0,0.75,0.5,0.75,12.5
4896998,Jack Miller,232,Charleston Cougars,Guard,1.0,0,2,0,1,0,0,0,1,1,0,0,0,0,1,0,1,Coastal,0.0,0.0,,0.0,1.0,0.0,2.0,0.0,1.0,0.0,1.0,1.0,0.0,0.0,0.0,0.0,0.0
4896999,Charles Lampten,2717,Western Carolina Catamounts,Forward,27.0,1,5,0,0,0,2,3,4,7,0,1,0,1,4,2,1,Southern,0.2,,0.0,0.2,27.0,1.0,5.0,0.0,0.0,3.0,4.0,7.0,0.0,1.0,0.0,1.0,2.0
4897000,Babacar Faye,98,Western Kentucky Hilltoppers,Forward,73.0,12,19,0,0,4,4,7,13,20,4,5,3,5,7,28,4,Conference USA,0.631578947368421,,1.0,0.631578947368421,18.25,3.0,4.75,0.0,0.0,1.75,3.25,5.0,1.0,1.25,0.75,1.25,7.0
4897001,Dylan Ritter,232,Charleston Cougars,Guard,1.0,0,0,0,0,0,0,0,0,0,0,0,0,0,0,0,1,Coastal,,,,,1.0,0.0,0.0,0.0,0.0,0.0,0.0,0.0,0.0,0.0,0.0,0.0,0.0
4897002,Adam Comer,232,Charleston Cougars,Forward,1.0,0,0,0,0,0,0,0,0,0,0,0,0,0,0,0,1,Coastal,,,,,1.0,0.0,0.0,0.0,0.0,0.0,0.0,0.0,0.0,0.0,0.0,0.0,0.0
4897007,Matthew Cleveland,2390,Miami Hurricanes,Guard,37.0,5,10,2,4,0,0,2,4,6,2,2,0,1,3,12,1,ACC,0.5,0.5,,0.6,37.0,5.0,10.0,2.0,4.0,2.0,4.0,6.0,2.0,2.0,0.0,1.0,12.0
4897008,Wes Peterson,48,Delaware Blue Hens,Guard,18.0,0,3,0,1,2,2,0,3,3,0,0,0,0,1,2,1,Coastal,0.0,0.0,1.0,0.0,18.0,0.0,3.0,0.0,1.0,0.0,3.0,3.0,0.0,0.0,0.0,0.0,2.0
4897017,VJ Reeves Jr.,2837,Texas A&M-Commerce Lions,Guard,23.0,0,8,0,7,0,0,1,3,4,0,1,0,2,0,0,2,Southland,0.0,0.0,,0.0,11.5,0.0,4.0,0.0,3.5,0.5,1.5,2.0,0.0,0.5,0.0,1.0,0.0
4897046,Joryam Saizonou,2430,UNC Greensboro Spartans,Guard,20.0,4,7,0,3,0,0,0,1,1,0,0,0,3,4,8,1,Southern,0.5714285714285714,0.0,,0.5714285714285714,20.0,4.0,7.0,0.0,3.0,0.0,1.0,1.0,0.0,0.0,0.0,3.0,8.0
4897052,Lassina Traore,299,Long Beach State Beach,Forward,134.0,25,41,0,0,9,10,12,27,39,4,3,2,5,14,59,4,Big West,0.6097560975609756,,0.9,0.6097560975609756,33.5,6.25,10.25,0.0,0.0,3.0,6.75,9.75,1.0,0.75,0.5,1.25,14.75
4897053,Kacper Klaczek,2603,Saint Joseph's Hawks,Forward,56.0,4,6,0,1,0,0,3,12,15,1,0,2,5,4,8,4,Atlantic 10,0.6666666666666666,0.0,,0.6666666666666666,14.0,1.0,1.5,0.0,0.25,0.75,3.0,3.75,0.25,0.0,0.5,1.25,2.0
4897054,CJ Anthony,2132,Cincinnati Bearcats,Guard,3.0,0,2,0,1,0,0,0,0,0,0,0,0,0,1,0,2,Big 12,0.0,0.0,,0.0,1.5,0.0,1.0,0.0,0.5,0.0,0.0,0.0,0.0,0.0,0.0,0.0,0.0
4897055,Brandon Johnson,151,East Carolina Pirates,Forward,75.0,10,21,7,12,3,6,6,17,23,4,0,1,6,4,30,2,American,0.47619047619047616,0.5833333333333334,0.5,0.6428571428571429,37.5,5.0,10.5,3.5,6.0,3.0,8.5,11.5,2.0,0.0,0.5,3.0,15.0
4897065,Sebastian Thomas,399,UAlbany Great Danes,Guard,32.0,11,16,4,6,5,5,1,1,2,2,1,0,2,4,31,1,America East,0.6875,0.6666666666666666,1.0,0.8125,32.0,11.0,16.0,4.0,6.0,1.0,1.0,2.0,2.0,1.0,0.0,2.0,31.0
4897083,Blake Jones,149,Montana Grizzlies,Forward,35.0,5,6,3,4,0,1,2,5,7,2,0,1,1,9,13,3,Big Sky,0.8333333333333334,0.75,0.0,1.0833333333333333,11.666666666666666,1.6666666666666667,2.0,1.0,1.3333333333333333,0.6666666666666666,1.6666666666666667,2.3333333333333335,0.6666666666666666,0.0,0.3333333333333333,0.3333333333333333,4.333333333333333
4897085,Antrell Charlton,2230,Fordham Rams,Guard,63.0,3,10,1,3,2,2,0,9,9,5,4,2,5,6,9,2,Atlantic 10,0.3,0.3333333333333333,1.0,0.35,31.5,1.5,5.0,0.5,1.5,0.0,4.5,4.5,2.5,2.0,1.0,2.5,4.5
4897088,Jackie Johnson III,2439,UNLV Rebels,Guard,46.0,6,15,1,6,0,0,0,3,3,5,3,0,2,2,13,4,Mountain West,0.4,0.16666666666666666,,0.43333333333333335,11.5,1.5,3.75,0.25,1.5,0.0,0.75,0.75,1.25,0.75,0.0,0.5,3.25
4897090,Primo Spears,52,Florida State Seminoles,Guard,44.0,12,21,1,5,2,2,0,2,2,2,4,0,2,3,27,2,ACC,0.5714285714285714,0.2,1.0,0.5952380952380952,22.0,6.0,10.5,0.5,2.5,0.0,1.0,1.0,1.0,2.0,0.0,1.0,13.5
4897098,Desmond Watson,2350,Loyola Chicago Ramblers,Guard,68.0,4,27,2,11,2,6,2,8,10,7,3,1,1,1,12,2,Atlantic 10,0.14814814814814814,0.18181818181818182,0.3333333333333333,0.18518518518518517,34.0,2.0,13.5,1.0,5.5,1.0,4.0,5.0,3.5,1.5,0.5,0.5,6.0
4897099,Chris Ford,2523,Robert Morris Colonials,Guard,15.0,1,1,0,0,1,2,0,1,1,0,1,0,0,0,3,1,Horizon,1.0,,0.5,1.0,15.0,1.0,1.0,0.0,0.0,0.0,1.0,1.0,0.0,1.0,0.0,0.0,3.0
4897108,Spencer Hubbard,150,Duke Blue Devils,Guard,5.0,0,1,0,0,1,2,0,1,1,0,0,0,0,1,1,2,ACC,0.0,,0.5,0.0,2.5,0.0,0.5,0.0,0.0,0.0,0.5,0.5,0.0,0.0,0.0,0.0,0.5
4897129,DJ Patrick,2127,Charleston Southern Buccaneers,Guard,34.0,4,7,1,3,3,4,0,8,8,0,0,1,1,3,12,1,Big South,0.5714285714285714,0.3333333333333333,0.75,0.6428571428571429,34.0,4.0,7.0,1.0,3.0,0.0,8.0,8.0,0.0,0.0,1.0,1.0,12.0
4897135,Shemar Wilson,250,UT Arlington Mavericks,Forward,104.0,15,25,0,3,15,25,7,9,16,3,1,6,5,11,45,3,United Athletic,0.6,0.0,0.6,0.6,34.666666666666664,5.0,8.333333333333334,0.0,1.0,2.3333333333333335,3.0,5.333333333333333,1.0,0.3333333333333333,2.0,1.6666666666666667,15.0
4897139,Elijah Stephens,44,American University Eagles,Guard,28.0,3,9,0,2,2,3,0,4,4,2,0,0,3,1,8,1,Patriot League,0.3333333333333333,0.0,0.6666666666666666,0.3333333333333333,28.0,3.0,9.0,0.0,2.0,0.0,4.0,4.0,2.0,0.0,0.0,3.0,8.0
4897141,Nika Metskhvarishvili,2433,UL Monroe Warhawks,Forward,30.0,4,14,0,2,2,2,3,3,6,2,3,0,2,2,10,1,Sun Belt,0.2857142857142857,0.0,1.0,0.2857142857142857,30.0,4.0,14.0,0.0,2.0,3.0,3.0,6.0,2.0,3.0,0.0,2.0,10.0
4897145,El Ellis,8,Arkansas Razorbacks,Guard,38.0,2,7,1,4,0,0,1,1,2,3,2,0,3,1,5,2,SEC,0.2857142857142857,0.25,,0.35714285714285715,19.0,1.0,3.5,0.5,2.0,0.5,0.5,1.0,1.5,1.0,0.0,1.5,2.5
4897147,Christyon Eugene,2653,Troy Trojans,Guard,34.0,2,8,1,4,5,6,1,3,4,3,2,0,4,0,10,1,Sun Belt,0.25,0.25,0.8333333333333334,0.3125,34.0,2.0,8.0,1.0,4.0,1.0,3.0,4.0,3.0,2.0,0.0,4.0,10.0
4897149,Duke Deen,71,Bradley Braves,Guard,119.0,16,39,6,18,8,11,0,11,11,16,2,0,5,9,46,4,Missouri Valley,0.41025641025641024,0.3333333333333333,0.7272727272727273,0.48717948717948717,29.75,4.0,9.75,1.5,4.5,0.0,2.75,2.75,4.0,0.5,0.0,1.25,11.5
4897154,Nikita Konstantynovskyi,2405,Monmouth Hawks,Forward,47.0,11,20,0,0,1,2,5,12,17,1,0,1,3,5,23,2,Coastal,0.55,,0.5,0.55,23.5,5.5,10.0,0.0,0.0,2.5,6.0,8.5,0.5,0.0,0.5,1.5,11.5
4897155,Anthony Pritchard,2117,Central Michigan Chippewas,Guard,38.0,2,9,0,1,0,0,0,4,4,7,2,0,4,4,4,1,Mid-American,0.2222222222222222,0.0,,0.2222222222222222,38.0,2.0,9.0,0.0,1.0,0.0,4.0,4.0,7.0,2.0,0.0,4.0,4.0
4897159,Brandon Love,326,Texas State Bobcats,Forward,101.0,18,29,0,0,7,16,9,11,20,4,5,4,16,15,43,4,Sun Belt,0.6206896551724138,,0.4375,0.6206896551724138,25.25,4.5,7.25,0.0,0.0,2.25,2.75,5.0,1.0,1.25,1.0,4.0,10.75
4897160,Byron Ireland,2447,Nicholls Colonels,Guard,80.0,10,22,0,3,7,7,0,5,5,4,1,1,8,12,27,3,Southland,0.45454545454545453,0.0,1.0,0.45454545454545453,26.666666666666668,3.3333333333333335,7.333333333333333,0.0,1.0,0.0,1.6666666666666667,1.6666666666666667,1.3333333333333333,0.3333333333333333,0.3333333333333333,2.6666666666666665,9.0
4897162,Kristians Feierbergs,311,Maine Black Bears,Forward,18.0,1,7,0,2,2,2,1,2,3,1,0,0,0,2,4,1,America East,0.14285714285714285,0.0,1.0,0.14285714285714285,18.0,1.0,7.0,0.0,2.0,1.0,2.0,3.0,1.0,0.0,0.0,0.0,4.0
4897166,Novak Perovic,311,Maine Black Bears,Guard,2.0,0,0,0,0,0,1,0,0,0,0,0,0,0,0,0,1,America East,,,0.0,,2.0,0.0,0.0,0.0,0.0,0.0,0.0,0.0,0.0,0.0,0.0,0.0,0.0
4897167,Peter Filipovity,311,Maine Black Bears,Forward,29.0,5,11,2,4,4,4,2,4,6,2,1,0,4,2,16,1,America East,0.45454545454545453,0.5,1.0,0.5454545454545454,29.0,5.0,11.0,2.0,4.0,2.0,4.0,6.0,2.0,1.0,0.0,4.0,16.0
4897169,Khaleb Wilson-Rouse,2443,New Orleans Privateers,Guard,57.0,4,16,2,10,4,4,2,4,6,7,2,0,5,6,14,2,Southland,0.25,0.2,1.0,0.3125,28.5,2.0,8.0,1.0,5.0,1.0,2.0,3.0,3.5,1.0,0.0,2.5,7.0
4897171,Greydon Edwards,279,Pacific Tigers,Guard,2.0,0,1,0,1,1,2,0,0,0,0,0,0,0,0,1,1,West Coast,0.0,0.0,0.5,0.0,2.0,0.0,1.0,0.0,1.0,0.0,0.0,0.0,0.0,0.0,0.0,0.0,1.0
4897174,Marshall Kearing,6,South Alabama Jaguars,Forward,31.0,6,13,3,3,5,8,4,8,12,1,2,5,1,0,20,1,Sun Belt,0.46153846153846156,1.0,0.625,0.5769230769230769,31.0,6.0,13.0,3.0,3.0,4.0,8.0,12.0,1.0,2.0,5.0,1.0,20.0
4897176,Mike Mitchell Jr.,135,Minnesota Golden Gophers,Guard,95.0,9,22,6,12,0,0,2,6,8,4,5,0,5,6,24,3,Big Ten,0.4090909090909091,0.5,,0.5454545454545454,31.666666666666668,3.0,7.333333333333333,2.0,4.0,0.6666666666666666,2.0,2.6666666666666665,1.3333333333333333,1.6666666666666667,0.0,1.6666666666666667,8.0
4897177,Paul Jordan,2492,Pepperdine Waves,Forward,3.0,1,2,0,0,0,0,2,1,3,1,0,0,0,1,2,1,West Coast,0.5,,,0.5,3.0,1.0,2.0,0.0,0.0,2.0,1.0,3.0,1.0,0.0,0.0,0.0,2.0
4897178,Aladji Gassama,2492,Pepperdine Waves,Center,5.0,0,0,0,0,0,0,1,2,3,0,0,0,0,1,0,1,West Coast,,,,,5.0,0.0,0.0,0.0,0.0,1.0,2.0,3.0,0.0,0.0,0.0,0.0,0.0
4897188,Coleman Lemke,2501,Portland Pilots,Forward,15.0,1,4,1,3,0,0,0,0,0,0,0,0,1,0,3,2,West Coast,0.25,0.3333333333333333,,0.375,7.5,0.5,2.0,0.5,1.5,0.0,0.0,0.0,0.0,0.0,0.0,0.5,1.5
4897191,Vasilije Vucinic,2501,Portland Pilots,Forward,17.0,2,2,0,0,1,1,2,3,5,1,0,0,2,3,5,2,West Coast,1.0,,1.0,1.0,8.5,1.0,1.0,0.0,0.0,1.0,1.5,2.5,0.5,0.0,0.0,1.0,2.5
4897192,A.J. Lopez,311,Maine Black Bears,Forward,22.0,1,5,0,2,3,5,1,1,2,0,0,0,0,1,5,1,America East,0.2,0.0,0.6,0.2,22.0,1.0,5.0,0.0,2.0,1.0,1.0,2.0,0.0,0.0,0.0,0.0,5.0
4897194,Tyem Freeman,2309,Kent State Golden Flashes,Guard,22.0,1,6,0,2,0,0,0,1,1,0,0,0,1,1,2,3,Mid-American,0.16666666666666666,0.0,,0.16666666666666666,7.333333333333333,0.3333333333333333,2.0,0.0,0.6666666666666666,0.0,0.3333333333333333,0.3333333333333333,0.0,0.0,0.0,0.3333333333333333,0.6666666666666666
4897197,Augustas Marciulionis,2608,Saint Mary's Gaels,Guard,103.0,14,29,2,7,6,7,1,12,13,22,4,3,8,11,36,3,West Coast,0.4827586206896552,0.2857142857142857,0.8571428571428571,0.5172413793103449,34.333333333333336,4.666666666666667,9.666666666666666,0.6666666666666666,2.3333333333333335,0.3333333333333333,4.0,4.333333333333333,7.333333333333333,1.3333333333333333,1.0,2.6666666666666665,12.0
4897200,Isaac Abidde,2724,Wichita State Shockers,Forward,2.0,0,0,0,0,0,0,0,0,0,0,0,0,0,1,0,1,American,,,,,2.0,0.0,0.0,0.0,0.0,0.0,0.0,0.0,0.0,0.0,0.0,0.0,0.0
4897202,Wayne McKinney III,301,San Diego Toreros,Guard,58.0,7,24,3,8,4,6,3,6,9,5,3,1,2,6,21,2,West Coast,0.2916666666666667,0.375,0.6666666666666666,0.3541666666666667,29.0,3.5,12.0,1.5,4.0,1.5,3.0,4.5,2.5,1.5,0.5,1.0,10.5
4897203,Dominic Muncey,301,San Diego Toreros,Guard,7.0,1,1,1,1,0,0,0,0,0,0,0,0,0,1,3,2,West Coast,1.0,1.0,,1.5,3.5,0.5,0.5,0.5,0.5,0.0,0.0,0.0,0.0,0.0,0.0,0.0,1.5
4897206,Muon Reath,2430,UNC Greensboro Spartans,Guard,2.0,0,0,0,0,0,0,0,0,0,0,0,0,0,0,0,1,Southern,,,,,2.0,0.0,0.0,0.0,0.0,0.0,0.0,0.0,0.0,0.0,0.0,0.0,0.0
4897210,Jacob Holt,16,Sacramento State Hornets,Forward,57.0,4,11,0,3,10,12,3,6,9,3,0,4,4,4,18,3,Big Sky,0.36363636363636365,0.0,0.8333333333333334,0.36363636363636365,19.0,1.3333333333333333,3.6666666666666665,0.0,1.0,1.0,2.0,3.0,1.0,0.0,1.3333333333333333,1.3333333333333333,6.0
4897213,Chris Walker,2066,Binghamton Bearcats,Guard,8.0,1,1,0,0,0,0,0,1,1,0,0,0,0,1,2,1,America East,1.0,,,1.0,8.0,1.0,1.0,0.0,0.0,0.0,1.0,1.0,0.0,0.0,0.0,0.0,2.0
4897214,Jordan Jefferson,2031,Little Rock Trojans,Guard,87.0,13,26,6,12,1,1,5,5,10,6,2,0,5,2,33,3,Ohio Valley,0.5,0.5,1.0,0.6153846153846154,29.0,4.333333333333333,8.666666666666666,2.0,4.0,1.6666666666666667,1.6666666666666667,3.3333333333333335,2.0,0.6666666666666666,0.0,1.6666666666666667,11.0
4897218,Ja'Heim Hudson,2567,SMU Mustangs,Forward,43.0,10,16,3,6,4,5,5,5,10,2,0,1,2,8,27,2,American,0.625,0.5,0.8,0.71875,21.5,5.0,8.0,1.5,3.0,2.5,2.5,5.0,1.0,0.0,0.5,1.0,13.5
4897223,Jourdan Smith,2755,Grambling Tigers,Guard,165.0,17,34,6,10,15,21,5,20,25,5,5,9,8,13,55,5,SWAC,0.5,0.6,0.7142857142857143,0.5882352941176471,33.0,3.4,6.8,1.2,2.0,1.0,4.0,5.0,1.0,1.0,1.8,1.6,11.0
4897224,Josh Uduje,328,Utah State Aggies,Guard,92.0,11,27,2,10,5,8,3,5,8,2,5,2,2,7,29,4,Mountain West,0.4074074074074074,0.2,0.625,0.4444444444444444,23.0,2.75,6.75,0.5,2.5,0.75,1.25,2.0,0.5,1.25,0.5,0.5,7.25
4897226,Christopher Mantis,2026,Appalachian State Mountaineers,Forward,26.0,3,9,1,7,0,0,0,1,1,0,0,1,0,2,7,3,Sun Belt,0.3333333333333333,0.14285714285714285,,0.3888888888888889,8.666666666666666,1.0,3.0,0.3333333333333333,2.3333333333333335,0.0,0.3333333333333333,0.3333333333333333,0.0,0.0,0.3333333333333333,0.0,2.3333333333333335
4897227,Terence Harcum,2026,Appalachian State Mountaineers,Guard,108.0,13,40,8,22,8,8,1,9,10,7,0,0,4,9,42,3,Sun Belt,0.325,0.36363636363636365,1.0,0.425,36.0,4.333333333333333,13.333333333333334,2.6666666666666665,7.333333333333333,0.3333333333333333,3.0,3.3333333333333335,2.3333333333333335,0.0,0.0,1.3333333333333333,14.0
4897229,KJ Lee,2710,Western Illinois Leathernecks,Guard,4.0,0,1,0,1,0,0,0,0,0,0,0,0,0,0,0,1,Ohio Valley,0.0,0.0,,0.0,4.0,0.0,1.0,0.0,1.0,0.0,0.0,0.0,0.0,0.0,0.0,0.0,0.0
4897232,Shemarri Allen,2116,UCF Knights,Guard,97.0,3,16,0,3,5,9,4,13,17,6,5,0,3,9,11,3,Big 12,0.1875,0.0,0.5555555555555556,0.1875,32.333333333333336,1.0,5.333333333333333,0.0,1.0,1.3333333333333333,4.333333333333333,5.666666666666667,2.0,1.6666666666666667,0.0,1.0,3.6666666666666665
4897240,Ben Nau,2900,St. Thomas-Minnesota Tommies,Guard,33.0,0,5,0,4,0,0,0,3,3,2,2,0,0,4,0,2,Summit League,0.0,0.0,,0.0,16.5,0.0,2.5,0.0,2.0,0.0,1.5,1.5,1.0,1.0,0.0,0.0,0.0
4897243,Parker Bjorklund,2900,St. Thomas-Minnesota Tommies,Forward,46.0,5,17,2,7,4,4,3,3,6,0,2,0,4,6,16,2,Summit League,0.29411764705882354,0.2857142857142857,1.0,0.35294117647058826,23.0,2.5,8.5,1.0,3.5,1.5,1.5,3.0,0.0,1.0,0.0,2.0,8.0
4897245,Ryan Dufault,2900,St. Thomas-Minnesota Tommies,Guard,28.0,7,12,0,1,4,6,2,3,5,1,3,0,2,4,18,2,Summit League,0.5833333333333334,0.0,0.6666666666666666,0.5833333333333334,14.0,3.5,6.0,0.0,0.5,1.0,1.5,2.5,0.5,1.5,0.0,1.0,9.0
4897249,Brooks Allen,2900,St. Thomas-Minnesota Tommies,Forward,63.0,6,16,6,13,2,2,2,6,8,2,0,1,2,4,20,2,Summit League,0.375,0.46153846153846156,1.0,0.5625,31.5,3.0,8.0,3.0,6.5,1.0,3.0,4.0,1.0,0.0,0.5,1.0,10.0
4897251,Zeke Mayo,2571,South Dakota State Jackrabbits,Guard,152.0,19,43,12,23,11,14,2,14,16,12,3,0,7,4,61,4,Summit League,0.4418604651162791,0.5217391304347826,0.7857142857142857,0.5813953488372093,38.0,4.75,10.75,3.0,5.75,0.5,3.5,4.0,3.0,0.75,0.0,1.75,15.25
4897258,Sir Issac Herron,198,Oral Roberts Golden Eagles,Forward,53.0,3,5,0,1,3,4,0,9,9,0,0,2,2,7,9,2,Summit League,0.6,0.0,0.75,0.6,26.5,1.5,2.5,0.0,0.5,0.0,4.5,4.5,0.0,0.0,1.0,1.0,4.5
4897260,Luka Tekavcic,2154,Coppin State Eagles,Forward,21.0,2,3,0,0,1,2,0,0,0,0,0,1,5,3,5,1,MEAC,0.6666666666666666,,0.5,0.6666666666666666,21.0,2.0,3.0,0.0,0.0,0.0,0.0,0.0,0.0,0.0,1.0,5.0,5.0
4897261,Isaiah Walker,2057,Belmont Bruins,Guard,39.0,2,8,1,7,1,1,0,9,9,1,0,0,0,3,6,2,Missouri Valley,0.25,0.14285714285714285,1.0,0.3125,19.5,1.0,4.0,0.5,3.5,0.0,4.5,4.5,0.5,0.0,0.0,0.0,3.0
4897262,Will Richard,57,Florida Gators,Guard,160.0,22,45,12,27,9,10,9,13,22,7,6,2,6,10,65,5,SEC,0.4888888888888889,0.4444444444444444,0.9,0.6222222222222222,32.0,4.4,9.0,2.4,5.4,1.8,2.6,4.4,1.4,1.2,0.4,1.2,13.0
4897263,Frankie Fidler,2437,Omaha Mavericks,Forward,80.0,22,46,4,13,13,20,3,15,18,3,4,2,5,8,61,2,Summit League,0.4782608695652174,0.3076923076923077,0.65,0.5217391304347826,40.0,11.0,23.0,2.0,6.5,1.5,7.5,9.0,1.5,2.0,1.0,2.5,30.5
4897268,Rodolfo Bolis,2197,Eastern Illinois Panthers,Forward,7.0,0,0,0,0,0,0,0,2,2,0,1,3,2,4,0,1,Ohio Valley,,,,,7.0,0.0,0.0,0.0,0.0,0.0,2.0,2.0,0.0,1.0,3.0,2.0,0.0
4897274,Joshua Streit,2449,North Dakota State Bison,Forward,1.0,0,0,0,0,0,0,0,2,2,0,0,0,0,0,0,1,Summit League,,,,,1.0,0.0,0.0,0.0,0.0,0.0,2.0,2.0,0.0,0.0,0.0,0.0,0.0
4897275,Andrew Morgan,2449,North Dakota State Bison,Forward,30.0,1,4,0,0,2,2,3,2,5,2,0,0,0,0,4,1,Summit League,0.25,,1.0,0.25,30.0,1.0,4.0,0.0,0.0,3.0,2.0,5.0,2.0,0.0,0.0,0.0,4.0
4897280,Tsotne Tsartsidze,155,North Dakota Fighting Hawks,Forward,36.0,3,5,1,2,6,6,0,2,2,4,0,1,1,1,13,1,Summit League,0.6,0.5,1.0,0.7,36.0,3.0,5.0,1.0,2.0,0.0,2.0,2.0,4.0,0.0,1.0,1.0,13.0
4897282,Paul Bruns,233,South Dakota Coyotes,Guard,32.0,3,5,3,4,2,2,0,9,9,0,0,0,2,2,11,1,Summit League,0.6,0.75,1.0,0.9,32.0,3.0,5.0,3.0,4.0,0.0,9.0,9.0,0.0,0.0,0.0,2.0,11.0
4897287,Tevin Smith,325,Cleveland State Vikings,Guard,123.0,16,27,1,4,9,16,4,10,14,4,4,4,3,16,42,5,Horizon,0.5925925925925926,0.25,0.5625,0.6111111111111112,24.6,3.2,5.4,0.2,0.8,0.8,2.0,2.8,0.8,0.8,0.8,0.6,8.4
4897289,Jordan Johnson,2443,New Orleans Privateers,Guard,79.0,14,31,5,14,8,10,1,4,5,4,2,0,3,7,41,2,Southland,0.45161290322580644,0.35714285714285715,0.8,0.532258064516129,39.5,7.0,15.5,2.5,7.0,0.5,2.0,2.5,2.0,1.0,0.0,1.5,20.5
4897291,Pedro Lopez-Sanvicente,2172,Denver Pioneers,Forward,75.0,5,15,2,8,2,4,2,15,17,5,3,2,3,7,14,3,Summit League,0.3333333333333333,0.25,0.5,0.4,25.0,1.6666666666666667,5.0,0.6666666666666666,2.6666666666666665,0.6666666666666666,5.0,5.666666666666667,1.6666666666666667,1.0,0.6666666666666666,1.0,4.666666666666667
4897292,Touko Tainamo,2172,Denver Pioneers,Forward,81.0,5,24,2,9,1,6,2,14,16,0,1,2,3,8,13,3,Summit League,0.20833333333333334,0.2222222222222222,0.16666666666666666,0.25,27.0,1.6666666666666667,8.0,0.6666666666666666,3.0,0.6666666666666666,4.666666666666667,5.333333333333333,0.0,0.3333333333333333,0.6666666666666666,1.0,4.333333333333333
4897293,DeeJuan Pruitt,294,Jacksonville Dolphins,Forward,56.0,4,8,0,1,4,4,7,8,15,0,1,0,2,5,12,3,ASUN,0.5,0.0,1.0,0.5,18.666666666666668,1.3333333333333333,2.6666666666666665,0.0,0.3333333333333333,2.3333333333333335,2.6666666666666665,5.0,0.0,0.3333333333333333,0.0,0.6666666666666666,4.0
4897295,Quani Rudd,2565,SIU Edwardsville Cougars,Guard,1.0,1,1,1,1,0,0,0,0,0,0,0,0,0,1,3,1,Ohio Valley,1.0,1.0,,1.5,1.0,1.0,1.0,1.0,1.0,0.0,0.0,0.0,0.0,0.0,0.0,0.0,3.0
4897296,Trevian Tennyson,2628,TCU Horned Frogs,Guard,46.0,2,10,1,4,3,4,0,4,4,3,2,0,4,3,8,3,Big 12,0.2,0.25,0.75,0.25,15.333333333333334,0.6666666666666666,3.3333333333333335,0.3333333333333333,1.3333333333333333,0.0,1.3333333333333333,1.3333333333333333,1.0,0.6666666666666666,0.0,1.3333333333333333,2.6666666666666665
4897297,Jasman Sangha,2463,Cal State Northridge Matadors,Forward,32.0,5,9,0,0,0,0,1,3,4,0,0,0,2,8,10,2,Big West,0.5555555555555556,,,0.5555555555555556,16.0,2.5,4.5,0.0,0.0,0.5,1.5,2.0,0.0,0.0,0.0,1.0,5.0
4897299,Jordan Roberts,357,Texas A&M-Corpus Christi Islanders,Guard,70.0,13,31,3,14,9,9,1,3,4,7,3,0,4,3,38,2,Southland,0.41935483870967744,0.21428571428571427,1.0,0.46774193548387094,35.0,6.5,15.5,1.5,7.0,0.5,1.5,2.0,3.5,1.5,0.0,2.0,19.0
4897300,Isaac Mushila,167,New Mexico Lobos,Forward,18.0,1,4,0,1,2,2,2,4,6,2,0,0,0,3,4,3,Mountain West,0.25,0.0,1.0,0.25,6.0,0.3333333333333333,1.3333333333333333,0.0,0.3333333333333333,0.6666666666666666,1.3333333333333333,2.0,0.6666666666666666,0.0,0.0,0.0,1.3333333333333333
4897302,Owen Dease,357,Texas A&M-Corpus Christi Islanders,Forward,51.0,5,13,3,5,10,12,6,6,12,1,5,0,5,6,23,2,Southland,0.38461538461538464,0.6,0.8333333333333334,0.5,25.5,2.5,6.5,1.5,2.5,3.0,3.0,6.0,0.5,2.5,0.0,2.5,11.5
4897313,Roger McFarlane,2545,SE Louisiana Lions,Guard,35.0,8,14,2,5,0,1,3,5,8,1,0,0,2,1,18,1,Southland,0.5714285714285714,0.4,0.0,0.6428571428571429,35.0,8.0,14.0,2.0,5.0,3.0,5.0,8.0,1.0,0.0,0.0,2.0,18.0
4897326,Mekhi Collins,2447,Nicholls Colonels,Forward,64.0,5,5,0,0,1,3,3,16,19,0,1,1,1,12,11,3,Southland,1.0,,0.3333333333333333,1.0,21.333333333333332,1.6666666666666667,1.6666666666666667,0.0,0.0,1.0,5.333333333333333,6.333333333333333,0.0,0.3333333333333333,0.3333333333333333,0.3333333333333333,3.6666666666666665
4897328,Jamond Vincent,2443,New Orleans Privateers,Guard,49.0,6,12,0,1,6,6,2,4,6,1,1,1,4,2,18,2,Southland,0.5,0.0,1.0,0.5,24.5,3.0,6.0,0.0,0.5,1.0,2.0,3.0,0.5,0.5,0.5,2.0,9.0
4897331,Chris Nix,326,Texas State Bobcats,Forward,29.0,4,6,0,0,1,2,4,2,6,0,1,0,4,4,9,4,Sun Belt,0.6666666666666666,,0.5,0.6666666666666666,7.25,1.0,1.5,0.0,0.0,1.0,0.5,1.5,0.0,0.25,0.0,1.0,2.25
4897332,Grant Hurst,2633,Tennessee Volunteers,Guard,1.0,0,0,0,0,0,0,0,0,0,0,0,0,0,1,0,1,SEC,,,,,1.0,0.0,0.0,0.0,0.0,0.0,0.0,0.0,0.0,0.0,0.0,0.0,0.0
4897336,David Kamwanga,2630,UT Martin Skyhawks,Forward,7.0,0,0,0,0,0,0,0,0,0,0,0,1,0,0,0,1,Ohio Valley,,,,,7.0,0.0,0.0,0.0,0.0,0.0,0.0,0.0,0.0,0.0,1.0,0.0,0.0
4897338,Johnathan Massie,2344,Longwood Lancers,Guard,97.0,12,31,6,8,9,10,0,14,14,7,2,0,8,8,39,4,Big South,0.3870967741935484,0.75,0.9,0.4838709677419355,24.25,3.0,7.75,1.5,2.0,0.0,3.5,3.5,1.75,0.5,0.0,2.0,9.75
4897348,Benjamin Griscti,27,UC Riverside Highlanders,Center,44.0,3,9,2,5,3,4,2,4,6,0,3,0,0,5,11,2,Big West,0.3333333333333333,0.4,0.75,0.4444444444444444,22.0,1.5,4.5,1.0,2.5,1.0,2.0,3.0,0.0,1.5,0.0,0.0,5.5
4897355,Corey Tripp,2747,Wofford Terriers,Guard,32.0,6,22,2,10,1,1,0,3,3,3,2,0,2,2,15,1,Southern,0.2727272727272727,0.2,1.0,0.3181818181818182,32.0,6.0,22.0,2.0,10.0,0.0,3.0,3.0,3.0,2.0,0.0,2.0,15.0
4897357,Vonterius Woolbright,2717,Western Carolina Catamounts,Guard,39.0,5,14,0,1,1,1,0,10,10,9,0,0,6,1,11,1,Southern,0.35714285714285715,0.0,1.0,0.35714285714285715,39.0,5.0,14.0,0.0,1.0,0.0,10.0,10.0,9.0,0.0,0.0,6.0,11.0
4897361,Marcus Banks Jr.,2378,UMBC Retrievers,Guard,43.0,7,19,5,12,5,6,0,7,7,4,3,0,0,5,24,1,America East,0.3684210526315789,0.4166666666666667,0.8333333333333334,0.5,43.0,7.0,19.0,5.0,12.0,0.0,7.0,7.0,4.0,3.0,0.0,0.0,24.0
4897365,Honor Huff,236,Chattanooga Mocs,Guard,74.0,7,25,4,17,10,12,0,5,5,7,4,0,2,2,28,2,Southern,0.28,0.23529411764705882,0.8333333333333334,0.36,37.0,3.5,12.5,2.0,8.5,0.0,2.5,2.5,3.5,2.0,0.0,1.0,14.0
4897366,Lewis Rowe,2534,Sam Houston Bearkats,Forward,2.0,1,1,0,0,0,0,0,2,2,0,0,0,1,1,2,1,Conference USA,1.0,,,1.0,2.0,1.0,1.0,0.0,0.0,0.0,2.0,2.0,0.0,0.0,0.0,1.0,2.0
4897370,Jalen Breath,2430,UNC Greensboro Spartans,Forward,27.0,4,5,0,0,3,3,7,3,10,0,1,1,2,2,11,1,Southern,0.8,,1.0,0.8,27.0,4.0,5.0,0.0,0.0,7.0,3.0,10.0,0.0,1.0,1.0,2.0,11.0
4897371,Jackson Price,2368,Marist Red Foxes,Forward,34.0,5,10,1,3,4,4,1,6,7,3,2,1,2,5,15,2,MAAC,0.5,0.3333333333333333,1.0,0.55,17.0,2.5,5.0,0.5,1.5,0.5,3.0,3.5,1.5,1.0,0.5,1.0,7.5
4897374,Wesley Cardet Jr.,2130,Chicago State Cougars,Guard,77.0,21,40,3,13,10,12,4,4,8,6,2,0,2,0,55,2,Division I Independents,0.525,0.23076923076923078,0.8333333333333334,0.5625,38.5,10.5,20.0,1.5,6.5,2.0,2.0,4.0,3.0,1.0,0.0,1.0,27.5
4897375,Jaden Campbell,2535,Samford Bulldogs,Guard,116.0,13,25,10,19,12,17,3,11,14,3,2,2,5,11,48,4,Southern,0.52,0.5263157894736842,0.7058823529411765,0.72,29.0,3.25,6.25,2.5,4.75,0.75,2.75,3.5,0.75,0.5,0.5,1.25,12.0
4897379,Shawn Walker Jr.,93,Murray State Racers,Guard,7.0,0,2,0,1,0,0,0,1,1,0,0,0,0,1,0,1,Missouri Valley,0.0,0.0,,0.0,7.0,0.0,2.0,0.0,1.0,0.0,1.0,1.0,0.0,0.0,0.0,0.0,0.0
4897381,JP Pegues,231,Furman Paladins,Guard,74.0,13,33,9,18,15,19,2,5,7,8,2,2,4,3,50,2,Southern,0.3939393939393939,0.5,0.7894736842105263,0.5303030303030303,37.0,6.5,16.5,4.5,9.0,1.0,2.5,3.5,4.0,1.0,1.0,2.0,25.0
4897382,Tyrese Hughey,231,Furman Paladins,Forward,14.0,0,3,0,3,0,0,0,1,1,0,1,0,0,2,0,2,Southern,0.0,0.0,,0.0,7.0,0.0,1.5,0.0,1.5,0.0,0.5,0.5,0.0,0.5,0.0,0.0,0.0
4897383,Alex Williams,231,Furman Paladins,Forward,61.0,4,13,2,8,3,5,1,12,13,3,4,0,4,6,13,2,Southern,0.3076923076923077,0.25,0.6,0.38461538461538464,30.5,2.0,6.5,1.0,4.0,0.5,6.0,6.5,1.5,2.0,0.0,2.0,6.5
4897387,Allen Strothers,2193,East Tennessee State Buccaneers,Guard,94.0,6,20,1,2,6,8,7,6,13,8,7,0,8,9,19,4,Southern,0.3,0.5,0.75,0.325,23.5,1.5,5.0,0.25,0.5,1.75,1.5,3.25,2.0,1.75,0.0,2.0,4.75
4897397,Wooga Poplar,2390,Miami Hurricanes,Guard,18.0,1,10,1,6,0,0,3,2,5,0,1,0,0,3,3,1,ACC,0.1,0.16666666666666666,,0.15,18.0,1.0,10.0,1.0,6.0,3.0,2.0,5.0,0.0,1.0,0.0,0.0,3.0
4897404,Igor Milicic Jr.,2429,Charlotte 49ers,Forward,39.0,2,8,2,6,0,0,1,15,16,1,1,1,3,1,6,1,American,0.25,0.3333333333333333,,0.375,39.0,2.0,8.0,2.0,6.0,1.0,15.0,16.0,1.0,1.0,1.0,3.0,6.0
4897407,Matthew Marsh,154,Wake Forest Demon Deacons,Center,27.0,1,2,0,0,0,0,1,3,4,0,0,0,0,1,2,4,ACC,0.5,,,0.5,6.75,0.25,0.5,0.0,0.0,0.25,0.75,1.0,0.0,0.0,0.0,0.0,0.5
4897411,Simas Lukosius,2132,Cincinnati Bearcats,Guard,214.0,36,85,29,63,16,19,1,18,19,17,7,2,10,6,117,6,Big 12,0.4235294117647059,0.4603174603174603,0.8421052631578947,0.5941176470588235,35.666666666666664,6.0,14.166666666666666,4.833333333333333,10.5,0.16666666666666666,3.0,3.1666666666666665,2.8333333333333335,1.1666666666666667,0.3333333333333333,1.6666666666666667,19.5
4897412,Zander Yates,2335,Liberty Flames,Forward,1.0,0,0,0,0,0,0,0,0,0,0,0,0,0,0,0,1,Conference USA,,,,,1.0,0.0,0.0,0.0,0.0,0.0,0.0,0.0,0.0,0.0,0.0,0.0,0.0
4897414,Cameron Brown,269,Marquette Golden Eagles,Guard,1.0,0,1,0,0,0,0,0,0,0,0,0,0,0,0,0,1,Big East,0.0,,,0.0,1.0,0.0,1.0,0.0,0.0,0.0,0.0,0.0,0.0,0.0,0.0,0.0,0.0
4897420,Shaan Burke,84,Indiana Hoosiers,Guard,2.0,0,0,0,0,0,0,0,0,0,0,0,0,0,0,0,1,Big Ten,,,,,2.0,0.0,0.0,0.0,0.0,0.0,0.0,0.0,0.0,0.0,0.0,0.0,0.0
4897424,Ian Burns,130,Michigan Wolverines,Guard,1.0,0,0,0,0,0,0,0,0,0,0,0,0,0,0,0,1,Big Ten,,,,,1.0,0.0,0.0,0.0,0.0,0.0,0.0,0.0,0.0,0.0,0.0,0.0,0.0
4897426,Abdoulaye Thiam,2272,High Point Panthers,Guard,135.0,17,48,11,30,12,16,1,12,13,3,2,0,4,3,57,5,Big South,0.3541666666666667,0.36666666666666664,0.75,0.46875,27.0,3.4,9.6,2.2,6.0,0.2,2.4,2.6,0.6,0.4,0.0,0.8,11.4
4897429,Parker Fox,135,Minnesota Golden Gophers,Forward,65.0,11,14,0,1,4,12,0,2,2,1,4,2,2,6,26,3,Big Ten,0.7857142857142857,0.0,0.3333333333333333,0.7857142857142857,21.666666666666668,3.6666666666666665,4.666666666666667,0.0,0.3333333333333333,0.0,0.6666666666666666,0.6666666666666666,0.3333333333333333,1.3333333333333333,0.6666666666666666,0.6666666666666666,8.666666666666666
4897432,Sam Hoiberg,158,Nebraska Cornhuskers,Guard,56.0,3,7,0,3,1,2,1,5,6,4,2,0,1,5,7,3,Big Ten,0.42857142857142855,0.0,0.5,0.42857142857142855,18.666666666666668,1.0,2.3333333333333335,0.0,1.0,0.3333333333333333,1.6666666666666667,2.0,1.3333333333333333,0.6666666666666666,0.0,0.3333333333333333,2.3333333333333335
4897433,Keisei Tominaga,158,Nebraska Cornhuskers,Guard,85.0,23,48,11,27,5,6,0,7,7,8,2,1,7,4,62,3,Big Ten,0.4791666666666667,0.4074074074074074,0.8333333333333334,0.59375,28.333333333333332,7.666666666666667,16.0,3.6666666666666665,9.0,0.0,2.3333333333333335,2.3333333333333335,2.6666666666666665,0.6666666666666666,0.3333333333333333,2.3333333333333335,20.666666666666668
4897436,Dan Conlan,213,Penn State Nittany Lions,Guard,1.0,0,1,0,1,0,0,0,0,0,0,0,1,0,0,0,1,Big Ten,0.0,0.0,,0.0,1.0,0.0,1.0,0.0,1.0,0.0,0.0,0.0,0.0,0.0,1.0,0.0,0.0
4897438,Trey Kaufman-Renn,2509,Purdue Boilermakers,Forward,140.0,24,48,0,3,10,16,9,18,27,8,2,3,9,10,58,8,Big Ten,0.5,0.0,0.625,0.5,17.5,3.0,6.0,0.0,0.375,1.125,2.25,3.375,1.0,0.25,0.375,1.125,7.25
4897446,Zek Montgomery,227,Rhode Island Rams,Guard,25.0,1,8,0,1,5,6,0,3,3,2,1,1,1,0,7,1,Atlantic 10,0.125,0.0,0.8333333333333334,0.125,25.0,1.0,8.0,0.0,1.0,0.0,3.0,3.0,2.0,1.0,1.0,1.0,7.0
4897447,Connor Hickman,71,Bradley Braves,Guard,124.0,26,48,12,27,5,9,1,14,15,6,2,1,11,9,69,4,Missouri Valley,0.5416666666666666,0.4444444444444444,0.5555555555555556,0.6666666666666666,31.0,6.5,12.0,3.0,6.75,0.25,3.5,3.75,1.5,0.5,0.25,2.75,17.25
4897448,Sam Hennessy,71,Bradley Braves,Guard,3.0,0,0,0,0,1,2,0,1,1,0,1,0,1,0,1,2,Missouri Valley,,,0.5,,1.5,0.0,0.0,0.0,0.0,0.0,0.5,0.5,0.0,0.5,0.0,0.5,0.5
4897449,Malevy Leons,71,Bradley Braves,Forward,136.0,12,26,3,9,18,20,11,25,36,2,4,6,10,10,45,4,Missouri Valley,0.46153846153846156,0.3333333333333333,0.9,0.5192307692307693,34.0,3.0,6.5,0.75,2.25,2.75,6.25,9.0,0.5,1.0,1.5,2.5,11.25
4897450,Cade Hardtke,71,Bradley Braves,Guard,9.0,1,1,0,0,0,0,0,1,1,0,0,0,0,0,2,2,Missouri Valley,1.0,,,1.0,4.5,0.5,0.5,0.0,0.0,0.0,0.5,0.5,0.0,0.0,0.0,0.0,1.0
4897451,Conor Enright,2181,Drake Bulldogs,Guard,118.0,10,19,6,11,4,5,2,13,15,16,4,1,5,13,30,4,Missouri Valley,0.5263157894736842,0.5454545454545454,0.8,0.6842105263157895,29.5,2.5,4.75,1.5,2.75,0.5,3.25,3.75,4.0,1.0,0.25,1.25,7.5
4897464,Xavier Bledson,282,Indiana State Sycamores,Guard,137.0,18,37,6,22,6,6,2,17,19,24,3,0,10,20,48,8,Missouri Valley,0.4864864864864865,0.2727272727272727,1.0,0.5675675675675675,17.125,2.25,4.625,0.75,2.75,0.25,2.125,2.375,3.0,0.375,0.0,1.25,6.0
4897465,Quimari Peterson,2193,East Tennessee State Buccaneers,Guard,120.0,23,61,9,28,13,22,5,14,19,14,6,0,8,6,68,4,Southern,0.3770491803278688,0.32142857142857145,0.5909090909090909,0.45081967213114754,30.0,5.75,15.25,2.25,7.0,1.25,3.5,4.75,3.5,1.5,0.0,2.0,17.0
4897466,Cameron Crawford,276,Marshall Thundering Herd,Guard,25.0,4,13,2,5,0,0,0,6,6,0,0,0,3,2,10,2,Sun Belt,0.3076923076923077,0.4,,0.38461538461538464,12.5,2.0,6.5,1.0,2.5,0.0,3.0,3.0,0.0,0.0,0.0,1.5,5.0
4897471,Saint Thomas,2458,Northern Colorado Bears,Forward,40.0,4,11,1,3,3,3,0,6,6,9,2,1,6,4,12,1,Big Sky,0.36363636363636365,0.3333333333333333,1.0,0.4090909090909091,40.0,4.0,11.0,1.0,3.0,0.0,6.0,6.0,9.0,2.0,1.0,6.0,12.0
4897472,Ty Johnson,302,UC Davis Aggies,Guard,75.0,16,40,2,10,8,8,1,8,9,9,4,1,3,4,42,2,Big West,0.4,0.2,1.0,0.425,37.5,8.0,20.0,1.0,5.0,0.5,4.0,4.5,4.5,2.0,0.5,1.5,21.0
4897476,Brandon Weatherspoon,2226,Florida Atlantic Owls,Guard,83.0,7,17,3,10,2,2,4,6,10,4,6,0,4,4,19,3,American,0.4117647058823529,0.3,1.0,0.5,27.666666666666668,2.3333333333333335,5.666666666666667,1.0,3.3333333333333335,1.3333333333333333,2.0,3.3333333333333335,1.3333333333333333,2.0,0.0,1.3333333333333333,6.333333333333333
4897477,Isaac Haney,2046,Austin Peay Governors,Guard,134.0,14,32,3,9,15,17,3,17,20,4,2,0,6,11,46,4,ASUN,0.4375,0.3333333333333333,0.8823529411764706,0.484375,33.5,3.5,8.0,0.75,2.25,0.75,4.25,5.0,1.0,0.5,0.0,1.5,11.5
4897478,Landon Wolf,2460,Northern Iowa Panthers,Guard,29.0,2,6,1,4,1,1,0,4,4,2,2,0,1,2,6,2,Missouri Valley,0.3333333333333333,0.25,1.0,0.4166666666666667,14.5,1.0,3.0,0.5,2.0,0.0,2.0,2.0,1.0,1.0,0.0,0.5,3.0
4897479,Michael Duax,2460,Northern Iowa Panthers,Guard,24.0,0,1,0,0,0,0,2,5,7,0,0,0,1,4,0,2,Missouri Valley,0.0,,,0.0,12.0,0.0,0.5,0.0,0.0,1.0,2.5,3.5,0.0,0.0,0.0,0.5,0.0
4897481,Foster Wonders,2739,Green Bay Phoenix,Guard,14.0,1,8,1,7,0,0,0,1,1,0,0,0,1,0,3,1,Horizon,0.125,0.14285714285714285,,0.1875,14.0,1.0,8.0,1.0,7.0,0.0,1.0,1.0,0.0,0.0,0.0,1.0,3.0
4897482,Scottie Ebube,79,Southern Illinois Salukis,Center,3.0,0,0,0,0,0,2,0,0,0,0,0,0,0,0,0,1,Missouri Valley,,,0.0,,3.0,0.0,0.0,0.0,0.0,0.0,0.0,0.0,0.0,0.0,0.0,0.0,0.0
4897483,Troy D'Amico,79,Southern Illinois Salukis,Forward,30.0,2,7,2,4,0,0,0,3,3,2,0,0,0,1,6,1,Missouri Valley,0.2857142857142857,0.5,,0.42857142857142855,30.0,2.0,7.0,2.0,4.0,0.0,3.0,3.0,2.0,0.0,0.0,0.0,6.0
4897484,Cam Palesse,2099,Canisius Golden Griffins,Guard,76.0,9,21,1,5,2,2,2,8,10,3,2,2,2,4,21,2,MAAC,0.42857142857142855,0.2,1.0,0.4523809523809524,38.0,4.5,10.5,0.5,2.5,1.0,4.0,5.0,1.5,1.0,1.0,1.0,10.5
4897485,Preston Ruedinger,2739,Green Bay Phoenix,Guard,35.0,5,13,1,5,6,7,1,2,3,3,0,0,0,4,17,1,Horizon,0.38461538461538464,0.2,0.8571428571428571,0.4230769230769231,35.0,5.0,13.0,1.0,5.0,1.0,2.0,3.0,3.0,0.0,0.0,0.0,17.0
4897486,Darius DeAveiro,2674,Valparaiso Beacons,Guard,32.0,3,13,2,5,0,0,0,3,3,2,3,0,4,1,8,1,Missouri Valley,0.23076923076923078,0.4,,0.3076923076923077,32.0,3.0,13.0,2.0,5.0,0.0,3.0,3.0,2.0,3.0,0.0,4.0,8.0
4897489,Trey Woodyard,160,New Hampshire Wildcats,Forward,71.0,7,12,2,5,3,3,2,1,3,3,1,1,2,3,19,2,America East,0.5833333333333334,0.4,1.0,0.6666666666666666,35.5,3.5,6.0,1.0,2.5,1.0,0.5,1.5,1.5,0.5,0.5,1.0,9.5
4897491,Dillon Wilhite,2305,Kansas Jayhawks,Forward,3.0,0,0,0,0,0,0,0,0,0,0,0,0,0,0,0,2,Big 12,,,,,1.5,0.0,0.0,0.0,0.0,0.0,0.0,0.0,0.0,0.0,0.0,0.0,0.0
4897492,Cam Martin,68,Boise State Broncos,Forward,39.0,5,10,0,1,3,4,4,6,10,3,0,1,2,5,13,2,Mountain West,0.5,0.0,0.75,0.5,19.5,2.5,5.0,0.0,0.5,2.0,3.0,5.0,1.5,0.0,0.5,1.0,6.5
4897493,Denver Jones,2,Auburn Tigers,Guard,96.0,17,33,6,14,8,13,2,5,7,2,3,0,4,8,48,4,SEC,0.5151515151515151,0.42857142857142855,0.6153846153846154,0.6060606060606061,24.0,4.25,8.25,1.5,3.5,0.5,1.25,1.75,0.5,0.75,0.0,1.0,12.0
4897495,Victor Hart,2572,Southern Miss Golden Eagles,Forward,40.0,6,13,0,3,8,9,1,8,9,0,5,0,0,4,20,1,Sun Belt,0.46153846153846156,0.0,0.8888888888888888,0.46153846153846156,40.0,6.0,13.0,0.0,3.0,1.0,8.0,9.0,0.0,5.0,0.0,0.0,20.0
4897498,Kaleb Stewart,233,South Dakota Coyotes,Guard,38.0,6,17,3,10,3,5,0,1,1,6,0,0,1,0,18,1,Summit League,0.35294117647058826,0.3,0.6,0.4411764705882353,38.0,6.0,17.0,3.0,10.0,0.0,1.0,1.0,6.0,0.0,0.0,1.0,18.0
4897501,Will Allen,2348,Louisiana Tech Bulldogs,Forward,8.0,1,2,0,0,0,0,2,0,2,0,0,0,0,1,2,1,Conference USA,0.5,,,0.5,8.0,1.0,2.0,0.0,0.0,2.0,0.0,2.0,0.0,0.0,0.0,0.0,2.0
4897504,Wyatt Fricks,276,Marshall Thundering Herd,Forward,32.0,4,11,1,3,0,1,3,4,7,0,0,0,0,4,9,2,Sun Belt,0.36363636363636365,0.3333333333333333,0.0,0.4090909090909091,16.0,2.0,5.5,0.5,1.5,1.5,2.0,3.5,0.0,0.0,0.0,0.0,4.5
4897508,Justin Bufford,2393,Middle Tennessee Blue Raiders,Guard,67.0,5,13,2,8,3,4,4,8,12,1,3,0,3,6,15,2,Conference USA,0.38461538461538464,0.25,0.75,0.46153846153846156,33.5,2.5,6.5,1.0,4.0,2.0,4.0,6.0,0.5,1.5,0.0,1.5,7.5
4897514,Jalen Lake,36,Colorado State Rams,Guard,121.0,12,31,5,17,3,4,1,10,11,5,3,0,1,5,32,5,Mountain West,0.3870967741935484,0.29411764705882354,0.75,0.46774193548387094,24.2,2.4,6.2,1.0,3.4,0.2,2.0,2.2,1.0,0.6,0.0,0.2,6.4
4897517,Aaron Scott,249,North Texas Mean Green,Forward,96.0,12,27,2,13,5,8,8,9,17,10,2,2,2,7,31,4,American,0.4444444444444444,0.15384615384615385,0.625,0.48148148148148145,24.0,3.0,6.75,0.5,3.25,2.0,2.25,4.25,2.5,0.5,0.5,0.5,7.75
4897518,Tylor Perry,2306,Kansas State Wildcats,Guard,99.0,10,30,8,22,19,21,3,5,8,8,1,1,9,7,47,3,Big 12,0.3333333333333333,0.36363636363636365,0.9047619047619048,0.4666666666666667,33.0,3.3333333333333335,10.0,2.6666666666666665,7.333333333333333,1.0,1.6666666666666667,2.6666666666666665,2.6666666666666665,0.3333333333333333,0.3333333333333333,3.0,15.666666666666666
4897526,KJ Jenkins,350,UNC Wilmington Seahawks,Guard,30.0,4,11,0,6,0,0,0,2,2,0,1,0,0,1,8,1,Coastal,0.36363636363636365,0.0,,0.36363636363636365,30.0,4.0,11.0,0.0,6.0,0.0,2.0,2.0,0.0,1.0,0.0,0.0,8.0
4897528,Sebastian Forsling,167,New Mexico Lobos,Center,6.0,0,1,0,0,1,2,3,1,4,0,0,0,0,1,1,3,Mountain West,0.0,,0.5,0.0,2.0,0.0,0.3333333333333333,0.0,0.0,1.0,0.3333333333333333,1.3333333333333333,0.0,0.0,0.0,0.0,0.3333333333333333
4897530,Birima Seck,2217,Fairfield Stags,Forward,14.0,3,3,0,0,1,2,0,0,0,0,0,0,1,0,7,3,MAAC,1.0,,0.5,1.0,4.666666666666667,1.0,1.0,0.0,0.0,0.0,0.0,0.0,0.0,0.0,0.0,0.3333333333333333,2.3333333333333335
4897531,Demarshay Johnson Jr.,21,San Diego State Aztecs,Forward,5.0,0,0,0,0,0,2,0,1,1,0,0,0,1,1,0,3,Mountain West,,,0.0,,1.6666666666666667,0.0,0.0,0.0,0.0,0.0,0.3333333333333333,0.3333333333333333,0.0,0.0,0.0,0.3333333333333333,0.0
4897532,Chad Baker-Mazara,2,Auburn Tigers,Guard,67.0,10,23,2,7,10,12,0,8,8,7,3,0,2,9,32,4,SEC,0.43478260869565216,0.2857142857142857,0.8333333333333334,0.4782608695652174,16.75,2.5,5.75,0.5,1.75,0.0,2.0,2.0,1.75,0.75,0.0,0.5,8.0
4897534,Myron Amey Jr.,23,San José State Spartans,Guard,40.0,7,20,1,8,2,2,0,4,4,3,2,0,2,2,17,1,Mountain West,0.35,0.125,1.0,0.375,40.0,7.0,20.0,1.0,8.0,0.0,4.0,4.0,3.0,2.0,0.0,2.0,17.0
4897535,Alvaro Cardenas,23,San José State Spartans,Guard,40.0,8,14,2,4,0,0,2,7,9,6,1,0,3,2,18,1,Mountain West,0.5714285714285714,0.5,,0.6428571428571429,40.0,8.0,14.0,2.0,4.0,2.0,7.0,9.0,6.0,1.0,0.0,3.0,18.0
4897538,Josh Baker,2253,Grand Canyon Lopes,Guard,2.0,0,0,0,0,0,0,0,1,1,0,0,0,0,0,0,2,United Athletic,,,,,1.0,0.0,0.0,0.0,0.0,0.0,0.5,0.5,0.0,0.0,0.0,0.0,0.0
4897541,Imo Essien,295,Old Dominion Monarchs,Guard,28.0,1,5,1,2,5,6,0,1,1,3,1,0,2,4,8,1,Sun Belt,0.2,0.5,0.8333333333333334,0.3,28.0,1.0,5.0,1.0,2.0,0.0,1.0,1.0,3.0,1.0,0.0,2.0,8.0
4897544,Landon Brenchley,328,Utah State Aggies,Guard,6.0,0,2,0,1,0,2,0,2,2,1,0,0,0,0,0,3,Mountain West,0.0,0.0,0.0,0.0,2.0,0.0,0.6666666666666666,0.0,0.3333333333333333,0.0,0.6666666666666666,0.6666666666666666,0.3333333333333333,0.0,0.0,0.0,0.0
4897548,Zee Hamoda,16,Sacramento State Hornets,Guard,95.0,12,30,9,15,5,7,2,10,12,6,4,0,5,8,38,3,Big Sky,0.4,0.6,0.7142857142857143,0.55,31.666666666666668,4.0,10.0,3.0,5.0,0.6666666666666666,3.3333333333333335,4.0,2.0,1.3333333333333333,0.0,1.6666666666666667,12.666666666666666
4897549,Nate Barnhart,2571,South Dakota State Jackrabbits,Forward,43.0,3,6,1,3,2,2,2,2,4,0,0,1,0,2,9,4,Summit League,0.5,0.3333333333333333,1.0,0.5833333333333334,10.75,0.75,1.5,0.25,0.75,0.5,0.5,1.0,0.0,0.0,0.25,0.0,2.25
4897551,Noah Reynolds,2739,Green Bay Phoenix,Guard,33.0,11,20,1,5,4,6,1,2,3,6,0,0,3,2,27,1,Horizon,0.55,0.2,0.6666666666666666,0.575,33.0,11.0,20.0,1.0,5.0,1.0,2.0,3.0,6.0,0.0,0.0,3.0,27.0
4897557,Walyn Napper,2344,Longwood Lancers,Guard,145.0,20,50,6,14,8,10,4,17,21,22,7,1,13,9,54,4,Big South,0.4,0.42857142857142855,0.8,0.46,36.25,5.0,12.5,1.5,3.5,1.0,4.25,5.25,5.5,1.75,0.25,3.25,13.5
4897560,Tate Ryder,2572,Southern Miss Golden Eagles,Guard,1.0,0,0,0,0,0,0,0,0,0,0,0,0,0,0,0,1,Sun Belt,,,,,1.0,0.0,0.0,0.0,0.0,0.0,0.0,0.0,0.0,0.0,0.0,0.0,0.0
4897562,Gyasi Powell,294,Jacksonville Dolphins,Guard,81.0,5,18,4,11,3,4,1,5,6,6,4,0,3,5,17,3,ASUN,0.2777777777777778,0.36363636363636365,0.75,0.3888888888888889,27.0,1.6666666666666667,6.0,1.3333333333333333,3.6666666666666665,0.3333333333333333,1.6666666666666667,2.0,2.0,1.3333333333333333,0.0,1.0,5.666666666666667
4897563,Mike Marsh,197,Oklahoma State Cowboys,Center,4.0,0,1,0,0,0,0,0,0,0,0,0,0,0,0,0,1,Big 12,0.0,,,0.0,4.0,0.0,1.0,0.0,0.0,0.0,0.0,0.0,0.0,0.0,0.0,0.0,0.0
4897566,George Pridgett Jr.,2229,Florida International Panthers,Guard,20.0,1,4,1,3,0,0,0,2,2,0,1,0,1,0,3,2,Conference USA,0.25,0.3333333333333333,,0.375,10.0,0.5,2.0,0.5,1.5,0.0,1.0,1.0,0.0,0.5,0.0,0.5,1.5
4897570,Brody Peebles,2335,Liberty Flames,Guard,16.0,2,6,1,2,2,2,1,1,2,0,0,0,2,1,7,1,Conference USA,0.3333333333333333,0.5,1.0,0.4166666666666667,16.0,2.0,6.0,1.0,2.0,1.0,1.0,2.0,0.0,0.0,0.0,2.0,7.0
4897572,Joseph Venzant,2335,Liberty Flames,Guard,36.0,5,7,0,0,0,1,2,6,8,0,0,2,1,4,10,1,Conference USA,0.7142857142857143,,0.0,0.7142857142857143,36.0,5.0,7.0,0.0,0.0,2.0,6.0,8.0,0.0,0.0,2.0,1.0,10.0
4897573,AD Diedhiou,2433,UL Monroe Warhawks,Forward,12.0,1,3,0,0,0,0,4,1,5,0,1,0,0,1,2,1,Sun Belt,0.3333333333333333,,,0.3333333333333333,12.0,1.0,3.0,0.0,0.0,4.0,1.0,5.0,0.0,1.0,0.0,0.0,2.0
4897574,Elijah Tate,326,Texas State Bobcats,Guard,7.0,0,0,0,0,0,0,0,1,1,0,1,0,0,0,0,3,Sun Belt,,,,,2.3333333333333335,0.0,0.0,0.0,0.0,0.0,0.3333333333333333,0.3333333333333333,0.0,0.3333333333333333,0.0,0.0,0.0
4897575,Kezza Giffa,2272,High Point Panthers,Guard,168.0,32,75,9,29,26,27,2,17,19,11,1,1,15,12,99,5,Big South,0.4266666666666667,0.3103448275862069,0.9629629629629629,0.4866666666666667,33.6,6.4,15.0,1.8,5.8,0.4,3.4,3.8,2.2,0.2,0.2,3.0,19.8
4897577,Kevin Kalu,2638,UTEP Miners,Forward,42.0,3,7,0,0,1,1,4,2,6,0,0,0,5,7,7,3,Conference USA,0.42857142857142855,,1.0,0.42857142857142855,14.0,1.0,2.3333333333333335,0.0,0.0,1.3333333333333333,0.6666666666666666,2.0,0.0,0.0,0.0,1.6666666666666667,2.3333333333333335
4897578,Jorell Saterfield,2502,Portland State Vikings,Guard,28.0,7,12,2,5,3,5,1,3,4,0,1,0,1,5,19,1,Big Sky,0.5833333333333334,0.4,0.6,0.6666666666666666,28.0,7.0,12.0,2.0,5.0,1.0,3.0,4.0,0.0,1.0,0.0,1.0,19.0
4897579,Trae Benham,2272,High Point Panthers,Guard,136.0,8,26,4,20,0,0,8,20,28,5,3,0,1,6,20,5,Big South,0.3076923076923077,0.2,,0.38461538461538464,27.2,1.6,5.2,0.8,4.0,1.6,4.0,5.6,1.0,0.6,0.0,0.2,4.0
4897581,Quincy Clark,55,Jacksonville State Gamecocks,Guard,25.0,1,7,0,2,0,0,1,2,3,8,0,1,1,1,2,1,Conference USA,0.14285714285714285,0.0,,0.14285714285714285,25.0,1.0,7.0,0.0,2.0,1.0,2.0,3.0,8.0,0.0,1.0,1.0,2.0
4897604,Daniel Ortiz,5,UAB Blazers,Guard,59.0,7,19,5,14,2,3,0,6,6,4,1,0,0,2,21,4,American,0.3684210526315789,0.35714285714285715,0.6666666666666666,0.5,14.75,1.75,4.75,1.25,3.5,0.0,1.5,1.5,1.0,0.25,0.0,0.0,5.25
4897608,Damian Forrest,2453,North Alabama Lions,Forward,63.0,12,15,0,0,6,8,7,12,19,1,2,3,3,5,30,2,ASUN,0.8,,0.75,0.8,31.5,6.0,7.5,0.0,0.0,3.5,6.0,9.5,0.5,1.0,1.5,1.5,15.0
4897614,Jarius Hicklen,197,Oklahoma State Cowboys,Guard,29.0,3,5,3,5,0,0,0,1,1,1,0,1,2,0,9,1,Big 12,0.6,0.6,,0.9,29.0,3.0,5.0,3.0,5.0,0.0,1.0,1.0,1.0,0.0,1.0,2.0,9.0
4897617,Tasos Cook,2097,Campbell Fighting Camels,Guard,7.0,0,0,0,0,2,2,0,0,0,0,1,0,1,0,2,1,Coastal,,,1.0,,7.0,0.0,0.0,0.0,0.0,0.0,0.0,0.0,0.0,1.0,0.0,1.0,2.0
4897618,Aubin Gateretse,56,Stetson Hatters,Center,113.0,20,28,0,0,22,35,9,16,25,1,2,9,6,15,62,4,ASUN,0.7142857142857143,,0.6285714285714286,0.7142857142857143,28.25,5.0,7.0,0.0,0.0,2.25,4.0,6.25,0.25,0.5,2.25,1.5,15.5
4897626,Julien Soumaoro,2241,Gardner-Webb Runnin' Bulldogs,Guard,76.0,4,15,2,9,5,5,0,9,9,5,3,0,7,4,15,2,Big South,0.26666666666666666,0.2222222222222222,1.0,0.3333333333333333,38.0,2.0,7.5,1.0,4.5,0.0,4.5,4.5,2.5,1.5,0.0,3.5,7.5
4897627,Brendan Mykalcio,2241,Gardner-Webb Runnin' Bulldogs,Guard,26.0,3,8,0,2,0,0,1,5,6,0,2,2,0,3,6,2,Big South,0.375,0.0,,0.375,13.0,1.5,4.0,0.0,1.0,0.5,2.5,3.0,0.0,1.0,1.0,0.0,3.0
4897628,Ademide Badmus,2241,Gardner-Webb Runnin' Bulldogs,Forward,55.0,5,13,0,0,3,9,2,6,8,1,0,1,3,4,13,2,Big South,0.38461538461538464,,0.3333333333333333,0.38461538461538464,27.5,2.5,6.5,0.0,0.0,1.0,3.0,4.0,0.5,0.0,0.5,1.5,6.5
4897636,Jaylani Darden,2450,Norfolk State Spartans,Guard,120.0,11,19,1,8,3,3,6,15,21,15,8,1,5,5,26,4,MEAC,0.5789473684210527,0.125,1.0,0.6052631578947368,30.0,2.75,4.75,0.25,2.0,1.5,3.75,5.25,3.75,2.0,0.25,1.25,6.5
4897637,Trey Hicks,2344,Longwood Lancers,Forward,7.0,1,3,0,0,0,0,0,2,2,0,0,0,1,2,2,1,Big South,0.3333333333333333,,,0.3333333333333333,7.0,1.0,3.0,0.0,0.0,0.0,2.0,2.0,0.0,0.0,0.0,1.0,2.0
4897639,Kyle Duke,2448,North Carolina A&T Aggies,Guard,7.0,0,0,0,0,0,0,0,2,2,0,0,0,0,0,0,1,Coastal,,,,,7.0,0.0,0.0,0.0,0.0,0.0,2.0,2.0,0.0,0.0,0.0,0.0,0.0
4897641,Marquis Barnett,2506,Presbyterian Blue Hose,Guard,14.0,0,4,0,0,1,2,1,1,2,0,0,1,0,1,1,1,Big South,0.0,,0.5,0.0,14.0,0.0,4.0,0.0,0.0,1.0,1.0,2.0,0.0,0.0,1.0,0.0,1.0
4897648,Jalen Breazeale,2908,South Carolina Upstate Spartans,Guard,34.0,5,10,3,5,6,7,1,4,5,6,2,0,2,1,19,1,Big South,0.5,0.6,0.8571428571428571,0.65,34.0,5.0,10.0,3.0,5.0,1.0,4.0,5.0,6.0,2.0,0.0,2.0,19.0
4897649,Jordan Gainey,2633,Tennessee Volunteers,Guard,82.0,9,21,5,15,3,4,1,3,4,4,4,2,4,6,26,5,SEC,0.42857142857142855,0.3333333333333333,0.75,0.5476190476190477,16.4,1.8,4.2,1.0,3.0,0.2,0.6,0.8,0.8,0.8,0.4,0.8,5.2
4897650,Nick Alves,2908,South Carolina Upstate Spartans,Guard,20.0,0,2,0,1,1,2,0,3,3,0,1,3,2,3,1,1,Big South,0.0,0.0,0.5,0.0,20.0,0.0,2.0,0.0,1.0,0.0,3.0,3.0,0.0,1.0,3.0,2.0,1.0
4897653,Dalph Panopio,2934,Cal State Bakersfield Roadrunners,Guard,2.0,0,1,0,1,0,0,0,0,0,0,0,0,0,1,0,1,Big West,0.0,0.0,,0.0,2.0,0.0,1.0,0.0,1.0,0.0,0.0,0.0,0.0,0.0,0.0,0.0,0.0
4897654,Kaleb Higgins,2934,Cal State Bakersfield Roadrunners,Guard,33.0,15,24,3,6,2,3,1,3,4,5,1,0,1,4,35,1,Big West,0.625,0.5,0.6666666666666666,0.6875,33.0,15.0,24.0,3.0,6.0,1.0,3.0,4.0,5.0,1.0,0.0,1.0,35.0
4897656,Ivan Reynolds,55,Jacksonville State Gamecocks,Guard,32.0,4,8,0,1,0,2,0,2,2,2,1,0,0,0,8,1,Conference USA,0.5,0.0,0.0,0.5,32.0,4.0,8.0,0.0,1.0,0.0,2.0,2.0,2.0,1.0,0.0,0.0,8.0
4897668,AJ George,299,Long Beach State Beach,Guard,122.0,21,43,4,13,7,13,4,12,16,9,0,2,4,6,53,4,Big West,0.4883720930232558,0.3076923076923077,0.5384615384615384,0.5348837209302325,30.5,5.25,10.75,1.0,3.25,1.0,3.0,4.0,2.25,0.0,0.5,1.0,13.25
4897670,Aboubacar Traore,299,Long Beach State Beach,Forward,140.0,13,38,0,2,27,33,13,34,47,30,2,2,11,10,53,4,Big West,0.34210526315789475,0.0,0.8181818181818182,0.34210526315789475,35.0,3.25,9.5,0.0,0.5,3.25,8.5,11.75,7.5,0.5,0.5,2.75,13.25
4897671,A.J. Neal,2130,Chicago State Cougars,Guard,52.0,7,20,1,9,5,6,2,2,4,7,1,0,0,3,20,2,Division I Independents,0.35,0.1111111111111111,0.8333333333333334,0.375,26.0,3.5,10.0,0.5,4.5,1.0,1.0,2.0,3.5,0.5,0.0,0.0,10.0
4897673,Leo DeBruhl,302,UC Davis Aggies,Guard,26.0,3,7,0,1,0,0,2,4,6,2,0,0,3,4,6,2,Big West,0.42857142857142855,0.0,,0.42857142857142855,13.0,1.5,3.5,0.0,0.5,1.0,2.0,3.0,1.0,0.0,0.0,1.5,3.0
4897674,Sione Lose,302,UC Davis Aggies,Guard,7.0,0,0,0,0,0,0,0,0,0,0,1,0,0,2,0,2,Big West,,,,,3.5,0.0,0.0,0.0,0.0,0.0,0.0,0.0,0.0,0.5,0.0,0.0,0.0
4897676,Bent Leuchten,300,UC Irvine Anteaters,Center,52.0,9,17,0,3,5,6,3,12,15,4,1,0,3,3,23,2,Big West,0.5294117647058824,0.0,0.8333333333333334,0.5294117647058824,26.0,4.5,8.5,0.0,1.5,1.5,6.0,7.5,2.0,0.5,0.0,1.5,11.5
4897677,Langston Redfield,300,UC Irvine Anteaters,Guard,12.0,2,2,0,0,0,0,1,0,1,0,0,0,1,1,4,2,Big West,1.0,,,1.0,6.0,1.0,1.0,0.0,0.0,0.5,0.0,0.5,0.0,0.0,0.0,0.5,2.0
4897679,Kobe Jerome,48,Delaware Blue Hens,Guard,31.0,2,8,1,5,0,1,2,2,4,3,0,0,2,1,5,2,Coastal,0.25,0.2,0.0,0.3125,15.5,1.0,4.0,0.5,2.5,1.0,1.0,2.0,1.5,0.0,0.0,1.0,2.5
4897681,Jhaylon Martinez,27,UC Riverside Highlanders,Center,9.0,0,2,0,1,0,0,1,2,3,0,0,0,0,0,0,2,Big West,0.0,0.0,,0.0,4.5,0.0,1.0,0.0,0.5,0.5,1.0,1.5,0.0,0.0,0.0,0.0,0.0
4897682,Niyi Olabode,27,UC Riverside Highlanders,Guard,44.0,3,7,3,7,3,4,1,6,7,0,5,0,2,0,12,2,Big West,0.42857142857142855,0.42857142857142855,0.75,0.6428571428571429,22.0,1.5,3.5,1.5,3.5,0.5,3.0,3.5,0.0,2.5,0.0,1.0,6.0
4897686,Francis Nwaokorie,28,UC San Diego Tritons,Forward,30.0,3,6,1,2,2,4,2,4,6,3,1,0,2,3,9,1,Big West,0.5,0.5,0.5,0.5833333333333334,30.0,3.0,6.0,1.0,2.0,2.0,4.0,6.0,3.0,1.0,0.0,2.0,9.0
4897692,Christian Tucker,2636,UTSA Roadrunners,Guard,36.0,5,11,1,5,4,4,0,1,1,4,0,1,1,3,15,1,American,0.45454545454545453,0.2,1.0,0.5,36.0,5.0,11.0,1.0,5.0,0.0,1.0,1.0,4.0,0.0,1.0,1.0,15.0
4897693,Darrius Miles,250,UT Arlington Mavericks,Center,3.0,0,0,0,0,0,0,0,0,0,0,0,0,0,0,0,1,United Athletic,,,,,3.0,0.0,0.0,0.0,0.0,0.0,0.0,0.0,0.0,0.0,0.0,0.0,0.0
4897694,Tyler Olden,98,Western Kentucky Hilltoppers,Guard,5.0,1,4,1,3,0,0,0,1,1,0,0,0,0,0,3,3,Conference USA,0.25,0.3333333333333333,,0.375,1.6666666666666667,0.3333333333333333,1.3333333333333333,0.3333333333333333,1.0,0.0,0.3333333333333333,0.3333333333333333,0.0,0.0,0.0,0.0,1.0
4897696,Jamarion Sharp,145,Ole Miss Rebels,Forward,12.0,1,2,0,0,0,0,2,2,4,0,0,4,0,4,2,1,SEC,0.5,,,0.5,12.0,1.0,2.0,0.0,0.0,2.0,2.0,4.0,0.0,0.0,4.0,0.0,2.0
4897697,Sam Sherry,2210,Elon Phoenix,Forward,30.0,6,12,0,1,2,6,3,7,10,1,1,3,0,3,14,1,Coastal,0.5,0.0,0.3333333333333333,0.5,30.0,6.0,12.0,0.0,1.0,3.0,7.0,10.0,1.0,1.0,3.0,0.0,14.0
4897701,Amar'e Marshall,399,UAlbany Great Danes,Guard,38.0,6,15,1,3,0,0,1,5,6,6,0,1,2,2,13,1,America East,0.4,0.3333333333333333,,0.43333333333333335,38.0,6.0,15.0,1.0,3.0,1.0,5.0,6.0,6.0,0.0,1.0,2.0,13.0
4897703,Devon Savage,2771,Merrimack Warriors,Guard,90.0,11,31,6,24,2,2,6,7,13,0,2,1,5,4,30,3,Northeast,0.3548387096774194,0.25,1.0,0.45161290322580644,30.0,3.6666666666666665,10.333333333333334,2.0,8.0,2.0,2.3333333333333335,4.333333333333333,0.0,0.6666666666666666,0.3333333333333333,1.6666666666666667,10.0
4897704,Jaylen Stinson,2771,Merrimack Warriors,Guard,18.0,0,2,0,2,0,0,0,0,0,1,0,0,3,4,0,3,Northeast,0.0,0.0,,0.0,6.0,0.0,0.6666666666666666,0.0,0.6666666666666666,0.0,0.0,0.0,0.3333333333333333,0.0,0.0,1.0,0.0
4897706,Shane Feden,256,James Madison Dukes,Forward,1.0,0,0,0,0,0,0,0,0,0,0,0,0,0,0,0,1,Sun Belt,,,,,1.0,0.0,0.0,0.0,0.0,0.0,0.0,0.0,0.0,0.0,0.0,0.0,0.0
4897708,Maximus Edwards,45,George Washington Revolutionaries,Guard,30.0,4,9,2,4,0,0,0,9,9,2,0,0,1,1,10,1,Atlantic 10,0.4444444444444444,0.5,,0.5555555555555556,30.0,4.0,9.0,2.0,4.0,0.0,9.0,9.0,2.0,0.0,0.0,1.0,10.0
4897711,Tyler Coleman,119,Towson Tigers,Forward,6.0,2,3,0,0,0,0,3,0,3,0,0,0,0,0,4,1,Coastal,0.6666666666666666,,,0.6666666666666666,6.0,2.0,3.0,0.0,0.0,3.0,0.0,3.0,0.0,0.0,0.0,0.0,4.0
4897713,Jamarii Thomas,2450,Norfolk State Spartans,Guard,86.0,9,32,3,12,12,16,1,6,7,12,9,0,6,6,33,3,MEAC,0.28125,0.25,0.75,0.328125,28.666666666666668,3.0,10.666666666666666,1.0,4.0,0.3333333333333333,2.0,2.3333333333333335,4.0,3.0,0.0,2.0,11.0
4897714,Trazarien White,350,UNC Wilmington Seahawks,Forward,35.0,7,14,3,3,7,12,1,1,2,0,1,0,4,3,24,1,Coastal,0.5,1.0,0.5833333333333334,0.6071428571428571,35.0,7.0,14.0,3.0,3.0,1.0,1.0,2.0,0.0,1.0,0.0,4.0,24.0
4897715,Khamari McGriff,350,UNC Wilmington Seahawks,Forward,23.0,1,2,0,0,2,2,0,0,0,0,1,1,0,3,4,1,Coastal,0.5,,1.0,0.5,23.0,1.0,2.0,0.0,0.0,0.0,0.0,0.0,0.0,1.0,1.0,0.0,4.0
4897718,Tyler Rice,2193,East Tennessee State Buccaneers,Guard,39.0,7,13,3,6,2,2,0,7,7,2,0,0,3,1,19,4,Southern,0.5384615384615384,0.5,1.0,0.6538461538461539,9.75,1.75,3.25,0.75,1.5,0.0,1.75,1.75,0.5,0.0,0.0,0.75,4.75
4897723,Kamari McGee,275,Wisconsin Badgers,Guard,64.0,5,11,0,3,1,5,1,5,6,3,1,1,2,10,11,5,Big Ten,0.45454545454545453,0.0,0.2,0.45454545454545453,12.8,1.0,2.2,0.0,0.6,0.2,1.0,1.2,0.6,0.2,0.2,0.4,2.2
4897725,Randy Tucker,315,Niagara Purple Eagles,Guard,9.0,0,1,0,1,0,0,0,2,2,0,0,0,0,2,0,2,MAAC,0.0,0.0,,0.0,4.5,0.0,0.5,0.0,0.5,0.0,1.0,1.0,0.0,0.0,0.0,0.0,0.0
4897745,Akol Mawein,16,Sacramento State Hornets,Forward,83.0,16,28,3,4,14,17,4,6,10,4,2,0,4,6,49,3,Big Sky,0.5714285714285714,0.75,0.8235294117647058,0.625,27.666666666666668,5.333333333333333,9.333333333333334,1.0,1.3333333333333333,1.3333333333333333,2.0,3.3333333333333335,1.3333333333333333,0.6666666666666666,0.0,1.3333333333333333,16.333333333333332
4897753,Souleymane Doumbia,2534,Sam Houston Bearkats,Forward,38.0,6,10,0,0,1,3,3,10,13,1,5,3,4,2,13,2,Conference USA,0.6,,0.3333333333333333,0.6,19.0,3.0,5.0,0.0,0.0,1.5,5.0,6.5,0.5,2.5,1.5,2.0,6.5
4897755,Greg Spurlock,2154,Coppin State Eagles,Guard,35.0,5,10,0,5,0,0,1,1,2,1,2,1,2,1,10,1,MEAC,0.5,0.0,,0.5,35.0,5.0,10.0,0.0,5.0,1.0,1.0,2.0,1.0,2.0,1.0,2.0,10.0
4897762,Khyrie Staten,2169,Delaware State Hornets,Guard,42.0,6,12,0,1,1,2,2,3,5,4,9,0,2,3,13,3,MEAC,0.5,0.0,0.5,0.5,14.0,2.0,4.0,0.0,0.3333333333333333,0.6666666666666666,1.0,1.6666666666666667,1.3333333333333333,3.0,0.0,0.6666666666666666,4.333333333333333
4897766,Elijah Hawkins,135,Minnesota Golden Gophers,Guard,97.0,10,22,5,12,6,7,2,9,11,23,4,1,7,6,31,3,Big Ten,0.45454545454545453,0.4166666666666667,0.8571428571428571,0.5681818181818182,32.333333333333336,3.3333333333333335,7.333333333333333,1.6666666666666667,4.0,0.6666666666666666,3.0,3.6666666666666665,7.666666666666667,1.3333333333333333,0.3333333333333333,2.3333333333333335,10.333333333333334
4897768,Bryce Harris,47,Howard Bison,Guard,151.0,24,53,0,7,28,39,9,19,28,8,5,9,9,9,76,4,MEAC,0.4528301886792453,0.0,0.717948717948718,0.4528301886792453,37.75,6.0,13.25,0.0,1.75,2.25,4.75,7.0,2.0,1.25,2.25,2.25,19.0
4897769,Miles Stewart,47,Howard Bison,Forward,3.0,0,0,0,0,0,0,0,1,1,0,0,0,0,0,0,2,MEAC,,,,,1.5,0.0,0.0,0.0,0.0,0.0,0.5,0.5,0.0,0.0,0.0,0.0,0.0
4897770,Ayodele Taiwo,47,Howard Bison,Forward,2.0,0,1,0,0,0,0,0,0,0,0,1,0,0,0,0,1,MEAC,0.0,,,0.0,2.0,0.0,1.0,0.0,0.0,0.0,0.0,0.0,0.0,1.0,0.0,0.0,0.0
4897773,Kehlin Farooq,2640,Texas Southern Tigers,Guard,25.0,2,3,0,1,0,0,0,2,2,0,2,0,1,2,4,1,SWAC,0.6666666666666666,0.0,,0.6666666666666666,25.0,2.0,3.0,0.0,1.0,0.0,2.0,2.0,0.0,2.0,0.0,1.0,4.0
4897774,Davon Barnes,2534,Sam Houston Bearkats,Guard,63.0,7,22,3,8,6,7,0,6,6,2,2,0,3,7,23,2,Conference USA,0.3181818181818182,0.375,0.8571428571428571,0.38636363636363635,31.5,3.5,11.0,1.5,4.0,0.0,3.0,3.0,1.0,1.0,0.0,1.5,11.5
4897776,KJ Allen,2502,Portland State Vikings,Forward,29.0,12,20,3,5,1,3,5,10,15,0,0,0,1,3,28,1,Big Sky,0.6,0.6,0.3333333333333333,0.675,29.0,12.0,20.0,3.0,5.0,5.0,10.0,15.0,0.0,0.0,0.0,1.0,28.0
4897777,James Okonkwo,153,North Carolina Tar Heels,Forward,5.0,1,1,0,0,0,0,0,0,0,0,0,0,0,1,2,3,ACC,1.0,,,1.0,1.6666666666666667,0.3333333333333333,0.3333333333333333,0.0,0.0,0.0,0.0,0.0,0.0,0.0,0.0,0.0,0.6666666666666666
4897812,Jeremiah Kendall,2016,Alcorn State Braves,Forward,31.0,3,11,0,0,5,6,2,6,8,3,1,0,0,2,11,1,SWAC,0.2727272727272727,,0.8333333333333334,0.2727272727272727,31.0,3.0,11.0,0.0,0.0,2.0,6.0,8.0,3.0,1.0,0.0,0.0,11.0
4897848,Malik Lamin,2755,Grambling Tigers,Forward,16.0,1,1,0,0,0,0,0,1,1,2,0,2,0,4,2,1,SWAC,1.0,,,1.0,16.0,1.0,1.0,0.0,0.0,0.0,1.0,1.0,2.0,0.0,2.0,0.0,2.0
4897852,Ethan Price,331,Eastern Washington Eagles,Forward,34.0,4,8,2,5,1,2,0,6,6,3,1,1,1,4,11,1,Big Sky,0.5,0.4,0.5,0.625,34.0,4.0,8.0,2.0,5.0,0.0,6.0,6.0,3.0,1.0,1.0,1.0,11.0
4897857,Casey Jones,331,Eastern Washington Eagles,Forward,30.0,2,4,0,0,10,12,0,4,4,3,2,0,4,2,14,1,Big Sky,0.5,,0.8333333333333334,0.5,30.0,2.0,4.0,0.0,0.0,0.0,4.0,4.0,3.0,2.0,0.0,4.0,14.0
4897859,Makai Richards,279,Pacific Tigers,Forward,11.0,2,2,0,0,0,0,0,1,1,0,0,0,1,1,4,1,West Coast,1.0,,,1.0,11.0,2.0,2.0,0.0,0.0,0.0,1.0,1.0,0.0,0.0,0.0,1.0,4.0
4897874,Darrell Reed,2011,Alabama State Hornets,Forward,11.0,1,2,0,0,0,0,1,0,1,0,0,3,1,1,2,1,SWAC,0.5,,,0.5,11.0,1.0,2.0,0.0,0.0,1.0,0.0,1.0,0.0,0.0,3.0,1.0,2.0
4897877,Yusef Salih,82,UIC Flames,Guard,4.0,0,1,0,1,0,0,0,0,0,0,1,0,0,0,0,1,Missouri Valley,0.0,0.0,,0.0,4.0,0.0,1.0,0.0,1.0,0.0,0.0,0.0,0.0,1.0,0.0,0.0,0.0
4897882,Mac MacDonald,2426,Navy Midshipmen,Guard,37.0,7,13,3,7,0,0,0,0,0,0,0,0,3,2,17,2,Patriot League,0.5384615384615384,0.42857142857142855,,0.6538461538461539,18.5,3.5,6.5,1.5,3.5,0.0,0.0,0.0,0.0,0.0,0.0,1.5,8.5
4897885,Mitch Fischer,2426,Navy Midshipmen,Forward,10.0,1,4,0,2,0,0,0,0,0,0,0,0,0,3,2,2,Patriot League,0.25,0.0,,0.25,5.0,0.5,2.0,0.0,1.0,0.0,0.0,0.0,0.0,0.0,0.0,0.0,1.0
4897890,Milos Ilic,2352,Loyola Maryland Greyhounds,Forward,18.0,0,2,0,1,0,0,0,6,6,0,1,1,0,4,0,1,Patriot League,0.0,0.0,,0.0,18.0,0.0,2.0,0.0,1.0,0.0,6.0,6.0,0.0,1.0,1.0,0.0,0.0
4897893,David Brown III,2352,Loyola Maryland Greyhounds,Guard,22.0,2,8,1,5,0,0,3,0,3,0,0,0,0,1,5,1,Patriot League,0.25,0.2,,0.3125,22.0,2.0,8.0,1.0,5.0,3.0,0.0,3.0,0.0,0.0,0.0,0.0,5.0
4897894,Keith Higgins Jr.,2329,Lehigh Mountain Hawks,Guard,73.0,8,25,3,13,4,5,1,4,5,10,6,1,3,7,23,3,Patriot League,0.32,0.23076923076923078,0.8,0.38,24.333333333333332,2.6666666666666665,8.333333333333334,1.0,4.333333333333333,0.3333333333333333,1.3333333333333333,1.6666666666666667,3.3333333333333335,2.0,0.3333333333333333,1.0,7.666666666666667
4897895,Burke Chebuhar,2329,Lehigh Mountain Hawks,Forward,95.0,13,27,7,16,0,0,1,22,23,10,3,0,0,6,33,3,Patriot League,0.48148148148148145,0.4375,,0.6111111111111112,31.666666666666668,4.333333333333333,9.0,2.3333333333333335,5.333333333333333,0.3333333333333333,7.333333333333333,7.666666666666667,3.3333333333333335,1.0,0.0,0.0,11.0
4897896,Ben Knostman,2329,Lehigh Mountain Hawks,Guard,30.0,2,9,0,6,0,0,0,5,5,1,1,0,3,3,4,3,Patriot League,0.2222222222222222,0.0,,0.2222222222222222,10.0,0.6666666666666666,3.0,0.0,2.0,0.0,1.6666666666666667,1.6666666666666667,0.3333333333333333,0.3333333333333333,0.0,1.0,1.3333333333333333
4897897,AJ Burgin,304,Idaho State Bengals,Guard,46.0,3,8,2,5,0,0,3,4,7,0,0,0,0,10,8,3,Big Sky,0.375,0.4,,0.5,15.333333333333334,1.0,2.6666666666666665,0.6666666666666666,1.6666666666666667,1.0,1.3333333333333333,2.3333333333333335,0.0,0.0,0.0,0.0,2.6666666666666665
4897898,Pablo Tamba,302,UC Davis Aggies,Forward,31.0,2,5,0,1,2,4,2,3,5,2,1,0,1,3,6,2,Big West,0.4,0.0,0.5,0.4,15.5,1.0,2.5,0.0,0.5,1.0,1.5,2.5,1.0,0.5,0.0,0.5,3.0
4897901,CJ Fulton,232,Charleston Cougars,Guard,88.0,4,15,3,11,2,3,2,10,12,18,3,0,9,0,13,4,Coastal,0.26666666666666666,0.2727272727272727,0.6666666666666666,0.36666666666666664,22.0,1.0,3.75,0.75,2.75,0.5,2.5,3.0,4.5,0.75,0.0,2.25,3.25
4897902,Devin Hines,322,Lafayette Leopards,Guard,32.0,3,8,2,7,1,4,1,4,5,1,0,1,2,3,9,1,Patriot League,0.375,0.2857142857142857,0.25,0.5,32.0,3.0,8.0,2.0,7.0,1.0,4.0,5.0,1.0,0.0,1.0,2.0,9.0
4897903,Chris Rubayo,322,Lafayette Leopards,Forward,10.0,1,5,0,0,0,0,0,0,0,0,0,0,1,1,2,1,Patriot League,0.2,,,0.2,10.0,1.0,5.0,0.0,0.0,0.0,0.0,0.0,0.0,0.0,0.0,1.0,2.0
4897904,Kyrell Luc,179,St. Bonaventure Bonnies,Guard,2.0,0,0,0,0,0,0,0,0,0,0,0,0,0,0,0,1,Atlantic 10,,,,,2.0,0.0,0.0,0.0,0.0,0.0,0.0,0.0,0.0,0.0,0.0,0.0,0.0
4897907,Caleb Kenney,107,Holy Cross Crusaders,Forward,68.0,11,16,0,0,4,4,3,9,12,3,1,5,2,4,26,2,Patriot League,0.6875,,1.0,0.6875,34.0,5.5,8.0,0.0,0.0,1.5,4.5,6.0,1.5,0.5,2.5,1.0,13.0
4897909,Nicolas Louis-Jacques,2142,Colgate Raiders,Guard,58.0,4,11,2,9,4,5,0,4,4,4,2,0,5,5,14,4,Patriot League,0.36363636363636365,0.2222222222222222,0.8,0.45454545454545453,14.5,1.0,2.75,0.5,2.25,0.0,1.0,1.0,1.0,0.5,0.0,1.25,3.5
4897910,Ian Motta,2083,Bucknell Bison,Forward,28.0,3,6,2,4,4,4,2,5,7,0,0,0,1,3,12,2,Patriot League,0.5,0.5,1.0,0.6666666666666666,14.0,1.5,3.0,1.0,2.0,1.0,2.5,3.5,0.0,0.0,0.0,0.5,6.0
4897911,Elvin Edmonds IV,2083,Bucknell Bison,Guard,74.0,6,18,1,6,5,6,0,6,6,8,1,0,3,3,18,2,Patriot League,0.3333333333333333,0.16666666666666666,0.8333333333333334,0.3611111111111111,37.0,3.0,9.0,0.5,3.0,0.0,3.0,3.0,4.0,0.5,0.0,1.5,9.0
4897913,Josh Bascoe,2083,Bucknell Bison,Guard,65.0,6,15,3,8,2,2,1,3,4,2,1,0,4,7,17,2,Patriot League,0.4,0.375,1.0,0.5,32.5,3.0,7.5,1.5,4.0,0.5,1.5,2.0,1.0,0.5,0.0,2.0,8.5
4897921,Great Osobor,328,Utah State Aggies,Forward,139.0,24,39,0,3,27,43,9,26,35,9,6,4,8,13,75,4,Mountain West,0.6153846153846154,0.0,0.627906976744186,0.6153846153846154,34.75,6.0,9.75,0.0,0.75,2.25,6.5,8.75,2.25,1.5,1.0,2.0,18.75
4897926,Sam Lecholat,147,Montana State Bobcats,Forward,117.0,10,17,6,12,5,7,8,18,26,5,3,6,5,9,31,4,Big Sky,0.5882352941176471,0.5,0.7142857142857143,0.7647058823529411,29.25,2.5,4.25,1.5,3.0,2.0,4.5,6.5,1.25,0.75,1.5,1.25,7.75
4897929,Isaiah Caldwell,349,Army Black Knights,Guard,9.0,1,3,0,0,0,0,1,1,2,0,1,0,0,3,2,1,Patriot League,0.3333333333333333,,,0.3333333333333333,9.0,1.0,3.0,0.0,0.0,1.0,1.0,2.0,0.0,1.0,0.0,0.0,2.0
4897933,TJ Small,349,Army Black Knights,Guard,33.0,2,11,2,10,3,3,0,0,0,2,0,1,0,1,9,1,Patriot League,0.18181818181818182,0.2,1.0,0.2727272727272727,33.0,2.0,11.0,2.0,10.0,0.0,0.0,0.0,2.0,0.0,1.0,0.0,9.0
4897936,Jayden Jackson,2464,Northern Arizona Lumberjacks,Guard,38.0,8,12,0,0,0,0,1,2,3,2,0,0,3,4,16,1,Big Sky,0.6666666666666666,,,0.6666666666666666,38.0,8.0,12.0,0.0,0.0,1.0,2.0,3.0,2.0,0.0,0.0,3.0,16.0
4897938,Diego Campisano,2464,Northern Arizona Lumberjacks,Forward,24.0,4,7,2,5,0,0,0,2,2,0,0,0,0,3,10,1,Big Sky,0.5714285714285714,0.4,,0.7142857142857143,24.0,4.0,7.0,2.0,5.0,0.0,2.0,2.0,0.0,0.0,0.0,0.0,10.0
4897943,Dalton Knecht,2633,Tennessee Volunteers,Guard,176.0,39,102,16,44,24,28,5,22,27,9,3,1,11,5,118,5,SEC,0.38235294117647056,0.36363636363636365,0.8571428571428571,0.46078431372549017,35.2,7.8,20.4,3.2,8.8,1.0,4.4,5.4,1.8,0.6,0.2,2.2,23.6
4897944,Zach Bloch,2458,Northern Colorado Bears,Guard,42.0,1,9,0,8,0,0,0,5,5,0,1,0,2,6,2,2,Big Sky,0.1111111111111111,0.0,,0.1111111111111111,21.0,0.5,4.5,0.0,4.0,0.0,2.5,2.5,0.0,0.5,0.0,1.0,1.0
4897949,Mason Whittaker,44,American University Eagles,Forward,2.0,0,0,0,0,0,0,0,0,0,0,0,0,0,2,0,1,Patriot League,,,,,2.0,0.0,0.0,0.0,0.0,0.0,0.0,0.0,0.0,0.0,0.0,0.0,0.0
4897957,Theo Seng,2653,Troy Trojans,Forward,17.0,0,2,0,0,0,0,3,0,3,0,1,0,2,1,0,1,Sun Belt,0.0,,,0.0,17.0,0.0,2.0,0.0,0.0,3.0,0.0,3.0,0.0,1.0,0.0,2.0,0.0
4897958,Tedrick Wilcox,2261,Hampton Pirates,Guard,57.0,6,20,1,5,3,4,1,4,5,1,2,0,3,5,16,2,Coastal,0.3,0.2,0.75,0.325,28.5,3.0,10.0,0.5,2.5,0.5,2.0,2.5,0.5,1.0,0.0,1.5,8.0
4897975,Jaylin Gibson,2197,Eastern Illinois Panthers,Guard,12.0,1,5,1,2,0,0,0,3,3,0,1,0,0,1,3,1,Ohio Valley,0.2,0.5,,0.3,12.0,1.0,5.0,1.0,2.0,0.0,3.0,3.0,0.0,1.0,0.0,0.0,3.0
4897976,Dola Adebayo,116,Mount St. Mary's Mountaineers,Forward,20.0,1,3,0,1,0,0,0,0,0,2,0,0,1,0,2,1,MAAC,0.3333333333333333,0.0,,0.3333333333333333,20.0,1.0,3.0,0.0,1.0,0.0,0.0,0.0,2.0,0.0,0.0,1.0,2.0
4897981,Alex Tew,2692,Weber State Wildcats,Center,24.0,4,8,0,0,0,0,3,3,6,1,1,1,1,3,8,1,Big Sky,0.5,,,0.5,24.0,4.0,8.0,0.0,0.0,3.0,3.0,6.0,1.0,1.0,1.0,1.0,8.0
4897987,Andre Washington,112358,Long Island University Sharks,Guard,30.0,6,9,1,1,5,5,2,0,2,0,2,0,1,3,18,1,Northeast,0.6666666666666666,1.0,1.0,0.7222222222222222,30.0,6.0,9.0,1.0,1.0,2.0,0.0,2.0,0.0,2.0,0.0,1.0,18.0
4897990,Quion Burns,311,Maine Black Bears,Guard,20.0,4,11,1,4,0,0,0,2,2,0,0,1,0,2,9,1,America East,0.36363636363636365,0.25,,0.4090909090909091,20.0,4.0,11.0,1.0,4.0,0.0,2.0,2.0,0.0,0.0,1.0,0.0,9.0
4897992,Tanahj Pettway,166,New Mexico State Aggies,Guard,27.0,6,10,2,4,2,3,1,7,8,0,1,0,0,2,16,1,Conference USA,0.6,0.5,0.6666666666666666,0.7,27.0,6.0,10.0,2.0,4.0,1.0,7.0,8.0,0.0,1.0,0.0,0.0,16.0
4897993,Antoine Jacks,2582,Southern Jaguars,Guard,12.0,0,1,0,0,0,0,0,0,0,1,0,0,0,1,0,1,SWAC,0.0,,,0.0,12.0,0.0,1.0,0.0,0.0,0.0,0.0,0.0,1.0,0.0,0.0,0.0,0.0
4897995,Ansley Almonor,161,Fairleigh Dickinson Knights,Forward,34.0,3,8,1,3,0,0,0,2,2,2,0,1,1,0,7,1,Northeast,0.375,0.3333333333333333,,0.4375,34.0,3.0,8.0,1.0,3.0,0.0,2.0,2.0,2.0,0.0,1.0,1.0,7.0
4897996,Sebastien Lamaute,161,Fairleigh Dickinson Knights,Guard,2.0,0,0,0,0,0,0,0,0,0,0,0,0,0,0,0,1,Northeast,,,,,2.0,0.0,0.0,0.0,0.0,0.0,0.0,0.0,0.0,0.0,0.0,0.0,0.0
4897999,Oscar Berry,2454,North Florida Ospreys,Guard,11.0,2,2,1,1,0,0,1,1,2,0,0,0,1,3,5,1,ASUN,1.0,1.0,,1.25,11.0,2.0,2.0,1.0,1.0,1.0,1.0,2.0,0.0,0.0,0.0,1.0,5.0
4898002,Yaw Obeng-Mensah,315,Niagara Purple Eagles,Forward,48.0,11,13,0,1,3,4,4,5,9,4,1,1,2,0,25,2,MAAC,0.8461538461538461,0.0,0.75,0.8461538461538461,24.0,5.5,6.5,0.0,0.5,2.0,2.5,4.5,2.0,0.5,0.5,1.0,12.5
4898006,Sam Alamutu,261,Vermont Catamounts,Guard,71.0,4,11,0,1,0,2,8,14,22,2,4,2,4,11,8,4,America East,0.36363636363636365,0.0,0.0,0.36363636363636365,17.75,1.0,2.75,0.0,0.25,2.0,3.5,5.5,0.5,1.0,0.5,1.0,2.0
4898007,Michel Ndayishimiye,261,Vermont Catamounts,Guard,1.0,0,1,0,1,0,0,0,0,0,0,0,0,0,0,0,1,America East,0.0,0.0,,0.0,1.0,0.0,1.0,0.0,1.0,0.0,0.0,0.0,0.0,0.0,0.0,0.0,0.0
4898008,Payton Sparks,84,Indiana Hoosiers,Forward,6.0,1,1,0,0,0,0,0,2,2,0,0,1,0,0,2,2,Big Ten,1.0,,,1.0,3.0,0.5,0.5,0.0,0.0,0.0,1.0,1.0,0.0,0.0,0.5,0.0,1.0
4898010,Jaylin Sellers,2116,UCF Knights,Guard,104.0,15,40,4,16,11,15,5,7,12,2,2,1,5,4,45,3,Big 12,0.375,0.25,0.7333333333333333,0.425,34.666666666666664,5.0,13.333333333333334,1.3333333333333333,5.333333333333333,1.6666666666666667,2.3333333333333335,4.0,0.6666666666666666,0.6666666666666666,0.3333333333333333,1.6666666666666667,15.0
4898109,Bobby Hurley,9,Arizona State Sun Devils,Guard,3.0,0,0,0,0,0,0,0,1,1,1,0,0,1,1,0,1,Pac-12,,,,,3.0,0.0,0.0,0.0,0.0,0.0,1.0,1.0,1.0,0.0,0.0,1.0,0.0
4898110,Enoch Boakye,278,Fresno State Bulldogs,Center,24.0,1,6,0,0,2,2,3,6,9,4,0,0,2,7,4,2,Mountain West,0.16666666666666666,,1.0,0.16666666666666666,12.0,0.5,3.0,0.0,0.0,1.5,3.0,4.5,2.0,0.0,0.0,1.0,2.0
4898111,Jeffrey Grace III,158,Nebraska Cornhuskers,Guard,3.0,0,1,0,1,0,0,0,0,0,0,0,0,0,1,0,3,Big Ten,0.0,0.0,,0.0,1.0,0.0,0.3333333333333333,0.0,0.3333333333333333,0.0,0.0,0.0,0.0,0.0,0.0,0.0,0.0
4898112,Jordan Williams,9,Arizona State Sun Devils,Guard,1.0,0,0,0,0,0,0,0,0,0,0,0,0,0,0,0,1,Pac-12,,,,,1.0,0.0,0.0,0.0,0.0,0.0,0.0,0.0,0.0,0.0,0.0,0.0,0.0
4898118,Isaac Johnson,328,Utah State Aggies,Center,83.0,12,25,5,13,9,9,4,10,14,3,1,4,1,11,38,4,Mountain West,0.48,0.38461538461538464,1.0,0.58,20.75,3.0,6.25,1.25,3.25,1.0,2.5,3.5,0.75,0.25,1.0,0.25,9.5
4898119,Dashawn Davis,344,Mississippi State Bulldogs,Guard,103.0,10,27,2,12,5,6,0,6,6,6,10,0,3,5,27,4,SEC,0.37037037037037035,0.16666666666666666,0.8333333333333334,0.4074074074074074,25.75,2.5,6.75,0.5,3.0,0.0,1.5,1.5,1.5,2.5,0.0,0.75,6.75
4898165,Imanuel Zorgvol,2754,Youngstown State Penguins,Center,3.0,1,1,0,0,0,0,1,0,1,1,0,0,0,0,2,1,Horizon,1.0,,,1.0,3.0,1.0,1.0,0.0,0.0,1.0,0.0,1.0,1.0,0.0,0.0,0.0,2.0
4898170,Osei Price,2473,Oakland Golden Grizzlies,Guard,24.0,2,6,1,3,0,0,1,4,5,2,1,0,1,3,5,3,Horizon,0.3333333333333333,0.3333333333333333,,0.4166666666666667,8.0,0.6666666666666666,2.0,0.3333333333333333,1.0,0.3333333333333333,1.3333333333333333,1.6666666666666667,0.6666666666666666,0.3333333333333333,0.0,0.3333333333333333,1.6666666666666667
4898186,Jace Carter,245,Texas A&M Aggies,Guard,102.0,10,21,4,10,4,8,6,12,18,3,5,0,5,10,28,5,SEC,0.47619047619047616,0.4,0.5,0.5714285714285714,20.4,2.0,4.2,0.8,2.0,1.2,2.4,3.6,0.6,1.0,0.0,1.0,5.6
4898187,Jaden Brownell,82,UIC Flames,Forward,30.0,5,7,3,5,0,0,2,4,6,1,1,0,1,7,13,2,Missouri Valley,0.7142857142857143,0.6,,0.9285714285714286,15.0,2.5,3.5,1.5,2.5,1.0,2.0,3.0,0.5,0.5,0.0,0.5,6.5
4898188,Filip Skobalj,82,UIC Flames,Forward,76.0,3,11,2,10,3,3,0,3,3,3,3,0,3,3,11,2,Missouri Valley,0.2727272727272727,0.2,1.0,0.36363636363636365,38.0,1.5,5.5,1.0,5.0,0.0,1.5,1.5,1.5,1.5,0.0,1.5,5.5
4898207,Lyndel Erold,225,Brown Bears,Guard,30.0,5,7,2,4,0,0,0,1,1,2,1,0,1,4,12,2,Ivy,0.7142857142857143,0.5,,0.8571428571428571,15.0,2.5,3.5,1.0,2.0,0.0,0.5,0.5,1.0,0.5,0.0,0.5,6.0
4898208,Kino Lilly Jr.,225,Brown Bears,Guard,78.0,16,30,6,16,10,12,0,5,5,13,0,0,2,4,48,2,Ivy,0.5333333333333333,0.375,0.8333333333333334,0.6333333333333333,39.0,8.0,15.0,3.0,8.0,0.0,2.5,2.5,6.5,0.0,0.0,1.0,24.0
4898209,Aaron Cooley,225,Brown Bears,Guard,18.0,0,4,0,1,0,0,1,4,5,1,0,0,1,3,0,2,Ivy,0.0,0.0,,0.0,9.0,0.0,2.0,0.0,0.5,0.5,2.0,2.5,0.5,0.0,0.0,0.5,0.0
4898210,Nana Owusu-Anane,225,Brown Bears,Forward,63.0,9,20,1,3,3,5,3,15,18,5,4,2,3,1,22,2,Ivy,0.45,0.3333333333333333,0.6,0.475,31.5,4.5,10.0,0.5,1.5,1.5,7.5,9.0,2.5,2.0,1.0,1.5,11.0
4898216,Ryan Kiachian,172,Cornell Big Red,Center,3.0,0,2,0,0,0,0,0,0,0,0,0,0,0,0,0,1,Ivy,0.0,,,0.0,3.0,0.0,2.0,0.0,0.0,0.0,0.0,0.0,0.0,0.0,0.0,0.0,0.0
4898217,Nazir Williams,172,Cornell Big Red,Guard,51.0,6,16,2,7,2,3,3,5,8,7,1,0,5,7,16,2,Ivy,0.375,0.2857142857142857,0.6666666666666666,0.4375,25.5,3.0,8.0,1.0,3.5,1.5,2.5,4.0,3.5,0.5,0.0,2.5,8.0
4898218,Guy Ragland Jr.,172,Cornell Big Red,Forward,40.0,8,19,4,13,2,2,2,9,11,3,2,1,2,8,22,2,Ivy,0.42105263157894735,0.3076923076923077,1.0,0.5263157894736842,20.0,4.0,9.5,2.0,6.5,1.0,4.5,5.5,1.5,1.0,0.5,1.0,11.0
4898221,Anderson Mirambeaux,193,Miami (OH) RedHawks,Center,27.0,7,16,2,6,1,3,0,4,4,1,1,0,0,3,17,1,Mid-American,0.4375,0.3333333333333333,0.3333333333333333,0.5,27.0,7.0,16.0,2.0,6.0,0.0,4.0,4.0,1.0,1.0,0.0,0.0,17.0
4898228,Robert Brown III,2447,Nicholls Colonels,Guard,106.0,15,28,8,17,5,8,1,9,10,7,1,0,5,2,43,3,Southland,0.5357142857142857,0.47058823529411764,0.625,0.6785714285714286,35.333333333333336,5.0,9.333333333333334,2.6666666666666665,5.666666666666667,0.3333333333333333,3.0,3.3333333333333335,2.3333333333333335,0.3333333333333333,0.0,1.6666666666666667,14.333333333333334
4898232,Matt Allocco,163,Princeton Tigers,Guard,72.0,11,22,6,14,1,2,0,4,4,4,1,0,2,7,29,2,Ivy,0.5,0.42857142857142855,0.5,0.6363636363636364,36.0,5.5,11.0,3.0,7.0,0.0,2.0,2.0,2.0,0.5,0.0,1.0,14.5
4898233,Blake Peters,163,Princeton Tigers,Guard,54.0,7,16,5,14,0,0,0,7,7,1,4,0,0,6,19,2,Ivy,0.4375,0.35714285714285715,,0.59375,27.0,3.5,8.0,2.5,7.0,0.0,3.5,3.5,0.5,2.0,0.0,0.0,9.5
4898236,Zach Martini,163,Princeton Tigers,Forward,58.0,8,18,6,15,1,2,2,3,5,2,1,0,2,1,23,2,Ivy,0.4444444444444444,0.4,0.5,0.6111111111111112,29.0,4.0,9.0,3.0,7.5,1.0,1.5,2.5,1.0,0.5,0.0,1.0,11.5
4898237,Bez Mbeng,43,Yale Bulldogs,Guard,145.0,10,29,3,9,2,7,5,20,25,12,7,1,11,9,25,4,Ivy,0.3448275862068966,0.3333333333333333,0.2857142857142857,0.39655172413793105,36.25,2.5,7.25,0.75,2.25,1.25,5.0,6.25,3.0,1.75,0.25,2.75,6.25
4898238,John Poulakidas,43,Yale Bulldogs,Guard,134.0,23,53,13,31,7,10,3,4,7,10,4,2,5,7,66,4,Ivy,0.4339622641509434,0.41935483870967744,0.7,0.5566037735849056,33.5,5.75,13.25,3.25,7.75,0.75,1.0,1.75,2.5,1.0,0.5,1.25,16.5
4898240,Emir Buyukhanli,43,Yale Bulldogs,Guard,2.0,0,0,0,0,0,0,0,0,0,0,0,0,0,0,0,1,Ivy,,,,,2.0,0.0,0.0,0.0,0.0,0.0,0.0,0.0,0.0,0.0,0.0,0.0,0.0
4898241,Teo Rice,43,Yale Bulldogs,Guard,2.0,0,0,0,0,3,4,0,0,0,0,0,0,0,0,3,1,Ivy,,,0.75,,2.0,0.0,0.0,0.0,0.0,0.0,0.0,0.0,0.0,0.0,0.0,0.0,3.0
4898242,Dezi Jones,2046,Austin Peay Governors,Guard,162.0,35,70,4,16,21,22,9,10,19,21,3,1,8,14,95,4,ASUN,0.5,0.25,0.9545454545454546,0.5285714285714286,40.5,8.75,17.5,1.0,4.0,2.25,2.5,4.75,5.25,0.75,0.25,2.0,23.75
4898244,Jack Molloy,43,Yale Bulldogs,Forward,3.0,0,1,0,1,0,0,0,0,0,0,0,0,0,0,0,1,Ivy,0.0,0.0,,0.0,3.0,0.0,1.0,0.0,1.0,0.0,0.0,0.0,0.0,0.0,0.0,0.0,0.0
4898246,Matt Knowling,43,Yale Bulldogs,Forward,123.0,18,35,0,1,5,12,3,15,18,13,3,2,3,6,41,4,Ivy,0.5142857142857142,0.0,0.4166666666666667,0.5142857142857142,30.75,4.5,8.75,0.0,0.25,0.75,3.75,4.5,3.25,0.75,0.5,0.75,10.25
4898247,Yussif Basa-Ama,43,Yale Bulldogs,Forward,3.0,0,0,0,0,0,0,0,0,0,0,1,0,0,1,0,1,Ivy,,,,,3.0,0.0,0.0,0.0,0.0,0.0,0.0,0.0,0.0,1.0,0.0,0.0,0.0
4898248,Yassine Gharram,43,Yale Bulldogs,Guard,52.0,4,7,0,2,2,5,2,4,6,5,0,0,2,4,10,4,Ivy,0.5714285714285714,0.0,0.4,0.5714285714285714,13.0,1.0,1.75,0.0,0.5,0.5,1.0,1.5,1.25,0.0,0.0,0.5,2.5
4898255,Latrell Reid,2612,Saint Peter's Peacocks,Guard,135.0,13,39,2,8,12,16,2,21,23,9,0,0,14,11,40,4,MAAC,0.3333333333333333,0.25,0.75,0.358974358974359,33.75,3.25,9.75,0.5,2.0,0.5,5.25,5.75,2.25,0.0,0.0,3.5,10.0
4898256,Brent Bland,2612,Saint Peter's Peacocks,Guard,58.0,3,10,3,9,4,4,3,6,9,2,2,1,0,12,13,4,MAAC,0.3,0.3333333333333333,1.0,0.45,14.5,0.75,2.5,0.75,2.25,0.75,1.5,2.25,0.5,0.5,0.25,0.0,3.25
4898257,Jerry Ngopot,2433,UL Monroe Warhawks,Forward,27.0,1,5,0,0,0,0,2,5,7,0,0,0,0,2,2,1,Sun Belt,0.2,,,0.2,27.0,1.0,5.0,0.0,0.0,2.0,5.0,7.0,0.0,0.0,0.0,0.0,2.0
4898258,Clarence Rupert,79,Southern Illinois Salukis,Forward,24.0,2,4,0,0,2,4,5,6,11,1,1,0,0,1,6,1,Missouri Valley,0.5,,0.5,0.5,24.0,2.0,4.0,0.0,0.0,5.0,6.0,11.0,1.0,1.0,0.0,0.0,6.0
4898259,Mouhamed Sow,2612,Saint Peter's Peacocks,Forward,105.0,9,24,3,7,2,4,11,15,26,0,2,9,5,11,23,4,MAAC,0.375,0.42857142857142855,0.5,0.4375,26.25,2.25,6.0,0.75,1.75,2.75,3.75,6.5,0.0,0.5,2.25,1.25,5.75
4898260,Tyson Degenhart,68,Boise State Broncos,Forward,69.0,10,30,2,12,7,8,8,8,16,1,3,1,4,4,29,2,Mountain West,0.3333333333333333,0.16666666666666666,0.875,0.36666666666666664,34.5,5.0,15.0,1.0,6.0,4.0,4.0,8.0,0.5,1.5,0.5,2.0,14.5
4898261,Kobe Young,68,Boise State Broncos,Guard,5.0,0,2,0,0,0,0,1,2,3,0,0,0,1,1,0,1,Mountain West,0.0,,,0.0,5.0,0.0,2.0,0.0,0.0,1.0,2.0,3.0,0.0,0.0,0.0,1.0,0.0
4898266,Jared Billups,2244,George Mason Patriots,Guard,32.0,1,3,0,1,0,0,1,2,3,0,1,1,2,1,2,1,Atlantic 10,0.3333333333333333,0.0,,0.3333333333333333,32.0,1.0,3.0,0.0,1.0,1.0,2.0,3.0,0.0,1.0,1.0,2.0,2.0
4898269,Chace Davis,2379,Maryland-Eastern Shore Hawks,Guard,16.0,1,2,1,1,0,0,1,1,2,0,1,0,0,0,3,1,MEAC,0.5,1.0,,0.75,16.0,1.0,2.0,1.0,1.0,1.0,1.0,2.0,0.0,1.0,0.0,0.0,3.0
4898277,Sekou Kalle,339,Evansville Purple Aces,Forward,35.0,5,6,0,0,0,2,1,5,6,0,0,3,1,7,10,4,Missouri Valley,0.8333333333333334,,0.0,0.8333333333333334,8.75,1.25,1.5,0.0,0.0,0.25,1.25,1.5,0.0,0.0,0.75,0.25,2.5
4898278,Nate Johnson,2006,Akron Zips,Guard,91.0,10,24,2,15,1,1,2,13,15,4,3,0,5,6,23,4,Mid-American,0.4166666666666667,0.13333333333333333,1.0,0.4583333333333333,22.75,2.5,6.0,0.5,3.75,0.5,3.25,3.75,1.0,0.75,0.0,1.25,5.75
4898283,Kevin Miller,154,Wake Forest Demon Deacons,Guard,142.0,23,47,5,12,17,18,1,13,14,8,10,0,8,9,68,4,ACC,0.48936170212765956,0.4166666666666667,0.9444444444444444,0.5425531914893617,35.5,5.75,11.75,1.25,3.0,0.25,3.25,3.5,2.0,2.5,0.0,2.0,17.0
4898292,Luka Savicevic,322,Lafayette Leopards,Guard,18.0,2,6,0,2,0,0,0,3,3,1,2,0,0,0,4,1,Patriot League,0.3333333333333333,0.0,,0.3333333333333333,18.0,2.0,6.0,0.0,2.0,0.0,3.0,3.0,1.0,2.0,0.0,0.0,4.0
4898293,Mo Njie,2567,SMU Mustangs,Center,1.0,0,0,0,0,0,0,0,1,1,0,0,0,0,0,0,1,American,,,,,1.0,0.0,0.0,0.0,0.0,0.0,1.0,1.0,0.0,0.0,0.0,0.0,0.0
4898315,Julius Rollins,2309,Kent State Golden Flashes,Guard,48.0,6,9,0,1,3,6,4,3,7,0,1,1,3,8,15,3,Mid-American,0.6666666666666666,0.0,0.5,0.6666666666666666,16.0,2.0,3.0,0.0,0.3333333333333333,1.3333333333333333,1.0,2.3333333333333335,0.0,0.3333333333333333,0.3333333333333333,1.0,5.0
4898316,Jalen Sullinger,2309,Kent State Golden Flashes,Guard,114.0,20,55,8,23,7,8,1,14,15,5,2,0,5,4,55,3,Mid-American,0.36363636363636365,0.34782608695652173,0.875,0.43636363636363634,38.0,6.666666666666667,18.333333333333332,2.6666666666666665,7.666666666666667,0.3333333333333333,4.666666666666667,5.0,1.6666666666666667,0.6666666666666666,0.0,1.6666666666666667,18.333333333333332
4898317,Cli'Ron Hornbeak,2309,Kent State Golden Flashes,Center,61.0,8,19,0,0,2,5,5,10,15,0,1,5,1,10,18,3,Mid-American,0.42105263157894735,,0.4,0.42105263157894735,20.333333333333332,2.6666666666666665,6.333333333333333,0.0,0.0,1.6666666666666667,3.3333333333333335,5.0,0.0,0.3333333333333333,1.6666666666666667,0.3333333333333333,6.0
4898331,TJ Madlock,2011,Alabama State Hornets,Guard,36.0,5,17,2,5,3,5,0,7,7,3,0,0,0,2,15,1,SWAC,0.29411764705882354,0.4,0.6,0.35294117647058826,36.0,5.0,17.0,2.0,5.0,0.0,7.0,7.0,3.0,0.0,0.0,0.0,15.0
4898339,AJ Clayton,195,Ohio Bobcats,Forward,53.0,5,19,2,11,2,3,1,13,14,1,0,3,3,6,14,2,Mid-American,0.2631578947368421,0.18181818181818182,0.6666666666666666,0.3157894736842105,26.5,2.5,9.5,1.0,5.5,0.5,6.5,7.0,0.5,0.0,1.5,1.5,7.0
4898341,Elijah Wilson,2379,Maryland-Eastern Shore Hawks,Guard,26.0,2,4,0,1,3,5,2,1,3,0,2,0,0,3,7,1,MEAC,0.5,0.0,0.6,0.5,26.0,2.0,4.0,0.0,1.0,2.0,1.0,3.0,0.0,2.0,0.0,0.0,7.0
4898347,Owen Lobsinger,2711,Western Michigan Broncos,Forward,30.0,4,12,2,7,1,1,2,6,8,1,0,2,2,2,11,1,Mid-American,0.3333333333333333,0.2857142857142857,1.0,0.4166666666666667,30.0,4.0,12.0,2.0,7.0,2.0,6.0,8.0,1.0,0.0,2.0,2.0,11.0
4898350,Jack Stefanski,2711,Western Michigan Broncos,Forward,2.0,0,0,0,0,0,0,1,0,1,0,0,0,0,1,0,1,Mid-American,,,,,2.0,0.0,0.0,0.0,0.0,1.0,0.0,1.0,0.0,0.0,0.0,0.0,0.0
4898367,Joe Few,2250,Gonzaga Bulldogs,Guard,4.0,0,2,0,0,0,0,0,0,0,0,0,0,0,2,0,2,West Coast,0.0,,,0.0,2.0,0.0,1.0,0.0,0.0,0.0,0.0,0.0,0.0,0.0,0.0,0.0,0.0
4898368,Kidtrell Blocker,85,IUPUI Jaguars,Guard,17.0,2,3,0,1,0,0,0,1,1,0,0,0,1,2,4,1,Horizon,0.6666666666666666,0.0,,0.6666666666666666,17.0,2.0,3.0,0.0,1.0,0.0,1.0,1.0,0.0,0.0,0.0,1.0,4.0
4898369,Curtis Jones,66,Iowa State Cyclones,Guard,157.0,22,67,14,35,16,20,1,15,16,13,6,1,6,8,74,6,Big 12,0.3283582089552239,0.4,0.8,0.43283582089552236,26.166666666666668,3.6666666666666665,11.166666666666666,2.3333333333333335,5.833333333333333,0.16666666666666666,2.5,2.6666666666666665,2.1666666666666665,1.0,0.16666666666666666,1.0,12.333333333333334
4898371,Maxime Raynaud,24,Stanford Cardinal,Forward,57.0,9,22,1,7,7,9,5,12,17,4,0,2,2,6,26,2,Pac-12,0.4090909090909091,0.14285714285714285,0.7777777777777778,0.4318181818181818,28.5,4.5,11.0,0.5,3.5,2.5,6.0,8.5,2.0,0.0,1.0,1.0,13.0
4898375,Bostyn Holt,233,South Dakota Coyotes,Guard,30.0,5,10,2,3,0,2,1,3,4,3,0,0,1,5,12,1,Summit League,0.5,0.6666666666666666,0.0,0.6,30.0,5.0,10.0,2.0,3.0,1.0,3.0,4.0,3.0,0.0,0.0,1.0,12.0
4898376,Langston Wilson,270,Milwaukee Panthers,Guard,49.0,11,19,0,1,0,3,6,15,21,0,0,2,2,6,22,4,Horizon,0.5789473684210527,0.0,0.0,0.5789473684210527,12.25,2.75,4.75,0.0,0.25,1.5,3.75,5.25,0.0,0.0,0.5,0.5,5.5
4898380,Cam Carter,2306,Kansas State Wildcats,Guard,100.0,9,29,4,12,10,12,5,9,14,5,3,0,7,10,32,3,Big 12,0.3103448275862069,0.3333333333333333,0.8333333333333334,0.3793103448275862,33.333333333333336,3.0,9.666666666666666,1.3333333333333333,4.0,1.6666666666666667,3.0,4.666666666666667,1.6666666666666667,1.0,0.0,2.3333333333333335,10.666666666666666
4898382,Alden Applewhite,93,Murray State Racers,Forward,9.0,0,3,0,3,0,0,0,2,2,2,1,0,0,2,0,1,Missouri Valley,0.0,0.0,,0.0,9.0,0.0,3.0,0.0,3.0,0.0,2.0,2.0,2.0,1.0,0.0,0.0,0.0
4899535,Coltie Young,2296,Jackson State Tigers,Guard,39.0,9,14,3,6,1,2,3,3,6,1,0,0,1,2,22,1,SWAC,0.6428571428571429,0.5,0.5,0.75,39.0,9.0,14.0,3.0,6.0,3.0,3.0,6.0,1.0,0.0,0.0,1.0,22.0
4899682,Mike Pajeaud,2016,Alcorn State Braves,Small Forward,26.0,1,4,0,0,0,1,3,3,6,1,1,0,3,4,2,1,SWAC,0.25,,0.0,0.25,26.0,1.0,4.0,0.0,0.0,3.0,3.0,6.0,1.0,1.0,0.0,3.0,2.0
4900668,Cole Anderson,2540,UC Santa Barbara Gauchos,Guard,38.0,3,9,1,6,2,2,0,1,1,0,1,0,0,0,9,1,Big West,0.3333333333333333,0.16666666666666666,1.0,0.3888888888888889,38.0,3.0,9.0,1.0,6.0,0.0,1.0,1.0,0.0,1.0,0.0,0.0,9.0
4900669,Ariel Bland,2540,UC Santa Barbara Gauchos,Forward,21.0,0,2,0,0,1,2,4,2,6,0,0,4,0,3,1,1,Big West,0.0,,0.5,0.0,21.0,0.0,2.0,0.0,0.0,4.0,2.0,6.0,0.0,0.0,4.0,0.0,1.0
4900671,Ajay Mitchell,2540,UC Santa Barbara Gauchos,Guard,40.0,10,21,5,12,11,12,1,8,9,5,3,0,5,4,36,1,Big West,0.47619047619047616,0.4166666666666667,0.9166666666666666,0.5952380952380952,40.0,10.0,21.0,5.0,12.0,1.0,8.0,9.0,5.0,3.0,0.0,5.0,36.0
4900680,Will Thomas,2415,Morgan State Bears,Forward,39.0,11,21,0,1,5,6,0,5,5,4,2,0,6,1,27,1,MEAC,0.5238095238095238,0.0,0.8333333333333334,0.5238095238095238,39.0,11.0,21.0,0.0,1.0,0.0,5.0,5.0,4.0,2.0,0.0,6.0,27.0
4900686,Tana Kopa,112358,Long Island University Sharks,Forward,37.0,5,12,1,4,0,0,0,3,3,0,0,0,2,3,11,1,Northeast,0.4166666666666667,0.25,,0.4583333333333333,37.0,5.0,12.0,1.0,4.0,0.0,3.0,3.0,0.0,0.0,0.0,2.0,11.0
4901230,Kamron Hobbs,2415,Morgan State Bears,Guard,35.0,3,9,1,4,2,2,0,1,1,3,0,0,1,2,9,1,MEAC,0.3333333333333333,0.25,1.0,0.3888888888888889,35.0,3.0,9.0,1.0,4.0,0.0,1.0,1.0,3.0,0.0,0.0,1.0,9.0
4901961,Christian Coleman,5,UAB Blazers,Forward,98.0,21,38,0,0,3,12,8,7,15,3,4,2,4,13,45,4,American,0.5526315789473685,,0.25,0.5526315789473685,24.5,5.25,9.5,0.0,0.0,2.0,1.75,3.75,0.75,1.0,0.5,1.0,11.25
4902259,Rob Landry,153,North Carolina Tar Heels,Guard,3.0,1,1,0,0,0,0,0,0,0,0,0,0,0,0,2,3,ACC,1.0,,,1.0,1.0,0.3333333333333333,0.3333333333333333,0.0,0.0,0.0,0.0,0.0,0.0,0.0,0.0,0.0,0.6666666666666666
4902436,Timmy Adedire,2428,North Carolina Central Eagles,Forward,64.0,4,12,1,4,12,16,4,5,9,2,4,0,1,8,21,2,MEAC,0.3333333333333333,0.25,0.75,0.375,32.0,2.0,6.0,0.5,2.0,2.0,2.5,4.5,1.0,2.0,0.0,0.5,10.5
4902635,Javier Ezquerra,2681,Wagner Seahawks,Guard,200.0,12,40,6,21,3,7,6,15,21,22,8,0,9,8,33,5,Northeast,0.3,0.2857142857142857,0.42857142857142855,0.375,40.0,2.4,8.0,1.2,4.2,1.2,3.0,4.2,4.4,1.6,0.0,1.8,6.6
4903027,Cedric Coward,331,Eastern Washington Eagles,Forward,34.0,7,14,1,7,7,7,5,1,6,1,0,2,3,3,22,1,Big Sky,0.5,0.14285714285714285,1.0,0.5357142857142857,34.0,7.0,14.0,1.0,7.0,5.0,1.0,6.0,1.0,0.0,2.0,3.0,22.0
4903216,Don McHenry,98,Western Kentucky Hilltoppers,Guard,109.0,24,55,6,24,5,6,2,16,18,6,5,0,10,6,59,4,Conference USA,0.43636363636363634,0.25,0.8333333333333334,0.4909090909090909,27.25,6.0,13.75,1.5,6.0,0.5,4.0,4.5,1.5,1.25,0.0,2.5,14.75
4903265,Ethan Taylor,2005,Air Force Falcons,Guard,22.0,1,9,1,7,2,2,0,1,1,0,1,1,1,2,5,1,Mountain West,0.1111111111111111,0.14285714285714285,1.0,0.16666666666666666,22.0,1.0,9.0,1.0,7.0,0.0,1.0,1.0,0.0,1.0,1.0,1.0,5.0
4903266,Chase Beasley,2005,Air Force Falcons,Forward,2.0,0,0,0,0,0,0,0,0,0,0,0,0,0,0,0,1,Mountain West,,,,,2.0,0.0,0.0,0.0,0.0,0.0,0.0,0.0,0.0,0.0,0.0,0.0,0.0
4903267,Beau Becker,2005,Air Force Falcons,Forward,30.0,3,9,2,8,0,1,1,2,3,3,1,2,1,0,8,1,Mountain West,0.3333333333333333,0.25,0.0,0.4444444444444444,30.0,3.0,9.0,2.0,8.0,1.0,2.0,3.0,3.0,1.0,2.0,1.0,8.0
4903269,Jeffrey Mills,2005,Air Force Falcons,Guard,29.0,1,7,0,4,0,1,0,2,2,3,1,1,0,5,2,1,Mountain West,0.14285714285714285,0.0,0.0,0.14285714285714285,29.0,1.0,7.0,0.0,4.0,0.0,2.0,2.0,3.0,1.0,1.0,0.0,2.0
4904482,Khaliq Abdul-Mateen,2837,Texas A&M-Commerce Lions,Guard,47.0,3,12,2,11,2,2,1,9,10,2,2,0,4,2,10,2,Southland,0.25,0.18181818181818182,1.0,0.3333333333333333,23.5,1.5,6.0,1.0,5.5,0.5,4.5,5.0,1.0,1.0,0.0,2.0,5.0
4905250,Mekhi Mason,242,Rice Owls,Guard,36.0,7,16,2,5,6,7,1,0,1,4,1,0,2,2,22,1,American,0.4375,0.4,0.8571428571428571,0.5,36.0,7.0,16.0,2.0,5.0,1.0,0.0,1.0,4.0,1.0,0.0,2.0,22.0
4905394,Byron Brown,2005,Air Force Falcons,Guard,27.0,3,5,0,1,1,2,1,0,1,0,0,0,2,2,7,1,Mountain West,0.6,0.0,0.5,0.6,27.0,3.0,5.0,0.0,1.0,1.0,0.0,1.0,0.0,0.0,0.0,2.0,7.0
4906690,Cheickna Sissoko,2241,Gardner-Webb Runnin' Bulldogs,Forward,6.0,1,1,0,0,0,0,1,1,2,1,1,0,0,1,2,1,Big South,1.0,,,1.0,6.0,1.0,1.0,0.0,0.0,1.0,1.0,2.0,1.0,1.0,0.0,0.0,2.0
4906969,K.J. Doucet,2737,Winthrop Eagles,Forward,18.0,3,7,1,4,0,0,0,2,2,1,1,1,2,3,7,1,Big South,0.42857142857142855,0.25,,0.5,18.0,3.0,7.0,1.0,4.0,0.0,2.0,2.0,1.0,1.0,1.0,2.0,7.0
4908062,Jonathan Kanyanga,166,New Mexico State Aggies,Forward,6.0,0,0,0,0,0,0,0,2,2,1,0,1,1,3,0,1,Conference USA,,,,,6.0,0.0,0.0,0.0,0.0,0.0,2.0,2.0,1.0,0.0,1.0,1.0,0.0
4909526,Brandon Davis,2582,Southern Jaguars,Guard,25.0,2,8,0,2,4,5,0,2,2,1,2,0,1,3,8,1,SWAC,0.25,0.0,0.8,0.25,25.0,2.0,8.0,0.0,2.0,0.0,2.0,2.0,1.0,2.0,0.0,1.0,8.0
4909951,Joshua Strong,47,Howard Bison,Guard,2.0,0,0,0,0,0,0,0,0,0,0,0,0,0,0,0,1,MEAC,,,,,2.0,0.0,0.0,0.0,0.0,0.0,0.0,0.0,0.0,0.0,0.0,0.0,0.0
4911083,Daniel Nauseef,228,Clemson Tigers,Forward,2.0,0,0,0,0,0,0,0,0,0,0,0,0,0,1,0,2,ACC,,,,,1.0,0.0,0.0,0.0,0.0,0.0,0.0,0.0,0.0,0.0,0.0,0.0,0.0
4911126,Jack Jubenville,2393,Middle Tennessee Blue Raiders,Guard,3.0,0,1,0,0,0,0,0,1,1,0,0,0,1,0,0,1,Conference USA,0.0,,,0.0,3.0,0.0,1.0,0.0,0.0,0.0,1.0,1.0,0.0,0.0,0.0,1.0,0.0
4912455,Braeden Shrewsberry,87,Notre Dame Fighting Irish,Guard,67.0,9,21,6,14,4,4,0,5,5,2,1,0,3,4,28,2,ACC,0.42857142857142855,0.42857142857142855,1.0,0.5714285714285714,33.5,4.5,10.5,3.0,7.0,0.0,2.5,2.5,1.0,0.5,0.0,1.5,14.0
4917097,Robbie Avila,282,Indiana State Sycamores,Center,277.0,46,98,17,44,26,34,8,34,42,38,4,3,12,20,135,8,Missouri Valley,0.46938775510204084,0.38636363636363635,0.7647058823529411,0.5561224489795918,34.625,5.75,12.25,2.125,5.5,1.0,4.25,5.25,4.75,0.5,0.375,1.5,16.875
4917149,Alex Karaban,41,UConn Huskies,Forward,274.0,35,76,12,42,8,10,15,30,45,14,4,6,3,11,90,9,Big East,0.4605263157894737,0.2857142857142857,0.8,0.5394736842105263,30.444444444444443,3.888888888888889,8.444444444444445,1.3333333333333333,4.666666666666667,1.6666666666666667,3.3333333333333335,5.0,1.5555555555555556,0.4444444444444444,0.6666666666666666,0.3333333333333333,10.0
4917161,Armani Mighty,103,Boston College Eagles,Center,19.0,0,1,0,0,2,2,2,3,5,1,1,1,0,2,2,5,ACC,0.0,,1.0,0.0,3.8,0.0,0.2,0.0,0.0,0.4,0.6,1.0,0.2,0.2,0.2,0.0,0.4
4920142,Harlan Obioha,315,Niagara Purple Eagles,Forward,59.0,10,12,0,0,4,9,2,7,9,2,2,0,4,9,24,2,MAAC,0.8333333333333334,,0.4444444444444444,0.8333333333333334,29.5,5.0,6.0,0.0,0.0,1.0,3.5,4.5,1.0,1.0,0.0,2.0,12.0
4937074,Darrion Williams,2641,Texas Tech Red Raiders,Guard,68.0,7,17,3,9,0,0,1,10,11,7,0,0,3,6,17,2,Big 12,0.4117647058823529,0.3333333333333333,,0.5,34.0,3.5,8.5,1.5,4.5,0.5,5.0,5.5,3.5,0.0,0.0,1.5,8.5
5023693,Tyrese Proctor,150,Duke Blue Devils,Guard,175.0,19,62,10,35,2,3,2,17,19,18,3,0,3,8,50,5,ACC,0.3064516129032258,0.2857142857142857,0.6666666666666666,0.3870967741935484,35.0,3.8,12.4,2.0,7.0,0.4,3.4,3.8,3.6,0.6,0.0,0.6,10.0
5033017,Miro Little,239,Baylor Bears,Guard,15.0,0,1,0,1,0,0,1,0,1,3,0,0,1,2,0,4,Big 12,0.0,0.0,,0.0,3.75,0.0,0.25,0.0,0.25,0.25,0.0,0.25,0.75,0.0,0.0,0.25,0.0
5037870,Rodney Brown Jr.,25,California Golden Bears,Guard,13.0,1,4,0,1,0,0,0,1,1,1,0,0,0,2,2,1,Pac-12,0.25,0.0,,0.25,13.0,1.0,4.0,0.0,1.0,0.0,1.0,1.0,1.0,0.0,0.0,0.0,2.0
5037878,Ugonna Onyenso,96,Kentucky Wildcats,Forward,42.0,2,4,0,0,2,3,3,5,8,1,0,7,1,1,6,2,SEC,0.5,,0.6666666666666666,0.5,21.0,1.0,2.0,0.0,0.0,1.5,2.5,4.0,0.5,0.0,3.5,0.5,3.0
5037880,Carey Booth,87,Notre Dame Fighting Irish,Forward,45.0,5,14,4,11,2,2,1,8,9,2,0,1,1,2,16,2,ACC,0.35714285714285715,0.36363636363636365,1.0,0.5,22.5,2.5,7.0,2.0,5.5,0.5,4.0,4.5,1.0,0.0,0.5,0.5,8.0
5037881,Trent Pierce,142,Missouri Tigers,Forward,4.0,0,1,0,1,0,0,0,0,0,0,0,0,0,1,0,1,SEC,0.0,0.0,,0.0,4.0,0.0,1.0,0.0,1.0,0.0,0.0,0.0,0.0,0.0,0.0,0.0,0.0
5054083,Silas Demary Jr.,61,Georgia Bulldogs,Guard,179.0,23,55,2,10,11,19,6,20,26,16,5,3,9,13,59,6,SEC,0.41818181818181815,0.2,0.5789473684210527,0.43636363636363634,29.833333333333332,3.8333333333333335,9.166666666666666,0.3333333333333333,1.6666666666666667,1.0,3.3333333333333335,4.333333333333333,2.6666666666666665,0.8333333333333334,0.5,1.5,9.833333333333334
5054085,Anthony Robinson II,142,Missouri Tigers,Guard,8.0,1,2,0,1,0,0,0,1,1,0,0,0,0,0,2,1,SEC,0.5,0.0,,0.5,8.0,1.0,2.0,0.0,1.0,0.0,1.0,1.0,0.0,0.0,0.0,0.0,2.0
5060631,Adou Thiero,96,Kentucky Wildcats,Guard,25.0,2,6,0,0,5,6,1,4,5,1,0,3,1,3,9,2,SEC,0.3333333333333333,,0.8333333333333334,0.3333333333333333,12.5,1.0,3.0,0.0,0.0,0.5,2.0,2.5,0.5,0.0,1.5,0.5,4.5
5060685,Keanu Dawes,242,Rice Owls,Forward,22.0,2,4,0,2,0,0,0,2,2,0,0,0,0,2,4,1,American,0.5,0.0,,0.5,22.0,2.0,4.0,0.0,2.0,0.0,2.0,2.0,0.0,0.0,0.0,0.0,4.0
5060688,Jamie Kaiser Jr.,120,Maryland Terrapins,Forward,50.0,5,15,4,9,0,0,0,3,3,1,4,0,3,4,14,2,Big Ten,0.3333333333333333,0.4444444444444444,,0.4666666666666667,25.0,2.5,7.5,2.0,4.5,0.0,1.5,1.5,0.5,2.0,0.0,1.5,7.0
5060698,Devin Curtis,25,California Golden Bears,Forward,9.0,1,1,0,0,0,0,1,0,1,0,0,0,1,2,2,1,Pac-12,1.0,,,1.0,9.0,1.0,1.0,0.0,0.0,1.0,0.0,1.0,0.0,0.0,0.0,1.0,2.0
5061589,Yves Missi,239,Baylor Bears,Center,93.0,14,26,0,0,9,13,9,15,24,1,1,5,8,5,37,4,Big 12,0.5384615384615384,,0.6923076923076923,0.5384615384615384,23.25,3.5,6.5,0.0,0.0,2.25,3.75,6.0,0.25,0.25,1.25,2.0,9.25
5070505,Kaden Cooper,201,Oklahoma Sooners,Guard,12.0,1,1,1,1,0,0,0,4,4,0,0,0,0,0,3,1,Big 12,1.0,1.0,,1.5,12.0,1.0,1.0,1.0,1.0,0.0,4.0,4.0,0.0,0.0,0.0,0.0,3.0
5075625,Keyshawn Hall,2244,George Mason Patriots,Guard,4.0,0,3,0,0,0,0,0,0,0,0,0,0,0,0,0,1,Atlantic 10,0.0,,,0.0,4.0,0.0,3.0,0.0,0.0,0.0,0.0,0.0,0.0,0.0,0.0,0.0,0.0
5075626,Baba Miller,52,Florida State Seminoles,Forward,52.0,4,9,1,3,5,7,0,8,8,1,1,2,6,6,14,2,ACC,0.4444444444444444,0.3333333333333333,0.7142857142857143,0.5,26.0,2.0,4.5,0.5,1.5,0.0,4.0,4.0,0.5,0.5,1.0,3.0,7.0
5077373,Garwey Dual,2507,Providence Friars,Guard,67.0,6,9,1,3,2,2,2,4,6,4,2,4,1,4,15,4,Big East,0.6666666666666666,0.3333333333333333,1.0,0.7222222222222222,16.75,1.5,2.25,0.25,0.75,0.5,1.0,1.5,1.0,0.5,1.0,0.25,3.75
5079838,Blake Buchanan,258,Virginia Cavaliers,Forward,33.0,2,4,0,0,0,0,2,4,6,1,1,3,0,4,4,3,ACC,0.5,,,0.5,11.0,0.6666666666666666,1.3333333333333333,0.0,0.0,0.6666666666666666,1.3333333333333333,2.0,0.3333333333333333,0.3333333333333333,1.0,0.0,1.3333333333333333
5080489,Thomas Haugh,57,Florida Gators,Forward,106.0,9,25,1,10,5,9,6,15,21,4,1,5,3,13,24,5,SEC,0.36,0.1,0.5555555555555556,0.38,21.2,1.8,5.0,0.2,2.0,1.2,3.0,4.2,0.8,0.2,1.0,0.6,4.8
5080790,Elijah Gertrude,258,Virginia Cavaliers,Guard,3.0,1,1,0,0,0,0,0,1,1,0,0,0,0,0,2,1,ACC,1.0,,,1.0,3.0,1.0,1.0,0.0,0.0,0.0,1.0,1.0,0.0,0.0,0.0,0.0,2.0
5081887,Andrew Meadow,68,Boise State Broncos,Forward,9.0,0,1,0,1,0,0,0,3,3,0,0,0,0,1,0,2,Mountain West,0.0,0.0,,0.0,4.5,0.0,0.5,0.0,0.5,0.0,1.5,1.5,0.0,0.0,0.0,0.0,0.0
5082704,Drew Fielder,46,Georgetown Hoyas,Center,17.0,3,7,2,5,0,2,1,1,2,1,1,0,0,3,8,1,Big East,0.42857142857142855,0.4,0.0,0.5714285714285714,17.0,3.0,7.0,2.0,5.0,1.0,1.0,2.0,1.0,1.0,0.0,0.0,8.0
5093142,J.P. Estrella,2633,Tennessee Volunteers,Forward,34.0,3,6,0,0,2,2,2,2,4,0,0,0,2,6,8,5,SEC,0.5,,1.0,0.5,6.8,0.6,1.2,0.0,0.0,0.4,0.4,0.8,0.0,0.0,0.0,0.4,1.6
5093250,Jordan Clayton,77,Northwestern Wildcats,Guard,4.0,0,0,0,0,0,0,0,0,0,0,0,0,0,0,0,2,Big Ten,,,,,2.0,0.0,0.0,0.0,0.0,0.0,0.0,0.0,0.0,0.0,0.0,0.0,0.0
5093252,Eian Elmer,193,Miami (OH) RedHawks,Guard,21.0,2,3,1,2,0,0,0,4,4,0,2,0,3,2,5,1,Mid-American,0.6666666666666666,0.5,,0.8333333333333334,21.0,2.0,3.0,1.0,2.0,0.0,4.0,4.0,0.0,2.0,0.0,3.0,5.0
5093253,Kyan Evans,36,Colorado State Rams,Guard,13.0,1,3,1,3,1,2,0,2,2,0,0,0,1,1,4,5,Mountain West,0.3333333333333333,0.3333333333333333,0.5,0.5,2.6,0.2,0.6,0.2,0.6,0.0,0.4,0.4,0.0,0.0,0.0,0.2,0.8
5093266,Josiah Dotzler,156,Creighton Bluejays,Guard,1.0,0,0,0,0,0,0,0,0,0,0,0,0,0,0,0,1,Big East,,,,,1.0,0.0,0.0,0.0,0.0,0.0,0.0,0.0,0.0,0.0,0.0,0.0,0.0
5093267,Collin Murray-Boyles,2579,South Carolina Gamecocks,Forward,81.0,14,29,0,0,6,11,6,10,16,4,4,5,4,8,34,3,SEC,0.4827586206896552,,0.5454545454545454,0.4827586206896552,27.0,4.666666666666667,9.666666666666666,0.0,0.0,2.0,3.3333333333333335,5.333333333333333,1.3333333333333333,1.3333333333333333,1.6666666666666667,1.3333333333333333,11.333333333333334
5095063,Paul Djobet,2390,Miami Hurricanes,Guard,2.0,0,0,0,0,0,0,0,0,0,0,0,1,0,0,0,1,ACC,,,,,2.0,0.0,0.0,0.0,0.0,0.0,0.0,0.0,0.0,0.0,1.0,0.0,0.0
5101623,Markus Burton,87,Notre Dame Fighting Irish,Guard,76.0,12,31,4,12,14,14,2,6,8,11,2,0,8,8,42,2,ACC,0.3870967741935484,0.3333333333333333,1.0,0.45161290322580644,38.0,6.0,15.5,2.0,6.0,1.0,3.0,4.0,5.5,1.0,0.0,4.0,21.0
5101624,Brooklyn Hicks,2439,UNLV Rebels,Guard,37.0,5,11,0,2,3,4,1,4,5,1,0,0,4,1,13,4,Mountain West,0.45454545454545453,0.0,0.75,0.45454545454545453,9.25,1.25,2.75,0.0,0.5,0.25,1.0,1.25,0.25,0.0,0.0,1.0,3.25
5101865,Connor Dow,197,Oklahoma State Cowboys,Guard,3.0,0,1,0,1,0,0,0,1,1,0,0,0,0,0,0,1,Big 12,0.0,0.0,,0.0,3.0,0.0,1.0,0.0,1.0,0.0,1.0,1.0,0.0,0.0,0.0,0.0,0.0
5102797,Youssouf Singare,41,UConn Huskies,Center,8.0,0,0,0,0,0,0,0,2,2,0,1,0,0,2,0,5,Big East,,,,,1.6,0.0,0.0,0.0,0.0,0.0,0.4,0.4,0.0,0.2,0.0,0.0,0.0
5102798,James Scott,232,Charleston Cougars,Forward,61.0,8,13,0,0,4,6,4,6,10,4,4,2,2,5,20,4,Coastal,0.6153846153846154,,0.6666666666666666,0.6153846153846154,15.25,2.0,3.25,0.0,0.0,1.0,1.5,2.5,1.0,1.0,0.5,0.5,5.0
5102799,Mayar Wol,232,Charleston Cougars,Forward,4.0,0,2,0,1,0,0,0,1,1,0,0,0,0,0,0,2,Coastal,0.0,0.0,,0.0,2.0,0.0,1.0,0.0,0.5,0.0,0.5,0.5,0.0,0.0,0.0,0.0,0.0
5103571,Jamari McDowell,2305,Kansas Jayhawks,Guard,34.0,4,9,1,5,1,2,2,4,6,2,0,1,2,3,10,3,Big 12,0.4444444444444444,0.2,0.5,0.5,11.333333333333334,1.3333333333333333,3.0,0.3333333333333333,1.6666666666666667,0.6666666666666666,1.3333333333333333,2.0,0.6666666666666666,0.0,0.3333333333333333,0.6666666666666666,3.3333333333333335
5103589,Brock Harding,2294,Iowa Hawkeyes,Guard,36.0,6,8,3,3,2,2,0,1,1,11,1,0,3,4,17,3,Big Ten,0.75,1.0,1.0,0.9375,12.0,2.0,2.6666666666666665,1.0,1.0,0.0,0.3333333333333333,0.3333333333333333,3.6666666666666665,0.3333333333333333,0.0,1.0,5.666666666666667
5103590,Brandon Rechsteiner,259,Virginia Tech Hokies,Guard,2.0,0,0,0,0,0,0,0,0,0,0,0,0,0,0,0,1,ACC,,,,,2.0,0.0,0.0,0.0,0.0,0.0,0.0,0.0,0.0,0.0,0.0,0.0,0.0
5103628,Macaleab Rich,2306,Kansas State Wildcats,Forward,13.0,3,4,0,1,1,1,1,4,5,0,0,0,0,0,7,1,Big 12,0.75,0.0,1.0,0.75,13.0,3.0,4.0,0.0,1.0,1.0,4.0,5.0,0.0,0.0,0.0,0.0,7.0
5103630,John Blackwell,275,Wisconsin Badgers,Guard,97.0,7,29,5,14,6,8,4,10,14,4,3,0,3,14,25,5,Big Ten,0.2413793103448276,0.35714285714285715,0.75,0.3275862068965517,19.4,1.4,5.8,1.0,2.8,0.8,2.0,2.8,0.8,0.6,0.0,0.6,5.0
5103631,Boden Kapke,2086,Butler Bulldogs,Forward,14.0,0,1,0,1,0,0,2,1,3,1,0,0,0,2,0,2,Big East,0.0,0.0,,0.0,7.0,0.0,0.5,0.0,0.5,1.0,0.5,1.5,0.5,0.0,0.0,0.0,0.0
5103832,Comeh Emuobor,2116,UCF Knights,Guard,2.0,0,0,0,0,0,0,0,0,0,0,0,0,0,0,0,1,Big 12,,,,,2.0,0.0,0.0,0.0,0.0,0.0,0.0,0.0,0.0,0.0,0.0,0.0,0.0
5105279,Paul Lewis,238,Vanderbilt Commodores,Guard,9.0,0,2,0,1,0,0,0,1,1,0,1,0,2,0,0,1,SEC,0.0,0.0,,0.0,9.0,0.0,2.0,0.0,1.0,0.0,1.0,1.0,0.0,1.0,0.0,2.0,0.0
5105280,Adrian Samuels,44,American University Eagles,Guard,13.0,1,1,0,0,0,1,0,1,1,0,0,0,0,2,2,1,Patriot League,1.0,,0.0,1.0,13.0,1.0,1.0,0.0,0.0,0.0,1.0,1.0,0.0,0.0,0.0,0.0,2.0
5105337,Maliq Brown,183,Syracuse Orange,Forward,39.0,5,6,1,2,0,0,4,8,12,3,2,2,4,4,11,1,ACC,0.8333333333333334,0.5,,0.9166666666666666,39.0,5.0,6.0,1.0,2.0,4.0,8.0,12.0,3.0,2.0,2.0,4.0,11.0
5105338,Peter Carey,183,Syracuse Orange,Center,1.0,0,0,0,0,0,0,0,0,0,0,0,0,0,0,0,1,ACC,,,,,1.0,0.0,0.0,0.0,0.0,0.0,0.0,0.0,0.0,0.0,0.0,0.0,0.0
5105401,MJ Collins,259,Virginia Tech Hokies,Guard,101.0,11,27,4,11,9,12,1,9,10,8,4,0,5,4,35,3,ACC,0.4074074074074074,0.36363636363636365,0.75,0.48148148148148145,33.666666666666664,3.6666666666666665,9.0,1.3333333333333333,3.6666666666666665,0.3333333333333333,3.0,3.3333333333333335,2.6666666666666665,1.3333333333333333,0.0,1.6666666666666667,11.666666666666666
5105402,Darren Buchanan Jr.,45,George Washington Revolutionaries,Forward,36.0,3,7,1,2,7,9,2,4,6,6,2,1,4,1,14,1,Atlantic 10,0.42857142857142855,0.5,0.7777777777777778,0.5,36.0,3.0,7.0,1.0,2.0,2.0,4.0,6.0,6.0,2.0,1.0,4.0,14.0
5105410,Guillermo Diaz Graham,221,Pittsburgh Panthers,Forward,44.0,6,11,4,7,1,2,2,7,9,4,1,1,2,7,17,2,ACC,0.5454545454545454,0.5714285714285714,0.5,0.7272727272727273,22.0,3.0,5.5,2.0,3.5,1.0,3.5,4.5,2.0,0.5,0.5,1.0,8.5
5105412,Federiko Federiko,221,Pittsburgh Panthers,Center,34.0,2,4,0,0,0,0,1,5,6,1,1,0,1,7,4,2,ACC,0.5,,,0.5,17.0,1.0,2.0,0.0,0.0,0.5,2.5,3.0,0.5,0.5,0.0,0.5,2.0
5105416,Emmanuel Callas,301,San Diego Toreros,Guard,36.0,0,1,0,0,0,0,1,0,1,2,2,0,2,9,0,2,West Coast,0.0,,,0.0,18.0,0.0,0.5,0.0,0.0,0.5,0.0,0.5,1.0,1.0,0.0,1.0,0.0
5105417,Steven Jamerson II,301,San Diego Toreros,Center,31.0,3,6,0,0,4,4,6,7,13,0,3,1,2,5,10,2,West Coast,0.5,,1.0,0.5,15.5,1.5,3.0,0.0,0.0,3.0,3.5,6.5,0.0,1.5,0.5,1.0,5.0
5105418,Harry Wessels,2608,Saint Mary's Gaels,Center,1.0,0,0,0,0,0,0,0,0,0,0,0,0,0,1,0,1,West Coast,,,,,1.0,0.0,0.0,0.0,0.0,0.0,0.0,0.0,0.0,0.0,0.0,0.0,0.0
5105419,Cade Bennett,2608,Saint Mary's Gaels,Guard,1.0,1,1,0,0,0,0,0,0,0,0,0,0,0,0,2,1,West Coast,1.0,,,1.0,1.0,1.0,1.0,0.0,0.0,0.0,0.0,0.0,0.0,0.0,0.0,0.0,2.0
5105421,Kevin Gad,2608,Saint Mary's Gaels,Forward,1.0,0,0,0,0,0,0,0,0,0,1,0,0,0,0,0,1,West Coast,,,,,1.0,0.0,0.0,0.0,0.0,0.0,0.0,0.0,1.0,0.0,0.0,0.0,0.0
5105425,Drew Stack,2501,Portland Pilots,Guard,1.0,0,0,0,0,0,0,0,0,0,0,0,0,0,0,0,1,West Coast,,,,,1.0,0.0,0.0,0.0,0.0,0.0,0.0,0.0,0.0,0.0,0.0,0.0,0.0
5105426,Bol Dengdit,2501,Portland Pilots,Forward,73.0,7,16,2,8,3,4,8,6,14,3,1,0,1,2,19,2,West Coast,0.4375,0.25,0.75,0.5,36.5,3.5,8.0,1.0,4.0,4.0,3.0,7.0,1.5,0.5,0.0,0.5,9.5
5105427,Andrew Younan,2501,Portland Pilots,Guard,1.0,0,2,0,1,0,0,0,0,0,0,0,0,0,0,0,1,West Coast,0.0,0.0,,0.0,1.0,0.0,2.0,0.0,1.0,0.0,0.0,0.0,0.0,0.0,0.0,0.0,0.0
5105431,Devin Ree,2348,Louisiana Tech Bulldogs,Guard,2.0,0,1,0,0,0,0,0,0,0,0,0,0,0,2,0,1,Conference USA,0.0,,,0.0,2.0,0.0,1.0,0.0,0.0,0.0,0.0,0.0,0.0,0.0,0.0,0.0,0.0
5105445,Dillon Hunter,228,Clemson Tigers,Guard,59.0,3,8,0,3,0,1,0,7,7,3,1,0,0,6,6,5,ACC,0.375,0.0,0.0,0.375,11.8,0.6,1.6,0.0,0.6,0.0,1.4,1.4,0.6,0.2,0.0,0.0,1.2
5105447,Matt Kelly,228,Clemson Tigers,Guard,2.0,0,0,0,0,0,0,0,0,0,0,0,0,1,0,0,2,ACC,,,,,1.0,0.0,0.0,0.0,0.0,0.0,0.0,0.0,0.0,0.0,0.0,0.5,0.0
5105448,Chauncey Wiggins,228,Clemson Tigers,Forward,66.0,6,16,3,6,0,0,1,3,4,3,1,1,1,7,15,5,ACC,0.375,0.5,,0.46875,13.2,1.2,3.2,0.6,1.2,0.2,0.6,0.8,0.6,0.2,0.2,0.2,3.0
5105449,RJ Godfrey,228,Clemson Tigers,Forward,81.0,13,22,1,1,9,10,5,13,18,4,3,4,2,18,36,5,ACC,0.5909090909090909,1.0,0.9,0.6136363636363636,16.2,2.6,4.4,0.2,0.2,1.0,2.6,3.6,0.8,0.6,0.8,0.4,7.2
5105454,Malik Moore,2492,Pepperdine Waves,Guard,60.0,11,20,6,11,3,4,0,5,5,5,1,0,2,7,31,2,West Coast,0.55,0.5454545454545454,0.75,0.7,30.0,5.5,10.0,3.0,5.5,0.0,2.5,2.5,2.5,0.5,0.0,1.0,15.5
5105455,Cord Stansberry,2492,Pepperdine Waves,Guard,40.0,5,11,0,4,2,4,0,4,4,3,2,0,5,3,12,2,West Coast,0.45454545454545453,0.0,0.5,0.45454545454545453,20.0,2.5,5.5,0.0,2.0,0.0,2.0,2.0,1.5,1.0,0.0,2.5,6.0
5105456,David Mager,2492,Pepperdine Waves,Guard,3.0,3,4,0,1,0,0,1,1,2,0,0,0,1,0,6,1,West Coast,0.75,0.0,,0.75,3.0,3.0,4.0,0.0,1.0,1.0,1.0,2.0,0.0,0.0,0.0,1.0,6.0
5105457,Moe Odum,279,Pacific Tigers,Guard,17.0,0,6,0,2,2,2,1,2,3,2,0,0,2,0,2,1,West Coast,0.0,0.0,1.0,0.0,17.0,0.0,6.0,0.0,2.0,1.0,2.0,3.0,2.0,0.0,0.0,2.0,2.0
5105458,Cam Denson,279,Pacific Tigers,Guard,13.0,2,4,0,1,0,2,0,0,0,0,0,0,0,3,4,1,West Coast,0.5,0.0,0.0,0.5,13.0,2.0,4.0,0.0,1.0,0.0,0.0,0.0,0.0,0.0,0.0,0.0,4.0
5105461,Tanner Toolson,3084,Utah Valley Wolverines,Guard,27.0,1,5,0,3,3,4,0,3,3,1,1,0,1,2,5,1,United Athletic,0.2,0.0,0.75,0.2,27.0,1.0,5.0,0.0,3.0,0.0,3.0,3.0,1.0,1.0,0.0,1.0,5.0
5105462,Richie Saunders,252,BYU Cougars,Guard,69.0,9,20,5,11,6,8,3,10,13,4,0,0,3,12,29,3,Big 12,0.45,0.45454545454545453,0.75,0.575,23.0,3.0,6.666666666666667,1.6666666666666667,3.6666666666666665,1.0,3.3333333333333335,4.333333333333333,1.3333333333333333,0.0,0.0,1.0,9.666666666666666
5105464,Dallin Hall,252,BYU Cougars,Guard,97.0,7,22,4,13,8,9,0,5,5,17,6,0,4,7,26,3,Big 12,0.3181818181818182,0.3076923076923077,0.8888888888888888,0.4090909090909091,32.333333333333336,2.3333333333333335,7.333333333333333,1.3333333333333333,4.333333333333333,0.0,1.6666666666666667,1.6666666666666667,5.666666666666667,2.0,0.0,1.3333333333333333,8.666666666666666
5105468,Trevan Leonhardt,3084,Utah Valley Wolverines,Guard,4.0,0,0,0,0,0,0,0,0,0,0,0,0,0,0,0,1,United Athletic,,,,,4.0,0.0,0.0,0.0,0.0,0.0,0.0,0.0,0.0,0.0,0.0,0.0,0.0
5105471,Ethan Potter,3084,Utah Valley Wolverines,Forward,40.0,10,15,0,0,3,4,1,4,5,0,0,1,1,4,23,1,United Athletic,0.6666666666666666,,0.75,0.6666666666666666,40.0,10.0,15.0,0.0,0.0,1.0,4.0,5.0,0.0,0.0,1.0,1.0,23.0
5105481,Will Johnston,2351,Loyola Marymount Lions,Guard,35.0,2,8,1,4,0,0,0,2,2,2,0,0,0,1,5,1,West Coast,0.25,0.25,,0.3125,35.0,2.0,8.0,1.0,4.0,0.0,2.0,2.0,2.0,0.0,0.0,0.0,5.0
5105486,Chendall Weaver,251,Texas Longhorns,Guard,65.0,8,16,1,4,7,7,3,4,7,0,1,0,2,7,24,3,Big 12,0.5,0.25,1.0,0.53125,21.666666666666668,2.6666666666666665,5.333333333333333,0.3333333333333333,1.3333333333333333,1.0,1.3333333333333333,2.3333333333333335,0.0,0.3333333333333333,0.0,0.6666666666666666,8.0
5105487,Brandon Walker,147,Montana State Bobcats,Forward,61.0,22,35,2,6,0,6,1,18,19,3,2,2,4,7,46,4,Big Sky,0.6285714285714286,0.3333333333333333,0.0,0.6571428571428571,15.25,5.5,8.75,0.5,1.5,0.25,4.5,4.75,0.75,0.5,0.5,1.0,11.5
5105489,Kyron Gibson,2181,Drake Bulldogs,Guard,62.0,5,16,3,10,2,2,0,5,5,6,1,0,1,3,15,4,Missouri Valley,0.3125,0.3,1.0,0.40625,15.5,1.25,4.0,0.75,2.5,0.0,1.25,1.25,1.5,0.25,0.0,0.25,3.75
5105493,Dario Domingos,2627,Tarleton State Texans,Forward,17.0,4,6,0,0,0,0,2,2,4,2,1,2,2,2,8,3,United Athletic,0.6666666666666666,,,0.6666666666666666,5.666666666666667,1.3333333333333333,2.0,0.0,0.0,0.6666666666666666,0.6666666666666666,1.3333333333333333,0.6666666666666666,0.3333333333333333,0.6666666666666666,0.6666666666666666,2.6666666666666665
5105494,Drake Allen,3084,Utah Valley Wolverines,Guard,39.0,4,16,2,5,7,9,1,2,3,5,1,0,3,4,17,1,United Athletic,0.25,0.4,0.7777777777777778,0.3125,39.0,4.0,16.0,2.0,5.0,1.0,2.0,3.0,5.0,1.0,0.0,3.0,17.0
5105496,Vasja Pandza,2547,Seattle U Redhawks,Guard,58.0,3,9,0,4,2,4,0,9,9,3,5,0,5,5,8,6,United Athletic,0.3333333333333333,0.0,0.5,0.3333333333333333,9.666666666666666,0.5,1.5,0.0,0.6666666666666666,0.0,1.5,1.5,0.5,0.8333333333333334,0.0,0.8333333333333334,1.3333333333333333
5105499,Seyi Reiley,2547,Seattle U Redhawks,Forward,151.0,17,24,0,0,10,17,17,25,42,6,6,1,10,16,44,6,United Athletic,0.7083333333333334,,0.5882352941176471,0.7083333333333334,25.166666666666668,2.8333333333333335,4.0,0.0,0.0,2.8333333333333335,4.166666666666667,7.0,1.0,1.0,0.16666666666666666,1.6666666666666667,7.333333333333333
5105513,Max Scharnowski,333,Alabama Crimson Tide,Forward,2.0,1,1,0,0,0,0,0,0,0,0,0,0,0,1,2,1,SEC,1.0,,,1.0,2.0,1.0,1.0,0.0,0.0,0.0,0.0,0.0,0.0,0.0,0.0,0.0,2.0
5105514,Kai Spears,333,Alabama Crimson Tide,Guard,2.0,0,1,0,0,2,2,0,0,0,0,0,0,1,1,2,1,SEC,0.0,,1.0,0.0,2.0,0.0,1.0,0.0,0.0,0.0,0.0,0.0,0.0,0.0,0.0,1.0,2.0
5105522,Tre Donaldson,2,Auburn Tigers,Guard,86.0,10,21,5,8,3,6,1,8,9,12,3,0,4,3,28,4,SEC,0.47619047619047616,0.625,0.5,0.5952380952380952,21.5,2.5,5.25,1.25,2.0,0.25,2.0,2.25,3.0,0.75,0.0,1.0,7.0
5105524,Presley Patterson,2,Auburn Tigers,Guard,3.0,0,0,0,0,0,0,0,2,2,0,0,0,1,0,0,2,SEC,,,,,1.5,0.0,0.0,0.0,0.0,0.0,1.0,1.0,0.0,0.0,0.0,0.5,0.0
5105527,Denzel Aberdeen,57,Florida Gators,Guard,68.0,13,23,6,10,4,5,1,3,4,3,6,0,2,7,36,4,SEC,0.5652173913043478,0.6,0.8,0.6956521739130435,17.0,3.25,5.75,1.5,2.5,0.25,0.75,1.0,0.75,1.5,0.0,0.5,9.0
5105529,Riley Kugel,57,Florida Gators,Guard,59.0,6,17,1,5,10,10,2,10,12,1,4,2,3,6,23,3,SEC,0.35294117647058826,0.2,1.0,0.38235294117647056,19.666666666666668,2.0,5.666666666666667,0.3333333333333333,1.6666666666666667,0.6666666666666666,3.3333333333333335,4.0,0.3333333333333333,1.3333333333333333,0.6666666666666666,1.0,7.666666666666667
5105530,Brandon Klatsky,61,Georgia Bulldogs,Guard,1.0,0,0,0,0,0,0,0,0,0,0,0,0,0,0,0,1,SEC,,,,,1.0,0.0,0.0,0.0,0.0,0.0,0.0,0.0,0.0,0.0,0.0,0.0,0.0
5105532,Jaden Newell,61,Georgia Bulldogs,Forward,1.0,0,0,0,0,0,0,0,1,1,0,0,0,0,0,0,1,SEC,,,,,1.0,0.0,0.0,0.0,0.0,0.0,1.0,1.0,0.0,0.0,0.0,0.0,0.0
5105534,Jalen Reed,99,LSU Tigers,Forward,43.0,3,7,1,1,1,2,0,3,3,3,0,2,3,3,8,2,SEC,0.42857142857142855,1.0,0.5,0.5,21.5,1.5,3.5,0.5,0.5,0.0,1.5,1.5,1.5,0.0,1.0,1.5,4.0
5105537,Shawn Phillips Jr.,9,Arizona State Sun Devils,Center,21.0,3,9,0,0,0,2,3,2,5,0,1,0,0,3,6,1,Pac-12,0.3333333333333333,,0.0,0.3333333333333333,21.0,3.0,9.0,0.0,0.0,3.0,2.0,5.0,0.0,1.0,0.0,0.0,6.0
5105538,Kimani Hamilton,2272,High Point Panthers,Forward,179.0,21,48,0,10,13,14,17,16,33,12,5,3,6,15,55,5,Big South,0.4375,0.0,0.9285714285714286,0.4375,35.8,4.2,9.6,0.0,2.0,3.4,3.2,6.6,2.4,1.0,0.6,1.2,11.0
5105540,Shawn Jones Jr.,344,Mississippi State Bulldogs,Guard,39.0,6,8,0,2,1,2,6,5,11,2,5,1,3,5,13,4,SEC,0.75,0.0,0.5,0.75,9.75,1.5,2.0,0.0,0.5,1.5,1.25,2.75,0.5,1.25,0.25,0.75,3.25
5105541,Mohamed Diarra,152,NC State Wolfpack,Forward,311.0,33,68,5,24,19,26,23,89,112,16,11,18,9,22,90,10,ACC,0.4852941176470588,0.20833333333333334,0.7307692307692307,0.5220588235294118,31.1,3.3,6.8,0.5,2.4,2.3,8.9,11.2,1.6,1.1,1.8,0.9,9.0
5105543,Aidan Shaw,142,Missouri Tigers,Forward,5.0,1,1,0,0,0,0,0,2,2,0,0,0,0,0,2,1,SEC,1.0,,,1.0,5.0,1.0,1.0,0.0,0.0,0.0,2.0,2.0,0.0,0.0,0.0,0.0,2.0
5105545,TJ Caldwell,145,Ole Miss Rebels,Guard,19.0,0,4,0,1,1,2,0,2,2,2,1,0,0,4,1,1,SEC,0.0,0.0,0.5,0.0,19.0,0.0,4.0,0.0,1.0,0.0,2.0,2.0,2.0,1.0,0.0,0.0,1.0
5105548,Zachary Davis,2579,South Carolina Gamecocks,Guard,86.0,8,21,0,5,8,13,4,9,13,9,3,1,7,10,24,3,SEC,0.38095238095238093,0.0,0.6153846153846154,0.38095238095238093,28.666666666666668,2.6666666666666665,7.0,0.0,1.6666666666666667,1.3333333333333333,3.0,4.333333333333333,3.0,1.0,0.3333333333333333,2.3333333333333335,8.0
5105551,Daniel Hankins-Sanford,113,Massachusetts Minutemen,Forward,10.0,0,2,0,0,0,0,0,0,0,0,0,0,0,2,0,1,Atlantic 10,0.0,,,0.0,10.0,0.0,2.0,0.0,0.0,0.0,0.0,0.0,0.0,0.0,0.0,0.0,0.0
5105552,B.J. Edwards,2567,SMU Mustangs,Guard,38.0,2,6,1,2,2,2,4,8,12,5,1,0,0,1,7,2,American,0.3333333333333333,0.5,1.0,0.4166666666666667,19.0,1.0,3.0,0.5,1.0,2.0,4.0,6.0,2.5,0.5,0.0,0.0,3.5
5105555,Tobe Awaka,2633,Tennessee Volunteers,Forward,67.0,10,20,0,0,5,5,10,11,21,1,1,2,3,16,25,5,SEC,0.5,,1.0,0.5,13.4,2.0,4.0,0.0,0.0,2.0,2.2,4.2,0.2,0.2,0.4,0.6,5.0
5105558,Colin Coyne,2633,Tennessee Volunteers,Forward,1.0,0,0,0,0,0,0,0,0,0,0,0,0,0,1,0,1,SEC,,,,,1.0,0.0,0.0,0.0,0.0,0.0,0.0,0.0,0.0,0.0,0.0,0.0,0.0
5105560,Erik Pratt,270,Milwaukee Panthers,Guard,127.0,15,37,5,15,14,15,4,8,12,15,2,1,5,12,49,4,Horizon,0.40540540540540543,0.3333333333333333,0.9333333333333333,0.47297297297297297,31.75,3.75,9.25,1.25,3.75,1.0,2.0,3.0,3.75,0.5,0.25,1.25,12.25
5105561,Jordan Williams,238,Vanderbilt Commodores,Guard,3.0,1,1,0,0,0,0,1,1,2,0,0,0,0,2,2,1,SEC,1.0,,,1.0,3.0,1.0,1.0,0.0,0.0,1.0,1.0,2.0,0.0,0.0,0.0,0.0,2.0
5105562,Solomon Washington,245,Texas A&M Aggies,Forward,150.0,19,37,6,16,14,18,11,27,38,4,7,10,6,20,58,5,SEC,0.5135135135135135,0.375,0.7777777777777778,0.5945945945945946,30.0,3.8,7.4,1.2,3.2,2.2,5.4,7.6,0.8,1.4,2.0,1.2,11.6
5105563,Jaelyn Lee,245,Texas A&M Aggies,Guard,2.0,0,0,0,0,0,0,0,1,1,0,0,0,0,0,0,1,SEC,,,,,2.0,0.0,0.0,0.0,0.0,0.0,1.0,1.0,0.0,0.0,0.0,0.0,0.0
5105565,Donovan Clingan,41,UConn Huskies,Center,228.0,56,87,0,2,21,32,16,62,78,16,6,27,8,19,133,9,Big East,0.6436781609195402,0.0,0.65625,0.6436781609195402,25.333333333333332,6.222222222222222,9.666666666666666,0.0,0.2222222222222222,1.7777777777777777,6.888888888888889,8.666666666666666,1.7777777777777777,0.6666666666666666,3.0,0.8888888888888888,14.777777777777779
5105566,Apostolos Roumoglou,41,UConn Huskies,Guard,9.0,3,3,2,2,4,4,0,1,1,0,0,0,0,1,12,6,Big East,1.0,1.0,1.0,1.3333333333333333,1.5,0.5,0.5,0.3333333333333333,0.3333333333333333,0.0,0.16666666666666666,0.16666666666666666,0.0,0.0,0.0,0.0,2.0
5105567,Andre Johnson Jr.,41,UConn Huskies,Guard,5.0,1,1,1,1,0,0,0,0,0,0,1,0,0,0,3,5,Big East,1.0,1.0,,1.5,1.0,0.2,0.2,0.2,0.2,0.0,0.0,0.0,0.0,0.2,0.0,0.0,0.6
5105569,Filip Borovicanin,12,Arizona Wildcats,Forward,2.0,0,0,0,0,0,0,0,0,0,0,0,0,0,0,0,2,Pac-12,,,,,1.0,0.0,0.0,0.0,0.0,0.0,0.0,0.0,0.0,0.0,0.0,0.0,0.0
5105577,Jasen Green,156,Creighton Bluejays,Forward,44.0,4,6,0,0,0,0,9,7,16,1,0,0,2,2,8,4,Big East,0.6666666666666666,,,0.6666666666666666,11.0,1.0,1.5,0.0,0.0,2.25,1.75,4.0,0.25,0.0,0.0,0.5,2.0
5105578,Ben Shtolzberg,2540,UC Santa Barbara Gauchos,Guard,9.0,0,2,0,1,3,3,0,2,2,1,0,0,0,1,3,1,Big West,0.0,0.0,1.0,0.0,9.0,0.0,2.0,0.0,1.0,0.0,2.0,2.0,1.0,0.0,0.0,0.0,3.0
5105580,Fredrick King,156,Creighton Bluejays,Center,1.0,0,0,0,0,0,0,0,1,1,0,0,0,1,1,0,1,Big East,,,,,1.0,0.0,0.0,0.0,0.0,0.0,1.0,1.0,0.0,0.0,0.0,1.0,0.0
5105582,K.T. Raimey,305,DePaul Blue Demons,Guard,18.0,2,5,2,5,0,0,0,0,0,0,0,1,0,1,6,1,Big East,0.4,0.4,,0.6,18.0,2.0,5.0,2.0,5.0,0.0,0.0,0.0,0.0,0.0,1.0,0.0,6.0
5105583,Da'Sean Nelson,305,DePaul Blue Demons,Forward,18.0,3,8,0,2,1,1,1,1,2,3,0,0,1,3,7,1,Big East,0.375,0.0,1.0,0.375,18.0,3.0,8.0,0.0,2.0,1.0,1.0,2.0,3.0,0.0,0.0,1.0,7.0
5105587,Grant Newell,25,California Golden Bears,Forward,28.0,1,4,0,2,0,1,2,2,4,0,1,0,1,2,2,1,Pac-12,0.25,0.0,0.0,0.25,28.0,1.0,4.0,0.0,2.0,2.0,2.0,4.0,0.0,1.0,0.0,1.0,2.0
5105589,Brendan Hausen,222,Villanova Wildcats,Guard,55.0,4,20,4,19,0,0,1,5,6,2,2,0,3,3,12,3,Big East,0.2,0.21052631578947367,,0.3,18.333333333333332,1.3333333333333333,6.666666666666667,1.3333333333333333,6.333333333333333,0.3333333333333333,1.6666666666666667,2.0,0.6666666666666666,0.6666666666666666,0.0,1.0,4.0
5105590,Mark Armstrong,222,Villanova Wildcats,Guard,100.0,13,30,4,13,6,8,0,6,6,12,3,2,8,4,36,3,Big East,0.43333333333333335,0.3076923076923077,0.75,0.5,33.333333333333336,4.333333333333333,10.0,1.3333333333333333,4.333333333333333,0.0,2.0,2.0,4.0,1.0,0.6666666666666666,2.6666666666666665,12.0
5105593,Jaquan Sanders,2550,Seton Hall Pirates,Guard,55.0,9,15,6,11,0,0,0,2,2,4,0,1,2,3,24,5,Big East,0.6,0.5454545454545454,,0.8,11.0,1.8,3.0,1.2,2.2,0.0,0.4,0.4,0.8,0.0,0.2,0.4,4.8
5105594,Tae Davis,87,Notre Dame Fighting Irish,Forward,56.0,8,15,1,1,11,15,3,3,6,4,1,0,5,7,28,2,ACC,0.5333333333333333,1.0,0.7333333333333333,0.5666666666666667,28.0,4.0,7.5,0.5,0.5,1.5,1.5,3.0,2.0,0.5,0.0,2.5,14.0
5105598,Chase Ross,269,Marquette Golden Eagles,Guard,149.0,11,28,5,14,6,9,0,20,20,3,11,4,5,11,33,6,Big East,0.39285714285714285,0.35714285714285715,0.6666666666666666,0.48214285714285715,24.833333333333332,1.8333333333333333,4.666666666666667,0.8333333333333334,2.3333333333333335,0.0,3.3333333333333335,3.3333333333333335,0.5,1.8333333333333333,0.6666666666666666,0.8333333333333334,5.5
5105599,Ben Gold,269,Marquette Golden Eagles,Forward,80.0,10,19,8,15,2,6,2,7,9,3,0,1,1,11,30,6,Big East,0.5263157894736842,0.5333333333333333,0.3333333333333333,0.7368421052631579,13.333333333333334,1.6666666666666667,3.1666666666666665,1.3333333333333333,2.5,0.3333333333333333,1.1666666666666667,1.5,0.5,0.0,0.16666666666666666,0.16666666666666666,5.0
5105602,Jonah Lucas,269,Marquette Golden Eagles,Guard,1.0,0,0,0,0,0,0,0,0,0,0,0,0,0,0,0,1,Big East,,,,,1.0,0.0,0.0,0.0,0.0,0.0,0.0,0.0,0.0,0.0,0.0,0.0,0.0
5105603,AJ Storr,275,Wisconsin Badgers,Guard,162.0,36,84,10,29,21,26,7,19,26,2,8,1,11,8,103,5,Big Ten,0.42857142857142855,0.3448275862068966,0.8076923076923077,0.4880952380952381,32.4,7.2,16.8,2.0,5.8,1.4,3.8,5.2,0.4,1.6,0.2,2.2,20.6
5105604,Kolby King,2655,Tulane Green Wave,Guard,16.0,0,4,0,1,0,0,0,1,1,0,1,0,1,1,0,1,American,0.0,0.0,,0.0,16.0,0.0,4.0,0.0,1.0,0.0,1.0,1.0,0.0,1.0,0.0,1.0,0.0
5105606,Desmond Claude,2752,Xavier Musketeers,Guard,107.0,27,53,6,11,9,11,3,13,16,11,4,0,10,6,69,3,Big East,0.5094339622641509,0.5454545454545454,0.8181818181818182,0.5660377358490566,35.666666666666664,9.0,17.666666666666668,2.0,3.6666666666666665,1.0,4.333333333333333,5.333333333333333,3.6666666666666665,1.3333333333333333,0.0,3.3333333333333335,23.0
5105609,Ian Sabourin,2752,Xavier Musketeers,Forward,3.0,0,0,0,0,0,0,0,0,0,1,0,0,0,0,0,1,Big East,,,,,3.0,0.0,0.0,0.0,0.0,0.0,0.0,0.0,1.0,0.0,0.0,0.0,0.0
5105618,Quante Berry,218,Temple Owls,Guard,22.0,1,7,0,2,1,2,0,0,0,3,1,0,1,0,3,4,American,0.14285714285714285,0.0,0.5,0.14285714285714285,5.5,0.25,1.75,0.0,0.5,0.0,0.0,0.0,0.75,0.25,0.0,0.25,0.75
5105619,Jayden Pierre,2507,Providence Friars,Guard,137.0,22,56,9,30,6,8,3,11,14,12,1,0,10,9,59,4,Big East,0.39285714285714285,0.3,0.75,0.4732142857142857,34.25,5.5,14.0,2.25,7.5,0.75,2.75,3.5,3.0,0.25,0.0,2.5,14.75
5105620,Tyrone Williams,295,Old Dominion Monarchs,Guard,38.0,15,29,1,4,5,5,4,3,7,1,4,0,1,1,36,1,Sun Belt,0.5172413793103449,0.25,1.0,0.5344827586206896,38.0,15.0,29.0,1.0,4.0,4.0,3.0,7.0,1.0,4.0,0.0,1.0,36.0
5105622,Brennan Rigsby,2483,Oregon Ducks,Guard,99.0,4,12,0,6,0,0,1,4,5,0,6,1,2,8,8,5,Pac-12,0.3333333333333333,0.0,,0.3333333333333333,19.8,0.8,2.4,0.0,1.2,0.2,0.8,1.0,0.0,1.2,0.2,0.4,1.6
5105623,Kel'el Ware,84,Indiana Hoosiers,Center,68.0,10,24,0,2,6,8,6,15,21,3,4,4,5,4,26,2,Big Ten,0.4166666666666667,0.0,0.75,0.4166666666666667,34.0,5.0,12.0,0.0,1.0,3.0,7.5,10.5,1.5,2.0,2.0,2.5,13.0
5105624,Jordan Pope,204,Oregon State Beavers,Guard,37.0,6,16,3,8,1,1,1,1,2,3,2,0,1,1,16,1,Pac-12,0.375,0.375,1.0,0.46875,37.0,6.0,16.0,3.0,8.0,1.0,1.0,2.0,3.0,2.0,0.0,1.0,16.0
5105626,Tyler Bilodeau,204,Oregon State Beavers,Forward,25.0,6,8,1,2,0,0,1,2,3,1,1,0,2,4,13,1,Pac-12,0.75,0.5,,0.8125,25.0,6.0,8.0,1.0,2.0,1.0,2.0,3.0,1.0,1.0,0.0,2.0,13.0
5105627,Michael Rataj,204,Oregon State Beavers,Forward,23.0,2,5,0,1,0,0,1,4,5,2,0,0,1,0,4,1,Pac-12,0.4,0.0,,0.4,23.0,2.0,5.0,0.0,1.0,1.0,4.0,5.0,2.0,0.0,0.0,1.0,4.0
5105631,KC Ibekwe,204,Oregon State Beavers,Center,30.0,4,6,0,0,0,1,2,2,4,1,0,2,0,4,8,1,Pac-12,0.6666666666666666,,0.0,0.6666666666666666,30.0,4.0,6.0,0.0,0.0,2.0,2.0,4.0,1.0,0.0,2.0,0.0,8.0
5105633,Benny Gealer,24,Stanford Cardinal,Guard,36.0,2,7,0,3,0,0,1,6,7,7,1,0,2,6,4,2,Pac-12,0.2857142857142857,0.0,,0.2857142857142857,18.0,1.0,3.5,0.0,1.5,0.5,3.0,3.5,3.5,0.5,0.0,1.0,2.0
5105635,Abramo Canka,154,Wake Forest Demon Deacons,Guard,8.0,1,3,0,1,0,0,2,0,2,0,0,0,1,0,2,1,ACC,0.3333333333333333,0.0,,0.3333333333333333,8.0,1.0,3.0,0.0,1.0,2.0,0.0,2.0,0.0,0.0,0.0,1.0,2.0
5105636,Dylan Andrews,26,UCLA Bruins,Guard,76.0,21,36,9,17,4,7,0,6,6,6,4,0,4,5,55,2,Pac-12,0.5833333333333334,0.5294117647058824,0.5714285714285714,0.7083333333333334,38.0,10.5,18.0,4.5,8.5,0.0,3.0,3.0,3.0,2.0,0.0,2.0,27.5
5105637,Adem Bona,26,UCLA Bruins,Forward,51.0,8,12,0,0,9,13,3,7,10,3,3,1,9,7,25,2,Pac-12,0.6666666666666666,,0.6923076923076923,0.6666666666666666,25.5,4.0,6.0,0.0,0.0,1.5,3.5,5.0,1.5,1.5,0.5,4.5,12.5
5105641,Vincent Iwuchukwu,30,USC Trojans,Forward,28.0,2,7,0,0,2,4,0,4,4,1,2,3,3,3,6,2,Pac-12,0.2857142857142857,,0.5,0.2857142857142857,14.0,1.0,3.5,0.0,0.0,0.0,2.0,2.0,0.5,1.0,1.5,1.5,3.0
5105642,Oziyah Sellers,30,USC Trojans,Guard,9.0,0,0,0,0,0,0,0,1,1,2,0,0,1,0,0,2,Pac-12,,,,,4.5,0.0,0.0,0.0,0.0,0.0,0.5,0.5,1.0,0.0,0.0,0.5,0.0
5105643,Tre White,97,Louisville Cardinals,Guard,34.0,6,12,1,2,0,0,3,3,6,0,1,1,3,4,13,1,ACC,0.5,0.5,,0.5416666666666666,34.0,6.0,12.0,1.0,2.0,3.0,3.0,6.0,0.0,1.0,1.0,3.0,13.0
5105644,Kijani Wright,30,USC Trojans,Forward,4.0,0,0,0,0,0,0,0,0,0,0,0,0,1,1,0,1,Pac-12,,,,,4.0,0.0,0.0,0.0,0.0,0.0,0.0,0.0,0.0,0.0,0.0,1.0,0.0
5105647,Keba Keita,254,Utah Utes,Center,71.0,12,23,0,0,3,7,5,13,18,2,5,5,8,10,27,6,Pac-12,0.5217391304347826,,0.42857142857142855,0.5217391304347826,11.833333333333334,2.0,3.8333333333333335,0.0,0.0,0.8333333333333334,2.1666666666666665,3.0,0.3333333333333333,0.8333333333333334,0.8333333333333334,1.3333333333333333,4.5
5105648,Luka Tarlac,254,Utah Utes,Guard,4.0,0,0,0,0,0,0,0,1,1,0,1,0,1,0,0,1,Pac-12,,,,,4.0,0.0,0.0,0.0,0.0,0.0,1.0,1.0,0.0,1.0,0.0,1.0,0.0
5105649,Koren Johnson,264,Washington Huskies,Guard,37.0,6,11,3,4,2,2,1,3,4,3,2,0,3,3,17,1,Pac-12,0.5454545454545454,0.75,1.0,0.6818181818181818,37.0,6.0,11.0,3.0,4.0,1.0,3.0,4.0,3.0,2.0,0.0,3.0,17.0
5105650,Tyler Linhardt,70,Idaho Vandals,Forward,9.0,1,4,1,4,2,2,0,2,2,1,0,0,0,1,5,1,Big Sky,0.25,0.25,1.0,0.375,9.0,1.0,4.0,1.0,4.0,0.0,2.0,2.0,1.0,0.0,0.0,0.0,5.0
5105657,AJ Rohosy,265,Washington State Cougars,Forward,1.0,0,0,0,0,0,0,0,0,0,1,0,0,0,0,0,1,Pac-12,,,,,1.0,0.0,0.0,0.0,0.0,0.0,0.0,0.0,1.0,0.0,0.0,0.0,0.0
5105659,Kymany Houinsou,265,Washington State Cougars,Guard,81.0,11,23,0,2,1,3,6,9,15,8,0,4,8,4,23,4,Pac-12,0.4782608695652174,0.0,0.3333333333333333,0.4782608695652174,20.25,2.75,5.75,0.0,0.5,1.5,2.25,3.75,2.0,0.0,1.0,2.0,5.75
5105660,Geoff Sprouse,44,American University Eagles,Guard,23.0,3,7,2,6,1,1,1,0,1,1,0,0,1,1,9,1,Patriot League,0.42857142857142855,0.3333333333333333,1.0,0.5714285714285714,23.0,3.0,7.0,2.0,6.0,1.0,0.0,1.0,1.0,0.0,0.0,1.0,9.0
5105662,Jermaine Ballisager Webb,44,American University Eagles,Center,8.0,1,2,0,0,3,4,1,1,2,0,0,1,1,1,5,1,Patriot League,0.5,,0.75,0.5,8.0,1.0,2.0,0.0,0.0,1.0,1.0,2.0,0.0,0.0,1.0,1.0,5.0
5105663,Nico Nobili,104,Boston University Terriers,Forward,46.0,5,13,0,4,0,3,3,8,11,3,0,1,3,6,10,2,Patriot League,0.38461538461538464,0.0,0.0,0.38461538461538464,23.0,2.5,6.5,0.0,2.0,1.5,4.0,5.5,1.5,0.0,0.5,1.5,5.0
5105665,Ben Roy,104,Boston University Terriers,Guard,43.0,3,5,0,2,2,4,1,3,4,4,2,0,5,3,8,2,Patriot League,0.6,0.0,0.5,0.6,21.5,1.5,2.5,0.0,1.0,0.5,1.5,2.0,2.0,1.0,0.0,2.5,4.0
5105666,Otto Landrum,104,Boston University Terriers,Forward,36.0,5,12,1,3,0,0,5,2,7,3,0,0,4,6,11,2,Patriot League,0.4166666666666667,0.3333333333333333,,0.4583333333333333,18.0,2.5,6.0,0.5,1.5,2.5,1.0,3.5,1.5,0.0,0.0,2.0,5.5
5105667,Brady Muller,2083,Bucknell Bison,Forward,1.0,0,0,0,0,0,0,0,0,0,0,1,0,0,1,0,1,Patriot League,,,,,1.0,0.0,0.0,0.0,0.0,0.0,0.0,0.0,0.0,1.0,0.0,0.0,0.0
5105668,Noah Williamson,2083,Bucknell Bison,Center,67.0,14,27,6,12,8,15,5,13,18,4,1,0,3,9,42,2,Patriot League,0.5185185185185185,0.5,0.5333333333333333,0.6296296296296297,33.5,7.0,13.5,3.0,6.0,2.5,6.5,9.0,2.0,0.5,0.0,1.5,21.0
5105670,Ruot Bijiek,2083,Bucknell Bison,Forward,50.0,4,10,2,7,0,0,5,5,10,3,1,1,0,5,10,2,Patriot League,0.4,0.2857142857142857,,0.5,25.0,2.0,5.0,1.0,3.5,2.5,2.5,5.0,1.5,0.5,0.5,0.0,5.0
5105671,Brady Cummins,2142,Colgate Raiders,Guard,82.0,11,23,1,6,2,3,2,8,10,0,2,1,0,5,25,4,Patriot League,0.4782608695652174,0.16666666666666666,0.6666666666666666,0.5,20.5,2.75,5.75,0.25,1.5,0.5,2.0,2.5,0.0,0.5,0.25,0.0,6.25
5105672,Braeden Smith,2142,Colgate Raiders,Guard,124.0,21,50,5,21,11,13,1,30,31,15,7,1,6,4,58,4,Patriot League,0.42,0.23809523809523808,0.8461538461538461,0.47,31.0,5.25,12.5,1.25,5.25,0.25,7.5,7.75,3.75,1.75,0.25,1.5,14.5
5105675,Will Batchelder,107,Holy Cross Crusaders,Guard,52.0,6,14,2,5,2,4,1,3,4,6,1,0,4,3,16,2,Patriot League,0.42857142857142855,0.4,0.5,0.5,26.0,3.0,7.0,1.0,2.5,0.5,1.5,2.0,3.0,0.5,0.0,2.0,8.0
5105678,Ryan Pettit,322,Lafayette Leopards,Guard,16.0,1,7,1,5,1,2,2,1,3,3,1,0,0,1,4,1,Patriot League,0.14285714285714285,0.2,0.5,0.21428571428571427,16.0,1.0,7.0,1.0,5.0,2.0,1.0,3.0,3.0,1.0,0.0,0.0,4.0
5105681,Joshua Rivera,2230,Fordham Rams,Forward,41.0,6,8,1,3,1,2,2,3,5,0,0,0,2,6,14,2,Atlantic 10,0.75,0.3333333333333333,0.5,0.8125,20.5,3.0,4.0,0.5,1.5,1.0,1.5,2.5,0.0,0.0,0.0,1.0,7.0
5105682,Brendan Reed,2329,Lehigh Mountain Hawks,Guard,1.0,0,0,0,0,0,0,0,0,0,0,0,0,0,0,0,1,Patriot League,,,,,1.0,0.0,0.0,0.0,0.0,0.0,0.0,0.0,0.0,0.0,0.0,0.0,0.0
5105683,Bube Momah,2329,Lehigh Mountain Hawks,Forward,47.0,4,10,0,0,2,7,2,9,11,2,1,0,2,3,10,3,Patriot League,0.4,,0.2857142857142857,0.4,15.666666666666666,1.3333333333333333,3.3333333333333335,0.0,0.0,0.6666666666666666,3.0,3.6666666666666665,0.6666666666666666,0.3333333333333333,0.0,0.6666666666666666,3.3333333333333335
5105684,Henri Adiassa,2329,Lehigh Mountain Hawks,Center,11.0,0,0,0,0,0,0,2,1,3,1,0,0,0,3,0,1,Patriot League,,,,,11.0,0.0,0.0,0.0,0.0,2.0,1.0,3.0,1.0,0.0,0.0,0.0,0.0
5105685,Tommy Conniff,2329,Lehigh Mountain Hawks,Center,1.0,0,0,0,0,0,0,0,0,0,0,0,0,0,0,0,1,Patriot League,,,,,1.0,0.0,0.0,0.0,0.0,0.0,0.0,0.0,0.0,0.0,0.0,0.0,0.0
5105687,Deon Perry,2352,Loyola Maryland Greyhounds,Guard,33.0,8,19,4,8,1,1,1,0,1,1,2,0,4,1,21,1,Patriot League,0.42105263157894735,0.5,1.0,0.5263157894736842,33.0,8.0,19.0,4.0,8.0,1.0,0.0,1.0,1.0,2.0,0.0,4.0,21.0
5105688,Garrett Brennan,2352,Loyola Maryland Greyhounds,Guard,21.0,1,3,0,1,3,5,0,1,1,1,2,0,2,2,5,1,Patriot League,0.3333333333333333,0.0,0.6,0.3333333333333333,21.0,1.0,3.0,0.0,1.0,0.0,1.0,1.0,1.0,2.0,0.0,2.0,5.0
5105689,Tyson Commander,2352,Loyola Maryland Greyhounds,Guard,32.0,2,9,0,3,1,1,1,1,2,1,1,0,0,4,5,1,Patriot League,0.2222222222222222,0.0,1.0,0.2222222222222222,32.0,2.0,9.0,0.0,3.0,1.0,1.0,2.0,1.0,1.0,0.0,0.0,5.0
5105691,Austin Benigni,2426,Navy Midshipmen,Guard,77.0,13,32,0,2,20,21,1,5,6,8,1,0,8,3,46,2,Patriot League,0.40625,0.0,0.9523809523809523,0.40625,38.5,6.5,16.0,0.0,1.0,0.5,2.5,3.0,4.0,0.5,0.0,4.0,23.0
5105694,Mike Woods,2426,Navy Midshipmen,Forward,30.0,1,5,0,0,2,2,3,6,9,2,2,0,0,1,4,2,Patriot League,0.2,,1.0,0.2,15.0,0.5,2.5,0.0,0.0,1.5,3.0,4.5,1.0,1.0,0.0,0.0,2.0
5105698,Aidan Kehoe,2426,Navy Midshipmen,Center,63.0,7,13,0,0,1,6,11,10,21,6,3,4,5,4,15,2,Patriot League,0.5384615384615384,,0.16666666666666666,0.5384615384615384,31.5,3.5,6.5,0.0,0.0,5.5,5.0,10.5,3.0,1.5,2.0,2.5,7.5
5105717,Khalil Farmer,2275,Hofstra Pride,Guard,1.0,0,0,0,0,0,0,0,1,1,0,0,0,0,0,0,1,Coastal,,,,,1.0,0.0,0.0,0.0,0.0,0.0,1.0,1.0,0.0,0.0,0.0,0.0,0.0
5105719,German Plotnikov,2275,Hofstra Pride,Guard,51.0,0,6,0,4,1,2,0,2,2,1,2,0,0,5,1,2,Coastal,0.0,0.0,0.5,0.0,25.5,0.0,3.0,0.0,2.0,0.0,1.0,1.0,0.5,1.0,0.0,0.0,0.5
5105758,Jordan Crawford,232,Charleston Cougars,Guard,19.0,5,7,2,3,0,0,0,0,0,1,0,0,2,3,12,4,Coastal,0.7142857142857143,0.6666666666666666,,0.8571428571428571,4.75,1.25,1.75,0.5,0.75,0.0,0.0,0.0,0.25,0.0,0.0,0.5,3.0
5105760,Khalil London,232,Charleston Cougars,Guard,31.0,0,4,0,3,3,4,3,4,7,2,1,0,1,5,3,4,Coastal,0.0,0.0,0.75,0.0,7.75,0.0,1.0,0.0,0.75,0.75,1.0,1.75,0.5,0.25,0.0,0.25,0.75
5105761,Ante Brzovic,232,Charleston Cougars,Forward,101.0,14,35,0,6,9,13,7,18,25,8,2,2,7,8,37,4,Coastal,0.4,0.0,0.6923076923076923,0.4,25.25,3.5,8.75,0.0,1.5,1.75,4.5,6.25,2.0,0.5,0.5,1.75,9.25
5105765,Spencer Legg,232,Charleston Cougars,Forward,1.0,0,0,0,0,0,0,2,0,2,0,0,0,0,0,0,1,Coastal,,,,,1.0,0.0,0.0,0.0,0.0,2.0,0.0,2.0,0.0,0.0,0.0,0.0,0.0
5105771,Cavan Reilly,48,Delaware Blue Hens,Guard,55.0,8,15,5,11,1,1,0,4,4,3,0,0,5,2,22,2,Coastal,0.5333333333333333,0.45454545454545453,1.0,0.7,27.5,4.0,7.5,2.5,5.5,0.0,2.0,2.0,1.5,0.0,0.0,2.5,11.0
5105772,Houston Emory,48,Delaware Blue Hens,Forward,8.0,0,0,0,0,0,0,0,0,0,0,0,1,3,5,0,1,Coastal,,,,,8.0,0.0,0.0,0.0,0.0,0.0,0.0,0.0,0.0,0.0,1.0,3.0,0.0
5105779,Kobe MaGee,2182,Drexel Dragons,Guard,13.0,2,3,0,1,0,0,0,0,0,1,0,0,0,0,4,1,Coastal,0.6666666666666666,0.0,,0.6666666666666666,13.0,2.0,3.0,0.0,1.0,0.0,0.0,0.0,1.0,0.0,0.0,0.0,4.0
5105780,Justin Moore,2182,Drexel Dragons,Guard,42.0,3,15,1,6,1,2,0,3,3,6,1,0,3,1,8,1,Coastal,0.2,0.16666666666666666,0.5,0.23333333333333334,42.0,3.0,15.0,1.0,6.0,0.0,3.0,3.0,6.0,1.0,0.0,3.0,8.0
5105781,Garfield Turner,2182,Drexel Dragons,Forward,30.0,3,5,0,0,6,10,4,5,9,0,1,2,1,3,12,1,Coastal,0.6,,0.6,0.6,30.0,3.0,5.0,0.0,0.0,4.0,5.0,9.0,0.0,1.0,2.0,1.0,12.0
5105785,Max Mackinnon,2210,Elon Phoenix,Guard,31.0,2,10,0,6,1,2,3,4,7,3,1,0,2,1,5,1,Coastal,0.2,0.0,0.5,0.2,31.0,2.0,10.0,0.0,6.0,3.0,4.0,7.0,3.0,1.0,0.0,2.0,5.0
5105787,LA Pratt,2210,Elon Phoenix,Guard,27.0,3,6,2,4,0,0,0,2,2,1,1,0,2,1,8,1,Coastal,0.5,0.5,,0.6666666666666666,27.0,3.0,6.0,2.0,4.0,0.0,2.0,2.0,1.0,1.0,0.0,2.0,8.0
5105791,Jayden Epps,46,Georgetown Hoyas,Guard,40.0,12,23,3,8,3,11,1,2,3,4,1,2,2,2,30,1,Big East,0.5217391304347826,0.375,0.2727272727272727,0.5869565217391305,40.0,12.0,23.0,3.0,8.0,1.0,2.0,3.0,4.0,1.0,2.0,2.0,30.0
5105792,Ty Rodgers,356,Illinois Fighting Illini,Forward,152.0,15,33,0,0,3,10,21,20,41,11,1,2,7,10,33,7,Big Ten,0.45454545454545453,,0.3,0.45454545454545453,21.714285714285715,2.142857142857143,4.714285714285714,0.0,0.0,3.0,2.857142857142857,5.857142857142857,1.5714285714285714,0.14285714285714285,0.2857142857142857,1.0,4.714285714285714
5105794,Skyy Clark,97,Louisville Cardinals,Guard,40.0,12,17,7,9,5,5,2,2,4,2,2,0,6,2,36,1,ACC,0.7058823529411765,0.7777777777777778,1.0,0.9117647058823529,40.0,12.0,17.0,7.0,9.0,2.0,2.0,4.0,2.0,2.0,0.0,6.0,36.0
5105795,Kaleb Banks,84,Indiana Hoosiers,Forward,7.0,1,2,0,1,0,0,0,1,1,1,0,0,0,0,2,1,Big Ten,0.5,0.0,,0.5,7.0,1.0,2.0,0.0,1.0,0.0,1.0,1.0,1.0,0.0,0.0,0.0,2.0
5105796,CJ Gunn,84,Indiana Hoosiers,Guard,24.0,7,15,3,9,0,0,1,0,1,1,1,1,1,3,17,1,Big Ten,0.4666666666666667,0.3333333333333333,,0.5666666666666667,24.0,7.0,15.0,3.0,9.0,1.0,0.0,1.0,1.0,1.0,1.0,1.0,17.0
5105798,Malik Reneau,84,Indiana Hoosiers,Forward,56.0,7,20,1,2,6,6,4,9,13,5,1,0,8,9,21,2,Big Ten,0.35,0.5,1.0,0.375,28.0,3.5,10.0,0.5,1.0,2.0,4.5,6.5,2.5,0.5,0.0,4.0,10.5
5105800,Josh Dix,2294,Iowa Hawkeyes,Guard,95.0,10,23,2,8,5,6,2,10,12,6,3,2,1,5,27,3,Big Ten,0.43478260869565216,0.25,0.8333333333333334,0.4782608695652174,31.666666666666668,3.3333333333333335,7.666666666666667,0.6666666666666666,2.6666666666666665,0.6666666666666666,3.3333333333333335,4.0,2.0,1.0,0.6666666666666666,0.3333333333333333,9.0
5105803,Noah Batchelor,120,Maryland Terrapins,Guard,26.0,1,2,0,1,0,0,0,3,3,1,1,0,0,1,2,2,Big Ten,0.5,0.0,,0.5,13.0,0.5,1.0,0.0,0.5,0.0,1.5,1.5,0.5,0.5,0.0,0.0,1.0
5105804,Caelum Swanton-Rodger,120,Maryland Terrapins,Center,20.0,0,1,0,0,3,4,2,4,6,0,0,1,2,4,3,2,Big Ten,0.0,,0.75,0.0,10.0,0.0,0.5,0.0,0.0,1.0,2.0,3.0,0.0,0.0,0.5,1.0,1.5
5105805,Dug McDaniel,130,Michigan Wolverines,Guard,34.0,3,12,1,7,0,0,1,2,3,6,1,0,4,3,7,1,Big Ten,0.25,0.14285714285714285,,0.2916666666666667,34.0,3.0,12.0,1.0,7.0,1.0,2.0,3.0,6.0,1.0,0.0,4.0,7.0
5105807,Gregg Glenn III,2655,Tulane Green Wave,Forward,8.0,2,3,0,0,1,2,3,1,4,1,0,1,1,3,5,1,American,0.6666666666666666,,0.5,0.6666666666666666,8.0,2.0,3.0,0.0,0.0,3.0,1.0,4.0,1.0,0.0,1.0,1.0,5.0
5105809,Tarris Reed Jr.,130,Michigan Wolverines,Forward,28.0,5,10,0,0,2,3,4,4,8,1,0,1,0,5,12,1,Big Ten,0.5,,0.6666666666666666,0.5,28.0,5.0,10.0,0.0,0.0,4.0,4.0,8.0,1.0,0.0,1.0,0.0,12.0
5105810,Jackson Selvala,130,Michigan Wolverines,Forward,1.0,1,1,0,0,0,0,0,0,0,0,1,0,0,0,2,1,Big Ten,1.0,,,1.0,1.0,1.0,1.0,0.0,0.0,0.0,0.0,0.0,0.0,1.0,0.0,0.0,2.0
5105811,Dan Skillings Jr.,2132,Cincinnati Bearcats,Guard,204.0,40,89,6,24,15,22,15,26,41,12,8,3,16,13,101,6,Big 12,0.449438202247191,0.25,0.6818181818181818,0.48314606741573035,34.0,6.666666666666667,14.833333333333334,1.0,4.0,2.5,4.333333333333333,6.833333333333333,2.0,1.3333333333333333,0.5,2.6666666666666665,16.833333333333332
5105812,Josh Reed,2132,Cincinnati Bearcats,Guard,67.0,2,10,1,7,2,2,4,6,10,3,2,0,0,5,7,6,Big 12,0.2,0.14285714285714285,1.0,0.25,11.166666666666666,0.3333333333333333,1.6666666666666667,0.16666666666666666,1.1666666666666667,0.6666666666666666,1.0,1.6666666666666667,0.5,0.3333333333333333,0.0,0.0,1.1666666666666667
5105813,Chase Kirkwood,2132,Cincinnati Bearcats,Guard,1.0,0,0,0,0,0,0,0,0,0,0,0,0,0,0,0,1,Big 12,,,,,1.0,0.0,0.0,0.0,0.0,0.0,0.0,0.0,0.0,0.0,0.0,0.0,0.0
5105814,Sage Tolentino,2132,Cincinnati Bearcats,Forward,1.0,0,0,0,0,0,0,0,0,0,0,0,0,0,1,0,1,Big 12,,,,,1.0,0.0,0.0,0.0,0.0,0.0,0.0,0.0,0.0,0.0,0.0,0.0,0.0
5105815,Jaxon Kohler,127,Michigan State Spartans,Forward,44.0,7,13,0,0,1,2,6,6,12,1,0,1,0,11,15,4,Big Ten,0.5384615384615384,,0.5,0.5384615384615384,11.0,1.75,3.25,0.0,0.0,1.5,1.5,3.0,0.25,0.0,0.25,0.0,3.75
5105816,Tre Holloman,127,Michigan State Spartans,Guard,77.0,9,13,4,5,4,5,1,8,9,6,4,2,7,11,26,4,Big Ten,0.6923076923076923,0.8,0.8,0.8461538461538461,19.25,2.25,3.25,1.0,1.25,0.25,2.0,2.25,1.5,1.0,0.5,1.75,6.5
5105817,Carson Cooper,127,Michigan State Spartans,Center,70.0,3,5,0,0,1,4,3,7,10,2,1,0,1,6,7,4,Big Ten,0.6,,0.25,0.6,17.5,0.75,1.25,0.0,0.0,0.75,1.75,2.5,0.5,0.25,0.0,0.25,1.75
5105818,Nick Sanders,127,Michigan State Spartans,Guard,1.0,0,1,0,0,0,0,0,0,0,0,0,0,0,0,0,1,Big Ten,0.0,,,0.0,1.0,0.0,1.0,0.0,0.0,0.0,0.0,0.0,0.0,0.0,0.0,0.0,0.0
5105820,Braeden Carrington,135,Minnesota Golden Gophers,Guard,64.0,1,10,0,6,0,0,2,3,5,3,3,0,0,3,2,3,Big Ten,0.1,0.0,,0.1,21.333333333333332,0.3333333333333333,3.3333333333333335,0.0,2.0,0.6666666666666666,1.0,1.6666666666666667,1.0,1.0,0.0,0.0,0.6666666666666666
5105821,Jaden Henley,305,DePaul Blue Demons,Guard,25.0,3,9,0,4,0,0,0,2,2,1,0,0,0,1,6,1,Big East,0.3333333333333333,0.0,,0.3333333333333333,25.0,3.0,9.0,0.0,4.0,0.0,2.0,2.0,1.0,0.0,0.0,0.0,6.0
5105822,Joshua Ola-Joseph,135,Minnesota Golden Gophers,Forward,3.0,0,0,0,0,0,0,0,1,1,0,0,0,0,0,0,1,Big Ten,,,,,3.0,0.0,0.0,0.0,0.0,0.0,1.0,1.0,0.0,0.0,0.0,0.0,0.0
5105823,Pharrel Payne,135,Minnesota Golden Gophers,Forward,68.0,14,25,0,0,10,14,11,5,16,4,3,1,11,5,38,3,Big Ten,0.56,,0.7142857142857143,0.56,22.666666666666668,4.666666666666667,8.333333333333334,0.0,0.0,3.6666666666666665,1.6666666666666667,5.333333333333333,1.3333333333333333,1.0,0.3333333333333333,3.6666666666666665,12.666666666666666
5105825,Jamarques Lawrence,158,Nebraska Cornhuskers,Guard,73.0,9,12,4,7,8,10,0,5,5,5,2,1,4,5,30,3,Big Ten,0.75,0.5714285714285714,0.8,0.9166666666666666,24.333333333333332,3.0,4.0,1.3333333333333333,2.3333333333333335,0.0,1.6666666666666667,1.6666666666666667,1.6666666666666667,0.6666666666666666,0.3333333333333333,1.3333333333333333,10.0
5105827,Cale Jacobsen,158,Nebraska Cornhuskers,Guard,6.0,1,3,1,1,0,0,0,0,0,0,0,0,0,0,3,2,Big Ten,0.3333333333333333,1.0,,0.5,3.0,0.5,1.5,0.5,0.5,0.0,0.0,0.0,0.0,0.0,0.0,0.0,1.5
5105832,Nick Martinelli,77,Northwestern Wildcats,Forward,105.0,9,26,0,4,0,0,5,11,16,4,1,0,4,7,18,3,Big Ten,0.34615384615384615,0.0,,0.34615384615384615,35.0,3.0,8.666666666666666,0.0,1.3333333333333333,1.6666666666666667,3.6666666666666665,5.333333333333333,1.3333333333333333,0.3333333333333333,0.0,1.3333333333333333,6.0
5105833,Luke Hunger,77,Northwestern Wildcats,Forward,91.0,7,20,0,5,6,8,7,12,19,8,0,0,2,7,20,3,Big Ten,0.35,0.0,0.75,0.35,30.333333333333332,2.3333333333333335,6.666666666666667,0.0,1.6666666666666667,2.3333333333333335,4.0,6.333333333333333,2.6666666666666665,0.0,0.0,0.6666666666666666,6.666666666666667
5105834,Blake Smith,77,Northwestern Wildcats,Guard,37.0,0,3,0,1,3,6,3,5,8,0,3,2,2,1,3,3,Big Ten,0.0,0.0,0.5,0.0,12.333333333333334,0.0,1.0,0.0,0.3333333333333333,1.0,1.6666666666666667,2.6666666666666665,0.0,1.0,0.6666666666666666,0.6666666666666666,1.0
5105836,Roddy Gayle Jr.,194,Ohio State Buckeyes,Guard,146.0,22,51,4,13,10,14,5,20,25,15,2,3,8,13,58,5,Big Ten,0.43137254901960786,0.3076923076923077,0.7142857142857143,0.47058823529411764,29.2,4.4,10.2,0.8,2.6,1.0,4.0,5.0,3.0,0.4,0.6,1.6,11.6
5105837,Bruce Thornton,194,Ohio State Buckeyes,Guard,167.0,24,53,10,20,10,14,4,20,24,40,5,0,5,8,68,5,Big Ten,0.4528301886792453,0.5,0.7142857142857143,0.5471698113207547,33.4,4.8,10.6,2.0,4.0,0.8,4.0,4.8,8.0,1.0,0.0,1.0,13.6
5105840,Bowen Hardman,194,Ohio State Buckeyes,Guard,2.0,1,1,1,1,0,0,0,0,0,0,0,0,0,0,3,1,Big Ten,1.0,1.0,,1.5,2.0,1.0,1.0,1.0,1.0,0.0,0.0,0.0,0.0,0.0,0.0,0.0,3.0
5105841,Felix Okpara,194,Ohio State Buckeyes,Center,122.0,23,42,0,3,3,9,14,21,35,4,1,14,5,17,49,5,Big Ten,0.5476190476190477,0.0,0.3333333333333333,0.5476190476190477,24.4,4.6,8.4,0.0,0.6,2.8,4.2,7.0,0.8,0.2,2.8,1.0,9.8
5105845,Kebba Njie,87,Notre Dame Fighting Irish,Forward,63.0,1,4,0,0,10,12,7,8,15,0,2,0,4,4,12,2,ACC,0.25,,0.8333333333333334,0.25,31.5,0.5,2.0,0.0,0.0,3.5,4.0,7.5,0.0,1.0,0.0,2.0,6.0
5105846,Jameel Brown,213,Penn State Nittany Lions,Guard,14.0,0,1,0,1,0,0,0,2,2,0,2,0,0,1,0,2,Big Ten,0.0,0.0,,0.0,7.0,0.0,0.5,0.0,0.5,0.0,1.0,1.0,0.0,1.0,0.0,0.0,0.0
5105847,Evan Mahaffey,194,Ohio State Buckeyes,Guard,86.0,2,15,0,1,2,4,4,13,17,6,3,3,2,9,6,5,Big Ten,0.13333333333333333,0.0,0.5,0.13333333333333333,17.2,0.4,3.0,0.0,0.2,0.8,2.6,3.4,1.2,0.6,0.6,0.4,1.2
5105848,Demetrius Lilley,213,Penn State Nittany Lions,Forward,13.0,2,4,0,0,1,1,1,6,7,0,0,0,0,1,5,2,Big Ten,0.5,,1.0,0.5,6.5,1.0,2.0,0.0,0.0,0.5,3.0,3.5,0.0,0.0,0.0,0.0,2.5
5105853,Fletcher Loyer,2509,Purdue Boilermakers,Guard,256.0,22,56,11,22,17,18,3,15,18,16,8,0,7,12,72,8,Big Ten,0.39285714285714285,0.5,0.9444444444444444,0.49107142857142855,32.0,2.75,7.0,1.375,2.75,0.375,1.875,2.25,2.0,1.0,0.0,0.875,9.0
5105854,Braden Smith,2509,Purdue Boilermakers,Guard,272.0,25,72,11,29,5,8,6,36,42,70,9,1,21,18,66,8,Big Ten,0.3472222222222222,0.3793103448275862,0.625,0.4236111111111111,34.0,3.125,9.0,1.375,3.625,0.75,4.5,5.25,8.75,1.125,0.125,2.625,8.25
5105855,Camden Heide,2509,Purdue Boilermakers,Forward,112.0,11,18,3,9,4,6,9,8,17,2,3,1,2,10,29,8,Big Ten,0.6111111111111112,0.3333333333333333,0.6666666666666666,0.6944444444444444,14.0,1.375,2.25,0.375,1.125,1.125,1.0,2.125,0.25,0.375,0.125,0.25,3.625
5105856,Sam King,2509,Purdue Boilermakers,Forward,1.0,1,1,0,0,0,0,1,0,1,0,0,0,0,0,2,1,Big Ten,1.0,,,1.0,1.0,1.0,1.0,0.0,0.0,1.0,0.0,1.0,0.0,0.0,0.0,0.0,2.0
5105857,Will Berg,2509,Purdue Boilermakers,Center,5.0,1,1,0,0,3,4,0,4,4,1,0,0,1,0,5,2,Big Ten,1.0,,0.75,1.0,2.5,0.5,0.5,0.0,0.0,0.0,2.0,2.0,0.5,0.0,0.0,0.5,2.5
5105858,Derek Simpson,164,Rutgers Scarlet Knights,Guard,27.0,2,12,0,3,0,0,1,1,2,4,2,0,0,1,4,1,Big Ten,0.16666666666666666,0.0,,0.16666666666666666,27.0,2.0,12.0,0.0,3.0,1.0,1.0,2.0,4.0,2.0,0.0,0.0,4.0
5105859,Antwone Woolfolk,164,Rutgers Scarlet Knights,Forward,9.0,1,1,0,0,0,0,0,0,0,1,2,0,0,5,2,1,Big Ten,1.0,,,1.0,9.0,1.0,1.0,0.0,0.0,0.0,0.0,0.0,1.0,2.0,0.0,0.0,2.0
5105861,Connor Essegian,275,Wisconsin Badgers,Guard,12.0,3,5,2,4,1,1,0,1,1,1,0,0,0,1,9,2,Big Ten,0.6,0.5,1.0,0.8,6.0,1.5,2.5,1.0,2.0,0.0,0.5,0.5,0.5,0.0,0.0,0.0,4.5
5105862,Luke Haertle,275,Wisconsin Badgers,Guard,3.0,0,0,0,0,0,0,0,0,0,0,0,0,1,0,0,1,Big Ten,,,,,3.0,0.0,0.0,0.0,0.0,0.0,0.0,0.0,0.0,0.0,0.0,1.0,0.0
5105865,Reed Bailey,2166,Davidson Wildcats,Guard,24.0,3,8,0,0,5,6,1,2,3,2,1,0,4,4,11,1,Atlantic 10,0.375,,0.8333333333333334,0.375,24.0,3.0,8.0,0.0,0.0,1.0,2.0,3.0,2.0,1.0,0.0,4.0,11.0
5105866,Sean Logan,2166,Davidson Wildcats,Forward,34.0,1,2,0,0,1,4,0,5,5,2,1,6,1,4,3,1,Atlantic 10,0.5,,0.25,0.5,34.0,1.0,2.0,0.0,0.0,0.0,5.0,5.0,2.0,1.0,6.0,1.0,3.0
5105875,Mike Sharavjamts,2539,San Francisco Dons,Guard,68.0,5,13,2,6,1,2,1,9,10,10,4,1,3,2,13,3,West Coast,0.38461538461538464,0.3333333333333333,0.5,0.46153846153846156,22.666666666666668,1.6666666666666667,4.333333333333333,0.6666666666666666,2.0,0.3333333333333333,3.0,3.3333333333333335,3.3333333333333335,1.3333333333333333,0.3333333333333333,1.0,4.333333333333333
5105876,Lamar Wilkerson,2534,Sam Houston Bearkats,Guard,63.0,8,21,2,8,7,12,5,4,9,1,0,0,2,3,25,2,Conference USA,0.38095238095238093,0.25,0.5833333333333334,0.42857142857142855,31.5,4.0,10.5,1.0,4.0,2.5,2.0,4.5,0.5,0.0,0.0,1.0,12.5
5105877,Anthony Wrzeszcz,2534,Sam Houston Bearkats,Guard,7.0,0,0,0,0,0,0,0,0,0,1,0,0,0,1,0,1,Conference USA,,,,,7.0,0.0,0.0,0.0,0.0,0.0,0.0,0.0,1.0,0.0,0.0,0.0,0.0
5105879,Cameron Huefner,2534,Sam Houston Bearkats,Forward,48.0,7,13,2,5,3,5,3,4,7,2,1,0,3,5,19,2,Conference USA,0.5384615384615384,0.4,0.6,0.6153846153846154,24.0,3.5,6.5,1.0,2.5,1.5,2.0,3.5,1.0,0.5,0.0,1.5,9.5
5105880,Jimmy Clark III,2184,Duquesne Dukes,Guard,189.0,30,79,10,31,18,22,4,19,23,25,13,2,10,13,88,6,Atlantic 10,0.379746835443038,0.3225806451612903,0.8181818181818182,0.4430379746835443,31.5,5.0,13.166666666666666,1.6666666666666667,5.166666666666667,0.6666666666666666,3.1666666666666665,3.8333333333333335,4.166666666666667,2.1666666666666665,0.3333333333333333,1.6666666666666667,14.666666666666666
5105881,David Dixon,2184,Duquesne Dukes,Forward,122.0,16,32,0,1,9,11,10,19,29,9,4,6,12,18,41,6,Atlantic 10,0.5,0.0,0.8181818181818182,0.5,20.333333333333332,2.6666666666666665,5.333333333333333,0.0,0.16666666666666666,1.6666666666666667,3.1666666666666665,4.833333333333333,1.5,0.6666666666666666,1.0,2.0,6.833333333333333
5105882,Halil Barre,2184,Duquesne Dukes,Forward,19.0,3,5,0,0,0,0,4,3,7,0,0,1,1,3,6,4,Atlantic 10,0.6,,,0.6,4.75,0.75,1.25,0.0,0.0,1.0,0.75,1.75,0.0,0.0,0.25,0.25,1.5
5105883,Matus Hronsky,2184,Duquesne Dukes,Forward,28.0,7,12,1,3,0,0,0,4,4,0,0,1,0,7,15,5,Atlantic 10,0.5833333333333334,0.3333333333333333,,0.625,5.6,1.4,2.4,0.2,0.6,0.0,0.8,0.8,0.0,0.0,0.2,0.0,3.0
5105885,Kareem Rozier,2184,Duquesne Dukes,Guard,81.0,7,20,3,12,2,2,0,5,5,11,3,0,5,4,19,6,Atlantic 10,0.35,0.25,1.0,0.425,13.5,1.1666666666666667,3.3333333333333335,0.5,2.0,0.0,0.8333333333333334,0.8333333333333334,1.8333333333333333,0.5,0.0,0.8333333333333334,3.1666666666666665
5105887,Will Richardson,2230,Fordham Rams,Guard,50.0,9,24,5,15,5,6,4,3,7,2,2,0,5,2,28,2,Atlantic 10,0.375,0.3333333333333333,0.8333333333333334,0.4791666666666667,25.0,4.5,12.0,2.5,7.5,2.0,1.5,3.5,1.0,1.0,0.0,2.5,14.0
5105890,Romad Dean,2230,Fordham Rams,Forward,49.0,4,8,2,5,2,4,5,7,12,2,1,1,1,4,12,2,Atlantic 10,0.5,0.4,0.5,0.625,24.5,2.0,4.0,1.0,2.5,2.5,3.5,6.0,1.0,0.5,0.5,0.5,6.0
5105894,Elijah Gray,2230,Fordham Rams,Forward,29.0,3,6,1,4,1,2,1,2,3,0,0,0,1,3,8,2,Atlantic 10,0.5,0.25,0.5,0.5833333333333334,14.5,1.5,3.0,0.5,2.0,0.5,1.0,1.5,0.0,0.0,0.0,0.5,4.0
5105901,Ryan Zan,2325,La Salle Explorers,Forward,8.0,1,3,0,0,0,0,0,0,0,0,1,0,0,2,2,2,Atlantic 10,0.3333333333333333,,,0.3333333333333333,4.0,0.5,1.5,0.0,0.0,0.0,0.0,0.0,0.0,0.5,0.0,0.0,1.0
5105904,Rokas Jocius,2325,La Salle Explorers,Forward,70.0,9,20,3,6,0,1,3,8,11,2,2,2,2,4,21,2,Atlantic 10,0.45,0.5,0.0,0.525,35.0,4.5,10.0,1.5,3.0,1.5,4.0,5.5,1.0,1.0,1.0,1.0,10.5
5105965,Jalen Quinn,2350,Loyola Chicago Ramblers,Guard,53.0,4,15,2,2,4,7,1,1,2,5,4,0,1,4,14,2,Atlantic 10,0.26666666666666666,1.0,0.5714285714285714,0.3333333333333333,26.5,2.0,7.5,1.0,1.0,0.5,0.5,1.0,2.5,2.0,0.0,0.5,7.0
5105968,Philip Alston,2350,Loyola Chicago Ramblers,Forward,57.0,10,21,2,4,7,11,4,8,12,1,0,2,3,7,29,2,Atlantic 10,0.47619047619047616,0.5,0.6363636363636364,0.5238095238095238,28.5,5.0,10.5,1.0,2.0,2.0,4.0,6.0,0.5,0.0,1.0,1.5,14.5
5105974,Mike Walz,257,Richmond Spiders,Center,20.0,2,4,0,0,1,1,4,2,6,2,1,1,1,1,5,2,Atlantic 10,0.5,,1.0,0.5,10.0,1.0,2.0,0.0,0.0,2.0,1.0,3.0,1.0,0.5,0.5,0.5,2.5
5105976,Quin Berger,2083,Bucknell Bison,Guard,5.0,1,2,0,1,0,0,0,2,2,0,0,0,0,0,2,2,Patriot League,0.5,0.0,,0.5,2.5,0.5,1.0,0.0,0.5,0.0,1.0,1.0,0.0,0.0,0.0,0.0,1.0
5105977,Rasheer Fleming,2603,Saint Joseph's Hawks,Forward,130.0,12,23,3,11,7,11,11,27,38,5,3,6,6,9,34,4,Atlantic 10,0.5217391304347826,0.2727272727272727,0.6363636363636364,0.5869565217391305,32.5,3.0,5.75,0.75,2.75,2.75,6.75,9.5,1.25,0.75,1.5,1.5,8.5
5105978,Christ Essandoko,2603,Saint Joseph's Hawks,Center,86.0,13,25,2,5,3,4,8,10,18,7,1,2,9,6,31,4,Atlantic 10,0.52,0.4,0.75,0.56,21.5,3.25,6.25,0.5,1.25,2.0,2.5,4.5,1.75,0.25,0.5,2.25,7.75
5105979,Louis Bleechmore,2217,Fairfield Stags,Guard,156.0,9,19,4,9,7,8,1,11,12,9,6,3,5,12,29,6,MAAC,0.47368421052631576,0.4444444444444444,0.875,0.5789473684210527,26.0,1.5,3.1666666666666665,0.6666666666666666,1.5,0.16666666666666666,1.8333333333333333,2.0,1.5,1.0,0.5,0.8333333333333334,4.833333333333333
5105980,Kellen Thames,139,Saint Louis Billikens,Guard,54.0,4,10,1,3,4,7,0,5,5,2,1,1,1,7,13,2,Atlantic 10,0.4,0.3333333333333333,0.5714285714285714,0.45,27.0,2.0,5.0,0.5,1.5,0.0,2.5,2.5,1.0,0.5,0.5,0.5,6.5
5105981,Larry Hughes II,139,Saint Louis Billikens,Guard,57.0,4,12,2,9,3,4,1,3,4,0,1,0,3,4,13,2,Atlantic 10,0.3333333333333333,0.2222222222222222,0.75,0.4166666666666667,28.5,2.0,6.0,1.0,4.5,0.5,1.5,2.0,0.0,0.5,0.0,1.5,6.5
5105982,Daniel Rivera,2803,Bryant Bulldogs,Forward,67.0,13,26,0,1,3,9,5,20,25,8,3,6,5,6,29,2,America East,0.5,0.0,0.3333333333333333,0.5,33.5,6.5,13.0,0.0,0.5,2.5,10.0,12.5,4.0,1.5,3.0,2.5,14.5
5105987,Barry Evans,179,St. Bonaventure Bonnies,Forward,51.0,4,9,2,3,0,0,4,11,15,4,3,2,2,4,10,3,Atlantic 10,0.4444444444444444,0.6666666666666666,,0.5555555555555556,17.0,1.3333333333333333,3.0,0.6666666666666666,1.0,1.3333333333333333,3.6666666666666665,5.0,1.3333333333333333,1.0,0.6666666666666666,0.6666666666666666,3.3333333333333335
5105988,Assa Essamvous,179,St. Bonaventure Bonnies,Forward,105.0,8,18,4,12,4,4,4,15,19,2,3,6,0,4,24,3,Atlantic 10,0.4444444444444444,0.3333333333333333,1.0,0.5555555555555556,35.0,2.6666666666666665,6.0,1.3333333333333333,4.0,1.3333333333333333,5.0,6.333333333333333,0.6666666666666666,1.0,2.0,0.0,8.0
5106034,Tafara Gapare,59,Georgia Tech Yellow Jackets,Forward,18.0,1,3,0,1,3,4,2,2,4,3,0,0,0,4,5,1,ACC,0.3333333333333333,0.0,0.75,0.3333333333333333,18.0,1.0,3.0,0.0,1.0,2.0,2.0,4.0,3.0,0.0,0.0,0.0,5.0
5106035,RJ Luis Jr.,2599,St. John's Red Storm,Guard,52.0,8,20,0,4,11,11,1,10,11,3,1,0,3,5,27,2,Big East,0.4,0.0,1.0,0.4,26.0,4.0,10.0,0.0,2.0,0.5,5.0,5.5,1.5,0.5,0.0,1.5,13.5
5106037,Keon Thompson,113,Massachusetts Minutemen,Guard,30.0,2,11,1,5,0,0,0,4,4,3,0,0,0,4,5,1,Atlantic 10,0.18181818181818182,0.2,,0.22727272727272727,30.0,2.0,11.0,1.0,5.0,0.0,4.0,4.0,3.0,0.0,0.0,0.0,5.0
5106039,Alphonzo Billups III,2670,VCU Rams,Guard,42.0,6,13,6,12,0,0,0,1,1,3,3,0,2,2,18,4,Atlantic 10,0.46153846153846156,0.5,,0.6923076923076923,10.5,1.5,3.25,1.5,3.0,0.0,0.25,0.25,0.75,0.75,0.0,0.5,4.5
5106040,Toibu Lawal,2670,VCU Rams,Forward,134.0,15,24,0,0,23,30,18,27,45,2,6,5,10,21,53,7,Atlantic 10,0.625,,0.7666666666666667,0.625,19.142857142857142,2.142857142857143,3.4285714285714284,0.0,0.0,2.5714285714285716,3.857142857142857,6.428571428571429,0.2857142857142857,0.8571428571428571,0.7142857142857143,1.4285714285714286,7.571428571428571
5106041,Christian Fermin,2670,VCU Rams,Forward,125.0,12,21,0,0,6,11,13,11,24,5,2,9,7,20,30,7,Atlantic 10,0.5714285714285714,,0.5454545454545454,0.5714285714285714,17.857142857142858,1.7142857142857142,3.0,0.0,0.0,1.8571428571428572,1.5714285714285714,3.4285714285714284,0.7142857142857143,0.2857142857142857,1.2857142857142858,1.0,4.285714285714286
5106049,Saxby Sunderland,2344,Longwood Lancers,Guard,1.0,0,0,0,0,0,0,0,0,0,0,0,0,0,0,0,1,Big South,,,,,1.0,0.0,0.0,0.0,0.0,0.0,0.0,0.0,0.0,0.0,0.0,0.0,0.0
5106051,Ezra Ausar,151,East Carolina Pirates,Forward,70.0,13,20,1,2,15,24,6,13,19,5,2,1,2,5,42,2,American,0.65,0.5,0.625,0.675,35.0,6.5,10.0,0.5,1.0,3.0,6.5,9.5,2.5,1.0,0.5,1.0,21.0
5106053,Valentino Pinedo,151,East Carolina Pirates,Forward,2.0,0,1,0,0,0,0,0,0,0,0,0,0,0,1,0,2,American,0.0,,,0.0,1.0,0.0,0.5,0.0,0.0,0.0,0.0,0.0,0.0,0.0,0.0,0.0,0.0
5106058,Emanuel Sharp,248,Houston Cougars,Guard,195.0,25,66,17,42,19,22,1,12,13,6,7,2,7,19,86,6,Big 12,0.3787878787878788,0.40476190476190477,0.8636363636363636,0.5075757575757576,32.5,4.166666666666667,11.0,2.8333333333333335,7.0,0.16666666666666666,2.0,2.1666666666666665,1.0,1.1666666666666667,0.3333333333333333,1.1666666666666667,14.333333333333334
5106205,Kalu Anya,225,Brown Bears,Forward,62.0,10,16,1,1,4,10,5,13,18,2,2,2,9,2,25,2,Ivy,0.625,1.0,0.4,0.65625,31.0,5.0,8.0,0.5,0.5,2.5,6.5,9.0,1.0,1.0,1.0,4.5,12.5
5106208,AJ Lesburt Jr.,225,Brown Bears,Guard,60.0,9,18,4,12,1,1,0,4,4,4,3,2,5,2,23,2,Ivy,0.5,0.3333333333333333,1.0,0.6111111111111112,30.0,4.5,9.0,2.0,6.0,0.0,2.0,2.0,2.0,1.5,1.0,2.5,11.5
5106247,Cooper Noard,172,Cornell Big Red,Guard,51.0,7,19,5,16,0,0,1,6,7,3,0,0,0,2,19,2,Ivy,0.3684210526315789,0.3125,,0.5,25.5,3.5,9.5,2.5,8.0,0.5,3.0,3.5,1.5,0.0,0.0,0.0,9.5
5106253,Eli King,155,North Dakota Fighting Hawks,Guard,19.0,3,7,2,4,0,0,0,2,2,0,1,0,1,3,8,1,Summit League,0.42857142857142855,0.5,,0.5714285714285714,19.0,3.0,7.0,2.0,4.0,0.0,2.0,2.0,0.0,1.0,0.0,1.0,8.0
5106254,Tamin Lipsey,66,Iowa State Cyclones,Guard,200.0,24,49,10,20,12,13,8,19,27,31,12,1,5,8,70,6,Big 12,0.4897959183673469,0.5,0.9230769230769231,0.5918367346938775,33.333333333333336,4.0,8.166666666666666,1.6666666666666667,3.3333333333333335,1.3333333333333333,3.1666666666666665,4.5,5.166666666666667,2.0,0.16666666666666666,0.8333333333333334,11.666666666666666
5106255,Demarion Watson,66,Iowa State Cyclones,Guard,57.0,2,2,0,0,0,0,1,10,11,4,1,0,1,6,4,4,Big 12,1.0,,,1.0,14.25,0.5,0.5,0.0,0.0,0.25,2.5,2.75,1.0,0.25,0.0,0.25,1.0
5106256,Conrad Hawley,66,Iowa State Cyclones,Forward,2.0,0,1,0,0,0,0,0,0,0,0,1,0,0,1,0,2,Big 12,0.0,,,0.0,1.0,0.0,0.5,0.0,0.0,0.0,0.0,0.0,0.0,0.5,0.0,0.0,0.0
5106260,Wilder Evers,2305,Kansas Jayhawks,Guard,3.0,0,1,0,1,0,0,0,0,0,1,0,1,0,0,0,2,Big 12,0.0,0.0,,0.0,1.5,0.0,0.5,0.0,0.5,0.0,0.0,0.0,0.5,0.0,0.5,0.0,0.0
5106261,Ernest Udeh Jr.,2628,TCU Horned Frogs,Center,63.0,5,8,0,0,4,9,9,4,13,0,5,3,2,8,14,3,Big 12,0.625,,0.4444444444444444,0.625,21.0,1.6666666666666667,2.6666666666666665,0.0,0.0,3.0,1.3333333333333333,4.333333333333333,0.0,1.6666666666666667,1.0,0.6666666666666666,4.666666666666667
5106262,Zuby Ejiofor,2599,St. John's Red Storm,Forward,21.0,4,6,1,2,4,4,0,1,1,1,1,1,1,1,13,2,Big East,0.6666666666666666,0.5,1.0,0.75,10.5,2.0,3.0,0.5,1.0,0.0,0.5,0.5,0.5,0.5,0.5,0.5,6.5
5106265,Dorian Finister,2306,Kansas State Wildcats,Guard,4.0,1,1,0,0,0,0,0,0,0,0,0,0,1,2,2,1,Big 12,1.0,,,1.0,4.0,1.0,1.0,0.0,0.0,0.0,0.0,0.0,0.0,0.0,0.0,1.0,2.0
5106266,Taj Manning,2306,Kansas State Wildcats,Forward,2.0,1,2,0,0,0,0,2,0,2,0,0,0,0,0,2,1,Big 12,0.5,,,0.5,2.0,1.0,2.0,0.0,0.0,2.0,0.0,2.0,0.0,0.0,0.0,0.0,2.0
5106268,Nae'Qwan Tomlin,235,Memphis Tigers,Forward,38.0,8,14,2,6,0,0,3,9,12,1,0,2,1,3,18,1,American,0.5714285714285714,0.3333333333333333,,0.6428571428571429,38.0,8.0,14.0,2.0,6.0,3.0,9.0,12.0,1.0,0.0,2.0,1.0,18.0
5106269,Luke Northweather,201,Oklahoma Sooners,Forward,12.0,0,2,0,2,0,0,2,1,3,0,0,1,0,1,0,1,Big 12,0.0,0.0,,0.0,12.0,0.0,2.0,0.0,2.0,2.0,1.0,3.0,0.0,0.0,1.0,0.0,0.0
5106270,Otega Oweh,201,Oklahoma Sooners,Guard,31.0,6,9,0,1,4,5,0,4,4,1,3,0,6,2,16,1,Big 12,0.6666666666666666,0.0,0.8,0.6666666666666666,31.0,6.0,9.0,0.0,1.0,0.0,4.0,4.0,1.0,3.0,0.0,6.0,16.0
5106272,Milos Uzan,201,Oklahoma Sooners,Guard,38.0,6,9,2,4,1,3,0,2,2,4,3,0,4,2,15,1,Big 12,0.6666666666666666,0.5,0.3333333333333333,0.7777777777777778,38.0,6.0,9.0,2.0,4.0,0.0,2.0,2.0,4.0,3.0,0.0,4.0,15.0
5106274,Quion Williams,197,Oklahoma State Cowboys,Guard,28.0,2,5,0,1,0,0,3,4,7,5,1,2,1,4,4,1,Big 12,0.4,0.0,,0.4,28.0,2.0,5.0,0.0,1.0,3.0,4.0,7.0,5.0,1.0,2.0,1.0,4.0
5106275,PJ Haggerty,202,Tulsa Golden Hurricane,Guard,39.0,9,18,2,3,9,15,1,5,6,9,1,0,0,4,29,1,American,0.5,0.6666666666666666,0.6,0.5555555555555556,39.0,9.0,18.0,2.0,3.0,1.0,5.0,6.0,9.0,1.0,0.0,0.0,29.0
5106280,Rowan Brumbaugh,46,Georgetown Hoyas,Guard,16.0,0,2,0,1,0,0,0,3,3,2,0,0,3,2,0,1,Big East,0.0,0.0,,0.0,16.0,0.0,2.0,0.0,1.0,0.0,3.0,3.0,2.0,0.0,0.0,3.0,0.0
5106283,Dillon Mitchell,251,Texas Longhorns,Forward,79.0,9,13,0,0,1,6,4,12,16,2,1,0,2,4,19,3,Big 12,0.6923076923076923,,0.16666666666666666,0.6923076923076923,26.333333333333332,3.0,4.333333333333333,0.0,0.0,1.3333333333333333,4.0,5.333333333333333,0.6666666666666666,0.3333333333333333,0.0,0.6666666666666666,6.333333333333333
5106284,Lamar Washington,2641,Texas Tech Red Raiders,Guard,33.0,2,5,0,1,2,3,2,6,8,4,0,0,2,4,6,2,Big 12,0.4,0.0,0.6666666666666666,0.4,16.5,1.0,2.5,0.0,0.5,1.0,3.0,4.0,2.0,0.0,0.0,1.0,3.0
5106285,Pop Isaacs,2641,Texas Tech Red Raiders,Guard,100.0,14,48,5,23,7,10,0,10,10,6,3,0,7,6,40,3,Big 12,0.2916666666666667,0.21739130434782608,0.7,0.34375,33.333333333333336,4.666666666666667,16.0,1.6666666666666667,7.666666666666667,0.0,3.3333333333333335,3.3333333333333335,2.0,1.0,0.0,2.3333333333333335,13.333333333333334
5106286,Robert Jennings,2641,Texas Tech Red Raiders,Forward,55.0,6,9,0,0,10,10,3,11,14,2,0,3,6,9,22,3,Big 12,0.6666666666666666,,1.0,0.6666666666666666,18.333333333333332,2.0,3.0,0.0,0.0,1.0,3.6666666666666665,4.666666666666667,0.6666666666666666,0.0,1.0,2.0,7.333333333333333
5106288,Elijah Fisher,305,DePaul Blue Demons,Guard,30.0,2,6,0,1,1,2,0,6,6,2,1,1,0,0,5,1,Big East,0.3333333333333333,0.0,0.5,0.3333333333333333,30.0,2.0,6.0,0.0,1.0,0.0,6.0,6.0,2.0,1.0,1.0,0.0,5.0
5106292,Josiah Harris,277,West Virginia Mountaineers,Forward,20.0,3,5,3,4,1,2,2,7,9,1,0,0,0,0,10,1,Big 12,0.6,0.75,0.5,0.9,20.0,3.0,5.0,3.0,4.0,2.0,7.0,9.0,1.0,0.0,0.0,0.0,10.0
5106293,Mohamed Wague,333,Alabama Crimson Tide,Forward,23.0,2,3,0,0,2,2,5,3,8,2,0,2,1,8,6,5,SEC,0.6666666666666666,,1.0,0.6666666666666666,4.6,0.4,0.6,0.0,0.0,1.0,0.6,1.6,0.4,0.0,0.4,0.2,1.2
5106310,Brady Cook,2856,California Baptist Lancers,Guard,6.0,0,1,0,1,0,1,0,0,0,0,1,0,0,0,0,1,United Athletic,0.0,0.0,0.0,0.0,6.0,0.0,1.0,0.0,1.0,0.0,0.0,0.0,0.0,1.0,0.0,0.0,0.0
5106313,Tyler Isaak,2856,California Baptist Lancers,Guard,6.0,0,2,0,1,0,0,0,1,1,1,1,0,0,0,0,1,United Athletic,0.0,0.0,,0.0,6.0,0.0,2.0,0.0,1.0,0.0,1.0,1.0,1.0,1.0,0.0,0.0,0.0
5106345,Colby Tanner,2000,Abilene Christian Wildcats,Guard,9.0,1,3,1,3,3,3,0,0,0,1,1,0,0,0,6,2,United Athletic,0.3333333333333333,0.3333333333333333,1.0,0.5,4.5,0.5,1.5,0.5,1.5,0.0,0.0,0.0,0.5,0.5,0.0,0.0,3.0
5106346,JV Seat,2000,Abilene Christian Wildcats,Guard,32.0,4,8,1,4,1,2,0,1,1,2,0,0,1,2,10,3,United Athletic,0.5,0.25,0.5,0.5625,10.666666666666666,1.3333333333333333,2.6666666666666665,0.3333333333333333,1.3333333333333333,0.0,0.3333333333333333,0.3333333333333333,0.6666666666666666,0.0,0.0,0.3333333333333333,3.3333333333333335
5106347,Muodubem Muoneke,2000,Abilene Christian Wildcats,Guard,16.0,4,8,0,1,0,4,2,3,5,0,0,1,2,3,8,2,United Athletic,0.5,0.0,0.0,0.5,8.0,2.0,4.0,0.0,0.5,1.0,1.5,2.5,0.0,0.0,0.5,1.0,4.0
5106446,Aamer Muhammad,2653,Troy Trojans,Guard,26.0,6,13,2,7,0,0,1,1,2,2,2,0,3,1,14,1,Sun Belt,0.46153846153846156,0.2857142857142857,,0.5384615384615384,26.0,6.0,13.0,2.0,7.0,1.0,1.0,2.0,2.0,2.0,0.0,3.0,14.0
5106449,Jackson Fields,2653,Troy Trojans,Forward,19.0,3,3,1,1,0,0,1,2,3,1,1,0,1,1,7,1,Sun Belt,1.0,1.0,,1.1666666666666667,19.0,3.0,3.0,1.0,1.0,1.0,2.0,3.0,1.0,1.0,0.0,1.0,7.0
5106452,Davion Sykes,326,Texas State Bobcats,Forward,129.0,17,37,0,1,8,12,5,16,21,7,3,1,3,7,42,4,Sun Belt,0.4594594594594595,0.0,0.6666666666666666,0.4594594594594595,32.25,4.25,9.25,0.0,0.25,1.25,4.0,5.25,1.75,0.75,0.25,0.75,10.5
5106453,Jordan Mason,326,Texas State Bobcats,Guard,136.0,21,50,3,7,21,26,6,17,23,14,5,0,9,8,66,4,Sun Belt,0.42,0.42857142857142855,0.8076923076923077,0.45,34.0,5.25,12.5,0.75,1.75,1.5,4.25,5.75,3.5,1.25,0.0,2.25,16.5
5106454,Cobie Montgomery,2572,Southern Miss Golden Eagles,Guard,14.0,1,5,1,3,0,0,2,1,3,0,0,0,0,1,3,1,Sun Belt,0.2,0.3333333333333333,,0.3,14.0,1.0,5.0,1.0,3.0,2.0,1.0,3.0,0.0,0.0,0.0,0.0,3.0
5106456,Jamar Franklin,290,Georgia Southern Eagles,Guard,24.0,1,8,1,5,0,0,2,4,6,0,0,0,1,1,3,2,Sun Belt,0.125,0.2,,0.1875,12.0,0.5,4.0,0.5,2.5,1.0,2.0,3.0,0.0,0.0,0.0,0.5,1.5
5106457,Elijah Ormiston,6,South Alabama Jaguars,Forward,6.0,0,1,0,1,0,0,0,0,0,0,0,0,0,0,0,1,Sun Belt,0.0,0.0,,0.0,6.0,0.0,1.0,0.0,1.0,0.0,0.0,0.0,0.0,0.0,0.0,0.0,0.0
5106459,Julian Margrave,6,South Alabama Jaguars,Forward,15.0,0,3,0,3,0,0,0,1,1,0,0,0,0,0,0,1,Sun Belt,0.0,0.0,,0.0,15.0,0.0,3.0,0.0,3.0,0.0,1.0,1.0,0.0,0.0,0.0,0.0,0.0
5106461,Faizon Fields,270,Milwaukee Panthers,Forward,110.0,23,31,0,0,8,14,12,23,35,4,2,8,5,9,54,4,Horizon,0.7419354838709677,,0.5714285714285714,0.7419354838709677,27.5,5.75,7.75,0.0,0.0,3.0,5.75,8.75,1.0,0.5,2.0,1.25,13.5
5106463,Bryce Baker,295,Old Dominion Monarchs,Guard,13.0,1,3,1,2,0,0,1,4,5,0,0,0,1,0,3,1,Sun Belt,0.3333333333333333,0.5,,0.5,13.0,1.0,3.0,1.0,2.0,1.0,4.0,5.0,0.0,0.0,0.0,1.0,3.0
5106581,Tre Breland,2115,Central Connecticut Blue Devils,Guard,47.0,2,13,1,8,3,4,3,4,7,2,0,0,1,3,8,2,Northeast,0.15384615384615385,0.125,0.75,0.19230769230769232,23.5,1.0,6.5,0.5,4.0,1.5,2.0,3.5,1.0,0.0,0.0,0.5,4.0
5106587,Sean Moore,161,Fairleigh Dickinson Knights,Forward,32.0,6,12,3,7,1,2,1,7,8,1,2,0,3,1,16,1,Northeast,0.5,0.42857142857142855,0.5,0.625,32.0,6.0,12.0,3.0,7.0,1.0,7.0,8.0,1.0,2.0,0.0,3.0,16.0
5106588,Jo'el Emanuel,161,Fairleigh Dickinson Knights,Forward,27.0,3,8,0,1,1,1,4,2,6,2,0,1,1,2,7,1,Northeast,0.375,0.0,1.0,0.375,27.0,3.0,8.0,0.0,1.0,4.0,2.0,6.0,2.0,0.0,1.0,1.0,7.0
5106590,Trevon Blassingame,70,Idaho Vandals,Guard,7.0,0,0,0,0,0,0,0,0,0,0,0,0,1,0,0,1,Big Sky,,,,,7.0,0.0,0.0,0.0,0.0,0.0,0.0,0.0,0.0,0.0,0.0,1.0,0.0
5106591,Brayden Reynolds,161,Fairleigh Dickinson Knights,Guard,19.0,1,3,0,0,2,3,0,2,2,0,2,0,0,2,4,1,Northeast,0.3333333333333333,,0.6666666666666666,0.3333333333333333,19.0,1.0,3.0,0.0,0.0,0.0,2.0,2.0,0.0,2.0,0.0,0.0,4.0
5106593,R.J. Greene,112358,Long Island University Sharks,Guard,32.0,2,7,0,0,1,2,6,10,16,3,3,0,4,5,5,1,Northeast,0.2857142857142857,,0.5,0.2857142857142857,32.0,2.0,7.0,0.0,0.0,6.0,10.0,16.0,3.0,3.0,0.0,4.0,5.0
5106594,C.J. Delancy,112358,Long Island University Sharks,Center,10.0,1,2,0,0,0,0,0,3,3,0,0,1,2,2,2,1,Northeast,0.5,,,0.5,10.0,1.0,2.0,0.0,0.0,0.0,3.0,3.0,0.0,0.0,1.0,2.0,2.0
5106596,Marko Maletic,2649,Toledo Rockets,Guard,2.0,0,0,0,0,0,0,0,0,0,0,0,0,0,0,0,1,Mid-American,,,,,2.0,0.0,0.0,0.0,0.0,0.0,0.0,0.0,0.0,0.0,0.0,0.0,0.0
5106599,Javon Bennett,2168,Dayton Flyers,Guard,64.0,4,16,2,9,2,2,1,3,4,4,3,0,2,2,12,3,Atlantic 10,0.25,0.2222222222222222,1.0,0.3125,21.333333333333332,1.3333333333333333,5.333333333333333,0.6666666666666666,3.0,0.3333333333333333,1.0,1.3333333333333333,1.3333333333333333,1.0,0.0,0.6666666666666666,4.0
5106600,Jordan Derkack,2771,Merrimack Warriors,Guard,110.0,9,32,6,23,9,11,2,18,20,14,6,0,14,6,33,3,Northeast,0.28125,0.2608695652173913,0.8181818181818182,0.375,36.666666666666664,3.0,10.666666666666666,2.0,7.666666666666667,0.6666666666666666,6.0,6.666666666666667,4.666666666666667,2.0,0.0,4.666666666666667,11.0
5106602,Bryan Etumnu,2771,Merrimack Warriors,Forward,90.0,4,14,1,7,3,3,3,10,13,3,2,8,5,10,12,3,Northeast,0.2857142857142857,0.14285714285714285,1.0,0.32142857142857145,30.0,1.3333333333333333,4.666666666666667,0.3333333333333333,2.3333333333333335,1.0,3.3333333333333335,4.333333333333333,1.0,0.6666666666666666,2.6666666666666665,1.6666666666666667,4.0
5106607,Josiah Harris,2515,Radford Highlanders,Forward,23.0,2,8,0,0,0,0,3,7,10,0,0,1,0,4,4,1,Big South,0.25,,,0.25,23.0,2.0,8.0,0.0,0.0,3.0,7.0,10.0,0.0,0.0,1.0,0.0,4.0
5106611,Miles Webb,2598,St. Francis (PA) Red Flash,Forward,4.0,0,0,0,0,0,0,0,1,1,0,0,1,0,0,0,1,Northeast,,,,,4.0,0.0,0.0,0.0,0.0,0.0,1.0,1.0,0.0,0.0,1.0,0.0,0.0
5106612,Landon Moore,2086,Butler Bulldogs,Guard,20.0,0,2,0,1,0,0,0,2,2,3,0,0,1,0,0,2,Big East,0.0,0.0,,0.0,10.0,0.0,1.0,0.0,0.5,0.0,1.0,1.0,1.5,0.0,0.0,0.5,0.0
5106614,Gestin Liberis,2598,St. Francis (PA) Red Flash,Forward,14.0,5,7,0,0,0,1,1,6,7,2,0,0,1,2,10,1,Northeast,0.7142857142857143,,0.0,0.7142857142857143,14.0,5.0,7.0,0.0,0.0,1.0,6.0,7.0,2.0,0.0,0.0,1.0,10.0
5106633,Julian Brown,2681,Wagner Seahawks,Guard,193.0,18,37,12,26,14,16,4,10,14,11,2,1,4,9,62,5,Northeast,0.4864864864864865,0.46153846153846156,0.875,0.6486486486486487,38.6,3.6,7.4,2.4,5.2,0.8,2.0,2.8,2.2,0.4,0.2,0.8,12.4
5106634,Keyontae Lewis,2681,Wagner Seahawks,Forward,138.0,23,34,0,0,1,4,5,32,37,2,0,6,5,17,47,5,Northeast,0.6764705882352942,,0.25,0.6764705882352942,27.6,4.6,6.8,0.0,0.0,1.0,6.4,7.4,0.4,0.0,1.2,1.0,9.4
5106636,Ian Granja,324,Coastal Carolina Chanticleers,Forward,38.0,3,5,3,4,2,3,0,2,2,2,1,0,4,2,11,2,Sun Belt,0.6,0.75,0.6666666666666666,0.9,19.0,1.5,2.5,1.5,2.0,0.0,1.0,1.0,1.0,0.5,0.0,2.0,5.5
5106641,BB Knight,2320,Lamar Cardinals,Guard,40.0,3,12,2,8,0,0,0,2,2,2,1,0,3,2,8,2,Southland,0.25,0.25,,0.3333333333333333,20.0,1.5,6.0,1.0,4.0,0.0,1.0,1.0,1.0,0.5,0.0,1.5,4.0
5106642,Jesaiah McWright,202,Tulsa Golden Hurricane,Guard,18.0,2,4,1,2,4,4,0,1,1,0,0,0,0,2,9,1,American,0.5,0.5,1.0,0.625,18.0,2.0,4.0,1.0,2.0,0.0,1.0,1.0,0.0,0.0,0.0,0.0,9.0
5106643,Bryant Selebangue,9,Arizona State Sun Devils,Forward,21.0,2,6,0,0,0,2,6,2,8,0,3,0,2,1,4,1,Pac-12,0.3333333333333333,,0.0,0.3333333333333333,21.0,2.0,6.0,0.0,0.0,6.0,2.0,8.0,0.0,3.0,0.0,2.0,4.0
5106644,Jayhlon Young,235,Memphis Tigers,Guard,16.0,0,0,0,0,0,0,1,1,2,2,0,0,1,1,0,1,American,,,,,16.0,0.0,0.0,0.0,0.0,1.0,1.0,2.0,2.0,0.0,0.0,1.0,0.0
5106647,Thierno Sylla,2116,UCF Knights,Forward,54.0,4,13,2,7,6,8,6,5,11,0,1,3,3,3,16,3,Big 12,0.3076923076923077,0.2857142857142857,0.75,0.38461538461538464,18.0,1.3333333333333333,4.333333333333333,0.6666666666666666,2.3333333333333335,2.0,1.6666666666666667,3.6666666666666665,0.0,0.3333333333333333,1.0,1.0,5.333333333333333
5106652,Shammah Scott,2006,Akron Zips,Guard,82.0,9,24,2,10,0,1,1,8,9,2,3,0,5,0,20,4,Mid-American,0.375,0.2,0.0,0.4166666666666667,20.5,2.25,6.0,0.5,2.5,0.25,2.0,2.25,0.5,0.75,0.0,1.25,5.0
5106659,Paul McMillan IV,2117,Central Michigan Chippewas,Guard,26.0,2,7,1,5,2,2,0,0,0,3,0,0,0,3,7,1,Mid-American,0.2857142857142857,0.2,1.0,0.35714285714285715,26.0,2.0,7.0,1.0,5.0,0.0,0.0,0.0,3.0,0.0,0.0,0.0,7.0
5106660,Simeon Cottle,338,Kennesaw State Owls,Guard,37.0,10,13,5,6,4,6,1,3,4,0,3,0,2,4,29,1,ASUN,0.7692307692307693,0.8333333333333334,0.6666666666666666,0.9615384615384616,37.0,10.0,13.0,5.0,6.0,1.0,3.0,4.0,0.0,3.0,0.0,2.0,29.0
5106661,Yves Nkomba,85,IUPUI Jaguars,Center,6.0,1,2,0,0,1,1,0,0,0,0,0,0,0,0,3,1,Horizon,0.5,,1.0,0.5,6.0,1.0,2.0,0.0,0.0,0.0,0.0,0.0,0.0,0.0,0.0,0.0,3.0
5106670,Mason Nicholson,55,Jacksonville State Gamecocks,Center,27.0,5,8,0,0,4,8,5,8,13,0,0,2,0,2,14,1,Conference USA,0.625,,0.5,0.625,27.0,5.0,8.0,0.0,0.0,5.0,8.0,13.0,0.0,0.0,2.0,0.0,14.0
5106673,Kelechi Okworogwo,2379,Maryland-Eastern Shore Hawks,Forward,20.0,5,8,0,1,3,5,2,1,3,0,0,3,0,5,13,1,MEAC,0.625,0.0,0.6,0.625,20.0,5.0,8.0,0.0,1.0,2.0,1.0,3.0,0.0,0.0,3.0,0.0,13.0
5106677,Oumar Koureissi,2447,Nicholls Colonels,Forward,30.0,2,5,0,1,1,4,4,6,10,2,1,2,2,1,5,3,Southland,0.4,0.0,0.25,0.4,10.0,0.6666666666666666,1.6666666666666667,0.0,0.3333333333333333,1.3333333333333333,2.0,3.3333333333333335,0.6666666666666666,0.3333333333333333,0.6666666666666666,0.6666666666666666,1.6666666666666667
5106681,Blaise Vespe,526,Florida Gulf Coast Eagles,Forward,5.0,0,0,0,0,0,0,0,0,0,0,1,0,1,0,0,1,ASUN,,,,,5.0,0.0,0.0,0.0,0.0,0.0,0.0,0.0,0.0,1.0,0.0,1.0,0.0
5106697,Kyrese Mullen,2261,Hampton Pirates,Forward,46.0,8,22,1,7,6,6,4,10,14,3,1,0,5,5,23,2,Coastal,0.36363636363636365,0.14285714285714285,1.0,0.38636363636363635,23.0,4.0,11.0,0.5,3.5,2.0,5.0,7.0,1.5,0.5,0.0,2.5,11.5
5106699,Tre Thomas,2261,Hampton Pirates,Guard,17.0,1,9,0,3,0,0,0,3,3,2,2,0,2,3,2,2,Coastal,0.1111111111111111,0.0,,0.1111111111111111,8.5,0.5,4.5,0.0,1.5,0.0,1.5,1.5,1.0,1.0,0.0,1.0,1.0
5106701,Jaret Valencia,2405,Monmouth Hawks,Forward,62.0,10,15,1,3,7,7,4,5,9,3,1,3,6,4,28,2,Coastal,0.6666666666666666,0.3333333333333333,1.0,0.7,31.0,5.0,7.5,0.5,1.5,2.0,2.5,4.5,1.5,0.5,1.5,3.0,14.0
5106703,Jack Collins,2405,Monmouth Hawks,Guard,68.0,8,15,4,10,2,2,5,10,15,8,2,0,2,7,22,2,Coastal,0.5333333333333333,0.4,1.0,0.6666666666666666,34.0,4.0,7.5,2.0,5.0,2.5,5.0,7.5,4.0,1.0,0.0,1.0,11.0
5106704,Amaan Sandhu,2405,Monmouth Hawks,Center,3.0,0,0,0,0,0,0,0,0,0,0,0,0,0,0,0,1,Coastal,,,,,3.0,0.0,0.0,0.0,0.0,0.0,0.0,0.0,0.0,0.0,0.0,0.0,0.0
5106705,Turner Buttry,2198,Eastern Kentucky Colonels,Guard,5.0,0,0,0,0,0,0,0,0,0,0,0,0,0,0,0,1,ASUN,,,,,5.0,0.0,0.0,0.0,0.0,0.0,0.0,0.0,0.0,0.0,0.0,0.0,0.0
5106706,Tayshawn Comer,2198,Eastern Kentucky Colonels,Guard,29.0,2,5,0,1,1,4,1,1,2,2,2,0,2,2,5,1,ASUN,0.4,0.0,0.25,0.4,29.0,2.0,5.0,0.0,1.0,1.0,1.0,2.0,2.0,2.0,0.0,2.0,5.0
5106708,John Ukomadu,2198,Eastern Kentucky Colonels,Forward,11.0,3,5,0,1,0,0,3,3,6,0,0,1,0,2,6,1,ASUN,0.6,0.0,,0.6,11.0,3.0,5.0,0.0,1.0,3.0,3.0,6.0,0.0,0.0,1.0,0.0,6.0
5106714,Masai Troutman,111,Northeastern Huskies,Guard,34.0,5,16,2,6,4,6,4,2,6,2,1,1,1,3,16,1,Coastal,0.3125,0.3333333333333333,0.6666666666666666,0.375,34.0,5.0,16.0,2.0,6.0,4.0,2.0,6.0,2.0,1.0,1.0,1.0,16.0
5106715,Rashad King,111,Northeastern Huskies,Guard,37.0,4,10,2,3,2,2,2,2,4,11,2,0,3,4,12,1,Coastal,0.4,0.6666666666666666,1.0,0.5,37.0,4.0,10.0,2.0,3.0,2.0,2.0,4.0,11.0,2.0,0.0,3.0,12.0
5106716,Harold Woods,111,Northeastern Huskies,Guard,34.0,0,6,0,1,0,0,1,7,8,3,0,0,1,1,0,1,Coastal,0.0,0.0,,0.0,34.0,0.0,6.0,0.0,1.0,1.0,7.0,8.0,3.0,0.0,0.0,1.0,0.0
5106717,Jared Turner,111,Northeastern Huskies,Guard,25.0,5,9,3,6,0,1,1,6,7,0,3,0,0,4,13,1,Coastal,0.5555555555555556,0.5,0.0,0.7222222222222222,25.0,5.0,9.0,3.0,6.0,1.0,6.0,7.0,0.0,3.0,0.0,0.0,13.0
5106718,Collin Metcalf,111,Northeastern Huskies,Center,20.0,6,6,0,0,2,6,8,1,9,1,0,1,2,2,14,1,Coastal,1.0,,0.3333333333333333,1.0,20.0,6.0,6.0,0.0,0.0,8.0,1.0,9.0,1.0,0.0,1.0,2.0,14.0
5106719,Toby Onyekonwu,2619,Stony Brook Seawolves,Guard,8.0,0,1,0,1,0,0,0,1,1,2,0,0,1,0,0,2,Coastal,0.0,0.0,,0.0,4.0,0.0,0.5,0.0,0.5,0.0,0.5,0.5,1.0,0.0,0.0,0.5,0.0
5106722,Jared Frey,2619,Stony Brook Seawolves,Guard,69.0,2,11,2,8,0,0,0,7,7,4,1,0,4,3,6,4,Coastal,0.18181818181818182,0.25,,0.2727272727272727,17.25,0.5,2.75,0.5,2.0,0.0,1.75,1.75,1.0,0.25,0.0,1.0,1.5
5106727,Dylan Williamson,119,Towson Tigers,Guard,87.0,11,28,7,13,17,17,0,7,7,5,1,0,2,1,46,3,Coastal,0.39285714285714285,0.5384615384615384,1.0,0.5178571428571429,29.0,3.6666666666666665,9.333333333333334,2.3333333333333335,4.333333333333333,0.0,2.3333333333333335,2.3333333333333335,1.6666666666666667,0.3333333333333333,0.0,0.6666666666666666,15.333333333333334
5106728,Christian May,119,Towson Tigers,Forward,86.0,5,17,1,9,1,3,2,5,7,6,0,1,3,8,12,3,Coastal,0.29411764705882354,0.1111111111111111,0.3333333333333333,0.3235294117647059,28.666666666666668,1.6666666666666667,5.666666666666667,0.3333333333333333,3.0,0.6666666666666666,1.6666666666666667,2.3333333333333335,2.0,0.0,0.3333333333333333,1.0,4.0
5106731,Nolan Hodge,350,UNC Wilmington Seahawks,Guard,14.0,0,3,0,3,0,0,2,1,3,0,3,0,0,2,0,1,Coastal,0.0,0.0,,0.0,14.0,0.0,3.0,0.0,3.0,2.0,1.0,3.0,0.0,3.0,0.0,0.0,0.0
5106732,Noah Ross,350,UNC Wilmington Seahawks,Guard,4.0,0,0,0,0,0,0,0,1,1,0,0,0,0,1,0,1,Coastal,,,,,4.0,0.0,0.0,0.0,0.0,0.0,1.0,1.0,0.0,0.0,0.0,0.0,0.0
5106734,Chase Lowe,2729,William & Mary Tribe,Guard,65.0,12,20,0,0,6,12,9,14,23,11,2,2,6,2,30,2,Coastal,0.6,,0.5,0.6,32.5,6.0,10.0,0.0,0.0,4.5,7.0,11.5,5.5,1.0,1.0,3.0,15.0
5106737,Miles Hicks,2729,William & Mary Tribe,Guard,12.0,0,2,0,2,0,0,0,0,0,0,1,0,0,3,0,2,Coastal,0.0,0.0,,0.0,6.0,0.0,1.0,0.0,1.0,0.0,0.0,0.0,0.0,0.5,0.0,0.0,0.0
5106738,Charlie Williams,2729,William & Mary Tribe,Forward,26.0,2,7,0,1,1,2,4,5,9,0,0,0,2,2,5,2,Coastal,0.2857142857142857,0.0,0.5,0.2857142857142857,13.0,1.0,3.5,0.0,0.5,2.0,2.5,4.5,0.0,0.0,0.0,1.0,2.5
5106740,Tae Williams,325,Cleveland State Vikings,Guard,140.0,29,62,0,3,9,24,11,21,32,11,11,0,7,12,67,5,Horizon,0.46774193548387094,0.0,0.375,0.46774193548387094,28.0,5.8,12.4,0.0,0.6,2.2,4.2,6.4,2.2,2.2,0.0,1.4,13.4
5106742,Dylan Arnett,325,Cleveland State Vikings,Forward,124.0,16,22,0,0,5,10,10,26,36,5,4,5,10,8,37,5,Horizon,0.7272727272727273,,0.5,0.7272727272727273,24.8,3.2,4.4,0.0,0.0,2.0,5.2,7.2,1.0,0.8,1.0,2.0,7.4
5106743,Ramar Pryor,325,Cleveland State Vikings,Guard,25.0,2,6,1,2,0,0,2,1,3,3,1,0,2,2,5,4,Horizon,0.3333333333333333,0.5,,0.4166666666666667,6.25,0.5,1.5,0.25,0.5,0.5,0.25,0.75,0.75,0.25,0.0,0.5,1.25
5106744,Marcus Tankersley,2174,Detroit Mercy Titans,Guard,40.0,9,14,0,1,3,4,1,4,5,4,2,0,4,0,21,1,Horizon,0.6428571428571429,0.0,0.75,0.6428571428571429,40.0,9.0,14.0,0.0,1.0,1.0,4.0,5.0,4.0,2.0,0.0,4.0,21.0
5106747,Tobin Schwannecke,2174,Detroit Mercy Titans,Guard,15.0,2,3,1,1,1,2,0,1,1,1,1,0,0,3,6,1,Horizon,0.6666666666666666,1.0,0.5,0.8333333333333334,15.0,2.0,3.0,1.0,1.0,0.0,1.0,1.0,1.0,1.0,0.0,0.0,6.0
5106749,Clarence Cummings III,2739,Green Bay Phoenix,Forward,22.0,0,1,0,0,2,2,0,2,2,3,0,0,1,2,2,1,Horizon,0.0,,1.0,0.0,22.0,0.0,1.0,0.0,0.0,0.0,2.0,2.0,3.0,0.0,0.0,1.0,2.0
5106754,Jlynn Counter,85,IUPUI Jaguars,Guard,29.0,5,13,0,2,0,0,0,2,2,1,1,0,7,1,10,1,Horizon,0.38461538461538464,0.0,,0.38461538461538464,29.0,5.0,13.0,0.0,2.0,0.0,2.0,2.0,1.0,1.0,0.0,7.0,10.0
5106755,Vincent Brady II,85,IUPUI Jaguars,Guard,28.0,5,8,0,2,1,2,2,2,4,2,2,0,4,1,11,1,Horizon,0.625,0.0,0.5,0.625,28.0,5.0,8.0,0.0,2.0,2.0,2.0,4.0,2.0,2.0,0.0,4.0,11.0
5106756,John Egbuta,85,IUPUI Jaguars,Forward,26.0,3,6,0,2,5,10,3,2,5,0,0,0,3,3,11,1,Horizon,0.5,0.0,0.5,0.5,26.0,3.0,6.0,0.0,2.0,3.0,2.0,5.0,0.0,0.0,0.0,3.0,11.0
5106758,Cooper Dewitt,85,IUPUI Jaguars,Guard,7.0,0,1,0,0,0,0,0,0,0,0,0,0,0,0,0,1,Horizon,0.0,,,0.0,7.0,0.0,1.0,0.0,0.0,0.0,0.0,0.0,0.0,0.0,0.0,0.0,0.0
5106760,DJ Jackson,85,IUPUI Jaguars,Guard,24.0,0,3,0,1,7,8,0,3,3,2,2,0,1,3,7,1,Horizon,0.0,0.0,0.875,0.0,24.0,0.0,3.0,0.0,1.0,0.0,3.0,3.0,2.0,2.0,0.0,1.0,7.0
5106761,Braden Allen,85,IUPUI Jaguars,Guard,4.0,1,1,1,1,0,0,0,2,2,0,0,0,0,0,3,1,Horizon,1.0,1.0,,1.5,4.0,1.0,1.0,1.0,1.0,0.0,2.0,2.0,0.0,0.0,0.0,0.0,3.0
5106766,Brian Taylor II,2565,SIU Edwardsville Cougars,Guard,10.0,0,1,0,1,0,0,0,3,3,0,0,0,1,1,0,2,Ohio Valley,0.0,0.0,,0.0,5.0,0.0,0.5,0.0,0.5,0.0,1.5,1.5,0.0,0.0,0.0,0.5,0.0
5106767,Elijah Jamison,270,Milwaukee Panthers,Guard,110.0,11,21,1,7,10,11,0,10,10,17,0,0,5,8,33,4,Horizon,0.5238095238095238,0.14285714285714285,0.9090909090909091,0.5476190476190477,27.5,2.75,5.25,0.25,1.75,0.0,2.5,2.5,4.25,0.0,0.0,1.25,8.25
5106769,BJ Freeman,270,Milwaukee Panthers,Guard,131.0,35,80,5,24,28,36,5,21,26,13,3,0,11,7,103,4,Horizon,0.4375,0.20833333333333334,0.7777777777777778,0.46875,32.75,8.75,20.0,1.25,6.0,1.25,5.25,6.5,3.25,0.75,0.0,2.75,25.75
5106770,Kentrell Pullian,270,Milwaukee Panthers,Guard,100.0,10,28,2,11,12,15,5,6,11,9,1,1,6,9,34,4,Horizon,0.35714285714285715,0.18181818181818182,0.8,0.39285714285714285,25.0,2.5,7.0,0.5,2.75,1.25,1.5,2.75,2.25,0.25,0.25,1.5,8.5
5106772,Dominic Ham,270,Milwaukee Panthers,Guard,56.0,4,7,1,3,4,4,2,6,8,5,5,0,1,13,13,4,Horizon,0.5714285714285714,0.3333333333333333,1.0,0.6428571428571429,14.0,1.0,1.75,0.25,0.75,0.5,1.5,2.0,1.25,1.25,0.0,0.25,3.25
5106775,A'lahn Sumler,2127,Charleston Southern Buccaneers,Guard,28.0,2,11,0,5,3,3,0,3,3,2,1,0,2,4,7,1,Big South,0.18181818181818182,0.0,1.0,0.18181818181818182,28.0,2.0,11.0,0.0,5.0,0.0,3.0,3.0,2.0,1.0,0.0,2.0,7.0
5106776,LJ Wells,94,Northern Kentucky Norse,Forward,63.0,9,21,1,4,2,4,3,8,11,3,1,0,3,9,21,2,Horizon,0.42857142857142855,0.25,0.5,0.4523809523809524,31.5,4.5,10.5,0.5,2.0,1.5,4.0,5.5,1.5,0.5,0.0,1.5,10.5
5106787,Anthony Roberts,2870,Purdue Fort Wayne Mastodons,Guard,164.0,24,59,9,26,14,16,4,22,26,9,5,2,13,10,71,5,Horizon,0.4067796610169492,0.34615384615384615,0.875,0.4830508474576271,32.8,4.8,11.8,1.8,5.2,0.8,4.4,5.2,1.8,1.0,0.4,2.6,14.2
5106790,Eric Mulder,2870,Purdue Fort Wayne Mastodons,Forward,144.0,18,33,0,1,1,2,21,29,50,3,6,6,3,11,37,5,Horizon,0.5454545454545454,0.0,0.5,0.5454545454545454,28.8,3.6,6.6,0.0,0.2,4.2,5.8,10.0,0.6,1.2,1.2,0.6,7.4
5106791,Stephaun Walker,2523,Robert Morris Colonials,Forward,8.0,0,1,0,0,0,0,2,1,3,0,1,0,1,1,0,1,Horizon,0.0,,,0.0,8.0,0.0,1.0,0.0,0.0,2.0,1.0,3.0,0.0,1.0,0.0,1.0,0.0
5106792,Jackson Last,2523,Robert Morris Colonials,Guard,29.0,1,7,0,4,2,2,0,3,3,4,3,0,2,5,4,1,Horizon,0.14285714285714285,0.0,1.0,0.14285714285714285,29.0,1.0,7.0,0.0,4.0,0.0,3.0,3.0,4.0,3.0,0.0,2.0,4.0
5106796,Ben Krystkowiak,2523,Robert Morris Colonials,Guard,4.0,0,0,0,0,0,0,0,1,1,1,0,0,0,1,0,1,Horizon,,,,,4.0,0.0,0.0,0.0,0.0,0.0,1.0,1.0,1.0,0.0,0.0,0.0,0.0
5106804,Drey Carter,2750,Wright State Raiders,Guard,5.0,0,0,0,0,0,0,1,0,1,1,0,0,0,1,0,1,Horizon,,,,,5.0,0.0,0.0,0.0,0.0,1.0,0.0,1.0,1.0,0.0,0.0,0.0,0.0
5106806,Logan Woods,2750,Wright State Raiders,Guard,14.0,1,1,0,0,0,0,0,0,0,0,1,0,0,1,2,1,Horizon,1.0,,,1.0,14.0,1.0,1.0,0.0,0.0,0.0,0.0,0.0,0.0,1.0,0.0,0.0,2.0
5106810,John Lovelace Jr.,2754,Youngstown State Penguins,Guard,10.0,0,0,0,0,0,0,0,0,0,0,1,2,1,4,0,1,Horizon,,,,,10.0,0.0,0.0,0.0,0.0,0.0,0.0,0.0,0.0,1.0,2.0,1.0,0.0
5106840,Jaylen Dorsey,98,Western Kentucky Hilltoppers,Forward,5.0,1,1,0,0,0,0,0,0,0,1,0,0,1,1,2,3,Conference USA,1.0,,,1.0,1.6666666666666667,0.3333333333333333,0.3333333333333333,0.0,0.0,0.0,0.0,0.0,0.3333333333333333,0.0,0.0,0.3333333333333333,0.6666666666666666
5106841,Tyrone Marshall Jr.,98,Western Kentucky Hilltoppers,Forward,85.0,15,29,6,10,3,4,4,12,16,12,3,5,3,5,39,4,Conference USA,0.5172413793103449,0.6,0.75,0.6206896551724138,21.25,3.75,7.25,1.5,2.5,1.0,3.0,4.0,3.0,0.75,1.25,0.75,9.75
5106842,Japhet Medor,2230,Fordham Rams,Guard,43.0,3,18,1,7,7,9,2,1,3,4,4,0,2,4,14,2,Atlantic 10,0.16666666666666666,0.14285714285714285,0.7777777777777778,0.19444444444444445,21.5,1.5,9.0,0.5,3.5,1.0,0.5,1.5,2.0,2.0,0.0,1.0,7.0
5106843,DJ Richards Jr.,2377,McNeese Cowboys,Guard,86.0,9,22,9,19,5,7,0,4,4,3,1,0,0,5,32,3,Southland,0.4090909090909091,0.47368421052631576,0.7142857142857143,0.6136363636363636,28.666666666666668,3.0,7.333333333333333,3.0,6.333333333333333,0.0,1.3333333333333333,1.3333333333333333,1.0,0.3333333333333333,0.0,0.0,10.666666666666666
5106845,Massal Diouf,2636,UTSA Roadrunners,Forward,8.0,2,4,0,0,0,0,1,1,2,0,0,0,0,1,4,1,American,0.5,,,0.5,8.0,2.0,4.0,0.0,0.0,1.0,1.0,2.0,0.0,0.0,0.0,0.0,4.0
5106850,Derick Hamilton,2638,UTEP Miners,Forward,33.0,10,15,0,0,6,7,6,4,10,1,1,1,2,8,26,3,Conference USA,0.6666666666666666,,0.8571428571428571,0.6666666666666666,11.0,3.3333333333333335,5.0,0.0,0.0,2.0,1.3333333333333333,3.3333333333333335,0.3333333333333333,0.3333333333333333,0.3333333333333333,0.6666666666666666,8.666666666666666
5106863,Nik Graves,2429,Charlotte 49ers,Guard,29.0,5,12,0,5,4,6,1,1,2,1,1,0,1,4,14,1,American,0.4166666666666667,0.0,0.6666666666666666,0.4166666666666667,29.0,5.0,12.0,0.0,5.0,1.0,1.0,2.0,1.0,1.0,0.0,1.0,14.0
5106864,Brenen Lorient,2226,Florida Atlantic Owls,Forward,32.0,4,9,0,1,3,4,1,3,4,0,0,4,0,6,11,3,American,0.4444444444444444,0.0,0.75,0.4444444444444444,10.666666666666666,1.3333333333333333,3.0,0.0,0.3333333333333333,0.3333333333333333,1.0,1.3333333333333333,0.0,0.0,1.3333333333333333,0.0,3.6666666666666665
5106868,Arturo Dean,2229,Florida International Panthers,Guard,62.0,14,31,2,8,7,11,2,12,14,6,6,0,7,4,37,2,Conference USA,0.45161290322580644,0.25,0.6363636363636364,0.4838709677419355,31.0,7.0,15.5,1.0,4.0,1.0,6.0,7.0,3.0,3.0,0.0,3.5,18.5
5106869,Jayden Brewer,2229,Florida International Panthers,Guard,43.0,7,15,2,3,5,9,1,3,4,4,3,0,4,3,21,2,Conference USA,0.4666666666666667,0.6666666666666666,0.5555555555555556,0.5333333333333333,21.5,3.5,7.5,1.0,1.5,0.5,1.5,2.0,2.0,1.5,0.0,2.0,10.5
5106872,Jaden Grant,2229,Florida International Panthers,Guard,41.0,1,1,0,0,2,2,1,7,8,2,0,0,0,1,4,2,Conference USA,1.0,,1.0,1.0,20.5,0.5,0.5,0.0,0.0,0.5,3.5,4.0,1.0,0.0,0.0,0.0,2.0
5106877,Dre Bullock,315,Niagara Purple Eagles,Guard,66.0,9,11,5,7,1,1,0,5,5,2,3,3,5,5,24,2,MAAC,0.8181818181818182,0.7142857142857143,1.0,1.0454545454545454,33.0,4.5,5.5,2.5,3.5,0.0,2.5,2.5,1.0,1.5,1.5,2.5,12.0
5106878,Jordan Crawford,2348,Louisiana Tech Bulldogs,Guard,12.0,1,2,0,0,0,0,1,2,3,3,0,0,1,2,2,1,Conference USA,0.5,,,0.5,12.0,1.0,2.0,0.0,0.0,1.0,2.0,3.0,3.0,0.0,0.0,1.0,2.0
5106880,Jestin Porter,2393,Middle Tennessee Blue Raiders,Guard,62.0,10,28,5,11,7,8,2,4,6,4,4,0,7,7,32,2,Conference USA,0.35714285714285715,0.45454545454545453,0.875,0.44642857142857145,31.0,5.0,14.0,2.5,5.5,1.0,2.0,3.0,2.0,2.0,0.0,3.5,16.0
5106881,Tre Green,2393,Middle Tennessee Blue Raiders,Guard,36.0,5,11,3,8,2,2,1,3,4,0,1,0,0,0,15,2,Conference USA,0.45454545454545453,0.375,1.0,0.5909090909090909,18.0,2.5,5.5,1.5,4.0,0.5,1.5,2.0,0.0,0.5,0.0,0.0,7.5
5106883,Isiah Lightsy,2393,Middle Tennessee Blue Raiders,Guard,2.0,0,1,0,1,0,0,0,0,0,1,0,0,0,0,0,1,Conference USA,0.0,0.0,,0.0,2.0,0.0,1.0,0.0,1.0,0.0,0.0,0.0,1.0,0.0,0.0,0.0,0.0
5107069,Zach Cleveland,2335,Liberty Flames,Forward,35.0,3,8,0,0,1,3,3,5,8,6,1,2,4,2,7,1,Conference USA,0.375,,0.3333333333333333,0.375,35.0,3.0,8.0,0.0,0.0,3.0,5.0,8.0,6.0,1.0,2.0,4.0,7.0
5107070,Colin Porter,2335,Liberty Flames,Guard,33.0,0,4,0,1,1,3,1,2,3,5,3,1,1,2,1,1,Conference USA,0.0,0.0,0.3333333333333333,0.0,33.0,0.0,4.0,0.0,1.0,1.0,2.0,3.0,5.0,3.0,1.0,1.0,1.0
5107073,Rylan Houck,288,Lipscomb Bisons,Forward,6.0,0,0,0,0,0,0,0,0,0,0,0,0,0,0,0,1,ASUN,,,,,6.0,0.0,0.0,0.0,0.0,0.0,0.0,0.0,0.0,0.0,0.0,0.0,0.0
5107074,Paxton Davidson,288,Lipscomb Bisons,Guard,19.0,2,3,1,2,0,0,1,3,4,1,0,3,1,2,5,1,ASUN,0.6666666666666666,0.5,,0.8333333333333334,19.0,2.0,3.0,1.0,2.0,1.0,3.0,4.0,1.0,0.0,3.0,1.0,5.0
5107076,TJ Johnson,288,Lipscomb Bisons,Forward,5.0,0,1,0,1,0,0,0,1,1,0,0,0,0,0,0,1,ASUN,0.0,0.0,,0.0,5.0,0.0,1.0,0.0,1.0,0.0,1.0,1.0,0.0,0.0,0.0,0.0,0.0
5107078,Jacari Lane,2453,North Alabama Lions,Guard,63.0,8,27,1,4,7,7,2,6,8,9,3,0,5,3,24,2,ASUN,0.2962962962962963,0.25,1.0,0.3148148148148148,31.5,4.0,13.5,0.5,2.0,1.0,3.0,4.0,4.5,1.5,0.0,2.5,12.0
5107085,Jah Nze,2454,North Florida Ospreys,Guard,32.0,6,13,1,6,6,8,1,3,4,0,0,0,1,3,19,1,ASUN,0.46153846153846156,0.16666666666666666,0.75,0.5,32.0,6.0,13.0,1.0,6.0,1.0,3.0,4.0,0.0,0.0,0.0,1.0,19.0
5107088,Chris Ashby,2511,Queens University Royals,Guard,51.0,6,19,6,16,0,0,0,0,0,0,1,0,1,2,18,2,ASUN,0.3157894736842105,0.375,,0.47368421052631576,25.5,3.0,9.5,3.0,8.0,0.0,0.0,0.0,0.0,0.5,0.0,0.5,9.0
5107100,Todd Rochelle,2803,Bryant Bulldogs,Guard,1.0,0,0,0,0,0,0,0,0,0,0,0,0,1,0,0,1,America East,,,,,1.0,0.0,0.0,0.0,0.0,0.0,0.0,0.0,0.0,0.0,0.0,1.0,0.0
5107101,John Shannon,2803,Bryant Bulldogs,Forward,1.0,0,1,0,0,0,0,0,0,0,0,0,0,0,0,0,1,America East,0.0,,,0.0,1.0,0.0,1.0,0.0,0.0,0.0,0.0,0.0,0.0,0.0,0.0,0.0,0.0
5107140,Mason Jones,2443,New Orleans Privateers,Guard,31.0,2,9,0,4,1,3,6,4,10,3,2,0,2,3,5,2,Southland,0.2222222222222222,0.0,0.3333333333333333,0.2222222222222222,15.5,1.0,4.5,0.0,2.0,3.0,2.0,5.0,1.5,1.0,0.0,1.0,2.5
5107142,Andrew Akuchie,242,Rice Owls,Forward,28.0,2,4,0,0,1,2,2,8,10,0,1,3,1,2,5,1,American,0.5,,0.5,0.5,28.0,2.0,4.0,0.0,0.0,2.0,8.0,10.0,0.0,1.0,3.0,1.0,5.0
5107144,Efrem Johnson,5,UAB Blazers,Guard,141.0,19,45,9,22,13,16,1,8,9,7,5,1,7,6,60,4,American,0.4222222222222222,0.4090909090909091,0.8125,0.5222222222222223,35.25,4.75,11.25,2.25,5.5,0.25,2.0,2.25,1.75,1.25,0.25,1.75,15.0
5107147,Matija Belic,2540,UC Santa Barbara Gauchos,Guard,32.0,2,7,1,4,0,0,2,4,6,3,1,0,0,3,5,1,Big West,0.2857142857142857,0.25,,0.35714285714285715,32.0,2.0,7.0,1.0,4.0,2.0,4.0,6.0,3.0,1.0,0.0,0.0,5.0
5107148,Roddie Anderson III,68,Boise State Broncos,Guard,67.0,9,25,3,7,3,6,1,6,7,3,2,1,5,6,24,2,Mountain West,0.36,0.42857142857142855,0.5,0.42,33.5,4.5,12.5,1.5,3.5,0.5,3.0,3.5,1.5,1.0,0.5,2.5,12.0
5107150,Camden McCormick,28,UC San Diego Tritons,Guard,3.0,0,1,0,1,0,0,0,0,0,0,0,0,0,1,0,1,Big West,0.0,0.0,,0.0,3.0,0.0,1.0,0.0,1.0,0.0,0.0,0.0,0.0,0.0,0.0,0.0,0.0
5107152,Nate Pickens,27,UC Riverside Highlanders,Guard,60.0,4,12,4,8,7,10,1,4,5,4,1,0,5,4,19,2,Big West,0.3333333333333333,0.5,0.7,0.5,30.0,2.0,6.0,2.0,4.0,0.5,2.0,2.5,2.0,0.5,0.0,2.5,9.5
5107153,Kaleb Smith,27,UC Riverside Highlanders,Forward,66.0,7,23,2,10,8,14,3,9,12,2,1,0,2,8,24,2,Big West,0.30434782608695654,0.2,0.5714285714285714,0.34782608695652173,33.0,3.5,11.5,1.0,5.0,1.5,4.5,6.0,1.0,0.5,0.0,1.0,12.0
5107154,Vladimer Salaridze,27,UC Riverside Highlanders,Forward,39.0,8,13,2,5,7,7,4,1,5,4,2,0,1,6,25,2,Big West,0.6153846153846154,0.4,1.0,0.6923076923076923,19.5,4.0,6.5,1.0,2.5,2.0,0.5,2.5,2.0,1.0,0.0,0.5,12.5
5107157,Ryan Conwell,282,Indiana State Sycamores,Guard,300.0,51,101,24,62,23,29,5,52,57,27,11,4,10,20,149,8,Missouri Valley,0.504950495049505,0.3870967741935484,0.7931034482758621,0.6237623762376238,37.5,6.375,12.625,3.0,7.75,0.625,6.5,7.125,3.375,1.375,0.5,1.25,18.625
5107158,Dok Muordar,325,Cleveland State Vikings,Center,6.0,0,1,0,0,4,5,1,2,3,0,0,1,2,1,4,2,Horizon,0.0,,0.8,0.0,3.0,0.0,0.5,0.0,0.0,0.5,1.0,1.5,0.0,0.0,0.5,1.0,2.0
5107161,Hayden Welling,300,UC Irvine Anteaters,Forward,5.0,0,2,0,0,0,0,1,1,2,0,0,0,0,0,0,2,Big West,0.0,,,0.0,2.5,0.0,1.0,0.0,0.0,0.5,0.5,1.0,0.0,0.0,0.0,0.0,0.0
5107169,Xaivian Lee,163,Princeton Tigers,Guard,61.0,6,21,1,10,3,6,0,6,6,7,7,2,3,3,16,2,Ivy,0.2857142857142857,0.1,0.5,0.30952380952380953,30.5,3.0,10.5,0.5,5.0,0.0,3.0,3.0,3.5,3.5,1.0,1.5,8.0
5107170,Caden Pierce,163,Princeton Tigers,Forward,75.0,17,31,1,6,6,8,9,9,18,7,6,0,8,7,41,2,Ivy,0.5483870967741935,0.16666666666666666,0.75,0.5645161290322581,37.5,8.5,15.5,0.5,3.0,4.5,4.5,9.0,3.5,3.0,0.0,4.0,20.5
5107172,Vernon Collins,163,Princeton Tigers,Forward,3.0,0,0,0,0,0,0,0,0,0,1,0,0,0,2,0,1,Ivy,,,,,3.0,0.0,0.0,0.0,0.0,0.0,0.0,0.0,1.0,0.0,0.0,0.0,0.0
5107173,Danny Wolf,43,Yale Bulldogs,Forward,132.0,18,47,4,14,10,14,5,33,38,10,4,6,6,12,50,4,Ivy,0.3829787234042553,0.2857142857142857,0.7142857142857143,0.425531914893617,33.0,4.5,11.75,1.0,3.5,1.25,8.25,9.5,2.5,1.0,1.5,1.5,12.5
5107174,Nick Townsend,43,Yale Bulldogs,Forward,47.0,4,11,0,2,5,6,4,6,10,4,1,0,1,11,13,4,Ivy,0.36363636363636365,0.0,0.8333333333333334,0.36363636363636365,11.75,1.0,2.75,0.0,0.5,1.0,1.5,2.5,1.0,0.25,0.0,0.25,3.25
5107176,Tre Dinkins,2099,Canisius Golden Griffins,Guard,80.0,17,41,7,23,0,1,1,6,7,7,0,2,5,2,41,2,MAAC,0.4146341463414634,0.30434782608695654,0.0,0.5,40.0,8.5,20.5,3.5,11.5,0.5,3.0,3.5,3.5,0.0,1.0,2.5,20.5
5107177,Devean Williams,2099,Canisius Golden Griffins,Guard,64.0,11,26,3,11,0,0,0,3,3,4,3,0,8,3,25,2,MAAC,0.4230769230769231,0.2727272727272727,,0.4807692307692308,32.0,5.5,13.0,1.5,5.5,0.0,1.5,1.5,2.0,1.5,0.0,4.0,12.5
5107178,Youri Fritz,2099,Canisius Golden Griffins,Forward,51.0,6,8,0,0,3,4,5,7,12,2,6,5,4,6,15,2,MAAC,0.75,,0.75,0.75,25.5,3.0,4.0,0.0,0.0,2.5,3.5,6.0,1.0,3.0,2.5,2.0,7.5
5107179,Bryce Okpoh,2099,Canisius Golden Griffins,Forward,38.0,4,9,0,1,1,4,4,6,10,2,0,0,1,6,9,2,MAAC,0.4444444444444444,0.0,0.25,0.4444444444444444,19.0,2.0,4.5,0.0,0.5,2.0,3.0,5.0,1.0,0.0,0.0,0.5,4.5
5107180,Frank Mitchell,2099,Canisius Golden Griffins,Forward,66.0,7,13,0,0,0,2,8,15,23,4,5,5,0,6,14,2,MAAC,0.5384615384615384,,0.0,0.5384615384615384,33.0,3.5,6.5,0.0,0.0,4.0,7.5,11.5,2.0,2.5,2.5,0.0,7.0
5107181,Anthony Davis Jr.,2217,Fairfield Stags,Guard,15.0,0,0,0,0,1,2,0,2,2,1,1,0,2,0,1,2,MAAC,,,0.5,,7.5,0.0,0.0,0.0,0.0,0.0,1.0,1.0,0.5,0.5,0.0,1.0,0.5
5107182,James Johns Jr.,2217,Fairfield Stags,Guard,16.0,1,3,0,1,4,6,1,0,1,0,1,1,1,2,6,3,MAAC,0.3333333333333333,0.0,0.6666666666666666,0.3333333333333333,5.333333333333333,0.3333333333333333,1.0,0.0,0.3333333333333333,0.3333333333333333,0.0,0.3333333333333333,0.0,0.3333333333333333,0.3333333333333333,0.3333333333333333,2.0
5107184,Rex Sunderland,160,New Hampshire Wildcats,Guard,33.0,2,6,0,4,0,0,1,2,3,0,3,0,2,5,4,2,America East,0.3333333333333333,0.0,,0.3333333333333333,16.5,1.0,3.0,0.0,2.0,0.5,1.0,1.5,0.0,1.5,0.0,1.0,2.0
5107186,Christian Moore,160,New Hampshire Wildcats,Guard,23.0,3,7,1,3,0,0,3,1,4,1,1,1,1,4,7,2,America East,0.42857142857142855,0.3333333333333333,,0.5,11.5,1.5,3.5,0.5,1.5,1.5,0.5,2.0,0.5,0.5,0.5,0.5,3.5
5107188,Clarence Daniels,160,New Hampshire Wildcats,Forward,74.0,11,29,2,9,10,12,3,23,26,2,6,3,5,3,34,2,America East,0.3793103448275862,0.2222222222222222,0.8333333333333334,0.41379310344827586,37.0,5.5,14.5,1.0,4.5,1.5,11.5,13.0,1.0,3.0,1.5,2.5,17.0
5107190,Amari Stroud,299,Long Beach State Beach,Forward,64.0,15,28,1,5,3,5,4,9,13,2,3,4,2,12,34,4,Big West,0.5357142857142857,0.2,0.6,0.5535714285714286,16.0,3.75,7.0,0.25,1.25,1.0,2.25,3.25,0.5,0.75,1.0,0.5,8.5
5107191,Maddox Monson,299,Long Beach State Beach,Guard,2.0,0,0,0,0,0,0,0,1,1,0,0,0,0,0,0,2,Big West,,,,,1.0,0.0,0.0,0.0,0.0,0.0,0.5,0.5,0.0,0.0,0.0,0.0,0.0
5107192,Jason Hart Jr.,299,Long Beach State Beach,Guard,10.0,0,2,0,0,0,0,0,1,1,0,0,0,1,1,0,3,Big West,0.0,,,0.0,3.3333333333333335,0.0,0.6666666666666666,0.0,0.0,0.0,0.3333333333333333,0.3333333333333333,0.0,0.0,0.0,0.3333333333333333,0.0
5107193,Chayce Polynice,299,Long Beach State Beach,Center,2.0,0,1,0,0,0,0,0,0,0,0,0,0,0,0,0,2,Big West,0.0,,,0.0,1.0,0.0,0.5,0.0,0.0,0.0,0.0,0.0,0.0,0.0,0.0,0.0,0.0
5107194,Tone Hunter,2473,Oakland Golden Grizzlies,Guard,31.0,1,5,0,0,4,7,0,3,3,10,1,1,1,4,6,5,Horizon,0.2,,0.5714285714285714,0.2,6.2,0.2,1.0,0.0,0.0,0.0,0.6,0.6,2.0,0.2,0.2,0.2,1.2
5107199,Daniss Jenkins,2599,St. John's Red Storm,Guard,56.0,14,32,4,11,6,6,1,3,4,9,4,1,2,5,38,2,Big East,0.4375,0.36363636363636365,1.0,0.5,28.0,7.0,16.0,2.0,5.5,0.5,1.5,2.0,4.5,2.0,0.5,1.0,19.0
5107204,Harry Rouhliadeff,62,Hawai'i Rainbow Warriors,Forward,7.0,2,3,1,1,2,2,0,5,5,0,0,1,0,1,7,1,Big West,0.6666666666666666,1.0,1.0,0.8333333333333334,7.0,2.0,3.0,1.0,1.0,0.0,5.0,5.0,0.0,0.0,1.0,0.0,7.0
5107209,Jaden Clayton,311,Maine Black Bears,Guard,38.0,2,6,1,3,1,2,0,2,2,3,3,0,2,1,6,1,America East,0.3333333333333333,0.3333333333333333,0.5,0.4166666666666667,38.0,2.0,6.0,1.0,3.0,0.0,2.0,2.0,3.0,3.0,0.0,2.0,6.0
5107218,Kyran Ratliff,309,Louisiana Ragin' Cajuns,Forward,17.0,3,7,0,0,0,2,2,2,4,1,1,2,1,5,6,2,Sun Belt,0.42857142857142855,,0.0,0.42857142857142855,8.5,1.5,3.5,0.0,0.0,1.0,1.0,2.0,0.5,0.5,1.0,0.5,3.0
5107220,Edward Nnamoko,2247,Georgia State Panthers,Center,19.0,0,1,0,0,0,0,2,3,5,1,0,0,1,2,0,1,Sun Belt,0.0,,,0.0,19.0,0.0,1.0,0.0,0.0,2.0,3.0,5.0,1.0,0.0,0.0,1.0,0.0
5107222,Xavier Brown,256,James Madison Dukes,Guard,138.0,15,37,9,18,5,6,2,21,23,6,7,1,6,9,44,5,Sun Belt,0.40540540540540543,0.5,0.8333333333333334,0.527027027027027,27.6,3.0,7.4,1.8,3.6,0.4,4.2,4.6,1.2,1.4,0.2,1.2,8.8
5107225,Jerrell Roberson,256,James Madison Dukes,Forward,1.0,0,1,0,0,0,0,0,0,0,0,0,0,0,0,0,1,Sun Belt,0.0,,,0.0,1.0,0.0,1.0,0.0,0.0,0.0,0.0,0.0,0.0,0.0,0.0,0.0,0.0
5107226,Tyren Moore,290,Georgia Southern Eagles,Guard,72.0,19,46,7,18,9,9,2,5,7,8,4,0,6,5,54,2,Sun Belt,0.41304347826086957,0.3888888888888889,1.0,0.4891304347826087,36.0,9.5,23.0,3.5,9.0,1.0,2.5,3.5,4.0,2.0,0.0,3.0,27.0
5107229,Tai Strickland,112358,Long Island University Sharks,Guard,31.0,7,19,0,3,4,4,0,2,2,3,2,0,3,4,18,1,Northeast,0.3684210526315789,0.0,1.0,0.3684210526315789,31.0,7.0,19.0,0.0,3.0,0.0,2.0,2.0,3.0,2.0,0.0,3.0,18.0
5107230,Nate Brafford,290,Georgia Southern Eagles,Forward,41.0,6,7,2,3,1,1,1,5,6,0,1,3,0,9,15,2,Sun Belt,0.8571428571428571,0.6666666666666666,1.0,1.0,20.5,3.0,3.5,1.0,1.5,0.5,2.5,3.0,0.0,0.5,1.5,0.0,7.5
5107233,Kylan Blackmon,324,Coastal Carolina Chanticleers,Guard,63.0,5,10,1,4,7,9,1,4,5,3,0,0,4,7,18,2,Sun Belt,0.5,0.25,0.7777777777777778,0.55,31.5,2.5,5.0,0.5,2.0,0.5,2.0,2.5,1.5,0.0,0.0,2.0,9.0
5107240,Devan Sapp,2378,UMBC Retrievers,Guard,13.0,1,4,1,3,0,0,0,1,1,1,1,0,0,4,3,1,America East,0.25,0.3333333333333333,,0.375,13.0,1.0,4.0,1.0,3.0,0.0,1.0,1.0,1.0,1.0,0.0,0.0,3.0
5107242,Dion Brown,2378,UMBC Retrievers,Guard,40.0,7,16,2,3,2,2,3,2,5,8,2,0,3,5,18,1,America East,0.4375,0.6666666666666666,1.0,0.5,40.0,7.0,16.0,2.0,3.0,3.0,2.0,5.0,8.0,2.0,0.0,3.0,18.0
5107246,Mak Manciel,2174,Detroit Mercy Titans,Guard,16.0,3,5,3,5,0,0,0,2,2,1,0,0,0,5,9,1,Horizon,0.6,0.6,,0.9,16.0,3.0,5.0,3.0,5.0,0.0,2.0,2.0,1.0,0.0,0.0,0.0,9.0
5107249,Julian Lual,2032,Arkansas State Red Wolves,Forward,23.0,2,8,0,4,0,0,1,1,2,0,2,0,0,2,4,3,Sun Belt,0.25,0.0,,0.25,7.666666666666667,0.6666666666666666,2.6666666666666665,0.0,1.3333333333333333,0.3333333333333333,0.3333333333333333,0.6666666666666666,0.0,0.6666666666666666,0.0,0.0,1.3333333333333333
5107251,Izaiyah Nelson,2032,Arkansas State Red Wolves,Forward,193.0,34,56,3,7,12,21,26,42,68,3,6,14,8,16,83,6,Sun Belt,0.6071428571428571,0.42857142857142855,0.5714285714285714,0.6339285714285714,32.166666666666664,5.666666666666667,9.333333333333334,0.5,1.1666666666666667,4.333333333333333,7.0,11.333333333333334,0.5,1.0,2.3333333333333335,1.3333333333333333,13.833333333333334
5107252,Justin Abson,2026,Appalachian State Mountaineers,Forward,99.0,11,17,0,0,5,8,4,22,26,8,1,9,4,5,27,3,Sun Belt,0.6470588235294118,,0.625,0.6470588235294118,33.0,3.6666666666666665,5.666666666666667,0.0,0.0,1.3333333333333333,7.333333333333333,8.666666666666666,2.6666666666666665,0.3333333333333333,3.0,1.3333333333333333,9.0
5107255,Kalen Garry,2571,South Dakota State Jackrabbits,Guard,77.0,9,18,5,11,6,8,2,9,11,4,2,1,2,9,29,4,Summit League,0.5,0.45454545454545453,0.75,0.6388888888888888,19.25,2.25,4.5,1.25,2.75,0.5,2.25,2.75,1.0,0.5,0.25,0.5,7.25
5107256,Tanner Te Slaa,2571,South Dakota State Jackrabbits,Guard,2.0,0,0,0,0,0,0,0,0,0,0,0,0,0,0,0,2,Summit League,,,,,1.0,0.0,0.0,0.0,0.0,0.0,0.0,0.0,0.0,0.0,0.0,0.0,0.0
5107257,Jack Hastreiter,2571,South Dakota State Jackrabbits,Guard,2.0,1,1,0,0,0,0,0,1,1,0,0,0,0,0,2,2,Summit League,1.0,,,1.0,1.0,0.5,0.5,0.0,0.0,0.0,0.5,0.5,0.0,0.0,0.0,0.0,1.0
5107258,William Kyle III,2571,South Dakota State Jackrabbits,Forward,120.0,23,37,0,0,7,13,5,26,31,7,0,2,5,6,53,4,Summit League,0.6216216216216216,,0.5384615384615384,0.6216216216216216,30.0,5.75,9.25,0.0,0.0,1.25,6.5,7.75,1.75,0.0,0.5,1.25,13.25
5107260,JJ White,2437,Omaha Mavericks,Guard,59.0,4,8,2,4,1,2,1,7,8,6,0,0,5,5,11,2,Summit League,0.5,0.5,0.5,0.625,29.5,2.0,4.0,1.0,2.0,0.5,3.5,4.0,3.0,0.0,0.0,2.5,5.5
5107261,Jaeden Marshall,2437,Omaha Mavericks,Guard,24.0,0,4,0,3,0,0,0,4,4,2,0,0,0,2,0,2,Summit League,0.0,0.0,,0.0,12.0,0.0,2.0,0.0,1.5,0.0,2.0,2.0,1.0,0.0,0.0,0.0,0.0
5107264,Marquel Sutton,2437,Omaha Mavericks,Forward,75.0,9,23,1,4,4,4,3,9,12,0,0,0,5,3,23,2,Summit League,0.391304347826087,0.25,1.0,0.41304347826086957,37.5,4.5,11.5,0.5,2.0,1.5,4.5,6.0,0.0,0.0,0.0,2.5,11.5
5107267,Jamal Ambrose,2437,Omaha Mavericks,Forward,2.0,0,0,0,0,0,0,0,0,0,0,0,0,0,1,0,1,Summit League,,,,,2.0,0.0,0.0,0.0,0.0,0.0,0.0,0.0,0.0,0.0,0.0,0.0,0.0
5107268,Tony Osburn,2437,Omaha Mavericks,Guard,68.0,6,16,3,13,2,2,0,4,4,0,1,0,2,5,17,2,Summit League,0.375,0.23076923076923078,1.0,0.46875,34.0,3.0,8.0,1.5,6.5,0.0,2.0,2.0,0.0,0.5,0.0,1.0,8.5
5107269,Brayden O'Connor,2349,UMass Lowell River Hawks,Guard,118.0,13,30,3,10,12,17,0,10,10,7,4,1,4,2,41,3,America East,0.43333333333333335,0.3,0.7058823529411765,0.48333333333333334,39.333333333333336,4.333333333333333,10.0,1.0,3.3333333333333335,0.0,3.3333333333333335,3.3333333333333335,2.3333333333333335,1.3333333333333333,0.3333333333333333,1.3333333333333333,13.666666666666666
5107271,Cam Morris III,2349,UMass Lowell River Hawks,Forward,83.0,15,26,1,3,13,19,11,18,29,3,0,4,3,6,44,3,America East,0.5769230769230769,0.3333333333333333,0.6842105263157895,0.5961538461538461,27.666666666666668,5.0,8.666666666666666,0.3333333333333333,1.0,3.6666666666666665,6.0,9.666666666666666,1.0,0.0,1.3333333333333333,1.0,14.666666666666666
5107272,Tajavis Miller,2449,North Dakota State Bison,Guard,17.0,3,5,1,2,1,1,0,2,2,0,0,0,3,1,8,1,Summit League,0.6,0.5,1.0,0.7,17.0,3.0,5.0,1.0,2.0,0.0,2.0,2.0,0.0,0.0,0.0,3.0,8.0
5107273,Damari Wheeler-Thomas,2449,North Dakota State Bison,Guard,37.0,1,4,0,2,1,3,0,0,0,1,0,0,1,4,3,1,Summit League,0.25,0.0,0.3333333333333333,0.25,37.0,1.0,4.0,0.0,2.0,0.0,0.0,0.0,1.0,0.0,0.0,1.0,3.0
5107274,Jacari White,2449,North Dakota State Bison,Guard,33.0,6,8,4,5,0,0,0,2,2,2,1,0,3,2,16,1,Summit League,0.75,0.8,,1.0,33.0,6.0,8.0,4.0,5.0,0.0,2.0,2.0,2.0,1.0,0.0,3.0,16.0
5107275,Lance Waddles,2449,North Dakota State Bison,Guard,7.0,1,2,0,1,0,0,0,1,1,1,0,0,2,0,2,1,Summit League,0.5,0.0,,0.5,7.0,1.0,2.0,0.0,1.0,0.0,1.0,1.0,1.0,0.0,0.0,2.0,2.0
5107276,Ryan Sletten,2449,North Dakota State Bison,Guard,1.0,0,0,0,0,0,0,0,0,0,0,0,0,0,0,0,1,Summit League,,,,,1.0,0.0,0.0,0.0,0.0,0.0,0.0,0.0,0.0,0.0,0.0,0.0,0.0
5107277,Sam Hastreiter,2449,North Dakota State Bison,Forward,1.0,1,1,0,0,0,0,0,0,0,1,0,0,0,0,2,1,Summit League,1.0,,,1.0,1.0,1.0,1.0,0.0,0.0,0.0,0.0,0.0,1.0,0.0,0.0,0.0,2.0
5107278,Noah Feddersen,2449,North Dakota State Bison,Forward,36.0,4,8,1,4,2,2,1,2,3,0,2,2,2,1,11,1,Summit League,0.5,0.25,1.0,0.5625,36.0,4.0,8.0,1.0,4.0,1.0,2.0,3.0,0.0,2.0,2.0,2.0,11.0
5107283,Jalun Trent,48,Delaware Blue Hens,Guard,38.0,7,11,0,0,0,0,2,8,10,3,2,0,4,3,14,2,Coastal,0.6363636363636364,,,0.6363636363636364,19.0,3.5,5.5,0.0,0.0,1.0,4.0,5.0,1.5,1.0,0.0,2.0,7.0
5107285,B.J. Omot,155,North Dakota Fighting Hawks,Forward,38.0,6,11,2,7,0,0,0,7,7,3,3,0,2,1,14,1,Summit League,0.5454545454545454,0.2857142857142857,,0.6363636363636364,38.0,6.0,11.0,2.0,7.0,0.0,7.0,7.0,3.0,3.0,0.0,2.0,14.0
5107287,Treysen Eaglestaff,155,North Dakota Fighting Hawks,Guard,27.0,7,12,3,7,1,1,2,2,4,1,0,0,3,3,18,1,Summit League,0.5833333333333334,0.42857142857142855,1.0,0.7083333333333334,27.0,7.0,12.0,3.0,7.0,2.0,2.0,4.0,1.0,0.0,0.0,3.0,18.0
5107289,Justin Mullins,77,Northwestern Wildcats,Guard,19.0,0,1,0,0,0,1,1,3,4,0,0,0,1,4,0,2,Big Ten,0.0,,0.0,0.0,9.5,0.0,0.5,0.0,0.0,0.5,1.5,2.0,0.0,0.0,0.0,0.5,0.0
5107293,Stephen Giwa,357,Texas A&M-Corpus Christi Islanders,Center,31.0,1,3,0,0,2,4,1,3,4,1,1,1,2,6,4,2,Southland,0.3333333333333333,,0.5,0.3333333333333333,15.5,0.5,1.5,0.0,0.0,0.5,1.5,2.0,0.5,0.5,0.5,1.0,2.0
5107295,TJ Hurley,261,Vermont Catamounts,Guard,33.0,2,5,1,1,1,1,0,3,3,1,1,0,1,3,6,3,America East,0.4,1.0,1.0,0.5,11.0,0.6666666666666666,1.6666666666666667,0.3333333333333333,0.3333333333333333,0.0,1.0,1.0,0.3333333333333333,0.3333333333333333,0.0,0.3333333333333333,2.0
5107296,Perry Smith Jr.,2428,North Carolina Central Eagles,Forward,37.0,3,5,0,0,0,0,5,5,10,0,1,0,2,6,6,2,MEAC,0.6,,,0.6,18.5,1.5,2.5,0.0,0.0,2.5,2.5,5.0,0.0,0.5,0.0,1.0,3.0
5107300,Roberts Berze,2377,McNeese Cowboys,Forward,6.0,0,0,0,0,0,0,0,1,1,1,0,0,0,1,0,3,Southland,,,,,2.0,0.0,0.0,0.0,0.0,0.0,0.3333333333333333,0.3333333333333333,0.3333333333333333,0.0,0.0,0.0,0.0
5107303,Wesley Fields,2377,McNeese Cowboys,Guard,5.0,0,2,0,1,0,0,0,0,0,0,0,0,0,0,0,3,Southland,0.0,0.0,,0.0,1.6666666666666667,0.0,0.6666666666666666,0.0,0.3333333333333333,0.0,0.0,0.0,0.0,0.0,0.0,0.0,0.0
5107312,LeJuan Watts,331,Eastern Washington Eagles,Forward,20.0,1,4,0,1,1,2,0,0,0,1,0,0,3,1,3,1,Big Sky,0.25,0.0,0.5,0.25,20.0,1.0,4.0,0.0,1.0,0.0,0.0,0.0,1.0,0.0,0.0,3.0,3.0
5107314,Dane Erikstrup,331,Eastern Washington Eagles,Forward,17.0,2,6,1,4,2,2,0,5,5,0,0,0,0,4,7,1,Big Sky,0.3333333333333333,0.25,1.0,0.4166666666666667,17.0,2.0,6.0,1.0,4.0,0.0,5.0,5.0,0.0,0.0,0.0,0.0,7.0
5107317,Jackson Paveletzke,66,Iowa State Cyclones,Guard,9.0,1,4,1,2,0,0,0,1,1,1,1,0,0,1,3,3,Big 12,0.25,0.5,,0.375,3.0,0.3333333333333333,1.3333333333333333,0.3333333333333333,0.6666666666666666,0.0,0.3333333333333333,0.3333333333333333,0.3333333333333333,0.3333333333333333,0.0,0.0,1.0
5107320,Chase Martin,2747,Wofford Terriers,Guard,9.0,0,0,0,0,0,0,0,0,0,0,0,1,0,0,0,1,Southern,,,,,9.0,0.0,0.0,0.0,0.0,0.0,0.0,0.0,0.0,0.0,1.0,0.0,0.0
5107321,Amarri Tice,2514,Quinnipiac Bobcats,Forward,100.0,9,27,2,8,7,12,7,13,20,5,4,3,6,5,27,3,MAAC,0.3333333333333333,0.25,0.5833333333333334,0.37037037037037035,33.333333333333336,3.0,9.0,0.6666666666666666,2.6666666666666665,2.3333333333333335,4.333333333333333,6.666666666666667,1.6666666666666667,1.3333333333333333,1.0,2.0,9.0
5107325,Anthony Arrington Jr.,2747,Wofford Terriers,Guard,19.0,0,4,0,1,0,0,1,4,5,0,0,0,0,3,0,1,Southern,0.0,0.0,,0.0,19.0,0.0,4.0,0.0,1.0,1.0,4.0,5.0,0.0,0.0,0.0,0.0,0.0
5107343,DJ Campbell,2717,Western Carolina Catamounts,Guard,24.0,3,5,0,1,0,0,0,1,1,0,1,0,2,2,6,1,Southern,0.6,0.0,,0.6,24.0,3.0,5.0,0.0,1.0,0.0,1.0,1.0,0.0,1.0,0.0,2.0,6.0
5107349,Taeshaud Jackson II,2678,VMI Keydets,Guard,35.0,5,11,0,3,6,12,0,10,10,8,1,0,4,4,16,1,Southern,0.45454545454545453,0.0,0.5,0.45454545454545453,35.0,5.0,11.0,0.0,3.0,0.0,10.0,10.0,8.0,1.0,0.0,4.0,16.0
5107350,Asher Woods,2655,Tulane Green Wave,Guard,27.0,3,5,1,2,1,2,0,1,1,3,2,0,0,2,8,1,American,0.6,0.5,0.5,0.7,27.0,3.0,5.0,1.0,2.0,0.0,1.0,1.0,3.0,2.0,0.0,0.0,8.0
5107353,Tyler Houser,48,Delaware Blue Hens,Forward,42.0,2,7,1,5,0,0,3,8,11,1,0,1,1,5,5,2,Coastal,0.2857142857142857,0.2,,0.35714285714285715,21.0,1.0,3.5,0.5,2.5,1.5,4.0,5.5,0.5,0.0,0.5,0.5,2.5
5107355,Donovan Atwell,2430,UNC Greensboro Spartans,Guard,33.0,4,10,2,5,0,0,2,1,3,1,1,0,2,4,10,1,Southern,0.4,0.4,,0.5,33.0,4.0,10.0,2.0,5.0,2.0,1.0,3.0,1.0,1.0,0.0,2.0,10.0
5107357,AJ Smith,2643,The Citadel Bulldogs,Guard,36.0,5,15,1,4,1,1,1,0,1,2,0,0,3,1,12,1,Southern,0.3333333333333333,0.25,1.0,0.36666666666666664,36.0,5.0,15.0,1.0,4.0,1.0,0.0,1.0,2.0,0.0,0.0,3.0,12.0
5107358,Madison Durr,2643,The Citadel Bulldogs,Guard,39.0,8,16,0,1,6,13,1,4,5,3,0,0,4,2,22,1,Southern,0.5,0.0,0.46153846153846156,0.5,39.0,8.0,16.0,0.0,1.0,1.0,4.0,5.0,3.0,0.0,0.0,4.0,22.0
5107359,Colby McAllister,2643,The Citadel Bulldogs,Guard,7.0,1,2,1,2,0,0,0,0,0,0,1,0,0,0,3,1,Southern,0.5,0.5,,0.75,7.0,1.0,2.0,1.0,2.0,0.0,0.0,0.0,0.0,1.0,0.0,0.0,3.0
5107361,Josh Davis,2643,The Citadel Bulldogs,Guard,1.0,0,0,0,0,0,0,0,0,0,0,0,0,0,0,0,1,Southern,,,,,1.0,0.0,0.0,0.0,0.0,0.0,0.0,0.0,0.0,0.0,0.0,0.0,0.0
5107364,Achor Achor,2535,Samford Bulldogs,Forward,121.0,32,57,4,10,20,28,12,23,35,5,3,9,5,12,88,4,Southern,0.5614035087719298,0.4,0.7142857142857143,0.5964912280701754,30.25,8.0,14.25,1.0,2.5,3.0,5.75,8.75,1.25,0.75,2.25,1.25,22.0
5107369,Ben VanderWal,231,Furman Paladins,Forward,38.0,1,6,0,3,1,2,4,5,9,2,1,0,0,4,3,2,Southern,0.16666666666666666,0.0,0.5,0.16666666666666666,19.0,0.5,3.0,0.0,1.5,2.0,2.5,4.5,1.0,0.5,0.0,0.0,1.5
5107372,Justice Smith,2193,East Tennessee State Buccaneers,Guard,10.0,2,4,0,2,1,2,0,1,1,1,1,1,2,4,5,1,Southern,0.5,0.0,0.5,0.5,10.0,2.0,4.0,0.0,2.0,0.0,1.0,1.0,1.0,1.0,1.0,2.0,5.0
5107373,Braden Ilic,2193,East Tennessee State Buccaneers,Forward,11.0,5,7,3,5,0,1,0,1,1,0,2,1,0,2,13,2,Southern,0.7142857142857143,0.6,0.0,0.9285714285714286,5.5,2.5,3.5,1.5,2.5,0.0,0.5,0.5,0.0,1.0,0.5,0.0,6.5
5107375,Sam Alexis,236,Chattanooga Mocs,Forward,57.0,8,9,2,2,4,9,2,16,18,4,1,7,5,8,22,2,Southern,0.8888888888888888,1.0,0.4444444444444444,1.0,28.5,4.0,4.5,1.0,1.0,1.0,8.0,9.0,2.0,0.5,3.5,2.5,11.0
5107376,Demetrius Davis,236,Chattanooga Mocs,Forward,39.0,7,11,4,5,1,3,4,3,7,1,1,1,3,5,19,2,Southern,0.6363636363636364,0.8,0.3333333333333333,0.8181818181818182,19.5,3.5,5.5,2.0,2.5,2.0,1.5,3.5,0.5,0.5,0.5,1.5,9.5
5107381,Zeke Cook,2296,Jackson State Tigers,Forward,29.0,1,12,0,1,2,4,6,3,9,2,3,0,0,3,4,1,SWAC,0.08333333333333333,0.0,0.5,0.08333333333333333,29.0,1.0,12.0,0.0,1.0,6.0,3.0,9.0,2.0,3.0,0.0,0.0,4.0
5107382,Keiveon Hunt,2296,Jackson State Tigers,Guard,12.0,1,4,0,1,1,4,0,1,1,1,0,0,2,4,3,1,SWAC,0.25,0.0,0.25,0.25,12.0,1.0,4.0,0.0,1.0,0.0,1.0,1.0,1.0,0.0,0.0,2.0,3.0
5107383,Chase Adams,2296,Jackson State Tigers,Guard,24.0,3,7,1,5,2,2,1,4,5,4,1,0,3,2,9,1,SWAC,0.42857142857142855,0.2,1.0,0.5,24.0,3.0,7.0,1.0,5.0,1.0,4.0,5.0,4.0,1.0,0.0,3.0,9.0
5107384,Keionte Cornelius,2296,Jackson State Tigers,Guard,10.0,0,4,0,3,0,0,0,0,0,1,0,0,1,0,0,1,SWAC,0.0,0.0,,0.0,10.0,0.0,4.0,0.0,3.0,0.0,0.0,0.0,1.0,0.0,0.0,1.0,0.0
5107386,Treyon Johnson,2296,Jackson State Tigers,Center,13.0,0,2,0,0,0,0,0,1,1,1,1,0,0,2,0,1,SWAC,0.0,,,0.0,13.0,0.0,2.0,0.0,0.0,0.0,1.0,1.0,1.0,1.0,0.0,0.0,0.0
5107423,Willie Anderson Jr.,2016,Alcorn State Braves,Small Forward,4.0,0,0,0,0,0,0,0,0,0,0,1,0,0,2,0,1,SWAC,,,,,4.0,0.0,0.0,0.0,0.0,0.0,0.0,0.0,0.0,1.0,0.0,0.0,0.0
5107438,Duane Posey,2466,Northwestern State Demons,Guard,11.0,0,3,0,0,0,0,2,2,4,1,0,0,3,2,0,1,Southland,0.0,,,0.0,11.0,0.0,3.0,0.0,0.0,2.0,2.0,4.0,1.0,0.0,0.0,3.0,0.0
5107439,Kendal Parker,2011,Alabama State Hornets,Guard,3.0,0,2,0,1,0,0,0,0,0,0,0,0,0,1,0,1,SWAC,0.0,0.0,,0.0,3.0,0.0,2.0,0.0,1.0,0.0,0.0,0.0,0.0,0.0,0.0,0.0,0.0
5107442,Eric Coleman,2011,Alabama State Hornets,Forward,12.0,0,5,0,4,0,0,1,2,3,2,0,0,1,1,0,1,SWAC,0.0,0.0,,0.0,12.0,0.0,5.0,0.0,4.0,1.0,2.0,3.0,2.0,0.0,0.0,1.0,0.0
5107453,Jayland Randall,2010,Alabama A&M Bulldogs,Guard,64.0,12,21,1,4,9,11,2,10,12,3,0,1,4,10,34,4,SWAC,0.5714285714285714,0.25,0.8181818181818182,0.5952380952380952,16.0,3.0,5.25,0.25,1.0,0.5,2.5,3.0,0.75,0.0,0.25,1.0,8.5
5107454,Omari Peek,2010,Alabama A&M Bulldogs,Guard,95.0,14,33,0,3,18,19,7,12,19,3,2,1,13,2,46,4,SWAC,0.42424242424242425,0.0,0.9473684210526315,0.42424242424242425,23.75,3.5,8.25,0.0,0.75,1.75,3.0,4.75,0.75,0.5,0.25,3.25,11.5
5107455,Caleb Blackwell,2010,Alabama A&M Bulldogs,Guard,68.0,10,21,2,8,2,2,1,10,11,8,2,1,5,6,24,4,SWAC,0.47619047619047616,0.25,1.0,0.5238095238095238,17.0,2.5,5.25,0.5,2.0,0.25,2.5,2.75,2.0,0.5,0.25,1.25,6.0
5107456,Lorenzo Downey,2010,Alabama A&M Bulldogs,Guard,106.0,13,26,10,19,14,18,7,12,19,2,1,1,3,13,50,4,SWAC,0.5,0.5263157894736842,0.7777777777777778,0.6923076923076923,26.5,3.25,6.5,2.5,4.75,1.75,3.0,4.75,0.5,0.25,0.25,0.75,12.5
5107457,Darius Osborne,2010,Alabama A&M Bulldogs,Forward,44.0,1,6,1,4,0,0,1,7,8,7,0,4,5,7,3,4,SWAC,0.16666666666666666,0.25,,0.25,11.0,0.25,1.5,0.25,1.0,0.25,1.75,2.0,1.75,0.0,1.0,1.25,0.75
5107474,Jace Whiting,68,Boise State Broncos,Guard,14.0,0,3,0,0,0,0,0,2,2,2,0,0,0,0,0,2,Mountain West,0.0,,,0.0,7.0,0.0,1.5,0.0,0.0,0.0,1.0,1.0,1.0,0.0,0.0,0.0,0.0
5107477,Davion Cunningham,2427,UNC Asheville Bulldogs,Guard,5.0,0,1,0,1,0,0,0,0,0,0,0,0,0,0,0,1,Big South,0.0,0.0,,0.0,5.0,0.0,1.0,0.0,1.0,0.0,0.0,0.0,0.0,0.0,0.0,0.0,0.0
5107490,Justin Bailey,2908,South Carolina Upstate Spartans,Guard,31.0,3,8,0,3,0,0,2,5,7,2,0,0,3,4,6,1,Big South,0.375,0.0,,0.375,31.0,3.0,8.0,0.0,3.0,2.0,5.0,7.0,2.0,0.0,0.0,3.0,6.0
5107491,Jordyn Surratt,2908,South Carolina Upstate Spartans,Guard,16.0,4,5,0,1,0,1,0,1,1,1,0,0,1,0,8,1,Big South,0.8,0.0,0.0,0.8,16.0,4.0,5.0,0.0,1.0,0.0,1.0,1.0,1.0,0.0,0.0,1.0,8.0
5107507,Justin Archer,2515,Radford Highlanders,Forward,68.0,16,21,0,0,4,10,15,9,24,4,0,0,2,5,36,2,Big South,0.7619047619047619,,0.4,0.7619047619047619,34.0,8.0,10.5,0.0,0.0,7.5,4.5,12.0,2.0,0.0,0.0,1.0,18.0
5107508,Kenyon Giles,2515,Radford Highlanders,Guard,70.0,6,21,1,9,2,4,1,2,3,1,2,0,3,6,15,2,Big South,0.2857142857142857,0.1111111111111111,0.5,0.30952380952380953,35.0,3.0,10.5,0.5,4.5,0.5,1.0,1.5,0.5,1.0,0.0,1.5,7.5
5107509,Kyle Burns,2515,Radford Highlanders,Guard,1.0,0,0,0,0,0,0,0,0,0,0,0,0,0,0,0,1,Big South,,,,,1.0,0.0,0.0,0.0,0.0,0.0,0.0,0.0,0.0,0.0,0.0,0.0,0.0
5107510,D'Auntray Pierce,2515,Radford Highlanders,Center,29.0,0,2,0,0,0,0,6,5,11,0,1,2,2,3,0,2,Big South,0.0,,,0.0,14.5,0.0,1.0,0.0,0.0,3.0,2.5,5.5,0.0,0.5,1.0,1.0,0.0
5107511,Hunter Castleberry,2515,Radford Highlanders,Guard,1.0,0,0,0,0,0,0,0,0,0,0,0,0,0,0,0,1,Big South,,,,,1.0,0.0,0.0,0.0,0.0,0.0,0.0,0.0,0.0,0.0,0.0,0.0,0.0
5107513,David Vidor,2515,Radford Highlanders,Forward,1.0,0,0,0,0,0,0,0,1,1,0,0,0,0,0,0,1,Big South,,,,,1.0,0.0,0.0,0.0,0.0,0.0,1.0,1.0,0.0,0.0,0.0,0.0,0.0
5107519,Crosby James,2506,Presbyterian Blue Hose,Guard,19.0,1,7,0,4,0,0,0,0,0,0,2,0,2,1,2,2,Big South,0.14285714285714285,0.0,,0.14285714285714285,9.5,0.5,3.5,0.0,2.0,0.0,0.0,0.0,0.0,1.0,0.0,1.0,1.0
5107530,Mateo Esmeraldo,2344,Longwood Lancers,Guard,4.0,0,0,0,0,0,0,0,1,1,3,1,0,0,0,0,3,Big South,,,,,1.3333333333333333,0.0,0.0,0.0,0.0,0.0,0.3333333333333333,0.3333333333333333,1.0,0.3333333333333333,0.0,0.0,0.0
5107562,Taviontae Jackson,36,Colorado State Rams,Guard,35.0,2,5,0,1,1,2,1,7,8,1,0,1,3,10,5,5,Mountain West,0.4,0.0,0.5,0.4,7.0,0.4,1.0,0.0,0.2,0.2,1.4,1.6,0.2,0.0,0.2,0.6,1.0
5107563,Jack Payne,36,Colorado State Rams,Guard,2.0,0,0,0,0,2,2,0,0,0,0,0,0,0,0,2,1,Mountain West,,,1.0,,2.0,0.0,0.0,0.0,0.0,0.0,0.0,0.0,0.0,0.0,0.0,0.0,2.0
5107564,Patrick Cartier,36,Colorado State Rams,Forward,114.0,13,31,2,9,6,7,6,10,16,5,1,2,8,9,34,5,Mountain West,0.41935483870967744,0.2222222222222222,0.8571428571428571,0.45161290322580644,22.8,2.6,6.2,0.4,1.8,1.2,2.0,3.2,1.0,0.2,0.4,1.6,6.8
5107565,Luke Murphy,36,Colorado State Rams,Guard,1.0,0,0,0,0,0,0,0,0,0,0,0,0,0,1,0,1,Mountain West,,,,,1.0,0.0,0.0,0.0,0.0,0.0,0.0,0.0,0.0,0.0,0.0,0.0,0.0
5107566,Joe Palmer,36,Colorado State Rams,Guard,89.0,13,24,8,17,3,5,11,10,21,5,1,1,3,10,37,5,Mountain West,0.5416666666666666,0.47058823529411764,0.6,0.7083333333333334,17.8,2.6,4.8,1.6,3.4,2.2,2.0,4.2,1.0,0.2,0.2,0.6,7.4
5107567,Kyle Evans,36,Colorado State Rams,Forward,2.0,0,0,0,0,0,0,0,1,1,0,0,0,0,0,0,1,Mountain West,,,,,2.0,0.0,0.0,0.0,0.0,0.0,1.0,1.0,0.0,0.0,0.0,0.0,0.0
5107611,Nolan Causwell,88,Southern Indiana Screaming Eagles,Forward,18.0,3,4,0,0,2,4,1,3,4,0,1,1,3,5,8,1,Ohio Valley,0.75,,0.5,0.75,18.0,3.0,4.0,0.0,0.0,1.0,3.0,4.0,0.0,1.0,1.0,3.0,8.0
5107612,Brett Thompson,2754,Youngstown State Penguins,Guard,35.0,3,10,1,7,2,2,0,1,1,5,0,0,2,3,9,1,Horizon,0.3,0.14285714285714285,1.0,0.35,35.0,3.0,10.0,1.0,7.0,0.0,1.0,1.0,5.0,0.0,0.0,2.0,9.0
5107621,Isaiah Swope,282,Indiana State Sycamores,Guard,245.0,38,92,17,57,12,15,3,22,25,15,10,0,11,18,105,8,Missouri Valley,0.41304347826086957,0.2982456140350877,0.8,0.5054347826086957,30.625,4.75,11.5,2.125,7.125,0.375,2.75,3.125,1.875,1.25,0.0,1.375,13.125
5107623,Tyler Henry,2348,Louisiana Tech Bulldogs,Guard,4.0,1,1,0,0,0,0,0,0,0,0,0,0,0,0,2,1,Conference USA,1.0,,,1.0,4.0,1.0,1.0,0.0,0.0,0.0,0.0,0.0,0.0,0.0,0.0,0.0,2.0
5107624,Ryan Hall,88,Southern Indiana Screaming Eagles,Guard,40.0,5,8,3,6,1,3,1,2,3,3,2,1,1,4,14,1,Ohio Valley,0.625,0.5,0.3333333333333333,0.8125,40.0,5.0,8.0,3.0,6.0,1.0,2.0,3.0,3.0,2.0,1.0,1.0,14.0
5107625,Jack Mielke,88,Southern Indiana Screaming Eagles,Forward,29.0,2,7,1,6,0,0,0,1,1,0,1,0,1,5,5,1,Ohio Valley,0.2857142857142857,0.16666666666666666,,0.35714285714285715,29.0,2.0,7.0,1.0,6.0,0.0,1.0,1.0,0.0,1.0,0.0,1.0,5.0
5107626,AJ Smith,88,Southern Indiana Screaming Eagles,Guard,1.0,0,0,0,0,0,0,0,0,0,0,0,0,0,0,0,1,Ohio Valley,,,,,1.0,0.0,0.0,0.0,0.0,0.0,0.0,0.0,0.0,0.0,0.0,0.0,0.0
5107627,Jack Campion,88,Southern Indiana Screaming Eagles,Guard,31.0,4,12,1,6,4,4,1,4,5,1,3,0,5,4,13,1,Ohio Valley,0.3333333333333333,0.16666666666666666,1.0,0.375,31.0,4.0,12.0,1.0,6.0,1.0,4.0,5.0,1.0,3.0,0.0,5.0,13.0
5107629,Kiyron Powell,88,Southern Indiana Screaming Eagles,Center,19.0,4,4,0,0,0,0,0,3,3,1,1,3,5,4,8,1,Ohio Valley,1.0,,,1.0,19.0,4.0,4.0,0.0,0.0,0.0,3.0,3.0,1.0,1.0,3.0,5.0,8.0
5107652,Damarco Minor,2565,SIU Edwardsville Cougars,Guard,69.0,8,29,1,6,8,9,6,14,20,4,3,1,6,5,25,2,Ohio Valley,0.27586206896551724,0.16666666666666666,0.8888888888888888,0.29310344827586204,34.5,4.0,14.5,0.5,3.0,3.0,7.0,10.0,2.0,1.5,0.5,3.0,12.5
5107653,Dorion Staples,2565,SIU Edwardsville Cougars,Forward,1.0,0,0,0,0,0,0,0,0,0,0,0,0,0,0,0,1,Ohio Valley,,,,,1.0,0.0,0.0,0.0,0.0,0.0,0.0,0.0,0.0,0.0,0.0,0.0,0.0
5107655,Arnas Sakenis,2565,SIU Edwardsville Cougars,Center,19.0,0,0,0,0,0,0,1,2,3,1,0,1,0,2,0,2,Ohio Valley,,,,,9.5,0.0,0.0,0.0,0.0,0.5,1.0,1.5,0.5,0.0,0.5,0.0,0.0
5107666,Brady Dingess,2413,Morehead State Eagles,Guard,2.0,0,1,0,1,0,2,0,0,0,0,0,0,0,0,0,2,Ohio Valley,0.0,0.0,0.0,0.0,1.0,0.0,0.5,0.0,0.5,0.0,0.0,0.0,0.0,0.0,0.0,0.0,0.0
5107700,Cameron Haffner,339,Evansville Purple Aces,Guard,61.0,9,19,4,11,0,0,2,4,6,2,2,0,3,7,22,4,Missouri Valley,0.47368421052631576,0.36363636363636365,,0.5789473684210527,15.25,2.25,4.75,1.0,2.75,0.5,1.0,1.5,0.5,0.5,0.0,0.75,5.5
5107701,Sincere Malone,2197,Eastern Illinois Panthers,Forward,11.0,1,1,0,0,0,0,0,0,0,1,2,0,0,0,2,1,Ohio Valley,1.0,,,1.0,11.0,1.0,1.0,0.0,0.0,0.0,0.0,0.0,1.0,2.0,0.0,0.0,2.0
5107702,Kinyon Hodges,2634,Tennessee State Tigers,Guard,65.0,6,16,0,2,4,6,3,12,15,6,6,1,2,5,16,2,Ohio Valley,0.375,0.0,0.6666666666666666,0.375,32.5,3.0,8.0,0.0,1.0,1.5,6.0,7.5,3.0,3.0,0.5,1.0,8.0
5107703,Nick Ellington,93,Murray State Racers,Forward,33.0,2,5,0,0,2,4,3,6,9,1,0,0,2,5,6,1,Missouri Valley,0.4,,0.5,0.4,33.0,2.0,5.0,0.0,0.0,3.0,6.0,9.0,1.0,0.0,0.0,2.0,6.0
5107704,Kyle Carlesimo,2142,Colgate Raiders,Guard,4.0,0,1,0,1,0,0,0,0,0,0,0,0,1,0,0,2,Patriot League,0.0,0.0,,0.0,2.0,0.0,0.5,0.0,0.5,0.0,0.0,0.0,0.0,0.0,0.0,0.5,0.0
5107708,Kyle Thomas,71,Bradley Braves,Forward,15.0,3,6,0,2,2,2,1,0,1,0,0,0,1,2,8,2,Missouri Valley,0.5,0.0,1.0,0.5,7.5,1.5,3.0,0.0,1.0,0.5,0.0,0.5,0.0,0.0,0.0,0.5,4.0
5107768,Isaiah Brickner,2368,Marist Red Foxes,Guard,24.0,0,4,0,1,2,2,1,3,4,6,0,0,4,3,2,2,MAAC,0.0,0.0,1.0,0.0,12.0,0.0,2.0,0.0,0.5,0.5,1.5,2.0,3.0,0.0,0.0,2.0,1.0
5107769,Trace Salton,2368,Marist Red Foxes,Forward,5.0,0,0,0,0,0,0,0,1,1,0,0,0,0,0,0,2,MAAC,,,,,2.5,0.0,0.0,0.0,0.0,0.0,0.5,0.5,0.0,0.0,0.0,0.0,0.0
5107770,Jaden Daughtry,2368,Marist Red Foxes,Forward,52.0,3,8,0,0,0,0,0,7,7,3,5,2,5,7,6,2,MAAC,0.375,,,0.375,26.0,1.5,4.0,0.0,0.0,0.0,3.5,3.5,1.5,2.5,1.0,2.5,3.0
5107781,Braden Appelhans,167,New Mexico Lobos,Guard,4.0,0,3,0,2,0,0,0,0,0,0,0,0,0,1,0,2,Mountain West,0.0,0.0,,0.0,2.0,0.0,1.5,0.0,1.0,0.0,0.0,0.0,0.0,0.0,0.0,0.0,0.0
5107782,Donovan Dent,167,New Mexico Lobos,Guard,133.0,18,34,1,1,6,10,2,6,8,24,10,2,11,11,43,5,Mountain West,0.5294117647058824,1.0,0.6,0.5441176470588235,26.6,3.6,6.8,0.2,0.2,0.4,1.2,1.6,4.8,2.0,0.4,2.2,8.6
5107783,Quinton Webb,167,New Mexico Lobos,Guard,7.0,1,1,0,0,0,0,1,0,1,0,0,2,1,1,2,2,Mountain West,1.0,,,1.0,3.5,0.5,0.5,0.0,0.0,0.5,0.0,0.5,0.0,0.0,1.0,0.5,1.0
5107791,Lance Erving,315,Niagara Purple Eagles,Guard,18.0,0,3,0,3,0,0,0,0,0,0,2,0,2,5,0,2,MAAC,0.0,0.0,,0.0,9.0,0.0,1.5,0.0,1.5,0.0,0.0,0.0,0.0,1.0,0.0,1.0,0.0
5107792,Braxton Bayless,315,Niagara Purple Eagles,Guard,59.0,8,22,2,5,4,6,2,3,5,6,4,1,6,1,22,2,MAAC,0.36363636363636365,0.4,0.6666666666666666,0.4090909090909091,29.5,4.0,11.0,1.0,2.5,1.0,1.5,2.5,3.0,2.0,0.5,3.0,11.0
5107795,Aaron Gray,282,Indiana State Sycamores,Forward,2.0,1,1,0,0,0,0,1,1,2,0,0,0,1,0,2,1,Missouri Valley,1.0,,,1.0,2.0,1.0,1.0,0.0,0.0,1.0,1.0,2.0,0.0,0.0,0.0,1.0,2.0
5107797,Paul Otieno,2514,Quinnipiac Bobcats,Forward,97.0,21,29,0,0,5,11,21,8,29,1,3,1,4,6,47,3,MAAC,0.7241379310344828,,0.45454545454545453,0.7241379310344828,32.333333333333336,7.0,9.666666666666666,0.0,0.0,7.0,2.6666666666666665,9.666666666666666,0.3333333333333333,1.0,0.3333333333333333,1.3333333333333333,15.666666666666666
5107800,Anthony McCall,2520,Rider Broncs,Guard,10.0,1,1,0,0,0,0,0,1,1,0,0,0,1,3,2,1,MAAC,1.0,,,1.0,10.0,1.0,1.0,0.0,0.0,0.0,1.0,1.0,0.0,0.0,0.0,1.0,2.0
5107803,Cam Lawin,21,San Diego State Aztecs,Guard,4.0,0,0,0,0,0,1,0,0,0,0,0,0,0,0,0,2,Mountain West,,,0.0,,2.0,0.0,0.0,0.0,0.0,0.0,0.0,0.0,0.0,0.0,0.0,0.0,0.0
5107804,Miles Byrd,21,San Diego State Aztecs,Guard,78.0,6,16,5,10,0,0,1,13,14,4,2,6,5,8,17,6,Mountain West,0.375,0.5,,0.53125,13.0,1.0,2.6666666666666665,0.8333333333333334,1.6666666666666667,0.16666666666666666,2.1666666666666665,2.3333333333333335,0.6666666666666666,0.3333333333333333,1.0,0.8333333333333334,2.8333333333333335
5107806,Zek Tekin,2561,Siena Saints,Guard,15.0,5,9,1,2,0,0,0,0,0,2,0,0,3,3,11,1,MAAC,0.5555555555555556,0.5,,0.6111111111111112,15.0,5.0,9.0,1.0,2.0,0.0,0.0,0.0,2.0,0.0,0.0,3.0,11.0
5107807,Michael Eley,2561,Siena Saints,Guard,33.0,5,12,0,2,5,5,0,3,3,0,1,0,1,3,15,1,MAAC,0.4166666666666667,0.0,1.0,0.4166666666666667,33.0,5.0,12.0,0.0,2.0,0.0,3.0,3.0,0.0,1.0,0.0,1.0,15.0
5107808,Sveinn Birgisson,2561,Siena Saints,Forward,6.0,1,1,1,1,0,0,0,1,1,0,0,0,1,2,3,1,MAAC,1.0,1.0,,1.5,6.0,1.0,1.0,1.0,1.0,0.0,1.0,1.0,0.0,0.0,0.0,1.0,3.0
5107809,Mason Courtney,2561,Siena Saints,Guard,30.0,4,8,0,1,2,2,0,1,1,5,2,0,2,0,10,1,MAAC,0.5,0.0,1.0,0.5,30.0,4.0,8.0,0.0,1.0,0.0,1.0,1.0,5.0,2.0,0.0,2.0,10.0
5107810,Killian Gribben,2561,Siena Saints,Forward,20.0,0,2,0,1,0,0,0,1,1,0,1,0,1,2,0,1,MAAC,0.0,0.0,,0.0,20.0,0.0,2.0,0.0,1.0,0.0,1.0,1.0,0.0,1.0,0.0,1.0,0.0
5107811,Brendan Coyle,2561,Siena Saints,Forward,31.0,3,7,2,5,2,2,1,4,5,2,3,0,0,2,10,1,MAAC,0.42857142857142855,0.4,1.0,0.5714285714285714,31.0,3.0,7.0,2.0,5.0,1.0,4.0,5.0,2.0,3.0,0.0,0.0,10.0
5107812,Garrett Anderson,23,San José State Spartans,Guard,2.0,0,0,0,0,0,0,0,0,0,0,0,0,0,0,0,1,Mountain West,,,,,2.0,0.0,0.0,0.0,0.0,0.0,0.0,0.0,0.0,0.0,0.0,0.0,0.0
5107818,Isaac Jones,265,Washington State Cougars,Forward,132.0,21,39,0,0,15,18,11,19,30,8,2,5,7,10,57,4,Pac-12,0.5384615384615384,,0.8333333333333334,0.5384615384615384,33.0,5.25,9.75,0.0,0.0,2.75,4.75,7.5,2.0,0.5,1.25,1.75,14.25
5107824,Nigel Burris,328,Utah State Aggies,Forward,6.0,0,2,0,2,0,0,0,0,0,0,0,0,0,1,0,2,Mountain West,0.0,0.0,,0.0,3.0,0.0,1.0,0.0,1.0,0.0,0.0,0.0,0.0,0.0,0.0,0.0,0.0
5107829,Briggs Ranstrom,304,Idaho State Bengals,Forward,2.0,0,0,0,0,0,0,0,0,0,0,0,0,0,1,0,2,Big Sky,,,,,1.0,0.0,0.0,0.0,0.0,0.0,0.0,0.0,0.0,0.0,0.0,0.0,0.0
5107830,Maleek Arington,304,Idaho State Bengals,Guard,120.0,13,39,0,7,9,13,3,7,10,16,7,0,4,7,35,3,Big Sky,0.3333333333333333,0.0,0.6923076923076923,0.3333333333333333,40.0,4.333333333333333,13.0,0.0,2.3333333333333335,1.0,2.3333333333333335,3.3333333333333335,5.333333333333333,2.3333333333333335,0.0,1.3333333333333333,11.666666666666666
5107838,Jaxon Nap,149,Montana Grizzlies,Forward,35.0,1,4,0,2,0,0,0,5,5,2,0,1,3,1,2,5,Big Sky,0.25,0.0,,0.25,7.0,0.2,0.8,0.0,0.4,0.0,1.0,1.0,0.4,0.0,0.2,0.6,0.4
5107840,Laolu Oke,149,Montana Grizzlies,Forward,143.0,20,31,0,1,13,18,14,26,40,13,1,2,6,15,53,5,Big Sky,0.6451612903225806,0.0,0.7222222222222222,0.6451612903225806,28.6,4.0,6.2,0.0,0.2,2.8,5.2,8.0,2.6,0.2,0.4,1.2,10.6
5107844,Jed Miller,147,Montana State Bobcats,Guard,15.0,1,5,0,2,2,2,1,1,2,3,0,0,0,0,4,4,Big Sky,0.2,0.0,1.0,0.2,3.75,0.25,1.25,0.0,0.5,0.25,0.25,0.5,0.75,0.0,0.0,0.0,1.0
5107857,Langston Reynolds,2458,Northern Colorado Bears,Guard,60.0,12,20,0,3,6,10,3,8,11,4,2,1,4,6,30,2,Big Sky,0.6,0.0,0.6,0.6,30.0,6.0,10.0,0.0,1.5,1.5,4.0,5.5,2.0,1.0,0.5,2.0,15.0
5107858,Brock Wisne,2458,Northern Colorado Bears,Forward,63.0,8,15,1,2,3,4,4,9,13,2,1,0,0,5,20,2,Big Sky,0.5333333333333333,0.5,0.75,0.5666666666666667,31.5,4.0,7.5,0.5,1.0,2.0,4.5,6.5,1.0,0.5,0.0,0.0,10.0
5107859,Juju Ramirez,2458,Northern Colorado Bears,Forward,8.0,0,3,0,1,0,0,2,0,2,0,0,0,0,1,0,1,Big Sky,0.0,0.0,,0.0,8.0,0.0,3.0,0.0,1.0,2.0,0.0,2.0,0.0,0.0,0.0,0.0,0.0
5107862,Karl Jones,2439,UNLV Rebels,Forward,21.0,3,3,0,0,2,4,1,1,2,0,1,1,0,3,8,4,Mountain West,1.0,,0.5,1.0,5.25,0.75,0.75,0.0,0.0,0.25,0.25,0.5,0.0,0.25,0.25,0.0,2.0
5107864,Mason Falslev,328,Utah State Aggies,Guard,69.0,11,25,2,7,0,1,1,11,12,2,3,3,4,7,24,3,Mountain West,0.44,0.2857142857142857,0.0,0.48,23.0,3.6666666666666665,8.333333333333334,0.6666666666666666,2.3333333333333335,0.3333333333333333,3.6666666666666665,4.0,0.6666666666666666,1.0,1.0,1.3333333333333333,8.0
5107866,Caden Powell,2751,Wyoming Cowboys,Forward,22.0,0,2,0,0,2,4,5,1,6,4,2,2,0,3,2,1,Mountain West,0.0,,0.5,0.0,22.0,0.0,2.0,0.0,0.0,5.0,1.0,6.0,4.0,2.0,2.0,0.0,2.0
5107870,Maximus Nelson,2870,Purdue Fort Wayne Mastodons,Forward,73.0,4,20,4,20,3,3,1,10,11,2,1,0,2,8,15,5,Horizon,0.2,0.2,1.0,0.3,14.6,0.8,4.0,0.8,4.0,0.2,2.0,2.2,0.4,0.2,0.0,0.4,3.0
5107871,Joe Vick,2674,Valparaiso Beacons,Guard,1.0,0,0,0,0,0,0,1,0,1,0,0,0,0,0,0,1,Missouri Valley,,,,,1.0,0.0,0.0,0.0,0.0,1.0,0.0,1.0,0.0,0.0,0.0,0.0,0.0
5107872,Jerome Palm,2674,Valparaiso Beacons,Forward,27.0,4,9,0,0,2,3,4,10,14,2,0,1,0,3,10,1,Missouri Valley,0.4444444444444444,,0.6666666666666666,0.4444444444444444,27.0,4.0,9.0,0.0,0.0,4.0,10.0,14.0,2.0,0.0,1.0,0.0,10.0
5107876,Jalen Jackson,2870,Purdue Fort Wayne Mastodons,Guard,154.0,23,56,4,12,14,19,4,20,24,10,7,2,9,7,64,5,Horizon,0.4107142857142857,0.3333333333333333,0.7368421052631579,0.44642857142857145,30.8,4.6,11.2,0.8,2.4,0.8,4.0,4.8,2.0,1.4,0.4,1.8,12.8
5107877,Steven Clay,82,UIC Flames,Guard,15.0,0,3,0,2,0,0,1,1,2,1,0,0,0,4,0,2,Missouri Valley,0.0,0.0,,0.0,7.5,0.0,1.5,0.0,1.0,0.5,0.5,1.0,0.5,0.0,0.0,0.0,0.0
5107878,CJ Jones,82,UIC Flames,Guard,79.0,7,24,1,3,2,3,2,7,9,8,3,0,5,5,17,2,Missouri Valley,0.2916666666666667,0.3333333333333333,0.6666666666666666,0.3125,39.5,3.5,12.0,0.5,1.5,1.0,3.5,4.5,4.0,1.5,0.0,2.5,8.5
5107880,Cameron Fens,82,UIC Flames,Center,4.0,0,1,0,0,3,4,2,1,3,0,0,0,1,0,3,1,Missouri Valley,0.0,,0.75,0.0,4.0,0.0,1.0,0.0,0.0,2.0,1.0,3.0,0.0,0.0,0.0,1.0,3.0
5107883,AJ Ferguson,79,Southern Illinois Salukis,Guard,34.0,4,7,1,1,3,4,0,14,14,1,1,0,3,5,12,1,Missouri Valley,0.5714285714285714,1.0,0.75,0.6428571428571429,34.0,4.0,7.0,1.0,1.0,0.0,14.0,14.0,1.0,1.0,0.0,3.0,12.0
5107887,Trey Campbell,2460,Northern Iowa Panthers,Guard,56.0,5,15,1,5,3,5,2,5,7,2,1,0,4,3,14,2,Missouri Valley,0.3333333333333333,0.2,0.6,0.36666666666666664,28.0,2.5,7.5,0.5,2.5,1.0,2.5,3.5,1.0,0.5,0.0,2.0,7.0
5107890,Jaxon Edwards,2674,Valparaiso Beacons,Guard,6.0,1,1,0,0,0,0,0,1,1,1,0,0,0,0,2,1,Missouri Valley,1.0,,,1.0,6.0,1.0,1.0,0.0,0.0,0.0,1.0,1.0,1.0,0.0,0.0,0.0,2.0
5107892,Patrick Chew,93,Murray State Racers,Guard,2.0,1,1,1,1,0,0,0,0,0,0,0,0,0,0,3,1,Missouri Valley,1.0,1.0,,1.5,2.0,1.0,1.0,1.0,1.0,0.0,0.0,0.0,0.0,0.0,0.0,0.0,3.0
5107893,Quincy Anderson,93,Murray State Racers,Guard,35.0,2,10,1,4,0,1,2,3,5,1,1,0,2,1,5,1,Missouri Valley,0.2,0.25,0.0,0.25,35.0,2.0,10.0,1.0,4.0,2.0,3.0,5.0,1.0,1.0,0.0,2.0,5.0
5107894,Justin Morgan,93,Murray State Racers,Guard,30.0,0,3,0,2,0,2,1,4,5,0,2,0,1,2,0,1,Missouri Valley,0.0,0.0,0.0,0.0,30.0,0.0,3.0,0.0,2.0,1.0,4.0,5.0,0.0,2.0,0.0,1.0,0.0
5107895,Brian Moore Jr.,93,Murray State Racers,Guard,3.0,0,2,0,0,0,0,0,1,1,0,0,0,0,0,0,1,Missouri Valley,0.0,,,0.0,3.0,0.0,2.0,0.0,0.0,0.0,1.0,1.0,0.0,0.0,0.0,0.0,0.0
5107896,Sam Murray II,93,Murray State Racers,Forward,2.0,0,0,0,0,0,0,0,0,0,0,0,0,0,0,0,1,Missouri Valley,,,,,2.0,0.0,0.0,0.0,0.0,0.0,0.0,0.0,0.0,0.0,0.0,0.0,0.0
5107897,Jonathan Mogbo,2539,San Francisco Dons,Forward,93.0,13,24,0,0,3,4,3,24,27,16,2,3,3,8,29,3,West Coast,0.5416666666666666,,0.75,0.5416666666666666,31.0,4.333333333333333,8.0,0.0,0.0,1.0,8.0,9.0,5.333333333333333,0.6666666666666666,1.0,1.0,9.666666666666666
5107898,Kanon Gipson,2623,Missouri State Bears,Guard,1.0,0,1,0,0,0,0,0,0,0,0,0,0,0,0,0,1,Missouri Valley,0.0,,,0.0,1.0,0.0,1.0,0.0,0.0,0.0,0.0,0.0,0.0,0.0,0.0,0.0,0.0
5107899,Damien Mayo Jr.,2623,Missouri State Bears,Guard,40.0,2,6,0,0,0,0,5,2,7,2,1,2,4,3,4,2,Missouri Valley,0.3333333333333333,,,0.3333333333333333,20.0,1.0,3.0,0.0,0.0,2.5,1.0,3.5,1.0,0.5,1.0,2.0,2.0
5107900,Jonathan Dunn,2046,Austin Peay Governors,Forward,2.0,0,1,0,0,0,0,1,0,1,0,0,0,0,0,0,1,ASUN,0.0,,,0.0,2.0,0.0,1.0,0.0,0.0,1.0,0.0,1.0,0.0,0.0,0.0,0.0,0.0
5107901,Tommy Pinegar,2623,Missouri State Bears,Guard,1.0,0,1,0,1,0,0,0,0,0,0,0,0,0,0,0,1,Missouri Valley,0.0,0.0,,0.0,1.0,0.0,1.0,0.0,1.0,0.0,0.0,0.0,0.0,0.0,0.0,0.0,0.0
5107903,N.J. Benson,2623,Missouri State Bears,Forward,67.0,8,14,0,0,6,8,2,20,22,5,1,6,1,6,22,2,Missouri Valley,0.5714285714285714,,0.75,0.5714285714285714,33.5,4.0,7.0,0.0,0.0,1.0,10.0,11.0,2.5,0.5,3.0,0.5,11.0
5107906,Masen Miller,282,Indiana State Sycamores,Guard,4.0,0,1,0,1,0,0,0,0,0,0,0,0,0,0,0,2,Missouri Valley,0.0,0.0,,0.0,2.0,0.0,0.5,0.0,0.5,0.0,0.0,0.0,0.0,0.0,0.0,0.0,0.0
5107962,Brashon Hall,2181,Drake Bulldogs,Guard,2.0,1,1,1,1,0,0,0,0,0,1,0,0,0,0,3,1,Missouri Valley,1.0,1.0,,1.5,2.0,1.0,1.0,1.0,1.0,0.0,0.0,0.0,1.0,0.0,0.0,0.0,3.0
5107963,Andrew Alia,2181,Drake Bulldogs,Guard,2.0,0,1,0,1,0,0,0,0,0,0,0,0,0,0,0,1,Missouri Valley,0.0,0.0,,0.0,2.0,0.0,1.0,0.0,1.0,0.0,0.0,0.0,0.0,0.0,0.0,0.0,0.0
5107964,James Weathers,2837,Texas A&M-Commerce Lions,Guard,44.0,2,9,1,4,2,2,1,2,3,2,1,0,3,2,7,2,Southland,0.2222222222222222,0.25,1.0,0.2777777777777778,22.0,1.0,4.5,0.5,2.0,0.5,1.0,1.5,1.0,0.5,0.0,1.5,3.5
5107965,Christian Davis,71,Bradley Braves,Guard,110.0,11,27,5,18,3,4,1,18,19,6,6,2,3,8,30,4,Missouri Valley,0.4074074074074074,0.2777777777777778,0.75,0.5,27.5,2.75,6.75,1.25,4.5,0.25,4.5,4.75,1.5,1.5,0.5,0.75,7.5
5107966,Goanar Biliew,71,Bradley Braves,Forward,4.0,0,0,0,0,0,0,0,1,1,0,0,0,0,1,0,2,Missouri Valley,,,,,2.0,0.0,0.0,0.0,0.0,0.0,0.5,0.5,0.0,0.0,0.0,0.0,0.0
5107968,Ja'Kobi Gillespie,2057,Belmont Bruins,Guard,54.0,11,24,3,8,2,3,1,9,10,10,2,1,2,5,27,2,Missouri Valley,0.4583333333333333,0.375,0.6666666666666666,0.5208333333333334,27.0,5.5,12.0,1.5,4.0,0.5,4.5,5.0,5.0,1.0,0.5,1.0,13.5
5107969,Kyler Vanderjagt,2057,Belmont Bruins,Guard,21.0,2,5,0,1,0,0,0,1,1,4,2,0,1,2,4,2,Missouri Valley,0.4,0.0,,0.4,10.5,1.0,2.5,0.0,0.5,0.0,0.5,0.5,2.0,1.0,0.0,0.5,2.0
5107970,Cade Tyson,2057,Belmont Bruins,Guard,52.0,7,18,2,9,2,2,2,8,10,2,0,1,5,6,18,2,Missouri Valley,0.3888888888888889,0.2222222222222222,1.0,0.4444444444444444,26.0,3.5,9.0,1.0,4.5,1.0,4.0,5.0,1.0,0.0,0.5,2.5,9.0
5107972,Jake Dykstra,2057,Belmont Bruins,Guard,21.0,1,3,1,3,0,0,0,3,3,1,2,0,2,1,3,2,Missouri Valley,0.3333333333333333,0.3333333333333333,,0.5,10.5,0.5,1.5,0.5,1.5,0.0,1.5,1.5,0.5,1.0,0.0,1.0,1.5
5107973,Keith Robbins,2057,Belmont Bruins,Guard,11.0,2,4,2,3,0,0,0,1,1,0,0,0,0,2,6,1,Missouri Valley,0.5,0.6666666666666666,,0.75,11.0,2.0,4.0,2.0,3.0,0.0,1.0,1.0,0.0,0.0,0.0,0.0,6.0
5107974,Gilbert Brown,2450,Norfolk State Spartans,Guard,9.0,2,3,1,1,0,0,2,0,2,1,3,0,2,1,5,2,MEAC,0.6666666666666666,1.0,,0.8333333333333334,4.5,1.0,1.5,0.5,0.5,1.0,0.0,1.0,0.5,1.5,0.0,1.0,2.5
5107975,George Beale Jr.,2450,Norfolk State Spartans,Guard,7.0,1,2,0,0,0,0,0,0,0,0,0,1,0,0,2,2,MEAC,0.5,,,0.5,3.5,0.5,1.0,0.0,0.0,0.0,0.0,0.0,0.0,0.0,0.5,0.0,1.0
5107976,Jack Doumbia,2450,Norfolk State Spartans,Forward,72.0,10,16,0,0,17,20,1,6,7,3,3,1,1,5,37,4,MEAC,0.625,,0.85,0.625,18.0,2.5,4.0,0.0,0.0,0.25,1.5,1.75,0.75,0.75,0.25,0.25,9.25
5107977,Rob Lawson,2415,Morgan State Bears,Guard,33.0,3,5,0,2,3,4,1,4,5,3,1,0,3,4,9,1,MEAC,0.6,0.0,0.75,0.6,33.0,3.0,5.0,0.0,2.0,1.0,4.0,5.0,3.0,1.0,0.0,3.0,9.0
5107986,Ose Okojie,47,Howard Bison,Guard,2.0,1,2,0,0,0,0,0,0,0,0,0,0,0,0,2,1,MEAC,0.5,,,0.5,2.0,1.0,2.0,0.0,0.0,0.0,0.0,0.0,0.0,0.0,0.0,0.0,2.0
5107997,Ja'Vaughn Hannah,2711,Western Michigan Broncos,Guard,30.0,2,11,1,6,0,0,0,6,6,2,0,0,0,2,5,1,Mid-American,0.18181818181818182,0.16666666666666666,,0.22727272727272727,30.0,2.0,11.0,1.0,6.0,0.0,6.0,6.0,2.0,0.0,0.0,0.0,5.0
5107999,Max Burton,2711,Western Michigan Broncos,Forward,9.0,0,1,0,0,1,2,1,1,2,0,0,0,0,0,1,1,Mid-American,0.0,,0.5,0.0,9.0,0.0,1.0,0.0,0.0,1.0,1.0,2.0,0.0,0.0,0.0,0.0,1.0
5108000,Seth Hubbard,2711,Western Michigan Broncos,Guard,29.0,3,13,0,3,2,2,0,2,2,1,2,1,3,1,8,1,Mid-American,0.23076923076923078,0.0,1.0,0.23076923076923078,29.0,3.0,13.0,0.0,3.0,0.0,2.0,2.0,1.0,2.0,1.0,3.0,8.0
5108006,Javan Simmons,2649,Toledo Rockets,Forward,38.0,2,7,1,2,0,2,4,2,6,0,1,2,0,5,5,1,Mid-American,0.2857142857142857,0.5,0.0,0.35714285714285715,38.0,2.0,7.0,1.0,2.0,4.0,2.0,6.0,0.0,1.0,2.0,0.0,5.0
5108009,Ajay Sheldon,195,Ohio Bobcats,Guard,28.0,2,4,0,2,1,2,1,2,3,1,0,1,0,2,5,2,Mid-American,0.5,0.0,0.5,0.5,14.0,1.0,2.0,0.0,1.0,0.5,1.0,1.5,0.5,0.0,0.5,0.0,2.5
5108010,Elmore James,195,Ohio Bobcats,Guard,19.0,3,7,1,1,2,2,2,1,3,0,0,0,1,3,9,2,Mid-American,0.42857142857142855,1.0,1.0,0.5,9.5,1.5,3.5,0.5,0.5,1.0,0.5,1.5,0.0,0.0,0.0,0.5,4.5
5108011,Aidan Hadaway,195,Ohio Bobcats,Forward,61.0,6,18,1,6,0,2,6,12,18,6,0,0,0,4,13,2,Mid-American,0.3333333333333333,0.16666666666666666,0.0,0.3611111111111111,30.5,3.0,9.0,0.5,3.0,3.0,6.0,9.0,3.0,0.0,0.0,0.0,6.5
5108012,Ben Estis,195,Ohio Bobcats,Guard,1.0,0,0,0,0,0,0,0,0,0,1,0,0,0,0,0,1,Mid-American,,,,,1.0,0.0,0.0,0.0,0.0,0.0,0.0,0.0,1.0,0.0,0.0,0.0,0.0
5108013,Quinn Corna,195,Ohio Bobcats,Guard,1.0,0,1,0,0,0,0,0,1,1,0,0,0,0,0,0,1,Mid-American,0.0,,,0.0,1.0,0.0,1.0,0.0,0.0,0.0,1.0,1.0,0.0,0.0,0.0,0.0,0.0
5108021,Taku Youngblood,2241,Gardner-Webb Runnin' Bulldogs,Guard,4.0,0,1,0,1,0,0,0,0,0,0,0,0,0,0,0,1,Big South,0.0,0.0,,0.0,4.0,0.0,1.0,0.0,1.0,0.0,0.0,0.0,0.0,0.0,0.0,0.0,0.0
5108029,Ryan Mabrey,193,Miami (OH) RedHawks,Guard,6.0,1,3,0,2,0,0,0,0,0,0,1,0,0,0,2,1,Mid-American,0.3333333333333333,0.0,,0.3333333333333333,6.0,1.0,3.0,0.0,2.0,0.0,0.0,0.0,0.0,1.0,0.0,0.0,2.0
5108030,Jaquel Morris,193,Miami (OH) RedHawks,Center,3.0,0,1,0,0,0,0,0,0,0,0,0,0,0,0,0,1,Mid-American,0.0,,,0.0,3.0,0.0,1.0,0.0,0.0,0.0,0.0,0.0,0.0,0.0,0.0,0.0,0.0
5108043,Ola Ajiboye,2674,Valparaiso Beacons,Forward,1.0,0,0,0,0,0,0,0,0,0,0,0,0,0,1,0,1,Missouri Valley,,,,,1.0,0.0,0.0,0.0,0.0,0.0,0.0,0.0,0.0,0.0,0.0,0.0,0.0
5108045,Markus Harding,2117,Central Michigan Chippewas,Forward,30.0,5,8,1,3,1,2,1,7,8,1,0,1,1,3,12,1,Mid-American,0.625,0.3333333333333333,0.5,0.6875,30.0,5.0,8.0,1.0,3.0,1.0,7.0,8.0,1.0,0.0,1.0,1.0,12.0
5108046,Emil Skytta,16,Sacramento State Hornets,Guard,66.0,5,18,3,10,2,2,0,1,1,2,2,1,3,5,15,3,Big Sky,0.2777777777777778,0.3,1.0,0.3611111111111111,22.0,1.6666666666666667,6.0,1.0,3.3333333333333335,0.0,0.3333333333333333,0.3333333333333333,0.6666666666666666,0.6666666666666666,0.3333333333333333,1.0,5.0
5108058,Kaiyem Cleary,2330,Le Moyne Dolphins,Guard,57.0,9,22,2,11,3,3,2,11,13,1,4,0,4,7,23,2,Northeast,0.4090909090909091,0.18181818181818182,1.0,0.45454545454545453,28.5,4.5,11.0,1.0,5.5,1.0,5.5,6.5,0.5,2.0,0.0,2.0,11.5
5108059,Tavari Johnson,2006,Akron Zips,Guard,44.0,4,14,0,4,2,2,0,2,2,4,1,0,1,1,10,4,Mid-American,0.2857142857142857,0.0,1.0,0.2857142857142857,11.0,1.0,3.5,0.0,1.0,0.0,0.5,0.5,1.0,0.25,0.0,0.25,2.5
5108060,Amani Lyles,2006,Akron Zips,Forward,2.0,0,0,0,0,0,0,0,1,1,0,0,0,0,0,0,1,Mid-American,,,,,2.0,0.0,0.0,0.0,0.0,0.0,1.0,1.0,0.0,0.0,0.0,0.0,0.0
5108062,Ryan Prather Jr.,2006,Akron Zips,Guard,1.0,0,0,0,0,0,0,0,0,0,0,0,0,0,0,0,1,Mid-American,,,,,1.0,0.0,0.0,0.0,0.0,0.0,0.0,0.0,0.0,0.0,0.0,0.0,0.0
5108069,Jalen Bolden,2433,UL Monroe Warhawks,Guard,20.0,2,6,0,2,1,1,0,3,3,2,0,1,0,0,5,1,Sun Belt,0.3333333333333333,0.0,1.0,0.3333333333333333,20.0,2.0,6.0,0.0,2.0,0.0,3.0,3.0,2.0,0.0,1.0,0.0,5.0
5108070,Jacob Wilson,2433,UL Monroe Warhawks,Guard,16.0,2,6,1,3,1,4,0,0,0,1,1,0,1,4,6,1,Sun Belt,0.3333333333333333,0.3333333333333333,0.25,0.4166666666666667,16.0,2.0,6.0,1.0,3.0,0.0,0.0,0.0,1.0,1.0,0.0,1.0,6.0
5108073,Cam Amboree,198,Oral Roberts Golden Eagles,Guard,2.0,0,0,0,0,0,0,0,0,0,0,0,0,0,0,0,2,Summit League,,,,,1.0,0.0,0.0,0.0,0.0,0.0,0.0,0.0,0.0,0.0,0.0,0.0,0.0
5108080,Cody Pennebaker,2320,Lamar Cardinals,Guard,64.0,8,18,1,8,5,6,3,6,9,2,1,2,1,2,22,2,Southland,0.4444444444444444,0.125,0.8333333333333334,0.4722222222222222,32.0,4.0,9.0,0.5,4.0,1.5,3.0,4.5,1.0,0.5,1.0,0.5,11.0
5108082,Jakevion Buckley,2320,Lamar Cardinals,Guard,34.0,4,9,1,2,3,5,0,2,2,3,1,0,1,4,12,2,Southland,0.4444444444444444,0.5,0.6,0.5,17.0,2.0,4.5,0.5,1.0,0.0,1.0,1.0,1.5,0.5,0.0,0.5,6.0
5108083,Chris Pryor,2320,Lamar Cardinals,Guard,45.0,5,15,3,11,2,2,1,2,3,10,2,0,6,2,15,2,Southland,0.3333333333333333,0.2727272727272727,1.0,0.43333333333333335,22.5,2.5,7.5,1.5,5.5,0.5,1.0,1.5,5.0,1.0,0.0,3.0,7.5
5108084,Terry Anderson,2320,Lamar Cardinals,Forward,62.0,9,20,2,7,16,17,7,6,13,2,1,0,7,9,36,2,Southland,0.45,0.2857142857142857,0.9411764705882353,0.5,31.0,4.5,10.0,1.0,3.5,3.5,3.0,6.5,1.0,0.5,0.0,3.5,18.0
5108087,Adam Hamilton,2320,Lamar Cardinals,Center,36.0,4,7,0,0,3,4,2,5,7,2,1,2,2,6,11,2,Southland,0.5714285714285714,,0.75,0.5714285714285714,18.0,2.0,3.5,0.0,0.0,1.0,2.5,3.5,1.0,0.5,1.0,1.0,5.5
5108088,Max Pearcy,2320,Lamar Cardinals,Guard,1.0,0,1,0,1,0,0,0,0,0,0,0,0,0,0,0,1,Southland,0.0,0.0,,0.0,1.0,0.0,1.0,0.0,1.0,0.0,0.0,0.0,0.0,0.0,0.0,0.0,0.0
5108091,Magnus Entenmann,2309,Kent State Golden Flashes,Forward,48.0,1,4,0,1,0,0,5,7,12,0,1,1,1,9,2,3,Mid-American,0.25,0.0,,0.25,16.0,0.3333333333333333,1.3333333333333333,0.0,0.3333333333333333,1.6666666666666667,2.3333333333333335,4.0,0.0,0.3333333333333333,0.3333333333333333,0.3333333333333333,0.6666666666666666
5108120,Tyeree Bryan,2541,Santa Clara Broncos,Guard,54.0,5,13,1,7,4,4,1,10,11,0,2,0,1,1,15,2,West Coast,0.38461538461538464,0.14285714285714285,1.0,0.4230769230769231,27.0,2.5,6.5,0.5,3.5,0.5,5.0,5.5,0.0,1.0,0.0,0.5,7.5
5108122,RJ Johnson,2127,Charleston Southern Buccaneers,Guard,35.0,1,10,0,4,0,0,0,2,2,5,1,0,1,2,2,1,Big South,0.1,0.0,,0.1,35.0,1.0,10.0,0.0,4.0,0.0,2.0,2.0,5.0,1.0,0.0,1.0,2.0
5108124,Reginald Duhart Jr.,2127,Charleston Southern Buccaneers,Forward,29.0,1,6,0,2,0,0,4,6,10,2,1,0,1,0,2,1,Big South,0.16666666666666666,0.0,,0.16666666666666666,29.0,1.0,6.0,0.0,2.0,4.0,6.0,10.0,2.0,1.0,0.0,1.0,2.0
5108135,Elijah Walsh,2097,Campbell Fighting Camels,Guard,27.0,1,6,0,3,0,1,1,2,3,2,1,0,1,5,2,1,Coastal,0.16666666666666666,0.0,0.0,0.16666666666666666,27.0,1.0,6.0,0.0,3.0,1.0,2.0,3.0,2.0,1.0,0.0,1.0,2.0
5108136,Omar Harris,2097,Campbell Fighting Camels,Guard,19.0,1,3,0,1,1,2,0,1,1,0,0,0,0,0,3,1,Coastal,0.3333333333333333,0.0,0.5,0.3333333333333333,19.0,1.0,3.0,0.0,1.0,0.0,1.0,1.0,0.0,0.0,0.0,0.0,3.0
5108138,Jasin Sinani,2097,Campbell Fighting Camels,Guard,36.0,5,8,3,4,8,8,0,4,4,2,0,0,4,3,21,1,Coastal,0.625,0.75,1.0,0.8125,36.0,5.0,8.0,3.0,4.0,0.0,4.0,4.0,2.0,0.0,0.0,4.0,21.0
5108141,Anthony Dell'Orso,2097,Campbell Fighting Camels,Guard,35.0,7,11,2,5,7,9,1,4,5,2,2,2,1,2,23,1,Coastal,0.6363636363636364,0.4,0.7777777777777778,0.7272727272727273,35.0,7.0,11.0,2.0,5.0,1.0,4.0,5.0,2.0,2.0,2.0,1.0,23.0
5108143,Chris Dockery,2692,Weber State Wildcats,Guard,1.0,0,0,0,0,0,0,0,0,0,0,0,0,0,0,0,1,Big Sky,,,,,1.0,0.0,0.0,0.0,0.0,0.0,0.0,0.0,0.0,0.0,0.0,0.0,0.0
5108145,Louie Jordan,2692,Weber State Wildcats,Forward,9.0,0,3,0,3,0,0,0,1,1,0,0,0,0,1,0,1,Big Sky,0.0,0.0,,0.0,9.0,0.0,3.0,0.0,3.0,0.0,1.0,1.0,0.0,0.0,0.0,0.0,0.0
5108148,Daniel Rouzan,2363,Manhattan Jaspers,Forward,34.0,0,3,0,0,1,2,1,1,2,4,0,1,2,2,1,1,MAAC,0.0,,0.5,0.0,34.0,0.0,3.0,0.0,0.0,1.0,1.0,2.0,4.0,0.0,1.0,2.0,1.0
5108150,Cole Farrell,2502,Portland State Vikings,Guard,25.0,2,5,0,0,1,4,0,4,4,2,1,1,1,1,5,1,Big Sky,0.4,,0.25,0.4,25.0,2.0,5.0,0.0,0.0,0.0,4.0,4.0,2.0,1.0,1.0,1.0,5.0
5108712,Sam Perez,2097,Campbell Fighting Camels,Forward,1.0,0,1,0,1,0,0,0,1,1,0,0,0,0,0,0,1,Coastal,0.0,0.0,,0.0,1.0,0.0,1.0,0.0,1.0,0.0,1.0,1.0,0.0,0.0,0.0,0.0,0.0
5108718,Marvin McGhee III,2934,Cal State Bakersfield Roadrunners,Guard,34.0,2,8,2,4,0,0,0,0,0,2,0,0,0,4,6,1,Big West,0.25,0.5,,0.375,34.0,2.0,8.0,2.0,4.0,0.0,0.0,0.0,2.0,0.0,0.0,0.0,6.0
5108720,Kareem Watson,2934,Cal State Bakersfield Roadrunners,Guard,10.0,2,2,0,0,0,0,0,1,1,0,0,1,1,1,4,1,Big West,1.0,,,1.0,10.0,2.0,2.0,0.0,0.0,0.0,1.0,1.0,0.0,0.0,1.0,1.0,4.0
5108761,Zid Powell,2638,UTEP Miners,Guard,95.0,10,26,4,9,18,25,2,16,18,8,9,0,8,7,42,3,Conference USA,0.38461538461538464,0.4444444444444444,0.72,0.46153846153846156,31.666666666666668,3.3333333333333335,8.666666666666666,1.3333333333333333,3.0,0.6666666666666666,5.333333333333333,6.0,2.6666666666666665,3.0,0.0,2.6666666666666665,14.0
5108762,Isaac Jack,2168,Dayton Flyers,Forward,15.0,4,5,0,0,0,0,1,4,5,0,1,0,2,4,8,3,Atlantic 10,0.8,,,0.8,5.0,1.3333333333333333,1.6666666666666667,0.0,0.0,0.3333333333333333,1.3333333333333333,1.6666666666666667,0.0,0.3333333333333333,0.0,0.6666666666666666,2.6666666666666665
5108767,Arion Lewis,2514,Quinnipiac Bobcats,Guard,2.0,0,1,0,0,0,0,0,0,0,0,0,0,0,0,0,1,MAAC,0.0,,,0.0,2.0,0.0,1.0,0.0,0.0,0.0,0.0,0.0,0.0,0.0,0.0,0.0,0.0
5108769,Kyle Johnson,2169,Delaware State Hornets,Forward,12.0,3,5,0,0,2,2,0,1,1,0,0,0,0,0,8,1,MEAC,0.6,,1.0,0.6,12.0,3.0,5.0,0.0,0.0,0.0,1.0,1.0,0.0,0.0,0.0,0.0,8.0
5108770,Jevin Muniz,2169,Delaware State Hornets,Guard,148.0,22,54,6,20,5,9,2,12,14,9,5,0,13,11,55,4,MEAC,0.4074074074074074,0.3,0.5555555555555556,0.46296296296296297,37.0,5.5,13.5,1.5,5.0,0.5,3.0,3.5,2.25,1.25,0.0,3.25,13.75
5108774,Cameron Stitt,2169,Delaware State Hornets,Forward,16.0,1,3,0,1,0,0,2,1,3,0,0,0,0,2,2,4,MEAC,0.3333333333333333,0.0,,0.3333333333333333,4.0,0.25,0.75,0.0,0.25,0.5,0.25,0.75,0.0,0.0,0.0,0.0,0.5
5108775,Dionte Johnson,2379,Maryland-Eastern Shore Hawks,Guard,31.0,8,17,2,5,3,6,1,2,3,4,0,0,3,4,21,1,MEAC,0.47058823529411764,0.4,0.5,0.5294117647058824,31.0,8.0,17.0,2.0,5.0,1.0,2.0,3.0,4.0,0.0,0.0,3.0,21.0
5108777,Toby Nnadozie,2379,Maryland-Eastern Shore Hawks,Guard,8.0,0,3,0,1,0,0,0,1,1,1,2,0,0,3,0,1,MEAC,0.0,0.0,,0.0,8.0,0.0,3.0,0.0,1.0,0.0,1.0,1.0,1.0,2.0,0.0,0.0,0.0
5108778,Troy Hupstead,2379,Maryland-Eastern Shore Hawks,Forward,20.0,2,6,0,2,4,4,2,9,11,0,0,0,4,5,8,1,MEAC,0.3333333333333333,0.0,1.0,0.3333333333333333,20.0,2.0,6.0,0.0,2.0,2.0,9.0,11.0,0.0,0.0,0.0,4.0,8.0
5108786,Chris Moncrief,2598,St. Francis (PA) Red Flash,Guard,5.0,0,2,0,0,0,0,0,0,0,0,0,0,1,2,0,1,Northeast,0.0,,,0.0,5.0,0.0,2.0,0.0,0.0,0.0,0.0,0.0,0.0,0.0,0.0,1.0,0.0
5108788,Cameron Gehlhausen,339,Evansville Purple Aces,Guard,1.0,0,0,0,0,0,0,0,0,0,0,0,0,0,0,0,1,Missouri Valley,,,,,1.0,0.0,0.0,0.0,0.0,0.0,0.0,0.0,0.0,0.0,0.0,0.0,0.0
5108805,Justin Williams,2634,Tennessee State Tigers,Guard,4.0,0,0,0,0,0,0,0,1,1,0,0,0,0,0,0,2,Ohio Valley,,,,,2.0,0.0,0.0,0.0,0.0,0.0,0.5,0.5,0.0,0.0,0.0,0.0,0.0
5108806,Learic Davis,270,Milwaukee Panthers,Guard,26.0,2,8,1,3,0,0,1,6,7,0,2,0,1,7,5,4,Horizon,0.25,0.3333333333333333,,0.3125,6.5,0.5,2.0,0.25,0.75,0.25,1.5,1.75,0.0,0.5,0.0,0.25,1.25
5108808,Jaden Ellis,349,Army Black Knights,Guard,20.0,6,8,2,2,0,2,1,0,1,3,0,0,2,1,14,1,Patriot League,0.75,1.0,0.0,0.875,20.0,6.0,8.0,2.0,2.0,1.0,0.0,1.0,3.0,0.0,0.0,2.0,14.0
5108809,Coleton Benson,326,Texas State Bobcats,Guard,89.0,8,25,7,21,18,18,1,9,10,4,3,1,6,9,41,4,Sun Belt,0.32,0.3333333333333333,1.0,0.46,22.25,2.0,6.25,1.75,5.25,0.25,2.25,2.5,1.0,0.75,0.25,1.5,10.25
5108847,Dhashon Dyson,2065,Bethune-Cookman Wildcats,Guard,104.0,14,50,5,14,3,4,6,6,12,3,8,0,4,4,36,3,SWAC,0.28,0.35714285714285715,0.75,0.33,34.666666666666664,4.666666666666667,16.666666666666668,1.6666666666666667,4.666666666666667,2.0,2.0,4.0,1.0,2.6666666666666665,0.0,1.3333333333333333,12.0
5108848,Simeon Womack,2065,Bethune-Cookman Wildcats,Guard,1.0,0,0,0,0,0,0,0,0,0,1,0,0,0,0,0,1,SWAC,,,,,1.0,0.0,0.0,0.0,0.0,0.0,0.0,0.0,1.0,0.0,0.0,0.0,0.0
5108850,Elijah Hulsewe,2065,Bethune-Cookman Wildcats,Center,33.0,5,6,0,0,5,8,1,6,7,2,1,0,2,5,15,3,SWAC,0.8333333333333334,,0.625,0.8333333333333334,11.0,1.6666666666666667,2.0,0.0,0.0,0.3333333333333333,2.0,2.3333333333333335,0.6666666666666666,0.3333333333333333,0.0,0.6666666666666666,5.0
5108851,James Henderson Jr.,2065,Bethune-Cookman Wildcats,Center,40.0,4,8,0,0,2,2,4,5,9,2,2,5,1,6,10,3,SWAC,0.5,,1.0,0.5,13.333333333333334,1.3333333333333333,2.6666666666666665,0.0,0.0,1.3333333333333333,1.6666666666666667,3.0,0.6666666666666666,0.6666666666666666,1.6666666666666667,0.3333333333333333,3.3333333333333335
5108872,JaRonn Wilkens,2582,Southern Jaguars,Forward,11.0,0,0,0,0,0,0,0,2,2,0,0,0,1,2,0,1,SWAC,,,,,11.0,0.0,0.0,0.0,0.0,0.0,2.0,2.0,0.0,0.0,0.0,1.0,0.0
5108873,Jariyon Wilkens,2582,Southern Jaguars,Forward,6.0,0,1,0,0,2,3,0,0,0,0,0,0,0,2,2,1,SWAC,0.0,,0.6666666666666666,0.0,6.0,0.0,1.0,0.0,0.0,0.0,0.0,0.0,0.0,0.0,0.0,0.0,2.0
5108874,Jalen Reynolds,2582,Southern Jaguars,Forward,12.0,1,1,0,0,1,2,2,2,4,0,0,1,0,2,3,1,SWAC,1.0,,0.5,1.0,12.0,1.0,1.0,0.0,0.0,2.0,2.0,4.0,0.0,0.0,1.0,0.0,3.0
5108876,Jah Quinones,2382,Mercer Bears,Guard,45.0,5,9,0,1,3,3,4,4,8,3,3,5,1,2,13,2,Southern,0.5555555555555556,0.0,1.0,0.5555555555555556,22.5,2.5,4.5,0.0,0.5,2.0,2.0,4.0,1.5,1.5,2.5,0.5,6.5
5108878,TJ Grant,2382,Mercer Bears,Forward,6.0,0,0,0,0,1,2,0,1,1,0,0,0,0,0,1,1,Southern,,,0.5,,6.0,0.0,0.0,0.0,0.0,0.0,1.0,1.0,0.0,0.0,0.0,0.0,1.0
5108891,Stephon Payne III,294,Jacksonville Dolphins,Forward,45.0,3,10,0,0,0,0,6,3,9,1,1,2,1,11,6,3,ASUN,0.3,,,0.3,15.0,1.0,3.3333333333333335,0.0,0.0,2.0,1.0,3.0,0.3333333333333333,0.3333333333333333,0.6666666666666666,0.3333333333333333,2.0
5108903,Lance-Amir Paul,357,Texas A&M-Corpus Christi Islanders,Guard,15.0,2,6,0,3,0,1,2,0,2,0,1,0,2,1,4,1,Southland,0.3333333333333333,0.0,0.0,0.3333333333333333,15.0,2.0,6.0,0.0,3.0,2.0,0.0,2.0,0.0,1.0,0.0,2.0,4.0
5108912,Dayne Prim,357,Texas A&M-Corpus Christi Islanders,Forward,45.0,3,12,0,3,2,2,5,10,15,0,1,1,3,8,8,2,Southland,0.25,0.0,1.0,0.25,22.5,1.5,6.0,0.0,1.5,2.5,5.0,7.5,0.0,0.5,0.5,1.5,4.0
5108913,Hansel Enmanuel,2046,Austin Peay Governors,Guard,10.0,1,1,0,0,0,0,1,0,1,0,0,0,0,2,2,2,ASUN,1.0,,,1.0,5.0,0.5,0.5,0.0,0.0,0.5,0.0,0.5,0.0,0.0,0.0,0.0,1.0
5108917,Brody Rowbury,2545,SE Louisiana Lions,Forward,34.0,4,9,0,0,5,6,4,3,7,0,0,1,0,2,13,1,Southland,0.4444444444444444,,0.8333333333333334,0.4444444444444444,34.0,4.0,9.0,0.0,0.0,4.0,3.0,7.0,0.0,0.0,1.0,0.0,13.0
5108920,Tommie Lewis,2837,Texas A&M-Commerce Lions,Guard,64.0,5,15,1,5,7,10,1,5,6,6,6,2,4,7,18,2,Southland,0.3333333333333333,0.2,0.7,0.36666666666666664,32.0,2.5,7.5,0.5,2.5,0.5,2.5,3.0,3.0,3.0,1.0,2.0,9.0
5108925,Alonzo Dodd,2837,Texas A&M-Commerce Lions,Guard,41.0,7,12,2,4,7,10,3,2,5,3,0,0,1,7,23,2,Southland,0.5833333333333334,0.5,0.7,0.6666666666666666,20.5,3.5,6.0,1.0,2.0,1.5,1.0,2.5,1.5,0.0,0.0,0.5,11.5
5108951,Jevon Hill,233,South Dakota Coyotes,Forward,3.0,0,2,0,2,0,0,0,0,0,0,0,0,0,0,0,1,Summit League,0.0,0.0,,0.0,3.0,0.0,2.0,0.0,2.0,0.0,0.0,0.0,0.0,0.0,0.0,0.0,0.0
5108952,Steven Kramer,233,South Dakota Coyotes,Guard,18.0,1,2,0,1,0,0,1,2,3,1,0,0,0,2,2,1,Summit League,0.5,0.0,,0.5,18.0,1.0,2.0,0.0,1.0,1.0,2.0,3.0,1.0,0.0,0.0,0.0,2.0
5108953,Felix Brostrom,233,South Dakota Coyotes,Forward,1.0,0,0,0,0,0,0,0,0,0,1,0,0,0,0,0,1,Summit League,,,,,1.0,0.0,0.0,0.0,0.0,0.0,0.0,0.0,1.0,0.0,0.0,0.0,0.0
5108968,Lue Williams,2627,Tarleton State Texans,Guard,125.0,15,30,7,16,7,9,3,11,14,8,2,0,4,7,44,4,United Athletic,0.5,0.4375,0.7777777777777778,0.6166666666666667,31.25,3.75,7.5,1.75,4.0,0.75,2.75,3.5,2.0,0.5,0.0,1.0,11.0
5108971,Jakorie Smith,2627,Tarleton State Texans,Forward,118.0,16,53,8,28,19,20,1,18,19,11,5,2,6,5,59,4,United Athletic,0.3018867924528302,0.2857142857142857,0.95,0.37735849056603776,29.5,4.0,13.25,2.0,7.0,0.25,4.5,4.75,2.75,1.25,0.5,1.5,14.75
5108972,Nasan Ayala,2627,Tarleton State Texans,Guard,13.0,1,1,0,0,0,5,0,1,1,2,0,0,0,1,2,2,United Athletic,1.0,,0.0,1.0,6.5,0.5,0.5,0.0,0.0,0.0,0.5,0.5,1.0,0.0,0.0,0.0,1.0
5108973,Garry Clark,357,Texas A&M-Corpus Christi Islanders,Forward,67.0,9,25,3,9,7,14,2,11,13,0,1,2,1,6,28,2,Southland,0.36,0.3333333333333333,0.5,0.42,33.5,4.5,12.5,1.5,4.5,1.0,5.5,6.5,0.0,0.5,1.0,0.5,14.0
5108977,Issa Muhammad,2630,UT Martin Skyhawks,Forward,25.0,2,4,0,0,2,2,2,9,11,1,1,1,1,2,6,1,Ohio Valley,0.5,,1.0,0.5,25.0,2.0,4.0,0.0,0.0,2.0,9.0,11.0,1.0,1.0,1.0,1.0,6.0
5108979,Shahar Lazar,2241,Gardner-Webb Runnin' Bulldogs,Guard,17.0,6,8,3,5,3,4,2,2,4,0,1,0,0,2,18,2,Big South,0.75,0.6,0.75,0.9375,8.5,3.0,4.0,1.5,2.5,1.0,1.0,2.0,0.0,0.5,0.0,0.0,9.0
5108983,Jaden Alexander,2934,Cal State Bakersfield Roadrunners,Guard,4.0,1,1,0,0,0,0,0,1,1,0,0,0,1,1,2,1,Big West,1.0,,,1.0,4.0,1.0,1.0,0.0,0.0,0.0,1.0,1.0,0.0,0.0,0.0,1.0,2.0
5108991,Jacob Conner,276,Marshall Thundering Herd,Guard,43.0,3,13,2,8,1,2,1,7,8,3,0,1,0,6,9,2,Sun Belt,0.23076923076923078,0.25,0.5,0.3076923076923077,21.5,1.5,6.5,1.0,4.0,0.5,3.5,4.0,1.5,0.0,0.5,0.0,4.5
5108992,Micah Handlogten,57,Florida Gators,Center,41.0,2,5,0,0,1,4,8,8,16,1,1,0,2,10,5,4,SEC,0.4,,0.25,0.4,10.25,0.5,1.25,0.0,0.0,2.0,2.0,4.0,0.25,0.25,0.0,0.5,1.25
5108994,Jesiah West,2710,Western Illinois Leathernecks,Forward,56.0,5,13,1,3,8,16,4,9,13,5,2,4,5,5,19,2,Ohio Valley,0.38461538461538464,0.3333333333333333,0.5,0.4230769230769231,28.0,2.5,6.5,0.5,1.5,2.0,4.5,6.5,2.5,1.0,2.0,2.5,9.5
5108995,JJ Kalakon,2710,Western Illinois Leathernecks,Guard,66.0,10,21,2,7,5,8,7,9,16,5,1,3,2,2,27,2,Ohio Valley,0.47619047619047616,0.2857142857142857,0.625,0.5238095238095238,33.0,5.0,10.5,1.0,3.5,3.5,4.5,8.0,2.5,0.5,1.5,1.0,13.5
5108997,Dirin Birhiray,2710,Western Illinois Leathernecks,Guard,1.0,0,0,0,0,0,0,0,0,0,0,0,0,0,0,0,1,Ohio Valley,,,,,1.0,0.0,0.0,0.0,0.0,0.0,0.0,0.0,0.0,0.0,0.0,0.0,0.0
5109018,Kendall Blue,2900,St. Thomas-Minnesota Tommies,Guard,63.0,12,19,4,8,0,0,1,7,8,3,0,0,2,3,28,2,Summit League,0.631578947368421,0.5,,0.7368421052631579,31.5,6.0,9.5,2.0,4.0,0.5,3.5,4.0,1.5,0.0,0.0,1.0,14.0
5109019,Andrew Rohde,258,Virginia Cavaliers,Guard,59.0,3,14,2,12,0,0,0,6,6,5,1,0,2,3,8,3,ACC,0.21428571428571427,0.16666666666666666,,0.2857142857142857,19.666666666666668,1.0,4.666666666666667,0.6666666666666666,4.0,0.0,2.0,2.0,1.6666666666666667,0.3333333333333333,0.0,0.6666666666666666,2.6666666666666665
5109020,Carter Bjerke,2900,St. Thomas-Minnesota Tommies,Forward,41.0,4,9,4,8,0,0,0,4,4,1,1,0,1,4,12,2,Summit League,0.4444444444444444,0.5,,0.6666666666666666,20.5,2.0,4.5,2.0,4.0,0.0,2.0,2.0,0.5,0.5,0.0,0.5,6.0
5109033,Allen David Mukeba Jr.,140,Kansas City Roos,Forward,18.0,1,3,0,0,0,1,3,2,5,1,2,0,0,3,2,1,Summit League,0.3333333333333333,,0.0,0.3333333333333333,18.0,1.0,3.0,0.0,0.0,3.0,2.0,5.0,1.0,2.0,0.0,0.0,2.0
5109034,Tyler Andrews,140,Kansas City Roos,Guard,15.0,1,2,1,2,0,1,1,1,2,1,0,0,1,1,3,1,Summit League,0.5,0.5,0.0,0.75,15.0,1.0,2.0,1.0,2.0,1.0,1.0,2.0,1.0,0.0,0.0,1.0,3.0
5109036,Abdullah Olajuwon,2174,Detroit Mercy Titans,Guard,4.0,0,0,0,0,0,0,0,0,0,0,1,1,0,0,0,1,Horizon,,,,,4.0,0.0,0.0,0.0,0.0,0.0,0.0,0.0,0.0,1.0,1.0,0.0,0.0
5109770,Deshawn Jean-Charles,2130,Chicago State Cougars,Guard,40.0,1,7,0,2,4,6,3,4,7,1,2,0,1,7,6,2,Division I Independents,0.14285714285714285,0.0,0.6666666666666666,0.14285714285714285,20.0,0.5,3.5,0.0,1.0,1.5,2.0,3.5,0.5,1.0,0.0,0.5,3.0
5109773,Tristan Arneaud,2130,Chicago State Cougars,Guard,10.0,0,1,0,1,0,0,1,3,4,0,0,0,0,2,0,1,Division I Independents,0.0,0.0,,0.0,10.0,0.0,1.0,0.0,1.0,1.0,3.0,4.0,0.0,0.0,0.0,0.0,0.0
5109782,Matt Hayman,2617,Stephen F. Austin Lumberjacks,Guard,49.0,6,11,2,6,6,9,0,5,5,6,4,1,3,6,20,2,United Athletic,0.5454545454545454,0.3333333333333333,0.6666666666666666,0.6363636363636364,24.5,3.0,5.5,1.0,3.0,0.0,2.5,2.5,3.0,2.0,0.5,1.5,10.0
5109783,DaeVeon Scott,2617,Stephen F. Austin Lumberjacks,Guard,2.0,0,0,0,0,2,2,0,0,0,1,0,0,0,0,2,1,United Athletic,,,1.0,,2.0,0.0,0.0,0.0,0.0,0.0,0.0,0.0,1.0,0.0,0.0,0.0,2.0
5109784,Jalil Beaubrun,2617,Stephen F. Austin Lumberjacks,Forward,30.0,3,4,1,1,0,0,2,5,7,2,1,2,1,6,7,2,United Athletic,0.75,1.0,,0.875,15.0,1.5,2.0,0.5,0.5,1.0,2.5,3.5,1.0,0.5,1.0,0.5,3.5
5109785,AJ Cajuste,2617,Stephen F. Austin Lumberjacks,Guard,53.0,6,25,4,12,5,6,1,1,2,4,1,0,7,5,21,2,United Athletic,0.24,0.3333333333333333,0.8333333333333334,0.32,26.5,3.0,12.5,2.0,6.0,0.5,0.5,1.0,2.0,0.5,0.0,3.5,10.5
5109789,Jake Ensminger,2541,Santa Clara Broncos,Guard,32.0,3,4,0,1,0,2,1,8,9,1,1,1,1,4,6,2,West Coast,0.75,0.0,0.0,0.75,16.0,1.5,2.0,0.0,0.5,0.5,4.0,4.5,0.5,0.5,0.5,0.5,3.0
5109790,Christoph Tilly,2541,Santa Clara Broncos,Center,36.0,6,10,0,0,6,8,6,4,10,4,2,4,3,4,18,2,West Coast,0.6,,0.75,0.6,18.0,3.0,5.0,0.0,0.0,3.0,2.0,5.0,2.0,1.0,2.0,1.5,9.0
5109791,Brendan Yarusso,2541,Santa Clara Broncos,Guard,3.0,0,1,0,0,0,0,0,0,0,0,0,0,0,0,0,1,West Coast,0.0,,,0.0,3.0,0.0,1.0,0.0,0.0,0.0,0.0,0.0,0.0,0.0,0.0,0.0,0.0
5110039,Corey Washington,2612,Saint Peter's Peacocks,Forward,129.0,18,45,1,11,8,20,7,17,24,3,3,5,5,10,45,4,MAAC,0.4,0.09090909090909091,0.4,0.4111111111111111,32.25,4.5,11.25,0.25,2.75,1.75,4.25,6.0,0.75,0.75,1.25,1.25,11.25
5110173,Zytarious Mortle,2640,Texas Southern Tigers,Guard,2.0,0,0,0,0,0,0,0,0,0,0,0,0,1,0,0,1,SWAC,,,,,2.0,0.0,0.0,0.0,0.0,0.0,0.0,0.0,0.0,0.0,0.0,1.0,0.0
5110174,Chris Craig,2640,Texas Southern Tigers,Guard,53.0,4,6,0,0,7,8,1,3,4,2,5,0,1,13,15,3,SWAC,0.6666666666666666,,0.875,0.6666666666666666,17.666666666666668,1.3333333333333333,2.0,0.0,0.0,0.3333333333333333,1.0,1.3333333333333333,0.6666666666666666,1.6666666666666667,0.0,0.3333333333333333,5.0
5110431,Lesown Hallums Jr.,279,Pacific Tigers,Guard,11.0,1,3,0,1,0,0,0,1,1,0,0,0,1,1,2,1,West Coast,0.3333333333333333,0.0,,0.3333333333333333,11.0,1.0,3.0,0.0,1.0,0.0,1.0,1.0,0.0,0.0,0.0,1.0,2.0
5110432,Jordan Simpson,2569,South Carolina State Bulldogs,Guard,4.0,0,0,0,0,0,0,0,0,0,1,0,0,1,1,0,1,MEAC,,,,,4.0,0.0,0.0,0.0,0.0,0.0,0.0,0.0,1.0,0.0,0.0,1.0,0.0
5110436,Justin Wilson,2466,Northwestern State Demons,Forward,29.0,8,11,0,0,4,7,5,4,9,0,0,0,1,0,20,1,Southland,0.7272727272727273,,0.5714285714285714,0.7272727272727273,29.0,8.0,11.0,0.0,0.0,5.0,4.0,9.0,0.0,0.0,0.0,1.0,20.0
5110630,Myles Jenkins,2617,Stephen F. Austin Lumberjacks,Guard,17.0,2,6,1,1,1,1,2,0,2,2,0,0,0,0,6,1,United Athletic,0.3333333333333333,1.0,1.0,0.4166666666666667,17.0,2.0,6.0,1.0,1.0,2.0,0.0,2.0,2.0,0.0,0.0,0.0,6.0
5111569,Niko Fotopoulos,2547,Seattle U Redhawks,Guard,2.0,0,2,0,1,0,0,1,0,1,0,0,0,1,0,0,1,United Athletic,0.0,0.0,,0.0,2.0,0.0,2.0,0.0,1.0,1.0,0.0,1.0,0.0,0.0,0.0,1.0,0.0
5111908,Rasheed Bello,2870,Purdue Fort Wayne Mastodons,Guard,175.0,27,55,9,19,7,10,1,13,14,24,10,1,20,11,70,5,Horizon,0.4909090909090909,0.47368421052631576,0.7,0.5727272727272728,35.0,5.4,11.0,1.8,3.8,0.2,2.6,2.8,4.8,2.0,0.2,4.0,14.0
5111914,Jacksun Hamilton,2710,Western Illinois Leathernecks,Forward,3.0,0,2,0,0,1,2,2,0,2,0,0,0,0,0,1,1,Ohio Valley,0.0,,0.5,0.0,3.0,0.0,2.0,0.0,0.0,2.0,0.0,2.0,0.0,0.0,0.0,0.0,1.0
5111990,Stephon Roberts,2612,Saint Peter's Peacocks,Forward,48.0,0,1,0,0,4,8,5,4,9,0,1,4,0,10,4,4,MAAC,0.0,,0.5,0.0,12.0,0.0,0.25,0.0,0.0,1.25,1.0,2.25,0.0,0.25,1.0,0.0,1.0
5112087,Jaylen Wells,265,Washington State Cougars,Forward,152.0,23,50,12,30,4,7,7,19,26,13,5,0,6,5,62,4,Pac-12,0.46,0.4,0.5714285714285714,0.58,38.0,5.75,12.5,3.0,7.5,1.75,4.75,6.5,3.25,1.25,0.0,1.5,15.5
5112187,Jimel Lane,2466,Northwestern State Demons,Forward,7.0,0,0,0,0,0,2,1,1,2,0,0,0,0,4,0,1,Southland,,,0.0,,7.0,0.0,0.0,0.0,0.0,1.0,1.0,2.0,0.0,0.0,0.0,0.0,0.0
5113182,David Tubek,2550,Seton Hall Pirates,Forward,14.0,1,5,0,3,0,0,2,2,4,1,0,0,0,1,2,4,Big East,0.2,0.0,,0.2,3.5,0.25,1.25,0.0,0.75,0.5,0.5,1.0,0.25,0.0,0.0,0.0,0.5
5113385,Kellan Boylan,2005,Air Force Falcons,Guard,31.0,2,3,1,1,0,0,0,2,2,4,3,1,5,1,5,1,Mountain West,0.6666666666666666,1.0,,0.8333333333333334,31.0,2.0,3.0,1.0,1.0,0.0,2.0,2.0,4.0,3.0,1.0,5.0,5.0
5113388,Rytis Petraitis,2005,Air Force Falcons,Forward,38.0,9,13,2,3,6,7,2,8,10,1,0,1,4,3,26,1,Mountain West,0.6923076923076923,0.6666666666666666,0.8571428571428571,0.7692307692307693,38.0,9.0,13.0,2.0,3.0,2.0,8.0,10.0,1.0,0.0,1.0,4.0,26.0
5113390,Marcell McCreary,2458,Northern Colorado Bears,Guard,19.0,4,7,1,2,0,0,0,5,5,0,2,0,0,1,9,1,Big Sky,0.5714285714285714,0.5,,0.6428571428571429,19.0,4.0,7.0,1.0,2.0,0.0,5.0,5.0,0.0,2.0,0.0,0.0,9.0
5113487,Roy Clarke,2612,Saint Peter's Peacocks,Guard,105.0,10,23,4,10,5,8,3,10,13,6,2,1,9,6,29,4,MAAC,0.43478260869565216,0.4,0.625,0.5217391304347826,26.25,2.5,5.75,1.0,2.5,0.75,2.5,3.25,1.5,0.5,0.25,2.25,7.25
5113533,Nick Davis,2437,Omaha Mavericks,Forward,65.0,7,11,0,0,6,11,7,10,17,0,2,0,2,4,20,2,Summit League,0.6363636363636364,,0.5454545454545454,0.6363636363636364,32.5,3.5,5.5,0.0,0.0,3.5,5.0,8.5,0.0,1.0,0.0,1.0,10.0
5113534,Javon Jackson,328,Utah State Aggies,Guard,69.0,10,24,5,11,2,2,1,5,6,3,3,0,1,3,27,4,Mountain West,0.4166666666666667,0.45454545454545453,1.0,0.5208333333333334,17.25,2.5,6.0,1.25,2.75,0.25,1.25,1.5,0.75,0.75,0.0,0.25,6.75
5113969,Cameron Carr,2633,Tennessee Volunteers,Guard,5.0,1,2,1,2,2,2,0,2,2,0,0,0,1,1,5,2,SEC,0.5,0.5,1.0,0.75,2.5,0.5,1.0,0.5,1.0,0.0,1.0,1.0,0.0,0.0,0.0,0.5,2.5
5113975,Davion Everett,2569,South Carolina State Bulldogs,Forward,20.0,1,2,0,0,2,4,3,1,4,1,0,0,1,2,4,1,MEAC,0.5,,0.5,0.5,20.0,1.0,2.0,0.0,0.0,3.0,1.0,4.0,1.0,0.0,0.0,1.0,4.0
5114229,David Gabriel,2550,Seton Hall Pirates,Guard,3.0,0,0,0,0,0,0,0,0,0,0,0,0,0,0,0,3,Big East,,,,,1.0,0.0,0.0,0.0,0.0,0.0,0.0,0.0,0.0,0.0,0.0,0.0,0.0
5114350,AK Okereke,172,Cornell Big Red,Forward,39.0,5,10,2,4,0,0,1,4,5,8,1,2,1,2,12,2,Ivy,0.5,0.5,,0.6,19.5,2.5,5.0,1.0,2.0,0.5,2.0,2.5,4.0,0.5,1.0,0.5,6.0
5117351,Dylan Thoerner,300,UC Irvine Anteaters,Guard,13.0,0,3,0,2,1,1,0,0,0,0,1,0,0,0,1,2,Big West,0.0,0.0,1.0,0.0,6.5,0.0,1.5,0.0,1.0,0.0,0.0,0.0,0.0,0.5,0.0,0.0,0.5
5117524,Cedric Lath,248,Houston Cougars,Center,62.0,1,3,0,0,0,3,5,5,10,0,0,5,1,8,2,6,Big 12,0.3333333333333333,,0.0,0.3333333333333333,10.333333333333334,0.16666666666666666,0.5,0.0,0.0,0.8333333333333334,0.8333333333333334,1.6666666666666667,0.0,0.0,0.8333333333333334,0.16666666666666666,0.3333333333333333
5117525,Donovan Santoro,2507,Providence Friars,Forward,4.0,0,0,0,0,0,0,0,0,0,0,0,0,0,0,0,1,Big East,,,,,4.0,0.0,0.0,0.0,0.0,0.0,0.0,0.0,0.0,0.0,0.0,0.0,0.0
5117582,Ladji Dembele,2294,Iowa Hawkeyes,Forward,35.0,3,8,1,4,1,3,1,2,3,1,1,0,1,5,8,3,Big Ten,0.375,0.25,0.3333333333333333,0.4375,11.666666666666666,1.0,2.6666666666666665,0.3333333333333333,1.3333333333333333,0.3333333333333333,0.6666666666666666,1.0,0.3333333333333333,0.3333333333333333,0.0,0.3333333333333333,2.6666666666666665
5117583,Jimmy Oladokun Jr.,301,San Diego Toreros,Forward,21.0,4,9,0,1,0,0,1,1,2,2,1,1,0,7,8,2,West Coast,0.4444444444444444,0.0,,0.4444444444444444,10.5,2.0,4.5,0.0,0.5,0.5,0.5,1.0,1.0,0.5,0.5,0.0,4.0
5117820,Tiger Booker,2197,Eastern Illinois Panthers,Guard,33.0,5,13,0,2,2,2,1,1,2,6,3,0,3,2,12,1,Ohio Valley,0.38461538461538464,0.0,1.0,0.38461538461538464,33.0,5.0,13.0,0.0,2.0,1.0,1.0,2.0,6.0,3.0,0.0,3.0,12.0
5118079,Akili Vining,250,UT Arlington Mavericks,Guard,69.0,8,15,6,12,1,2,0,10,10,11,1,0,5,7,23,3,United Athletic,0.5333333333333333,0.5,0.5,0.7333333333333333,23.0,2.6666666666666665,5.0,2.0,4.0,0.0,3.3333333333333335,3.3333333333333335,3.6666666666666665,0.3333333333333333,0.0,1.6666666666666667,7.666666666666667
5121952,AJ Redd,356,Illinois Fighting Illini,Guard,3.0,0,0,0,0,0,0,0,0,0,0,0,0,0,0,0,2,Big Ten,,,,,1.5,0.0,0.0,0.0,0.0,0.0,0.0,0.0,0.0,0.0,0.0,0.0,0.0
5122917,Mady Traore,120,Maryland Terrapins,Forward,3.0,0,1,0,1,0,0,0,0,0,0,0,0,0,0,0,1,Big Ten,0.0,0.0,,0.0,3.0,0.0,1.0,0.0,1.0,0.0,0.0,0.0,0.0,0.0,0.0,0.0,0.0
5122918,Ahmet Jonovic,71,Bradley Braves,Center,4.0,1,1,0,0,0,1,1,0,1,0,0,1,0,1,2,2,Missouri Valley,1.0,,0.0,1.0,2.0,0.5,0.5,0.0,0.0,0.5,0.0,0.5,0.0,0.0,0.5,0.0,1.0
5123799,Janko Bulajic,2320,Lamar Cardinals,Forward,34.0,2,4,0,0,2,4,6,4,10,3,0,1,2,3,6,2,Southland,0.5,,0.5,0.5,17.0,1.0,2.0,0.0,0.0,3.0,2.0,5.0,1.5,0.0,0.5,1.0,3.0
5125192,Freddie Dilione V,2633,Tennessee Volunteers,Guard,6.0,1,2,0,0,0,0,0,0,0,1,0,0,1,1,2,2,SEC,0.5,,,0.5,3.0,0.5,1.0,0.0,0.0,0.0,0.0,0.0,0.5,0.0,0.0,0.5,1.0
5126036,Niccolo Moretti,356,Illinois Fighting Illini,Guard,13.0,0,1,0,1,1,2,0,0,0,0,0,0,0,0,1,5,Big Ten,0.0,0.0,0.5,0.0,2.6,0.0,0.2,0.0,0.2,0.0,0.0,0.0,0.0,0.0,0.0,0.0,0.2
5142324,Rich Barron,2507,Providence Friars,Forward,77.0,7,16,4,10,0,0,1,6,7,5,4,2,0,7,18,3,Big East,0.4375,0.4,,0.5625,25.666666666666668,2.3333333333333335,5.333333333333333,1.3333333333333333,3.3333333333333335,0.3333333333333333,2.0,2.3333333333333335,1.6666666666666667,1.3333333333333333,0.6666666666666666,0.0,6.0
5142356,Baye Ndongo,59,Georgia Tech Yellow Jackets,Forward,35.0,8,16,0,1,6,8,2,5,7,3,1,1,0,3,22,1,ACC,0.5,0.0,0.75,0.5,35.0,8.0,16.0,0.0,1.0,2.0,5.0,7.0,3.0,1.0,1.0,0.0,22.0
5142358,Jamichael Davis,164,Rutgers Scarlet Knights,Guard,22.0,2,5,0,2,0,0,1,1,2,3,0,1,2,1,4,1,Big Ten,0.4,0.0,,0.4,22.0,2.0,5.0,0.0,2.0,1.0,1.0,2.0,3.0,0.0,1.0,2.0,4.0
5142584,Adrian Myers,344,Mississippi State Bulldogs,Forward,1.0,0,0,0,0,0,0,0,0,0,0,0,0,0,0,0,1,SEC,,,,,1.0,0.0,0.0,0.0,0.0,0.0,0.0,0.0,0.0,0.0,0.0,0.0,0.0
5143601,Jasai Miles,2454,North Florida Ospreys,Guard,19.0,0,2,0,0,0,0,0,3,3,1,0,0,0,2,0,1,ASUN,0.0,,,0.0,19.0,0.0,2.0,0.0,0.0,0.0,3.0,3.0,1.0,0.0,0.0,0.0,0.0
5143604,JT Toppin,167,New Mexico Lobos,Forward,152.0,25,44,1,3,4,8,25,29,54,6,5,9,2,9,55,5,Mountain West,0.5681818181818182,0.3333333333333333,0.5,0.5795454545454546,30.4,5.0,8.8,0.2,0.6,5.0,5.8,10.8,1.2,1.0,1.8,0.4,11.0
5143607,Drayton Jones,2569,South Carolina State Bulldogs,Center,17.0,2,4,0,0,2,2,3,2,5,0,0,1,2,4,6,1,MEAC,0.5,,1.0,0.5,17.0,2.0,4.0,0.0,0.0,3.0,2.0,5.0,0.0,0.0,1.0,2.0,6.0
5157066,Johnny Furphy,2305,Kansas Jayhawks,Guard,98.0,9,29,4,15,5,7,10,13,23,4,3,3,8,5,27,3,Big 12,0.3103448275862069,0.26666666666666666,0.7142857142857143,0.3793103448275862,32.666666666666664,3.0,9.666666666666666,1.3333333333333333,5.0,3.3333333333333335,4.333333333333333,7.666666666666667,1.3333333333333333,1.0,1.0,2.6666666666666665,9.0
5160739,Adam Moussa,2627,Tarleton State Texans,Guard,66.0,9,20,2,8,4,4,2,11,13,12,3,1,6,5,24,4,United Athletic,0.45,0.25,1.0,0.5,16.5,2.25,5.0,0.5,2.0,0.5,2.75,3.25,3.0,0.75,0.25,1.5,6.0
5170078,Sasa Ciani,2752,Xavier Musketeers,Forward,13.0,0,1,0,0,0,0,0,0,0,0,1,0,1,2,0,3,Big East,0.0,,,0.0,4.333333333333333,0.0,0.3333333333333333,0.0,0.0,0.0,0.0,0.0,0.0,0.3333333333333333,0.0,0.3333333333333333,0.0
5174294,Morris Ugusuk,2579,South Carolina Gamecocks,Guard,14.0,1,2,0,1,0,0,1,0,1,0,0,0,4,2,2,2,SEC,0.5,0.0,,0.5,7.0,0.5,1.0,0.0,0.5,0.5,0.0,0.5,0.0,0.0,0.0,2.0,1.0
5174319,Mike Williams III,99,LSU Tigers,Guard,40.0,2,10,1,3,2,2,1,3,4,5,4,0,5,2,7,2,SEC,0.2,0.3333333333333333,1.0,0.25,20.0,1.0,5.0,0.5,1.5,0.5,1.5,2.0,2.5,2.0,0.0,2.5,3.5
5174555,Elijah Strong,103,Boston College Eagles,Forward,32.0,6,9,1,2,4,6,1,1,2,0,1,0,0,2,17,4,ACC,0.6666666666666666,0.5,0.6666666666666666,0.7222222222222222,8.0,1.5,2.25,0.25,0.5,0.25,0.25,0.5,0.0,0.25,0.0,0.0,4.25
5174556,Andrew Latiff,228,Clemson Tigers,Guard,2.0,0,0,0,0,0,0,0,2,2,0,0,0,0,0,0,2,ACC,,,,,1.0,0.0,0.0,0.0,0.0,0.0,1.0,1.0,0.0,0.0,0.0,0.0,0.0
5174557,Naithan George,59,Georgia Tech Yellow Jackets,Guard,39.0,8,13,5,8,3,3,0,2,2,7,1,0,3,2,24,1,ACC,0.6153846153846154,0.625,1.0,0.8076923076923077,39.0,8.0,13.0,5.0,8.0,0.0,2.0,2.0,7.0,1.0,0.0,3.0,24.0
5174563,Kyshawn George,2390,Miami Hurricanes,Guard,23.0,1,4,0,3,0,0,1,1,2,0,0,0,0,1,2,1,ACC,0.25,0.0,,0.25,23.0,1.0,4.0,0.0,3.0,1.0,1.0,2.0,0.0,0.0,0.0,0.0,2.0
5174568,Bobby Durkin,2166,Davidson Wildcats,Forward,34.0,1,5,1,5,0,0,0,2,2,0,1,0,3,1,3,1,Atlantic 10,0.2,0.2,,0.3,34.0,1.0,5.0,1.0,5.0,0.0,2.0,2.0,0.0,1.0,0.0,3.0,3.0
5174570,Hunter Adam,2166,Davidson Wildcats,Guard,26.0,3,4,1,1,0,0,0,3,3,0,0,1,0,3,7,1,Atlantic 10,0.75,1.0,,0.875,26.0,3.0,4.0,1.0,1.0,0.0,3.0,3.0,0.0,0.0,1.0,0.0,7.0
5174576,Petras Padegimas,2168,Dayton Flyers,Forward,25.0,0,3,0,2,0,0,0,2,2,1,1,0,2,2,0,3,Atlantic 10,0.0,0.0,,0.0,8.333333333333334,0.0,1.0,0.0,0.6666666666666666,0.0,0.6666666666666666,0.6666666666666666,0.3333333333333333,0.3333333333333333,0.0,0.6666666666666666,0.0
5174582,Jakub Necas,2184,Duquesne Dukes,Forward,104.0,12,20,6,9,6,8,4,11,15,1,1,6,1,8,36,6,Atlantic 10,0.6,0.6666666666666666,0.75,0.75,17.333333333333332,2.0,3.3333333333333335,1.0,1.5,0.6666666666666666,1.8333333333333333,2.5,0.16666666666666666,0.16666666666666666,1.0,0.16666666666666666,6.0
5174586,Jake DiMichele,2184,Duquesne Dukes,Guard,185.0,17,37,8,17,3,6,2,11,13,8,2,1,5,11,45,6,Atlantic 10,0.4594594594594595,0.47058823529411764,0.5,0.5675675675675675,30.833333333333332,2.8333333333333335,6.166666666666667,1.3333333333333333,2.8333333333333335,0.3333333333333333,1.8333333333333333,2.1666666666666665,1.3333333333333333,0.3333333333333333,0.16666666666666666,0.8333333333333334,7.5
5174587,Kailon Nicholls,2184,Duquesne Dukes,Guard,3.0,0,2,0,0,0,0,0,0,0,1,0,0,0,0,0,1,Atlantic 10,0.0,,,0.0,3.0,0.0,2.0,0.0,0.0,0.0,0.0,0.0,1.0,0.0,0.0,0.0,0.0
5174594,Baraka Okojie,2244,George Mason Patriots,Guard,32.0,9,15,0,2,4,4,1,5,6,3,1,0,1,1,22,1,Atlantic 10,0.6,0.0,1.0,0.6,32.0,9.0,15.0,0.0,2.0,1.0,5.0,6.0,3.0,1.0,0.0,1.0,22.0
5174599,Trey Autry,45,George Washington Revolutionaries,Guard,19.0,2,5,2,4,0,0,0,7,7,0,2,0,0,2,6,1,Atlantic 10,0.4,0.5,,0.6,19.0,2.0,5.0,2.0,4.0,0.0,7.0,7.0,0.0,2.0,0.0,0.0,6.0
5174608,Tunde Vahlberg Fasasi,2325,La Salle Explorers,Guard,47.0,3,10,1,6,3,4,2,6,8,2,2,0,0,6,10,2,Atlantic 10,0.3,0.16666666666666666,0.75,0.35,23.5,1.5,5.0,0.5,3.0,1.0,3.0,4.0,1.0,1.0,0.0,0.0,5.0
5174609,Miles Rubin,2350,Loyola Chicago Ramblers,Center,42.0,8,13,0,0,3,4,6,6,12,1,0,4,7,6,19,2,Atlantic 10,0.6153846153846154,,0.75,0.6153846153846154,21.0,4.0,6.5,0.0,0.0,3.0,3.0,6.0,0.5,0.0,2.0,3.5,9.5
5174611,Jaylen Curry,113,Massachusetts Minutemen,Guard,14.0,1,3,0,1,0,0,0,0,0,1,0,0,1,4,2,1,Atlantic 10,0.3333333333333333,0.0,,0.3333333333333333,14.0,1.0,3.0,0.0,1.0,0.0,0.0,0.0,1.0,0.0,0.0,1.0,2.0
5174612,Robert Davis Jr.,113,Massachusetts Minutemen,Guard,5.0,0,1,0,1,0,0,0,0,0,0,0,0,1,2,0,1,Atlantic 10,0.0,0.0,,0.0,5.0,0.0,1.0,0.0,1.0,0.0,0.0,0.0,0.0,0.0,0.0,1.0,0.0
5174613,Marqui Worthy,113,Massachusetts Minutemen,Guard,5.0,1,1,0,0,0,0,0,0,0,0,0,0,0,0,2,1,Atlantic 10,1.0,,,1.0,5.0,1.0,1.0,0.0,0.0,0.0,0.0,0.0,0.0,0.0,0.0,0.0,2.0
5174614,Jayden Ndjigue,113,Massachusetts Minutemen,Guard,29.0,3,6,1,2,1,2,5,2,7,1,0,2,2,3,8,1,Atlantic 10,0.5,0.5,0.5,0.5833333333333334,29.0,3.0,6.0,1.0,2.0,5.0,2.0,7.0,1.0,0.0,2.0,2.0,8.0
5174619,Cam Estevez,227,Rhode Island Rams,Guard,20.0,3,6,1,4,1,2,0,2,2,0,1,0,2,0,8,1,Atlantic 10,0.5,0.25,0.5,0.5833333333333334,20.0,3.0,6.0,1.0,4.0,0.0,2.0,2.0,0.0,1.0,0.0,2.0,8.0
5174621,Tyson Brown,227,Rhode Island Rams,Forward,13.0,1,2,0,0,0,0,1,4,5,0,0,1,1,3,2,1,Atlantic 10,0.5,,,0.5,13.0,1.0,2.0,0.0,0.0,1.0,4.0,5.0,0.0,0.0,1.0,1.0,2.0
5174623,David Green,227,Rhode Island Rams,Forward,23.0,4,11,2,5,4,6,0,6,6,1,0,0,0,3,14,1,Atlantic 10,0.36363636363636365,0.4,0.6666666666666666,0.45454545454545453,23.0,4.0,11.0,2.0,5.0,0.0,6.0,6.0,1.0,0.0,0.0,0.0,14.0
5174624,David Fuchs,227,Rhode Island Rams,Forward,27.0,3,3,0,0,0,2,2,1,3,2,2,1,1,1,6,1,Atlantic 10,1.0,,0.0,1.0,27.0,3.0,3.0,0.0,0.0,2.0,1.0,3.0,2.0,2.0,1.0,1.0,6.0
5174629,Mikkel Tyne,257,Richmond Spiders,Guard,18.0,2,4,1,3,0,0,0,1,1,0,0,0,1,2,5,2,Atlantic 10,0.5,0.3333333333333333,,0.625,9.0,1.0,2.0,0.5,1.5,0.0,0.5,0.5,0.0,0.0,0.0,0.5,2.5
5174633,Xzayvier Brown,2603,Saint Joseph's Hawks,Guard,146.0,13,39,5,23,1,2,0,21,21,15,4,0,11,9,32,4,Atlantic 10,0.3333333333333333,0.21739130434782608,0.5,0.3974358974358974,36.5,3.25,9.75,1.25,5.75,0.0,5.25,5.25,3.75,1.0,0.0,2.75,8.0
5174634,Anthony Finkley,2603,Saint Joseph's Hawks,Forward,4.0,0,1,0,1,0,0,0,0,0,0,1,0,0,0,0,1,Atlantic 10,0.0,0.0,,0.0,4.0,0.0,1.0,0.0,1.0,0.0,0.0,0.0,0.0,1.0,0.0,0.0,0.0
5174637,Cian Medley,139,Saint Louis Billikens,Guard,68.0,9,19,3,6,1,3,0,7,7,14,3,1,1,7,22,2,Atlantic 10,0.47368421052631576,0.5,0.3333333333333333,0.5526315789473685,34.0,4.5,9.5,1.5,3.0,0.0,3.5,3.5,7.0,1.5,0.5,0.5,11.0
5174641,Bruce Zhang,139,Saint Louis Billikens,Center,9.0,0,0,0,0,0,0,0,2,2,0,0,0,3,5,0,2,Atlantic 10,,,,,4.5,0.0,0.0,0.0,0.0,0.0,1.0,1.0,0.0,0.0,0.0,1.5,0.0
5174643,Stef van Bussel,139,Saint Louis Billikens,Center,30.0,3,3,0,0,1,2,6,5,11,3,1,2,1,6,7,2,Atlantic 10,1.0,,0.5,1.0,15.0,1.5,1.5,0.0,0.0,3.0,2.5,5.5,1.5,0.5,1.0,0.5,3.5
5174652,Blake Muschalek,2,Auburn Tigers,Guard,3.0,0,0,0,0,0,0,0,0,0,0,1,0,0,0,0,2,SEC,,,,,1.5,0.0,0.0,0.0,0.0,0.0,0.0,0.0,0.0,0.5,0.0,0.0,0.0
5174654,Addarin Scott,2,Auburn Tigers,Forward,2.0,0,1,0,0,0,0,0,1,1,0,1,0,0,0,0,1,SEC,0.0,,,0.0,2.0,0.0,1.0,0.0,0.0,0.0,1.0,1.0,0.0,1.0,0.0,0.0,0.0
5174655,Chaney Johnson,2,Auburn Tigers,Guard,59.0,9,19,2,5,3,3,4,4,8,4,0,3,5,11,23,4,SEC,0.47368421052631576,0.4,1.0,0.5263157894736842,14.75,2.25,4.75,0.5,1.25,1.0,1.0,2.0,1.0,0.0,0.75,1.25,5.75
5174657,Alex Condon,57,Florida Gators,Forward,119.0,18,36,1,5,6,12,8,21,29,8,3,7,4,16,43,5,SEC,0.5,0.2,0.5,0.5138888888888888,23.8,3.6,7.2,0.2,1.0,1.6,4.2,5.8,1.6,0.6,1.4,0.8,8.6
5174658,Bennett Andersen,57,Florida Gators,Guard,1.0,0,0,0,0,0,0,0,0,0,0,0,0,0,0,0,1,SEC,,,,,1.0,0.0,0.0,0.0,0.0,0.0,0.0,0.0,0.0,0.0,0.0,0.0,0.0
5174659,Kajus Kublickas,57,Florida Gators,Guard,2.0,0,0,0,0,0,0,0,0,0,0,0,0,1,0,0,1,SEC,,,,,2.0,0.0,0.0,0.0,0.0,0.0,0.0,0.0,0.0,0.0,0.0,1.0,0.0
5174661,Blue Cain,61,Georgia Bulldogs,Guard,161.0,18,53,12,29,9,10,3,24,27,7,9,1,6,10,57,6,SEC,0.33962264150943394,0.41379310344827586,0.9,0.4528301886792453,26.833333333333332,3.0,8.833333333333334,2.0,4.833333333333333,0.5,4.0,4.5,1.1666666666666667,1.5,0.16666666666666666,1.0,9.5
5174663,RJ Sunahara,61,Georgia Bulldogs,Guard,23.0,2,2,1,1,1,2,0,2,2,0,0,2,1,3,6,3,SEC,1.0,1.0,0.5,1.25,7.666666666666667,0.6666666666666666,0.6666666666666666,0.3333333333333333,0.3333333333333333,0.0,0.6666666666666666,0.6666666666666666,0.0,0.0,0.6666666666666666,0.3333333333333333,2.0
5174665,Zvonimir Ivisic,96,Kentucky Wildcats,Forward,29.0,4,4,0,0,2,4,4,3,7,3,1,3,5,3,10,2,SEC,1.0,,0.5,1.0,14.5,2.0,2.0,0.0,0.0,2.0,1.5,3.5,1.5,0.5,1.5,2.5,5.0
5174672,Michael Belle,2670,VCU Rams,Guard,90.0,11,19,1,7,1,2,5,4,9,1,5,4,6,2,24,7,Atlantic 10,0.5789473684210527,0.14285714285714285,0.5,0.6052631578947368,12.857142857142858,1.5714285714285714,2.7142857142857144,0.14285714285714285,1.0,0.7142857142857143,0.5714285714285714,1.2857142857142858,0.14285714285714285,0.7142857142857143,0.5714285714285714,0.8571428571428571,3.4285714285714284
5174782,Jackson Creel,84,Indiana Hoosiers,Guard,1.0,0,0,0,0,0,0,0,0,0,0,0,0,0,0,0,1,Big Ten,,,,,1.0,0.0,0.0,0.0,0.0,0.0,0.0,0.0,0.0,0.0,0.0,0.0,0.0
5174783,Ian Stephens,84,Indiana Hoosiers,Guard,1.0,0,0,0,0,0,0,0,0,0,0,0,0,0,0,0,1,Big Ten,,,,,1.0,0.0,0.0,0.0,0.0,0.0,0.0,0.0,0.0,0.0,0.0,0.0,0.0
5174787,Harrison Hochberg,130,Michigan Wolverines,Forward,1.0,0,1,0,0,0,0,0,0,0,0,0,0,0,0,0,1,Big Ten,0.0,,,0.0,1.0,0.0,1.0,0.0,0.0,0.0,0.0,0.0,0.0,0.0,0.0,0.0,0.0
5174799,Matar Diop,158,Nebraska Cornhuskers,Forward,12.0,2,4,0,0,0,0,2,3,5,1,1,0,0,1,4,3,Big Ten,0.5,,,0.5,4.0,0.6666666666666666,1.3333333333333333,0.0,0.0,0.6666666666666666,1.0,1.6666666666666667,0.3333333333333333,0.3333333333333333,0.0,0.0,1.3333333333333333
5174802,Bragi Gudmundsson,213,Penn State Nittany Lions,Guard,1.0,0,0,0,0,0,0,0,0,0,0,0,0,1,1,0,1,Big Ten,,,,,1.0,0.0,0.0,0.0,0.0,0.0,0.0,0.0,0.0,0.0,0.0,1.0,0.0
5174805,Emmanuel Ogbole,164,Rutgers Scarlet Knights,Center,6.0,1,3,0,0,0,0,1,1,2,1,0,2,2,1,2,1,Big Ten,0.3333333333333333,,,0.3333333333333333,6.0,1.0,3.0,0.0,0.0,1.0,1.0,2.0,1.0,0.0,2.0,2.0,2.0
5174815,Gavin Walsh,2066,Binghamton Bearcats,Forward,16.0,1,2,0,1,2,2,0,1,1,1,0,1,0,5,4,1,America East,0.5,0.0,1.0,0.5,16.0,1.0,2.0,0.0,1.0,0.0,1.0,1.0,1.0,0.0,1.0,0.0,4.0
5174851,Keyshawn Mitchell,2803,Bryant Bulldogs,Forward,18.0,3,3,0,0,0,0,1,5,6,0,0,3,0,6,6,2,America East,1.0,,,1.0,9.0,1.5,1.5,0.0,0.0,0.5,2.5,3.0,0.0,0.0,1.5,0.0,3.0
5174853,Seth Joba,261,Vermont Catamounts,Forward,11.0,1,2,0,0,0,0,0,0,0,0,1,2,2,1,2,2,America East,0.5,,,0.5,5.5,0.5,1.0,0.0,0.0,0.0,0.0,0.0,0.0,0.5,1.0,1.0,1.0
5174857,Alpha Chibambe,2378,UMBC Retrievers,Guard,8.0,0,1,0,1,0,0,1,1,2,0,0,0,0,0,0,1,America East,0.0,0.0,,0.0,8.0,0.0,1.0,0.0,1.0,1.0,1.0,2.0,0.0,0.0,0.0,0.0,0.0
5174858,Franck Emmou,2378,UMBC Retrievers,Guard,23.0,2,9,1,8,0,0,0,1,1,1,0,0,0,2,5,1,America East,0.2222222222222222,0.125,,0.2777777777777778,23.0,2.0,9.0,1.0,8.0,0.0,1.0,1.0,1.0,0.0,0.0,0.0,5.0
5174860,Ace Valentine,2378,UMBC Retrievers,Guard,35.0,6,11,1,3,2,3,0,5,5,4,2,0,1,1,15,1,America East,0.5454545454545454,0.3333333333333333,0.6666666666666666,0.5909090909090909,35.0,6.0,11.0,1.0,3.0,0.0,5.0,5.0,4.0,2.0,0.0,1.0,15.0
5174864,Jarrell Pope,256,James Madison Dukes,Guard,1.0,0,0,0,0,0,1,0,0,0,0,0,0,1,0,0,1,Sun Belt,,,0.0,,1.0,0.0,0.0,0.0,0.0,0.0,0.0,0.0,0.0,0.0,0.0,1.0,0.0
5174865,Aidan Mckeon,256,James Madison Dukes,Guard,1.0,0,0,0,0,0,0,0,0,0,0,0,0,0,0,0,1,Sun Belt,,,,,1.0,0.0,0.0,0.0,0.0,0.0,0.0,0.0,0.0,0.0,0.0,0.0,0.0
5174932,KiJan Robinson,2275,Hofstra Pride,Guard,2.0,0,1,0,1,0,0,0,0,0,0,0,0,0,0,0,1,Coastal,0.0,0.0,,0.0,2.0,0.0,1.0,0.0,1.0,0.0,0.0,0.0,0.0,0.0,0.0,0.0,0.0
5174933,Jayden Henriquez,2275,Hofstra Pride,Guard,1.0,0,0,0,0,0,0,0,0,0,0,0,0,0,0,0,1,Coastal,,,,,1.0,0.0,0.0,0.0,0.0,0.0,0.0,0.0,0.0,0.0,0.0,0.0,0.0
5174935,Nick Dorn,2210,Elon Phoenix,Guard,27.0,2,7,1,4,0,2,1,2,3,0,1,0,2,1,5,1,Coastal,0.2857142857142857,0.25,0.0,0.35714285714285715,27.0,2.0,7.0,1.0,4.0,1.0,2.0,3.0,0.0,1.0,0.0,2.0,5.0
5174937,TK Simpkins,2210,Elon Phoenix,Guard,36.0,4,12,2,4,8,11,1,2,3,4,3,0,3,0,18,1,Coastal,0.3333333333333333,0.5,0.7272727272727273,0.4166666666666667,36.0,4.0,12.0,2.0,4.0,1.0,2.0,3.0,4.0,3.0,0.0,3.0,18.0
5174938,Isaac Harrell,2210,Elon Phoenix,Forward,26.0,1,5,0,4,0,0,5,5,10,0,1,0,0,3,2,1,Coastal,0.2,0.0,,0.2,26.0,1.0,5.0,0.0,4.0,5.0,5.0,10.0,0.0,1.0,0.0,0.0,2.0
5174945,Bryce Butler,232,Charleston Cougars,Guard,96.0,14,31,2,3,4,7,6,11,17,5,0,1,6,8,34,4,Coastal,0.45161290322580644,0.6666666666666666,0.5714285714285714,0.4838709677419355,24.0,3.5,7.75,0.5,0.75,1.5,2.75,4.25,1.25,0.0,0.25,1.5,8.5
5174946,Kobe Rodgers,232,Charleston Cougars,Guard,113.0,18,40,4,9,6,7,6,12,18,12,9,0,4,12,46,4,Coastal,0.45,0.4444444444444444,0.8571428571428571,0.5,28.25,4.5,10.0,1.0,2.25,1.5,3.0,4.5,3.0,2.25,0.0,1.0,11.5
5174947,Colby Duggan,2097,Campbell Fighting Camels,Forward,9.0,1,2,1,1,1,2,2,0,2,0,1,0,1,1,4,1,Coastal,0.5,1.0,0.5,0.75,9.0,1.0,2.0,1.0,1.0,2.0,0.0,2.0,0.0,1.0,0.0,1.0,4.0
5174952,KJ Lewis,12,Arizona Wildcats,Guard,78.0,10,25,2,5,9,10,7,5,12,8,4,3,5,15,31,5,Pac-12,0.4,0.4,0.9,0.44,15.6,2.0,5.0,0.4,1.0,1.4,1.0,2.4,1.6,0.8,0.6,1.0,6.2
5174954,Motiejus Krivas,12,Arizona Wildcats,Center,47.0,5,12,0,0,2,2,5,12,17,0,0,1,1,9,12,5,Pac-12,0.4166666666666667,,1.0,0.4166666666666667,9.4,1.0,2.4,0.0,0.0,1.0,2.4,3.4,0.0,0.0,0.2,0.2,2.4
5174955,Paulius Murauskas,12,Arizona Wildcats,Forward,4.0,2,2,1,1,0,0,0,0,0,0,1,0,0,0,5,2,Pac-12,1.0,1.0,,1.25,2.0,1.0,1.0,0.5,0.5,0.0,0.0,0.0,0.0,0.5,0.0,0.0,2.5
5174957,Conrad Martinez,12,Arizona Wildcats,Guard,2.0,0,1,0,1,0,0,0,1,1,0,0,0,0,0,0,2,Pac-12,0.0,0.0,,0.0,1.0,0.0,0.5,0.0,0.5,0.0,0.5,0.5,0.0,0.0,0.0,0.0,0.0
5174958,Jerry Deng,2261,Hampton Pirates,Forward,63.0,10,22,5,11,4,4,0,8,8,1,2,1,2,1,29,2,Coastal,0.45454545454545453,0.45454545454545453,1.0,0.5681818181818182,31.5,5.0,11.0,2.5,5.5,0.0,4.0,4.0,0.5,1.0,0.5,1.0,14.5
5174959,Abdi Bashir Jr.,2405,Monmouth Hawks,Guard,21.0,4,13,3,10,0,0,0,3,3,1,0,0,0,3,11,2,Coastal,0.3076923076923077,0.3,,0.4230769230769231,10.5,2.0,6.5,1.5,5.0,0.0,1.5,1.5,0.5,0.0,0.0,0.0,5.5
5174960,Corey Miller,2405,Monmouth Hawks,Guard,2.0,0,2,0,1,0,1,1,1,2,0,0,0,0,0,0,2,Coastal,0.0,0.0,0.0,0.0,1.0,0.0,1.0,0.0,0.5,0.5,0.5,1.0,0.0,0.0,0.0,0.0,0.0
5174961,Jack Leahy,2405,Monmouth Hawks,Guard,2.0,0,0,0,0,0,0,0,0,0,0,0,0,0,0,0,2,Coastal,,,,,1.0,0.0,0.0,0.0,0.0,0.0,0.0,0.0,0.0,0.0,0.0,0.0,0.0
5174962,Cornelius Robinson Jr.,2405,Monmouth Hawks,Forward,27.0,2,3,0,0,1,2,3,3,6,2,0,1,1,4,5,2,Coastal,0.6666666666666666,,0.5,0.6666666666666666,13.5,1.0,1.5,0.0,0.0,1.5,1.5,3.0,1.0,0.0,0.5,0.5,2.5
5174963,Quinn Peters,2405,Monmouth Hawks,Forward,2.0,0,0,0,0,0,0,0,0,0,0,1,0,0,0,0,2,Coastal,,,,,1.0,0.0,0.0,0.0,0.0,0.0,0.0,0.0,0.0,0.5,0.0,0.0,0.0
5174964,Braedan Allen,2405,Monmouth Hawks,Forward,2.0,1,2,0,0,0,0,1,0,1,0,0,0,1,0,2,2,Coastal,0.5,,,0.5,1.0,0.5,1.0,0.0,0.0,0.5,0.0,0.5,0.0,0.0,0.0,0.5,1.0
5174970,Isaiah Watts,265,Washington State Cougars,Guard,40.0,3,10,2,8,2,2,0,4,4,1,3,0,4,4,10,3,Pac-12,0.3,0.25,1.0,0.4,13.333333333333334,1.0,3.3333333333333335,0.6666666666666666,2.6666666666666665,0.0,1.3333333333333333,1.3333333333333333,0.3333333333333333,1.0,0.0,1.3333333333333333,3.3333333333333335
5174971,Rueben Chinyelu,265,Washington State Cougars,Center,48.0,7,9,0,0,3,4,9,11,20,1,1,5,8,5,17,4,Pac-12,0.7777777777777778,,0.75,0.7777777777777778,12.0,1.75,2.25,0.0,0.0,2.25,2.75,5.0,0.25,0.25,1.25,2.0,4.25
5174973,Oscar Cluff,265,Washington State Cougars,Forward,52.0,4,10,0,0,1,2,4,2,6,3,0,2,3,9,9,4,Pac-12,0.4,,0.5,0.4,13.0,1.0,2.5,0.0,0.0,1.0,0.5,1.5,0.75,0.0,0.5,0.75,2.25
5174976,Jayden Teat,254,Utah Utes,Guard,8.0,1,3,1,1,4,4,0,1,1,0,0,0,1,1,7,3,Pac-12,0.3333333333333333,1.0,1.0,0.5,2.6666666666666665,0.3333333333333333,1.0,0.3333333333333333,0.3333333333333333,0.0,0.3333333333333333,0.3333333333333333,0.0,0.0,0.0,0.3333333333333333,2.3333333333333335
5174977,Jake Wahlin,254,Utah Utes,Forward,11.0,1,2,1,2,0,0,1,1,2,0,1,0,0,3,3,3,Pac-12,0.5,0.5,,0.75,3.6666666666666665,0.3333333333333333,0.6666666666666666,0.3333333333333333,0.6666666666666666,0.3333333333333333,0.3333333333333333,0.6666666666666666,0.0,0.3333333333333333,0.0,0.0,1.0
5174981,Brandon Williams,26,UCLA Bruins,Guard,53.0,4,11,0,3,0,2,3,2,5,4,0,1,0,2,8,2,Pac-12,0.36363636363636365,0.0,0.0,0.36363636363636365,26.5,2.0,5.5,0.0,1.5,1.5,1.0,2.5,2.0,0.0,0.5,0.0,4.0
5174982,Berke Buyuktuncel,26,UCLA Bruins,Forward,6.0,0,0,0,0,0,0,0,0,0,0,0,0,2,0,0,2,Pac-12,,,,,3.0,0.0,0.0,0.0,0.0,0.0,0.0,0.0,0.0,0.0,0.0,1.0,0.0
5174983,Aday Mara,26,UCLA Bruins,Center,15.0,2,4,0,0,2,2,0,0,0,2,0,3,0,2,6,2,Pac-12,0.5,,1.0,0.5,7.5,1.0,2.0,0.0,0.0,0.0,0.0,0.0,1.0,0.0,1.5,0.0,3.0
5174984,Jan Vide,26,UCLA Bruins,Guard,35.0,2,7,0,1,0,0,0,3,3,0,0,0,1,1,4,2,Pac-12,0.2857142857142857,0.0,,0.2857142857142857,17.5,1.0,3.5,0.0,0.5,0.0,1.5,1.5,0.0,0.0,0.0,0.5,2.0
5174995,Camian Shell,2448,North Carolina A&T Aggies,Guard,33.0,1,6,0,1,0,0,1,2,3,4,0,1,3,4,2,1,Coastal,0.16666666666666666,0.0,,0.16666666666666666,33.0,1.0,6.0,0.0,1.0,1.0,2.0,3.0,4.0,0.0,1.0,3.0,2.0
5174997,Landon Glasper,2448,North Carolina A&T Aggies,Guard,40.0,8,21,2,10,3,6,1,1,2,2,1,0,1,3,21,1,Coastal,0.38095238095238093,0.2,0.5,0.42857142857142855,40.0,8.0,21.0,2.0,10.0,1.0,1.0,2.0,2.0,1.0,0.0,1.0,21.0
5174998,Uchenna Kellman-Nicholes,2448,North Carolina A&T Aggies,Guard,21.0,0,4,0,2,0,0,0,4,4,2,0,0,0,2,0,1,Coastal,0.0,0.0,,0.0,21.0,0.0,4.0,0.0,2.0,0.0,4.0,4.0,2.0,0.0,0.0,0.0,0.0
5175000,Jalal McKie,2448,North Carolina A&T Aggies,Guard,33.0,6,13,1,4,0,0,2,7,9,0,0,2,0,2,13,1,Coastal,0.46153846153846156,0.25,,0.5,33.0,6.0,13.0,1.0,4.0,2.0,7.0,9.0,0.0,0.0,2.0,0.0,13.0
5175001,Nikolaos Chitikoudis,2448,North Carolina A&T Aggies,Forward,38.0,7,14,0,0,2,3,5,5,10,0,1,3,1,4,16,1,Coastal,0.5,,0.6666666666666666,0.5,38.0,7.0,14.0,0.0,0.0,5.0,5.0,10.0,0.0,1.0,3.0,1.0,16.0
5175007,Andrej Stojakovic,24,Stanford Cardinal,Guard,22.0,1,6,1,3,0,0,0,1,1,0,1,0,1,1,3,2,Pac-12,0.16666666666666666,0.3333333333333333,,0.25,11.0,0.5,3.0,0.5,1.5,0.0,0.5,0.5,0.0,0.5,0.0,0.5,1.5
5175011,Josiah Lake II,204,Oregon State Beavers,Guard,10.0,0,1,0,1,0,0,0,1,1,0,1,0,1,0,0,1,Pac-12,0.0,0.0,,0.0,10.0,0.0,1.0,0.0,1.0,0.0,1.0,1.0,0.0,1.0,0.0,1.0,0.0
5175012,Gavin Marrs,204,Oregon State Beavers,Forward,2.0,0,0,0,0,0,0,0,1,1,0,0,0,0,1,0,1,Pac-12,,,,,2.0,0.0,0.0,0.0,0.0,0.0,1.0,1.0,0.0,0.0,0.0,0.0,0.0
5175017,JB Frankel,111,Northeastern Huskies,Guard,9.0,1,3,0,1,0,0,0,1,1,0,0,0,0,0,2,1,Coastal,0.3333333333333333,0.0,,0.3333333333333333,9.0,1.0,3.0,0.0,1.0,0.0,1.0,1.0,0.0,0.0,0.0,0.0,2.0
5175021,Bangot Dak,38,Colorado Buffaloes,Forward,30.0,5,8,0,2,0,0,1,4,5,2,1,0,1,5,10,6,Pac-12,0.625,0.0,,0.625,5.0,0.8333333333333334,1.3333333333333333,0.0,0.3333333333333333,0.16666666666666666,0.6666666666666666,0.8333333333333334,0.3333333333333333,0.16666666666666666,0.0,0.16666666666666666,1.6666666666666667
5175028,Braelon Green,9,Arizona State Sun Devils,Guard,6.0,0,1,0,0,0,0,0,1,1,0,0,0,0,0,0,1,Pac-12,0.0,,,0.0,6.0,0.0,1.0,0.0,0.0,0.0,1.0,1.0,0.0,0.0,0.0,0.0,0.0
5175030,Andrew Mayock,9,Arizona State Sun Devils,Guard,1.0,0,0,0,0,0,0,0,0,0,0,0,0,0,0,0,1,Pac-12,,,,,1.0,0.0,0.0,0.0,0.0,0.0,0.0,0.0,0.0,0.0,0.0,0.0,0.0
5175032,Day Day Thomas,2132,Cincinnati Bearcats,Guard,127.0,16,42,11,24,4,4,0,12,12,14,5,0,15,5,47,4,Big 12,0.38095238095238093,0.4583333333333333,1.0,0.5119047619047619,31.75,4.0,10.5,2.75,6.0,0.0,3.0,3.0,3.5,1.25,0.0,3.75,11.75
5175033,Jizzle James,2132,Cincinnati Bearcats,Guard,164.0,37,80,4,23,6,6,2,15,17,10,4,1,5,7,84,6,Big 12,0.4625,0.17391304347826086,1.0,0.4875,27.333333333333332,6.166666666666667,13.333333333333334,0.6666666666666666,3.8333333333333335,0.3333333333333333,2.5,2.8333333333333335,1.6666666666666667,0.6666666666666666,0.16666666666666666,0.8333333333333334,14.0
5175036,Cade Kelderman,66,Iowa State Cyclones,Guard,6.0,1,1,1,1,0,0,0,0,0,0,0,0,0,0,3,3,Big 12,1.0,1.0,,1.5,2.0,0.3333333333333333,0.3333333333333333,0.3333333333333333,0.3333333333333333,0.0,0.0,0.0,0.0,0.0,0.0,0.0,1.0
5175037,Omaha Biliew,66,Iowa State Cyclones,Forward,21.0,1,5,0,1,0,1,1,1,2,1,0,0,0,3,2,4,Big 12,0.2,0.0,0.0,0.2,5.25,0.25,1.25,0.0,0.25,0.25,0.25,0.5,0.25,0.0,0.0,0.0,0.5
5175042,R.J. Jones,2306,Kansas State Wildcats,Guard,30.0,1,6,1,6,0,0,0,1,1,3,2,0,2,4,3,3,Big 12,0.16666666666666666,0.16666666666666666,,0.25,10.0,0.3333333333333333,2.0,0.3333333333333333,2.0,0.0,0.3333333333333333,0.3333333333333333,1.0,0.6666666666666666,0.0,0.6666666666666666,1.0
5175043,Taymont Lindsey,2306,Kansas State Wildcats,Guard,1.0,0,0,0,0,0,0,0,0,0,0,0,0,0,0,0,1,Big 12,,,,,1.0,0.0,0.0,0.0,0.0,0.0,0.0,0.0,0.0,0.0,0.0,0.0,0.0
5175054,Cyr Malonga,151,East Carolina Pirates,Center,22.0,2,5,0,0,0,0,1,1,2,0,0,0,0,5,4,2,American,0.4,,,0.4,11.0,1.0,2.5,0.0,0.0,0.5,0.5,1.0,0.0,0.0,0.0,0.0,2.0
5175056,Callum Richard,151,East Carolina Pirates,Center,28.0,2,2,0,0,0,0,3,0,3,1,2,0,0,1,4,2,American,1.0,,,1.0,14.0,1.0,1.0,0.0,0.0,1.5,0.0,1.5,0.5,1.0,0.0,0.0,2.0
5175064,Jason Edwards,249,North Texas Mean Green,Guard,142.0,26,69,7,28,18,26,2,9,11,6,5,0,6,8,77,4,American,0.37681159420289856,0.25,0.6923076923076923,0.427536231884058,35.5,6.5,17.25,1.75,7.0,0.5,2.25,2.75,1.5,1.25,0.0,1.5,19.25
5175067,Zion Stanford,218,Temple Owls,Guard,77.0,13,29,1,5,9,11,1,11,12,3,0,2,4,6,36,5,American,0.4482758620689655,0.2,0.8181818181818182,0.46551724137931033,15.4,2.6,5.8,0.2,1.0,0.2,2.2,2.4,0.6,0.0,0.4,0.8,7.2
5175068,Matteo Picarelli,218,Temple Owls,Guard,66.0,4,11,4,8,2,2,0,6,6,1,0,0,2,4,14,5,American,0.36363636363636365,0.5,1.0,0.5454545454545454,13.2,0.8,2.2,0.8,1.6,0.0,1.2,1.2,0.2,0.0,0.0,0.4,2.8
5175078,Eemeli Yalaho,2641,Texas Tech Red Raiders,Forward,38.0,3,9,1,3,4,6,2,6,8,0,0,0,5,1,11,2,Big 12,0.3333333333333333,0.3333333333333333,0.6666666666666666,0.3888888888888889,19.0,1.5,4.5,0.5,1.5,1.0,3.0,4.0,0.0,0.0,0.0,2.5,5.5
5175080,Nils Machowski,2116,UCF Knights,Guard,4.0,0,0,0,0,0,0,0,0,0,0,0,0,0,1,0,2,Big 12,,,,,2.0,0.0,0.0,0.0,0.0,0.0,0.0,0.0,0.0,0.0,0.0,0.0,0.0
5175146,Mekhi Lowery,119,Towson Tigers,Forward,54.0,5,7,0,0,0,3,1,12,13,2,2,4,1,3,10,3,Coastal,0.7142857142857143,,0.0,0.7142857142857143,18.0,1.6666666666666667,2.3333333333333335,0.0,0.0,0.3333333333333333,4.0,4.333333333333333,0.6666666666666666,0.6666666666666666,1.3333333333333333,0.3333333333333333,3.3333333333333335
5175147,Tomiwa Sulaiman,119,Towson Tigers,Forward,55.0,6,9,3,3,0,0,5,2,7,1,3,0,4,5,15,3,Coastal,0.6666666666666666,1.0,,0.8333333333333334,18.333333333333332,2.0,3.0,1.0,1.0,1.6666666666666667,0.6666666666666666,2.3333333333333335,0.3333333333333333,1.0,0.0,1.3333333333333333,5.0
5175148,Tyler Tejada,119,Towson Tigers,Forward,73.0,11,27,5,14,4,4,0,10,10,1,2,2,5,3,31,3,Coastal,0.4074074074074074,0.35714285714285715,1.0,0.5,24.333333333333332,3.6666666666666665,9.0,1.6666666666666667,4.666666666666667,0.0,3.3333333333333335,3.3333333333333335,0.3333333333333333,0.6666666666666666,0.6666666666666666,1.6666666666666667,10.333333333333334
5175354,Augusto Cassia,2086,Butler Bulldogs,Forward,2.0,0,0,0,0,0,0,0,0,0,0,0,0,0,0,0,1,Big East,,,,,2.0,0.0,0.0,0.0,0.0,0.0,0.0,0.0,0.0,0.0,0.0,0.0,0.0
5175360,Churchill Abass,305,DePaul Blue Demons,Center,22.0,2,6,0,0,0,0,3,5,8,0,3,1,0,2,4,1,Big East,0.3333333333333333,,,0.3333333333333333,22.0,2.0,6.0,0.0,0.0,3.0,5.0,8.0,0.0,3.0,1.0,0.0,4.0
5175366,Jack Riley,269,Marquette Golden Eagles,Forward,1.0,0,0,0,0,0,0,0,1,1,0,0,0,0,0,0,1,Big East,,,,,1.0,0.0,0.0,0.0,0.0,0.0,1.0,1.0,0.0,0.0,0.0,0.0,0.0
5175367,Arda Ozdogan,2550,Seton Hall Pirates,Center,6.0,1,2,0,0,0,0,1,1,2,0,0,0,2,2,2,3,Big East,0.5,,,0.5,2.0,0.3333333333333333,0.6666666666666666,0.0,0.0,0.3333333333333333,0.3333333333333333,0.6666666666666666,0.0,0.0,0.0,0.6666666666666666,0.6666666666666666
5175368,Lazar Djokovic,2752,Xavier Musketeers,Forward,96.0,4,18,1,3,7,8,5,14,19,6,1,0,4,3,16,3,Big East,0.2222222222222222,0.3333333333333333,0.875,0.25,32.0,1.3333333333333333,6.0,0.3333333333333333,1.0,1.6666666666666667,4.666666666666667,6.333333333333333,2.0,0.3333333333333333,0.0,1.3333333333333333,5.333333333333333
5175369,Gytis Nemeiksa,2752,Xavier Musketeers,Forward,20.0,1,2,0,1,1,2,1,3,4,0,1,0,1,3,3,3,Big East,0.5,0.0,0.5,0.5,6.666666666666667,0.3333333333333333,0.6666666666666666,0.0,0.3333333333333333,0.3333333333333333,1.0,1.3333333333333333,0.0,0.3333333333333333,0.0,0.3333333333333333,1.0
5175370,Mason Williams,331,Eastern Washington Eagles,Guard,4.0,0,0,0,0,2,2,0,0,0,1,1,0,0,2,2,1,Big Sky,,,1.0,,4.0,0.0,0.0,0.0,0.0,0.0,0.0,0.0,1.0,1.0,0.0,0.0,2.0
5175372,Sebastian Hartmann,331,Eastern Washington Eagles,Guard,11.0,0,1,0,1,0,0,1,0,1,1,1,0,0,2,0,1,Big Sky,0.0,0.0,,0.0,11.0,0.0,1.0,0.0,1.0,1.0,0.0,1.0,1.0,1.0,0.0,0.0,0.0
5175378,Brian Goracke,147,Montana State Bobcats,Forward,111.0,18,37,11,24,5,7,2,9,11,0,1,4,4,11,52,4,Big Sky,0.4864864864864865,0.4583333333333333,0.7142857142857143,0.6351351351351351,27.75,4.5,9.25,2.75,6.0,0.5,2.25,2.75,0.0,0.25,1.0,1.0,13.0
5175391,Arman Madi,2464,Northern Arizona Lumberjacks,Guard,3.0,0,0,0,0,0,0,0,1,1,0,0,0,0,0,0,1,Big Sky,,,,,3.0,0.0,0.0,0.0,0.0,0.0,1.0,1.0,0.0,0.0,0.0,0.0,0.0
5175393,Rockwell Reynolds,2464,Northern Arizona Lumberjacks,Forward,2.0,0,0,0,0,0,0,0,0,0,0,0,0,1,0,0,1,Big Sky,,,,,2.0,0.0,0.0,0.0,0.0,0.0,0.0,0.0,0.0,0.0,0.0,1.0,0.0
5175396,Blaise Threatt,2692,Weber State Wildcats,Guard,33.0,8,9,1,1,3,4,5,6,11,4,2,0,4,4,20,1,Big Sky,0.8888888888888888,1.0,0.75,0.9444444444444444,33.0,8.0,9.0,1.0,1.0,5.0,6.0,11.0,4.0,2.0,0.0,4.0,20.0
5175397,Viljami Vartiainen,2692,Weber State Wildcats,Guard,14.0,1,1,1,1,0,0,0,0,0,0,0,0,1,0,3,1,Big Sky,1.0,1.0,,1.5,14.0,1.0,1.0,1.0,1.0,0.0,0.0,0.0,0.0,0.0,0.0,1.0,3.0
5175398,Marko Sarenac,2692,Weber State Wildcats,Forward,1.0,1,1,1,1,0,0,0,0,0,0,0,0,0,0,3,1,Big Sky,1.0,1.0,,1.5,1.0,1.0,1.0,1.0,1.0,0.0,0.0,0.0,0.0,0.0,0.0,0.0,3.0
5175404,Bailey Nunn,16,Sacramento State Hornets,Guard,63.0,10,20,4,11,7,10,0,2,2,6,2,0,5,7,31,3,Big Sky,0.5,0.36363636363636365,0.7,0.6,21.0,3.3333333333333335,6.666666666666667,1.3333333333333333,3.6666666666666665,0.0,0.6666666666666666,0.6666666666666666,2.0,0.6666666666666666,0.0,1.6666666666666667,10.333333333333334
5175405,Alex Kovatchev,16,Sacramento State Hornets,Guard,48.0,4,11,1,7,2,2,3,8,11,1,1,0,1,3,11,3,Big Sky,0.36363636363636365,0.14285714285714285,1.0,0.4090909090909091,16.0,1.3333333333333333,3.6666666666666665,0.3333333333333333,2.3333333333333335,1.0,2.6666666666666665,3.6666666666666665,0.3333333333333333,0.3333333333333333,0.0,0.3333333333333333,3.6666666666666665
5175408,Bowyn Beatty,16,Sacramento State Hornets,Center,82.0,7,18,2,6,7,9,9,14,23,0,0,1,4,7,23,3,Big Sky,0.3888888888888889,0.3333333333333333,0.7777777777777778,0.4444444444444444,27.333333333333332,2.3333333333333335,6.0,0.6666666666666666,2.0,3.0,4.666666666666667,7.666666666666667,0.0,0.0,0.3333333333333333,1.3333333333333333,7.666666666666667
5175414,Mekhi Cameron,2458,Northern Colorado Bears,Guard,19.0,0,6,0,4,0,0,1,0,1,2,0,0,1,0,0,1,Big Sky,0.0,0.0,,0.0,19.0,0.0,6.0,0.0,4.0,1.0,0.0,1.0,2.0,0.0,0.0,1.0,0.0
5175415,Dejour Reaves,2458,Northern Colorado Bears,Guard,29.0,7,15,2,4,3,4,2,3,5,1,1,0,1,3,19,1,Big Sky,0.4666666666666667,0.5,0.75,0.5333333333333333,29.0,7.0,15.0,2.0,4.0,2.0,3.0,5.0,1.0,1.0,0.0,1.0,19.0
5175651,Jaiden Thompson,2127,Charleston Southern Buccaneers,Guard,5.0,0,0,0,0,1,2,0,1,1,1,0,0,2,2,1,1,Big South,,,0.5,,5.0,0.0,0.0,0.0,0.0,0.0,1.0,1.0,1.0,0.0,0.0,2.0,1.0
5175657,Darryl Simmons II,2241,Gardner-Webb Runnin' Bulldogs,Guard,16.0,3,4,2,3,0,0,0,2,2,3,0,0,0,0,8,2,Big South,0.75,0.6666666666666666,,1.0,8.0,1.5,2.0,1.0,1.5,0.0,1.0,1.0,1.5,0.0,0.0,0.0,4.0
5175660,Titas Sargiunas,2272,High Point Panthers,Guard,49.0,3,14,3,12,0,0,0,1,1,3,0,0,5,9,9,5,Big South,0.21428571428571427,0.25,,0.32142857142857145,9.8,0.6,2.8,0.6,2.4,0.0,0.2,0.2,0.6,0.0,0.0,1.0,1.8
5175662,Juslin Bodo Bodo,2272,High Point Panthers,Forward,147.0,30,37,0,0,5,15,36,30,66,0,2,11,5,14,65,5,Big South,0.8108108108108109,,0.3333333333333333,0.8108108108108109,29.4,6.0,7.4,0.0,0.0,7.2,6.0,13.2,0.0,0.4,2.2,1.0,13.0
5175663,Denzel Hines,2272,High Point Panthers,Forward,20.0,1,5,1,3,1,3,1,0,1,1,0,1,0,2,4,3,Big South,0.2,0.3333333333333333,0.3333333333333333,0.3,6.666666666666667,0.3333333333333333,1.6666666666666667,0.3333333333333333,1.0,0.3333333333333333,0.0,0.3333333333333333,0.3333333333333333,0.0,0.3333333333333333,0.0,1.3333333333333333
5175665,Emanuel Richards,2344,Longwood Lancers,Guard,94.0,10,22,3,9,4,5,3,8,11,3,3,0,4,13,27,4,Big South,0.45454545454545453,0.3333333333333333,0.8,0.5227272727272727,23.5,2.5,5.5,0.75,2.25,0.75,2.0,2.75,0.75,0.75,0.0,1.0,6.75
5175666,Johan Nziemi,2344,Longwood Lancers,Forward,23.0,6,9,0,0,2,2,4,5,9,0,0,0,1,1,14,4,Big South,0.6666666666666666,,1.0,0.6666666666666666,5.75,1.5,2.25,0.0,0.0,1.0,1.25,2.25,0.0,0.0,0.0,0.25,3.5
5175669,Jaylen Benard,2344,Longwood Lancers,Guard,3.0,0,0,0,0,0,0,0,0,0,0,0,0,0,0,0,1,Big South,,,,,3.0,0.0,0.0,0.0,0.0,0.0,0.0,0.0,0.0,0.0,0.0,0.0,0.0
5175670,Samage Teel,2506,Presbyterian Blue Hose,Guard,76.0,15,30,5,10,5,6,1,10,11,9,5,0,6,7,40,2,Big South,0.5,0.5,0.8333333333333334,0.5833333333333334,38.0,7.5,15.0,2.5,5.0,0.5,5.0,5.5,4.5,2.5,0.0,3.0,20.0
5175671,Kory Mincy,2506,Presbyterian Blue Hose,Guard,37.0,4,10,1,4,1,2,1,3,4,2,2,0,0,2,10,2,Big South,0.4,0.25,0.5,0.45,18.5,2.0,5.0,0.5,2.0,0.5,1.5,2.0,1.0,1.0,0.0,0.0,5.0
5175672,Carl Parrish,2506,Presbyterian Blue Hose,Guard,2.0,0,0,0,0,0,0,0,0,0,0,0,0,0,0,0,1,Big South,,,,,2.0,0.0,0.0,0.0,0.0,0.0,0.0,0.0,0.0,0.0,0.0,0.0,0.0
5175673,Jonah Pierce,2506,Presbyterian Blue Hose,Forward,33.0,3,6,0,0,5,6,2,7,9,1,1,1,2,0,11,2,Big South,0.5,,0.8333333333333334,0.5,16.5,1.5,3.0,0.0,0.0,1.0,3.5,4.5,0.5,0.5,0.5,1.0,5.5
5175675,Trenton Walters,2515,Radford Highlanders,Guard,19.0,1,2,0,1,0,2,0,2,2,3,0,0,1,1,2,2,Big South,0.5,0.0,0.0,0.5,9.5,0.5,1.0,0.0,0.5,0.0,1.0,1.0,1.5,0.0,0.0,0.5,1.0
5175690,Logan Carey,311,Maine Black Bears,Guard,2.0,0,0,0,0,0,0,0,0,0,0,0,0,0,0,0,1,America East,,,,,2.0,0.0,0.0,0.0,0.0,0.0,0.0,0.0,0.0,0.0,0.0,0.0,0.0
5175704,Ahmad Robinson,160,New Hampshire Wildcats,Guard,67.0,7,22,2,9,12,12,2,4,6,14,4,0,5,8,28,2,America East,0.3181818181818182,0.2222222222222222,1.0,0.36363636363636365,33.5,3.5,11.0,1.0,4.5,1.0,2.0,3.0,7.0,2.0,0.0,2.5,14.0
5175706,Paul Gakmar,160,New Hampshire Wildcats,Forward,9.0,1,1,0,0,0,0,1,0,1,0,1,0,0,2,2,2,America East,1.0,,,1.0,4.5,0.5,0.5,0.0,0.0,0.5,0.0,0.5,0.0,0.5,0.0,0.0,1.0
5175726,Tyshawn Archie,202,Tulsa Golden Hurricane,Guard,11.0,0,2,0,2,0,0,0,0,0,4,1,0,1,1,0,1,American,0.0,0.0,,0.0,11.0,0.0,2.0,0.0,2.0,0.0,0.0,0.0,4.0,1.0,0.0,1.0,0.0
5175727,Carlous Williams,202,Tulsa Golden Hurricane,Forward,26.0,4,7,2,5,1,2,0,2,2,0,1,0,0,4,11,1,American,0.5714285714285714,0.4,0.5,0.7142857142857143,26.0,4.0,7.0,2.0,5.0,0.0,2.0,2.0,0.0,1.0,0.0,0.0,11.0
5175737,Yaxel Lendeborg,5,UAB Blazers,Forward,123.0,18,36,1,4,19,22,15,33,48,9,4,7,7,12,56,4,American,0.5,0.25,0.8636363636363636,0.5138888888888888,30.75,4.5,9.0,0.25,1.0,3.75,8.25,12.0,2.25,1.0,1.75,1.75,14.0
5175741,Chandler Cuthrell,2636,UTSA Roadrunners,Forward,24.0,2,4,0,2,4,4,1,5,6,0,1,0,0,1,8,1,American,0.5,0.0,1.0,0.5,24.0,2.0,4.0,0.0,2.0,1.0,5.0,6.0,0.0,1.0,0.0,0.0,8.0
5175742,Nazar Mahmoud,2636,UTSA Roadrunners,Guard,3.0,0,1,0,1,0,0,0,1,1,0,0,0,0,1,0,1,American,0.0,0.0,,0.0,3.0,0.0,1.0,0.0,1.0,0.0,1.0,1.0,0.0,0.0,0.0,0.0,0.0
5175744,Isaiah Wyatt,2636,UTSA Roadrunners,Guard,28.0,3,9,2,7,3,4,0,4,4,3,3,0,1,2,11,1,American,0.3333333333333333,0.2857142857142857,0.75,0.4444444444444444,28.0,3.0,9.0,2.0,7.0,0.0,4.0,4.0,3.0,3.0,0.0,1.0,11.0
5175758,Tom Mark,2934,Cal State Bakersfield Roadrunners,Forward,28.0,4,7,0,0,3,4,3,3,6,1,0,0,2,1,11,1,Big West,0.5714285714285714,,0.75,0.5714285714285714,28.0,4.0,7.0,0.0,0.0,3.0,3.0,6.0,1.0,0.0,0.0,2.0,11.0
5175759,Corey Stephenson,2934,Cal State Bakersfield Roadrunners,Guard,16.0,0,2,0,0,2,2,1,4,5,1,1,1,0,5,2,1,Big West,0.0,,1.0,0.0,16.0,0.0,2.0,0.0,0.0,1.0,4.0,5.0,1.0,1.0,1.0,0.0,2.0
5175784,Kyle Frelow,2463,Cal State Northridge Matadors,Forward,7.0,0,1,0,0,1,2,2,2,4,1,1,1,1,2,1,2,Big West,0.0,,0.5,0.0,3.5,0.0,0.5,0.0,0.0,1.0,1.0,2.0,0.5,0.5,0.5,0.5,0.5
5175785,Keonte Jones,2463,Cal State Northridge Matadors,Forward,76.0,14,19,1,3,10,15,5,14,19,3,2,2,4,6,39,2,Big West,0.7368421052631579,0.3333333333333333,0.6666666666666666,0.7631578947368421,38.0,7.0,9.5,0.5,1.5,2.5,7.0,9.5,1.5,1.0,1.0,2.0,19.5
5175788,Bryan Ndjonga,2463,Cal State Northridge Matadors,Forward,14.0,0,0,0,0,0,2,0,3,3,0,0,0,0,3,0,2,Big West,,,0.0,,7.0,0.0,0.0,0.0,0.0,0.0,1.5,1.5,0.0,0.0,0.0,0.0,0.0
5175794,Jack Margoupis,399,UAlbany Great Danes,Forward,4.0,0,0,0,0,0,0,1,1,2,0,0,1,0,1,0,1,America East,,,,,4.0,0.0,0.0,0.0,0.0,1.0,1.0,2.0,0.0,0.0,1.0,0.0,0.0
5175796,Muneer Newton,399,UAlbany Great Danes,Forward,24.0,4,7,0,0,2,2,6,3,9,0,1,0,2,4,10,1,America East,0.5714285714285714,,1.0,0.5714285714285714,24.0,4.0,7.0,0.0,0.0,6.0,3.0,9.0,0.0,1.0,0.0,2.0,10.0
5175818,Xzavier Lino,2349,UMass Lowell River Hawks,Forward,3.0,0,2,0,1,0,0,0,0,0,0,0,0,0,1,0,2,America East,0.0,0.0,,0.0,1.5,0.0,1.0,0.0,0.5,0.0,0.0,0.0,0.0,0.0,0.0,0.0,0.0
5175821,Camp Wagner,242,Rice Owls,Guard,2.0,0,0,0,0,0,0,0,0,0,0,0,0,0,0,0,1,American,,,,,2.0,0.0,0.0,0.0,0.0,0.0,0.0,0.0,0.0,0.0,0.0,0.0,0.0
5175831,David Ogunleye,58,South Florida Bulls,Forward,2.0,0,0,0,0,0,0,0,0,0,0,0,0,0,0,0,1,American,,,,,2.0,0.0,0.0,0.0,0.0,0.0,0.0,0.0,0.0,0.0,0.0,0.0,0.0
5175832,Nic Smith,58,South Florida Bulls,Guard,2.0,0,0,0,0,0,1,0,0,0,0,0,0,1,0,0,1,American,,,0.0,,2.0,0.0,0.0,0.0,0.0,0.0,0.0,0.0,0.0,0.0,0.0,1.0,0.0
5175833,Daniel Tobiloba,58,South Florida Bulls,Center,5.0,1,1,0,0,1,2,2,0,2,0,0,1,0,1,3,1,American,1.0,,0.5,1.0,5.0,1.0,1.0,0.0,0.0,2.0,0.0,2.0,0.0,0.0,1.0,0.0,3.0
5175842,Dez White,2046,Austin Peay Governors,Guard,124.0,6,24,2,16,5,7,1,13,14,1,4,0,1,8,19,4,ASUN,0.25,0.125,0.7142857142857143,0.2916666666666667,31.0,1.5,6.0,0.5,4.0,0.25,3.25,3.5,0.25,1.0,0.0,0.25,4.75
5175843,Daniel Loos,2046,Austin Peay Governors,Forward,8.0,0,0,0,0,0,0,1,0,1,0,0,0,1,1,0,1,ASUN,,,,,8.0,0.0,0.0,0.0,0.0,1.0,0.0,1.0,0.0,0.0,0.0,1.0,0.0
5175890,Patrick Cassidy,2305,Kansas Jayhawks,Guard,1.0,1,1,1,1,0,0,1,0,1,0,0,0,0,0,3,1,Big 12,1.0,1.0,,1.5,1.0,1.0,1.0,1.0,1.0,1.0,0.0,1.0,0.0,0.0,0.0,0.0,3.0
5175898,Jacob Beccles,172,Cornell Big Red,Guard,22.0,2,7,1,3,1,2,0,1,1,5,0,0,0,3,6,2,Ivy,0.2857142857142857,0.3333333333333333,0.5,0.35714285714285715,11.0,1.0,3.5,0.5,1.5,0.0,0.5,0.5,2.5,0.0,0.0,0.0,3.0
5175900,Jake Fiegen,172,Cornell Big Red,Guard,50.0,7,12,5,9,0,0,1,6,7,1,1,0,0,4,19,2,Ivy,0.5833333333333334,0.5555555555555556,,0.7916666666666666,25.0,3.5,6.0,2.5,4.5,0.5,3.0,3.5,0.5,0.5,0.0,0.0,9.5
5175943,Andres Burney,55,Jacksonville State Gamecocks,Forward,13.0,2,3,0,0,1,2,2,0,2,1,0,0,0,1,5,1,Conference USA,0.6666666666666666,,0.5,0.6666666666666666,13.0,2.0,3.0,0.0,0.0,2.0,0.0,2.0,1.0,0.0,0.0,0.0,5.0
5175973,Sean Newman Jr.,2348,Louisiana Tech Bulldogs,Guard,35.0,2,7,1,2,1,2,1,3,4,5,2,0,3,1,6,1,Conference USA,0.2857142857142857,0.5,0.5,0.35714285714285715,35.0,2.0,7.0,1.0,2.0,1.0,3.0,4.0,5.0,2.0,0.0,3.0,6.0
5176027,Noah Jones,44,American University Eagles,Forward,1.0,0,0,0,0,0,0,0,0,0,0,0,0,0,0,0,1,Patriot League,,,,,1.0,0.0,0.0,0.0,0.0,0.0,0.0,0.0,0.0,0.0,0.0,0.0,0.0
5176028,Greg Jones,44,American University Eagles,Forward,22.0,0,3,0,3,0,0,1,0,1,0,0,0,0,3,0,1,Patriot League,0.0,0.0,,0.0,22.0,0.0,3.0,0.0,3.0,1.0,0.0,1.0,0.0,0.0,0.0,0.0,0.0
5176030,Ryan Curry,349,Army Black Knights,Guard,31.0,6,12,2,8,0,0,0,3,3,4,3,1,0,3,14,1,Patriot League,0.5,0.25,,0.5833333333333334,31.0,6.0,12.0,2.0,8.0,0.0,3.0,3.0,4.0,3.0,1.0,0.0,14.0
5176031,Josh Scovens,349,Army Black Knights,Forward,37.0,5,13,1,7,3,4,3,7,10,4,0,0,0,4,14,1,Patriot League,0.38461538461538464,0.14285714285714285,0.75,0.4230769230769231,37.0,5.0,13.0,1.0,7.0,3.0,7.0,10.0,4.0,0.0,0.0,0.0,14.0
5176035,Matai Baptiste,104,Boston University Terriers,Forward,33.0,5,7,2,4,0,1,0,6,6,2,0,2,1,2,12,2,Patriot League,0.7142857142857143,0.5,0.0,0.8571428571428571,16.5,2.5,3.5,1.0,2.0,0.0,3.0,3.0,1.0,0.0,1.0,0.5,6.0
5176036,Ethan Okwuosa,104,Boston University Terriers,Guard,56.0,4,15,1,3,2,4,1,4,5,3,0,1,2,4,11,2,Patriot League,0.26666666666666666,0.3333333333333333,0.5,0.3,28.0,2.0,7.5,0.5,1.5,0.5,2.0,2.5,1.5,0.0,0.5,1.0,5.5
5176037,Kyrone Alexander,104,Boston University Terriers,Guard,63.0,7,15,5,10,8,8,2,10,12,5,1,2,2,8,27,2,Patriot League,0.4666666666666667,0.5,1.0,0.6333333333333333,31.5,3.5,7.5,2.5,5.0,1.0,5.0,6.0,2.5,0.5,1.0,1.0,13.5
5176039,Michael McNair,104,Boston University Terriers,Guard,22.0,2,6,2,3,1,2,2,1,3,1,1,0,1,0,7,2,Patriot League,0.3333333333333333,0.6666666666666666,0.5,0.5,11.0,1.0,3.0,1.0,1.5,1.0,0.5,1.5,0.5,0.5,0.0,0.5,3.5
5176042,Patrick O'Brien,2083,Bucknell Bison,Forward,1.0,0,0,0,0,0,0,0,0,0,0,0,0,0,0,0,1,Patriot League,,,,,1.0,0.0,0.0,0.0,0.0,0.0,0.0,0.0,0.0,0.0,0.0,0.0,0.0
5176043,Brandon McCreesh,2083,Bucknell Bison,Guard,1.0,0,0,0,0,0,0,0,0,0,0,0,0,0,0,0,1,Patriot League,,,,,1.0,0.0,0.0,0.0,0.0,0.0,0.0,0.0,0.0,0.0,0.0,0.0,0.0
5176044,Pip Ajayi,2083,Bucknell Bison,Forward,14.0,1,1,0,0,2,2,2,4,6,1,1,0,0,5,4,2,Patriot League,1.0,,1.0,1.0,7.0,0.5,0.5,0.0,0.0,1.0,2.0,3.0,0.5,0.5,0.0,0.0,2.0
5176045,Julian Scott,2142,Colgate Raiders,Guard,2.0,0,0,0,0,0,0,0,0,0,0,0,0,0,0,0,2,Patriot League,,,,,1.0,0.0,0.0,0.0,0.0,0.0,0.0,0.0,0.0,0.0,0.0,0.0,0.0
5176046,Jalen Cox,2142,Colgate Raiders,Guard,101.0,12,24,3,7,3,5,2,13,15,10,5,1,4,8,30,4,Patriot League,0.5,0.42857142857142855,0.6,0.5625,25.25,3.0,6.0,0.75,1.75,0.5,3.25,3.75,2.5,1.25,0.25,1.0,7.5
5176047,Cooper Wright,2142,Colgate Raiders,Forward,2.0,0,1,0,0,0,0,0,0,0,0,0,0,0,0,0,2,Patriot League,0.0,,,0.0,1.0,0.0,0.5,0.0,0.0,0.0,0.0,0.0,0.0,0.0,0.0,0.0,0.0
5176048,Parker Jones,2142,Colgate Raiders,Guard,49.0,5,10,2,6,4,4,1,7,8,3,3,2,1,5,16,4,Patriot League,0.5,0.3333333333333333,1.0,0.6,12.25,1.25,2.5,0.5,1.5,0.25,1.75,2.0,0.75,0.75,0.5,0.25,4.0
5176049,Sam Wright,2142,Colgate Raiders,Forward,4.0,0,2,0,2,0,0,0,0,0,0,0,0,0,0,0,2,Patriot League,0.0,0.0,,0.0,2.0,0.0,1.0,0.0,1.0,0.0,0.0,0.0,0.0,0.0,0.0,0.0,0.0
5176058,DeAndre Williams,107,Holy Cross Crusaders,Guard,53.0,3,12,1,4,0,1,0,4,4,4,1,0,3,2,7,2,Patriot League,0.25,0.25,0.0,0.2916666666666667,26.5,1.5,6.0,0.5,2.0,0.0,2.0,2.0,2.0,0.5,0.0,1.5,3.5
5176059,Kahlil Singleton,107,Holy Cross Crusaders,Guard,35.0,5,10,3,7,1,1,0,3,3,1,0,0,1,0,14,2,Patriot League,0.5,0.42857142857142855,1.0,0.65,17.5,2.5,5.0,1.5,3.5,0.0,1.5,1.5,0.5,0.0,0.0,0.5,7.0
5176062,Joe Nugent,107,Holy Cross Crusaders,Forward,37.0,2,5,2,3,0,0,1,4,5,2,0,0,0,4,6,2,Patriot League,0.4,0.6666666666666666,,0.6,18.5,1.0,2.5,1.0,1.5,0.5,2.0,2.5,1.0,0.0,0.0,0.0,3.0
5176064,Luke Rasmussen,322,Lafayette Leopards,Guard,3.0,1,1,0,0,0,1,0,0,0,1,2,0,1,0,2,1,Patriot League,1.0,,0.0,1.0,3.0,1.0,1.0,0.0,0.0,0.0,0.0,0.0,1.0,2.0,0.0,1.0,2.0
5176065,Mark Butler,322,Lafayette Leopards,Guard,31.0,5,9,0,0,1,3,1,3,4,6,5,1,1,1,11,1,Patriot League,0.5555555555555556,,0.3333333333333333,0.5555555555555556,31.0,5.0,9.0,0.0,0.0,1.0,3.0,4.0,6.0,5.0,1.0,1.0,11.0
5176066,Mike Bednostin,322,Lafayette Leopards,Center,2.0,0,0,0,0,2,2,0,0,0,0,0,0,0,0,2,1,Patriot League,,,1.0,,2.0,0.0,0.0,0.0,0.0,0.0,0.0,0.0,0.0,0.0,0.0,0.0,2.0
5176067,Andrew Phillips,322,Lafayette Leopards,Guard,3.0,2,3,0,0,0,0,0,0,0,0,0,0,0,0,4,1,Patriot League,0.6666666666666666,,,0.6666666666666666,3.0,2.0,3.0,0.0,0.0,0.0,0.0,0.0,0.0,0.0,0.0,0.0,4.0
5176068,Joshua Wyche,322,Lafayette Leopards,Guard,11.0,0,2,0,1,0,0,0,0,0,1,1,1,1,4,0,1,Patriot League,0.0,0.0,,0.0,11.0,0.0,2.0,0.0,1.0,0.0,0.0,0.0,1.0,1.0,1.0,1.0,0.0
5176075,Cam Gillus,2329,Lehigh Mountain Hawks,Guard,101.0,14,26,7,13,8,10,1,6,7,9,7,0,4,4,43,3,Patriot League,0.5384615384615384,0.5384615384615384,0.8,0.6730769230769231,33.666666666666664,4.666666666666667,8.666666666666666,2.3333333333333335,4.333333333333333,0.3333333333333333,2.0,2.3333333333333335,3.0,2.3333333333333335,0.0,1.3333333333333333,14.333333333333334
5176076,Nasir Whitlock,2329,Lehigh Mountain Hawks,Guard,40.0,10,18,6,11,0,0,1,6,7,1,1,0,4,7,26,3,Patriot League,0.5555555555555556,0.5454545454545454,,0.7222222222222222,13.333333333333334,3.3333333333333335,6.0,2.0,3.6666666666666665,0.3333333333333333,2.0,2.3333333333333335,0.3333333333333333,0.3333333333333333,0.0,1.3333333333333333,8.666666666666666
5176077,Joshua Ingram,2329,Lehigh Mountain Hawks,Guard,63.0,5,13,2,7,3,4,3,5,8,4,3,1,2,7,15,3,Patriot League,0.38461538461538464,0.2857142857142857,0.75,0.46153846153846156,21.0,1.6666666666666667,4.333333333333333,0.6666666666666666,2.3333333333333335,1.0,1.6666666666666667,2.6666666666666665,1.3333333333333333,1.0,0.3333333333333333,0.6666666666666666,5.0
5176078,Jake Pike,2329,Lehigh Mountain Hawks,Forward,1.0,0,0,0,0,0,0,0,0,0,0,0,0,0,0,0,1,Patriot League,,,,,1.0,0.0,0.0,0.0,0.0,0.0,0.0,0.0,0.0,0.0,0.0,0.0,0.0
5176082,Jordan Stiemke,2352,Loyola Maryland Greyhounds,Guard,28.0,0,7,0,3,1,2,2,3,5,1,1,0,1,0,1,1,Patriot League,0.0,0.0,0.5,0.0,28.0,0.0,7.0,0.0,3.0,2.0,3.0,5.0,1.0,1.0,0.0,1.0,1.0
5176084,Cam Cole,2426,Navy Midshipmen,Guard,1.0,0,0,0,0,0,0,0,0,0,0,0,0,0,1,0,1,Patriot League,,,,,1.0,0.0,0.0,0.0,0.0,0.0,0.0,0.0,0.0,0.0,0.0,0.0,0.0
5176087,Donovan Draper,2426,Navy Midshipmen,Forward,57.0,7,17,1,5,6,7,3,22,25,5,1,3,4,2,21,2,Patriot League,0.4117647058823529,0.2,0.8571428571428571,0.4411764705882353,28.5,3.5,8.5,0.5,2.5,1.5,11.0,12.5,2.5,0.5,1.5,2.0,10.5
5176091,Jordan Pennick,2426,Navy Midshipmen,Guard,58.0,4,11,2,9,0,0,3,5,8,1,0,0,2,7,10,2,Patriot League,0.36363636363636365,0.2222222222222222,,0.45454545454545453,29.0,2.0,5.5,1.0,4.5,1.5,2.5,4.0,0.5,0.0,0.0,1.0,5.0
5176094,Nyles Howard,2426,Navy Midshipmen,Guard,1.0,0,0,0,0,0,0,0,0,0,0,0,0,0,0,0,1,Patriot League,,,,,1.0,0.0,0.0,0.0,0.0,0.0,0.0,0.0,0.0,0.0,0.0,0.0,0.0
5176109,Noah Melson,236,Chattanooga Mocs,Guard,34.0,3,6,3,4,1,2,0,0,0,2,2,0,2,3,10,2,Southern,0.5,0.75,0.5,0.75,17.0,1.5,3.0,1.5,2.0,0.0,0.0,0.0,1.0,1.0,0.0,1.0,5.0
5176132,PJay Smith Jr.,231,Furman Paladins,Guard,67.0,7,15,4,11,0,1,1,3,4,2,6,1,2,2,18,2,Southern,0.4666666666666667,0.36363636363636365,0.0,0.6,33.5,3.5,7.5,2.0,5.5,0.5,1.5,2.0,1.0,3.0,0.5,1.0,9.0
5176136,Cooper Bowser,231,Furman Paladins,Forward,34.0,2,2,0,0,6,7,1,1,2,1,0,4,1,2,10,2,Southern,1.0,,0.8571428571428571,1.0,17.0,1.0,1.0,0.0,0.0,0.5,0.5,1.0,0.5,0.0,2.0,0.5,5.0
5176140,Karon Boyd,2193,East Tennessee State Buccaneers,Forward,111.0,5,18,0,2,10,14,18,17,35,7,4,2,6,12,20,4,Southern,0.2777777777777778,0.0,0.7142857142857143,0.2777777777777778,27.75,1.25,4.5,0.0,0.5,4.5,4.25,8.75,1.75,1.0,0.5,1.5,5.0
5176149,David Thomas,2382,Mercer Bears,Guard,68.0,17,27,5,8,2,4,1,9,10,4,2,0,3,3,41,2,Southern,0.6296296296296297,0.625,0.5,0.7222222222222222,34.0,8.5,13.5,2.5,4.0,0.5,4.5,5.0,2.0,1.0,0.0,1.5,20.5
5176150,Jake Davis,2382,Mercer Bears,Forward,50.0,4,14,3,12,2,2,1,6,7,0,1,0,3,4,13,2,Southern,0.2857142857142857,0.25,1.0,0.39285714285714285,25.0,2.0,7.0,1.5,6.0,0.5,3.0,3.5,0.0,0.5,0.0,1.5,6.5
5176153,Marcus Hill,189,Bowling Green Falcons,Guard,118.0,21,49,4,10,13,16,7,10,17,6,3,1,9,6,59,3,Mid-American,0.42857142857142855,0.4,0.8125,0.46938775510204084,39.333333333333336,7.0,16.333333333333332,1.3333333333333333,3.3333333333333335,2.3333333333333335,3.3333333333333335,5.666666666666667,2.0,1.0,0.3333333333333333,3.0,19.666666666666668
5176154,EJay Greer,189,Bowling Green Falcons,Guard,26.0,1,4,0,2,0,0,0,2,2,1,1,0,1,2,2,3,Mid-American,0.25,0.0,,0.25,8.666666666666666,0.3333333333333333,1.3333333333333333,0.0,0.6666666666666666,0.0,0.6666666666666666,0.6666666666666666,0.3333333333333333,0.3333333333333333,0.0,0.3333333333333333,0.6666666666666666
5176159,Lukas Walls,2535,Samford Bulldogs,Guard,10.0,0,1,0,0,0,0,1,2,3,0,0,0,0,1,0,3,Southern,0.0,,,0.0,3.3333333333333335,0.0,0.3333333333333333,0.0,0.0,0.3333333333333333,0.6666666666666666,1.0,0.0,0.0,0.0,0.0,0.0
5176160,Josh Holloway,2535,Samford Bulldogs,Guard,40.0,5,12,1,5,5,9,1,4,5,2,1,0,3,1,16,4,Southern,0.4166666666666667,0.2,0.5555555555555556,0.4583333333333333,10.0,1.25,3.0,0.25,1.25,0.25,1.0,1.25,0.5,0.25,0.0,0.75,4.0
5176162,Dallas Graziani,2535,Samford Bulldogs,Guard,64.0,5,8,1,3,0,0,1,3,4,11,5,0,4,6,11,4,Southern,0.625,0.3333333333333333,,0.6875,16.0,1.25,2.0,0.25,0.75,0.25,0.75,1.0,2.75,1.25,0.0,1.0,2.75
5176169,Marcus Pigram,2643,The Citadel Bulldogs,Guard,5.0,0,1,0,0,0,0,0,0,0,0,0,0,1,1,0,1,Southern,0.0,,,0.0,5.0,0.0,1.0,0.0,0.0,0.0,0.0,0.0,0.0,0.0,0.0,1.0,0.0
5176170,Kam Roberts,2643,The Citadel Bulldogs,Guard,3.0,0,1,0,1,0,0,0,1,1,0,0,0,0,0,0,1,Southern,0.0,0.0,,0.0,3.0,0.0,1.0,0.0,1.0,0.0,1.0,1.0,0.0,0.0,0.0,0.0,0.0
5176173,Keynan Davis,2643,The Citadel Bulldogs,Guard,33.0,3,6,1,2,1,1,0,2,2,1,0,0,1,4,8,1,Southern,0.5,0.5,1.0,0.5833333333333334,33.0,3.0,6.0,1.0,2.0,0.0,2.0,2.0,1.0,0.0,0.0,1.0,8.0
5176177,Cayden Vasko,2117,Central Michigan Chippewas,Guard,5.0,0,1,0,0,0,0,0,1,1,0,0,0,0,0,0,1,Mid-American,0.0,,,0.0,5.0,0.0,1.0,0.0,0.0,0.0,1.0,1.0,0.0,0.0,0.0,0.0,0.0
5176178,Derrick Butler,2117,Central Michigan Chippewas,Guard,33.0,5,11,3,5,1,2,1,2,3,1,1,1,1,0,14,1,Mid-American,0.45454545454545453,0.6,0.5,0.5909090909090909,33.0,5.0,11.0,3.0,5.0,1.0,2.0,3.0,1.0,1.0,1.0,1.0,14.0
5176180,KJ Oduor,2117,Central Michigan Chippewas,Center,3.0,0,0,0,0,0,0,0,0,0,1,0,0,0,1,0,1,Mid-American,,,,,3.0,0.0,0.0,0.0,0.0,0.0,0.0,0.0,1.0,0.0,0.0,0.0,0.0
5176182,Aidan Rubio,2117,Central Michigan Chippewas,Guard,18.0,1,3,1,3,0,0,0,0,0,1,1,1,1,0,3,1,Mid-American,0.3333333333333333,0.3333333333333333,,0.5,18.0,1.0,3.0,1.0,3.0,0.0,0.0,0.0,1.0,1.0,1.0,1.0,3.0
5176186,RJ Johnson,338,Kennesaw State Owls,Guard,21.0,3,6,0,1,1,2,0,2,2,4,2,0,0,3,7,1,ASUN,0.5,0.0,0.5,0.5,21.0,3.0,6.0,0.0,1.0,0.0,2.0,2.0,4.0,2.0,0.0,0.0,7.0
5176187,Frankquon Sherman,338,Kennesaw State Owls,Forward,11.0,1,4,0,1,0,1,1,0,1,0,0,0,0,4,2,1,ASUN,0.25,0.0,0.0,0.25,11.0,1.0,4.0,0.0,1.0,1.0,0.0,1.0,0.0,0.0,0.0,0.0,2.0
5176192,Cody Head,288,Lipscomb Bisons,Guard,18.0,1,5,0,2,2,2,1,2,3,0,0,0,1,1,4,1,ASUN,0.2,0.0,1.0,0.2,18.0,1.0,5.0,0.0,2.0,1.0,2.0,3.0,0.0,0.0,0.0,1.0,4.0
5176193,Dylan Faulkner,288,Lipscomb Bisons,Forward,10.0,0,5,0,0,1,2,3,4,7,0,0,1,0,2,1,1,ASUN,0.0,,0.5,0.0,10.0,0.0,5.0,0.0,0.0,3.0,4.0,7.0,0.0,0.0,1.0,0.0,1.0
5176195,Joel Scott,36,Colorado State Rams,Forward,142.0,31,50,1,3,19,26,15,22,37,7,2,2,3,14,82,5,Mountain West,0.62,0.3333333333333333,0.7307692307692307,0.63,28.4,6.2,10.0,0.2,0.6,3.0,4.4,7.4,1.4,0.4,0.4,0.6,16.4
5176196,Rashaan Mbemba,36,Colorado State Rams,Guard,39.0,3,9,0,0,3,4,3,4,7,1,1,1,6,6,9,5,Mountain West,0.3333333333333333,,0.75,0.3333333333333333,7.8,0.6,1.8,0.0,0.0,0.6,0.8,1.4,0.2,0.2,0.2,1.2,1.8
5176200,Canin Jefferson,2453,North Alabama Lions,Guard,11.0,4,6,1,2,0,0,0,0,0,2,2,0,0,1,9,2,ASUN,0.6666666666666666,0.5,,0.75,5.5,2.0,3.0,0.5,1.0,0.0,0.0,0.0,1.0,1.0,0.0,0.0,4.5
5176203,Tim Smith Jr.,2453,North Alabama Lions,Forward,37.0,5,8,4,5,1,2,0,1,1,0,0,0,1,2,15,2,ASUN,0.625,0.8,0.5,0.875,18.5,2.5,4.0,2.0,2.5,0.0,0.5,0.5,0.0,0.0,0.0,0.5,7.5
5176207,Donovan Hunter,2309,Kent State Golden Flashes,Forward,3.0,0,0,0,0,0,0,0,1,1,0,0,0,0,2,0,2,Mid-American,,,,,1.5,0.0,0.0,0.0,0.0,0.0,0.5,0.5,0.0,0.0,0.0,0.0,0.0
5176209,Jaylen Smith,2454,North Florida Ospreys,Guard,37.0,4,13,1,5,2,4,0,3,3,5,2,1,1,4,11,1,ASUN,0.3076923076923077,0.2,0.5,0.34615384615384615,37.0,4.0,13.0,1.0,5.0,0.0,3.0,3.0,5.0,2.0,1.0,1.0,11.0
5176211,Bradley Dean,193,Miami (OH) RedHawks,Guard,23.0,3,7,0,2,1,1,0,3,3,1,0,0,1,3,7,1,Mid-American,0.42857142857142855,0.0,1.0,0.42857142857142855,23.0,3.0,7.0,0.0,2.0,0.0,3.0,3.0,1.0,0.0,0.0,1.0,7.0
5176212,Evan Ipsaro,193,Miami (OH) RedHawks,Guard,17.0,0,0,0,0,1,2,1,2,3,0,2,0,2,1,1,1,Mid-American,,,0.5,,17.0,0.0,0.0,0.0,0.0,1.0,2.0,3.0,0.0,2.0,0.0,2.0,1.0
5176213,Mekhi Cooper,193,Miami (OH) RedHawks,Guard,27.0,2,5,1,1,4,4,0,2,2,2,1,0,2,1,9,1,Mid-American,0.4,1.0,1.0,0.5,27.0,2.0,5.0,1.0,1.0,0.0,2.0,2.0,2.0,1.0,0.0,2.0,9.0
5176217,Reece Potter,193,Miami (OH) RedHawks,Center,13.0,2,7,0,3,0,0,0,2,2,1,0,2,2,2,4,1,Mid-American,0.2857142857142857,0.0,,0.2857142857142857,13.0,2.0,7.0,0.0,3.0,0.0,2.0,2.0,1.0,0.0,2.0,2.0,4.0
5176232,Sam Lewis,2649,Toledo Rockets,Guard,8.0,0,0,0,0,0,2,0,0,0,0,0,0,1,0,0,1,Mid-American,,,0.0,,8.0,0.0,0.0,0.0,0.0,0.0,0.0,0.0,0.0,0.0,0.0,1.0,0.0
5176234,Kobe George,2511,Queens University Royals,Guard,10.0,0,2,0,1,0,0,0,0,0,1,0,1,0,1,0,2,ASUN,0.0,0.0,,0.0,5.0,0.0,1.0,0.0,0.5,0.0,0.0,0.0,0.5,0.0,0.5,0.0,0.0
5176235,Jacobi Sebock,2511,Queens University Royals,Guard,38.0,6,14,0,5,5,7,5,11,16,0,1,0,2,5,17,2,ASUN,0.42857142857142855,0.0,0.7142857142857143,0.42857142857142855,19.0,3.0,7.0,0.0,2.5,2.5,5.5,8.0,0.0,0.5,0.0,1.0,8.5
5176237,Deyton Albury,2511,Queens University Royals,Guard,63.0,8,23,1,2,6,6,2,9,11,6,0,0,5,6,23,2,ASUN,0.34782608695652173,0.5,1.0,0.3695652173913043,31.5,4.0,11.5,0.5,1.0,1.0,4.5,5.5,3.0,0.0,0.0,2.5,11.5
5176239,Jaxon Pollard,2511,Queens University Royals,Forward,20.0,1,3,1,2,0,0,1,0,1,1,2,0,1,3,3,2,ASUN,0.3333333333333333,0.5,,0.5,10.0,0.5,1.5,0.5,1.0,0.5,0.0,0.5,0.5,1.0,0.0,0.5,1.5
5176241,BJ Davis,21,San Diego State Aztecs,Guard,4.0,2,2,0,0,2,2,0,0,0,0,0,0,0,1,6,2,Mountain West,1.0,,1.0,1.0,2.0,1.0,1.0,0.0,0.0,0.0,0.0,0.0,0.0,0.0,0.0,0.0,3.0
5176242,Ryan Schwarz,21,San Diego State Aztecs,Guard,4.0,0,1,0,0,0,0,0,0,0,0,0,0,0,0,0,2,Mountain West,0.0,,,0.0,2.0,0.0,0.5,0.0,0.0,0.0,0.0,0.0,0.0,0.0,0.0,0.0,0.0
5176243,Miles Heide,21,San Diego State Aztecs,Forward,43.0,1,3,0,0,1,2,5,5,10,1,3,1,2,11,3,6,Mountain West,0.3333333333333333,,0.5,0.3333333333333333,7.166666666666667,0.16666666666666666,0.5,0.0,0.0,0.8333333333333334,0.8333333333333334,1.6666666666666667,0.16666666666666666,0.5,0.16666666666666666,0.3333333333333333,0.5
5176246,Jefferson De La Cruz Monegro,2711,Western Michigan Broncos,Guard,25.0,2,5,1,2,3,5,2,2,4,1,0,0,3,1,8,1,Mid-American,0.4,0.5,0.6,0.5,25.0,2.0,5.0,1.0,2.0,2.0,2.0,4.0,1.0,0.0,0.0,3.0,8.0
5176251,Latrell Davis,23,San José State Spartans,Guard,28.0,5,9,1,2,5,6,0,4,4,1,1,0,1,3,16,1,Mountain West,0.5555555555555556,0.5,0.8333333333333334,0.6111111111111112,28.0,5.0,9.0,1.0,2.0,0.0,4.0,4.0,1.0,1.0,0.0,1.0,16.0
5176254,Christian Wise,23,San José State Spartans,Forward,8.0,0,1,0,1,0,0,0,0,0,0,0,0,0,0,0,1,Mountain West,0.0,0.0,,0.0,8.0,0.0,1.0,0.0,1.0,0.0,0.0,0.0,0.0,0.0,0.0,0.0,0.0
5176256,Diogo Seixas,23,San José State Spartans,Forward,18.0,0,0,0,0,0,0,0,1,1,2,0,0,1,3,0,1,Mountain West,,,,,18.0,0.0,0.0,0.0,0.0,0.0,1.0,1.0,2.0,0.0,0.0,1.0,0.0
5176258,Luka Krajnovic,2250,Gonzaga Bulldogs,Guard,12.0,2,4,1,2,2,3,0,2,2,0,0,0,1,0,7,2,West Coast,0.5,0.5,0.6666666666666666,0.625,6.0,1.0,2.0,0.5,1.0,0.0,1.0,1.0,0.0,0.0,0.0,0.5,3.5
5176260,Pavle Stosic,2250,Gonzaga Bulldogs,Forward,2.0,0,0,0,0,0,0,0,1,1,0,0,0,0,1,0,2,West Coast,,,,,1.0,0.0,0.0,0.0,0.0,0.0,0.5,0.5,0.0,0.0,0.0,0.0,0.0
5176261,Jun Seok Yeo,2250,Gonzaga Bulldogs,Forward,6.0,2,3,0,1,0,0,1,0,1,0,0,0,0,2,4,2,West Coast,0.6666666666666666,0.0,,0.6666666666666666,3.0,1.0,1.5,0.0,0.5,0.5,0.0,0.5,0.0,0.0,0.0,0.0,2.0
5176262,Rob Whaley Jr.,2439,UNLV Rebels,Forward,113.0,15,26,0,0,10,15,10,13,23,8,2,4,11,7,40,4,Mountain West,0.5769230769230769,,0.6666666666666666,0.5769230769230769,28.25,3.75,6.5,0.0,0.0,2.5,3.25,5.75,2.0,0.5,1.0,2.75,10.0
5176264,Aa'Reyon Munir-Jones,2154,Coppin State Eagles,Guard,24.0,0,1,0,0,0,2,1,6,7,2,1,0,2,3,0,1,MEAC,0.0,,0.0,0.0,24.0,0.0,1.0,0.0,0.0,1.0,6.0,7.0,2.0,1.0,0.0,2.0,0.0
5176265,Khali Horton,2154,Coppin State Eagles,Forward,28.0,5,9,3,4,3,5,0,1,1,0,1,0,3,2,16,1,MEAC,0.5555555555555556,0.75,0.6,0.7222222222222222,28.0,5.0,9.0,3.0,4.0,0.0,1.0,1.0,0.0,1.0,0.0,3.0,16.0
5176266,Ryan Archey,2154,Coppin State Eagles,Guard,37.0,3,11,0,1,3,4,1,1,2,2,2,0,2,1,9,1,MEAC,0.2727272727272727,0.0,0.75,0.2727272727272727,37.0,3.0,11.0,0.0,1.0,1.0,1.0,2.0,2.0,2.0,0.0,2.0,9.0
5176268,Preist Ryan,2154,Coppin State Eagles,Guard,12.0,1,2,0,0,3,4,1,0,1,0,1,0,0,1,5,1,MEAC,0.5,,0.75,0.5,12.0,1.0,2.0,0.0,0.0,1.0,0.0,1.0,0.0,1.0,0.0,0.0,5.0
5176273,Karson Templin,328,Utah State Aggies,Forward,27.0,1,7,0,2,3,4,3,2,5,1,2,0,0,6,5,3,Mountain West,0.14285714285714285,0.0,0.75,0.14285714285714285,9.0,0.3333333333333333,2.3333333333333335,0.0,0.6666666666666666,1.0,0.6666666666666666,1.6666666666666667,0.3333333333333333,0.6666666666666666,0.0,0.0,1.6666666666666667
5176274,Kalifa Sakho,328,Utah State Aggies,Forward,42.0,5,6,0,0,3,4,2,4,6,0,1,2,4,8,13,4,Mountain West,0.8333333333333334,,0.75,0.8333333333333334,10.5,1.25,1.5,0.0,0.0,0.5,1.0,1.5,0.0,0.25,0.5,1.0,3.25
5176275,Deywilk Tavarez,2169,Delaware State Hornets,Guard,140.0,21,52,6,20,24,32,2,13,15,14,9,0,16,9,72,4,MEAC,0.40384615384615385,0.3,0.75,0.46153846153846156,35.0,5.25,13.0,1.5,5.0,0.5,3.25,3.75,3.5,2.25,0.0,4.0,18.0
5176276,Wesley Oba,2169,Delaware State Hornets,Forward,111.0,6,17,0,1,2,4,12,16,28,2,2,4,9,9,14,4,MEAC,0.35294117647058826,0.0,0.5,0.35294117647058826,27.75,1.5,4.25,0.0,0.25,3.0,4.0,7.0,0.5,0.5,1.0,2.25,3.5
5176277,Caleb Surgers,2169,Delaware State Hornets,Forward,18.0,2,4,0,0,1,2,3,0,3,1,0,1,0,3,5,2,MEAC,0.5,,0.5,0.5,9.0,1.0,2.0,0.0,0.0,1.5,0.0,1.5,0.5,0.0,0.5,0.0,2.5
5176278,Dean Shepherd,2169,Delaware State Hornets,Guard,32.0,0,2,0,0,7,8,0,1,1,1,1,0,0,6,7,4,MEAC,0.0,,0.875,0.0,8.0,0.0,0.5,0.0,0.0,0.0,0.25,0.25,0.25,0.25,0.0,0.0,1.75
5176280,Kael Combs,2751,Wyoming Cowboys,Guard,19.0,1,2,1,2,1,4,1,1,2,0,2,2,1,1,4,1,Mountain West,0.5,0.5,0.25,0.75,19.0,1.0,2.0,1.0,2.0,1.0,1.0,2.0,0.0,2.0,2.0,1.0,4.0
5176282,Akuel Kot,2751,Wyoming Cowboys,Guard,38.0,8,15,4,8,3,4,0,4,4,1,1,0,1,2,23,1,Mountain West,0.5333333333333333,0.5,0.75,0.6666666666666666,38.0,8.0,15.0,4.0,8.0,0.0,4.0,4.0,1.0,1.0,0.0,1.0,23.0
5176283,Cam Manyawu,2751,Wyoming Cowboys,Forward,8.0,0,1,0,0,3,4,0,0,0,0,0,1,1,3,3,1,Mountain West,0.0,,0.75,0.0,8.0,0.0,1.0,0.0,0.0,0.0,0.0,0.0,0.0,0.0,1.0,1.0,3.0
5176284,Kobe Newton,2751,Wyoming Cowboys,Guard,6.0,0,0,0,0,0,0,0,0,0,1,0,0,0,0,0,1,Mountain West,,,,,6.0,0.0,0.0,0.0,0.0,0.0,0.0,0.0,1.0,0.0,0.0,0.0,0.0
5176287,Mason Walters,2751,Wyoming Cowboys,Forward,32.0,3,7,1,1,0,0,5,4,9,1,5,1,5,4,7,1,Mountain West,0.42857142857142855,1.0,,0.5,32.0,3.0,7.0,1.0,1.0,5.0,4.0,9.0,1.0,5.0,1.0,5.0,7.0
5176288,Demajion Topps,2415,Morgan State Bears,Guard,7.0,0,0,0,0,0,0,1,2,3,0,1,0,0,3,0,1,MEAC,,,,,7.0,0.0,0.0,0.0,0.0,1.0,2.0,3.0,0.0,1.0,0.0,0.0,0.0
5176289,Amahrie Simpkins,2415,Morgan State Bears,Guard,22.0,1,3,0,0,1,2,0,2,2,2,0,3,1,4,3,1,MEAC,0.3333333333333333,,0.5,0.3333333333333333,22.0,1.0,3.0,0.0,0.0,0.0,2.0,2.0,2.0,0.0,3.0,1.0,3.0
5176294,Christian Oliver,2415,Morgan State Bears,Forward,16.0,3,5,0,0,0,0,0,2,2,0,0,3,1,1,6,1,MEAC,0.6,,,0.6,16.0,3.0,5.0,0.0,0.0,0.0,2.0,2.0,0.0,0.0,3.0,1.0,6.0
5176296,Allen Udemadu,2415,Morgan State Bears,Forward,32.0,2,3,0,0,2,5,1,4,5,1,1,3,2,3,6,1,MEAC,0.6666666666666666,,0.4,0.6666666666666666,32.0,2.0,3.0,0.0,0.0,1.0,4.0,5.0,1.0,1.0,3.0,2.0,6.0
5176298,Julius Mims,70,Idaho Vandals,Forward,36.0,9,11,0,1,2,2,1,6,7,0,2,2,2,4,20,1,Big Sky,0.8181818181818182,0.0,1.0,0.8181818181818182,36.0,9.0,11.0,0.0,1.0,1.0,6.0,7.0,0.0,2.0,2.0,2.0,20.0
5176300,Quinn Denker,70,Idaho Vandals,Guard,40.0,5,16,2,4,2,2,0,2,2,4,2,0,2,4,14,1,Big Sky,0.3125,0.5,1.0,0.375,40.0,5.0,16.0,2.0,4.0,0.0,2.0,2.0,4.0,2.0,0.0,2.0,14.0
5176301,EJ Neal,70,Idaho Vandals,Guard,33.0,3,9,2,8,0,0,0,3,3,0,1,0,2,3,8,1,Big Sky,0.3333333333333333,0.25,,0.4444444444444444,33.0,3.0,9.0,2.0,8.0,0.0,3.0,3.0,0.0,1.0,0.0,2.0,8.0
5176302,D'Angelo Minnis,70,Idaho Vandals,Guard,39.0,3,9,3,8,0,0,1,0,1,5,0,0,1,2,9,1,Big Sky,0.3333333333333333,0.375,,0.5,39.0,3.0,9.0,3.0,8.0,1.0,0.0,1.0,5.0,0.0,0.0,1.0,9.0
5176303,Kristian Gonzalez,70,Idaho Vandals,Guard,1.0,0,1,0,1,0,0,0,0,0,0,0,0,0,0,0,1,Big Sky,0.0,0.0,,0.0,1.0,0.0,1.0,0.0,1.0,0.0,0.0,0.0,0.0,0.0,0.0,0.0,0.0
5176307,Kyson Rose,70,Idaho Vandals,Forward,22.0,3,6,2,5,0,0,2,4,6,2,0,0,2,4,8,1,Big Sky,0.5,0.4,,0.6666666666666666,22.0,3.0,6.0,2.0,5.0,2.0,4.0,6.0,2.0,0.0,0.0,2.0,8.0
5176308,Win Miller,2057,Belmont Bruins,Guard,15.0,2,6,1,3,0,0,0,2,2,0,0,0,1,0,5,1,Missouri Valley,0.3333333333333333,0.3333333333333333,,0.4166666666666667,15.0,2.0,6.0,1.0,3.0,0.0,2.0,2.0,0.0,0.0,0.0,1.0,5.0
5176311,Brigham Rogers,2057,Belmont Bruins,Forward,40.0,7,9,0,0,6,11,1,5,6,1,4,3,2,3,20,2,Missouri Valley,0.7777777777777778,,0.5454545454545454,0.7777777777777778,20.0,3.5,4.5,0.0,0.0,0.5,2.5,3.0,0.5,2.0,1.5,1.0,10.0
5176312,Demarion Burch,71,Bradley Braves,Guard,53.0,8,18,1,2,2,4,0,9,9,1,1,0,4,4,19,4,Missouri Valley,0.4444444444444444,0.5,0.5,0.4722222222222222,13.25,2.0,4.5,0.25,0.5,0.0,2.25,2.25,0.25,0.25,0.0,1.0,4.75
5176313,Almar Atlason,71,Bradley Braves,Forward,73.0,2,7,2,6,2,2,0,8,8,1,1,0,2,10,8,4,Missouri Valley,0.2857142857142857,0.3333333333333333,1.0,0.42857142857142855,18.25,0.5,1.75,0.5,1.5,0.0,2.0,2.0,0.25,0.25,0.0,0.5,2.0
5176314,Kevin Overton,2181,Drake Bulldogs,Guard,104.0,6,24,4,14,5,6,3,9,12,4,1,0,1,15,21,4,Missouri Valley,0.25,0.2857142857142857,0.8333333333333334,0.3333333333333333,26.0,1.5,6.0,1.0,3.5,0.75,2.25,3.0,1.0,0.25,0.0,0.25,5.25
5176315,Colby Garland,2181,Drake Bulldogs,Guard,66.0,9,25,0,2,2,2,1,10,11,5,3,0,3,6,20,4,Missouri Valley,0.36,0.0,1.0,0.36,16.5,2.25,6.25,0.0,0.5,0.25,2.5,2.75,1.25,0.75,0.0,0.75,5.0
5176321,Kiree Huie,304,Idaho State Bengals,Forward,80.0,12,21,0,0,6,7,5,15,20,1,2,1,5,5,30,3,Big Sky,0.5714285714285714,,0.8571428571428571,0.5714285714285714,26.666666666666668,4.0,7.0,0.0,0.0,1.6666666666666667,5.0,6.666666666666667,0.3333333333333333,0.6666666666666666,0.3333333333333333,1.6666666666666667,10.0
5176322,Isaiah Griffin,304,Idaho State Bengals,Forward,101.0,9,22,2,5,0,1,6,16,22,1,1,0,1,3,20,3,Big Sky,0.4090909090909091,0.4,0.0,0.45454545454545453,33.666666666666664,3.0,7.333333333333333,0.6666666666666666,1.6666666666666667,2.0,5.333333333333333,7.333333333333333,0.3333333333333333,0.3333333333333333,0.0,0.3333333333333333,6.666666666666667
5176325,Trent Johnson,304,Idaho State Bengals,Forward,51.0,6,9,1,2,2,2,5,5,10,2,2,2,0,3,15,3,Big Sky,0.6666666666666666,0.5,1.0,0.7222222222222222,17.0,2.0,3.0,0.3333333333333333,0.6666666666666666,1.6666666666666667,1.6666666666666667,3.3333333333333335,0.6666666666666666,0.6666666666666666,0.6666666666666666,0.0,5.0
5176331,Tyran Cook,2678,VMI Keydets,Guard,31.0,5,12,0,1,0,2,2,1,3,2,0,0,5,2,10,1,Southern,0.4166666666666667,0.0,0.0,0.4166666666666667,31.0,5.0,12.0,0.0,1.0,2.0,1.0,3.0,2.0,0.0,0.0,5.0,10.0
5176334,AJ Clark,2678,VMI Keydets,Guard,19.0,1,3,0,2,0,0,0,3,3,0,3,1,1,1,2,1,Southern,0.3333333333333333,0.0,,0.3333333333333333,19.0,1.0,3.0,0.0,2.0,0.0,3.0,3.0,0.0,3.0,1.0,1.0,2.0
5176335,Stephen Olowoniyi,2678,VMI Keydets,Forward,19.0,5,7,0,0,1,2,1,4,5,0,0,0,2,2,11,1,Southern,0.7142857142857143,,0.5,0.7142857142857143,19.0,5.0,7.0,0.0,0.0,1.0,4.0,5.0,0.0,0.0,0.0,2.0,11.0
5176336,Corey Chesley,2678,VMI Keydets,Guard,25.0,1,3,0,2,0,0,1,2,3,1,1,0,0,2,2,1,Southern,0.3333333333333333,0.0,,0.3333333333333333,25.0,1.0,3.0,0.0,2.0,1.0,2.0,3.0,1.0,1.0,0.0,0.0,2.0
5176338,Maurice Wright Jr.,2678,VMI Keydets,Guard,27.0,3,8,2,4,0,0,0,2,2,0,2,0,4,2,8,1,Southern,0.375,0.5,,0.5,27.0,3.0,8.0,2.0,4.0,0.0,2.0,2.0,0.0,2.0,0.0,4.0,8.0
5176344,Patrick Iriel,2908,South Carolina Upstate Spartans,Forward,11.0,1,3,0,0,0,0,1,2,3,0,0,1,1,1,2,1,Big South,0.3333333333333333,,,0.3333333333333333,11.0,1.0,3.0,0.0,0.0,1.0,2.0,3.0,0.0,0.0,1.0,1.0,2.0
5176347,Eli Shetlar,282,Indiana State Sycamores,Guard,2.0,0,0,0,0,0,0,0,0,0,0,0,0,0,0,0,1,Missouri Valley,,,,,2.0,0.0,0.0,0.0,0.0,0.0,0.0,0.0,0.0,0.0,0.0,0.0,0.0
5176349,Jaden Daughtry,282,Indiana State Sycamores,Forward,2.0,1,2,0,1,0,1,0,0,0,0,0,0,0,0,2,1,Missouri Valley,0.5,0.0,0.0,0.5,2.0,1.0,2.0,0.0,1.0,0.0,0.0,0.0,0.0,0.0,0.0,0.0,2.0
5176350,Derek Vorst,282,Indiana State Sycamores,Forward,14.0,1,4,1,2,2,2,1,4,5,1,0,1,3,4,5,6,Missouri Valley,0.25,0.5,1.0,0.375,2.3333333333333335,0.16666666666666666,0.6666666666666666,0.16666666666666666,0.3333333333333333,0.16666666666666666,0.6666666666666666,0.8333333333333334,0.16666666666666666,0.0,0.16666666666666666,0.5,0.8333333333333334
5176352,Johnny Kinziger,2287,Illinois State Redbirds,Guard,38.0,3,9,3,8,3,4,1,8,9,2,0,0,3,1,12,1,Missouri Valley,0.3333333333333333,0.375,0.75,0.5,38.0,3.0,9.0,3.0,8.0,1.0,8.0,9.0,2.0,0.0,0.0,3.0,12.0
5176354,Chase Walker,2287,Illinois State Redbirds,Forward,1.0,0,0,0,0,0,0,0,1,1,0,0,0,1,2,0,1,Missouri Valley,,,,,1.0,0.0,0.0,0.0,0.0,0.0,1.0,1.0,0.0,0.0,0.0,1.0,0.0
5176355,Toyaz Solomon,2427,UNC Asheville Bulldogs,Forward,69.0,15,23,0,1,1,3,2,5,7,3,5,5,2,5,31,3,Big South,0.6521739130434783,0.0,0.3333333333333333,0.6521739130434783,23.0,5.0,7.666666666666667,0.0,0.3333333333333333,0.6666666666666666,1.6666666666666667,2.3333333333333335,1.0,1.6666666666666667,1.6666666666666667,0.6666666666666666,10.333333333333334
5176359,Christian Hammond,2541,Santa Clara Broncos,Guard,37.0,6,10,1,3,2,2,0,5,5,6,1,0,3,3,15,2,West Coast,0.6,0.3333333333333333,1.0,0.65,18.5,3.0,5.0,0.5,1.5,0.0,2.5,2.5,3.0,0.5,0.0,1.5,7.5
5176372,Tom Beattie,62,Hawai'i Rainbow Warriors,Guard,62.0,3,6,0,0,0,0,0,5,5,3,2,0,5,5,6,2,Big West,0.5,,,0.5,31.0,1.5,3.0,0.0,0.0,0.0,2.5,2.5,1.5,1.0,0.0,2.5,3.0
5176374,Akira Jacobs,62,Hawai'i Rainbow Warriors,Forward,20.0,4,8,3,6,2,2,0,5,5,1,0,0,3,4,13,2,Big West,0.5,0.5,1.0,0.6875,10.0,2.0,4.0,1.5,3.0,0.0,2.5,2.5,0.5,0.0,0.0,1.5,6.5
5176377,Corneilous Williams,2717,Western Carolina Catamounts,Forward,8.0,0,0,0,0,0,2,1,1,2,0,0,0,0,1,0,1,Southern,,,0.0,,8.0,0.0,0.0,0.0,0.0,1.0,1.0,2.0,0.0,0.0,0.0,0.0,0.0
5176382,Malek Abdelgowad,93,Murray State Racers,Forward,5.0,0,0,0,0,0,0,0,0,0,0,0,0,0,1,0,1,Missouri Valley,,,,,5.0,0.0,0.0,0.0,0.0,0.0,0.0,0.0,0.0,0.0,0.0,0.0,0.0
5176384,RJ Taylor,2460,Northern Iowa Panthers,Guard,29.0,2,9,1,6,0,2,0,3,3,2,3,0,0,3,5,2,Missouri Valley,0.2222222222222222,0.16666666666666666,0.0,0.2777777777777778,14.5,1.0,4.5,0.5,3.0,0.0,1.5,1.5,1.0,1.5,0.0,0.0,2.5
5176385,Kyle Pock,2460,Northern Iowa Panthers,Forward,10.0,1,3,1,3,0,0,0,0,0,0,0,0,0,1,3,2,Missouri Valley,0.3333333333333333,0.3333333333333333,,0.5,5.0,0.5,1.5,0.5,1.5,0.0,0.0,0.0,0.0,0.0,0.0,0.0,1.5
5176390,Ethan Pickett,82,UIC Flames,Guard,51.0,8,14,1,5,2,4,1,6,7,1,2,0,1,4,19,2,Missouri Valley,0.5714285714285714,0.2,0.5,0.6071428571428571,25.5,4.0,7.0,0.5,2.5,0.5,3.0,3.5,0.5,1.0,0.0,0.5,9.5
5176392,Nathan Ojukwu,82,UIC Flames,Forward,9.0,2,4,1,2,5,6,1,1,2,0,1,1,0,1,10,1,Missouri Valley,0.5,0.5,0.8333333333333334,0.625,9.0,2.0,4.0,1.0,2.0,1.0,1.0,2.0,0.0,1.0,1.0,0.0,10.0
5176394,Grant Welch,82,UIC Flames,Guard,1.0,0,1,0,1,0,0,0,0,0,0,0,0,0,0,0,1,Missouri Valley,0.0,0.0,,0.0,1.0,0.0,1.0,0.0,1.0,0.0,0.0,0.0,0.0,0.0,0.0,0.0,0.0
5176395,Derin Saran,300,UC Irvine Anteaters,Guard,39.0,8,19,2,3,3,4,5,7,12,0,3,0,2,2,21,2,Big West,0.42105263157894735,0.6666666666666666,0.75,0.47368421052631576,19.5,4.0,9.5,1.0,1.5,2.5,3.5,6.0,0.0,1.5,0.0,1.0,10.5
5176397,Carter Welling,300,UC Irvine Anteaters,Forward,20.0,2,8,0,1,1,4,4,2,6,1,0,1,2,2,5,2,Big West,0.25,0.0,0.25,0.25,10.0,1.0,4.0,0.0,0.5,2.0,1.0,3.0,0.5,0.0,0.5,1.0,2.5
5176398,Anthony Sciarroni,2674,Valparaiso Beacons,Guard,1.0,0,1,0,0,0,0,1,0,1,0,0,0,0,0,0,1,Missouri Valley,0.0,,,0.0,1.0,0.0,1.0,0.0,0.0,1.0,0.0,1.0,0.0,0.0,0.0,0.0,0.0
5176399,Sherman Weatherspoon IV,2674,Valparaiso Beacons,Guard,17.0,1,5,1,4,0,0,0,0,0,0,1,1,1,1,3,1,Missouri Valley,0.2,0.25,,0.3,17.0,1.0,5.0,1.0,4.0,0.0,0.0,0.0,0.0,1.0,1.0,1.0,3.0
5176400,Jahari Williamson,2674,Valparaiso Beacons,Guard,13.0,1,6,0,2,1,2,1,3,4,0,0,0,0,2,3,1,Missouri Valley,0.16666666666666666,0.0,0.5,0.16666666666666666,13.0,1.0,6.0,0.0,2.0,1.0,3.0,4.0,0.0,0.0,0.0,0.0,3.0
5176402,Cooper Schwieger,2674,Valparaiso Beacons,Forward,37.0,5,15,0,3,2,2,5,3,8,2,0,3,0,0,12,1,Missouri Valley,0.3333333333333333,0.0,1.0,0.3333333333333333,37.0,5.0,15.0,0.0,3.0,5.0,3.0,8.0,2.0,0.0,3.0,0.0,12.0
5176403,Isaiah Stafford,2674,Valparaiso Beacons,Guard,34.0,6,22,2,12,6,10,2,2,4,2,4,0,3,4,20,1,Missouri Valley,0.2727272727272727,0.16666666666666666,0.6,0.3181818181818182,34.0,6.0,22.0,2.0,12.0,2.0,2.0,4.0,2.0,4.0,0.0,3.0,20.0
5176404,Kaspar Sepp,2674,Valparaiso Beacons,Forward,14.0,0,3,0,2,0,0,3,5,8,1,0,0,2,3,0,1,Missouri Valley,0.0,0.0,,0.0,14.0,0.0,3.0,0.0,2.0,3.0,5.0,8.0,1.0,0.0,0.0,2.0,0.0
5176412,Isaiah Moses,27,UC Riverside Highlanders,Guard,58.0,9,21,4,11,5,6,1,3,4,5,0,0,3,5,27,2,Big West,0.42857142857142855,0.36363636363636365,0.8333333333333334,0.5238095238095238,29.0,4.5,10.5,2.0,5.5,0.5,1.5,2.0,2.5,0.0,0.0,1.5,13.5
5176417,Belal El Shakery,2747,Wofford Terriers,Forward,13.0,0,3,0,0,0,1,2,3,5,1,0,1,0,1,0,1,Southern,0.0,,0.0,0.0,13.0,0.0,3.0,0.0,0.0,2.0,3.0,5.0,1.0,0.0,1.0,0.0,0.0
5176418,Jeremy Lorenz,2747,Wofford Terriers,Forward,26.0,4,4,1,1,3,4,1,1,2,0,1,1,0,3,12,1,Southern,1.0,1.0,0.75,1.125,26.0,4.0,4.0,1.0,1.0,1.0,1.0,2.0,0.0,1.0,1.0,0.0,12.0
5176419,Quentin Meza,2747,Wofford Terriers,Guard,13.0,2,2,1,1,0,0,0,1,1,0,0,0,0,1,5,1,Southern,1.0,1.0,,1.25,13.0,2.0,2.0,1.0,1.0,0.0,1.0,1.0,0.0,0.0,0.0,0.0,5.0
5176420,Hayden Gray,28,UC San Diego Tritons,Guard,33.0,3,5,0,0,2,2,3,6,9,6,1,0,2,4,8,1,Big West,0.6,,1.0,0.6,33.0,3.0,5.0,0.0,0.0,3.0,6.0,9.0,6.0,1.0,0.0,2.0,8.0
5176425,Ryan Beasley,2539,San Francisco Dons,Guard,39.0,3,9,2,5,0,0,1,4,5,0,0,0,0,2,8,2,West Coast,0.3333333333333333,0.4,,0.4444444444444444,19.5,1.5,4.5,1.0,2.5,0.5,2.0,2.5,0.0,0.0,0.0,0.0,4.0
5176426,Junjie Wang,2539,San Francisco Dons,Forward,8.0,2,3,0,1,0,0,0,0,0,0,0,0,0,0,4,2,West Coast,0.6666666666666666,0.0,,0.6666666666666666,4.0,1.0,1.5,0.0,0.5,0.0,0.0,0.0,0.0,0.0,0.0,0.0,2.0
5176443,Kevin Patton Jr.,301,San Diego Toreros,Guard,48.0,11,18,4,6,2,5,2,6,8,5,0,0,6,1,28,2,West Coast,0.6111111111111112,0.6666666666666666,0.4,0.7222222222222222,24.0,5.5,9.0,2.0,3.0,1.0,3.0,4.0,2.5,0.0,0.0,3.0,14.0
5176445,Dragos Lungu,301,San Diego Toreros,Guard,28.0,0,4,0,0,0,2,0,2,2,4,5,0,2,5,0,2,West Coast,0.0,,0.0,0.0,14.0,0.0,2.0,0.0,0.0,0.0,1.0,1.0,2.0,2.5,0.0,1.0,0.0
5176448,Josh Hecht,301,San Diego Toreros,Guard,5.0,0,2,0,2,0,0,0,0,0,0,0,0,0,0,0,1,West Coast,0.0,0.0,,0.0,5.0,0.0,2.0,0.0,2.0,0.0,0.0,0.0,0.0,0.0,0.0,0.0,0.0
5176450,PJ Hayes,301,San Diego Toreros,Forward,52.0,7,19,3,11,5,9,2,4,6,0,3,0,1,2,22,2,West Coast,0.3684210526315789,0.2727272727272727,0.5555555555555556,0.4473684210526316,26.0,3.5,9.5,1.5,5.5,1.0,2.0,3.0,0.0,1.5,0.0,0.5,11.0
5176451,Keyon Kensie,301,San Diego Toreros,Guard,24.0,6,8,0,1,6,9,1,5,6,0,1,2,3,4,18,2,West Coast,0.75,0.0,0.6666666666666666,0.75,12.0,3.0,4.0,0.0,0.5,0.5,2.5,3.0,0.0,0.5,1.0,1.5,9.0
5176464,Jason Fontenet II,2540,UC Santa Barbara Gauchos,Guard,25.0,2,5,1,3,2,2,1,8,9,1,1,0,3,5,7,1,Big West,0.4,0.3333333333333333,1.0,0.5,25.0,2.0,5.0,1.0,3.0,1.0,8.0,9.0,1.0,1.0,0.0,3.0,7.0
5176465,Kilian Brockhoff,2540,UC Santa Barbara Gauchos,Forward,2.0,0,1,0,0,0,0,0,0,0,0,0,0,0,1,0,1,Big West,0.0,,,0.0,2.0,0.0,1.0,0.0,0.0,0.0,0.0,0.0,0.0,0.0,0.0,0.0,0.0
5176517,Michael Ajayi,2492,Pepperdine Waves,Guard,75.0,13,22,1,4,8,11,6,26,32,5,3,0,3,2,35,2,West Coast,0.5909090909090909,0.25,0.7272727272727273,0.6136363636363636,37.5,6.5,11.0,0.5,2.0,3.0,13.0,16.0,2.5,1.5,0.0,1.5,17.5
5176518,Nils Cooper,2492,Pepperdine Waves,Guard,51.0,5,8,0,1,2,4,4,4,8,4,3,1,3,6,12,2,West Coast,0.625,0.0,0.5,0.625,25.5,2.5,4.0,0.0,0.5,2.0,2.0,4.0,2.0,1.5,0.5,1.5,6.0
5176519,Curtis Williams,2492,Pepperdine Waves,Guard,28.0,1,6,1,4,1,2,1,2,3,3,1,0,3,4,4,2,West Coast,0.16666666666666666,0.25,0.5,0.25,14.0,0.5,3.0,0.5,2.0,0.5,1.0,1.5,1.5,0.5,0.0,1.5,2.0
5176520,John Squire,2492,Pepperdine Waves,Forward,8.0,1,1,0,0,0,0,0,1,1,2,0,1,0,1,2,1,West Coast,1.0,,,1.0,8.0,1.0,1.0,0.0,0.0,0.0,1.0,1.0,2.0,0.0,1.0,0.0,2.0
5176529,Villiam Garcia Adsten,279,Pacific Tigers,Guard,12.0,0,2,0,0,0,0,1,3,4,0,1,0,1,1,0,1,West Coast,0.0,,,0.0,12.0,0.0,2.0,0.0,0.0,1.0,3.0,4.0,0.0,1.0,0.0,1.0,0.0
5176530,Tan Yildizoglu,279,Pacific Tigers,Guard,12.0,0,4,0,2,0,0,0,0,0,1,0,0,1,3,0,1,West Coast,0.0,0.0,,0.0,12.0,0.0,4.0,0.0,2.0,0.0,0.0,0.0,1.0,0.0,0.0,1.0,0.0
5176553,London Fields,309,Louisiana Ragin' Cajuns,Guard,25.0,2,5,2,5,2,2,0,1,1,0,3,0,3,1,8,2,Sun Belt,0.4,0.4,1.0,0.6,12.5,1.0,2.5,1.0,2.5,0.0,0.5,0.5,0.0,1.5,0.0,1.5,4.0
5176556,Brandon Hardy,309,Louisiana Ragin' Cajuns,Guard,53.0,6,18,3,11,2,5,0,5,5,3,3,0,2,3,17,2,Sun Belt,0.3333333333333333,0.2727272727272727,0.4,0.4166666666666667,26.5,3.0,9.0,1.5,5.5,0.0,2.5,2.5,1.5,1.5,0.0,1.0,8.5
5176560,Ryan Nutter,276,Marshall Thundering Herd,Guard,13.0,0,1,0,1,1,2,1,1,2,1,1,0,0,3,1,2,Sun Belt,0.0,0.0,0.5,0.0,6.5,0.0,0.5,0.0,0.5,0.5,0.5,1.0,0.5,0.5,0.0,0.0,0.5
5176571,Dani Pounds,295,Old Dominion Monarchs,Forward,24.0,0,1,0,0,3,4,3,4,7,0,0,0,2,4,3,1,Sun Belt,0.0,,0.75,0.0,24.0,0.0,1.0,0.0,0.0,3.0,4.0,7.0,0.0,0.0,0.0,2.0,3.0
5176572,Leeroy Odiahi,295,Old Dominion Monarchs,Center,4.0,0,0,0,0,0,0,0,1,1,0,0,0,1,2,0,1,Sun Belt,,,,,4.0,0.0,0.0,0.0,0.0,0.0,1.0,1.0,0.0,0.0,0.0,1.0,0.0
5176637,Errol White,2320,Lamar Cardinals,Forward,40.0,1,3,0,0,1,1,3,7,10,1,2,0,1,3,3,2,Southland,0.3333333333333333,,1.0,0.3333333333333333,20.0,0.5,1.5,0.0,0.0,1.5,3.5,5.0,0.5,1.0,0.0,0.5,1.5
5176641,Omar Cooper,2377,McNeese Cowboys,Guard,26.0,1,2,0,0,0,0,0,2,2,4,2,0,0,2,2,3,Southland,0.5,,,0.5,8.666666666666666,0.3333333333333333,0.6666666666666666,0.0,0.0,0.0,0.6666666666666666,0.6666666666666666,1.3333333333333333,0.6666666666666666,0.0,0.0,0.6666666666666666
5176653,Jah Short,2443,New Orleans Privateers,Guard,57.0,5,6,0,0,5,6,4,6,10,1,2,2,4,4,15,2,Southland,0.8333333333333334,,0.8333333333333334,0.8333333333333334,28.5,2.5,3.0,0.0,0.0,2.0,3.0,5.0,0.5,1.0,1.0,2.0,7.5
5176654,Carlos Hart,2443,New Orleans Privateers,Guard,36.0,2,7,1,4,6,8,1,6,7,0,1,2,0,4,11,2,Southland,0.2857142857142857,0.25,0.75,0.35714285714285715,18.0,1.0,3.5,0.5,2.0,0.5,3.0,3.5,0.0,0.5,1.0,0.0,5.5
5176662,Makaih Williams,250,UT Arlington Mavericks,Guard,57.0,7,15,3,7,3,4,3,2,5,7,3,0,7,7,20,3,United Athletic,0.4666666666666667,0.42857142857142855,0.75,0.5666666666666667,19.0,2.3333333333333335,5.0,1.0,2.3333333333333335,1.0,0.6666666666666666,1.6666666666666667,2.3333333333333335,1.0,0.0,2.3333333333333335,6.666666666666667
5176664,Kade Douglas,250,UT Arlington Mavericks,Guard,4.0,1,2,0,1,2,2,1,0,1,0,0,0,1,0,4,1,United Athletic,0.5,0.0,1.0,0.5,4.0,1.0,2.0,0.0,1.0,1.0,0.0,1.0,0.0,0.0,0.0,1.0,4.0
5176665,Jamal West Jr.,2447,Nicholls Colonels,Forward,90.0,6,17,1,3,6,7,6,11,17,4,1,0,7,8,19,3,Southland,0.35294117647058826,0.3333333333333333,0.8571428571428571,0.38235294117647056,30.0,2.0,5.666666666666667,0.3333333333333333,1.0,2.0,3.6666666666666665,5.666666666666667,1.3333333333333333,0.3333333333333333,0.0,2.3333333333333335,6.333333333333333
5176669,Cliff Davis,2466,Northwestern State Demons,Guard,25.0,6,14,1,3,1,1,2,0,2,1,0,0,1,4,14,1,Southland,0.42857142857142855,0.3333333333333333,1.0,0.4642857142857143,25.0,6.0,14.0,1.0,3.0,2.0,0.0,2.0,1.0,0.0,0.0,1.0,14.0
5176670,Jae Slack,2466,Northwestern State Demons,Guard,24.0,1,6,1,3,2,2,3,3,6,0,1,0,1,5,5,1,Southland,0.16666666666666666,0.3333333333333333,1.0,0.25,24.0,1.0,6.0,1.0,3.0,3.0,3.0,6.0,0.0,1.0,0.0,1.0,5.0
5176672,Chris Mubiru,2466,Northwestern State Demons,Guard,19.0,1,4,0,2,0,0,2,5,7,0,0,0,1,3,2,1,Southland,0.25,0.0,,0.25,19.0,1.0,4.0,0.0,2.0,2.0,5.0,7.0,0.0,0.0,0.0,1.0,2.0
5176673,J.C. Riley Jr.,2466,Northwestern State Demons,Center,8.0,0,2,0,0,0,0,2,0,2,0,0,0,0,0,0,1,Southland,0.0,,,0.0,8.0,0.0,2.0,0.0,0.0,2.0,0.0,2.0,0.0,0.0,0.0,0.0,0.0
5176674,Kam Burton,2545,SE Louisiana Lions,Guard,18.0,2,5,2,4,4,4,0,3,3,0,1,0,3,3,10,1,Southland,0.4,0.5,1.0,0.6,18.0,2.0,5.0,2.0,4.0,0.0,3.0,3.0,0.0,1.0,0.0,3.0,10.0
5176678,Dylan Canoville,2545,SE Louisiana Lions,Forward,10.0,2,4,0,0,0,2,4,1,5,0,0,0,2,3,4,1,Southland,0.5,,0.0,0.5,10.0,2.0,4.0,0.0,0.0,4.0,1.0,5.0,0.0,0.0,0.0,2.0,4.0
5176680,Isiah Gaiter,6,South Alabama Jaguars,Guard,32.0,2,7,0,1,0,0,0,2,2,2,1,0,0,4,4,1,Sun Belt,0.2857142857142857,0.0,,0.2857142857142857,32.0,2.0,7.0,0.0,1.0,0.0,2.0,2.0,2.0,1.0,0.0,0.0,4.0
5176681,Marcus Millender,6,South Alabama Jaguars,Guard,36.0,5,12,1,1,3,4,0,4,4,1,3,0,1,3,14,1,Sun Belt,0.4166666666666667,1.0,0.75,0.4583333333333333,36.0,5.0,12.0,1.0,1.0,0.0,4.0,4.0,1.0,3.0,0.0,1.0,14.0
5176684,Samuel Tabe,6,South Alabama Jaguars,Guard,16.0,3,8,0,0,1,3,1,1,2,0,0,0,2,3,7,1,Sun Belt,0.375,,0.3333333333333333,0.375,16.0,3.0,8.0,0.0,0.0,1.0,1.0,2.0,0.0,0.0,0.0,2.0,7.0
5176685,Kwo Agwa,2837,Texas A&M-Commerce Lions,Forward,59.0,8,14,1,4,5,12,2,3,5,0,0,2,0,2,22,2,Southland,0.5714285714285714,0.25,0.4166666666666667,0.6071428571428571,29.5,4.0,7.0,0.5,2.0,1.0,1.5,2.5,0.0,0.0,1.0,0.0,11.0
5176686,KC Ugwuakazi,2837,Texas A&M-Commerce Lions,Forward,27.0,3,6,1,1,2,4,3,2,5,0,0,1,1,6,9,2,Southland,0.5,1.0,0.5,0.5833333333333334,13.5,1.5,3.0,0.5,0.5,1.5,1.0,2.5,0.0,0.0,0.5,0.5,4.5
5176688,Evan Phelps,2837,Texas A&M-Commerce Lions,Guard,23.0,0,1,0,0,0,0,1,2,3,0,1,0,1,0,0,2,Southland,0.0,,,0.0,11.5,0.0,0.5,0.0,0.0,0.5,1.0,1.5,0.0,0.5,0.0,0.5,0.0
5176708,Dian Wright-Forde,357,Texas A&M-Corpus Christi Islanders,Guard,26.0,6,13,0,3,0,0,0,3,3,1,2,1,3,3,12,1,Southland,0.46153846153846156,0.0,,0.46153846153846156,26.0,6.0,13.0,0.0,3.0,0.0,3.0,3.0,1.0,2.0,1.0,3.0,12.0
5176710,Kam Parker,357,Texas A&M-Corpus Christi Islanders,Guard,40.0,4,13,1,8,6,8,2,1,3,3,3,0,2,3,15,2,Southland,0.3076923076923077,0.125,0.75,0.34615384615384615,20.0,2.0,6.5,0.5,4.0,1.0,0.5,1.5,1.5,1.5,0.0,1.0,7.5
5176712,Tedrick Washington Jr.,357,Texas A&M-Corpus Christi Islanders,Guard,6.0,1,1,0,0,0,0,0,0,0,1,0,0,0,1,2,1,Southland,1.0,,,1.0,6.0,1.0,1.0,0.0,0.0,0.0,0.0,0.0,1.0,0.0,0.0,0.0,2.0
5176727,Dontae Horne,326,Texas State Bobcats,Guard,72.0,9,23,0,4,21,26,2,9,11,7,4,1,5,8,39,4,Sun Belt,0.391304347826087,0.0,0.8076923076923077,0.391304347826087,18.0,2.25,5.75,0.0,1.0,0.5,2.25,2.75,1.75,1.0,0.25,1.25,9.75
5176732,Thomas Dowd,2653,Troy Trojans,Forward,23.0,2,2,0,0,0,0,1,1,2,0,3,0,1,2,4,1,Sun Belt,1.0,,,1.0,23.0,2.0,2.0,0.0,0.0,1.0,1.0,2.0,0.0,3.0,0.0,1.0,4.0
5176733,Marcus Rigsby Jr.,2653,Troy Trojans,Guard,14.0,2,2,2,2,0,0,0,0,0,1,0,0,2,1,6,1,Sun Belt,1.0,1.0,,1.5,14.0,2.0,2.0,2.0,2.0,0.0,0.0,0.0,1.0,0.0,0.0,2.0,6.0
5176734,Myles Rigsby,2653,Troy Trojans,Forward,11.0,1,2,0,0,1,2,1,1,2,2,1,0,0,1,3,1,Sun Belt,0.5,,0.5,0.5,11.0,1.0,2.0,0.0,0.0,1.0,1.0,2.0,2.0,1.0,0.0,0.0,3.0
5176736,Victor Valdes,2653,Troy Trojans,Forward,18.0,2,5,0,0,0,3,0,1,1,1,0,0,0,4,4,1,Sun Belt,0.4,,0.0,0.4,18.0,2.0,5.0,0.0,0.0,0.0,1.0,1.0,1.0,0.0,0.0,0.0,4.0
5176737,Tayton Conerway,2653,Troy Trojans,Guard,26.0,5,11,3,5,3,5,2,2,4,5,2,1,4,3,16,1,Sun Belt,0.45454545454545453,0.6,0.6,0.5909090909090909,26.0,5.0,11.0,3.0,5.0,2.0,2.0,4.0,5.0,2.0,1.0,4.0,16.0
5176741,Randarius Jones,2653,Troy Trojans,Center,12.0,0,1,0,0,4,6,0,2,2,0,1,0,1,3,4,1,Sun Belt,0.0,,0.6666666666666666,0.0,12.0,0.0,1.0,0.0,0.0,0.0,2.0,2.0,0.0,1.0,0.0,1.0,4.0
5176747,Tyreese Watson,2433,UL Monroe Warhawks,Guard,31.0,7,14,2,3,6,6,1,4,5,2,3,2,1,2,22,1,Sun Belt,0.5,0.6666666666666666,1.0,0.5714285714285714,31.0,7.0,14.0,2.0,3.0,1.0,4.0,5.0,2.0,3.0,2.0,1.0,22.0
5176752,Chris Fields Jr.,2450,Norfolk State Spartans,Forward,71.0,11,23,1,3,7,18,8,17,25,3,2,1,7,9,30,4,MEAC,0.4782608695652174,0.3333333333333333,0.3888888888888889,0.5,17.75,2.75,5.75,0.25,0.75,2.0,4.25,6.25,0.75,0.5,0.25,1.75,7.5
5176753,Tai Hamilton,2729,William & Mary Tribe,Forward,8.0,1,1,0,0,1,2,1,2,3,0,0,0,1,0,3,2,Coastal,1.0,,0.5,1.0,4.0,0.5,0.5,0.0,0.0,0.5,1.0,1.5,0.0,0.0,0.0,0.5,1.5
5176755,Jordan Marsh,2026,Appalachian State Mountaineers,Guard,22.0,8,11,0,1,0,0,0,0,0,0,2,0,3,1,16,3,Sun Belt,0.7272727272727273,0.0,,0.7272727272727273,7.333333333333333,2.6666666666666665,3.6666666666666665,0.0,0.3333333333333333,0.0,0.0,0.0,0.0,0.6666666666666666,0.0,1.0,5.333333333333333
5176758,TreVon Spillers,2026,Appalachian State Mountaineers,Forward,80.0,12,23,0,0,6,8,9,13,22,0,1,2,1,7,30,3,Sun Belt,0.5217391304347826,,0.75,0.5217391304347826,26.666666666666668,4.0,7.666666666666667,0.0,0.0,3.0,4.333333333333333,7.333333333333333,0.0,0.3333333333333333,0.6666666666666666,0.3333333333333333,10.0
5176765,Chris Loofe,2393,Middle Tennessee Blue Raiders,Forward,19.0,3,3,2,2,3,4,2,4,6,0,0,4,1,1,11,2,Conference USA,1.0,1.0,0.75,1.3333333333333333,9.5,1.5,1.5,1.0,1.0,1.0,2.0,3.0,0.0,0.0,2.0,0.5,5.5
5176768,Keylon Dorsey,166,New Mexico State Aggies,Guard,1.0,0,0,0,0,0,0,0,0,0,0,0,0,0,0,0,1,Conference USA,,,,,1.0,0.0,0.0,0.0,0.0,0.0,0.0,0.0,0.0,0.0,0.0,0.0,0.0
5176770,Jaden Harris,166,New Mexico State Aggies,Guard,24.0,2,8,0,2,0,0,0,2,2,1,1,0,4,1,4,1,Conference USA,0.25,0.0,,0.25,24.0,2.0,8.0,0.0,2.0,0.0,2.0,2.0,1.0,1.0,0.0,4.0,4.0
5176771,Yaak Yaak,166,New Mexico State Aggies,Forward,4.0,0,0,0,0,0,0,0,0,0,0,0,0,0,0,0,1,Conference USA,,,,,4.0,0.0,0.0,0.0,0.0,0.0,0.0,0.0,0.0,0.0,0.0,0.0,0.0
5176772,Owen McGlashan,2534,Sam Houston Bearkats,Guard,7.0,1,1,0,0,0,0,1,0,1,0,0,0,1,2,2,1,Conference USA,1.0,,,1.0,7.0,1.0,1.0,0.0,0.0,1.0,0.0,1.0,0.0,0.0,0.0,1.0,2.0
5176773,CJ Beaumont,2534,Sam Houston Bearkats,Guard,2.0,0,1,0,1,0,0,0,0,0,0,0,0,0,0,0,1,Conference USA,0.0,0.0,,0.0,2.0,0.0,1.0,0.0,1.0,0.0,0.0,0.0,0.0,0.0,0.0,0.0,0.0
5176774,Marcus Boykin,2534,Sam Houston Bearkats,Guard,25.0,5,8,1,2,2,4,0,2,2,3,0,0,4,5,13,2,Conference USA,0.625,0.5,0.5,0.6875,12.5,2.5,4.0,0.5,1.0,0.0,1.0,1.0,1.5,0.0,0.0,2.0,6.5
5176778,Jack Edelen,98,Western Kentucky Hilltoppers,Guard,43.0,2,4,0,1,0,0,1,4,5,9,3,0,1,3,4,4,Conference USA,0.5,0.0,,0.5,10.75,0.5,1.0,0.0,0.25,0.25,1.0,1.25,2.25,0.75,0.0,0.25,1.0
5176779,Enoch Kalambay,98,Western Kentucky Hilltoppers,Guard,80.0,6,13,1,2,12,15,6,18,24,4,2,2,3,5,25,4,Conference USA,0.46153846153846156,0.5,0.8,0.5,20.0,1.5,3.25,0.25,0.5,1.5,4.5,6.0,1.0,0.5,0.5,0.75,6.25
5176780,Teagan Moore,98,Western Kentucky Hilltoppers,Guard,77.0,4,15,0,3,7,8,2,18,20,3,2,1,7,6,15,4,Conference USA,0.26666666666666666,0.0,0.875,0.26666666666666666,19.25,1.0,3.75,0.0,0.75,0.5,4.5,5.0,0.75,0.5,0.25,1.75,3.75
5176781,Izzy Miles,2627,Tarleton State Texans,Guard,36.0,4,10,2,5,0,0,3,0,3,2,1,0,0,1,10,3,United Athletic,0.4,0.4,,0.5,12.0,1.3333333333333333,3.3333333333333335,0.6666666666666666,1.6666666666666667,1.0,0.0,1.0,0.6666666666666666,0.3333333333333333,0.0,0.0,3.3333333333333335
5176783,Traivar Jackson,2627,Tarleton State Texans,Forward,74.0,20,29,0,3,3,4,7,5,12,4,2,3,5,7,43,4,United Athletic,0.6896551724137931,0.0,0.75,0.6896551724137931,18.5,5.0,7.25,0.0,0.75,1.75,1.25,3.0,1.0,0.5,0.75,1.25,10.75
5176787,Emmanuel Innocenti,2627,Tarleton State Texans,Forward,116.0,7,19,3,10,4,4,3,22,25,16,6,1,6,6,21,4,United Athletic,0.3684210526315789,0.3,1.0,0.4473684210526316,29.0,1.75,4.75,0.75,2.5,0.75,5.5,6.25,4.0,1.5,0.25,1.5,5.25
5176788,Bubu Benjamin,2627,Tarleton State Texans,Guard,10.0,2,3,2,3,0,0,0,2,2,1,0,0,2,1,6,1,United Athletic,0.6666666666666666,0.6666666666666666,,1.0,10.0,2.0,3.0,2.0,3.0,0.0,2.0,2.0,1.0,0.0,0.0,2.0,6.0
5176789,Devon Barnes,2627,Tarleton State Texans,Guard,115.0,18,40,7,17,18,21,0,11,11,9,4,1,3,7,61,4,United Athletic,0.45,0.4117647058823529,0.8571428571428571,0.5375,28.75,4.5,10.0,1.75,4.25,0.0,2.75,2.75,2.25,1.0,0.25,0.75,15.25
5176792,Braeden MacVicar,324,Coastal Carolina Chanticleers,Forward,55.0,4,16,2,10,1,1,4,12,16,1,3,3,1,8,11,2,Sun Belt,0.25,0.2,1.0,0.3125,27.5,2.0,8.0,1.0,5.0,2.0,6.0,8.0,0.5,1.5,1.5,0.5,5.5
5176794,Jon Sanders,324,Coastal Carolina Chanticleers,Guard,21.0,3,11,1,1,0,0,0,2,2,3,0,0,5,2,7,2,Sun Belt,0.2727272727272727,1.0,,0.3181818181818182,10.5,1.5,5.5,0.5,0.5,0.0,1.0,1.0,1.5,0.0,0.0,2.5,3.5
5176795,Jacob Meyer,324,Coastal Carolina Chanticleers,Guard,77.0,18,35,4,11,14,14,1,10,11,7,0,0,12,2,54,2,Sun Belt,0.5142857142857142,0.36363636363636365,1.0,0.5714285714285714,38.5,9.0,17.5,2.0,5.5,0.5,5.0,5.5,3.5,0.0,0.0,6.0,27.0
5176796,Malik Tidwell,290,Georgia Southern Eagles,Guard,58.0,8,16,3,4,0,0,0,4,4,0,0,0,3,2,19,2,Sun Belt,0.5,0.75,,0.59375,29.0,4.0,8.0,1.5,2.0,0.0,2.0,2.0,0.0,0.0,0.0,1.5,9.5
5176798,Eren Banks,290,Georgia Southern Eagles,Guard,61.0,7,19,3,8,2,2,1,7,8,3,2,0,4,5,19,2,Sun Belt,0.3684210526315789,0.375,1.0,0.4473684210526316,30.5,3.5,9.5,1.5,4.0,0.5,3.5,4.0,1.5,1.0,0.0,2.0,9.5
5176799,Collin Kuhl,290,Georgia Southern Eagles,Forward,11.0,1,3,0,0,0,0,0,2,2,0,0,1,0,1,2,2,Sun Belt,0.3333333333333333,,,0.3333333333333333,5.5,0.5,1.5,0.0,0.0,0.0,1.0,1.0,0.0,0.0,0.5,0.0,1.0
5176801,Avantae Parker,290,Georgia Southern Eagles,Forward,66.0,10,22,0,1,5,8,8,11,19,4,6,6,8,10,25,2,Sun Belt,0.45454545454545453,0.0,0.625,0.45454545454545453,33.0,5.0,11.0,0.0,0.5,4.0,5.5,9.5,2.0,3.0,3.0,4.0,12.5
5176811,Elijah Jones,2739,Green Bay Phoenix,Forward,19.0,2,6,1,2,2,4,2,4,6,0,0,1,0,5,7,1,Horizon,0.3333333333333333,0.5,0.5,0.4166666666666667,19.0,2.0,6.0,1.0,2.0,2.0,4.0,6.0,0.0,0.0,1.0,0.0,7.0
5176814,Marcus Hall,2739,Green Bay Phoenix,Forward,9.0,0,0,0,0,2,2,0,1,1,0,0,0,2,4,2,1,Horizon,,,1.0,,9.0,0.0,0.0,0.0,0.0,0.0,1.0,1.0,0.0,0.0,0.0,2.0,2.0
5176815,David Douglas Jr.,2739,Green Bay Phoenix,Guard,27.0,3,7,1,5,0,1,1,5,6,1,2,1,1,4,7,1,Horizon,0.42857142857142855,0.2,0.0,0.5,27.0,3.0,7.0,1.0,5.0,1.0,5.0,6.0,1.0,2.0,1.0,1.0,7.0
5176817,Will Eames,2739,Green Bay Phoenix,Forward,7.0,0,2,0,1,0,0,1,0,1,0,0,0,0,2,0,1,Horizon,0.0,0.0,,0.0,7.0,0.0,2.0,0.0,1.0,1.0,0.0,1.0,0.0,0.0,0.0,0.0,0.0
5176818,Rich Byhre,2739,Green Bay Phoenix,Forward,34.0,7,11,3,6,2,3,1,5,6,1,0,1,1,2,19,1,Horizon,0.6363636363636364,0.5,0.6666666666666666,0.7727272727272727,34.0,7.0,11.0,3.0,6.0,1.0,5.0,6.0,1.0,0.0,1.0,1.0,19.0
5176835,Aaron Franklin,270,Milwaukee Panthers,Guard,53.0,6,9,0,1,1,3,3,14,17,0,0,1,2,4,13,4,Horizon,0.6666666666666666,0.0,0.3333333333333333,0.6666666666666666,13.25,1.5,2.25,0.0,0.25,0.75,3.5,4.25,0.0,0.0,0.25,0.5,3.25
5176836,Darius Duffy,270,Milwaukee Panthers,Forward,26.0,1,2,0,0,0,0,0,3,3,0,0,3,0,5,2,4,Horizon,0.5,,,0.5,6.5,0.25,0.5,0.0,0.0,0.0,0.75,0.75,0.0,0.0,0.75,0.0,0.5
5176937,DeAndre Craig,2172,Denver Pioneers,Guard,100.0,15,36,7,21,3,4,1,14,15,14,4,0,4,7,40,3,Summit League,0.4166666666666667,0.3333333333333333,0.75,0.5138888888888888,33.333333333333336,5.0,12.0,2.3333333333333335,7.0,0.3333333333333333,4.666666666666667,5.0,4.666666666666667,1.3333333333333333,0.0,1.3333333333333333,13.333333333333334
5176940,Tyson Garff,2172,Denver Pioneers,Guard,24.0,1,9,0,8,0,0,0,2,2,1,1,0,0,4,2,3,Summit League,0.1111111111111111,0.0,,0.1111111111111111,8.0,0.3333333333333333,3.0,0.0,2.6666666666666665,0.0,0.6666666666666666,0.6666666666666666,0.3333333333333333,0.3333333333333333,0.0,0.0,0.6666666666666666
5176947,Amar Kuljuhovic,155,North Dakota Fighting Hawks,Forward,29.0,3,7,0,1,2,3,3,8,11,0,0,0,2,2,8,1,Summit League,0.42857142857142855,0.0,0.6666666666666666,0.42857142857142855,29.0,3.0,7.0,0.0,1.0,3.0,8.0,11.0,0.0,0.0,0.0,2.0,8.0
5176954,Jeremiah Burke,2449,North Dakota State Bison,Forward,1.0,2,2,1,1,0,0,0,0,0,0,0,0,0,0,5,1,Summit League,1.0,1.0,,1.25,1.0,2.0,2.0,1.0,1.0,0.0,0.0,0.0,0.0,0.0,0.0,0.0,5.0
5176955,Darik Dissette,2449,North Dakota State Bison,Guard,7.0,0,1,0,1,0,1,0,0,0,0,0,0,1,1,0,1,Summit League,0.0,0.0,0.0,0.0,7.0,0.0,1.0,0.0,1.0,0.0,0.0,0.0,0.0,0.0,0.0,1.0,0.0
5177015,Grant Stubblefield,2437,Omaha Mavericks,Guard,27.0,2,4,0,2,0,0,2,3,5,4,0,1,2,4,4,2,Summit League,0.5,0.0,,0.5,13.5,1.0,2.0,0.0,1.0,1.0,1.5,2.5,2.0,0.0,0.5,1.0,2.0
5177036,Braeden Moore,198,Oral Roberts Golden Eagles,Forward,1.0,0,0,0,0,0,0,0,0,0,0,0,0,0,0,0,1,Summit League,,,,,1.0,0.0,0.0,0.0,0.0,0.0,0.0,0.0,0.0,0.0,0.0,0.0,0.0
5177038,Josh Jones,198,Oral Roberts Golden Eagles,Center,30.0,3,5,0,0,2,2,2,5,7,1,2,1,1,7,8,2,Summit League,0.6,,1.0,0.6,15.0,1.5,2.5,0.0,0.0,1.0,2.5,3.5,0.5,1.0,0.5,0.5,4.0
5177040,Jailen Bedford,198,Oral Roberts Golden Eagles,Guard,68.0,11,31,6,18,6,6,2,6,8,0,3,0,3,4,34,2,Summit League,0.3548387096774194,0.3333333333333333,1.0,0.45161290322580644,34.0,5.5,15.5,3.0,9.0,1.0,3.0,4.0,0.0,1.5,0.0,1.5,17.0
5177042,Isaac Bruns,233,South Dakota Coyotes,Guard,11.0,1,4,1,3,0,0,0,3,3,0,0,0,0,0,3,1,Summit League,0.25,0.3333333333333333,,0.375,11.0,1.0,4.0,1.0,3.0,0.0,3.0,3.0,0.0,0.0,0.0,0.0,3.0
5177043,Jake Brack,233,South Dakota Coyotes,Forward,3.0,0,0,0,0,0,0,0,0,0,0,0,0,0,0,0,1,Summit League,,,,,3.0,0.0,0.0,0.0,0.0,0.0,0.0,0.0,0.0,0.0,0.0,0.0,0.0
5177049,Bubz Alvarez,2571,South Dakota State Jackrabbits,Guard,2.0,0,0,0,0,0,0,0,0,0,1,1,0,1,0,0,2,Summit League,,,,,1.0,0.0,0.0,0.0,0.0,0.0,0.0,0.0,0.5,0.5,0.0,0.5,0.0
5177055,Raheem Anthony,2900,St. Thomas-Minnesota Tommies,Guard,68.0,5,15,0,6,1,3,6,10,16,4,2,0,8,4,11,2,Summit League,0.3333333333333333,0.0,0.3333333333333333,0.3333333333333333,34.0,2.5,7.5,0.0,3.0,3.0,5.0,8.0,2.0,1.0,0.0,4.0,5.5
5177091,Davon Ware,2099,Canisius Golden Griffins,Guard,25.0,2,6,0,4,0,0,0,0,0,1,0,0,2,1,4,2,MAAC,0.3333333333333333,0.0,,0.3333333333333333,12.5,1.0,3.0,0.0,2.0,0.0,0.0,0.0,0.5,0.0,0.0,1.0,2.0
5177095,Isaac Brice,314,Iona Gaels,Forward,2.0,0,0,0,0,0,0,0,0,0,0,0,0,0,1,0,1,MAAC,,,,,2.0,0.0,0.0,0.0,0.0,0.0,0.0,0.0,0.0,0.0,0.0,0.0,0.0
5177097,Jeremiah Quigley,314,Iona Gaels,Guard,66.0,10,21,4,6,7,10,3,13,16,9,0,0,5,5,31,2,MAAC,0.47619047619047616,0.6666666666666666,0.7,0.5714285714285714,33.0,5.0,10.5,2.0,3.0,1.5,6.5,8.0,4.5,0.0,0.0,2.5,15.5
5177098,Jean Aranguren,314,Iona Gaels,Guard,37.0,1,9,0,4,0,0,2,6,8,4,1,0,3,4,2,2,MAAC,0.1111111111111111,0.0,,0.1111111111111111,18.5,0.5,4.5,0.0,2.0,1.0,3.0,4.0,2.0,0.5,0.0,1.5,1.0
5177099,Sultan Adewale,314,Iona Gaels,Forward,26.0,2,5,0,0,2,2,4,2,6,1,0,2,1,2,6,2,MAAC,0.4,,1.0,0.4,13.0,1.0,2.5,0.0,0.0,2.0,1.0,3.0,0.5,0.0,1.0,0.5,3.0
5177100,Alex Bates IV,314,Iona Gaels,Guard,13.0,3,4,2,3,0,0,0,2,2,0,1,0,0,1,8,1,MAAC,0.75,0.6666666666666666,,1.0,13.0,3.0,4.0,2.0,3.0,0.0,2.0,2.0,0.0,1.0,0.0,0.0,8.0
5177104,Jasper Floyd,2217,Fairfield Stags,Guard,218.0,22,64,8,25,6,9,10,27,37,20,12,0,8,13,58,6,MAAC,0.34375,0.32,0.6666666666666666,0.40625,36.333333333333336,3.6666666666666665,10.666666666666666,1.3333333333333333,4.166666666666667,1.6666666666666667,4.5,6.166666666666667,3.3333333333333335,2.0,0.0,1.3333333333333333,9.666666666666666
5177105,Matt Curtis,2217,Fairfield Stags,Guard,99.0,12,28,7,18,5,7,0,5,5,2,1,0,3,2,36,4,MAAC,0.42857142857142855,0.3888888888888889,0.7142857142857143,0.5535714285714286,24.75,3.0,7.0,1.75,4.5,0.0,1.25,1.25,0.5,0.25,0.0,0.75,9.0
5177106,Alexis Yetna,2217,Fairfield Stags,Forward,179.0,23,48,2,16,10,11,12,38,50,3,6,4,5,12,58,6,MAAC,0.4791666666666667,0.125,0.9090909090909091,0.5,29.833333333333332,3.8333333333333335,8.0,0.3333333333333333,2.6666666666666665,2.0,6.333333333333333,8.333333333333334,0.5,1.0,0.6666666666666666,0.8333333333333334,9.666666666666666
5177107,Ryan McPartlan,2217,Fairfield Stags,Guard,1.0,1,1,0,0,0,0,0,0,0,0,1,0,0,0,2,1,MAAC,1.0,,,1.0,1.0,1.0,1.0,0.0,0.0,0.0,0.0,0.0,0.0,1.0,0.0,0.0,2.0
5177108,Luke Davidson,2217,Fairfield Stags,Guard,1.0,0,0,0,0,0,0,0,0,0,0,0,0,0,0,0,1,MAAC,,,,,1.0,0.0,0.0,0.0,0.0,0.0,0.0,0.0,0.0,0.0,0.0,0.0,0.0
5177111,Peyton Smith,2217,Fairfield Stags,Forward,64.0,7,20,0,3,7,9,2,4,6,2,1,4,0,7,21,6,MAAC,0.35,0.0,0.7777777777777778,0.35,10.666666666666666,1.1666666666666667,3.3333333333333335,0.0,0.5,0.3333333333333333,0.6666666666666666,1.0,0.3333333333333333,0.16666666666666666,0.6666666666666666,0.0,3.5
5177114,Seydou Traore,2363,Manhattan Jaspers,Guard,35.0,5,10,0,1,1,1,1,10,11,3,4,2,0,5,11,1,MAAC,0.5,0.0,1.0,0.5,35.0,5.0,10.0,0.0,1.0,1.0,10.0,11.0,3.0,4.0,2.0,0.0,11.0
5177115,Shaquil Bender,2363,Manhattan Jaspers,Guard,37.0,4,14,1,4,4,5,0,4,4,1,0,0,2,3,13,1,MAAC,0.2857142857142857,0.25,0.8,0.32142857142857145,37.0,4.0,14.0,1.0,4.0,0.0,4.0,4.0,1.0,0.0,0.0,2.0,13.0
5177116,Jaden Winston,2363,Manhattan Jaspers,Guard,40.0,6,9,1,2,4,4,0,4,4,4,0,0,7,5,17,1,MAAC,0.6666666666666666,0.5,1.0,0.7222222222222222,40.0,6.0,9.0,1.0,2.0,0.0,4.0,4.0,4.0,0.0,0.0,7.0,17.0
5177117,Wesley Robinson,2363,Manhattan Jaspers,Guard,22.0,2,3,1,2,2,2,0,6,6,0,1,2,0,1,7,1,MAAC,0.6666666666666666,0.5,1.0,0.8333333333333334,22.0,2.0,3.0,1.0,2.0,0.0,6.0,6.0,0.0,1.0,2.0,0.0,7.0
5177119,Jadin Collins,2368,Marist Red Foxes,Guard,69.0,13,19,1,2,3,5,1,5,6,8,6,0,3,3,30,2,MAAC,0.6842105263157895,0.5,0.6,0.7105263157894737,34.5,6.5,9.5,0.5,1.0,0.5,2.5,3.0,4.0,3.0,0.0,1.5,15.0
5177121,Josh Pascarelli,2368,Marist Red Foxes,Guard,58.0,6,17,2,8,0,0,2,6,8,4,0,0,3,4,14,2,MAAC,0.35294117647058826,0.25,,0.4117647058823529,29.0,3.0,8.5,1.0,4.0,1.0,3.0,4.0,2.0,0.0,0.0,1.5,7.0
5177122,De'Shayne Montgomery,116,Mount St. Mary's Mountaineers,Guard,35.0,11,21,3,5,1,2,1,3,4,0,2,0,3,2,26,1,MAAC,0.5238095238095238,0.6,0.5,0.5952380952380952,35.0,11.0,21.0,3.0,5.0,1.0,3.0,4.0,0.0,2.0,0.0,3.0,26.0
5177124,Patrick Haigh,116,Mount St. Mary's Mountaineers,Guard,2.0,0,1,0,1,0,0,0,0,0,0,0,0,0,0,0,1,MAAC,0.0,0.0,,0.0,2.0,0.0,1.0,0.0,1.0,0.0,0.0,0.0,0.0,0.0,0.0,0.0,0.0
5177125,Dallas Hobbs,116,Mount St. Mary's Mountaineers,Guard,13.0,0,0,0,0,1,2,0,3,3,1,0,0,3,2,1,1,MAAC,,,0.5,,13.0,0.0,0.0,0.0,0.0,0.0,3.0,3.0,1.0,0.0,0.0,3.0,1.0
5177126,Ahmad Henderson II,315,Niagara Purple Eagles,Guard,18.0,0,7,0,5,1,2,0,3,3,3,0,0,0,1,1,2,MAAC,0.0,0.0,0.5,0.0,9.0,0.0,3.5,0.0,2.5,0.0,1.5,1.5,1.5,0.0,0.0,0.0,0.5
5177137,Khaden Bennett,2514,Quinnipiac Bobcats,Guard,2.0,0,1,0,1,0,0,0,1,1,0,0,0,0,0,0,1,MAAC,0.0,0.0,,0.0,2.0,0.0,1.0,0.0,1.0,0.0,1.0,1.0,0.0,0.0,0.0,0.0,0.0
5177138,Doug Young,2514,Quinnipiac Bobcats,Guard,45.0,5,15,3,6,3,4,0,5,5,3,1,0,3,4,16,3,MAAC,0.3333333333333333,0.5,0.75,0.43333333333333335,15.0,1.6666666666666667,5.0,1.0,2.0,0.0,1.6666666666666667,1.6666666666666667,1.0,0.3333333333333333,0.0,1.0,5.333333333333333
5177139,Rihards Vavers,2514,Quinnipiac Bobcats,Forward,26.0,5,13,3,10,0,0,0,5,5,1,0,2,3,0,13,3,MAAC,0.38461538461538464,0.3,,0.5,8.666666666666666,1.6666666666666667,4.333333333333333,1.0,3.3333333333333335,0.0,1.6666666666666667,1.6666666666666667,0.3333333333333333,0.0,0.6666666666666666,1.0,4.333333333333333
5177140,Daemar Kelly,2514,Quinnipiac Bobcats,Guard,4.0,0,0,0,0,0,0,0,1,1,0,0,0,0,1,0,2,MAAC,,,,,2.0,0.0,0.0,0.0,0.0,0.0,0.5,0.5,0.0,0.0,0.0,0.0,0.0
5177144,Ruben Rodriguez,2520,Rider Broncs,Guard,13.0,1,3,0,1,0,2,0,3,3,0,1,0,0,0,2,1,MAAC,0.3333333333333333,0.0,0.0,0.3333333333333333,13.0,1.0,3.0,0.0,1.0,0.0,3.0,3.0,0.0,1.0,0.0,0.0,2.0
5177146,JT Langston Jr.,2520,Rider Broncs,Forward,11.0,0,0,0,0,0,2,0,1,1,1,0,0,0,3,0,1,MAAC,,,0.0,,11.0,0.0,0.0,0.0,0.0,0.0,1.0,1.0,1.0,0.0,0.0,0.0,0.0
5177148,Armoni Zeigler,2612,Saint Peter's Peacocks,Guard,28.0,1,5,1,2,2,3,0,0,0,1,0,0,2,4,5,4,MAAC,0.2,0.5,0.6666666666666666,0.3,7.0,0.25,1.25,0.25,0.5,0.0,0.0,0.0,0.25,0.0,0.0,0.5,1.25
5177149,Michael Houge,2612,Saint Peter's Peacocks,Guard,84.0,13,36,1,6,15,16,6,6,12,0,0,3,4,9,42,4,MAAC,0.3611111111111111,0.16666666666666666,0.9375,0.375,21.0,3.25,9.0,0.25,1.5,1.5,1.5,3.0,0.0,0.0,0.75,1.0,10.5
5177163,Bralyn Smith,2561,Siena Saints,Guard,24.0,2,8,0,3,0,0,0,3,3,1,0,0,0,1,4,1,MAAC,0.25,0.0,,0.25,24.0,2.0,8.0,0.0,3.0,0.0,3.0,3.0,1.0,0.0,0.0,0.0,4.0
5177165,Michael Ojo,2561,Siena Saints,Forward,2.0,0,1,0,1,0,0,0,0,0,0,0,0,1,1,0,1,MAAC,0.0,0.0,,0.0,2.0,0.0,1.0,0.0,1.0,0.0,0.0,0.0,0.0,0.0,0.0,1.0,0.0
5177166,Kyle Winters,2561,Siena Saints,Guard,13.0,1,1,0,0,0,0,0,1,1,0,0,0,2,0,2,1,MAAC,1.0,,,1.0,13.0,1.0,1.0,0.0,0.0,0.0,1.0,1.0,0.0,0.0,0.0,2.0,2.0
5177169,Max Frazier,2561,Siena Saints,Forward,1.0,0,0,0,0,0,0,0,0,0,0,0,0,0,0,0,1,MAAC,,,,,1.0,0.0,0.0,0.0,0.0,0.0,0.0,0.0,0.0,0.0,0.0,0.0,0.0
5177173,Jacob Huggins,163,Princeton Tigers,Forward,2.0,0,0,0,0,0,0,0,0,0,0,0,0,0,0,0,1,Ivy,,,,,2.0,0.0,0.0,0.0,0.0,0.0,0.0,0.0,0.0,0.0,0.0,0.0,0.0
5177174,Jackson Hicke,163,Princeton Tigers,Guard,10.0,1,3,0,0,0,0,2,1,3,0,0,0,0,1,2,2,Ivy,0.3333333333333333,,,0.3333333333333333,5.0,0.5,1.5,0.0,0.0,1.0,0.5,1.5,0.0,0.0,0.0,0.0,1.0
5177175,Dalen Davis,163,Princeton Tigers,Guard,37.0,9,23,2,10,4,5,1,1,2,2,1,0,3,3,24,2,Ivy,0.391304347826087,0.2,0.8,0.43478260869565216,18.5,4.5,11.5,1.0,5.0,0.5,0.5,1.0,1.0,0.5,0.0,1.5,12.0
5177185,Trevor Mullin,43,Yale Bulldogs,Guard,2.0,1,1,0,0,0,0,0,0,0,0,0,0,0,0,2,1,Ivy,1.0,,,1.0,2.0,1.0,1.0,0.0,0.0,0.0,0.0,0.0,0.0,0.0,0.0,0.0,2.0
5177187,Samson Aletan,43,Yale Bulldogs,Center,14.0,1,4,0,0,0,0,2,2,4,0,2,1,2,3,2,2,Ivy,0.25,,,0.25,7.0,0.5,2.0,0.0,0.0,1.0,1.0,2.0,0.0,1.0,0.5,1.0,1.0
5177193,Randall Pettus II,94,Northern Kentucky Norse,Guard,64.0,10,22,3,11,0,2,2,8,10,3,2,0,1,5,23,2,Horizon,0.45454545454545453,0.2727272727272727,0.0,0.5227272727272727,32.0,5.0,11.0,1.5,5.5,1.0,4.0,5.0,1.5,1.0,0.0,0.5,11.5
5177194,Jeramiah Israel,94,Northern Kentucky Norse,Guard,25.0,2,5,1,4,0,0,1,2,3,1,0,0,2,4,5,2,Horizon,0.4,0.25,,0.5,12.5,1.0,2.5,0.5,2.0,0.5,1.0,1.5,0.5,0.0,0.0,1.0,2.5
5177205,Jack Gohlke,2473,Oakland Golden Grizzlies,Guard,179.0,31,70,30,68,7,9,2,23,25,4,3,0,3,3,99,5,Horizon,0.44285714285714284,0.4411764705882353,0.7777777777777778,0.6571428571428571,35.8,6.2,14.0,6.0,13.6,0.4,4.6,5.0,0.8,0.6,0.0,0.6,19.8
5177206,DQ Cole,2473,Oakland Golden Grizzlies,Guard,153.0,19,43,8,21,7,10,7,17,24,20,5,2,10,18,53,5,Horizon,0.4418604651162791,0.38095238095238093,0.7,0.5348837209302325,30.6,3.8,8.6,1.6,4.2,1.4,3.4,4.8,4.0,1.0,0.4,2.0,10.6
5177207,Tuburu Naivalurua,2473,Oakland Golden Grizzlies,Forward,40.0,0,3,0,0,5,9,7,6,13,0,2,3,1,5,5,5,Horizon,0.0,,0.5555555555555556,0.0,8.0,0.0,0.6,0.0,0.0,1.4,1.2,2.6,0.0,0.4,0.6,0.2,1.0
5177211,Alvaro Folgueiras,2523,Robert Morris Colonials,Forward,29.0,5,8,2,5,0,0,1,4,5,0,1,3,2,4,12,1,Horizon,0.625,0.4,,0.75,29.0,5.0,8.0,2.0,5.0,1.0,4.0,5.0,0.0,1.0,3.0,2.0,12.0
5177227,Gabe Dynes,2754,Youngstown State Penguins,Center,10.0,2,4,0,0,0,0,3,4,7,0,0,0,1,0,4,1,Horizon,0.5,,,0.5,10.0,2.0,4.0,0.0,0.0,3.0,4.0,7.0,0.0,0.0,0.0,1.0,4.0
5177228,Allan Jeanne-Rose,2115,Central Connecticut Blue Devils,Forward,69.0,13,20,4,7,8,10,2,7,9,2,0,2,1,5,38,2,Northeast,0.65,0.5714285714285714,0.8,0.75,34.5,6.5,10.0,2.0,3.5,1.0,3.5,4.5,1.0,0.0,1.0,0.5,19.0
5177231,Jordan Jones,2115,Central Connecticut Blue Devils,Guard,70.0,12,27,3,10,6,10,1,5,6,4,2,1,2,5,33,2,Northeast,0.4444444444444444,0.3,0.6,0.5,35.0,6.0,13.5,1.5,5.0,0.5,2.5,3.0,2.0,1.0,0.5,1.0,16.5
5177232,Jameel Morris,161,Fairleigh Dickinson Knights,Guard,7.0,0,1,0,1,0,0,0,1,1,0,0,0,0,1,0,1,Northeast,0.0,0.0,,0.0,7.0,0.0,1.0,0.0,1.0,0.0,1.0,1.0,0.0,0.0,0.0,0.0,0.0
5177233,Terrence Brown,161,Fairleigh Dickinson Knights,Guard,24.0,2,7,0,0,2,2,0,4,4,2,0,0,4,3,6,1,Northeast,0.2857142857142857,,1.0,0.2857142857142857,24.0,2.0,7.0,0.0,0.0,0.0,4.0,4.0,2.0,0.0,0.0,4.0,6.0
5177234,DeVante Jamison,161,Fairleigh Dickinson Knights,Guard,8.0,1,4,0,1,0,0,0,2,2,1,0,0,1,1,2,1,Northeast,0.25,0.0,,0.25,8.0,1.0,4.0,0.0,1.0,0.0,2.0,2.0,1.0,0.0,0.0,1.0,2.0
5177235,Davin Francis,161,Fairleigh Dickinson Knights,Forward,2.0,1,1,1,1,0,0,0,1,1,0,0,0,0,0,3,1,Northeast,1.0,1.0,,1.5,2.0,1.0,1.0,1.0,1.0,0.0,1.0,1.0,0.0,0.0,0.0,0.0,3.0
5177238,Jacob Warren,161,Fairleigh Dickinson Knights,Center,2.0,0,2,0,0,0,0,1,0,1,0,0,0,0,0,0,1,Northeast,0.0,,,0.0,2.0,0.0,2.0,0.0,0.0,1.0,0.0,1.0,0.0,0.0,0.0,0.0,0.0
5177246,Isaiah Salter,2330,Le Moyne Dolphins,Guard,36.0,2,4,2,4,2,2,0,1,1,3,2,1,1,2,8,2,Northeast,0.5,0.5,1.0,0.75,18.0,1.0,2.0,1.0,2.0,0.0,0.5,0.5,1.5,1.0,0.5,0.5,4.0
5177247,AJ Dancler,2330,Le Moyne Dolphins,Guard,11.0,0,3,0,3,1,2,0,2,2,1,0,0,0,4,1,2,Northeast,0.0,0.0,0.5,0.0,5.5,0.0,1.5,0.0,1.5,0.0,1.0,1.0,0.5,0.0,0.0,0.0,0.5
5177249,C.J. Moore,2330,Le Moyne Dolphins,Guard,2.0,0,1,0,1,0,0,0,0,0,0,0,0,0,0,0,1,Northeast,0.0,0.0,,0.0,2.0,0.0,1.0,0.0,1.0,0.0,0.0,0.0,0.0,0.0,0.0,0.0,0.0
5177250,Trent Mosquera,2330,Le Moyne Dolphins,Guard,2.0,0,1,0,1,0,0,0,0,0,0,0,0,0,0,0,1,Northeast,0.0,0.0,,0.0,2.0,0.0,1.0,0.0,1.0,0.0,0.0,0.0,0.0,0.0,0.0,0.0,0.0
5177251,Kaelin Thomas,2330,Le Moyne Dolphins,Guard,2.0,0,0,0,0,0,0,0,0,0,2,0,0,0,0,0,1,Northeast,,,,,2.0,0.0,0.0,0.0,0.0,0.0,0.0,0.0,2.0,0.0,0.0,0.0,0.0
5177252,Ocypher Owens,2330,Le Moyne Dolphins,Forward,29.0,2,11,0,5,0,2,4,7,11,2,0,2,1,1,4,2,Northeast,0.18181818181818182,0.0,0.0,0.18181818181818182,14.5,1.0,5.5,0.0,2.5,2.0,3.5,5.5,1.0,0.0,1.0,0.5,2.0
5177253,Nate Fouts,2330,Le Moyne Dolphins,Forward,11.0,2,4,1,2,0,0,1,4,5,0,0,0,2,0,5,2,Northeast,0.5,0.5,,0.625,5.5,1.0,2.0,0.5,1.0,0.5,2.0,2.5,0.0,0.0,0.0,1.0,2.5
5177260,Eric Acker,112358,Long Island University Sharks,Guard,9.0,2,2,1,1,0,0,0,0,0,1,0,0,1,1,5,1,Northeast,1.0,1.0,,1.25,9.0,2.0,2.0,1.0,1.0,0.0,0.0,0.0,1.0,0.0,0.0,1.0,5.0
5177263,Jason Steele,112358,Long Island University Sharks,Forward,32.0,2,9,0,1,1,2,1,4,5,0,3,0,3,3,5,1,Northeast,0.2222222222222222,0.0,0.5,0.2222222222222222,32.0,2.0,9.0,0.0,1.0,1.0,4.0,5.0,0.0,3.0,0.0,3.0,5.0
5177264,Nikola Djapa,112358,Long Island University Sharks,Forward,19.0,1,4,0,0,0,0,4,3,7,0,1,0,1,1,2,1,Northeast,0.25,,,0.25,19.0,1.0,4.0,0.0,0.0,4.0,3.0,7.0,0.0,1.0,0.0,1.0,2.0
5177275,Adam Clark,2771,Merrimack Warriors,Guard,111.0,18,40,0,2,14,16,3,11,14,14,7,1,4,7,50,3,Northeast,0.45,0.0,0.875,0.45,37.0,6.0,13.333333333333334,0.0,0.6666666666666666,1.0,3.6666666666666665,4.666666666666667,4.666666666666667,2.3333333333333335,0.3333333333333333,1.3333333333333333,16.666666666666668
5177279,Kyle McGee,2529,Sacred Heart Pioneers,Guard,31.0,2,7,0,2,3,5,0,5,5,2,3,1,2,1,7,1,Northeast,0.2857142857142857,0.0,0.6,0.2857142857142857,31.0,2.0,7.0,0.0,2.0,0.0,5.0,5.0,2.0,3.0,1.0,2.0,7.0
5177282,Alex Sobel,2529,Sacred Heart Pioneers,Forward,37.0,5,13,0,1,5,8,3,8,11,1,0,2,1,3,15,1,Northeast,0.38461538461538464,0.0,0.625,0.38461538461538464,37.0,5.0,13.0,0.0,1.0,3.0,8.0,11.0,1.0,0.0,2.0,1.0,15.0
5177283,Braylen Blue,2598,St. Francis (PA) Red Flash,Guard,17.0,1,2,1,2,0,0,0,1,1,2,0,0,0,1,3,1,Northeast,0.5,0.5,,0.75,17.0,1.0,2.0,1.0,2.0,0.0,1.0,1.0,2.0,0.0,0.0,0.0,3.0
5177284,Aaron Talbert,2598,St. Francis (PA) Red Flash,Guard,39.0,3,9,2,4,0,0,0,3,3,3,1,0,3,2,8,1,Northeast,0.3333333333333333,0.5,,0.4444444444444444,39.0,3.0,9.0,2.0,4.0,0.0,3.0,3.0,3.0,1.0,0.0,3.0,8.0
5177285,Carlos Lopez Jr.,2598,St. Francis (PA) Red Flash,Guard,39.0,3,12,3,9,0,0,0,0,0,3,1,0,2,2,9,1,Northeast,0.25,0.3333333333333333,,0.375,39.0,3.0,12.0,3.0,9.0,0.0,0.0,0.0,3.0,1.0,0.0,2.0,9.0
5177286,Eli Wilborn,2598,St. Francis (PA) Red Flash,Forward,25.0,7,9,1,1,4,6,1,5,6,0,1,0,1,3,19,1,Northeast,0.7777777777777778,1.0,0.6666666666666666,0.8333333333333334,25.0,7.0,9.0,1.0,1.0,1.0,5.0,6.0,0.0,1.0,0.0,1.0,19.0
5177288,Bobby Rosenberger III,2598,St. Francis (PA) Red Flash,Guard,22.0,1,4,0,2,1,2,3,1,4,4,0,0,1,4,3,1,Northeast,0.25,0.0,0.5,0.25,22.0,1.0,4.0,0.0,2.0,3.0,1.0,4.0,4.0,0.0,0.0,1.0,3.0
5177292,Aidan Harris,2598,St. Francis (PA) Red Flash,Forward,35.0,4,5,2,2,0,0,3,2,5,2,2,0,0,4,10,1,Northeast,0.8,1.0,,1.0,35.0,4.0,5.0,2.0,2.0,3.0,2.0,5.0,2.0,2.0,0.0,0.0,10.0
5177299,Tyje Kelton,2681,Wagner Seahawks,Forward,98.0,9,24,6,13,5,8,8,12,20,0,2,3,0,7,29,5,Northeast,0.375,0.46153846153846156,0.625,0.5,19.6,1.8,4.8,1.2,2.6,1.6,2.4,4.0,0.0,0.4,0.6,0.0,5.8
5177301,Melvin Council Jr.,2681,Wagner Seahawks,Guard,177.0,27,69,2,15,9,18,3,22,25,13,5,3,12,7,65,5,Northeast,0.391304347826087,0.13333333333333333,0.5,0.4057971014492754,35.4,5.4,13.8,0.4,3.0,0.6,4.4,5.0,2.6,1.0,0.6,2.4,13.0
5177340,Corey Sawyer,2197,Eastern Illinois Panthers,Guard,7.0,0,3,0,2,0,0,1,0,1,0,0,0,2,1,0,1,Ohio Valley,0.0,0.0,,0.0,7.0,0.0,3.0,0.0,2.0,1.0,0.0,1.0,0.0,0.0,0.0,2.0,0.0
5177341,Nakyel Shelton,2197,Eastern Illinois Panthers,Guard,34.0,7,12,2,5,4,5,4,1,5,1,0,0,2,3,20,1,Ohio Valley,0.5833333333333334,0.4,0.8,0.6666666666666666,34.0,7.0,12.0,2.0,5.0,4.0,1.0,5.0,1.0,0.0,0.0,2.0,20.0
5177352,Bradley Douglas,2031,Little Rock Trojans,Guard,54.0,9,22,2,9,0,0,1,5,6,4,1,1,4,3,20,3,Ohio Valley,0.4090909090909091,0.2222222222222222,,0.45454545454545453,18.0,3.0,7.333333333333333,0.6666666666666666,3.0,0.3333333333333333,1.6666666666666667,2.0,1.3333333333333333,0.3333333333333333,0.3333333333333333,1.3333333333333333,6.666666666666667
5177353,Creed Williamson,2031,Little Rock Trojans,Forward,29.0,2,3,0,0,3,4,2,7,9,1,0,0,3,1,7,3,Ohio Valley,0.6666666666666666,,0.75,0.6666666666666666,9.666666666666666,0.6666666666666666,1.0,0.0,0.0,0.6666666666666666,2.3333333333333335,3.0,0.3333333333333333,0.0,0.0,1.0,2.3333333333333335
5177355,Cougar Downing,2031,Little Rock Trojans,Guard,14.0,0,0,0,0,0,0,0,1,1,0,0,0,0,2,0,2,Ohio Valley,,,,,7.0,0.0,0.0,0.0,0.0,0.0,0.5,0.5,0.0,0.0,0.0,0.0,0.0
5177356,Kristiyan Popov,2031,Little Rock Trojans,Guard,2.0,0,0,0,0,0,0,0,1,1,0,0,0,0,1,0,1,Ohio Valley,,,,,2.0,0.0,0.0,0.0,0.0,0.0,1.0,1.0,0.0,0.0,0.0,0.0,0.0
5177357,Nikola Milosevic,2031,Little Rock Trojans,Forward,3.0,0,0,0,0,0,0,0,1,1,0,0,0,0,0,0,1,Ohio Valley,,,,,3.0,0.0,0.0,0.0,0.0,0.0,1.0,1.0,0.0,0.0,0.0,0.0,0.0
5177358,Jerone Morton,2413,Morehead State Eagles,Guard,7.0,0,0,0,0,3,4,0,2,2,0,0,1,0,1,3,2,Ohio Valley,,,0.75,,3.5,0.0,0.0,0.0,0.0,0.0,1.0,1.0,0.0,0.0,0.5,0.0,1.5
5177359,Eddie Ricks III,2413,Morehead State Eagles,Guard,97.0,9,24,1,11,2,6,3,21,24,9,1,3,4,5,21,4,Ohio Valley,0.375,0.09090909090909091,0.3333333333333333,0.3958333333333333,24.25,2.25,6.0,0.25,2.75,0.75,5.25,6.0,2.25,0.25,0.75,1.0,5.25
5177360,George Marshall,2413,Morehead State Eagles,Guard,3.0,0,0,0,0,2,4,1,2,3,1,0,0,0,1,2,2,Ohio Valley,,,0.5,,1.5,0.0,0.0,0.0,0.0,0.5,1.0,1.5,0.5,0.0,0.0,0.0,1.0
5177362,Riley Minix,2413,Morehead State Eagles,Guard,154.0,35,72,12,31,17,20,12,18,30,5,7,2,9,12,99,4,Ohio Valley,0.4861111111111111,0.3870967741935484,0.85,0.5694444444444444,38.5,8.75,18.0,3.0,7.75,3.0,4.5,7.5,1.25,1.75,0.5,2.25,24.75
5177364,Jordan Pickett,2565,SIU Edwardsville Cougars,Guard,1.0,0,0,0,0,0,0,0,1,1,1,0,0,0,0,0,1,Ohio Valley,,,,,1.0,0.0,0.0,0.0,0.0,0.0,1.0,1.0,1.0,0.0,0.0,0.0,0.0
5177372,Javius Moore,88,Southern Indiana Screaming Eagles,Guard,34.0,3,10,2,8,2,2,3,1,4,0,0,1,1,1,10,1,Ohio Valley,0.3,0.25,1.0,0.4,34.0,3.0,10.0,2.0,8.0,3.0,1.0,4.0,0.0,0.0,1.0,1.0,10.0
5177375,Johnny Semany,88,Southern Indiana Screaming Eagles,Guard,2.0,0,0,0,0,0,0,0,0,0,0,0,0,0,0,0,1,Ohio Valley,,,,,2.0,0.0,0.0,0.0,0.0,0.0,0.0,0.0,0.0,0.0,0.0,0.0,0.0
5177515,Kimahri Wilson,2617,Stephen F. Austin Lumberjacks,Guard,8.0,0,1,0,1,4,4,0,1,1,3,0,0,0,1,4,1,United Athletic,0.0,0.0,1.0,0.0,8.0,0.0,1.0,0.0,1.0,0.0,1.0,1.0,3.0,0.0,0.0,0.0,4.0
5177516,Chrishawn Christmas,2617,Stephen F. Austin Lumberjacks,Guard,60.0,10,18,1,1,3,4,4,7,11,2,1,1,1,4,24,2,United Athletic,0.5555555555555556,1.0,0.75,0.5833333333333334,30.0,5.0,9.0,0.5,0.5,2.0,3.5,5.5,1.0,0.5,0.5,0.5,12.0
5177519,Clayton Southwick,2617,Stephen F. Austin Lumberjacks,Forward,24.0,1,2,0,0,0,2,0,1,1,0,2,1,1,4,2,2,United Athletic,0.5,,0.0,0.5,12.0,0.5,1.0,0.0,0.0,0.0,0.5,0.5,0.0,1.0,0.5,0.5,1.0
5177521,AC Bryant,2010,Alabama A&M Bulldogs,Guard,31.0,1,10,0,4,0,0,1,3,4,1,3,1,0,4,2,4,SWAC,0.1,0.0,,0.1,7.75,0.25,2.5,0.0,1.0,0.25,0.75,1.0,0.25,0.75,0.25,0.0,0.5
5177525,Dylan Mclean,2010,Alabama A&M Bulldogs,Guard,20.0,3,8,2,7,3,3,1,2,3,0,0,0,0,2,11,2,SWAC,0.375,0.2857142857142857,1.0,0.5,10.0,1.5,4.0,1.0,3.5,0.5,1.0,1.5,0.0,0.0,0.0,0.0,5.5
5177526,Chad Moodie,2010,Alabama A&M Bulldogs,Forward,109.0,20,34,0,0,10,14,3,14,17,1,2,5,10,4,50,4,SWAC,0.5882352941176471,,0.7142857142857143,0.5882352941176471,27.25,5.0,8.5,0.0,0.0,0.75,3.5,4.25,0.25,0.5,1.25,2.5,12.5
5177528,CJ Hines,2011,Alabama State Hornets,Guard,25.0,3,11,2,7,0,0,1,0,1,4,3,0,1,5,8,1,SWAC,0.2727272727272727,0.2857142857142857,,0.36363636363636365,25.0,3.0,11.0,2.0,7.0,1.0,0.0,1.0,4.0,3.0,0.0,1.0,8.0
5177530,Micah Octave,2011,Alabama State Hornets,Guard,39.0,1,5,1,4,0,0,2,6,8,0,0,0,1,2,3,1,SWAC,0.2,0.25,,0.3,39.0,1.0,5.0,1.0,4.0,2.0,6.0,8.0,0.0,0.0,0.0,1.0,3.0
5177532,Ubong Okon,2011,Alabama State Hornets,Center,17.0,1,2,0,0,0,0,0,4,4,0,2,3,0,0,2,1,SWAC,0.5,,,0.5,17.0,1.0,2.0,0.0,0.0,0.0,4.0,4.0,0.0,2.0,3.0,0.0,2.0
5177533,Sean Smith,2011,Alabama State Hornets,Guard,9.0,2,4,1,1,0,0,1,0,1,0,0,0,0,1,5,1,SWAC,0.5,1.0,,0.625,9.0,2.0,4.0,1.0,1.0,1.0,0.0,1.0,0.0,0.0,0.0,0.0,5.0
5177534,Stephen Byard,2016,Alcorn State Braves,Forward,8.0,1,2,0,0,1,2,0,0,0,0,1,0,0,0,3,1,SWAC,0.5,,0.5,0.5,8.0,1.0,2.0,0.0,0.0,0.0,0.0,0.0,0.0,1.0,0.0,0.0,3.0
5177538,Jalyke Gaines-Wyatt,2016,Alcorn State Braves,Point Guard,19.0,2,3,0,0,6,8,0,2,2,4,0,0,2,2,10,1,SWAC,0.6666666666666666,,0.75,0.6666666666666666,19.0,2.0,3.0,0.0,0.0,0.0,2.0,2.0,4.0,0.0,0.0,2.0,10.0
5177539,Djahi Binet,2016,Alcorn State Braves,Forward,14.0,0,1,0,0,0,0,1,1,2,0,0,0,0,2,0,1,SWAC,0.0,,,0.0,14.0,0.0,1.0,0.0,0.0,1.0,1.0,2.0,0.0,0.0,0.0,0.0,0.0
5177572,Kintavious Dozier,2755,Grambling Tigers,Guard,137.0,22,58,4,15,14,21,6,13,19,10,2,4,9,5,62,5,SWAC,0.3793103448275862,0.26666666666666666,0.6666666666666666,0.41379310344827586,27.4,4.4,11.6,0.8,3.0,1.2,2.6,3.8,2.0,0.4,0.8,1.8,12.4
5177573,Mikale Stevenson,2755,Grambling Tigers,Guard,85.0,12,23,2,4,4,5,1,11,12,5,7,0,4,4,30,5,SWAC,0.5217391304347826,0.5,0.8,0.5652173913043478,17.0,2.4,4.6,0.4,0.8,0.2,2.2,2.4,1.0,1.4,0.0,0.8,6.0
5177603,Brentay Noel,2582,Southern Jaguars,Forward,17.0,1,1,0,0,0,2,2,4,6,1,0,1,3,4,2,1,SWAC,1.0,,0.0,1.0,17.0,1.0,1.0,0.0,0.0,2.0,4.0,6.0,1.0,0.0,1.0,3.0,2.0
5177605,Jordan Johnson,2582,Southern Jaguars,Guard,27.0,2,10,1,7,1,2,0,2,2,1,1,0,3,2,6,1,SWAC,0.2,0.14285714285714285,0.5,0.25,27.0,2.0,10.0,1.0,7.0,0.0,2.0,2.0,1.0,1.0,0.0,3.0,6.0
5177606,Tidjiane Dioumassi,2582,Southern Jaguars,Guard,28.0,7,12,0,2,3,5,1,3,4,1,1,0,3,4,17,1,SWAC,0.5833333333333334,0.0,0.6,0.5833333333333334,28.0,7.0,12.0,0.0,2.0,1.0,3.0,4.0,1.0,1.0,0.0,3.0,17.0
5177607,Delang Muon,2582,Southern Jaguars,Forward,8.0,1,1,0,0,2,2,1,0,1,0,0,0,0,1,4,1,SWAC,1.0,,1.0,1.0,8.0,1.0,1.0,0.0,0.0,1.0,0.0,1.0,0.0,0.0,0.0,0.0,4.0
5177608,Jaylen Wysinger,2640,Texas Southern Tigers,Guard,95.0,12,34,4,11,8,9,1,14,15,5,3,0,7,11,36,4,SWAC,0.35294117647058826,0.36363636363636365,0.8888888888888888,0.4117647058823529,23.75,3.0,8.5,1.0,2.75,0.25,3.5,3.75,1.25,0.75,0.0,1.75,9.0
5177609,Jonathan Cisse,2640,Texas Southern Tigers,Guard,151.0,24,52,2,11,24,31,7,15,22,17,3,1,10,5,74,4,SWAC,0.46153846153846156,0.18181818181818182,0.7741935483870968,0.4807692307692308,37.75,6.0,13.0,0.5,2.75,1.75,3.75,5.5,4.25,0.75,0.25,2.5,18.5
5177650,Shay Davis,2710,Western Illinois Leathernecks,Guard,3.0,0,1,0,1,0,0,0,0,0,1,0,0,0,0,0,1,Ohio Valley,0.0,0.0,,0.0,3.0,0.0,1.0,0.0,1.0,0.0,0.0,0.0,1.0,0.0,0.0,0.0,0.0
5177651,James Dent Jr.,2710,Western Illinois Leathernecks,Guard,36.0,0,11,0,6,1,2,1,7,8,3,3,0,1,2,1,2,Ohio Valley,0.0,0.0,0.5,0.0,18.0,0.0,5.5,0.0,3.0,0.5,3.5,4.0,1.5,1.5,0.0,0.5,0.5
5177652,De'Meiko Anderson,2710,Western Illinois Leathernecks,Guard,3.0,1,4,1,4,0,0,0,0,0,0,0,0,0,0,3,1,Ohio Valley,0.25,0.25,,0.375,3.0,1.0,4.0,1.0,4.0,0.0,0.0,0.0,0.0,0.0,0.0,0.0,3.0
5177654,Drew Cisse,2710,Western Illinois Leathernecks,Center,62.0,4,10,0,0,4,8,8,12,20,4,2,5,5,7,12,2,Ohio Valley,0.4,,0.5,0.4,31.0,2.0,5.0,0.0,0.0,4.0,6.0,10.0,2.0,1.0,2.5,2.5,6.0
5177655,Tay Knox,2710,Western Illinois Leathernecks,Forward,26.0,1,3,0,0,2,4,2,6,8,2,0,1,3,2,4,2,Ohio Valley,0.3333333333333333,,0.5,0.3333333333333333,13.0,0.5,1.5,0.0,0.0,1.0,3.0,4.0,1.0,0.0,0.5,1.5,2.0
5177676,Isaac Jones,56,Stetson Hatters,Guard,1.0,0,0,0,0,0,0,0,0,0,0,0,0,0,0,0,1,ASUN,,,,,1.0,0.0,0.0,0.0,0.0,0.0,0.0,0.0,0.0,0.0,0.0,0.0,0.0
5177677,Alex Doyle,56,Stetson Hatters,Forward,9.0,0,1,0,1,0,0,0,0,0,0,0,0,0,0,0,2,ASUN,0.0,0.0,,0.0,4.5,0.0,0.5,0.0,0.5,0.0,0.0,0.0,0.0,0.0,0.0,0.0,0.0
5177678,Finley Sheridan,56,Stetson Hatters,Forward,2.0,0,0,0,0,0,0,0,1,1,0,0,1,0,0,0,1,ASUN,,,,,2.0,0.0,0.0,0.0,0.0,0.0,1.0,1.0,0.0,0.0,1.0,0.0,0.0
5177679,Naeem Lewis,56,Stetson Hatters,Guard,1.0,0,0,0,0,0,0,0,0,0,0,0,0,0,0,0,1,ASUN,,,,,1.0,0.0,0.0,0.0,0.0,0.0,0.0,0.0,0.0,0.0,0.0,0.0,0.0
5177684,Varick Lewis,299,Long Beach State Beach,Guard,3.0,0,3,0,2,0,0,0,1,1,1,0,0,0,0,0,2,Big West,0.0,0.0,,0.0,1.5,0.0,1.5,0.0,1.0,0.0,0.5,0.5,0.5,0.0,0.0,0.0,0.0
5177685,Okechukwu Okeke,2229,Florida International Panthers,Forward,27.0,2,2,0,0,1,2,1,3,4,0,0,1,3,0,5,2,Conference USA,1.0,,0.5,1.0,13.5,1.0,1.0,0.0,0.0,0.5,1.5,2.0,0.0,0.0,0.5,1.5,2.5
5177686,Jaidon Lipscomb,2229,Florida International Panthers,Guard,30.0,1,6,1,5,0,0,0,0,0,3,0,1,1,2,3,2,Conference USA,0.16666666666666666,0.2,,0.25,15.0,0.5,3.0,0.5,2.5,0.0,0.0,0.0,1.5,0.0,0.5,0.5,1.5
5177690,Corey Camper Jr.,2638,UTEP Miners,Guard,111.0,13,27,5,12,3,4,3,10,13,5,7,0,5,7,34,3,Conference USA,0.48148148148148145,0.4166666666666667,0.75,0.5740740740740741,37.0,4.333333333333333,9.0,1.6666666666666667,4.0,1.0,3.3333333333333335,4.333333333333333,1.6666666666666667,2.3333333333333335,0.0,1.6666666666666667,11.333333333333334
5177691,David Terrell Jr.,2638,UTEP Miners,Guard,54.0,5,11,0,1,7,10,3,3,6,4,3,0,6,5,17,3,Conference USA,0.45454545454545453,0.0,0.7,0.45454545454545453,18.0,1.6666666666666667,3.6666666666666665,0.0,0.3333333333333333,1.0,1.0,2.0,1.3333333333333333,1.0,0.0,2.0,5.666666666666667
5177692,Trey Horton,2638,UTEP Miners,Guard,18.0,4,7,3,5,2,2,1,1,2,0,0,0,0,1,13,3,Conference USA,0.5714285714285714,0.6,1.0,0.7857142857142857,6.0,1.3333333333333333,2.3333333333333335,1.0,1.6666666666666667,0.3333333333333333,0.3333333333333333,0.6666666666666666,0.0,0.0,0.0,0.0,4.333333333333333
5177695,Chase Henderson,149,Montana Grizzlies,Guard,48.0,7,12,1,2,5,7,1,2,3,3,1,0,5,5,20,4,Big Sky,0.5833333333333334,0.5,0.7142857142857143,0.625,12.0,1.75,3.0,0.25,0.5,0.25,0.5,0.75,0.75,0.25,0.0,1.25,5.0
5177698,Connor Dick,149,Montana Grizzlies,Guard,1.0,0,0,0,0,0,0,0,0,0,0,0,0,0,0,0,1,Big Sky,,,,,1.0,0.0,0.0,0.0,0.0,0.0,0.0,0.0,0.0,0.0,0.0,0.0,0.0
5177699,Jalin Rice,325,Cleveland State Vikings,Guard,44.0,5,9,1,1,0,5,4,3,7,3,3,0,2,3,11,4,Horizon,0.5555555555555556,1.0,0.0,0.6111111111111112,11.0,1.25,2.25,0.25,0.25,1.0,0.75,1.75,0.75,0.75,0.0,0.5,2.75
5177702,Yaniel Rivera,2000,Abilene Christian Wildcats,Guard,44.0,5,9,4,7,0,0,1,4,5,1,2,0,3,3,14,3,United Athletic,0.5555555555555556,0.5714285714285714,,0.7777777777777778,14.666666666666666,1.6666666666666667,3.0,1.3333333333333333,2.3333333333333335,0.3333333333333333,1.3333333333333333,1.6666666666666667,0.3333333333333333,0.6666666666666666,0.0,1.0,4.666666666666667
5177703,Kavion McClain,2000,Abilene Christian Wildcats,Guard,76.0,8,14,1,6,0,0,0,9,9,3,4,0,8,6,17,3,United Athletic,0.5714285714285714,0.16666666666666666,,0.6071428571428571,25.333333333333332,2.6666666666666665,4.666666666666667,0.3333333333333333,2.0,0.0,3.0,3.0,1.0,1.3333333333333333,0.0,2.6666666666666665,5.666666666666667
5177704,Nasir DeGruy,2000,Abilene Christian Wildcats,Guard,78.0,12,24,4,5,2,4,2,5,7,6,1,1,5,2,30,3,United Athletic,0.5,0.8,0.5,0.5833333333333334,26.0,4.0,8.0,1.3333333333333333,1.6666666666666667,0.6666666666666666,1.6666666666666667,2.3333333333333335,2.0,0.3333333333333333,0.3333333333333333,1.6666666666666667,10.0
5177705,Ma'Shy Hill,2000,Abilene Christian Wildcats,Forward,20.0,0,3,0,0,0,0,1,2,3,0,0,1,1,2,0,2,United Athletic,0.0,,,0.0,10.0,0.0,1.5,0.0,0.0,0.5,1.0,1.5,0.0,0.0,0.5,0.5,0.0
5177707,Corey Hadnot II,2870,Purdue Fort Wayne Mastodons,Guard,76.0,11,20,1,5,4,6,0,9,9,8,5,2,6,6,27,5,Horizon,0.55,0.2,0.6666666666666666,0.575,15.2,2.2,4.0,0.2,1.0,0.0,1.8,1.8,1.6,1.0,0.4,1.2,5.4
5177717,Malek Gomma,2547,Seattle U Redhawks,Forward,33.0,4,6,0,0,1,2,2,0,2,1,2,0,1,5,9,5,United Athletic,0.6666666666666666,,0.5,0.6666666666666666,6.6,0.8,1.2,0.0,0.0,0.4,0.0,0.4,0.2,0.4,0.0,0.2,1.8
5177728,Greg Spate,2130,Chicago State Cougars,Guard,11.0,0,0,0,0,0,0,0,2,2,0,0,0,0,2,0,2,Division I Independents,,,,,5.5,0.0,0.0,0.0,0.0,0.0,1.0,1.0,0.0,0.0,0.0,0.0,0.0
5177731,Tanner Cuff,339,Evansville Purple Aces,Guard,86.0,10,22,2,8,5,12,5,18,23,9,2,2,4,9,27,4,Missouri Valley,0.45454545454545453,0.25,0.4166666666666667,0.5,21.5,2.5,5.5,0.5,2.0,1.25,4.5,5.75,2.25,0.5,0.5,1.0,6.75
5177732,Chuck Bailey III,339,Evansville Purple Aces,Guard,82.0,13,31,0,1,3,4,4,9,13,4,3,1,8,4,29,4,Missouri Valley,0.41935483870967744,0.0,0.75,0.41935483870967744,20.5,3.25,7.75,0.0,0.25,1.0,2.25,3.25,1.0,0.75,0.25,2.0,7.25
5177734,Joshua Hughes,339,Evansville Purple Aces,Forward,73.0,5,20,2,13,3,4,1,4,5,2,4,0,7,7,15,4,Missouri Valley,0.25,0.15384615384615385,0.75,0.3,18.25,1.25,5.0,0.5,3.25,0.25,1.0,1.25,0.5,1.0,0.0,1.75,3.75
5177735,Tyler Myers,339,Evansville Purple Aces,Guard,1.0,0,0,0,0,0,0,0,0,0,0,0,0,0,0,0,1,Missouri Valley,,,,,1.0,0.0,0.0,0.0,0.0,0.0,0.0,0.0,0.0,0.0,0.0,0.0,0.0
5177736,Ben Humrichous,339,Evansville Purple Aces,Forward,66.0,6,24,5,17,4,5,4,11,15,5,1,0,4,4,21,2,Missouri Valley,0.25,0.29411764705882354,0.8,0.3541666666666667,33.0,3.0,12.0,2.5,8.5,2.0,5.5,7.5,2.5,0.5,0.0,2.0,10.5
5177738,Dakota Candler,339,Evansville Purple Aces,Forward,1.0,0,0,0,0,1,2,0,1,1,0,0,0,0,0,1,1,Missouri Valley,,,0.5,,1.0,0.0,0.0,0.0,0.0,0.0,1.0,1.0,0.0,0.0,0.0,0.0,1.0
5177739,Michael Day,339,Evansville Purple Aces,Center,1.0,0,0,0,0,0,0,0,0,0,0,0,0,0,0,0,1,Missouri Valley,,,,,1.0,0.0,0.0,0.0,0.0,0.0,0.0,0.0,0.0,0.0,0.0,0.0,0.0
5177740,Weston Aigner,339,Evansville Purple Aces,Guard,1.0,0,0,0,0,0,0,0,0,0,0,0,0,1,0,0,1,Missouri Valley,,,,,1.0,0.0,0.0,0.0,0.0,0.0,0.0,0.0,0.0,0.0,0.0,1.0,0.0
5177741,Jayson Petty,140,Kansas City Roos,Guard,23.0,4,10,1,4,4,4,1,3,4,0,0,0,0,2,13,1,Summit League,0.4,0.25,1.0,0.45,23.0,4.0,10.0,1.0,4.0,1.0,3.0,4.0,0.0,0.0,0.0,0.0,13.0
5177743,Jamar Brown,140,Kansas City Roos,Guard,31.0,3,11,1,4,0,0,2,4,6,2,0,0,4,4,7,1,Summit League,0.2727272727272727,0.25,,0.3181818181818182,31.0,3.0,11.0,1.0,4.0,2.0,4.0,6.0,2.0,0.0,0.0,4.0,7.0
5177744,Cameron Faas,140,Kansas City Roos,Guard,31.0,5,11,4,9,0,0,1,3,4,1,0,1,0,0,14,1,Summit League,0.45454545454545453,0.4444444444444444,,0.6363636363636364,31.0,5.0,11.0,4.0,9.0,1.0,3.0,4.0,1.0,0.0,1.0,0.0,14.0
5178199,Jakobi Heady,2065,Bethune-Cookman Wildcats,Guard,101.0,18,39,1,5,9,12,6,11,17,2,2,1,4,2,46,3,SWAC,0.46153846153846156,0.2,0.75,0.47435897435897434,33.666666666666664,6.0,13.0,0.3333333333333333,1.6666666666666667,2.0,3.6666666666666665,5.666666666666667,0.6666666666666666,0.6666666666666666,0.3333333333333333,1.3333333333333333,15.333333333333334
5178200,Seneca Willoughby,2065,Bethune-Cookman Wildcats,Guard,50.0,2,4,1,2,2,2,1,7,8,4,2,1,3,6,7,3,SWAC,0.5,0.5,1.0,0.625,16.666666666666668,0.6666666666666666,1.3333333333333333,0.3333333333333333,0.6666666666666666,0.3333333333333333,2.3333333333333335,2.6666666666666665,1.3333333333333333,0.6666666666666666,0.3333333333333333,1.0,2.3333333333333335
5178202,Mason Dorsey,2065,Bethune-Cookman Wildcats,Guard,8.0,1,1,0,0,0,0,0,1,1,0,0,0,0,1,2,2,SWAC,1.0,,,1.0,4.0,0.5,0.5,0.0,0.0,0.0,0.5,0.5,0.0,0.0,0.0,0.0,1.0
5178203,Reggie Ward Jr.,2065,Bethune-Cookman Wildcats,Forward,66.0,9,19,0,0,6,8,3,9,12,1,1,0,2,13,24,3,SWAC,0.47368421052631576,,0.75,0.47368421052631576,22.0,3.0,6.333333333333333,0.0,0.0,1.0,3.0,4.0,0.3333333333333333,0.3333333333333333,0.0,0.6666666666666666,8.0
5178205,Yousouf Timera,2065,Bethune-Cookman Wildcats,Center,3.0,0,0,0,0,0,0,0,1,1,0,0,0,1,1,0,1,SWAC,,,,,3.0,0.0,0.0,0.0,0.0,0.0,1.0,1.0,0.0,0.0,0.0,1.0,0.0
5178208,Chris Chiles,2856,California Baptist Lancers,Guard,58.0,3,8,3,6,0,0,2,1,3,2,4,1,0,4,9,2,United Athletic,0.375,0.5,,0.5625,29.0,1.5,4.0,1.5,3.0,1.0,0.5,1.5,1.0,2.0,0.5,0.0,4.5
5178890,Damani Claxton,2379,Maryland-Eastern Shore Hawks,Guard,9.0,0,0,0,0,0,0,0,1,1,1,0,0,3,0,0,1,MEAC,,,,,9.0,0.0,0.0,0.0,0.0,0.0,1.0,1.0,1.0,0.0,0.0,3.0,0.0
5178891,Devon Ellis,2379,Maryland-Eastern Shore Hawks,Guard,28.0,8,10,0,1,2,4,1,2,3,0,3,0,3,2,18,1,MEAC,0.8,0.0,0.5,0.8,28.0,8.0,10.0,0.0,1.0,1.0,2.0,3.0,0.0,3.0,0.0,3.0,18.0
5178892,Tyler Mack,2379,Maryland-Eastern Shore Hawks,Guard,30.0,3,7,3,7,0,0,0,2,2,4,0,0,0,1,9,1,MEAC,0.42857142857142855,0.42857142857142855,,0.6428571428571429,30.0,3.0,7.0,3.0,7.0,0.0,2.0,2.0,4.0,0.0,0.0,0.0,9.0
5178894,Israel Yaw,2379,Maryland-Eastern Shore Hawks,Guard,12.0,0,0,0,0,2,2,1,0,1,0,0,0,0,2,2,1,MEAC,,,1.0,,12.0,0.0,0.0,0.0,0.0,1.0,0.0,1.0,0.0,0.0,0.0,0.0,2.0
5179092,Wilson Dubinsky,2569,South Carolina State Bulldogs,Guard,22.0,2,6,2,6,2,2,1,3,4,1,1,0,1,2,8,1,MEAC,0.3333333333333333,0.3333333333333333,1.0,0.5,22.0,2.0,6.0,2.0,6.0,1.0,3.0,4.0,1.0,1.0,0.0,1.0,8.0
5179093,Caleb McCarty,2569,South Carolina State Bulldogs,Forward,17.0,0,3,0,0,1,2,0,0,0,2,1,0,0,1,1,1,MEAC,0.0,,0.5,0.0,17.0,0.0,3.0,0.0,0.0,0.0,0.0,0.0,2.0,1.0,0.0,0.0,1.0
5179094,James Morrow,2569,South Carolina State Bulldogs,Guard,4.0,0,0,0,0,0,0,0,0,0,0,0,0,0,1,0,1,MEAC,,,,,4.0,0.0,0.0,0.0,0.0,0.0,0.0,0.0,0.0,0.0,0.0,0.0,0.0
5179095,Mitchell Taylor,2569,South Carolina State Bulldogs,Guard,14.0,0,4,0,2,0,0,0,1,1,1,0,0,6,1,0,1,MEAC,0.0,0.0,,0.0,14.0,0.0,4.0,0.0,2.0,0.0,1.0,1.0,1.0,0.0,0.0,6.0,0.0
5179096,Michael Teal,2569,South Carolina State Bulldogs,Guard,26.0,2,6,2,4,6,8,0,1,1,2,1,0,4,4,12,1,MEAC,0.3333333333333333,0.5,0.75,0.5,26.0,2.0,6.0,2.0,4.0,0.0,1.0,1.0,2.0,1.0,0.0,4.0,12.0
5179285,Zach Bell,294,Jacksonville Dolphins,Guard,66.0,4,15,0,4,5,6,1,4,5,1,1,2,0,9,13,3,ASUN,0.26666666666666666,0.0,0.8333333333333334,0.26666666666666666,22.0,1.3333333333333333,5.0,0.0,1.3333333333333333,0.3333333333333333,1.3333333333333333,1.6666666666666667,0.3333333333333333,0.3333333333333333,0.6666666666666666,0.0,4.333333333333333
5179287,Donovan Rivers,294,Jacksonville Dolphins,Forward,30.0,2,2,0,0,2,5,2,1,3,0,0,0,1,4,6,3,ASUN,1.0,,0.4,1.0,10.0,0.6666666666666666,0.6666666666666666,0.0,0.0,0.6666666666666666,0.3333333333333333,1.0,0.0,0.0,0.0,0.3333333333333333,2.0
5179291,Josh Smith,2428,North Carolina Central Eagles,Guard,10.0,3,7,1,2,1,1,0,1,1,1,1,0,1,2,8,2,MEAC,0.42857142857142855,0.5,1.0,0.5,5.0,1.5,3.5,0.5,1.0,0.0,0.5,0.5,0.5,0.5,0.0,0.5,4.0
5179294,Po'Boigh King,2428,North Carolina Central Eagles,Guard,63.0,10,28,4,13,4,5,4,4,8,3,1,0,9,4,28,2,MEAC,0.35714285714285715,0.3076923076923077,0.8,0.42857142857142855,31.5,5.0,14.0,2.0,6.5,2.0,2.0,4.0,1.5,0.5,0.0,4.5,14.0
5179298,AJ Magbegor,47,Howard Bison,Forward,11.0,1,3,0,0,2,2,1,0,1,0,1,0,0,2,4,2,MEAC,0.3333333333333333,,1.0,0.3333333333333333,5.5,0.5,1.5,0.0,0.0,0.5,0.0,0.5,0.0,0.5,0.0,0.0,2.0
5181545,Brandon Baffone,48,Delaware Blue Hens,Guard,7.0,0,1,0,0,0,0,1,0,1,0,0,0,0,0,0,1,Coastal,0.0,,,0.0,7.0,0.0,1.0,0.0,0.0,1.0,0.0,1.0,0.0,0.0,0.0,0.0,0.0
5181761,Alex Daniels,44,American University Eagles,Guard,1.0,0,0,0,0,0,0,0,0,0,0,0,0,1,0,0,1,Patriot League,,,,,1.0,0.0,0.0,0.0,0.0,0.0,0.0,0.0,0.0,0.0,0.0,1.0,0.0
5182077,Wesley Celichowski,2005,Air Force Falcons,Center,10.0,0,1,0,1,0,0,0,0,0,1,0,0,0,2,0,1,Mountain West,0.0,0.0,,0.0,10.0,0.0,1.0,0.0,1.0,0.0,0.0,0.0,1.0,0.0,0.0,0.0,0.0
5182081,Luke Kearney,2005,Air Force Falcons,Forward,10.0,1,3,1,3,0,0,0,1,1,0,0,0,0,0,3,1,Mountain West,0.3333333333333333,0.3333333333333333,,0.5,10.0,1.0,3.0,1.0,3.0,0.0,1.0,1.0,0.0,0.0,0.0,0.0,3.0
5182083,Brady Ruggles,2005,Air Force Falcons,Guard,1.0,0,0,0,0,0,0,0,0,0,1,0,0,0,0,0,1,Mountain West,,,,,1.0,0.0,0.0,0.0,0.0,0.0,0.0,0.0,1.0,0.0,0.0,0.0,0.0
5182338,Omar Croskey,2569,South Carolina State Bulldogs,Guard,29.0,4,10,3,6,2,2,0,5,5,1,5,0,2,3,13,1,MEAC,0.4,0.5,1.0,0.55,29.0,4.0,10.0,3.0,6.0,0.0,5.0,5.0,1.0,5.0,0.0,2.0,13.0
5183014,John Hardy,2261,Hampton Pirates,Guard,3.0,0,0,0,0,0,0,0,0,0,0,0,0,0,0,0,1,Coastal,,,,,3.0,0.0,0.0,0.0,0.0,0.0,0.0,0.0,0.0,0.0,0.0,0.0,0.0
5183058,Gionn Swann,2550,Seton Hall Pirates,Guard,1.0,0,0,0,0,0,0,0,0,0,0,0,0,0,0,0,1,Big East,,,,,1.0,0.0,0.0,0.0,0.0,0.0,0.0,0.0,0.0,0.0,0.0,0.0,0.0
5184505,Mario Davis,2640,Texas Southern Tigers,Guard,4.0,0,1,0,1,0,0,0,0,0,0,0,0,1,0,0,2,SWAC,0.0,0.0,,0.0,2.0,0.0,0.5,0.0,0.5,0.0,0.0,0.0,0.0,0.0,0.0,0.5,0.0
5185673,Zaire Hayes,2640,Texas Southern Tigers,Guard,31.0,5,14,0,5,3,3,0,1,1,1,0,0,1,3,13,4,SWAC,0.35714285714285715,0.0,1.0,0.35714285714285715,7.75,1.25,3.5,0.0,1.25,0.0,0.25,0.25,0.25,0.0,0.0,0.25,3.25
5192845,Yulian Ramirez-Montero,140,Kansas City Roos,Forward,4.0,0,1,0,1,0,0,0,0,0,0,1,0,0,0,0,1,Summit League,0.0,0.0,,0.0,4.0,0.0,1.0,0.0,1.0,0.0,0.0,0.0,0.0,1.0,0.0,0.0,0.0
5196348,Bencao Vungo,151,East Carolina Pirates,Forward,5.0,0,4,0,2,0,0,2,1,3,0,0,0,0,0,0,1,American,0.0,0.0,,0.0,5.0,0.0,4.0,0.0,2.0,2.0,1.0,3.0,0.0,0.0,0.0,0.0,0.0
5198359,Peter Sposito,2352,Loyola Maryland Greyhounds,Guard,2.0,0,0,0,0,0,0,0,0,0,0,0,0,0,0,0,1,Patriot League,,,,,2.0,0.0,0.0,0.0,0.0,0.0,0.0,0.0,0.0,0.0,0.0,0.0,0.0
